# Blender 5.2.0 LTS
# www.blender.org
mtllib BAGNEEEEEEEEEEEEEEET.mtl
o THE_NET
v 1.751990 -0.007828 0.196393
v 1.527508 0.059394 0.303403
v 1.524424 0.074856 0.293556
v 1.278087 -0.063170 0.199577
v 1.282632 -0.080614 0.205906
v 1.277951 -0.063170 -0.081337
v 1.287367 -0.057204 0.203821
v 1.515355 0.075584 0.297584
v 1.519415 0.062243 0.309513
v 1.287453 0.155771 0.393481
v 1.278685 0.159752 0.398015
v 1.285702 0.142694 0.405891
v 1.285717 -0.071134 0.215500
v 1.281241 0.152216 0.413603
v 2.111572 0.539573 0.263416
v 1.861979 0.741242 0.211394
v 1.856855 0.728723 0.198960
v 1.279262 0.697184 0.199408
v 1.277870 0.714796 0.206021
v 1.550426 0.619277 0.306431
v 1.279268 0.481714 0.413688
v 1.282511 0.492395 0.405892
v 1.550444 0.605765 0.294359
v 1.288176 0.479658 0.393733
v 1.277727 0.714796 -0.087780
v 1.279126 0.697184 -0.081197
v 1.287851 0.479658 -0.275503
v 1.278862 0.474609 -0.279607
v 1.550216 0.605765 -0.176382
v 1.282174 0.492395 -0.287656
v 1.550186 0.619277 -0.188454
v 1.278924 0.481714 -0.295478
v 1.278356 0.159752 -0.279775
v 1.280897 0.152216 -0.295366
v 2.111374 0.539573 -0.145983
v 1.856719 0.728723 -0.081280
v 1.861830 0.741242 -0.093720
v 3.677554 -0.398176 0.081326
v 3.680411 -0.404355 0.069562
v 3.675235 -0.401341 0.084000
v 3.679264 -0.399433 0.071449
v 3.664682 -0.332201 0.095543
v 3.689476 -0.392014 0.071557
v 3.707411 -0.397391 0.082466
v 3.693798 -0.391748 0.068712
v 3.659080 -0.305605 0.105310
v 3.685010 -0.395595 0.102258
v 3.670142 -0.391820 0.088928
v 3.611758 -0.264866 0.152354
v 3.607226 -0.256608 0.156971
v 3.654763 -0.307890 0.107001
v 3.655079 -0.298796 0.106775
v 3.609324 -0.254581 0.154268
v 3.539856 -0.107485 0.147914
v 3.531852 -0.094565 0.150817
v 3.673351 -0.217889 0.098493
v 3.213553 0.161888 -0.092096
v 3.223861 0.165868 -0.106677
v 3.397557 -0.007966 -0.124011
v 3.388860 -0.012128 -0.108418
v 3.211356 0.158314 -0.093474
v 3.397785 -0.017689 -0.106734
v 3.224499 0.153619 -0.089878
v 3.472611 0.072547 -0.009633
v 3.401265 -0.022161 -0.122859
v 3.393948 -0.020858 -0.106591
v 3.446105 -0.170943 -0.094911
v 3.438737 -0.168092 -0.078811
v 3.446671 -0.180887 -0.091843
v 3.442720 -0.175436 -0.075717
v 3.503509 -0.307659 -0.044822
v 3.501444 -0.314990 -0.060522
v 3.508114 -0.314558 -0.039929
v 3.534191 -0.380210 -0.003556
v 3.539200 -0.365986 0.007359
v 3.501820 -0.327711 -0.051574
v 3.648897 -0.414934 0.031899
v 3.639333 -0.408332 0.027176
v 3.661280 -0.419947 0.054799
v 3.674553 -0.418516 0.057944
v 3.657509 -0.437575 0.045570
v 3.667634 -0.438269 0.052460
v 3.649232 -0.433715 0.037584
v 3.644380 -0.415388 0.034463
v 3.646463 -0.416360 0.044536
v 3.640099 -0.432609 0.027627
v 3.666713 -0.417151 0.050350
v 3.676930 -0.433346 0.044549
v 3.661623 -0.414295 0.043402
v 3.674469 -0.428684 0.036305
v 3.666274 -0.411691 0.041627
v 3.674395 -0.413182 0.050347
v 3.662819 -0.407913 0.038928
v 3.652549 -0.411165 0.031757
v 3.673901 -0.420696 0.028708
v 3.620393 -0.357213 0.004055
v 3.669435 -0.402399 0.031749
v 3.627372 -0.365244 -0.010693
v 3.675110 -0.414285 0.018971
v 3.675209 -0.401341 0.031914
v 3.674599 -0.405350 0.038275
v 3.640517 -0.419348 0.013247
v 3.671291 -0.409087 0.043088
v 3.694660 -0.418045 0.039587
v 3.675627 -0.407021 0.044831
v 3.680399 -0.404355 0.046319
v 3.679804 -0.410388 0.054818
v 3.682603 -0.403274 0.050286
v 3.686316 -0.401275 0.057938
v 3.679807 -0.410388 0.061093
v 3.682611 -0.403274 0.065594
v 3.688723 -0.398048 0.066125
v 3.684356 -0.402450 0.061935
v 3.684352 -0.402450 0.053972
v 3.688713 -0.398048 0.049777
v 3.693788 -0.391748 0.047158
v 3.686087 -0.395907 0.057939
v 3.677531 -0.398176 0.034587
v 3.679250 -0.399433 0.044463
v 3.689463 -0.392014 0.044345
v 3.664645 -0.332201 0.020383
v 3.707387 -0.397391 0.033391
v 3.659034 -0.305605 0.010621
v 3.684967 -0.395595 0.013619
v 3.670112 -0.391820 0.026965
v 3.654715 -0.307890 0.008907
v 3.611666 -0.264866 -0.036376
v 3.607130 -0.256608 -0.040989
v 3.609230 -0.254581 -0.038289
v 3.655032 -0.298796 0.009160
v 3.539768 -0.107485 -0.031868
v 3.673311 -0.217889 0.017396
v 3.531762 -0.094565 -0.034762
v 3.674468 -0.228115 0.019421
v 3.660929 -0.304841 0.014363
v 3.692147 -0.380105 0.045076
v 3.679959 -0.293765 0.054227
v 3.681653 -0.292748 0.057941
v 3.682686 -0.322075 0.057940
v 3.692796 -0.390267 0.051041
v 3.692803 -0.390267 0.064858
v 3.692159 -0.380105 0.070823
v 3.660971 -0.304841 0.101538
v 3.674505 -0.228115 0.096495
v 3.679963 -0.293765 0.061684
v 3.678122 -0.285593 0.057942
v 3.672343 -0.217514 0.094921
v 3.573148 -0.077484 0.057993
v 3.565903 -0.063172 0.057997
v 3.672307 -0.217514 0.020998
v 3.666459 -0.208217 0.016499
v 3.564498 -0.064220 0.054536
v 3.479237 0.063159 -0.008286
v 3.533237 -0.093739 -0.031245
v 3.524319 -0.088085 -0.035940
v 3.469702 0.070170 -0.012051
v 3.485355 0.077764 -0.023568
v 3.399242 -0.015570 -0.104173
v 3.542212 -0.081777 -0.046530
v 3.405912 -0.024895 -0.103952
v 3.544765 -0.092945 -0.048725
v 3.611854 -0.246080 -0.058072
v 3.599723 -0.248485 -0.043265
v 3.528163 -0.096975 -0.036393
v 3.608341 -0.263927 -0.056664
v 3.606057 -0.338506 -0.027313
v 3.602167 -0.258454 -0.040846
v 3.598084 -0.331677 -0.012311
v 3.599075 -0.339630 -0.008653
v 3.605501 -0.348515 -0.023120
v 3.606140 -0.338506 0.143296
v 3.640560 -0.419348 0.102702
v 3.605579 -0.348515 0.139103
v 3.599140 -0.339630 0.124643
v 3.639362 -0.408332 0.088745
v 3.648922 -0.414934 0.084042
v 3.644403 -0.415388 0.081483
v 3.640128 -0.432609 0.088323
v 3.649251 -0.433715 0.078357
v 3.646477 -0.416360 0.071408
v 3.657521 -0.437575 0.070361
v 3.661283 -0.419947 0.061130
v 3.667639 -0.438269 0.063435
v 3.676942 -0.433346 0.071365
v 3.666720 -0.417151 0.065574
v 3.661637 -0.414295 0.072527
v 3.674490 -0.428684 0.079611
v 3.666291 -0.411691 0.074296
v 3.662838 -0.407913 0.077000
v 3.652574 -0.411165 0.084152
v 3.620446 -0.357213 0.111913
v 3.673929 -0.420696 0.087209
v 3.627438 -0.365244 0.126627
v 3.669460 -0.402399 0.084173
v 3.675148 -0.414285 0.096945
v 3.674618 -0.405350 0.077642
v 3.671305 -0.409087 0.072831
v 3.674402 -0.413182 0.065542
v 3.694678 -0.418045 0.076309
v 3.675640 -0.407021 0.071085
v 3.666499 -0.208217 0.099425
v 3.533324 -0.093739 0.147298
v 3.479301 0.063159 0.124391
v 3.472677 0.072547 0.125716
v 3.564501 -0.064220 0.061486
v 3.471959 0.072419 0.122228
v 3.558516 -0.056282 0.058000
v 3.268060 0.212885 0.058141
v 3.257945 0.222168 0.058146
v 3.471897 0.072419 -0.006115
v 3.257086 0.220554 0.054544
v 3.080390 0.346771 -0.047121
v 3.214801 0.163313 -0.088355
v 3.204262 0.165523 -0.092430
v 3.070235 0.349361 -0.050437
v 3.078639 0.360497 -0.063104
v 3.217187 0.175508 -0.104057
v 2.532931 0.002803 0.226404
v 2.320418 0.150566 0.267169
v 2.319315 0.141251 0.282055
v 2.007727 0.083942 0.269318
v 1.789860 0.193456 0.399990
v 1.786618 0.205981 0.387273
v 2.002856 0.097283 0.257559
v 1.779397 0.208958 0.390850
v 1.523834 0.080567 0.298733
v 1.526393 0.069336 0.312436
v 2.060052 0.314916 0.352135
v 1.279191 0.474609 0.397846
v 1.831229 0.510870 0.407202
v 1.827068 0.510699 0.390377
v 2.052346 0.315052 0.335874
v 2.638260 0.168684 0.291074
v 2.634409 0.167220 0.307875
v 2.816071 -0.005421 0.313836
v 2.808234 -0.010623 0.329402
v 2.823731 -0.011144 0.311610
v 2.818141 -0.023980 0.323684
v 2.985941 -0.131153 0.211300
v 2.983658 -0.144862 0.223119
v 1.282490 -0.080614 -0.087670
v 1.751857 -0.007828 -0.078640
v 1.527271 0.059394 -0.185432
v 1.524197 0.074856 -0.175582
v 1.287226 -0.057204 -0.085591
v 1.285566 -0.071134 -0.097268
v 1.519172 0.062243 -0.191507
v 1.285365 0.142694 -0.287657
v 1.515124 0.075584 -0.179602
v 1.287129 0.155771 -0.275277
v 1.523601 0.080567 -0.180732
v 1.779076 0.208958 -0.273095
v 1.526147 0.069336 -0.194436
v 1.789529 0.193456 -0.282246
v 2.007523 0.083942 -0.151785
v 1.786300 0.205981 -0.269525
v 2.002664 0.097283 -0.140021
v 2.059768 0.314916 -0.234654
v 2.052077 0.315052 -0.218413
v 1.826746 0.510699 -0.272669
v 1.830891 0.510870 -0.289526
v 2.638034 0.168684 -0.174152
v 2.634167 0.167220 -0.190978
v 2.815823 -0.005421 -0.197116
v 2.807972 -0.010623 -0.212645
v 2.319098 0.141251 -0.164825
v 2.532768 0.002803 -0.109410
v 2.320216 0.150566 -0.149939
v 2.014870 0.080525 -0.145232
v 2.256556 0.019733 -0.029810
v 2.011217 0.095982 -0.135467
v 2.959489 0.205530 0.313824
v 2.958705 0.213736 0.329244
v 2.734663 0.349058 0.237253
v 2.731798 0.337398 0.223860
v 3.095948 0.018293 -0.156365
v 2.958443 0.213736 -0.212633
v 2.959241 0.205530 -0.197214
v 2.734490 0.349058 -0.120426
v 2.731637 0.337398 -0.107030
v 3.257090 0.220554 0.061748
v 3.080492 0.346771 0.163614
v 3.214943 0.163313 0.204716
v 3.213699 0.161888 0.208459
v 3.224643 0.153619 0.206231
v 3.397945 -0.017689 0.222918
v 3.469770 0.070170 0.128166
v 3.399399 -0.015570 0.220356
v 3.524410 -0.088085 0.152002
v 3.485434 0.077764 0.139668
v 3.542313 -0.081777 0.162545
v 3.544868 -0.092945 0.164739
v 3.406070 -0.024895 0.220129
v 3.599821 -0.248485 0.159253
v 3.611966 -0.246080 0.174021
v 3.528255 -0.096975 0.152450
v 3.608452 -0.263927 0.172615
v 3.602262 -0.258454 0.156832
v 3.598152 -0.331677 0.128301
v 3.278843 -0.143862 -0.111206
v 3.278559 -0.152262 -0.126542
v 3.107277 0.006836 -0.170638
v 3.103299 0.011655 -0.154343
v 3.101312 0.016510 -0.172971
v 2.967084 0.198894 -0.197780
v 2.968453 0.197949 -0.214805
v 3.434229 -0.350996 0.101114
v 3.345788 -0.271521 0.163457
v 3.354511 -0.257444 0.153492
v 3.347780 -0.253361 0.158306
v 3.343060 -0.266507 0.170296
v 3.283810 -0.161117 0.236142
v 3.286149 -0.149618 0.222578
v 3.279007 -0.143862 0.227506
v 3.278738 -0.152262 0.242842
v 3.107499 0.006836 0.287104
v 3.103505 0.011655 0.270814
v 3.101536 0.016510 0.289443
v 3.096156 0.018293 0.272843
v 2.967332 0.198894 0.314382
v 2.968718 0.197949 0.331406
v 3.078756 0.360497 0.179598
v 3.070341 0.349361 0.166911
v 3.217344 0.175508 0.220417
v 3.204408 0.165523 0.208801
v 3.389022 -0.012128 0.224611
v 3.397733 -0.007966 0.240167
v 3.224021 0.165868 0.223003
v 3.211503 0.158314 0.209811
v 3.401441 -0.022161 0.239040
v 3.394108 -0.020858 0.222779
v 3.446253 -0.170943 0.211048
v 3.438870 -0.168092 0.194928
v 3.442850 -0.175436 0.191830
v 3.501559 -0.314990 0.176606
v 3.446816 -0.180887 0.207980
v 3.503608 -0.307659 0.160875
v 3.508209 -0.314558 0.156005
v 3.534251 -0.380210 0.119609
v 3.501926 -0.327711 0.167658
v 3.539249 -0.365986 0.108688
v 3.434187 -0.350996 0.015036
v 3.345686 -0.271521 -0.047250
v 3.354418 -0.257444 -0.037265
v 3.342951 -0.266507 -0.054059
v 3.347683 -0.253361 -0.042073
v 3.283637 -0.161117 -0.119847
v 3.285990 -0.149618 -0.106285
v 2.256642 0.019733 0.147102
v 2.015068 0.080525 0.262758
v 2.011405 0.095982 0.252996
v 2.823486 -0.011144 -0.194897
v 2.817883 -0.023980 -0.206938
v 2.985793 -0.131153 -0.094715
v 2.983498 -0.144862 -0.106533
v 1.516767 -0.033109 0.062649
v 1.751990 -0.007828 0.196393
v 1.285534 -0.062389 0.199405
v 1.524424 0.074856 0.293556
v 1.517131 -0.034939 0.058990
v 1.524459 0.076402 0.297299
v 1.759458 -0.007078 0.196080
v 1.278087 -0.063170 0.199577
v 1.277951 -0.063170 -0.081337
v 1.285398 -0.062389 -0.081172
v 1.287367 -0.057204 0.203821
v 1.515355 0.075584 0.297584
v 1.287453 0.155771 0.393481
v 1.278685 0.159752 0.398015
v 2.460074 0.488866 0.152067
v 2.726664 0.357779 0.234922
v 2.737900 0.354372 0.234297
v 2.121881 0.537333 0.262932
v 2.450537 0.493192 0.152860
v 2.471713 0.486690 0.152540
v 2.123233 0.540146 0.257697
v 1.879845 0.743002 0.201283
v 2.439700 0.477343 0.146732
v 2.112075 0.526980 0.247882
v 2.143459 0.626712 0.064315
v 2.143433 0.628671 0.058687
v 1.862565 0.749924 0.202417
v 2.101239 0.527293 0.252333
v 1.828129 0.518027 0.388013
v 2.111572 0.539573 0.263416
v 1.833317 0.532186 0.398956
v 1.832232 0.523658 0.406020
v 1.569607 0.618958 0.305409
v 1.559443 0.619873 0.306370
v 1.861979 0.741242 0.211394
v 1.845439 0.749335 0.202566
v 1.558796 0.623217 0.300799
v 1.288419 0.715334 0.205932
v 1.565962 0.731465 0.065044
v 1.566263 0.733453 0.058967
v 1.277870 0.714796 0.206021
v 1.550426 0.619277 0.306431
v 1.282511 0.492395 0.405892
v 1.282201 0.706822 0.214686
v 1.277727 0.714796 -0.087780
v 1.281576 0.716166 -0.076189
v 1.281707 0.716166 0.194426
v 1.557018 0.732890 0.058971
v 1.288277 0.715334 -0.087702
v 1.565956 0.731465 0.052889
v 1.845300 0.749335 -0.084876
v 1.862425 0.749924 -0.084744
v 1.576761 0.731907 0.058961
v 1.862901 0.750431 0.191049
v 2.132660 0.630974 0.058692
v 1.862773 0.750431 -0.073375
v 1.558562 0.623217 -0.182831
v 1.559203 0.619873 -0.188403
v 1.282050 0.706822 -0.096449
v 1.282174 0.492395 -0.287656
v 1.550186 0.619277 -0.188454
v 1.278356 0.159752 -0.279775
v 1.287783 0.167202 -0.279611
v 1.286501 0.474916 -0.279666
v 1.532472 0.342504 -0.276156
v 1.534294 0.342479 -0.293181
v 1.283739 0.166557 -0.296436
v 1.289283 0.482315 -0.295285
v 1.541838 0.349952 -0.291215
v 1.816482 0.522790 -0.288534
v 1.541138 0.347110 -0.274331
v 1.831896 0.523658 -0.288316
v 1.819278 0.515445 -0.272918
v 1.569368 0.618958 -0.187479
v 1.832987 0.532186 -0.281254
v 2.111374 0.539573 -0.145983
v 2.121683 0.537333 -0.145510
v 1.827810 0.518027 -0.270306
v 2.101052 0.527293 -0.134919
v 1.861830 0.741242 -0.093720
v 2.111892 0.526980 -0.130450
v 2.439614 0.477343 -0.029618
v 2.123040 0.540146 -0.140276
v 1.879707 0.743002 -0.083626
v 2.450445 0.493192 -0.035785
v 2.143453 0.626712 0.053087
v 3.700377 -0.420964 0.063672
v 3.677554 -0.398176 0.081326
v 3.680411 -0.404355 0.069562
v 3.675235 -0.401341 0.084000
v 3.679264 -0.399433 0.071449
v 3.699332 -0.407264 0.078952
v 3.699687 -0.401360 0.088856
v 3.685010 -0.395595 0.102258
v 3.670142 -0.391820 0.088928
v 3.608141 -0.335217 0.124188
v 3.655079 -0.298796 0.106775
v 3.675144 -0.298578 0.117036
v 3.629142 -0.251331 0.164332
v 3.609324 -0.254581 0.154268
v 3.227143 0.171213 -0.103836
v 2.975757 0.209338 -0.213823
v 3.397557 -0.007966 -0.124011
v 3.115172 0.018195 -0.170642
v 3.108098 0.018583 -0.154261
v 3.388860 -0.012128 -0.108418
v 3.288931 -0.147716 -0.108904
v 3.491835 0.083278 -0.015073
v 3.296787 -0.147723 -0.125115
v 3.291336 -0.144551 -0.108708
v 3.446105 -0.170943 -0.094911
v 3.438737 -0.168092 -0.078811
v 3.355988 -0.256524 -0.040614
v 3.354975 -0.264955 -0.055218
v 3.503509 -0.307659 -0.044822
v 3.360009 -0.254079 -0.041601
v 3.501444 -0.314990 -0.060522
v 3.511592 -0.313412 -0.042546
v 3.367384 -0.263118 -0.037862
v 3.442523 -0.355043 0.015932
v 3.508114 -0.314558 -0.039929
v 3.539200 -0.365986 0.007359
v 3.546519 -0.370164 0.009157
v 3.453572 -0.359020 0.017615
v 3.522324 -0.384192 0.058018
v 3.524323 -0.383270 0.054527
v 3.617938 -0.419921 0.045308
v 3.630262 -0.424587 0.047159
v 3.544654 -0.371148 0.012703
v 3.574897 -0.383084 0.019245
v 3.632418 -0.421613 0.044345
v 3.648897 -0.414934 0.031899
v 3.652333 -0.418931 0.046503
v 3.639333 -0.408332 0.027176
v 3.640773 -0.422787 0.049856
v 3.646607 -0.421916 0.057958
v 3.648534 -0.420995 0.053905
v 3.661280 -0.419947 0.054799
v 3.674553 -0.418516 0.057944
v 3.650433 -0.420074 0.050499
v 3.644380 -0.415388 0.034463
v 3.646463 -0.416360 0.044536
v 3.654746 -0.415578 0.038340
v 3.657135 -0.416455 0.044614
v 3.666713 -0.417151 0.050350
v 3.661623 -0.414295 0.043402
v 3.666274 -0.411691 0.041627
v 3.674395 -0.413182 0.050347
v 3.662819 -0.407913 0.038928
v 3.652549 -0.411165 0.031757
v 3.673901 -0.420696 0.028708
v 3.664655 -0.419746 0.018919
v 3.669435 -0.402399 0.031749
v 3.675209 -0.401341 0.031914
v 3.674599 -0.405350 0.038275
v 3.640517 -0.419348 0.013247
v 3.671291 -0.409087 0.043088
v 3.675627 -0.407021 0.044831
v 3.680399 -0.404355 0.046319
v 3.679804 -0.410388 0.054818
v 3.679807 -0.410388 0.061093
v 3.701677 -0.414235 0.070819
v 3.700372 -0.420964 0.052219
v 3.701665 -0.414235 0.045071
v 3.686087 -0.395907 0.057939
v 3.710068 -0.401581 0.057927
v 3.699312 -0.407264 0.036940
v 3.699657 -0.401360 0.027007
v 3.677531 -0.398176 0.034587
v 3.679250 -0.399433 0.044463
v 3.684967 -0.395595 0.013619
v 3.670112 -0.391820 0.026965
v 3.608077 -0.335217 -0.008207
v 3.675087 -0.298578 -0.001120
v 3.629039 -0.251331 -0.048401
v 3.609230 -0.254581 -0.038289
v 3.655032 -0.298796 0.009160
v 3.692796 -0.390267 0.051041
v 3.692803 -0.390267 0.064858
v 3.524319 -0.088085 -0.035940
v 3.399242 -0.015570 -0.104173
v 3.542212 -0.081777 -0.046530
v 3.415709 -0.007248 -0.114734
v 3.611854 -0.246080 -0.058072
v 3.458624 -0.172073 -0.091146
v 3.450193 -0.170837 -0.075103
v 3.599723 -0.248485 -0.043265
v 3.606057 -0.338506 -0.027313
v 3.522023 -0.315714 -0.058057
v 3.515263 -0.310653 -0.042267
v 3.598084 -0.331677 -0.012311
v 3.520202 -0.319099 -0.038274
v 3.551119 -0.368002 0.007916
v 3.606140 -0.338506 0.143296
v 3.511689 -0.313412 0.158621
v 3.520296 -0.319099 0.154340
v 3.546565 -0.370164 0.106884
v 3.640560 -0.419348 0.102702
v 3.551167 -0.368002 0.108120
v 3.639362 -0.408332 0.088745
v 3.648922 -0.414934 0.084042
v 3.574934 -0.383084 0.096768
v 3.630273 -0.424587 0.068799
v 3.632432 -0.421613 0.071612
v 3.644403 -0.415388 0.081483
v 3.646477 -0.416360 0.071408
v 3.652345 -0.418931 0.069435
v 3.629025 -0.423391 0.064973
v 3.639713 -0.419854 0.057961
v 3.629018 -0.423391 0.050988
v 3.555616 -0.394098 0.058002
v 3.640781 -0.422787 0.066093
v 3.648538 -0.420995 0.062037
v 3.650440 -0.420074 0.065441
v 3.661283 -0.419947 0.061130
v 3.666720 -0.417151 0.065574
v 3.657149 -0.416455 0.071319
v 3.654765 -0.415578 0.077594
v 3.661637 -0.414295 0.072527
v 3.666291 -0.411691 0.074296
v 3.662838 -0.407913 0.077000
v 3.652574 -0.411165 0.084152
v 3.673929 -0.420696 0.087209
v 3.664693 -0.419746 0.096978
v 3.669460 -0.402399 0.084173
v 3.674618 -0.405350 0.077642
v 3.671305 -0.409087 0.072831
v 3.674402 -0.413182 0.065542
v 3.675640 -0.407021 0.071085
v 3.491906 0.083278 0.131166
v 3.491621 0.084255 0.120868
v 3.285485 0.226672 0.058133
v 3.274887 0.236332 0.058138
v 3.491560 0.084255 -0.004774
v 3.464004 0.078677 -0.010136
v 3.479240 0.092015 -0.016671
v 3.274054 0.234497 0.052455
v 3.097805 0.358663 -0.053405
v 3.083854 0.368028 -0.054383
v 3.229423 0.173840 -0.098605
v 3.214801 0.163313 -0.088355
v 3.204262 0.165523 -0.092430
v 2.748719 0.350491 -0.117224
v 3.078639 0.360497 -0.063104
v 3.217187 0.175508 -0.104057
v 2.980186 0.217782 -0.206566
v 2.971029 0.205125 -0.195363
v 2.544946 0.000378 0.225668
v 2.268040 0.020177 0.146195
v 2.532931 0.002803 0.226404
v 2.527174 -0.010063 0.238423
v 2.269267 0.023023 0.148784
v 2.024965 0.095739 0.256113
v 2.011978 0.097467 0.256541
v 2.320418 0.150566 0.267169
v 2.321662 0.153097 0.269701
v 2.314050 0.146633 0.287545
v 2.017814 0.089814 0.271030
v 1.804204 0.200856 0.403276
v 2.310202 0.154071 0.272042
v 2.013627 0.101420 0.257778
v 1.796300 0.208915 0.388759
v 1.787078 0.209044 0.390565
v 1.533940 0.076999 0.296730
v 1.786618 0.205981 0.387273
v 2.002856 0.097283 0.257559
v 1.779397 0.208958 0.390850
v 1.523834 0.080567 0.298733
v 1.286208 0.160156 0.397815
v 1.526393 0.069336 0.312436
v 1.777987 0.201597 0.406581
v 1.291335 0.153004 0.413232
v 1.552303 0.343101 0.410067
v 1.791691 0.213037 0.407081
v 2.060052 0.314916 0.352135
v 1.787671 0.213025 0.390228
v 1.534636 0.342479 0.411145
v 1.284084 0.166557 0.414671
v 1.288112 0.167202 0.397842
v 1.532797 0.342504 0.394150
v 1.286830 0.474916 0.397898
v 1.819600 0.515445 0.390634
v 1.289627 0.482315 0.413514
v 1.541462 0.347110 0.392317
v 1.542178 0.349952 0.409199
v 1.816818 0.522790 0.406253
v 1.551886 0.342816 0.393015
v 2.052346 0.315052 0.335874
v 1.836981 0.513350 0.388487
v 1.848110 0.518656 0.403029
v 2.063612 0.317895 0.332914
v 2.386060 0.343696 0.271696
v 2.071478 0.319561 0.349062
v 2.394135 0.350130 0.286803
v 2.402702 0.347220 0.284857
v 2.075636 0.311681 0.333612
v 2.323278 0.156922 0.269616
v 2.627833 0.175724 0.293359
v 2.323402 0.151459 0.285992
v 2.080108 0.310242 0.350353
v 2.627813 0.175628 0.310439
v 2.546621 0.004203 0.227045
v 2.538707 -0.005670 0.240641
v 2.816071 -0.005421 0.313836
v 2.808234 -0.010623 0.329402
v 2.825448 -0.008740 0.314705
v 2.554969 -0.002684 0.225437
v 2.723608 -0.158034 0.164462
v 2.823731 -0.011144 0.311610
v 2.725323 -0.155093 0.166797
v 2.719625 -0.167895 0.178900
v 2.985941 -0.131153 0.211300
v 2.983658 -0.144862 0.223119
v 2.995461 -0.133966 0.210873
v 2.733729 -0.159643 0.163810
v 2.949162 -0.196364 0.058296
v 2.950406 -0.194907 0.061700
v 2.994764 -0.135293 0.207469
v 3.198089 -0.239391 0.129227
v 1.286758 -0.062069 -0.075010
v 1.286888 -0.062069 0.193242
v 1.508169 -0.036009 0.058995
v 1.516763 -0.033109 0.055360
v 1.751857 -0.007828 -0.078640
v 1.524197 0.074856 -0.175582
v 1.524228 0.076402 -0.179325
v 1.759325 -0.007078 -0.078306
v 1.526479 -0.034122 0.058986
v 1.287226 -0.057204 -0.085591
v 1.515124 0.075584 -0.179602
v 1.287129 0.155771 -0.275277
v 1.290991 0.153004 -0.295033
v 1.285879 0.160156 -0.279582
v 1.523601 0.080567 -0.180732
v 1.779076 0.208958 -0.273095
v 1.526147 0.069336 -0.194436
v 1.777649 0.201597 -0.288854
v 1.786757 0.209044 -0.272818
v 1.533709 0.076999 -0.178767
v 1.786300 0.205981 -0.269525
v 2.002664 0.097283 -0.140021
v 2.011786 0.097467 -0.139013
v 1.795980 0.208915 -0.271022
v 2.013434 0.101420 -0.140251
v 2.309995 0.154071 -0.154802
v 2.017608 0.089814 -0.153507
v 1.803870 0.200856 -0.285545
v 2.313828 0.146633 -0.170309
v 2.321457 0.153097 -0.152501
v 2.059768 0.314916 -0.234654
v 1.791354 0.213037 -0.289338
v 1.551962 0.343101 -0.292092
v 1.787349 0.213025 -0.272509
v 2.052077 0.315052 -0.218413
v 1.551562 0.342816 -0.275040
v 1.847777 0.518656 -0.285342
v 1.836661 0.513350 -0.270789
v 2.063346 0.317895 -0.215464
v 2.385853 0.343696 -0.154558
v 2.071197 0.319561 -0.231591
v 2.393913 0.350130 -0.169672
v 2.402483 0.347220 -0.167707
v 2.075369 0.311681 -0.216145
v 2.323073 0.156922 -0.152417
v 2.323181 0.151459 -0.168767
v 2.627605 0.175724 -0.176455
v 2.079825 0.310242 -0.232890
v 2.627568 0.175628 -0.193507
v 2.815823 -0.005421 -0.197116
v 2.807972 -0.010623 -0.212645
v 2.546457 0.004203 -0.110035
v 2.544784 0.000378 -0.108684
v 2.538530 -0.005670 -0.123651
v 2.825200 -0.008740 -0.197965
v 2.527000 -0.010063 -0.121394
v 2.532768 0.002803 -0.109410
v 2.320216 0.150566 -0.149939
v 2.024774 0.095739 -0.138625
v 2.269179 0.023023 -0.031505
v 2.267955 0.020177 -0.028915
v 2.256556 0.019733 -0.029810
v 2.011217 0.095982 -0.135467
v 1.768293 -0.006451 -0.077776
v 1.991670 0.007555 0.055271
v 1.990994 0.005785 0.058761
v 1.982027 0.005033 0.058765
v 1.759239 -0.006762 -0.074310
v 1.759369 -0.006762 0.192056
v 2.959489 0.205530 0.313824
v 2.976021 0.209338 0.330417
v 2.958705 0.213736 0.329244
v 2.641778 0.175986 0.290988
v 2.410431 0.337426 0.270192
v 2.640567 0.179393 0.307759
v 2.412806 0.344695 0.285893
v 2.720887 0.345005 0.222825
v 2.398425 0.342850 0.266850
v 2.125327 0.521748 0.250577
v 2.404433 0.351929 0.281310
v 2.134366 0.533455 0.262588
v 2.458304 0.484850 0.156937
v 3.095948 0.018293 -0.156365
v 2.958443 0.213736 -0.212633
v 2.640325 0.179393 -0.190841
v 2.412585 0.344695 -0.168781
v 2.959241 0.205530 -0.197214
v 2.641552 0.175986 -0.174070
v 2.410226 0.337426 -0.153050
v 2.737730 0.354372 -0.117500
v 2.720728 0.345005 -0.105983
v 2.398223 0.342850 -0.149696
v 2.125141 0.521748 -0.133158
v 2.404217 0.351929 -0.164162
v 2.134168 0.533455 -0.145179
v 2.726493 0.357779 -0.118086
v 2.458208 0.484850 -0.039869
v 2.459983 0.488866 -0.034974
v 2.471622 0.486690 -0.035458
v 2.778741 0.428467 0.058379
v 2.738779 0.357436 -0.112267
v 3.065116 0.372044 -0.053896
v 2.777439 0.426885 0.052723
v 2.789963 0.424334 0.058373
v 3.083715 0.368880 0.159560
v 3.264712 0.240690 0.058143
v 3.083616 0.368880 -0.043071
v 3.083963 0.368028 0.170872
v 3.097913 0.358663 0.169852
v 3.227300 0.171213 0.220159
v 3.274059 0.234497 0.063822
v 3.479312 0.092015 0.132776
v 3.229575 0.173840 0.214951
v 3.464070 0.078677 0.126227
v 3.214943 0.163313 0.204716
v 3.399399 -0.015570 0.220356
v 3.524410 -0.088085 0.152002
v 3.542313 -0.081777 0.162545
v 3.415876 -0.007248 0.230901
v 3.458769 -0.172073 0.207271
v 3.450322 -0.170837 0.191236
v 3.599821 -0.248485 0.159253
v 3.611966 -0.246080 0.174021
v 3.522136 -0.315714 0.174120
v 3.515360 -0.310653 0.158310
v 3.598152 -0.331677 0.128301
v 3.278843 -0.143862 -0.111206
v 2.995314 -0.133966 -0.094298
v 2.998002 -0.130484 -0.095678
v 2.996895 -0.142738 -0.108762
v 3.278559 -0.152262 -0.126542
v 2.827346 -0.005007 -0.197544
v 3.101312 0.016510 -0.172971
v 2.829151 -0.004845 -0.214569
v 3.209574 -0.241565 0.128096
v 2.962859 -0.199920 0.058289
v 3.209506 -0.241565 -0.011729
v 3.208805 -0.241095 0.124579
v 3.208740 -0.241095 -0.008211
v 3.307806 -0.290641 0.058122
v 3.316419 -0.293045 0.058118
v 3.218384 -0.245423 -0.011339
v 3.218451 -0.245423 0.127698
v 3.318313 -0.291871 0.061437
v 3.434229 -0.350996 0.101114
v 3.354511 -0.257444 0.153492
v 3.356083 -0.256524 0.156839
v 3.347780 -0.253361 0.158306
v 3.343060 -0.266507 0.170296
v 3.211095 -0.239004 0.130374
v 3.009018 -0.138028 0.209290
v 3.286149 -0.149618 0.222578
v 3.289093 -0.147716 0.225194
v 3.279007 -0.143862 0.227506
v 2.998152 -0.130484 0.212250
v 2.997056 -0.142738 0.225336
v 3.278738 -0.152262 0.242842
v 3.101536 0.016510 0.289443
v 2.829415 -0.004845 0.331304
v 2.827594 -0.005007 0.314282
v 3.096156 0.018293 0.272843
v 2.156569 0.624606 0.058680
v 2.460218 0.489654 0.146046
v 2.767069 0.432220 0.058384
v 2.460133 0.489654 -0.028952
v 2.738944 0.357436 0.229090
v 3.065225 0.372044 0.170402
v 2.777444 0.426885 0.064063
v 2.748890 0.350491 0.234010
v 3.078756 0.360497 0.179598
v 3.217344 0.175508 0.220417
v 3.204408 0.165523 0.208801
v 2.980443 0.217782 0.323156
v 2.971275 0.205125 0.311961
v 3.108304 0.018583 0.270726
v 3.389022 -0.012128 0.224611
v 3.115394 0.018195 0.287072
v 3.397733 -0.007966 0.240167
v 3.296965 -0.147723 0.241398
v 3.291497 -0.144551 0.224967
v 3.446253 -0.170943 0.211048
v 3.438870 -0.168092 0.194928
v 3.355085 -0.264955 0.171443
v 3.501559 -0.314990 0.176606
v 3.360106 -0.254079 0.157822
v 3.503608 -0.307659 0.160875
v 3.367477 -0.263118 0.154076
v 3.442564 -0.355043 0.100209
v 3.508209 -0.314558 0.156005
v 3.539249 -0.365986 0.108688
v 3.453611 -0.359020 0.098515
v 3.544698 -0.371148 0.103339
v 3.617950 -0.419921 0.070663
v 3.524326 -0.383270 0.061535
v 3.514202 -0.380618 0.058022
v 3.442370 -0.354538 0.096608
v 3.328436 -0.298409 0.058112
v 3.442333 -0.354538 0.019534
v 3.434187 -0.350996 0.015036
v 3.318310 -0.291871 0.054825
v 3.354418 -0.257444 -0.037265
v 3.342951 -0.266507 -0.054059
v 3.211025 -0.239004 -0.014008
v 3.347683 -0.253361 -0.042073
v 3.008872 -0.138028 -0.092729
v 3.285990 -0.149618 -0.106285
v 1.768425 -0.006451 0.195541
v 1.991674 0.007555 0.062249
v 2.256642 0.019733 0.147102
v 2.011405 0.095982 0.252996
v 2.003538 0.004118 0.058754
v 2.268009 0.020271 0.142509
v 2.267927 0.020271 -0.025257
v 2.492987 -0.069962 0.058517
v 2.504894 -0.071946 0.058511
v 2.279264 0.015982 -0.029342
v 2.543941 -0.001077 -0.105110
v 2.714865 -0.154525 -0.047338
v 2.505563 -0.070239 0.054993
v 2.723505 -0.158034 -0.047624
v 2.554807 -0.002684 -0.108435
v 2.725218 -0.155093 -0.049960
v 2.823486 -0.011144 -0.194897
v 2.719508 -0.167895 -0.062057
v 2.985793 -0.131153 -0.094715
v 2.983498 -0.144862 -0.106533
v 2.733627 -0.159643 -0.046981
v 2.994619 -0.135293 -0.090893
v 3.198020 -0.239391 -0.012848
v 2.950403 -0.194907 0.054918
v 2.723643 -0.157591 -0.043853
v 2.939589 -0.193772 0.058301
v 2.514759 -0.074790 0.058507
v 2.723742 -0.157591 0.160691
v 2.505566 -0.070239 0.062057
v 2.714968 -0.154525 0.164185
v 2.279350 0.015982 0.146612
v 2.544100 -0.001077 0.222094
v 1.751919 -0.025539 0.202893
v 1.292517 -0.079384 0.205648
v 1.751990 -0.007828 0.196393
v 1.285534 -0.062389 0.199405
v 1.527508 0.059394 0.303403
v 1.524459 0.076402 0.297299
v 1.759458 -0.007078 0.196080
v 1.278087 -0.063170 0.199577
v 1.286458 -0.081202 0.193749
v 1.285398 -0.062389 -0.081172
v 1.287367 -0.057204 0.203821
v 1.515355 0.075584 0.297584
v 1.287453 0.155771 0.393481
v 1.278685 0.159752 0.398015
v 2.450537 0.493192 0.152860
v 2.471713 0.486690 0.152540
v 2.123233 0.540146 0.257697
v 1.879845 0.743002 0.201283
v 2.439700 0.477343 0.146732
v 2.112075 0.526980 0.247882
v 1.866437 0.728280 0.195268
v 2.111146 0.525524 0.251653
v 1.857215 0.732481 0.196398
v 2.450999 0.472483 0.145769
v 2.101239 0.527293 0.252333
v 1.827654 0.515563 0.390855
v 1.828129 0.518027 0.388013
v 1.569805 0.605130 0.293618
v 1.559976 0.606234 0.294382
v 1.833317 0.532186 0.398956
v 1.569607 0.618958 0.305409
v 1.856855 0.728723 0.198960
v 1.845439 0.749335 0.202566
v 1.848902 0.731794 0.196149
v 1.559463 0.607938 0.290500
v 1.287009 0.697619 0.199488
v 1.558796 0.623217 0.300799
v 1.288419 0.715334 0.205932
v 1.279262 0.697184 0.199408
v 1.550444 0.605765 0.294359
v 1.288176 0.479658 0.393733
v 1.287976 0.693233 0.203315
v 1.277727 0.714796 -0.087780
v 1.287925 0.697622 0.193832
v 1.281707 0.716166 0.194426
v 1.557018 0.732890 0.058971
v 1.557714 0.713760 0.058971
v 1.288277 0.715334 -0.087702
v 1.565956 0.731465 0.052889
v 1.845300 0.749335 -0.084876
v 1.567112 0.712493 0.055110
v 1.286872 0.697619 -0.081257
v 1.848769 0.731794 -0.078490
v 1.862425 0.749924 -0.084744
v 1.576761 0.731907 0.058961
v 1.862901 0.750431 0.191049
v 2.132660 0.630974 0.058692
v 1.857294 0.731851 0.192571
v 1.577122 0.712776 0.058961
v 2.121320 0.613891 0.058697
v 1.559203 0.619873 -0.188403
v 1.282174 0.492395 -0.287656
v 1.550186 0.619277 -0.188454
v 1.278924 0.481714 -0.295478
v 1.534294 0.342479 -0.293181
v 1.283525 0.469288 -0.296323
v 1.283739 0.166557 -0.296436
v 1.280897 0.152216 -0.295366
v 1.542748 0.343073 -0.293073
v 1.289283 0.482315 -0.295285
v 1.541838 0.349952 -0.291215
v 1.816482 0.522790 -0.288534
v 1.831896 0.523658 -0.288316
v 1.559287 0.613558 -0.191554
v 1.569578 0.605130 -0.175661
v 1.569368 0.618958 -0.187479
v 1.832987 0.532186 -0.281254
v 2.111374 0.539573 -0.145983
v 2.121683 0.537333 -0.145510
v 2.101052 0.527293 -0.134919
v 1.856719 0.728723 -0.081280
v 1.861830 0.741242 -0.093720
v 1.866305 0.728280 -0.077599
v 2.439614 0.477343 -0.029618
v 1.879707 0.743002 -0.083626
v 2.450445 0.493192 -0.035785
v 2.131136 0.610163 0.055090
v 2.143453 0.626712 0.053087
v 3.677554 -0.398176 0.081326
v 3.680411 -0.404355 0.069562
v 3.675235 -0.401341 0.084000
v 3.679264 -0.399433 0.071449
v 3.664682 -0.332201 0.095543
v 3.699687 -0.401360 0.088856
v 3.684385 -0.333499 0.106057
v 3.689476 -0.392014 0.071557
v 3.693798 -0.391748 0.068712
v 3.659080 -0.305605 0.105310
v 3.670142 -0.391820 0.088928
v 3.603638 -0.337314 0.125935
v 3.608141 -0.335217 0.124188
v 3.611758 -0.264866 0.152354
v 3.607226 -0.256608 0.156971
v 3.654763 -0.307890 0.107001
v 3.655079 -0.298796 0.106775
v 3.629142 -0.251331 0.164332
v 3.557347 -0.102412 0.159303
v 3.609324 -0.254581 0.154268
v 3.539856 -0.107485 0.147914
v 3.531852 -0.094565 0.150817
v 3.669407 -0.219132 0.100943
v 3.673351 -0.217889 0.098493
v 3.227143 0.171213 -0.103836
v 2.989993 0.201585 -0.211185
v 2.975757 0.209338 -0.213823
v 3.110910 0.012688 -0.172356
v 3.223861 0.165868 -0.106677
v 3.397557 -0.007966 -0.124011
v 3.115172 0.018195 -0.170642
v 3.410653 -0.013704 -0.120978
v 3.238552 0.163102 -0.101226
v 3.491835 0.083278 -0.015073
v 3.123351 0.007391 -0.169660
v 3.290731 -0.155161 -0.124578
v 3.401265 -0.022161 -0.122859
v 3.296787 -0.147723 -0.125115
v 3.446105 -0.170943 -0.094911
v 3.452880 -0.176258 -0.093141
v 3.298882 -0.161955 -0.121852
v 3.349283 -0.269108 -0.052654
v 3.446671 -0.180887 -0.091843
v 3.354975 -0.264955 -0.055218
v 3.501444 -0.314990 -0.060522
v 3.511940 -0.323070 -0.057292
v 3.359077 -0.275519 -0.049592
v 3.432150 -0.371018 0.009662
v 3.445348 -0.352888 0.013595
v 3.438274 -0.366423 0.002512
v 3.534191 -0.380210 -0.003556
v 3.539200 -0.365986 0.007359
v 3.501820 -0.327711 -0.051574
v 3.453572 -0.359020 0.017615
v 3.541786 -0.384669 -0.001535
v 3.446388 -0.376309 0.012103
v 3.524323 -0.383270 0.054527
v 3.617938 -0.419921 0.045308
v 3.514293 -0.400696 0.052732
v 3.608656 -0.436429 0.039348
v 3.628032 -0.443063 0.042940
v 3.632418 -0.421613 0.044345
v 3.640773 -0.422787 0.049856
v 3.648534 -0.420995 0.053905
v 3.661280 -0.419947 0.054799
v 3.653232 -0.439797 0.054015
v 3.667634 -0.438269 0.052460
v 3.658199 -0.436530 0.041040
v 3.649232 -0.433715 0.037584
v 3.633061 -0.436323 0.033427
v 3.569374 -0.397748 0.008920
v 3.646463 -0.416360 0.044536
v 3.653781 -0.429600 0.021430
v 3.657135 -0.416455 0.044614
v 3.666713 -0.417151 0.050350
v 3.664019 -0.434082 0.039828
v 3.676930 -0.433346 0.044549
v 3.678649 -0.425703 0.033601
v 3.674395 -0.413182 0.050347
v 3.690492 -0.426202 0.044289
v 3.673901 -0.420696 0.028708
v 3.664655 -0.419746 0.018919
v 3.627372 -0.365244 -0.010693
v 3.675110 -0.414285 0.018971
v 3.690703 -0.410321 0.021130
v 3.611697 -0.344895 -0.024614
v 3.640517 -0.419348 0.013247
v 3.694660 -0.418045 0.039587
v 3.699830 -0.414494 0.040429
v 3.679804 -0.410388 0.054818
v 3.679807 -0.410388 0.061093
v 3.682611 -0.403274 0.065594
v 3.688723 -0.398048 0.066125
v 3.701677 -0.414235 0.070819
v 3.709599 -0.408211 0.068873
v 3.700372 -0.420964 0.052219
v 3.706143 -0.411948 0.053932
v 3.684352 -0.402450 0.053972
v 3.688713 -0.398048 0.049777
v 3.717167 -0.396508 0.042587
v 3.710068 -0.401581 0.057927
v 3.699312 -0.407264 0.036940
v 3.684338 -0.333499 0.009849
v 3.679250 -0.399433 0.044463
v 3.689463 -0.392014 0.044345
v 3.664645 -0.332201 0.020383
v 3.707387 -0.397391 0.033391
v 3.679249 -0.306615 0.000537
v 3.684967 -0.395595 0.013619
v 3.654715 -0.307890 0.008907
v 3.673734 -0.309980 -0.002077
v 3.618074 -0.341815 -0.022732
v 3.626644 -0.270027 -0.049271
v 3.621392 -0.257764 -0.055009
v 3.675087 -0.298578 -0.001120
v 3.629039 -0.251331 -0.048401
v 3.557249 -0.102412 -0.043273
v 3.655032 -0.298796 0.009160
v 3.669365 -0.219132 0.014977
v 3.539768 -0.107485 -0.031868
v 3.687341 -0.216993 0.003207
v 3.696362 -0.213492 0.011842
v 3.674468 -0.228115 0.019421
v 3.692147 -0.380105 0.045076
v 3.698331 -0.228389 0.014092
v 3.715952 -0.379116 0.039690
v 3.704936 -0.292520 0.052808
v 3.679959 -0.293765 0.054227
v 3.682686 -0.322075 0.057940
v 3.707724 -0.320546 0.057928
v 3.692803 -0.390267 0.064858
v 3.717571 -0.391991 0.062510
v 3.715970 -0.379116 0.076186
v 3.682356 -0.305406 0.110476
v 3.698374 -0.228389 0.101801
v 3.692159 -0.380105 0.070823
v 3.660971 -0.304841 0.101538
v 3.674505 -0.228115 0.096495
v 3.678122 -0.285593 0.057942
v 3.702923 -0.282550 0.057930
v 3.696128 -0.211600 0.093333
v 3.595581 -0.068829 0.057982
v 3.672343 -0.217514 0.094921
v 3.573148 -0.077484 0.057993
v 3.666459 -0.208217 0.016499
v 3.687207 -0.199598 0.010664
v 3.549714 -0.089079 -0.045661
v 3.586756 -0.055596 0.052640
v 3.501005 0.070172 -0.014093
v 3.564498 -0.064220 0.054536
v 3.479237 0.063159 -0.008286
v 3.524319 -0.088085 -0.035940
v 3.469702 0.070170 -0.012051
v 3.485355 0.077764 -0.023568
v 3.542212 -0.081777 -0.046530
v 3.415709 -0.007248 -0.114734
v 3.419412 -0.024473 -0.118365
v 3.544765 -0.092945 -0.048725
v 3.611854 -0.246080 -0.058072
v 3.458624 -0.172073 -0.091146
v 3.461203 -0.186462 -0.089290
v 3.608341 -0.263927 -0.056664
v 3.606057 -0.338506 -0.027313
v 3.522023 -0.315714 -0.058057
v 3.551119 -0.368002 0.007916
v 3.605501 -0.348515 -0.023120
v 3.547995 -0.381651 -0.003873
v 3.522384 -0.331278 -0.051360
v 3.511689 -0.313412 0.158621
v 3.520296 -0.319099 0.154340
v 3.546565 -0.370164 0.106884
v 3.551167 -0.368002 0.108120
v 3.599140 -0.339630 0.124643
v 3.639362 -0.408332 0.088745
v 3.648922 -0.414934 0.084042
v 3.569421 -0.397748 0.107098
v 3.574934 -0.383084 0.096768
v 3.630273 -0.424587 0.068799
v 3.632432 -0.421613 0.071612
v 3.644403 -0.415388 0.081483
v 3.640128 -0.432609 0.088323
v 3.646477 -0.416360 0.071408
v 3.652345 -0.418931 0.069435
v 3.646295 -0.441239 0.068622
v 3.664505 -0.431744 0.083865
v 3.657521 -0.437575 0.070361
v 3.639226 -0.439019 0.057961
v 3.622884 -0.441658 0.062021
v 3.544962 -0.411463 0.058007
v 3.629025 -0.423391 0.064973
v 3.639713 -0.419854 0.057961
v 3.555616 -0.394098 0.058002
v 3.640781 -0.422787 0.066093
v 3.650440 -0.420074 0.065441
v 3.661283 -0.419947 0.061130
v 3.654765 -0.415578 0.077594
v 3.661637 -0.414295 0.072527
v 3.674490 -0.428684 0.079611
v 3.666291 -0.411691 0.074296
v 3.662838 -0.407913 0.077000
v 3.652574 -0.411165 0.084152
v 3.620446 -0.357213 0.111913
v 3.669460 -0.402399 0.084173
v 3.690711 -0.418089 0.084133
v 3.684034 -0.423538 0.079944
v 3.671305 -0.409087 0.072831
v 3.666499 -0.208217 0.099425
v 3.533324 -0.093739 0.147298
v 3.479301 0.063159 0.124391
v 3.472677 0.072547 0.125716
v 3.552470 -0.087146 0.156659
v 3.501076 0.070172 0.130178
v 3.687253 -0.199598 0.105240
v 3.580208 -0.046586 0.057990
v 3.491621 0.084255 0.120868
v 3.285485 0.226672 0.058133
v 3.471959 0.072419 0.122228
v 3.558516 -0.056282 0.058000
v 3.268060 0.212885 0.058141
v 3.464004 0.078677 -0.010136
v 3.479240 0.092015 -0.016671
v 3.274054 0.234497 0.052455
v 3.097805 0.358663 -0.053405
v 3.083854 0.368028 -0.054383
v 3.257086 0.220554 0.054544
v 3.080390 0.346771 -0.047121
v 2.748719 0.350491 -0.117224
v 3.078639 0.360497 -0.063104
v 3.217187 0.175508 -0.104057
v 2.980186 0.217782 -0.206566
v 2.702138 -0.169307 0.170635
v 2.534307 -0.014461 0.232370
v 2.270201 -0.000273 0.153145
v 2.544946 0.000378 0.225668
v 2.268040 0.020177 0.146195
v 2.532931 0.002803 0.226404
v 2.527174 -0.010063 0.238423
v 2.024976 0.081658 0.267678
v 2.269267 0.023023 0.148784
v 2.024965 0.095739 0.256113
v 2.011978 0.097467 0.256541
v 2.320418 0.150566 0.267169
v 2.321662 0.153097 0.269701
v 2.319315 0.141251 0.282055
v 2.310202 0.154071 0.272042
v 2.013627 0.101420 0.257778
v 1.796300 0.208915 0.388759
v 1.787078 0.209044 0.390565
v 2.060596 0.310276 0.333253
v 2.061885 0.314100 0.334687
v 1.533940 0.076999 0.296730
v 1.759806 -0.003919 0.198556
v 2.002856 0.097283 0.257559
v 1.779397 0.208958 0.390850
v 1.523834 0.080567 0.298733
v 1.286208 0.160156 0.397815
v 1.542336 0.338841 0.392316
v 1.542150 0.342976 0.393976
v 1.787671 0.213025 0.390228
v 1.288112 0.167202 0.397842
v 1.288050 0.468701 0.397729
v 1.532797 0.342504 0.394150
v 1.279191 0.474609 0.397846
v 1.286830 0.474916 0.397898
v 1.560085 0.601943 0.295930
v 1.819600 0.515445 0.390634
v 1.541462 0.347110 0.392317
v 1.827068 0.510699 0.390377
v 1.551886 0.342816 0.393015
v 2.052346 0.315052 0.335874
v 1.836981 0.513350 0.388487
v 2.063612 0.317895 0.332914
v 2.386060 0.343696 0.271696
v 2.110040 0.521669 0.253145
v 2.397435 0.340416 0.269327
v 2.075636 0.311681 0.333612
v 2.395777 0.336875 0.269187
v 2.323278 0.156922 0.269616
v 2.627833 0.175724 0.293359
v 2.640200 0.172320 0.292536
v 2.333695 0.149407 0.270680
v 2.638260 0.168684 0.291074
v 2.546621 0.004203 0.227045
v 2.816071 -0.005421 0.313836
v 2.825448 -0.008740 0.314705
v 2.554969 -0.002684 0.225437
v 2.723608 -0.158034 0.164462
v 2.725323 -0.155093 0.166797
v 2.985941 -0.131153 0.211300
v 2.995461 -0.133966 0.210873
v 2.731273 -0.177458 0.169833
v 2.733729 -0.159643 0.163810
v 3.191726 -0.256553 0.135505
v 2.991471 -0.150805 0.217178
v 2.994764 -0.135293 0.207469
v 3.198089 -0.239391 0.129227
v 1.286888 -0.062069 0.193242
v 1.513250 -0.054745 0.058992
v 1.508169 -0.036009 0.058995
v 1.292374 -0.079384 -0.087423
v 1.520459 -0.051786 0.052658
v 1.751780 -0.025539 -0.085112
v 1.516763 -0.033109 0.055360
v 1.751857 -0.007828 -0.078640
v 1.526996 0.062929 -0.191313
v 1.526479 -0.034122 0.058986
v 1.285566 -0.071134 -0.097268
v 1.519172 0.062243 -0.191507
v 1.285365 0.142694 -0.287657
v 1.290991 0.153004 -0.295033
v 1.526147 0.069336 -0.194436
v 1.777649 0.201597 -0.288854
v 1.543144 0.335940 -0.291215
v 1.790260 0.202551 -0.288690
v 1.535086 0.063460 -0.190783
v 1.528372 -0.053215 0.058985
v 1.762666 -0.018275 -0.091899
v 1.789529 0.193456 -0.282246
v 1.759671 -0.003919 -0.080782
v 2.007523 0.083942 -0.151785
v 2.002664 0.097283 -0.140021
v 2.015383 0.083903 -0.150805
v 2.017608 0.089814 -0.153507
v 1.803870 0.200856 -0.285545
v 2.313828 0.146633 -0.170309
v 2.067558 0.306859 -0.231843
v 2.068916 0.313460 -0.233532
v 2.321066 0.145834 -0.168259
v 2.059768 0.314916 -0.234654
v 1.791354 0.213037 -0.289338
v 1.551962 0.343101 -0.292092
v 1.830891 0.510870 -0.289526
v 1.847777 0.518656 -0.285342
v 2.385853 0.343696 -0.154558
v 2.071197 0.319561 -0.231591
v 2.393913 0.350130 -0.169672
v 2.402483 0.347220 -0.167707
v 2.120607 0.531520 -0.148407
v 2.109852 0.521669 -0.135711
v 2.399851 0.340993 -0.168438
v 2.323181 0.151459 -0.168767
v 2.079825 0.310242 -0.232890
v 2.627568 0.175628 -0.193507
v 2.637809 0.173229 -0.192612
v 2.634167 0.167220 -0.190978
v 2.329075 0.142922 -0.169247
v 2.807972 -0.010623 -0.212645
v 2.538530 -0.005670 -0.123651
v 2.536297 -0.011487 -0.120779
v 2.823171 -0.015565 -0.213862
v 2.527000 -0.010063 -0.121394
v 2.319098 0.141251 -0.164825
v 2.024774 0.081658 -0.150190
v 2.269179 0.023023 -0.031505
v 2.264812 0.006436 -0.039466
v 2.263499 0.002831 -0.035469
v 2.257104 0.002055 -0.036339
v 1.773872 -0.023860 -0.083772
v 2.256556 0.019733 -0.029810
v 1.768293 -0.006451 -0.077776
v 1.991670 0.007555 0.055271
v 1.994000 -0.011285 0.052793
v 1.985700 -0.013931 0.058763
v 1.982027 0.005033 0.058765
v 1.762135 -0.025696 0.193631
v 1.759369 -0.006762 0.192056
v 2.970074 0.202785 0.314888
v 2.959489 0.205530 0.313824
v 2.641778 0.175986 0.290988
v 2.410431 0.337426 0.270192
v 2.731798 0.337398 0.223860
v 2.733778 0.340974 0.222452
v 2.720887 0.345005 0.222825
v 2.398425 0.342850 0.266850
v 2.125327 0.521748 0.250577
v 2.404433 0.351929 0.281310
v 2.134366 0.533455 0.262588
v 2.449798 0.469922 0.147936
v 2.958443 0.213736 -0.212633
v 2.640325 0.179393 -0.190841
v 2.412585 0.344695 -0.168781
v 2.737730 0.354372 -0.117500
v 2.734490 0.349058 -0.120426
v 2.720728 0.345005 -0.105983
v 2.404217 0.351929 -0.164162
v 2.134168 0.533455 -0.145179
v 2.726493 0.357779 -0.118086
v 2.449712 0.469922 -0.030832
v 2.458208 0.484850 -0.039869
v 2.459983 0.488866 -0.034974
v 2.464471 0.469842 -0.028982
v 2.471622 0.486690 -0.035458
v 3.060978 0.354540 -0.047562
v 2.771078 0.408524 0.054949
v 3.065116 0.372044 -0.053896
v 2.777439 0.426885 0.052723
v 2.782951 0.405939 0.058377
v 3.072612 0.352460 0.164574
v 3.071994 0.351984 0.160832
v 2.789963 0.424334 0.058373
v 3.248694 0.225928 0.058151
v 3.083715 0.368880 0.159560
v 3.264712 0.240690 0.058143
v 3.097913 0.358663 0.169852
v 3.479312 0.092015 0.132776
v 3.080492 0.346771 0.163614
v 3.229575 0.173840 0.214951
v 3.464070 0.078677 0.126227
v 3.214943 0.163313 0.204716
v 3.213699 0.161888 0.208459
v 3.224643 0.153619 0.206231
v 3.397945 -0.017689 0.222918
v 3.469770 0.070170 0.128166
v 3.399399 -0.015570 0.220356
v 3.238707 0.163102 0.217564
v 3.524410 -0.088085 0.152002
v 3.415876 -0.007248 0.230901
v 3.406070 -0.024895 0.220129
v 3.446644 -0.173088 0.193010
v 3.450322 -0.170837 0.191236
v 3.599821 -0.248485 0.159253
v 3.528255 -0.096975 0.152450
v 3.456420 -0.182782 0.189010
v 3.515360 -0.310653 0.158310
v 3.602262 -0.258454 0.156832
v 3.598152 -0.331677 0.128301
v 2.996895 -0.142738 -0.108762
v 3.278559 -0.152262 -0.126542
v 2.992936 -0.147864 -0.105918
v 2.838046 -0.020602 -0.210915
v 3.107277 0.006836 -0.170638
v 3.101312 0.016510 -0.172971
v 2.829151 -0.004845 -0.214569
v 2.648143 0.169850 -0.192279
v 2.968453 0.197949 -0.214805
v 3.209574 -0.241565 0.128096
v 2.955648 -0.218255 0.058293
v 3.202175 -0.258195 -0.018563
v 2.962859 -0.199920 0.058289
v 3.208805 -0.241095 0.124579
v 3.200359 -0.258769 0.127762
v 3.307806 -0.290641 0.058122
v 3.297876 -0.308226 0.058127
v 3.218384 -0.245423 -0.011339
v 3.209566 -0.261992 -0.017497
v 3.218451 -0.245423 0.127698
v 3.209639 -0.261992 0.133865
v 3.434229 -0.350996 0.101114
v 3.420938 -0.365433 0.107789
v 3.345788 -0.271521 0.163457
v 3.354511 -0.257444 0.153492
v 3.356083 -0.256524 0.156839
v 3.347780 -0.253361 0.158306
v 3.005467 -0.151521 0.221167
v 3.211095 -0.239004 0.130374
v 3.009018 -0.138028 0.209290
v 3.283810 -0.161117 0.236142
v 3.286149 -0.149618 0.222578
v 3.289093 -0.147716 0.225194
v 3.279007 -0.143862 0.227506
v 2.998152 -0.130484 0.212250
v 2.835141 -0.011268 0.312899
v 3.103505 0.011655 0.270814
v 3.105574 0.015038 0.272304
v 2.827594 -0.005007 0.314282
v 3.096156 0.018293 0.272843
v 2.650600 0.168847 0.292194
v 2.967332 0.198894 0.314382
v 2.145644 0.607334 0.058686
v 2.156569 0.624606 0.058680
v 2.460218 0.489654 0.146046
v 2.767069 0.432220 0.058384
v 2.450848 0.472326 0.142505
v 2.758888 0.414106 0.058388
v 2.464556 0.469842 0.146072
v 2.734260 0.342459 0.218935
v 3.061081 0.354540 0.164073
v 2.738944 0.357436 0.229090
v 3.065225 0.372044 0.170402
v 3.070341 0.349361 0.166911
v 2.744540 0.337091 0.222194
v 3.204408 0.165523 0.208801
v 2.980443 0.217782 0.323156
v 2.971275 0.205125 0.311961
v 2.978844 0.198583 0.312801
v 3.108304 0.018583 0.270726
v 3.389022 -0.012128 0.224611
v 3.211503 0.158314 0.209811
v 3.118138 0.009079 0.269512
v 3.394108 -0.020858 0.222779
v 3.291497 -0.144551 0.224967
v 3.438870 -0.168092 0.194928
v 3.298316 -0.152455 0.223304
v 3.442850 -0.175436 0.191830
v 3.360106 -0.254079 0.157822
v 3.503608 -0.307659 0.160875
v 3.359181 -0.275519 0.165786
v 3.367477 -0.263118 0.154076
v 3.442564 -0.355043 0.100209
v 3.508209 -0.314558 0.156005
v 3.445391 -0.352888 0.102544
v 3.501926 -0.327711 0.167658
v 3.539249 -0.365986 0.108688
v 3.453611 -0.359020 0.098515
v 3.544698 -0.371148 0.103339
v 3.538797 -0.386572 0.112656
v 3.617950 -0.419921 0.070663
v 3.446433 -0.376309 0.104006
v 3.608673 -0.436429 0.076632
v 3.514202 -0.380618 0.058022
v 3.442370 -0.354538 0.096608
v 3.328436 -0.298409 0.058112
v 3.503554 -0.397983 0.058027
v 3.430032 -0.371215 0.097232
v 3.314480 -0.314332 0.058119
v 3.420890 -0.365433 0.008373
v 3.305650 -0.308171 0.052186
v 3.434187 -0.350996 0.015036
v 3.318310 -0.291871 0.054825
v 3.342951 -0.266507 -0.054059
v 3.205153 -0.253860 -0.024023
v 3.005309 -0.151521 -0.104601
v 3.211025 -0.239004 -0.014008
v 3.283637 -0.161117 -0.119847
v 1.768425 -0.006451 0.195541
v 1.774010 -0.023860 0.201532
v 2.257196 0.002055 0.153630
v 2.256642 0.019733 0.147102
v 2.015068 0.080525 0.262758
v 2.011405 0.095982 0.252996
v 2.001750 -0.014985 0.058755
v 2.263254 0.002293 0.147464
v 2.003538 0.004118 0.058754
v 2.268009 0.020271 0.142509
v 2.492987 -0.069962 0.058517
v 2.484869 -0.088078 0.058521
v 2.270110 -0.000273 -0.035867
v 2.279264 0.015982 -0.029342
v 2.714865 -0.154525 -0.047338
v 2.505563 -0.070239 0.054993
v 2.494097 -0.087101 0.052607
v 2.702029 -0.169307 -0.053804
v 2.715706 -0.174632 -0.054289
v 2.545908 -0.014362 -0.120531
v 2.817883 -0.023980 -0.206938
v 2.983498 -0.144862 -0.106533
v 2.733627 -0.159643 -0.046981
v 3.198020 -0.239391 -0.012848
v 2.731165 -0.177458 -0.053002
v 3.191651 -0.256553 -0.019120
v 2.950403 -0.194907 0.054918
v 2.945075 -0.213425 0.052557
v 2.934122 -0.212480 0.058303
v 2.503108 -0.091777 0.058512
v 2.939589 -0.193772 0.058301
v 2.514759 -0.074790 0.058507
v 2.723742 -0.157591 0.160691
v 2.715109 -0.175581 0.160864
v 2.714968 -0.154525 0.164185
v 2.279350 0.015982 0.146612
v 2.544100 -0.001077 0.222094
v 1.285534 -0.062389 0.199405
v 1.527508 0.059394 0.303403
v 1.524424 0.074856 0.293556
v 1.286458 -0.081202 0.193749
v 1.285398 -0.062389 -0.081172
v 1.287367 -0.057204 0.203821
v 1.287453 0.155771 0.393481
v 1.285702 0.142694 0.405891
v 1.285717 -0.071134 0.215500
v 1.282511 0.492395 0.405892
v 1.282201 0.706822 0.214686
v 1.288176 0.479658 0.393733
v 1.287976 0.693233 0.203315
v 1.287925 0.697622 0.193832
v 1.281576 0.716166 -0.076189
v 1.281707 0.716166 0.194426
v 1.287794 0.697622 -0.075630
v 1.287836 0.693233 -0.085112
v 1.287851 0.479658 -0.275503
v 1.282050 0.706822 -0.096449
v 1.282174 0.492395 -0.287656
v 1.287783 0.167202 -0.279611
v 1.286501 0.474916 -0.279666
v 1.287721 0.468701 -0.279498
v 1.283525 0.469288 -0.296323
v 1.283739 0.166557 -0.296436
v 1.559287 0.613558 -0.191554
v 1.559855 0.601943 -0.177992
v 3.699847 -0.414494 0.075462
v 3.689173 -0.434068 0.057937
v 3.700377 -0.420964 0.063672
v 3.699332 -0.407264 0.078952
v 3.690739 -0.410321 0.094770
v 3.699687 -0.401360 0.088856
v 3.684385 -0.333499 0.106057
v 3.717182 -0.396508 0.073260
v 3.707411 -0.397391 0.082466
v 3.679305 -0.306615 0.115373
v 3.685010 -0.395595 0.102258
v 3.608141 -0.335217 0.124188
v 3.611758 -0.264866 0.152354
v 3.618153 -0.341815 0.138675
v 3.626748 -0.270027 0.165234
v 3.621502 -0.257764 0.170949
v 3.673792 -0.309980 0.117965
v 3.675144 -0.298578 0.117036
v 3.629142 -0.251331 0.164332
v 3.557347 -0.102412 0.159303
v 3.549814 -0.089079 0.161698
v 3.687394 -0.216993 0.112697
v 3.696406 -0.213492 0.104053
v 2.978597 0.198583 -0.196210
v 3.227143 0.171213 -0.103836
v 2.989993 0.201585 -0.211185
v 3.115172 0.018195 -0.170642
v 3.108098 0.018583 -0.154261
v 3.410653 -0.013704 -0.120978
v 3.117933 0.009079 -0.153084
v 3.238552 0.163102 -0.101226
v 3.491835 0.083278 -0.015073
v 3.123351 0.007391 -0.169660
v 3.296787 -0.147723 -0.125115
v 3.291336 -0.144551 -0.108708
v 3.298156 -0.152455 -0.107023
v 3.355988 -0.256524 -0.040614
v 3.298882 -0.161955 -0.121852
v 3.354975 -0.264955 -0.055218
v 3.360009 -0.254079 -0.041601
v 3.359077 -0.275519 -0.049592
v 3.367384 -0.263118 -0.037862
v 3.445348 -0.352888 0.013595
v 3.438274 -0.366423 0.002512
v 3.574897 -0.383084 0.019245
v 3.632418 -0.421613 0.044345
v 3.640773 -0.422787 0.049856
v 3.653232 -0.439797 0.054015
v 3.646284 -0.441239 0.047321
v 3.633061 -0.436323 0.033427
v 3.569374 -0.397748 0.008920
v 3.654746 -0.415578 0.038340
v 3.657135 -0.416455 0.044614
v 3.664019 -0.434082 0.039828
v 3.664482 -0.431744 0.032061
v 3.678649 -0.425703 0.033601
v 3.674395 -0.413182 0.050347
v 3.690492 -0.426202 0.044289
v 3.652549 -0.411165 0.031757
v 3.620393 -0.357213 0.004055
v 3.664655 -0.419746 0.018919
v 3.627372 -0.365244 -0.010693
v 3.690703 -0.410321 0.021130
v 3.674599 -0.405350 0.038275
v 3.671291 -0.409087 0.043088
v 3.690686 -0.418089 0.031766
v 3.684012 -0.423538 0.035962
v 3.694660 -0.418045 0.039587
v 3.699830 -0.414494 0.040429
v 3.701677 -0.414235 0.070819
v 3.709599 -0.408211 0.068873
v 3.706147 -0.411948 0.061952
v 3.708843 -0.409699 0.057928
v 3.700372 -0.420964 0.052219
v 3.706143 -0.411948 0.053932
v 3.701665 -0.414235 0.045071
v 3.709587 -0.408211 0.047009
v 3.717167 -0.396508 0.042587
v 3.710068 -0.401581 0.057927
v 3.699312 -0.407264 0.036940
v 3.717567 -0.391991 0.053364
v 3.699657 -0.401360 0.027007
v 3.684338 -0.333499 0.009849
v 3.707387 -0.397391 0.033391
v 3.679249 -0.306615 0.000537
v 3.684967 -0.395595 0.013619
v 3.608077 -0.335217 -0.008207
v 3.673734 -0.309980 -0.002077
v 3.618074 -0.341815 -0.022732
v 3.611666 -0.264866 -0.036376
v 3.626644 -0.270027 -0.049271
v 3.621392 -0.257764 -0.055009
v 3.675087 -0.298578 -0.001120
v 3.629039 -0.251331 -0.048401
v 3.557249 -0.102412 -0.043273
v 3.687341 -0.216993 0.003207
v 3.696362 -0.213492 0.011842
v 3.682305 -0.305406 0.005433
v 3.698331 -0.228389 0.014092
v 3.715952 -0.379116 0.039690
v 3.706683 -0.291157 0.057929
v 3.704936 -0.292520 0.052808
v 3.707724 -0.320546 0.057928
v 3.717571 -0.391991 0.062510
v 3.715970 -0.379116 0.076186
v 3.682356 -0.305406 0.110476
v 3.698374 -0.228389 0.101801
v 3.704941 -0.292520 0.063079
v 3.702923 -0.282550 0.057930
v 3.696128 -0.211600 0.093333
v 3.595581 -0.068829 0.057982
v 3.588193 -0.054329 0.057986
v 3.696094 -0.211600 0.022562
v 3.687207 -0.199598 0.010664
v 3.549714 -0.089079 -0.045661
v 3.586756 -0.055596 0.052640
v 3.501005 0.070172 -0.014093
v 3.552374 -0.087146 -0.040653
v 3.485355 0.077764 -0.023568
v 3.542212 -0.081777 -0.046530
v 3.415709 -0.007248 -0.114734
v 3.405912 -0.024895 -0.103952
v 3.419412 -0.024473 -0.118365
v 3.611854 -0.246080 -0.058072
v 3.458624 -0.172073 -0.091146
v 3.450193 -0.170837 -0.075103
v 3.461203 -0.186462 -0.089290
v 3.456293 -0.182782 -0.072882
v 3.522023 -0.315714 -0.058057
v 3.515263 -0.310653 -0.042267
v 3.520202 -0.319099 -0.038274
v 3.551119 -0.368002 0.007916
v 3.547995 -0.381651 -0.003873
v 3.522384 -0.331278 -0.051360
v 3.522490 -0.331278 0.167423
v 3.520296 -0.319099 0.154340
v 3.548055 -0.381651 0.119911
v 3.551167 -0.368002 0.108120
v 3.569421 -0.397748 0.107098
v 3.574934 -0.383084 0.096768
v 3.632432 -0.421613 0.071612
v 3.633085 -0.436323 0.082530
v 3.646295 -0.441239 0.068622
v 3.664505 -0.431744 0.083865
v 3.640781 -0.422787 0.066093
v 3.653236 -0.439797 0.061894
v 3.664037 -0.434082 0.076099
v 3.657149 -0.416455 0.071319
v 3.654765 -0.415578 0.077594
v 3.678673 -0.425703 0.082282
v 3.652574 -0.411165 0.084152
v 3.620446 -0.357213 0.111913
v 3.664693 -0.419746 0.096978
v 3.627438 -0.365244 0.126627
v 3.674618 -0.405350 0.077642
v 3.690711 -0.418089 0.084133
v 3.684034 -0.423538 0.079944
v 3.690505 -0.426202 0.071584
v 3.671305 -0.409087 0.072831
v 3.674402 -0.413182 0.065542
v 3.694678 -0.418045 0.076309
v 3.552470 -0.087146 0.156659
v 3.501076 0.070172 0.130178
v 3.687253 -0.199598 0.105240
v 3.586761 -0.055596 0.063361
v 3.491906 0.083278 0.131166
v 3.580208 -0.046586 0.057990
v 3.491621 0.084255 0.120868
v 3.285485 0.226672 0.058133
v 3.274887 0.236332 0.058138
v 3.491560 0.084255 -0.004774
v 3.274054 0.234497 0.052455
v 3.097805 0.358663 -0.053405
v 3.229423 0.173840 -0.098605
v 2.744381 0.337091 -0.105376
v 2.748719 0.350491 -0.117224
v 2.980186 0.217782 -0.206566
v 2.024976 0.081658 0.267678
v 2.269267 0.023023 0.148784
v 2.024965 0.095739 0.256113
v 2.329296 0.142953 0.286468
v 2.017814 0.089814 0.271030
v 2.013627 0.101420 0.257778
v 1.796300 0.208915 0.388759
v 1.762812 -0.018275 0.209670
v 1.535329 0.063460 0.308774
v 1.533940 0.076999 0.296730
v 1.789860 0.193456 0.399990
v 1.759806 -0.003919 0.198556
v 1.786618 0.205981 0.387273
v 1.284084 0.166557 0.414671
v 1.283870 0.469288 0.414531
v 1.288112 0.167202 0.397842
v 1.288050 0.468701 0.397729
v 1.286830 0.474916 0.397898
v 1.560085 0.601943 0.295930
v 1.559530 0.613558 0.309494
v 1.848110 0.518656 0.403029
v 2.063612 0.317895 0.332914
v 2.071478 0.319561 0.349062
v 2.333695 0.149407 0.270680
v 2.546621 0.004203 0.227045
v 2.538707 -0.005670 0.240641
v 2.546082 -0.014362 0.237541
v 2.554969 -0.002684 0.225437
v 2.725323 -0.155093 0.166797
v 2.719625 -0.167895 0.178900
v 1.286758 -0.062069 -0.075010
v 1.286888 -0.062069 0.193242
v 1.286328 -0.081202 -0.075516
v 1.527271 0.059394 -0.185432
v 1.524197 0.074856 -0.175582
v 1.287226 -0.057204 -0.085591
v 1.285566 -0.071134 -0.097268
v 1.285365 0.142694 -0.287657
v 1.287129 0.155771 -0.275277
v 1.535086 0.063460 -0.190783
v 1.762666 -0.018275 -0.091899
v 1.533709 0.076999 -0.178767
v 1.789529 0.193456 -0.282246
v 1.759671 -0.003919 -0.080782
v 1.786300 0.205981 -0.269525
v 1.795980 0.208915 -0.271022
v 2.013434 0.101420 -0.140251
v 2.017608 0.089814 -0.153507
v 1.847777 0.518656 -0.285342
v 2.063346 0.317895 -0.215464
v 2.071197 0.319561 -0.231591
v 2.333489 0.149407 -0.153491
v 2.329075 0.142922 -0.169247
v 2.546457 0.004203 -0.110035
v 2.538530 -0.005670 -0.123651
v 2.024774 0.081658 -0.150190
v 2.024774 0.095739 -0.138625
v 2.269179 0.023023 -0.031505
v 3.097913 0.358663 0.169852
v 3.227300 0.171213 0.220159
v 3.274059 0.234497 0.063822
v 3.229575 0.173840 0.214951
v 3.238707 0.163102 0.217564
v 3.485434 0.077764 0.139668
v 3.542313 -0.081777 0.162545
v 3.415876 -0.007248 0.230901
v 3.410826 -0.013704 0.237122
v 3.419583 -0.024473 0.234501
v 3.406070 -0.024895 0.220129
v 3.458769 -0.172073 0.207271
v 3.450322 -0.170837 0.191236
v 3.611966 -0.246080 0.174021
v 3.461346 -0.186462 0.205413
v 3.456420 -0.182782 0.189010
v 3.522136 -0.315714 0.174120
v 3.515360 -0.310653 0.158310
v 2.998002 -0.130484 -0.095678
v 2.834894 -0.011268 -0.196168
v 2.996895 -0.142738 -0.108762
v 2.838046 -0.020602 -0.210915
v 2.827346 -0.005007 -0.197544
v 2.650373 0.168847 -0.175312
v 2.829151 -0.004845 -0.214569
v 2.648143 0.169850 -0.192279
v 3.316419 -0.293045 0.058118
v 3.318313 -0.291871 0.061437
v 3.434229 -0.350996 0.101114
v 3.354511 -0.257444 0.153492
v 3.356083 -0.256524 0.156839
v 3.005467 -0.151521 0.221167
v 3.211095 -0.239004 0.130374
v 3.009018 -0.138028 0.209290
v 2.998152 -0.130484 0.212250
v 2.835141 -0.011268 0.312899
v 2.997056 -0.142738 0.225336
v 2.838307 -0.020602 0.327643
v 2.829415 -0.004845 0.331304
v 2.648386 0.169850 0.309190
v 2.827594 -0.005007 0.314282
v 2.650600 0.168847 0.292194
v 2.748890 0.350491 0.234010
v 2.744540 0.337091 0.222194
v 2.980443 0.217782 0.323156
v 2.978844 0.198583 0.312801
v 3.108304 0.018583 0.270726
v 3.115394 0.018195 0.287072
v 2.990255 0.201585 0.327765
v 3.123572 0.007391 0.286111
v 3.118138 0.009079 0.269512
v 3.296965 -0.147723 0.241398
v 3.291497 -0.144551 0.224967
v 3.299056 -0.161955 0.238133
v 3.298316 -0.152455 0.223304
v 3.355085 -0.264955 0.171443
v 3.360106 -0.254079 0.157822
v 3.359181 -0.275519 0.165786
v 3.367477 -0.263118 0.154076
v 3.445391 -0.352888 0.102544
v 3.438328 -0.366423 0.113633
v 3.434187 -0.350996 0.015036
v 3.318310 -0.291871 0.054825
v 3.354418 -0.257444 -0.037265
v 3.005309 -0.151521 -0.104601
v 3.211025 -0.239004 -0.014008
v 3.008872 -0.138028 -0.092729
v 2.545908 -0.014362 -0.120531
v 2.554807 -0.002684 -0.108435
v 2.725218 -0.155093 -0.049960
v 2.719508 -0.167895 -0.062057
v 1.527239 0.062929 0.309284
v 1.751919 -0.025539 0.202893
v 1.762285 -0.024561 0.202803
v 1.520779 -0.053871 0.058989
v 1.520465 -0.051786 0.065348
v 1.292517 -0.079384 0.205648
v 1.527508 0.059394 0.303403
v 1.282632 -0.080614 0.205906
v 1.286458 -0.081202 0.193749
v 1.515355 0.075584 0.297584
v 1.519415 0.062243 0.309513
v 1.287453 0.155771 0.393481
v 1.285717 -0.071134 0.215500
v 1.281241 0.152216 0.413603
v 2.439700 0.477343 0.146732
v 2.112075 0.526980 0.247882
v 1.866437 0.728280 0.195268
v 2.111146 0.525524 0.251653
v 2.131139 0.610163 0.062322
v 2.131352 0.611869 0.058693
v 1.857215 0.732481 0.196398
v 2.450999 0.472483 0.145769
v 2.101239 0.527293 0.252333
v 1.827654 0.515563 0.390855
v 1.828129 0.518027 0.388013
v 1.569805 0.605130 0.293618
v 1.559976 0.606234 0.294382
v 1.861979 0.741242 0.211394
v 1.856855 0.728723 0.198960
v 1.848902 0.731794 0.196149
v 1.559463 0.607938 0.290500
v 1.287009 0.697619 0.199488
v 1.567116 0.712493 0.062849
v 1.567303 0.714324 0.058966
v 1.279262 0.697184 0.199408
v 1.550426 0.619277 0.306431
v 1.550444 0.605765 0.294359
v 1.282201 0.706822 0.214686
v 1.288176 0.479658 0.393733
v 1.287976 0.693233 0.203315
v 1.279126 0.697184 -0.081197
v 1.287925 0.697622 0.193832
v 1.287794 0.697622 -0.075630
v 1.557714 0.713760 0.058971
v 1.567112 0.712493 0.055110
v 1.286872 0.697619 -0.081257
v 1.848769 0.731794 -0.078490
v 1.857294 0.731851 0.192571
v 1.577122 0.712776 0.058961
v 1.857164 0.731851 -0.074893
v 2.121320 0.613891 0.058697
v 1.857082 0.732481 -0.078719
v 1.559747 0.606234 -0.176416
v 1.559239 0.607938 -0.172560
v 1.287836 0.693233 -0.085112
v 1.287851 0.479658 -0.275503
v 1.278862 0.474609 -0.279607
v 1.282050 0.706822 -0.096449
v 1.550216 0.605765 -0.176382
v 1.550186 0.619277 -0.188454
v 1.286501 0.474916 -0.279666
v 1.287721 0.468701 -0.279498
v 1.532472 0.342504 -0.276156
v 1.534294 0.342479 -0.293181
v 1.283525 0.469288 -0.296323
v 1.280897 0.152216 -0.295366
v 1.289283 0.482315 -0.295285
v 1.816482 0.522790 -0.288534
v 1.819278 0.515445 -0.272918
v 1.559287 0.613558 -0.191554
v 1.559855 0.601943 -0.177992
v 1.827332 0.515563 -0.273176
v 1.569578 0.605130 -0.175661
v 1.827810 0.518027 -0.270306
v 2.101052 0.527293 -0.134919
v 2.110959 0.525524 -0.134221
v 1.856719 0.728723 -0.081280
v 1.861830 0.741242 -0.093720
v 1.866305 0.728280 -0.077599
v 2.111892 0.526980 -0.130450
v 2.439614 0.477343 -0.029618
v 2.131136 0.610163 0.055090
v 3.699847 -0.414494 0.075462
v 3.689173 -0.434068 0.057937
v 3.690739 -0.410321 0.094770
v 3.611758 -0.264866 0.152354
v 3.626748 -0.270027 0.165234
v 3.654763 -0.307890 0.107001
v 3.673792 -0.309980 0.117965
v 3.557347 -0.102412 0.159303
v 3.669407 -0.219132 0.100943
v 3.687394 -0.216993 0.112697
v 3.213553 0.161888 -0.092096
v 2.969825 0.202785 -0.198288
v 2.978597 0.198583 -0.196210
v 2.989993 0.201585 -0.211185
v 3.223861 0.165868 -0.106677
v 3.211356 0.158314 -0.093474
v 3.224499 0.153619 -0.089878
v 3.472611 0.072547 -0.009633
v 3.117933 0.009079 -0.153084
v 3.238552 0.163102 -0.101226
v 3.123351 0.007391 -0.169660
v 3.290731 -0.155161 -0.124578
v 3.401265 -0.022161 -0.122859
v 3.393948 -0.020858 -0.106591
v 3.298156 -0.152455 -0.107023
v 3.298882 -0.161955 -0.121852
v 3.349283 -0.269108 -0.052654
v 3.446671 -0.180887 -0.091843
v 3.442720 -0.175436 -0.075717
v 3.511940 -0.323070 -0.057292
v 3.359077 -0.275519 -0.049592
v 3.432150 -0.371018 0.009662
v 3.438274 -0.366423 0.002512
v 3.534191 -0.380210 -0.003556
v 3.501820 -0.327711 -0.051574
v 3.541786 -0.384669 -0.001535
v 3.446388 -0.376309 0.012103
v 3.512019 -0.401650 0.058023
v 3.514293 -0.400696 0.052732
v 3.608656 -0.436429 0.039348
v 3.628032 -0.443063 0.042940
v 3.538745 -0.386572 0.003392
v 3.653232 -0.439797 0.054015
v 3.657509 -0.437575 0.045570
v 3.646284 -0.441239 0.047321
v 3.649927 -0.440881 0.057956
v 3.667634 -0.438269 0.052460
v 3.658199 -0.436530 0.041040
v 3.649232 -0.433715 0.037584
v 3.633061 -0.436323 0.033427
v 3.569374 -0.397748 0.008920
v 3.640099 -0.432609 0.027627
v 3.653781 -0.429600 0.021430
v 3.664019 -0.434082 0.039828
v 3.664482 -0.431744 0.032061
v 3.676930 -0.433346 0.044549
v 3.674469 -0.428684 0.036305
v 3.678649 -0.425703 0.033601
v 3.690492 -0.426202 0.044289
v 3.673901 -0.420696 0.028708
v 3.664655 -0.419746 0.018919
v 3.675110 -0.414285 0.018971
v 3.690703 -0.410321 0.021130
v 3.674599 -0.405350 0.038275
v 3.640517 -0.419348 0.013247
v 3.690686 -0.418089 0.031766
v 3.684012 -0.423538 0.035962
v 3.694660 -0.418045 0.039587
v 3.675627 -0.407021 0.044831
v 3.699830 -0.414494 0.040429
v 3.688723 -0.398048 0.066125
v 3.709599 -0.408211 0.068873
v 3.706147 -0.411948 0.061952
v 3.706143 -0.411948 0.053932
v 3.688713 -0.398048 0.049777
v 3.709587 -0.408211 0.047009
v 3.654715 -0.307890 0.008907
v 3.673734 -0.309980 -0.002077
v 3.611666 -0.264866 -0.036376
v 3.626644 -0.270027 -0.049271
v 3.557249 -0.102412 -0.043273
v 3.669365 -0.219132 0.014977
v 3.687341 -0.216993 0.003207
v 3.469702 0.070170 -0.012051
v 3.485355 0.077764 -0.023568
v 3.405912 -0.024895 -0.103952
v 3.419412 -0.024473 -0.118365
v 3.544765 -0.092945 -0.048725
v 3.528163 -0.096975 -0.036393
v 3.461203 -0.186462 -0.089290
v 3.456293 -0.182782 -0.072882
v 3.608341 -0.263927 -0.056664
v 3.602167 -0.258454 -0.040846
v 3.520202 -0.319099 -0.038274
v 3.599075 -0.339630 -0.008653
v 3.605501 -0.348515 -0.023120
v 3.547995 -0.381651 -0.003873
v 3.522384 -0.331278 -0.051360
v 3.512052 -0.323070 0.173337
v 3.522490 -0.331278 0.167423
v 3.541844 -0.384669 0.117551
v 3.520296 -0.319099 0.154340
v 3.548055 -0.381651 0.119911
v 3.640560 -0.419348 0.102702
v 3.605579 -0.348515 0.139103
v 3.599140 -0.339630 0.124643
v 3.653817 -0.429600 0.094507
v 3.569421 -0.397748 0.107098
v 3.628047 -0.443063 0.073022
v 3.640128 -0.432609 0.088323
v 3.649251 -0.433715 0.078357
v 3.633085 -0.436323 0.082530
v 3.658216 -0.436530 0.074892
v 3.646295 -0.441239 0.068622
v 3.664505 -0.431744 0.083865
v 3.657521 -0.437575 0.070361
v 3.639226 -0.439019 0.057961
v 3.622884 -0.441658 0.062021
v 3.544962 -0.411463 0.058007
v 3.622880 -0.441658 0.053945
v 3.653236 -0.439797 0.061894
v 3.667639 -0.438269 0.063435
v 3.676942 -0.433346 0.071365
v 3.664037 -0.434082 0.076099
v 3.674490 -0.428684 0.079611
v 3.678673 -0.425703 0.082282
v 3.673929 -0.420696 0.087209
v 3.664693 -0.419746 0.096978
v 3.675148 -0.414285 0.096945
v 3.674618 -0.405350 0.077642
v 3.690711 -0.418089 0.084133
v 3.684034 -0.423538 0.079944
v 3.690505 -0.426202 0.071584
v 3.694678 -0.418045 0.076309
v 3.675640 -0.407021 0.071085
v 3.472677 0.072547 0.125716
v 3.471959 0.072419 0.122228
v 3.268060 0.212885 0.058141
v 3.257945 0.222168 0.058146
v 3.471897 0.072419 -0.006115
v 3.464004 0.078677 -0.010136
v 3.257086 0.220554 0.054544
v 3.080390 0.346771 -0.047121
v 3.072509 0.352460 -0.048074
v 3.214801 0.163313 -0.088355
v 3.204262 0.165523 -0.092430
v 3.070235 0.349361 -0.050437
v 2.744381 0.337091 -0.105376
v 2.748719 0.350491 -0.117224
v 3.078639 0.360497 -0.063104
v 2.971029 0.205125 -0.195363
v 2.702138 -0.169307 0.170635
v 2.536471 -0.011487 0.237799
v 2.534307 -0.014461 0.232370
v 2.270201 -0.000273 0.153145
v 2.715815 -0.174632 0.171135
v 2.263591 0.002831 0.152754
v 2.527174 -0.010063 0.238423
v 2.264907 0.006436 0.156749
v 2.024976 0.081658 0.267678
v 2.015586 0.083903 0.268330
v 2.320418 0.150566 0.267169
v 2.319315 0.141251 0.282055
v 2.321286 0.145834 0.285488
v 2.314050 0.146633 0.287545
v 2.329296 0.142953 0.286468
v 1.804204 0.200856 0.403276
v 2.310202 0.154071 0.272042
v 1.796300 0.208915 0.388759
v 2.060596 0.310276 0.333253
v 2.067840 0.306859 0.349317
v 1.790597 0.202551 0.406434
v 2.007727 0.083942 0.269318
v 1.762812 -0.018275 0.209670
v 1.535329 0.063460 0.308774
v 1.779397 0.208958 0.390850
v 1.286208 0.160156 0.397815
v 1.777987 0.201597 0.406581
v 1.291335 0.153004 0.413232
v 1.542336 0.338841 0.392316
v 1.543483 0.335940 0.409171
v 1.552303 0.343101 0.410067
v 1.534636 0.342479 0.411145
v 1.283870 0.469288 0.414531
v 1.288050 0.468701 0.397729
v 1.532797 0.342504 0.394150
v 1.279191 0.474609 0.397846
v 1.286830 0.474916 0.397898
v 1.560085 0.601943 0.295930
v 1.559530 0.613558 0.309494
v 1.819600 0.515445 0.390634
v 1.289627 0.482315 0.413514
v 1.816818 0.522790 0.406253
v 1.831229 0.510870 0.407202
v 1.827068 0.510699 0.390377
v 1.551886 0.342816 0.393015
v 1.836981 0.513350 0.388487
v 1.848110 0.518656 0.403029
v 2.386060 0.343696 0.271696
v 2.394135 0.350130 0.286803
v 2.120808 0.531520 0.265831
v 2.110040 0.521669 0.253145
v 2.397435 0.340416 0.269327
v 2.075636 0.311681 0.333612
v 2.395777 0.336875 0.269187
v 2.400071 0.340993 0.285590
v 2.627833 0.175724 0.293359
v 2.080108 0.310242 0.350353
v 2.627813 0.175628 0.310439
v 2.333695 0.149407 0.270680
v 2.638260 0.168684 0.291074
v 2.634409 0.167220 0.307875
v 2.823435 -0.015565 0.330576
v 2.546082 -0.014362 0.237541
v 2.554969 -0.002684 0.225437
v 2.823731 -0.011144 0.311610
v 2.818141 -0.023980 0.323684
v 2.719625 -0.167895 0.178900
v 2.983658 -0.144862 0.223119
v 2.993095 -0.147864 0.222495
v 2.731273 -0.177458 0.169833
v 2.943546 -0.215007 0.058299
v 2.945081 -0.213425 0.064067
v 3.191726 -0.256553 0.135505
v 2.991471 -0.150805 0.217178
v 1.282490 -0.080614 -0.087670
v 1.513250 -0.054745 0.058992
v 1.286328 -0.081202 -0.075516
v 1.292374 -0.079384 -0.087423
v 1.520459 -0.051786 0.052658
v 1.751780 -0.025539 -0.085112
v 1.527271 0.059394 -0.185432
v 1.526996 0.062929 -0.191313
v 1.285566 -0.071134 -0.097268
v 1.519172 0.062243 -0.191507
v 1.515124 0.075584 -0.179602
v 1.287129 0.155771 -0.275277
v 1.290991 0.153004 -0.295033
v 1.285879 0.160156 -0.279582
v 1.779076 0.208958 -0.273095
v 1.777649 0.201597 -0.288854
v 1.542013 0.338841 -0.274360
v 1.543144 0.335940 -0.291215
v 1.790260 0.202551 -0.288690
v 1.535086 0.063460 -0.190783
v 1.762146 -0.024561 -0.085033
v 1.528372 -0.053215 0.058985
v 1.762666 -0.018275 -0.091899
v 2.007523 0.083942 -0.151785
v 2.015383 0.083903 -0.150805
v 1.795980 0.208915 -0.271022
v 2.309995 0.154071 -0.154802
v 1.803870 0.200856 -0.285545
v 2.313828 0.146633 -0.170309
v 2.060329 0.310276 -0.215772
v 2.067558 0.306859 -0.231843
v 2.321066 0.145834 -0.168259
v 1.551962 0.343101 -0.292092
v 1.551562 0.342816 -0.275040
v 1.826746 0.510699 -0.272669
v 1.830891 0.510870 -0.289526
v 1.847777 0.518656 -0.285342
v 1.836661 0.513350 -0.270789
v 2.385853 0.343696 -0.154558
v 2.393913 0.350130 -0.169672
v 2.120607 0.531520 -0.148407
v 2.109852 0.521669 -0.135711
v 2.397231 0.340416 -0.152172
v 2.075369 0.311681 -0.216145
v 2.395573 0.336875 -0.152030
v 2.399851 0.340993 -0.168438
v 2.627605 0.175724 -0.176455
v 2.079825 0.310242 -0.232890
v 2.627568 0.175628 -0.193507
v 2.333489 0.149407 -0.153491
v 2.638034 0.168684 -0.174152
v 2.634167 0.167220 -0.190978
v 2.329075 0.142922 -0.169247
v 2.536297 -0.011487 -0.120779
v 2.823171 -0.015565 -0.213862
v 2.527000 -0.010063 -0.121394
v 2.319098 0.141251 -0.164825
v 2.024774 0.081658 -0.150190
v 2.320216 0.150566 -0.149939
v 2.264812 0.006436 -0.039466
v 2.263499 0.002831 -0.035469
v 2.257104 0.002055 -0.036339
v 2.014870 0.080525 -0.145232
v 1.773872 -0.023860 -0.083772
v 1.994000 -0.011285 0.052793
v 1.992962 -0.013278 0.058760
v 1.985700 -0.013931 0.058763
v 1.762005 -0.025696 -0.075860
v 1.762135 -0.025696 0.193631
v 2.970074 0.202785 0.314888
v 2.410431 0.337426 0.270192
v 2.412806 0.344695 0.285893
v 2.734663 0.349058 0.237253
v 2.731798 0.337398 0.223860
v 2.733778 0.340974 0.222452
v 2.720887 0.345005 0.222825
v 2.398425 0.342850 0.266850
v 2.125327 0.521748 0.250577
v 2.134366 0.533455 0.262588
v 2.449798 0.469922 0.147936
v 2.412585 0.344695 -0.168781
v 2.410226 0.337426 -0.153050
v 2.734490 0.349058 -0.120426
v 2.731637 0.337398 -0.107030
v 2.733619 0.340974 -0.105624
v 2.720728 0.345005 -0.105983
v 2.398223 0.342850 -0.149696
v 2.125141 0.521748 -0.133158
v 2.134168 0.533455 -0.145179
v 2.449712 0.469922 -0.030832
v 2.450914 0.472483 -0.028667
v 2.464471 0.469842 -0.028982
v 2.734105 0.342459 -0.102106
v 3.060978 0.354540 -0.047562
v 2.771078 0.408524 0.054949
v 2.772056 0.410010 0.058382
v 2.782951 0.405939 0.058377
v 3.072612 0.352460 0.164574
v 3.071895 0.351984 -0.044332
v 3.071994 0.351984 0.160832
v 3.248694 0.225928 0.058151
v 3.257090 0.220554 0.061748
v 3.080492 0.346771 0.163614
v 3.464070 0.078677 0.126227
v 3.214943 0.163313 0.204716
v 3.213699 0.161888 0.208459
v 3.224643 0.153619 0.206231
v 3.469770 0.070170 0.128166
v 3.238707 0.163102 0.217564
v 3.485434 0.077764 0.139668
v 3.419583 -0.024473 0.234501
v 3.544868 -0.092945 0.164739
v 3.406070 -0.024895 0.220129
v 3.528255 -0.096975 0.152450
v 3.461346 -0.186462 0.205413
v 3.456420 -0.182782 0.189010
v 3.608452 -0.263927 0.172615
v 3.602262 -0.258454 0.156832
v 2.834894 -0.011268 -0.196168
v 3.278559 -0.152262 -0.126542
v 2.992936 -0.147864 -0.105918
v 2.838046 -0.020602 -0.210915
v 3.107277 0.006836 -0.170638
v 3.103299 0.011655 -0.154343
v 2.650373 0.168847 -0.175312
v 2.648143 0.169850 -0.192279
v 2.967084 0.198894 -0.197780
v 2.968453 0.197949 -0.214805
v 3.202249 -0.258195 0.134937
v 2.955648 -0.218255 0.058293
v 3.202175 -0.258195 -0.018563
v 3.200359 -0.258769 0.127762
v 3.200292 -0.258769 -0.011414
v 3.297876 -0.308226 0.058127
v 3.303914 -0.309660 0.058124
v 3.209566 -0.261992 -0.017497
v 3.209639 -0.261992 0.133865
v 3.305656 -0.308171 0.064060
v 3.420938 -0.365433 0.107789
v 3.345788 -0.271521 0.163457
v 3.349390 -0.269108 0.168886
v 3.432197 -0.371018 0.106489
v 3.343060 -0.266507 0.170296
v 3.205232 -0.253860 0.140394
v 3.005467 -0.151521 0.221167
v 3.009018 -0.138028 0.209290
v 3.283810 -0.161117 0.236142
v 3.286149 -0.149618 0.222578
v 3.290908 -0.155161 0.240866
v 2.835141 -0.011268 0.312899
v 3.278738 -0.152262 0.242842
v 2.838307 -0.020602 0.327643
v 3.107499 0.006836 0.287104
v 3.103505 0.011655 0.270814
v 2.648386 0.169850 0.309190
v 2.650600 0.168847 0.292194
v 2.967332 0.198894 0.314382
v 2.968718 0.197949 0.331406
v 2.145644 0.607334 0.058686
v 2.450848 0.472326 0.142505
v 2.450767 0.472326 -0.025430
v 2.758888 0.414106 0.058388
v 2.464556 0.469842 0.146072
v 2.734260 0.342459 0.218935
v 3.061081 0.354540 0.164073
v 2.771081 0.408524 0.061815
v 2.748890 0.350491 0.234010
v 3.078756 0.360497 0.179598
v 3.070341 0.349361 0.166911
v 2.744540 0.337091 0.222194
v 3.204408 0.165523 0.208801
v 2.971275 0.205125 0.311961
v 2.978844 0.198583 0.312801
v 2.990255 0.201585 0.327765
v 3.224021 0.165868 0.223003
v 3.211503 0.158314 0.209811
v 3.123572 0.007391 0.286111
v 3.118138 0.009079 0.269512
v 3.401441 -0.022161 0.239040
v 3.394108 -0.020858 0.222779
v 3.299056 -0.161955 0.238133
v 3.298316 -0.152455 0.223304
v 3.442850 -0.175436 0.191830
v 3.446816 -0.180887 0.207980
v 3.359181 -0.275519 0.165786
v 3.438328 -0.366423 0.113633
v 3.534251 -0.380210 0.119609
v 3.501926 -0.327711 0.167658
v 3.538797 -0.386572 0.112656
v 3.446433 -0.376309 0.104006
v 3.514298 -0.400696 0.063340
v 3.608673 -0.436429 0.076632
v 3.503554 -0.397983 0.058027
v 3.430032 -0.371215 0.097232
v 3.314480 -0.314332 0.058119
v 3.429994 -0.371215 0.018892
v 3.420890 -0.365433 0.008373
v 3.305650 -0.308171 0.052186
v 3.345686 -0.271521 -0.047250
v 3.342951 -0.266507 -0.054059
v 3.205153 -0.253860 -0.024023
v 3.005309 -0.151521 -0.104601
v 3.008872 -0.138028 -0.092729
v 3.283637 -0.161117 -0.119847
v 3.285990 -0.149618 -0.106285
v 1.774010 -0.023860 0.201532
v 1.994006 -0.011285 0.064752
v 2.257196 0.002055 0.153630
v 2.015068 0.080525 0.262758
v 2.001750 -0.014985 0.058755
v 2.263254 0.002293 0.147464
v 2.263168 0.002293 -0.030179
v 2.484869 -0.088078 0.058521
v 2.493791 -0.089123 0.058517
v 2.270110 -0.000273 -0.035867
v 2.279264 0.015982 -0.029342
v 2.543941 -0.001077 -0.105110
v 2.534139 -0.014461 -0.115348
v 2.494097 -0.087101 0.052607
v 2.702029 -0.169307 -0.053804
v 2.715706 -0.174632 -0.054289
v 2.545908 -0.014362 -0.120531
v 2.554807 -0.002684 -0.108435
v 2.823486 -0.011144 -0.194897
v 2.719508 -0.167895 -0.062057
v 2.817883 -0.023980 -0.206938
v 2.983498 -0.144862 -0.106533
v 2.991316 -0.150805 -0.100599
v 2.731165 -0.177458 -0.053002
v 3.191651 -0.256553 -0.019120
v 2.945075 -0.213425 0.052557
v 2.934122 -0.212480 0.058303
v 2.715010 -0.175581 -0.044018
v 2.503108 -0.091777 0.058512
v 2.715109 -0.175581 0.160864
v 2.494103 -0.087101 0.064454
v 2.279350 0.015982 0.146612
v 2.544100 -0.001077 0.222094
v 1.527239 0.062929 0.309284
v 1.751919 -0.025539 0.202893
v 1.520465 -0.051786 0.065348
v 1.516767 -0.033109 0.062649
v 1.292517 -0.079384 0.205648
v 1.751990 -0.007828 0.196393
v 1.285534 -0.062389 0.199405
v 1.277951 -0.063170 -0.081337
v 1.285398 -0.062389 -0.081172
v 1.519415 0.062243 0.309513
v 1.285702 0.142694 0.405891
v 1.285717 -0.071134 0.215500
v 1.281241 0.152216 0.413603
v 2.460074 0.488866 0.152067
v 2.726664 0.357779 0.234922
v 2.737900 0.354372 0.234297
v 2.121881 0.537333 0.262932
v 2.450537 0.493192 0.152860
v 2.471713 0.486690 0.152540
v 1.879845 0.743002 0.201283
v 2.439700 0.477343 0.146732
v 1.866437 0.728280 0.195268
v 2.131139 0.610163 0.062322
v 2.143459 0.626712 0.064315
v 1.862565 0.749924 0.202417
v 2.101239 0.527293 0.252333
v 1.569805 0.605130 0.293618
v 2.111572 0.539573 0.263416
v 1.833317 0.532186 0.398956
v 1.832232 0.523658 0.406020
v 1.569607 0.618958 0.305409
v 1.559443 0.619873 0.306370
v 1.861979 0.741242 0.211394
v 1.856855 0.728723 0.198960
v 1.845439 0.749335 0.202566
v 1.848902 0.731794 0.196149
v 1.287009 0.697619 0.199488
v 1.288419 0.715334 0.205932
v 1.567116 0.712493 0.062849
v 1.565962 0.731465 0.065044
v 1.277870 0.714796 0.206021
v 1.550426 0.619277 0.306431
v 1.279268 0.481714 0.413688
v 1.282511 0.492395 0.405892
v 1.279126 0.697184 -0.081197
v 1.281576 0.716166 -0.076189
v 1.557018 0.732890 0.058971
v 1.287794 0.697622 -0.075630
v 1.557714 0.713760 0.058971
v 1.288277 0.715334 -0.087702
v 1.845300 0.749335 -0.084876
v 1.286872 0.697619 -0.081257
v 1.848769 0.731794 -0.078490
v 1.576761 0.731907 0.058961
v 2.132660 0.630974 0.058692
v 1.577122 0.712776 0.058961
v 1.862773 0.750431 -0.073375
v 1.857164 0.731851 -0.074893
v 2.121320 0.613891 0.058697
v 1.857082 0.732481 -0.078719
v 1.559747 0.606234 -0.176416
v 1.559239 0.607938 -0.172560
v 1.558562 0.623217 -0.182831
v 1.287836 0.693233 -0.085112
v 1.287851 0.479658 -0.275503
v 1.278862 0.474609 -0.279607
v 1.550216 0.605765 -0.176382
v 1.278356 0.159752 -0.279775
v 1.287783 0.167202 -0.279611
v 1.541825 0.342976 -0.275991
v 1.286501 0.474916 -0.279666
v 1.287721 0.468701 -0.279498
v 1.532472 0.342504 -0.276156
v 1.541138 0.347110 -0.274331
v 1.819278 0.515445 -0.272918
v 1.559855 0.601943 -0.177992
v 1.827332 0.515563 -0.273176
v 1.569578 0.605130 -0.175661
v 1.569368 0.618958 -0.187479
v 1.832987 0.532186 -0.281254
v 1.827810 0.518027 -0.270306
v 2.101052 0.527293 -0.134919
v 2.110959 0.525524 -0.134221
v 1.856719 0.728723 -0.081280
v 1.866305 0.728280 -0.077599
v 2.111892 0.526980 -0.130450
v 2.439614 0.477343 -0.029618
v 2.123040 0.540146 -0.140276
v 1.879707 0.743002 -0.083626
v 2.450445 0.493192 -0.035785
v 3.699847 -0.414494 0.075462
v 3.700377 -0.420964 0.063672
v 3.679264 -0.399433 0.071449
v 3.664682 -0.332201 0.095543
v 3.699332 -0.407264 0.078952
v 3.690739 -0.410321 0.094770
v 3.684385 -0.333499 0.106057
v 3.689476 -0.392014 0.071557
v 3.717182 -0.396508 0.073260
v 3.707411 -0.397391 0.082466
v 3.679305 -0.306615 0.115373
v 3.685010 -0.395595 0.102258
v 3.611777 -0.344895 0.140591
v 3.618153 -0.341815 0.138675
v 3.626748 -0.270027 0.165234
v 3.621502 -0.257764 0.170949
v 3.654763 -0.307890 0.107001
v 3.673792 -0.309980 0.117965
v 3.655079 -0.298796 0.106775
v 3.675144 -0.298578 0.117036
v 3.629142 -0.251331 0.164332
v 3.557347 -0.102412 0.159303
v 3.549814 -0.089079 0.161698
v 3.539856 -0.107485 0.147914
v 3.669407 -0.219132 0.100943
v 3.687394 -0.216993 0.112697
v 3.696406 -0.213492 0.104053
v 3.213553 0.161888 -0.092096
v 2.969825 0.202785 -0.198288
v 2.978597 0.198583 -0.196210
v 3.105362 0.015038 -0.155835
v 3.108098 0.018583 -0.154261
v 3.388860 -0.012128 -0.108418
v 3.211356 0.158314 -0.093474
v 3.397785 -0.017689 -0.106734
v 3.224499 0.153619 -0.089878
v 3.472611 0.072547 -0.009633
v 3.117933 0.009079 -0.153084
v 3.288931 -0.147716 -0.108904
v 3.238552 0.163102 -0.101226
v 3.393948 -0.020858 -0.106591
v 3.291336 -0.144551 -0.108708
v 3.438737 -0.168092 -0.078811
v 3.446514 -0.173088 -0.076873
v 3.298156 -0.152455 -0.107023
v 3.355988 -0.256524 -0.040614
v 3.442720 -0.175436 -0.075717
v 3.503509 -0.307659 -0.044822
v 3.360009 -0.254079 -0.041601
v 3.511592 -0.313412 -0.042546
v 3.359077 -0.275519 -0.049592
v 3.367384 -0.263118 -0.037862
v 3.442523 -0.355043 0.015932
v 3.508114 -0.314558 -0.039929
v 3.445348 -0.352888 0.013595
v 3.539200 -0.365986 0.007359
v 3.501820 -0.327711 -0.051574
v 3.546519 -0.370164 0.009157
v 3.453572 -0.359020 0.017615
v 3.446388 -0.376309 0.012103
v 3.617938 -0.419921 0.045308
v 3.630262 -0.424587 0.047159
v 3.608656 -0.436429 0.039348
v 3.538745 -0.386572 0.003392
v 3.544654 -0.371148 0.012703
v 3.574897 -0.383084 0.019245
v 3.632418 -0.421613 0.044345
v 3.648897 -0.414934 0.031899
v 3.652333 -0.418931 0.046503
v 3.639333 -0.408332 0.027176
v 3.640773 -0.422787 0.049856
v 3.661280 -0.419947 0.054799
v 3.650433 -0.420074 0.050499
v 3.657509 -0.437575 0.045570
v 3.646284 -0.441239 0.047321
v 3.569374 -0.397748 0.008920
v 3.644380 -0.415388 0.034463
v 3.646463 -0.416360 0.044536
v 3.640099 -0.432609 0.027627
v 3.654746 -0.415578 0.038340
v 3.664482 -0.431744 0.032061
v 3.661623 -0.414295 0.043402
v 3.674469 -0.428684 0.036305
v 3.666274 -0.411691 0.041627
v 3.662819 -0.407913 0.038928
v 3.652549 -0.411165 0.031757
v 3.620393 -0.357213 0.004055
v 3.669435 -0.402399 0.031749
v 3.675209 -0.401341 0.031914
v 3.603572 -0.337314 -0.009950
v 3.671291 -0.409087 0.043088
v 3.690686 -0.418089 0.031766
v 3.684012 -0.423538 0.035962
v 3.680399 -0.404355 0.046319
v 3.679804 -0.410388 0.054818
v 3.682603 -0.403274 0.050286
v 3.679807 -0.410388 0.061093
v 3.688723 -0.398048 0.066125
v 3.684356 -0.402450 0.061935
v 3.706147 -0.411948 0.061952
v 3.701665 -0.414235 0.045071
v 3.688713 -0.398048 0.049777
v 3.709587 -0.408211 0.047009
v 3.693788 -0.391748 0.047158
v 3.710068 -0.401581 0.057927
v 3.717567 -0.391991 0.053364
v 3.699657 -0.401360 0.027007
v 3.684338 -0.333499 0.009849
v 3.677531 -0.398176 0.034587
v 3.679250 -0.399433 0.044463
v 3.689463 -0.392014 0.044345
v 3.664645 -0.332201 0.020383
v 3.659034 -0.305605 0.010621
v 3.670112 -0.391820 0.026965
v 3.654715 -0.307890 0.008907
v 3.608077 -0.335217 -0.008207
v 3.611666 -0.264866 -0.036376
v 3.607130 -0.256608 -0.040989
v 3.629039 -0.251331 -0.048401
v 3.557249 -0.102412 -0.043273
v 3.609230 -0.254581 -0.038289
v 3.655032 -0.298796 0.009160
v 3.669365 -0.219132 0.014977
v 3.539768 -0.107485 -0.031868
v 3.673311 -0.217889 0.017396
v 3.531762 -0.094565 -0.034762
v 3.674468 -0.228115 0.019421
v 3.660929 -0.304841 0.014363
v 3.692147 -0.380105 0.045076
v 3.682305 -0.305406 0.005433
v 3.698331 -0.228389 0.014092
v 3.715952 -0.379116 0.039690
v 3.682686 -0.322075 0.057940
v 3.692796 -0.390267 0.051041
v 3.707724 -0.320546 0.057928
v 3.715970 -0.379116 0.076186
v 3.698374 -0.228389 0.101801
v 3.692159 -0.380105 0.070823
v 3.674505 -0.228115 0.096495
v 3.704941 -0.292520 0.063079
v 3.679963 -0.293765 0.061684
v 3.678122 -0.285593 0.057942
v 3.702923 -0.282550 0.057930
v 3.595581 -0.068829 0.057982
v 3.573148 -0.077484 0.057993
v 3.672307 -0.217514 0.020998
v 3.696094 -0.211600 0.022562
v 3.666459 -0.208217 0.016499
v 3.687207 -0.199598 0.010664
v 3.501005 0.070172 -0.014093
v 3.479237 0.063159 -0.008286
v 3.552374 -0.087146 -0.040653
v 3.533237 -0.093739 -0.031245
v 3.524319 -0.088085 -0.035940
v 3.469702 0.070170 -0.012051
v 3.399242 -0.015570 -0.104173
v 3.415709 -0.007248 -0.114734
v 3.405912 -0.024895 -0.103952
v 3.450193 -0.170837 -0.075103
v 3.599723 -0.248485 -0.043265
v 3.528163 -0.096975 -0.036393
v 3.456293 -0.182782 -0.072882
v 3.602167 -0.258454 -0.040846
v 3.515263 -0.310653 -0.042267
v 3.598084 -0.331677 -0.012311
v 3.520202 -0.319099 -0.038274
v 3.599075 -0.339630 -0.008653
v 3.551119 -0.368002 0.007916
v 3.512052 -0.323070 0.173337
v 3.606140 -0.338506 0.143296
v 3.522490 -0.331278 0.167423
v 3.541844 -0.384669 0.117551
v 3.548055 -0.381651 0.119911
v 3.640560 -0.419348 0.102702
v 3.605579 -0.348515 0.139103
v 3.551167 -0.368002 0.108120
v 3.653817 -0.429600 0.094507
v 3.569421 -0.397748 0.107098
v 3.628047 -0.443063 0.073022
v 3.632432 -0.421613 0.071612
v 3.649251 -0.433715 0.078357
v 3.633085 -0.436323 0.082530
v 3.646477 -0.416360 0.071408
v 3.658216 -0.436530 0.074892
v 3.639226 -0.439019 0.057961
v 3.544962 -0.411463 0.058007
v 3.639713 -0.419854 0.057961
v 3.629018 -0.423391 0.050988
v 3.622880 -0.441658 0.053945
v 3.555616 -0.394098 0.058002
v 3.640781 -0.422787 0.066093
v 3.648538 -0.420995 0.062037
v 3.653236 -0.439797 0.061894
v 3.661283 -0.419947 0.061130
v 3.667639 -0.438269 0.063435
v 3.676942 -0.433346 0.071365
v 3.666720 -0.417151 0.065574
v 3.664037 -0.434082 0.076099
v 3.657149 -0.416455 0.071319
v 3.678673 -0.425703 0.082282
v 3.673929 -0.420696 0.087209
v 3.664693 -0.419746 0.096978
v 3.627438 -0.365244 0.126627
v 3.675148 -0.414285 0.096945
v 3.690505 -0.426202 0.071584
v 3.674402 -0.413182 0.065542
v 3.694678 -0.418045 0.076309
v 3.666499 -0.208217 0.099425
v 3.479301 0.063159 0.124391
v 3.501076 0.070172 0.130178
v 3.687253 -0.199598 0.105240
v 3.586761 -0.055596 0.063361
v 3.491906 0.083278 0.131166
v 3.564501 -0.064220 0.061486
v 3.580208 -0.046586 0.057990
v 3.285485 0.226672 0.058133
v 3.558516 -0.056282 0.058000
v 3.268060 0.212885 0.058141
v 3.471897 0.072419 -0.006115
v 3.491560 0.084255 -0.004774
v 3.464004 0.078677 -0.010136
v 3.479240 0.092015 -0.016671
v 3.097805 0.358663 -0.053405
v 3.080390 0.346771 -0.047121
v 3.072509 0.352460 -0.048074
v 3.229423 0.173840 -0.098605
v 3.214801 0.163313 -0.088355
v 3.204262 0.165523 -0.092430
v 3.070235 0.349361 -0.050437
v 2.744381 0.337091 -0.105376
v 2.980186 0.217782 -0.206566
v 2.971029 0.205125 -0.195363
v 2.702138 -0.169307 0.170635
v 2.536471 -0.011487 0.237799
v 2.270201 -0.000273 0.153145
v 2.715815 -0.174632 0.171135
v 2.263591 0.002831 0.152754
v 2.527174 -0.010063 0.238423
v 2.264907 0.006436 0.156749
v 2.024976 0.081658 0.267678
v 2.015586 0.083903 0.268330
v 2.269267 0.023023 0.148784
v 2.319315 0.141251 0.282055
v 2.321286 0.145834 0.285488
v 2.314050 0.146633 0.287545
v 2.329296 0.142953 0.286468
v 2.017814 0.089814 0.271030
v 1.804204 0.200856 0.403276
v 2.067840 0.306859 0.349317
v 2.069200 0.313460 0.351005
v 1.790597 0.202551 0.406434
v 2.007727 0.083942 0.269318
v 1.762812 -0.018275 0.209670
v 1.535329 0.063460 0.308774
v 1.789860 0.193456 0.399990
v 1.759806 -0.003919 0.198556
v 2.002856 0.097283 0.257559
v 1.526393 0.069336 0.312436
v 1.777987 0.201597 0.406581
v 1.291335 0.153004 0.413232
v 1.543483 0.335940 0.409171
v 1.543090 0.343073 0.411028
v 1.552303 0.343101 0.410067
v 1.791691 0.213037 0.407081
v 2.060052 0.314916 0.352135
v 1.534636 0.342479 0.411145
v 1.284084 0.166557 0.414671
v 1.283870 0.469288 0.414531
v 1.559530 0.613558 0.309494
v 1.289627 0.482315 0.413514
v 1.542178 0.349952 0.409199
v 1.816818 0.522790 0.406253
v 1.831229 0.510870 0.407202
v 1.848110 0.518656 0.403029
v 2.386060 0.343696 0.271696
v 2.071478 0.319561 0.349062
v 2.394135 0.350130 0.286803
v 2.402702 0.347220 0.284857
v 2.120808 0.531520 0.265831
v 2.110040 0.521669 0.253145
v 2.400071 0.340993 0.285590
v 2.323402 0.151459 0.285992
v 2.080108 0.310242 0.350353
v 2.627813 0.175628 0.310439
v 2.638052 0.173229 0.309533
v 2.634409 0.167220 0.307875
v 2.538707 -0.005670 0.240641
v 2.808234 -0.010623 0.329402
v 2.823435 -0.015565 0.330576
v 2.546082 -0.014362 0.237541
v 2.818141 -0.023980 0.323684
v 2.983658 -0.144862 0.223119
v 2.993095 -0.147864 0.222495
v 2.731273 -0.177458 0.169833
v 2.733729 -0.159643 0.163810
v 2.945081 -0.213425 0.064067
v 3.191726 -0.256553 0.135505
v 2.950406 -0.194907 0.061700
v 3.198089 -0.239391 0.129227
v 1.286758 -0.062069 -0.075010
v 1.513250 -0.054745 0.058992
v 1.508169 -0.036009 0.058995
v 1.286328 -0.081202 -0.075516
v 1.292374 -0.079384 -0.087423
v 1.751780 -0.025539 -0.085112
v 1.751857 -0.007828 -0.078640
v 1.527271 0.059394 -0.185432
v 1.524228 0.076402 -0.179325
v 1.759325 -0.007078 -0.078306
v 1.526479 -0.034122 0.058986
v 1.287226 -0.057204 -0.085591
v 1.515124 0.075584 -0.179602
v 1.287129 0.155771 -0.275277
v 1.285879 0.160156 -0.279582
v 1.523601 0.080567 -0.180732
v 1.779076 0.208958 -0.273095
v 1.786757 0.209044 -0.272818
v 1.542013 0.338841 -0.274360
v 1.528372 -0.053215 0.058985
v 1.533709 0.076999 -0.178767
v 1.759671 -0.003919 -0.080782
v 2.002664 0.097283 -0.140021
v 2.011786 0.097467 -0.139013
v 1.795980 0.208915 -0.271022
v 2.013434 0.101420 -0.140251
v 2.309995 0.154071 -0.154802
v 2.321457 0.153097 -0.152501
v 2.060329 0.310276 -0.215772
v 2.061617 0.314100 -0.217208
v 1.787349 0.213025 -0.272509
v 2.052077 0.315052 -0.218413
v 1.551562 0.342816 -0.275040
v 1.826746 0.510699 -0.272669
v 1.836661 0.513350 -0.270789
v 2.063346 0.317895 -0.215464
v 2.385853 0.343696 -0.154558
v 2.109852 0.521669 -0.135711
v 2.397231 0.340416 -0.152172
v 2.075369 0.311681 -0.216145
v 2.395573 0.336875 -0.152030
v 2.323073 0.156922 -0.152417
v 2.627605 0.175724 -0.176455
v 2.639973 0.172320 -0.175645
v 2.333489 0.149407 -0.153491
v 2.638034 0.168684 -0.174152
v 2.815823 -0.005421 -0.197116
v 2.546457 0.004203 -0.110035
v 2.544784 0.000378 -0.108684
v 2.825200 -0.008740 -0.197965
v 2.527000 -0.010063 -0.121394
v 2.319098 0.141251 -0.164825
v 2.024774 0.081658 -0.150190
v 2.532768 0.002803 -0.109410
v 2.320216 0.150566 -0.149939
v 2.024774 0.095739 -0.138625
v 2.269179 0.023023 -0.031505
v 2.267955 0.020177 -0.028915
v 2.257104 0.002055 -0.036339
v 2.014870 0.080525 -0.145232
v 1.773872 -0.023860 -0.083772
v 2.256556 0.019733 -0.029810
v 2.011217 0.095982 -0.135467
v 1.768293 -0.006451 -0.077776
v 1.985700 -0.013931 0.058763
v 1.762005 -0.025696 -0.075860
v 1.982027 0.005033 0.058765
v 1.759239 -0.006762 -0.074310
v 2.976021 0.209338 0.330417
v 2.958705 0.213736 0.329244
v 2.640567 0.179393 0.307759
v 2.412806 0.344695 0.285893
v 2.734663 0.349058 0.237253
v 2.720887 0.345005 0.222825
v 2.404433 0.351929 0.281310
v 2.134366 0.533455 0.262588
v 2.449798 0.469922 0.147936
v 2.458304 0.484850 0.156937
v 3.095948 0.018293 -0.156365
v 2.959241 0.205530 -0.197214
v 2.641552 0.175986 -0.174070
v 2.410226 0.337426 -0.153050
v 2.731637 0.337398 -0.107030
v 2.733619 0.340974 -0.105624
v 2.720728 0.345005 -0.105983
v 2.398223 0.342850 -0.149696
v 2.125141 0.521748 -0.133158
v 2.404217 0.351929 -0.164162
v 2.134168 0.533455 -0.145179
v 2.449712 0.469922 -0.030832
v 2.450914 0.472483 -0.028667
v 2.464471 0.469842 -0.028982
v 2.471622 0.486690 -0.035458
v 2.734105 0.342459 -0.102106
v 3.060978 0.354540 -0.047562
v 2.738779 0.357436 -0.112267
v 3.065116 0.372044 -0.053896
v 2.782951 0.405939 0.058377
v 3.071895 0.351984 -0.044332
v 2.789963 0.424334 0.058373
v 3.248694 0.225928 0.058151
v 3.264712 0.240690 0.058143
v 3.083616 0.368880 -0.043071
v 3.083963 0.368028 0.170872
v 3.097913 0.358663 0.169852
v 3.227300 0.171213 0.220159
v 3.274059 0.234497 0.063822
v 3.257090 0.220554 0.061748
v 3.479312 0.092015 0.132776
v 3.080492 0.346771 0.163614
v 3.464070 0.078677 0.126227
v 3.469770 0.070170 0.128166
v 3.238707 0.163102 0.217564
v 3.524410 -0.088085 0.152002
v 3.485434 0.077764 0.139668
v 3.542313 -0.081777 0.162545
v 3.415876 -0.007248 0.230901
v 3.410826 -0.013704 0.237122
v 3.419583 -0.024473 0.234501
v 3.453027 -0.176258 0.209272
v 3.544868 -0.092945 0.164739
v 3.458769 -0.172073 0.207271
v 3.611966 -0.246080 0.174021
v 3.461346 -0.186462 0.205413
v 3.608452 -0.263927 0.172615
v 3.522136 -0.315714 0.174120
v 3.278843 -0.143862 -0.111206
v 2.995314 -0.133966 -0.094298
v 2.998002 -0.130484 -0.095678
v 2.834894 -0.011268 -0.196168
v 3.103299 0.011655 -0.154343
v 2.827346 -0.005007 -0.197544
v 2.650373 0.168847 -0.175312
v 2.967084 0.198894 -0.197780
v 3.202249 -0.258195 0.134937
v 2.955648 -0.218255 0.058293
v 2.962859 -0.199920 0.058289
v 3.209506 -0.241565 -0.011729
v 3.208740 -0.241095 -0.008211
v 3.200292 -0.258769 -0.011414
v 3.307806 -0.290641 0.058122
v 3.297876 -0.308226 0.058127
v 3.218384 -0.245423 -0.011339
v 3.209566 -0.261992 -0.017497
v 3.218451 -0.245423 0.127698
v 3.209639 -0.261992 0.133865
v 3.318313 -0.291871 0.061437
v 3.434229 -0.350996 0.101114
v 3.305656 -0.308171 0.064060
v 3.420938 -0.365433 0.107789
v 3.349390 -0.269108 0.168886
v 3.432197 -0.371018 0.106489
v 3.343060 -0.266507 0.170296
v 3.205232 -0.253860 0.140394
v 3.005467 -0.151521 0.221167
v 3.211095 -0.239004 0.130374
v 3.283810 -0.161117 0.236142
v 3.290908 -0.155161 0.240866
v 2.997056 -0.142738 0.225336
v 3.278738 -0.152262 0.242842
v 2.838307 -0.020602 0.327643
v 3.107499 0.006836 0.287104
v 3.111134 0.012688 0.288819
v 3.101536 0.016510 0.289443
v 2.829415 -0.004845 0.331304
v 2.648386 0.169850 0.309190
v 2.968718 0.197949 0.331406
v 2.145644 0.607334 0.058686
v 2.156569 0.624606 0.058680
v 2.767069 0.432220 0.058384
v 2.460133 0.489654 -0.028952
v 2.450767 0.472326 -0.025430
v 2.758888 0.414106 0.058388
v 2.464556 0.469842 0.146072
v 3.061081 0.354540 0.164073
v 3.065225 0.372044 0.170402
v 2.771081 0.408524 0.061815
v 2.777444 0.426885 0.064063
v 2.748890 0.350491 0.234010
v 3.078756 0.360497 0.179598
v 3.217344 0.175508 0.220417
v 2.980443 0.217782 0.323156
v 3.115394 0.018195 0.287072
v 2.990255 0.201585 0.327765
v 3.397733 -0.007966 0.240167
v 3.224021 0.165868 0.223003
v 3.123572 0.007391 0.286111
v 3.401441 -0.022161 0.239040
v 3.296965 -0.147723 0.241398
v 3.446253 -0.170943 0.211048
v 3.299056 -0.161955 0.238133
v 3.355085 -0.264955 0.171443
v 3.501559 -0.314990 0.176606
v 3.446816 -0.180887 0.207980
v 3.359181 -0.275519 0.165786
v 3.445391 -0.352888 0.102544
v 3.438328 -0.366423 0.113633
v 3.534251 -0.380210 0.119609
v 3.501926 -0.327711 0.167658
v 3.539249 -0.365986 0.108688
v 3.453611 -0.359020 0.098515
v 3.617950 -0.419921 0.070663
v 3.446433 -0.376309 0.104006
v 3.524326 -0.383270 0.061535
v 3.514298 -0.400696 0.063340
v 3.608673 -0.436429 0.076632
v 3.514202 -0.380618 0.058022
v 3.328436 -0.298409 0.058112
v 3.503554 -0.397983 0.058027
v 3.314480 -0.314332 0.058119
v 3.442333 -0.354538 0.019534
v 3.429994 -0.371215 0.018892
v 3.420890 -0.365433 0.008373
v 3.434187 -0.350996 0.015036
v 3.345686 -0.271521 -0.047250
v 3.354418 -0.257444 -0.037265
v 3.005309 -0.151521 -0.104601
v 3.211025 -0.239004 -0.014008
v 3.347683 -0.253361 -0.042073
v 3.008872 -0.138028 -0.092729
v 3.283637 -0.161117 -0.119847
v 3.285990 -0.149618 -0.106285
v 1.768425 -0.006451 0.195541
v 1.774010 -0.023860 0.201532
v 1.994006 -0.011285 0.064752
v 2.257196 0.002055 0.153630
v 1.991674 0.007555 0.062249
v 2.256642 0.019733 0.147102
v 2.001750 -0.014985 0.058755
v 2.263168 0.002293 -0.030179
v 2.003538 0.004118 0.058754
v 2.267927 0.020271 -0.025257
v 2.492987 -0.069962 0.058517
v 2.484869 -0.088078 0.058521
v 2.270110 -0.000273 -0.035867
v 2.279264 0.015982 -0.029342
v 2.543941 -0.001077 -0.105110
v 2.714865 -0.154525 -0.047338
v 2.534139 -0.014461 -0.115348
v 2.702029 -0.169307 -0.053804
v 2.723505 -0.158034 -0.047624
v 2.554807 -0.002684 -0.108435
v 2.725218 -0.155093 -0.049960
v 2.985793 -0.131153 -0.094715
v 2.733627 -0.159643 -0.046981
v 2.994619 -0.135293 -0.090893
v 3.198020 -0.239391 -0.012848
v 2.991316 -0.150805 -0.100599
v 2.731165 -0.177458 -0.053002
v 3.191651 -0.256553 -0.019120
v 2.934122 -0.212480 0.058303
v 2.715010 -0.175581 -0.044018
v 2.503108 -0.091777 0.058512
v 2.723643 -0.157591 -0.043853
v 2.939589 -0.193772 0.058301
v 2.514759 -0.074790 0.058507
v 2.494103 -0.087101 0.064454
v 2.505566 -0.070239 0.062057
v 2.714968 -0.154525 0.164185
v 2.279350 0.015982 0.146612
vn -0.0735 0.4623 -0.8836
vn -0.3348 0.8456 -0.4158
vn 0.0873 -0.9948 0.0530
vn -0.8412 0.4903 0.2281
vn -0.3837 -0.8434 0.3762
vn -0.8393 0.4890 -0.2375
vn -0.0260 0.8205 -0.5711
vn -0.1703 -0.6726 0.7202
vn -0.3659 0.6011 -0.7105
vn -0.0073 0.4603 -0.8877
vn -0.1702 -0.6725 0.7202
vn 0.0432 -0.7890 0.6129
vn 0.0297 -0.5441 0.8385
vn -0.4086 -0.3365 0.8484
vn -0.7668 0.2168 -0.6042
vn -0.1580 -0.8896 -0.4286
vn 0.0493 0.6933 0.7190
vn 0.1140 0.2502 0.9615
vn -0.2242 -0.6615 -0.7157
vn -0.0772 0.7803 0.6207
vn -0.2631 0.6243 0.7356
vn 0.0952 -0.4647 -0.8803
vn -0.5419 0.7575 0.3640
vn -0.5423 0.7575 -0.3634
vn -0.6785 -0.6692 -0.3031
vn -0.6782 -0.6692 0.3038
vn -0.6922 -0.2581 0.6740
vn 0.0960 -0.4646 0.8803
vn -0.2234 -0.6615 0.7159
vn -0.0778 0.7803 -0.6206
vn -0.2638 0.6243 -0.7353
vn -0.4720 0.2836 -0.8347
vn -0.7662 0.2169 0.6049
vn 0.1130 0.2504 -0.9615
vn 0.0486 0.6933 -0.7190
vn -0.1577 -0.8895 0.4289
vn -0.4038 0.5104 -0.7592
vn -0.6749 0.5773 -0.4597
vn -0.4837 0.5008 -0.7179
vn -0.6542 0.6483 -0.3895
vn -0.6394 0.0494 -0.7673
vn 0.1607 -0.2808 0.9462
vn -0.6394 0.0493 -0.7673
vn -0.9440 0.2686 -0.1914
vn -0.8707 0.3260 -0.3682
vn -0.6748 0.5774 -0.4597
vn -0.9440 0.2688 -0.1913
vn -0.6735 0.0498 -0.7375
vn -0.4744 0.3405 -0.8118
vn -0.4302 0.0603 -0.9007
vn -0.6735 0.0497 -0.7375
vn -0.4121 0.0835 -0.9073
vn 0.3914 -0.0600 0.9183
vn -0.9004 -0.2687 -0.3422
vn -0.7097 0.2013 -0.6751
vn -0.3041 0.1390 -0.9425
vn -0.4982 -0.3408 -0.7973
vn -0.5808 -0.3119 -0.7519
vn 0.1132 0.3007 -0.9470
vn -0.4841 -0.7490 0.4524
vn 0.1300 -0.1488 -0.9803
vn -0.4216 -0.1244 0.8982
vn -0.4200 -0.4915 0.7629
vn -0.3833 -0.2074 0.9000
vn -0.3397 -0.5497 0.7631
vn -0.0542 -0.4036 -0.9133
vn 0.0532 0.0495 -0.9974
vn -0.4051 -0.2638 0.8754
vn -0.3153 0.3218 0.8928
vn -0.2113 -0.6424 -0.7367
vn -0.0567 0.5099 0.8583
vn -0.3365 -0.1209 0.9339
vn -0.1586 -0.2015 -0.9666
vn -0.4725 -0.8347 -0.2830
vn -0.0023 0.8272 0.5619
vn -0.0830 0.3813 0.9207
vn -0.3317 -0.5144 -0.7908
vn -0.2860 0.9521 0.1086
vn 0.0742 -0.9340 0.3495
vn 0.0567 -0.9738 -0.2202
vn -0.1602 -0.7449 -0.6477
vn -0.1949 0.9215 0.3360
vn -0.2204 0.6486 0.7285
vn -0.4383 -0.8984 0.0284
vn 0.2211 -0.8063 -0.5486
vn -0.3782 0.8863 0.2674
vn -0.6459 0.3092 0.6980
vn 0.0210 -0.9932 -0.1149
vn -0.1473 0.7458 0.6497
vn -0.3974 0.7755 0.4906
vn -0.0717 0.7734 0.6299
vn 0.1781 -0.3849 -0.9056
vn -0.3969 0.7757 0.4907
vn -0.5931 0.4119 0.6918
vn -0.2435 -0.6668 -0.7043
vn -0.1790 0.3724 0.9107
vn 0.2147 -0.4275 -0.8781
vn -0.3738 0.7350 0.5657
vn -0.5248 0.8041 0.2792
vn 0.0097 0.8208 0.5712
vn 0.1738 -0.8454 -0.5051
vn -0.5247 0.8041 0.2794
vn -0.9784 0.1712 0.1156
vn -0.6743 0.5774 0.4603
vn -0.4831 0.8756 0.0002
vn -0.6744 0.5773 0.4604
vn -0.4829 0.5008 0.7183
vn -0.5055 0.5686 0.6490
vn -0.6423 0.7569 0.1205
vn -0.3224 0.5201 0.7910
vn -0.8575 0.5146 0.0004
vn -0.6424 0.7570 -0.1199
vn -0.3220 0.5255 -0.7875
vn -0.8493 0.4096 -0.3330
vn -0.7503 0.2705 0.6032
vn -0.7509 0.2706 -0.6024
vn -0.8489 0.4097 0.3339
vn -0.8703 0.3261 0.3690
vn -0.7968 0.6042 0.0004
vn -0.4031 0.5104 0.7596
vn -0.6539 0.6483 0.3901
vn -0.9438 0.2689 0.1921
vn -0.6387 0.0494 0.7679
vn -0.6386 0.0494 0.7679
vn 0.1597 -0.2807 -0.9464
vn -0.9438 0.2687 0.1923
vn -0.6727 0.0499 0.7382
vn -0.4736 0.3406 0.8122
vn -0.9001 -0.2687 0.3431
vn 0.3905 -0.0600 -0.9186
vn -0.6728 0.0497 0.7381
vn -0.4294 0.0604 0.9011
vn -0.4111 0.0836 0.9077
vn -0.7091 0.2014 0.6757
vn -0.3033 0.1391 0.9427
vn -0.4974 -0.3407 0.7978
vn -0.5760 -0.3095 0.7566
vn -0.8551 -0.2714 0.4418
vn -0.6727 0.0498 0.7382
vn -0.8666 -0.2051 0.4548
vn -0.3220 0.1102 0.9403
vn -0.9046 0.1248 0.4075
vn -0.7883 -0.2056 -0.5799
vn -0.9919 -0.1271 0.0005
vn -0.9906 -0.1371 0.0005
vn -0.8023 0.3168 0.5060
vn -0.8028 0.3167 -0.5052
vn -0.9050 0.1248 -0.4067
vn -0.3230 0.1102 -0.9400
vn -0.8671 -0.2051 -0.4539
vn -0.8555 -0.2712 -0.4410
vn -0.7877 -0.2056 0.5807
vn -0.9993 0.0379 0.0005
vn -0.7761 -0.2316 -0.5865
vn -0.7812 -0.6243 0.0004
vn -0.8211 -0.5708 0.0004
vn -0.7755 -0.2317 0.5873
vn -0.8286 -0.3466 0.4395
vn -0.5760 -0.3096 0.7566
vn -0.6640 -0.5132 -0.5437
vn -0.6719 -0.6093 0.4211
vn -0.6625 -0.6336 0.3995
vn -0.2910 -0.1113 0.9502
vn 0.2023 0.0654 -0.9771
vn 0.4081 0.5391 -0.7367
vn -0.6704 -0.6772 0.3033
vn -0.3831 -0.2077 0.9000
vn -0.6677 -0.1841 0.7213
vn -0.2429 -0.0081 0.9700
vn -0.5761 -0.3095 0.7565
vn -0.3234 -0.2178 0.9209
vn 0.2622 0.2507 -0.9319
vn -0.7363 -0.5647 0.3728
vn 0.1250 -0.1848 -0.9748
vn -0.4331 0.0454 0.9002
vn -0.4332 0.0452 0.9002
vn -0.1834 -0.4697 -0.8636
vn 0.0968 -0.0916 -0.9911
vn -0.4977 0.0064 0.8673
vn -0.3026 0.5010 0.8108
vn -0.2033 -0.7704 -0.6043
vn -0.0922 0.6457 0.7580
vn -0.4381 0.0375 0.8982
vn -0.0430 -0.4247 -0.9043
vn -0.0929 0.6456 -0.7580
vn -0.2027 -0.7703 0.6046
vn -0.4390 0.0375 -0.8977
vn -0.0421 -0.4248 0.9043
vn -0.2211 0.6486 -0.7283
vn -0.1596 -0.7449 0.6478
vn -0.4384 -0.8984 -0.0281
vn -0.1952 0.9214 -0.3359
vn -0.2861 0.9520 -0.1085
vn 0.0569 -0.9738 0.2202
vn 0.0739 -0.9340 -0.3495
vn 0.2217 -0.8063 0.5484
vn -0.6467 0.3091 -0.6973
vn -0.3786 0.8862 -0.2671
vn 0.0212 -0.9931 0.1150
vn -0.3982 0.7690 -0.5000
vn -0.1478 0.7460 -0.6493
vn -0.0720 0.7735 -0.6297
vn 0.1790 -0.3849 0.9055
vn -0.5937 0.4119 -0.6912
vn -0.3980 0.7690 -0.5003
vn -0.2428 -0.6668 0.7045
vn -0.1800 0.3724 -0.9105
vn 0.2156 -0.4275 0.8779
vn -0.5268 0.8061 -0.2697
vn -0.3748 0.7348 -0.5653
vn 0.0087 0.8208 -0.5712
vn 0.1743 -0.8453 0.5051
vn -0.9785 0.1717 -0.1146
vn -0.5265 0.8062 -0.2699
vn -0.5064 0.5682 -0.6486
vn -0.5808 -0.3121 -0.7519
vn -0.8253 -0.3444 -0.4475
vn -0.2919 -0.1115 -0.9499
vn -0.6693 -0.6069 -0.4286
vn -0.6627 -0.6339 -0.3988
vn -0.6670 -0.5160 0.5374
vn -0.5939 -0.5601 -0.5775
vn -0.8947 -0.4466 0.0004
vn -0.4998 -0.8662 0.0003
vn -0.6628 -0.6337 -0.3989
vn -0.5736 -0.8191 0.0003
vn -0.5936 -0.5598 0.5782
vn -0.6624 -0.6337 0.3995
vn -0.5738 -0.8190 0.0005
vn -0.4104 -0.7974 0.4424
vn -0.4836 -0.7557 -0.4416
vn -0.4106 -0.7974 0.4423
vn -0.4202 -0.4912 0.7630
vn -0.2440 -0.2271 0.9428
vn 0.1578 0.6531 -0.7407
vn -0.3626 -0.8455 0.3919
vn 0.0849 0.1766 -0.9806
vn -0.5236 -0.4118 0.7458
vn -0.0593 0.0068 -0.9982
vn -0.0537 0.6930 -0.7189
vn -0.1460 -0.8993 0.4123
vn -0.0995 0.3072 -0.9464
vn -0.1278 -0.6307 0.7655
vn 0.0737 -0.8978 0.4342
vn -0.3782 0.6668 -0.6422
vn 0.0433 -0.0418 0.9982
vn -0.2421 0.3003 -0.9226
vn -0.0727 0.8389 -0.5393
vn -0.4712 0.2835 0.8352
vn -0.6928 -0.2582 -0.6733
vn -0.1257 -0.3463 -0.9296
vn -0.0318 0.0490 0.9983
vn 0.0837 -0.3661 0.9268
vn -0.3959 0.0750 -0.9152
vn -0.0266 -0.3345 -0.9420
vn 0.0475 0.3280 -0.9435
vn -0.2634 -0.5990 0.7562
vn -0.3757 -0.1608 0.9127
vn -0.0939 0.7341 -0.6725
vn -0.2663 -0.9077 0.3243
vn 0.0366 0.2847 -0.9579
vn -0.2946 -0.5654 0.7704
vn -0.3841 -0.8433 -0.3760
vn 0.0872 -0.9943 -0.0619
vn -0.3343 0.8456 0.4162
vn -0.0724 0.4680 0.8808
vn -0.4094 -0.3364 -0.8481
vn -0.0254 0.8205 0.5711
vn -0.1710 -0.6726 -0.7200
vn 0.0289 -0.5442 -0.8385
vn -0.3669 0.5961 0.7142
vn 0.0426 -0.7889 -0.6130
vn -0.1709 -0.6725 -0.7201
vn -0.0065 0.4546 0.8907
vn -0.2413 0.3004 0.9228
vn 0.0423 -0.0419 -0.9982
vn -0.0722 0.8390 0.5393
vn 0.0733 -0.8978 -0.4342
vn -0.1284 -0.6307 -0.7653
vn -0.0986 0.3073 0.9465
vn -0.3776 0.6668 0.6425
vn -0.1249 -0.3463 0.9298
vn -0.0327 0.0489 -0.9983
vn -0.3951 0.0751 0.9156
vn 0.0828 -0.3662 -0.9269
vn -0.2641 -0.5990 -0.7559
vn 0.0484 0.3280 0.9434
vn -0.0257 -0.3345 0.9421
vn -0.3766 -0.1607 -0.9123
vn -0.1464 -0.8993 -0.4121
vn -0.0529 0.6929 0.7191
vn -0.0583 0.0069 0.9983
vn 0.0690 -0.9976 -0.0000
vn -0.2705 0.8935 0.3584
vn -0.1055 0.4255 0.8988
vn -0.0748 0.0140 0.9971
vn -0.1308 -0.3308 -0.9346
vn -0.1629 0.4465 0.8798
vn -0.1773 -0.8886 -0.4231
vn -0.1303 -0.3242 0.9370
vn -0.0758 0.0139 -0.9970
vn -0.1638 0.4465 -0.8797
vn -0.1769 -0.8885 0.4233
vn -0.4107 -0.7975 -0.4420
vn -0.5736 -0.8191 0.0001
vn -0.4830 -0.7558 0.4420
vn -0.4158 -0.4927 -0.7645
vn -0.4108 -0.7975 -0.4418
vn -0.2449 -0.2272 -0.9426
vn -0.3814 -0.2056 -0.9013
vn -0.4159 -0.4924 -0.7646
vn -0.3406 -0.5495 -0.7629
vn -0.6684 -0.1841 -0.7207
vn -0.3812 -0.2059 -0.9013
vn -0.2440 -0.0082 -0.9697
vn -0.6707 -0.6772 -0.3026
vn 0.4088 0.5392 0.7363
vn 0.2033 0.0654 0.9769
vn -0.5809 -0.3117 -0.7520
vn -0.3243 -0.2173 -0.9207
vn -0.7366 -0.5648 -0.3721
vn 0.2631 0.2507 0.9316
vn 0.1259 -0.1848 0.9747
vn -0.4340 0.0454 -0.8998
vn -0.4341 0.0454 -0.8997
vn -0.4986 0.0064 -0.8668
vn 0.0977 -0.0915 0.9910
vn -0.1839 -0.4730 0.8616
vn -0.3034 0.5011 -0.8105
vn -0.1799 0.4543 0.8725
vn -0.0900 -0.7235 -0.6845
vn -0.1469 -0.3084 -0.9399
vn -0.2500 -0.2130 0.9445
vn -0.1757 -0.3272 0.9285
vn -0.0598 0.0492 -0.9970
vn -0.2756 0.1836 0.9436
vn -0.1154 -0.4287 -0.8960
vn 0.2005 0.9035 -0.3788
vn -0.4111 -0.9116 0.0096
vn 0.1025 0.3961 -0.9125
vn -0.3433 -0.4767 0.8092
vn -0.2890 -0.8463 0.4476
vn -0.0785 0.8023 -0.5917
vn -0.1103 0.2497 -0.9620
vn -0.1460 -0.3083 0.9400
vn -0.0894 -0.7234 0.6846
vn -0.1807 0.4542 -0.8724
vn -0.2509 -0.2130 -0.9443
vn -0.0588 0.0492 0.9971
vn -0.1766 -0.3272 -0.9283
vn -0.2765 0.1835 -0.9433
vn -0.1146 -0.4287 0.8962
vn -0.3616 -0.8426 -0.3992
vn 0.1585 0.6532 0.7405
vn 0.0859 0.1765 0.9805
vn -0.5244 -0.4118 -0.7452
vn -0.4845 -0.7489 -0.4520
vn 0.1141 0.3007 0.9469
vn 0.1309 -0.1487 0.9802
vn -0.4225 -0.1244 -0.8978
vn -0.4059 -0.2639 -0.8750
vn 0.0542 0.0495 0.9973
vn -0.0533 -0.4035 0.9134
vn -0.3110 0.3223 -0.8941
vn -0.3374 -0.1211 -0.9336
vn -0.0575 0.5099 -0.8583
vn -0.2106 -0.6423 0.7369
vn -0.1576 -0.2016 0.9667
vn -0.0028 0.8271 -0.5620
vn -0.4722 -0.8347 0.2835
vn -0.0839 0.3812 -0.9207
vn -0.3310 -0.5143 0.7911
vn -0.4110 -0.9116 -0.0091
vn 0.2010 0.9035 0.3786
vn 0.1034 0.3961 0.9123
vn -0.0779 0.8024 0.5917
vn -0.2895 -0.8463 -0.4473
vn -0.3440 -0.4768 -0.8089
vn -0.1093 0.2498 0.9621
vn -0.1063 0.4255 -0.8987
vn -0.2708 0.8935 -0.3582
vn 0.0689 -0.9976 -0.0000
vn -0.2666 -0.9077 -0.3241
vn -0.0933 0.7341 0.6726
vn 0.0375 0.2848 0.9579
vn -0.2952 -0.5654 -0.7701
vn -0.3351 0.8454 -0.4160
vn -0.1113 0.9938 -0.0000
vn -0.1101 0.9534 0.2809
vn 0.0923 0.9111 -0.4016
vn -0.0818 0.6630 -0.7441
vn -0.3345 0.8456 -0.4161
vn -0.0734 0.4622 -0.8837
vn -0.0857 0.8969 -0.4338
vn -0.8393 0.4891 -0.2375
vn -0.8413 0.4901 0.2281
vn 0.0926 0.9110 0.4019
vn -0.0820 0.6631 -0.7440
vn -0.0261 0.8205 -0.5710
vn -0.3660 0.6012 -0.7104
vn -0.7674 0.2163 -0.6036
vn -0.0822 0.6631 -0.7440
vn -0.0070 0.4599 -0.8879
vn 0.2757 0.8656 0.4180
vn 0.0266 0.6775 0.7350
vn 0.1178 0.6652 0.7373
vn 0.3174 0.6053 0.7300
vn 0.1709 0.8944 0.4134
vn 0.3825 0.9210 -0.0745
vn 0.5933 0.7047 0.3892
vn 0.3826 0.9209 -0.0745
vn -0.5320 -0.7449 -0.4025
vn -0.2157 -0.2986 -0.9297
vn 0.1710 0.8944 0.4134
vn 0.3835 0.9235 -0.0002
vn 0.3017 0.5594 0.7720
vn 0.5936 0.7045 0.3891
vn 0.2756 0.8656 0.4181
vn 0.1582 0.9055 0.3938
vn -0.1032 -0.2793 -0.9546
vn 0.0493 0.6932 0.7190
vn -0.4629 -0.5537 -0.6922
vn 0.1596 0.9641 0.2124
vn 0.1256 0.3893 0.9125
vn 0.3176 0.6054 0.7298
vn 0.0495 0.6934 0.7188
vn 0.1256 0.3891 0.9126
vn 0.2664 0.6588 0.7036
vn -0.0188 0.6694 0.7427
vn 0.1580 0.9055 0.3940
vn 0.2665 0.6586 0.7037
vn 0.1140 0.2503 0.9614
vn 0.0494 0.6932 0.7191
vn -0.0187 0.6694 0.7427
vn -0.3212 0.8596 0.3974
vn -0.0270 0.9987 0.0442
vn 0.2655 0.8798 0.3944
vn -0.3212 0.8597 0.3972
vn -0.0330 0.9995 -0.0001
vn -0.0245 0.7018 0.7119
vn -0.5419 0.7575 0.3639
vn -0.2632 0.6244 0.7354
vn -0.0619 0.5151 0.8549
vn -0.0771 0.7802 0.6207
vn -0.0869 0.9753 0.2030
vn -0.5423 0.7575 -0.3635
vn -0.0870 0.9753 -0.2029
vn -0.2930 0.9561 0.0001
vn 0.2652 0.8797 -0.3947
vn -0.0252 0.7016 -0.7121
vn -0.3216 0.8597 -0.3969
vn 0.1577 0.9055 -0.3939
vn 0.2817 0.9595 -0.0002
vn 0.1492 0.8041 -0.5755
vn 0.0873 0.9962 -0.0001
vn 0.1496 0.8041 0.5753
vn -0.3215 0.8597 -0.3970
vn -0.0195 0.6695 -0.7426
vn -0.0271 0.9987 -0.0440
vn -0.0777 0.7803 -0.6206
vn -0.0628 0.5151 -0.8548
vn -0.2639 0.6244 -0.7351
vn -0.2090 -0.0295 -0.9775
vn 0.0376 0.2124 0.9765
vn -0.2730 -0.0301 0.9615
vn -0.0386 0.1409 -0.9893
vn 0.2894 0.3525 -0.8899
vn -0.0164 0.2476 0.9687
vn -0.0023 0.6404 -0.7680
vn -0.2902 0.3259 -0.8997
vn -0.0196 0.6692 -0.7428
vn 0.1247 0.3890 -0.9127
vn -0.2901 0.3258 -0.8998
vn -0.1588 -0.3780 0.9121
vn 0.1897 -0.3189 0.9286
vn 0.2657 0.6586 -0.7040
vn 0.1247 0.3894 -0.9126
vn 0.0488 0.6935 -0.7188
vn 0.3168 0.6055 -0.7300
vn -0.1023 -0.2792 0.9548
vn 0.0486 0.6933 -0.7191
vn 0.1594 0.9640 -0.2128
vn -0.4623 -0.5536 0.6927
vn 0.0487 0.6932 -0.7191
vn 0.1132 0.2503 -0.9615
vn 0.2659 0.6587 -0.7038
vn -0.2149 -0.2988 0.9298
vn -0.5317 -0.7449 0.4030
vn 0.3825 0.9210 0.0742
vn 0.5929 0.7047 -0.3897
vn 0.3826 0.9209 0.0742
vn 0.3167 0.6053 -0.7303
vn 0.5930 0.7046 -0.3897
vn 0.1705 0.8943 -0.4136
vn 0.3011 0.5592 -0.7724
vn 0.1706 0.8944 -0.4135
vn -0.4040 0.5104 -0.7592
vn 0.6269 -0.0235 0.7788
vn -0.6542 0.6484 -0.3895
vn 0.9674 0.2470 0.0564
vn 0.0865 0.4711 -0.8778
vn 0.3915 -0.0600 0.9182
vn -0.4745 0.3405 -0.8118
vn 0.5363 0.3211 0.7805
vn -0.3043 0.1392 -0.9424
vn 0.8374 0.5335 0.1189
vn -0.7098 0.2013 -0.6750
vn -0.4217 -0.1245 0.8982
vn 0.4272 0.5088 -0.7474
vn -0.0007 0.3772 0.9261
vn 0.0824 0.5865 0.8057
vn 0.0531 0.0496 -0.9974
vn 0.3679 0.3858 -0.8461
vn 0.4063 0.7644 0.5006
vn -0.1586 -0.2016 -0.9665
vn 0.1967 -0.1142 -0.9738
vn -0.0567 0.5098 0.8584
vn 0.3322 0.5381 0.7747
vn -0.0122 0.4604 0.8876
vn 0.1930 0.6234 0.7577
vn -0.0833 0.3813 0.9207
vn -0.0020 0.8272 0.5620
vn 0.1419 0.7233 0.6758
vn 0.3822 0.8139 0.4376
vn 0.1415 0.7235 0.6757
vn 0.3152 0.8499 0.4222
vn 0.3284 0.9445 -0.0002
vn 0.3871 0.7964 -0.4646
vn 0.1650 0.9276 0.3351
vn 0.0569 0.9608 0.2715
vn 0.0155 0.4161 0.9092
vn -0.1471 0.7460 0.6495
vn 0.1417 0.7233 0.6758
vn 0.1781 0.7240 0.6664
vn -0.1637 0.9150 0.3687
vn 0.1116 0.9794 0.1681
vn -0.0922 0.6455 0.7582
vn -0.0330 0.9729 0.2289
vn -0.0816 0.9967 -0.0000
vn 0.0319 0.8370 -0.5463
vn -0.2859 0.9521 0.1089
vn -0.4831 0.8756 0.0003
vn -0.2534 0.5550 0.7923
vn -0.2206 0.6486 0.7285
vn -0.1949 0.9215 0.3361
vn -0.2022 0.7950 0.5720
vn 0.1546 0.9878 0.0177
vn -0.3782 0.8862 0.2676
vn -0.6456 0.3093 0.6982
vn -0.3739 0.7350 0.5657
vn -0.5259 0.8036 0.2789
vn -0.0714 0.7735 0.6298
vn -0.3971 0.7757 0.4906
vn 0.6088 0.0187 -0.7931
vn -0.3736 0.7351 0.5658
vn -0.5929 0.4120 0.6919
vn -0.3966 0.7758 0.4908
vn -0.4828 0.5008 0.7184
vn -0.5054 0.5685 0.6492
vn 0.0100 0.8207 0.5712
vn -0.6742 0.5775 0.4604
vn -0.5053 0.5687 0.6491
vn -0.9784 0.1716 0.1156
vn -0.6423 0.7570 -0.1197
vn 0.7960 -0.4952 -0.3481
vn 0.8370 -0.4493 0.3123
vn -0.6422 0.7570 0.1206
vn 0.8367 -0.4493 -0.3132
vn 0.7963 -0.4952 0.3473
vn -0.4032 0.5104 0.7596
vn 0.6261 -0.0235 -0.7794
vn 0.9673 0.2470 -0.0573
vn -0.6537 0.6484 0.3902
vn 0.0873 0.4711 0.8778
vn -0.4737 0.3404 0.8123
vn -0.3033 0.1392 0.9427
vn 0.5355 0.3210 -0.7812
vn 0.8373 0.5334 -0.1196
vn -0.7091 0.2014 0.6758
vn 0.9822 0.1877 -0.0003
vn -0.8024 0.3166 0.5059
vn -0.7971 0.6039 0.0004
vn -0.8030 0.3165 -0.5050
vn -0.2432 -0.0080 0.9699
vn -0.6677 -0.1845 0.7212
vn 0.6147 0.7847 -0.0802
vn 0.4080 0.5391 -0.7368
vn -0.4331 0.0453 0.9002
vn 0.6272 0.3713 -0.6846
vn 0.0760 0.3300 0.9409
vn 0.2621 0.2507 -0.9319
vn 0.1106 0.5576 0.8227
vn 0.0967 -0.0916 -0.9911
vn 0.4765 0.1679 -0.8630
vn 0.0210 0.4457 0.8949
vn 0.4185 0.8254 0.3790
vn -0.0922 0.6456 0.7581
vn 0.0201 0.4457 -0.8950
vn 0.1413 0.7233 -0.6759
vn -0.0130 0.4605 -0.8876
vn -0.0930 0.6456 -0.7580
vn 0.4181 0.8254 -0.3794
vn -0.0421 -0.4246 0.9044
vn -0.1477 0.7460 -0.6494
vn 0.1411 0.7233 -0.6759
vn -0.0931 0.6458 -0.7578
vn 0.1776 0.7240 -0.6666
vn -0.2213 0.6486 -0.7283
vn -0.1951 0.9215 -0.3359
vn -0.1640 0.9150 -0.3685
vn 0.1114 0.9795 -0.1680
vn 0.0566 0.9608 -0.2715
vn -0.1241 0.9923 -0.0001
vn 0.0503 0.9072 -0.4176
vn 0.3561 0.9344 -0.0004
vn 0.0511 0.9073 0.4174
vn -0.0330 0.9729 -0.2289
vn 0.0323 0.8370 0.5463
vn -0.2558 0.5588 -0.7889
vn -0.2860 0.9520 -0.1086
vn -0.3788 0.8861 -0.2672
vn 0.1545 0.9880 -0.0089
vn -0.2027 0.7950 -0.5718
vn -0.6463 0.3095 -0.6975
vn -0.3744 0.7350 -0.5653
vn -0.0720 0.7736 -0.6296
vn 0.1790 -0.3850 0.9054
vn 0.6096 0.0187 0.7925
vn -0.3978 0.7690 -0.5004
vn -0.5937 0.4119 -0.6913
vn -0.3743 0.7349 -0.5655
vn -0.4836 0.5008 -0.7179
vn -0.5060 0.5686 -0.6486
vn 0.0093 0.8207 -0.5713
vn -0.5267 0.8061 -0.2696
vn -0.6748 0.5773 -0.4597
vn -0.9785 0.1713 -0.1146
vn -0.5060 0.5685 -0.6486
vn 0.7337 0.6794 -0.0004
vn 0.6592 0.6363 0.4007
vn 0.4655 0.5336 -0.7062
vn 0.7335 0.6797 -0.0003
vn 0.4680 0.5280 0.7087
vn 0.6586 0.6366 -0.4013
vn 0.5695 0.8220 -0.0003
vn 0.3352 0.8314 -0.4433
vn 0.3971 0.4542 -0.7975
vn 0.5699 0.8217 -0.0003
vn 0.7326 0.5254 -0.4327
vn 0.3542 0.8326 -0.4258
vn 0.3354 0.8312 -0.4435
vn 0.4123 0.4891 -0.7686
vn 0.5734 0.8183 0.0389
vn -0.2440 -0.2273 0.9428
vn -0.6720 -0.6093 0.4210
vn 0.5732 0.8185 0.0391
vn 0.3217 0.5726 -0.7541
vn 0.0849 0.1765 -0.9806
vn 0.3445 0.9128 -0.2192
vn -0.5237 -0.4117 0.7458
vn 0.1577 0.6530 -0.7408
vn -0.1350 -0.2364 0.9622
vn 0.4123 0.4895 -0.7684
vn 0.1632 0.3102 -0.9366
vn 0.1578 0.6533 -0.7405
vn 0.2455 0.5978 -0.7631
vn 0.1275 0.8949 -0.4277
vn -0.0537 0.6929 -0.7190
vn 0.1725 0.9849 0.0178
vn -0.3337 -0.5653 0.7544
vn -0.0537 0.6930 -0.7190
vn 0.1275 0.8949 -0.4276
vn 0.1981 0.6008 -0.7745
vn 0.1726 0.9848 0.0181
vn -0.0990 0.6784 -0.7280
vn 0.1979 0.6004 -0.7748
vn 0.0039 0.3342 -0.9425
vn -0.0593 0.0062 -0.9982
vn -0.3137 0.4233 -0.8499
vn 0.2092 -0.0065 0.9778
vn -0.0637 -0.3062 0.9498
vn -0.0206 0.8845 -0.4661
vn -0.0231 0.3128 -0.9495
vn 0.4145 -0.4147 0.8100
vn 0.0038 0.3344 -0.9424
vn -0.0992 0.6783 -0.7281
vn -0.3137 0.4232 -0.8500
vn -0.3781 0.6668 -0.6422
vn -0.0995 0.3071 -0.9465
vn -0.0990 0.6785 -0.7279
vn 0.1879 0.6746 -0.7139
vn -0.0821 0.6630 -0.7441
vn 0.1303 0.3770 -0.9170
vn -0.0726 0.8391 -0.5392
vn 0.1307 0.3765 -0.9171
vn 0.0433 -0.0419 0.9982
vn 0.0434 -0.0418 0.9982
vn -0.2650 -0.3429 0.9012
vn 0.3669 -0.3033 0.8794
vn -0.0682 0.4568 -0.8870
vn 0.2689 0.0155 0.9630
vn 0.1269 0.4670 0.8751
vn -0.0317 0.0489 0.9983
vn -0.0376 0.1409 0.9893
vn -0.2080 -0.0294 0.9777
vn 0.0366 0.2124 -0.9765
vn -0.2740 -0.0301 -0.9613
vn 0.2902 0.3526 0.8896
vn -0.0174 0.2476 -0.9687
vn 0.1887 -0.3189 -0.9288
vn -0.0016 0.6404 0.7681
vn -0.1597 -0.3780 -0.9119
vn -0.2894 0.3259 0.9000
vn -0.2892 0.3259 0.9001
vn 0.1682 0.0149 -0.9856
vn -0.3960 0.0750 -0.9152
vn 0.4918 0.1928 0.8491
vn -0.0998 0.3504 -0.9313
vn -0.1534 -0.3539 -0.9226
vn 0.3318 0.6413 0.6918
vn -0.4173 -0.2172 -0.8824
vn -0.0997 0.3504 -0.9313
vn 0.0701 0.3641 0.9287
vn 0.1473 0.3240 0.9345
vn 0.3174 0.6055 0.7298
vn 0.0701 0.3644 0.9286
vn 0.1054 0.6701 -0.7348
vn 0.0317 -0.0420 -0.9986
vn 0.1419 0.3455 0.9276
vn -0.1810 0.0711 -0.9809
vn 0.2571 -0.1162 0.9594
vn -0.1405 0.0564 0.9885
vn -0.0588 0.0702 0.9958
vn 0.0474 0.3279 -0.9435
vn 0.3134 0.8226 -0.4744
vn 0.2455 0.5976 -0.7633
vn 0.0530 0.3215 -0.9454
vn 0.4116 0.5044 -0.7591
vn -0.0365 -0.2257 0.9735
vn -0.0939 0.7340 -0.6726
vn 0.2587 0.9105 -0.3226
vn -0.0941 0.7341 -0.6725
vn -0.2945 -0.5654 0.7704
vn 0.0655 0.6846 -0.7260
vn 0.2370 0.8656 -0.4411
vn 0.0658 0.6844 -0.7261
vn 0.2696 0.8584 -0.4364
vn 0.1723 0.9851 -0.0000
vn 0.1821 0.9005 0.3949
vn -0.0014 0.4009 -0.9161
vn -0.0519 0.9632 0.2638
vn -0.0525 0.9632 -0.2637
vn -0.4247 0.9053 0.0002
vn -0.1104 0.9534 -0.2808
vn -0.3342 0.8456 0.4162
vn -0.0809 0.6631 0.7441
vn -0.0722 0.4680 0.8808
vn -0.3342 0.8456 0.4163
vn -0.0852 0.8969 0.4339
vn 0.2048 0.9788 -0.0001
vn -0.0255 0.8204 0.5713
vn -0.0813 0.6629 0.7443
vn -0.3669 0.5959 0.7143
vn -0.0816 0.6628 0.7444
vn -0.7668 0.2159 0.6045
vn -0.0063 0.4545 0.8907
vn 0.1311 0.3764 0.9171
vn 0.0424 -0.0418 -0.9982
vn 0.1317 0.3765 0.9170
vn -0.0721 0.8390 0.5393
vn 0.3661 -0.3034 -0.8797
vn -0.2658 -0.3429 -0.9010
vn 0.0424 -0.0419 -0.9982
vn -0.2412 0.3004 0.9228
vn 0.1887 0.6747 0.7136
vn -0.0986 0.3071 0.9465
vn -0.0813 0.6631 0.7441
vn -0.0987 0.3071 0.9465
vn -0.3775 0.6669 0.6425
vn -0.0983 0.6785 0.7280
vn -0.3128 0.4233 0.8503
vn 0.2082 -0.0066 -0.9781
vn -0.0201 0.8846 0.4660
vn -0.0222 0.3128 0.9496
vn 0.2083 -0.0065 -0.9780
vn 0.4137 -0.4147 -0.8105
vn -0.0646 -0.3061 -0.9498
vn -0.0984 0.6786 0.7279
vn 0.0048 0.3348 0.9423
vn -0.3129 0.4236 0.8501
vn -0.0671 0.4625 0.8841
vn 0.1259 0.4670 -0.8753
vn 0.2680 0.0155 -0.9633
vn -0.3951 0.0750 0.9156
vn 0.1692 0.0148 0.9855
vn -0.1525 -0.3541 0.9227
vn -0.0991 0.3440 0.9337
vn 0.4911 0.1928 -0.8495
vn -0.4163 -0.2173 0.8829
vn 0.3310 0.6413 -0.6923
vn -0.0991 0.3441 0.9337
vn 0.0697 0.3669 -0.9277
vn 0.3169 0.6050 -0.7304
vn 0.1465 0.3233 -0.9349
vn 0.0698 0.3666 -0.9278
vn 0.1410 0.3455 -0.9278
vn 0.0327 -0.0420 0.9986
vn 0.1061 0.6701 0.7346
vn -0.1800 0.0711 0.9811
vn 0.2562 -0.1161 -0.9596
vn -0.1414 0.0564 -0.9883
vn 0.0484 0.3279 0.9435
vn -0.0599 0.0702 -0.9957
vn 0.3139 0.8226 0.4741
vn -0.3766 -0.1608 -0.9123
vn 0.0049 0.3349 0.9422
vn 0.1987 0.6012 0.7740
vn -0.0583 0.0074 0.9983
vn -0.3345 -0.5652 -0.7542
vn 0.1725 0.9848 -0.0178
vn -0.0529 0.6928 0.7192
vn 0.1988 0.6008 0.7743
vn 0.1279 0.8949 0.4275
vn 0.1726 0.9848 -0.0182
vn -0.0984 0.6784 0.7281
vn 0.1280 0.8949 0.4276
vn 0.2463 0.5977 0.7630
vn -0.2703 0.8936 0.3585
vn -0.1054 0.4253 0.8989
vn 0.0920 0.8915 0.4436
vn 0.0921 0.8916 0.4434
vn -0.0573 0.9984 0.0001
vn -0.0214 0.9402 -0.3400
vn -0.0784 0.8485 0.5233
vn -0.3888 0.9213 0.0002
vn -0.0788 0.8485 -0.5233
vn 0.1182 0.6977 0.7066
vn 0.1462 0.2800 -0.9488
vn -0.1629 0.4464 0.8799
vn 0.2049 0.2771 0.9387
vn 0.1002 -0.4198 -0.9021
vn 0.1178 0.6650 0.7375
vn 0.1472 0.3235 0.9347
vn 0.2048 0.2770 0.9388
vn 0.1641 0.3098 0.9365
vn 0.1177 0.6653 0.7372
vn -0.1630 0.4464 0.8799
vn 0.2706 0.9008 0.3395
vn -0.3345 -0.5651 -0.7541
vn -0.0434 0.0280 -0.9987
vn -0.1178 -0.6568 -0.7448
vn 0.0267 0.6775 0.7351
vn 0.3952 0.5289 0.7511
vn 0.1086 0.2506 0.9620
vn 0.3175 0.6052 0.7300
vn -0.1638 0.4466 -0.8796
vn 0.1176 0.6976 -0.7067
vn -0.1303 -0.3244 0.9369
vn 0.1472 0.2799 0.9487
vn 0.2039 0.2771 -0.9390
vn 0.1011 -0.4199 0.9019
vn 0.1172 0.6650 -0.7376
vn 0.2039 0.2770 -0.9390
vn 0.1464 0.3236 -0.9348
vn 0.1172 0.6649 -0.7377
vn 0.1631 0.3102 -0.9366
vn -0.1639 0.4467 -0.8796
vn 0.2703 0.9008 -0.3397
vn -0.1170 -0.6568 0.7449
vn -0.0424 0.0279 0.9987
vn -0.3337 -0.5651 0.7545
vn 0.0260 0.6775 -0.7351
vn 0.3945 0.5287 -0.7516
vn 0.2752 0.8656 -0.4183
vn 0.1077 0.2506 -0.9621
vn 0.0261 0.6774 -0.7352
vn 0.1173 0.6650 -0.7376
vn 0.3671 0.8265 -0.4268
vn 0.2754 0.8655 -0.4184
vn 0.3673 0.8265 -0.4266
vn 0.1985 0.9775 0.0719
vn 0.1172 0.6653 -0.7374
vn -0.0266 0.9233 -0.3830
vn 0.0995 0.6242 -0.7749
vn -0.0266 0.9233 -0.3831
vn 0.3217 0.5724 -0.7542
vn 0.3546 0.8326 0.4255
vn 0.2687 0.9632 -0.0001
vn 0.2766 0.7409 -0.6120
vn 0.4332 0.9013 -0.0003
vn 0.2771 0.7409 0.6117
vn 0.7330 0.5255 0.4320
vn 0.3354 0.8314 0.4429
vn 0.5696 0.8220 -0.0001
vn 0.3979 0.4541 0.7972
vn 0.4130 0.4894 0.7680
vn 0.3357 0.8313 0.4429
vn 0.5732 0.8184 -0.0398
vn 0.6588 0.6368 0.4006
vn 0.5733 0.8184 -0.0398
vn -0.6724 -0.6093 -0.4203
vn -0.2449 -0.2272 -0.9425
vn 0.6147 0.7847 0.0796
vn -0.6684 -0.1845 -0.7206
vn -0.2442 -0.0081 -0.9697
vn 0.4088 0.5390 0.7364
vn 0.6280 0.3713 0.6840
vn 0.0750 0.3300 -0.9410
vn 0.2631 0.2507 0.9317
vn 0.0978 -0.0916 0.9910
vn 0.1097 0.5576 -0.8228
vn 0.4773 0.1680 0.8625
vn -0.3035 0.5010 -0.8105
vn -0.1799 0.4542 0.8726
vn 0.1680 -0.0779 -0.9827
vn 0.1816 0.8810 0.4369
vn -0.1469 -0.3083 -0.9399
vn 0.0927 0.4116 0.9066
vn -0.2757 0.1835 0.9436
vn 0.1824 0.4400 -0.8793
vn -0.0207 0.9204 -0.3904
vn 0.2256 0.8680 -0.4424
vn 0.3832 0.9236 -0.0003
vn 0.2260 0.8680 0.4422
vn 0.1418 0.7351 -0.6629
vn 0.1423 0.7352 0.6628
vn -0.0153 0.9999 -0.0000
vn 0.3969 0.9179 -0.0002
vn 0.5119 0.6915 0.5097
vn 0.5087 0.6884 -0.5171
vn 0.4428 0.8190 0.3648
vn 0.1027 0.3960 -0.9125
vn 0.5087 0.6883 -0.5172
vn 0.1924 0.6234 -0.7579
vn 0.1921 0.6235 -0.7579
vn 0.2254 0.8679 -0.4426
vn -0.0786 0.8023 -0.5918
vn 0.2615 0.9609 -0.0908
vn -0.3432 -0.4766 0.8094
vn 0.2342 0.6214 -0.7477
vn 0.2343 0.6213 -0.7477
vn -0.0453 0.3580 -0.9326
vn -0.1103 0.2495 -0.9621
vn 0.1690 -0.0778 0.9825
vn -0.1808 0.4542 -0.8724
vn 0.1812 0.8810 -0.4371
vn 0.1833 0.4400 0.8791
vn 0.0918 0.4116 -0.9067
vn -0.2766 0.1835 -0.9433
vn 0.4827 0.8758 -0.0001
vn 0.3169 0.6051 -0.7304
vn 0.2474 0.8136 -0.5263
vn 0.0995 0.9950 0.0001
vn 0.2425 0.8147 0.5267
vn 0.3663 0.8231 0.4339
vn 0.1179 0.6651 0.7374
vn 0.1984 0.9775 -0.0719
vn -0.0263 0.9233 0.3832
vn 0.3660 0.8233 0.4338
vn 0.1004 0.6241 0.7748
vn -0.0263 0.9233 0.3831
vn 0.3223 0.5729 0.7536
vn 0.3546 0.8325 0.4257
vn 0.3225 0.5725 0.7538
vn 0.0859 0.1763 0.9806
vn 0.3448 0.9128 0.2190
vn 0.1585 0.6530 0.7405
vn 0.1642 0.3099 0.9365
vn 0.4131 0.4893 0.7681
vn 0.1586 0.6531 0.7405
vn -0.1360 -0.2362 -0.9621
vn 0.4280 0.5087 0.7470
vn -0.0016 0.3772 -0.9261
vn 0.3688 0.3858 0.8457
vn 0.0541 0.0496 0.9973
vn 0.0821 0.5904 -0.8029
vn -0.3110 0.3224 -0.8941
vn 0.1977 -0.1141 0.9736
vn -0.1576 -0.2017 0.9667
vn 0.4058 0.7643 -0.5011
vn 0.1923 0.6234 -0.7579
vn 0.3262 0.5392 -0.7765
vn 0.3148 0.8499 -0.4225
vn 0.3974 0.9176 -0.0002
vn -0.0842 0.3814 -0.9206
vn -0.0025 0.8271 -0.5620
vn 0.1410 0.7234 -0.6759
vn 0.3816 0.8140 -0.4380
vn 0.0147 0.4160 -0.9092
vn 0.1649 0.9277 -0.3350
vn 0.3874 0.7965 0.4642
vn 0.1236 0.9923 -0.0001
vn 0.2775 0.7667 -0.5790
vn 0.5824 0.8129 -0.0003
vn 0.2780 0.7667 0.5786
vn 0.2008 0.9035 0.3786
vn 0.4421 0.8194 -0.3649
vn 0.1929 0.6237 0.7575
vn 0.5114 0.6920 0.5095
vn 0.1034 0.3964 0.9122
vn -0.3441 -0.4767 -0.8089
vn 0.2616 0.9609 0.0904
vn -0.0779 0.8023 0.5919
vn 0.2260 0.8679 0.4424
vn 0.0664 0.6846 0.7259
vn 0.2347 0.6217 0.7473
vn -0.0443 0.3582 0.9326
vn 0.2351 0.6216 0.7472
vn 0.0917 0.8916 -0.4435
vn -0.0208 0.9401 0.3402
vn -0.2705 0.8936 -0.3582
vn -0.1062 0.4254 -0.8987
vn 0.0916 0.8915 -0.4436
vn 0.0939 0.6542 -0.7504
vn 0.2876 0.9577 -0.0004
vn 0.0033 1.0000 -0.0001
vn 0.0945 0.6543 0.7503
vn 0.3478 0.9376 -0.0002
vn 0.4986 0.7504 0.4341
vn 0.2466 0.5974 0.7631
vn 0.4986 0.7501 0.4344
vn 0.1643 0.3313 0.9291
vn 0.1884 0.8832 0.4295
vn 0.3226 0.8630 -0.3887
vn 0.1881 0.8833 0.4293
vn 0.2372 0.8656 0.4409
vn 0.4125 0.5045 0.7585
vn 0.0540 0.3215 0.9454
vn 0.2463 0.5978 0.7629
vn 0.0376 0.2847 0.9579
vn -0.0375 -0.2259 -0.9734
vn 0.2590 0.9106 0.3221
vn -0.0934 0.7341 0.6726
vn -0.2953 -0.5654 -0.7701
vn 0.0662 0.6845 0.7260
vn 0.2698 0.8583 0.4364
vn -0.0006 0.4011 0.9160
vn -0.0202 0.9203 0.3906
vn 0.1818 0.9005 -0.3950
vn -0.0209 0.9998 -0.0000
vn 0.2234 0.8270 0.5159
vn 0.5476 0.8368 -0.0002
vn 0.2231 0.8270 -0.5161
vn 0.1879 0.8833 -0.4295
vn 0.3230 0.8630 0.3884
vn 0.4977 0.7506 -0.4345
vn 0.2457 0.5977 -0.7631
vn 0.1877 0.8833 -0.4296
vn 0.1633 0.3317 -0.9292
vn 0.4981 0.7504 -0.4345
vn -0.2624 -0.8785 0.3992
vn 0.0874 -0.9948 0.0530
vn -0.3347 0.8456 -0.4159
vn 0.0920 0.9111 -0.4018
vn 0.0874 -0.9948 0.0531
vn 0.4579 -0.8031 0.3812
vn -0.0818 0.6631 -0.7441
vn -0.0854 0.8969 -0.4338
vn -0.0824 0.6620 -0.7450
vn -0.8391 0.4892 -0.2377
vn -0.0262 0.8201 -0.5717
vn -0.0073 0.4604 -0.8877
vn -0.0819 0.6630 -0.7441
vn -0.3658 0.6011 -0.7105
vn -0.7669 0.2168 -0.6040
vn -0.0074 0.4604 -0.8877
vn -0.5321 -0.7450 -0.4023
vn 0.3825 0.9209 -0.0747
vn -0.2156 -0.2986 -0.9297
vn -0.2637 -0.8735 -0.4092
vn 0.3825 0.9209 -0.0745
vn 0.5934 0.7047 0.3889
vn -0.2758 -0.8655 -0.4182
vn -0.3228 -0.6042 -0.7286
vn -0.5321 -0.7450 -0.4024
vn -0.4631 -0.5536 -0.6921
vn -0.1585 -0.9087 -0.3862
vn 0.0188 -0.6735 -0.7389
vn 0.1677 -0.6600 -0.7323
vn 0.1676 -0.6598 -0.7325
vn 0.1598 0.9640 0.2126
vn -0.1032 -0.2792 -0.9547
vn 0.2666 0.6587 0.7036
vn -0.1579 -0.8897 -0.4284
vn -0.0270 0.9987 0.0441
vn -0.1217 -0.9083 -0.4003
vn 0.0339 -0.4395 -0.8976
vn 0.2376 -0.8772 -0.4171
vn -0.3212 0.8597 0.3973
vn 0.2655 0.8798 0.3942
vn 0.2377 -0.8773 -0.4169
vn 0.0186 -0.6732 -0.7392
vn -0.6786 -0.6691 -0.3032
vn 0.0185 -0.6736 -0.7389
vn 0.0950 -0.4648 -0.8803
vn -0.2243 -0.6616 -0.7156
vn 0.1188 -0.8419 -0.5264
vn -0.2935 0.9560 -0.0000
vn 0.1341 -0.9475 -0.2901
vn -0.0870 0.9753 -0.2028
vn -0.2106 -0.9776 0.0002
vn 0.0622 -0.9440 -0.3241
vn 0.2651 0.8797 -0.3947
vn -0.0253 0.7018 -0.7119
vn 0.2379 -0.8772 0.4170
vn -0.1213 -0.9082 0.4005
vn -0.1523 -0.8904 -0.4291
vn 0.2819 0.9594 -0.0000
vn 0.1490 0.8041 -0.5756
vn 0.1727 -0.9850 -0.0001
vn -0.5133 -0.8582 0.0002
vn -0.0197 0.6692 -0.7429
vn -0.3218 0.8597 -0.3967
vn 0.1575 0.9055 -0.3939
vn -0.2638 0.6244 -0.7352
vn -0.4720 0.2835 -0.8348
vn -0.0777 0.7802 -0.6207
vn -0.0196 0.6694 -0.7427
vn -0.0386 0.1410 -0.9893
vn -0.0161 -0.1619 -0.9867
vn -0.2090 -0.0294 -0.9775
vn -0.4095 -0.3363 -0.8481
vn 0.0263 0.0071 -0.9996
vn 0.2895 0.3524 -0.8900
vn -0.0023 0.6405 -0.7680
vn -0.2902 0.3258 -0.8998
vn 0.1246 0.3890 -0.9128
vn -0.2903 0.3260 -0.8997
vn -0.0009 0.0561 -0.9984
vn 0.2657 0.6585 -0.7042
vn 0.2660 0.6587 -0.7038
vn 0.1596 0.9640 -0.2127
vn 0.1247 0.3891 -0.9127
vn 0.0489 0.6932 -0.7191
vn 0.1576 0.9056 -0.3938
vn 0.3168 0.6052 -0.7303
vn 0.0487 0.6931 -0.7192
vn -0.1576 -0.8895 0.4288
vn 0.1682 -0.6598 0.7323
vn 0.5929 0.7047 -0.3896
vn -0.3347 -0.8371 -0.4327
vn -0.2633 -0.8734 0.4097
vn 0.1704 0.8944 -0.4135
vn -0.5317 -0.7450 0.4028
vn -0.4040 0.5103 -0.7592
vn 0.6653 -0.1274 0.7356
vn 0.9674 0.2468 0.0563
vn -0.9440 0.2684 -0.1917
vn -0.6752 0.5771 -0.4595
vn -0.6545 0.6480 -0.3895
vn -0.6396 0.0494 -0.7671
vn -0.8707 0.3258 -0.3683
vn -0.9441 0.2685 -0.1914
vn -0.6737 0.0498 -0.7373
vn -0.4838 0.5005 -0.7180
vn -0.2248 0.3653 -0.9033
vn -0.4747 0.3403 -0.8117
vn 0.0866 0.4712 -0.8778
vn -0.4117 0.0836 -0.9075
vn -0.4304 0.0603 -0.9006
vn -0.6734 0.0500 -0.7376
vn -0.9004 -0.2686 -0.3422
vn -0.4118 0.0837 -0.9074
vn -0.3042 0.1391 -0.9424
vn 0.6206 0.1461 0.7704
vn 0.8374 0.5335 0.1187
vn -0.8994 -0.2979 -0.3198
vn -0.8554 -0.2714 -0.4411
vn -0.7097 0.2015 -0.6751
vn 0.4122 0.4893 -0.7686
vn 0.4675 0.0330 -0.8834
vn 0.1632 0.3100 -0.9366
vn 0.1517 -0.1135 -0.9819
vn 0.1132 0.3009 -0.9469
vn 0.4272 0.5084 -0.7476
vn 0.3760 0.1990 -0.9050
vn 0.4125 0.4888 -0.7687
vn 0.6587 0.6366 -0.4012
vn 0.5546 0.3906 -0.7348
vn 0.2620 -0.1601 -0.9517
vn 0.0495 -0.3492 -0.9358
vn -0.0542 -0.4037 -0.9133
vn 0.3680 0.3858 -0.8461
vn 0.0533 0.0496 -0.9973
vn 0.1748 -0.1501 -0.9731
vn 0.1476 -0.5757 -0.8042
vn -0.1928 -0.6233 -0.7578
vn -0.2114 -0.6425 -0.7366
vn 0.1969 -0.1141 -0.9738
vn 0.0120 -0.4603 -0.8877
vn -0.3204 -0.8485 -0.4212
vn -0.1932 -0.6233 -0.7578
vn -0.1306 -0.7242 -0.6771
vn 0.3883 0.8943 0.2224
vn -0.3318 -0.5145 -0.7907
vn 0.0220 -0.2976 -0.9544
vn -0.0022 0.8272 0.5618
vn -0.1304 -0.7243 -0.6770
vn 0.0119 -0.4601 -0.8878
vn -0.4725 -0.8346 -0.2832
vn -0.3206 -0.8484 -0.4213
vn -0.1368 -0.7281 -0.6717
vn 0.3820 0.8140 0.4375
vn 0.3871 0.7965 -0.4645
vn -0.0746 -0.9518 -0.2975
vn -0.1004 -0.6622 -0.7426
vn 0.1651 0.9277 0.3349
vn 0.2811 -0.7466 -0.6029
vn -0.0327 0.9729 0.2287
vn 0.0320 0.8369 -0.5464
vn -0.2860 0.9520 0.1088
vn 0.0567 -0.9738 -0.2204
vn -0.0692 -0.9594 -0.2734
vn 0.1758 -0.9160 -0.3606
vn -0.0691 -0.9594 -0.2734
vn -0.1367 -0.7280 -0.6718
vn -0.1316 -0.7629 -0.6330
vn 0.1114 0.9795 0.1681
vn -0.1601 -0.7450 -0.6476
vn 0.1597 -0.3091 -0.9375
vn -0.1950 0.9215 0.3358
vn 0.5795 -0.5691 -0.5833
vn 0.1548 0.9878 0.0177
vn -0.3783 0.8862 0.2675
vn 0.2211 -0.8064 -0.5485
vn 0.1463 -0.7343 -0.6629
vn 0.3827 -0.7479 -0.5424
vn 0.1463 -0.7342 -0.6630
vn 0.2148 -0.4275 -0.8781
vn 0.6089 0.0189 -0.7930
vn 0.4837 -0.4853 -0.7283
vn -0.2433 -0.6669 -0.7043
vn 0.4835 -0.4854 -0.7284
vn 0.2309 -0.3674 -0.9009
vn -0.0431 -0.4248 -0.9043
vn -0.5252 0.8040 0.2788
vn 0.1741 -0.8454 -0.5050
vn 0.5073 -0.5953 -0.6232
vn 0.7959 -0.4952 -0.3483
vn -0.3220 0.5257 -0.7874
vn -0.8493 0.4097 -0.3329
vn 0.5770 -0.8130 0.0781
vn -0.6421 0.7571 0.1206
vn 0.4684 -0.6354 -0.6139
vn -0.7508 0.2708 -0.6025
vn -0.8492 0.4094 0.3335
vn 0.6261 -0.0234 -0.7794
vn 0.8758 -0.3084 -0.3712
vn 0.6663 -0.6026 -0.4394
vn -0.9438 0.2688 0.1923
vn 0.6261 -0.0236 -0.7794
vn -0.6537 0.6484 0.3903
vn 0.1599 -0.2806 -0.9464
vn 0.6646 -0.1274 -0.7362
vn 0.1598 -0.2807 -0.9464
vn 0.6772 -0.0591 -0.7334
vn 0.8757 -0.3087 -0.3713
vn 0.6645 -0.1276 -0.7363
vn 0.3905 -0.0599 -0.9187
vn 0.1397 -0.4148 -0.8991
vn -0.9001 -0.2686 0.3430
vn 0.6773 -0.0589 -0.7333
vn 0.7720 0.0206 -0.6353
vn 0.5038 -0.4299 -0.7492
vn 0.4246 -0.0605 -0.9034
vn 0.4246 -0.0606 -0.9033
vn 0.6198 0.1461 -0.7710
vn 0.8373 0.5335 -0.1195
vn -0.7090 0.2013 0.6759
vn -0.8992 -0.2979 0.3206
vn 0.6199 0.1461 -0.7710
vn -0.8992 -0.2979 0.3205
vn -0.4975 -0.3408 0.7977
vn 0.1801 -0.0640 -0.9816
vn 0.8528 0.2804 -0.4407
vn 0.6772 -0.0588 -0.7334
vn -0.9046 0.1246 0.4075
vn 0.5635 -0.0968 -0.8205
vn 0.8511 0.2509 -0.4612
vn 0.8955 -0.2418 -0.3736
vn -0.8667 -0.2050 0.4548
vn 0.9994 0.0341 -0.0006
vn -0.8028 0.3167 -0.5053
vn 0.9823 0.1871 -0.0003
vn 0.6463 0.0705 -0.7598
vn -0.9051 0.1246 -0.4065
vn 0.9681 0.1250 -0.2171
vn 0.8515 0.2509 0.4604
vn -0.3231 0.1103 -0.9399
vn -0.8671 -0.2050 -0.4540
vn 0.8959 -0.2418 0.3728
vn 0.5877 0.3377 -0.7352
vn 0.8210 0.5710 -0.0004
vn -0.7761 -0.2318 -0.5864
vn 0.9150 0.4034 -0.0005
vn -0.9993 0.0381 0.0007
vn -0.7812 -0.6242 0.0004
vn 0.5775 0.3024 -0.7583
vn 0.8528 0.2805 -0.4405
vn 0.6199 0.1464 -0.7709
vn -0.8286 -0.3463 0.4398
vn 0.4960 0.2511 -0.8312
vn 0.6176 0.6574 -0.4318
vn -0.6641 -0.5133 -0.5436
vn 0.8653 0.2532 -0.4326
vn -0.6704 -0.6773 0.3032
vn 0.4082 0.5391 -0.7367
vn 0.2024 0.0654 -0.9771
vn 0.6587 0.6365 -0.4012
vn 0.5775 0.3021 -0.7584
vn 0.3760 0.1991 -0.9050
vn 0.5543 0.3912 -0.7347
vn 0.6147 0.7847 -0.0801
vn 0.4850 -0.1257 -0.8654
vn 0.4848 -0.1259 -0.8655
vn 0.5775 0.3019 -0.7585
vn 0.1249 -0.1849 -0.9748
vn 0.2622 0.2505 -0.9319
vn 0.6273 0.3711 -0.6847
vn 0.2620 0.2509 -0.9319
vn 0.2048 -0.2893 -0.9351
vn -0.1835 -0.4697 -0.8636
vn 0.0968 -0.0914 -0.9911
vn 0.4767 0.1680 -0.8629
vn -0.2034 -0.7701 -0.6046
vn 0.4187 0.8254 0.3788
vn -0.0430 -0.4248 -0.9043
vn 0.3000 -0.2957 -0.9070
vn -0.1369 -0.7281 -0.6717
vn 0.1516 -0.7027 -0.6951
vn -0.0129 0.4602 -0.8877
vn 0.0202 0.4453 -0.8951
vn 0.1408 0.7234 -0.6759
vn 0.0198 0.4456 -0.8950
vn 0.4181 0.8254 -0.3793
vn -0.4389 0.0375 -0.8978
vn -0.0929 0.6457 -0.7579
vn -0.0932 0.6457 -0.7579
vn 0.0565 0.9608 -0.2714
vn 0.1409 0.7234 -0.6759
vn 0.1773 0.7241 -0.6665
vn 0.1113 0.9795 -0.1681
vn 0.1775 0.7240 -0.6666
vn -0.1310 -0.7629 0.6331
vn -0.4383 -0.8984 -0.0280
vn -0.1641 0.9149 -0.3688
vn 0.1112 0.9794 -0.1686
vn -0.1953 0.9213 -0.3362
vn 0.0502 0.9073 -0.4175
vn -0.3205 -0.9472 0.0002
vn -0.2175 -0.6665 -0.7130
vn -0.2933 -0.9560 0.0002
vn -0.1240 0.9923 0.0001
vn 0.3561 0.9344 -0.0003
vn -0.0330 0.9729 -0.2290
vn -0.2558 0.5587 -0.7890
vn 0.3390 -0.9380 0.0728
vn -0.2862 0.9520 -0.1087
vn 0.4073 -0.8942 0.1859
vn -0.2028 0.7950 -0.5717
vn -0.6466 0.3091 -0.6974
vn 0.0211 -0.9931 0.1150
vn -0.3747 0.7349 -0.5653
vn -0.3983 0.7690 -0.5001
vn -0.1798 0.3724 -0.9105
vn -0.0719 0.7735 -0.6297
vn -0.5940 0.4115 -0.6913
vn 0.0088 0.8207 -0.5713
vn 0.5043 -0.8442 0.1819
vn 0.8535 -0.4736 0.2175
vn -0.6734 0.0499 -0.7376
vn 0.8005 0.5713 -0.1811
vn -0.8252 -0.3447 -0.4475
vn -0.2920 -0.1113 -0.9499
vn -0.6695 -0.6067 -0.4286
vn 0.8697 0.2542 0.4230
vn 0.6180 0.6573 0.4313
vn 0.4653 0.5338 -0.7061
vn 0.5954 0.8034 -0.0001
vn -0.5942 -0.5598 -0.5776
vn 0.7336 0.6796 -0.0002
vn -0.8945 -0.4470 0.0003
vn -0.4999 -0.8661 0.0002
vn 0.3353 0.8313 -0.4432
vn -0.4835 -0.7557 -0.4417
vn 0.7327 0.5253 -0.4327
vn -0.4104 -0.7975 0.4422
vn 0.4123 0.4891 -0.7687
vn 0.3542 0.8325 -0.4259
vn 0.7327 0.5253 -0.4328
vn 0.3351 0.8317 -0.4428
vn 0.1578 0.6528 -0.7409
vn 0.0850 0.1764 -0.9806
vn 0.3217 0.5726 -0.7540
vn 0.3446 0.9128 -0.2193
vn 0.1578 0.6530 -0.7407
vn -0.0536 0.6933 -0.7187
vn 0.1275 0.8951 -0.4272
vn 0.1723 0.9849 0.0185
vn 0.1980 0.6010 -0.7744
vn -0.0592 0.0070 -0.9982
vn 0.1581 -0.7176 0.6782
vn -0.0991 0.6792 -0.7273
vn 0.0039 0.3354 -0.9421
vn 0.1980 0.6015 -0.7739
vn 0.0039 0.3347 -0.9423
vn -0.0536 0.6927 -0.7192
vn -0.0594 0.0069 -0.9982
vn -0.3337 -0.5652 0.7544
vn -0.1460 -0.8994 0.4121
vn -0.0536 0.6929 -0.7190
vn 0.2455 0.5977 -0.7633
vn -0.0205 0.8843 -0.4664
vn -0.3136 0.4228 -0.8502
vn -0.0991 0.6781 -0.7282
vn -0.0232 0.3126 -0.9496
vn -0.0996 0.3070 -0.9465
vn -0.1970 0.0352 -0.9798
vn -0.2281 -0.2710 -0.9352
vn -0.3139 0.4232 -0.8499
vn 0.1882 0.6746 -0.7137
vn -0.0625 0.9627 -0.2633
vn -0.3783 0.6669 -0.6420
vn -0.0992 0.6785 -0.7278
vn -0.0814 0.6630 -0.7442
vn -0.2422 0.3004 -0.9226
vn -0.0722 0.8390 -0.5393
vn 0.1312 0.3768 -0.9170
vn 0.1308 0.3761 -0.9173
vn -0.0272 -0.0070 -0.9996
vn -0.0104 -0.2326 -0.9725
vn -0.7669 0.2167 -0.6041
vn 0.0649 -0.2469 -0.9669
vn -0.2740 -0.0300 -0.9613
vn 0.0366 0.2134 -0.9763
vn -0.6928 -0.2583 -0.6733
vn 0.1888 -0.3193 -0.9287
vn 0.0187 -0.6734 -0.7390
vn 0.0433 -0.8504 -0.5243
vn -0.1597 -0.3781 -0.9119
vn -0.0175 0.2480 -0.9686
vn -0.1597 -0.3777 -0.9121
vn -0.1264 -0.3919 -0.9113
vn 0.1682 0.0148 -0.9856
vn -0.1257 -0.3462 -0.9297
vn -0.3961 0.0749 -0.9152
vn -0.1533 -0.3540 -0.9226
vn -0.0996 0.3505 -0.9313
vn -0.4174 -0.2172 -0.8824
vn -0.3227 -0.6043 -0.7285
vn -0.3427 -0.8419 -0.4168
vn -0.1481 -0.3325 -0.9314
vn 0.0316 -0.0420 -0.9986
vn -0.2111 -0.6338 -0.7441
vn 0.1054 0.6702 -0.7347
vn -0.1810 0.0709 -0.9809
vn 0.0588 -0.0421 -0.9974
vn 0.2984 0.2086 -0.9314
vn 0.3135 0.8225 -0.4746
vn 0.0475 0.3278 -0.9435
vn 0.4120 0.5043 -0.7589
vn 0.2368 0.8656 -0.4412
vn 0.2458 0.5975 -0.7633
vn 0.2586 0.9106 -0.3225
vn -0.0940 0.7340 -0.6726
vn 0.0656 0.6845 -0.7261
vn 0.2695 0.8584 -0.4364
vn -0.1794 -0.9818 -0.0624
vn 0.1045 -0.9306 0.3508
vn -0.0016 0.4010 -0.9161
vn -0.0206 0.9204 -0.3905
vn -0.3683 -0.8206 0.4371
vn -0.0508 0.9633 -0.2636
vn -0.1548 -0.9879 0.0001
vn 0.0747 -0.9800 -0.1847
vn -0.4251 0.9051 0.0001
vn 0.0874 -0.7033 -0.7055
vn 0.4576 -0.8031 -0.3817
vn -0.1104 0.9535 -0.2806
vn -0.2627 -0.8785 -0.3991
vn 0.0925 0.9111 0.4017
vn 0.0285 -0.5442 -0.8385
vn 0.0423 -0.7889 -0.6130
vn -0.1707 -0.6725 -0.7201
vn 0.0813 -0.6627 -0.7444
vn 0.3661 -0.3033 -0.8798
vn 0.0424 -0.0416 -0.9982
vn -0.2659 -0.3429 -0.9010
vn 0.0467 -0.6224 -0.7813
vn 0.0986 -0.3070 -0.9466
vn 0.3130 -0.6313 -0.7095
vn 0.0986 -0.3073 -0.9465
vn 0.0734 -0.8978 -0.4342
vn -0.0625 0.9626 0.2635
vn -0.1285 -0.6307 -0.7653
vn 0.0928 -0.2919 -0.9519
vn -0.1284 -0.6308 -0.7652
vn -0.3776 0.6668 0.6424
vn 0.1039 -0.6699 -0.7352
vn 0.4137 -0.4149 -0.8104
vn -0.0646 -0.3062 -0.9498
vn 0.4138 -0.4146 -0.8105
vn 0.2030 -0.0283 -0.9788
vn 0.1041 -0.6863 -0.7199
vn -0.0647 -0.3059 -0.9499
vn -0.0104 -0.3436 -0.9391
vn -0.0327 0.0487 -0.9983
vn 0.1260 0.4671 -0.8752
vn 0.2680 0.0154 -0.9633
vn 0.0828 -0.3661 -0.9269
vn 0.4909 0.1927 -0.8496
vn 0.3311 0.6415 -0.6920
vn 0.0697 0.3669 -0.9276
vn 0.1906 -0.0709 -0.9791
vn 0.0697 0.3671 -0.9276
vn -0.4165 -0.2174 0.8828
vn -0.3424 -0.8418 0.4173
vn 0.2562 -0.1165 -0.9596
vn 0.1410 0.3454 -0.9278
vn -0.1415 0.0563 -0.9883
vn -0.0374 -0.3859 -0.9218
vn -0.0598 0.0421 -0.9973
vn 0.0280 -0.3712 -0.9281
vn -0.2641 -0.5990 -0.7560
vn -0.3767 -0.1607 -0.9123
vn -0.2474 -0.5932 -0.7661
vn 0.0278 -0.3711 -0.9282
vn -0.0598 0.0699 -0.9958
vn -0.0539 -0.3215 -0.9454
vn -0.0103 -0.3433 -0.9392
vn -0.2474 -0.5933 -0.7660
vn -0.3345 -0.5655 -0.7539
vn -0.1464 -0.8992 -0.4123
vn 0.1575 -0.7180 -0.6780
vn 0.1039 -0.6703 -0.7348
vn -0.0211 -0.3496 -0.9367
vn 0.1575 -0.7174 -0.6786
vn 0.1725 0.9848 -0.0177
vn -0.3344 -0.5650 -0.7543
vn 0.1042 -0.6696 -0.7353
vn -0.1335 -0.8942 -0.4274
vn -0.1942 -0.8771 -0.4392
vn -0.1943 -0.8773 -0.4389
vn -0.0208 0.9402 -0.3400
vn -0.2704 0.8936 0.3584
vn 0.0920 0.8915 0.4435
vn 0.3886 -0.8566 -0.3394
vn 0.1095 -0.6694 -0.7348
vn 0.0734 -0.9059 -0.4171
vn 0.3481 -0.9375 -0.0002
vn -0.1857 -0.9826 0.0001
vn -0.3892 0.9211 0.0001
vn -0.0787 0.8485 -0.5233
vn -0.1650 -0.3188 -0.9334
vn -0.1310 -0.3310 -0.9345
vn 0.1462 0.2801 -0.9488
vn 0.1003 -0.4199 -0.9020
vn -0.1177 -0.6652 -0.7373
vn -0.1771 -0.8887 -0.4230
vn 0.1002 -0.4197 -0.9021
vn -0.1180 -0.6647 -0.7378
vn -0.1481 -0.3321 -0.9316
vn -0.3345 -0.5648 -0.7544
vn -0.1177 -0.6568 -0.7448
vn 0.3951 0.5290 0.7511
vn 0.2707 0.9008 0.3394
vn -0.1176 -0.6565 -0.7451
vn -0.2755 -0.8656 -0.4182
vn -0.2875 -0.9578 0.0002
vn -0.3345 -0.5656 -0.7538
vn -0.1638 0.4460 -0.8799
vn 0.1176 0.6977 -0.7067
vn 0.2040 0.2772 -0.9389
vn 0.2040 0.2769 -0.9390
vn 0.1173 0.6649 -0.7376
vn -0.0757 0.0137 -0.9970
vn -0.1636 0.4465 -0.8797
vn 0.1464 0.3237 -0.9348
vn 0.3944 0.5289 -0.7515
vn 0.2703 0.9009 -0.3396
vn 0.0259 0.6781 -0.7345
vn 0.1171 0.6656 -0.7370
vn 0.0260 0.6776 -0.7350
vn -0.3338 -0.5651 0.7545
vn -0.2876 -0.9577 0.0001
vn 0.1077 0.2505 -0.9621
vn 0.1173 0.6653 -0.7373
vn 0.2755 0.8656 -0.4182
vn 0.3675 0.8265 -0.4265
vn 0.3673 0.8264 -0.4267
vn -0.1823 -0.8843 -0.4299
vn -0.0385 -0.9155 0.4005
vn -0.0266 0.9234 -0.3830
vn -0.2762 -0.8602 0.4287
vn 0.0996 0.6242 -0.7749
vn 0.3542 0.8326 -0.4259
vn 0.1172 0.6651 -0.7375
vn -0.0267 0.9233 -0.3831
vn 0.3218 0.5726 -0.7541
vn 0.4332 0.9013 -0.0001
vn -0.3462 -0.8028 -0.4855
vn -0.0934 -0.9956 -0.0000
vn -0.6803 -0.7329 0.0003
vn 0.2684 0.9633 -0.0001
vn 0.7331 0.5252 0.4321
vn 0.5733 0.8184 -0.0397
vn -0.6723 -0.6094 -0.4203
vn 0.5731 0.8185 -0.0398
vn 0.3357 0.8314 0.4429
vn -0.2448 -0.2272 -0.9426
vn -0.4157 -0.4927 -0.7645
vn -0.3545 -0.8326 -0.4255
vn -0.4110 -0.7973 -0.4420
vn -0.6630 -0.6335 -0.3989
vn -0.4159 -0.4928 -0.7643
vn -0.6724 -0.6091 -0.4206
vn -0.3406 -0.5499 -0.7627
vn -0.6708 -0.6771 -0.3026
vn -0.3812 -0.2060 -0.9012
vn -0.3404 -0.5498 -0.7628
vn -0.2441 -0.0082 -0.9697
vn 0.5550 0.3911 0.7342
vn 0.6148 0.7847 0.0796
vn -0.5808 -0.3120 -0.7519
vn -0.3240 -0.2173 -0.9207
vn -0.1813 0.1428 -0.9730
vn -0.3813 -0.2058 -0.9013
vn 0.0752 0.3299 -0.9410
vn -0.4342 0.0453 -0.8997
vn -0.7367 -0.5649 -0.3718
vn -0.3242 -0.2176 -0.9206
vn -0.5809 -0.3120 -0.7518
vn -0.0763 0.1059 -0.9914
vn 0.1097 0.5577 -0.8227
vn -0.4986 0.0061 -0.8668
vn -0.3034 0.5010 -0.8105
vn -0.1469 -0.3084 -0.9398
vn -0.0664 -0.6845 -0.7260
vn 0.2395 -0.5209 -0.8193
vn 0.2397 -0.5210 -0.8192
vn -0.1470 -0.3082 -0.9399
vn 0.1825 0.4401 -0.8792
vn 0.1235 -0.0563 -0.9907
vn -0.1154 -0.4286 -0.8961
vn -0.3081 -0.8393 -0.4478
vn 0.3836 0.9235 -0.0001
vn 0.1418 0.7352 -0.6629
vn -0.0694 -0.9976 -0.0000
vn -0.0151 0.9999 -0.0000
vn -0.5953 -0.8035 0.0002
vn 0.5086 0.6884 -0.5172
vn -0.0626 -0.9376 0.3420
vn -0.6001 -0.6269 0.4969
vn -0.4111 -0.9115 0.0094
vn 0.2007 0.9034 -0.3789
vn 0.1026 0.3961 -0.9125
vn 0.2256 0.8681 -0.4421
vn 0.1923 0.6237 -0.7576
vn 0.5086 0.6886 -0.5168
vn -0.0784 0.8019 -0.5923
vn 0.2257 0.8678 -0.4426
vn 0.2617 0.9609 -0.0908
vn 0.2346 0.6216 -0.7473
vn 0.2344 0.6216 -0.7475
vn -0.2891 -0.8463 0.4475
vn 0.0310 -0.7174 0.6960
vn -0.0451 0.3581 -0.9326
vn -0.0784 0.8024 -0.5916
vn -0.1098 0.2499 -0.9620
vn 0.0655 0.6845 -0.7261
vn 0.2343 0.6215 -0.7475
vn 0.1923 0.6238 -0.7576
vn -0.1809 0.4543 -0.8723
vn 0.1812 0.8809 -0.4372
vn 0.0636 0.3342 -0.9404
vn -0.1581 0.0990 -0.9824
vn -0.2509 -0.2133 -0.9442
vn -0.2766 0.1833 -0.9433
vn 0.1796 -0.1066 -0.9780
vn -0.1766 -0.3271 -0.9284
vn 0.2753 0.8657 -0.4182
vn 0.3167 0.6055 -0.7301
vn 0.1704 0.8946 -0.4132
vn 0.3167 0.6052 -0.7304
vn 0.4826 0.8759 0.0001
vn 0.2474 0.8135 -0.5263
vn -0.1857 -0.9826 -0.0001
vn -0.2053 -0.6261 -0.7522
vn -0.4249 -0.9052 0.0001
vn 0.0995 0.9950 0.0002
vn 0.1984 0.9775 -0.0720
vn -0.0376 -0.3585 -0.9328
vn -0.0388 -0.9156 -0.4003
vn -0.2777 -0.8635 -0.4210
vn 0.3664 0.8232 0.4338
vn -0.0262 0.9233 0.3832
vn -0.0096 -0.6978 -0.7162
vn 0.3449 0.9127 0.2190
vn -0.5244 -0.4118 -0.7453
vn -0.3614 -0.8426 -0.3992
vn -0.0096 -0.6979 -0.7161
vn -0.1179 -0.6652 -0.7373
vn -0.4156 -0.4926 -0.7646
vn -0.1872 -0.2825 -0.9408
vn -0.4224 -0.1244 -0.8978
vn -0.4844 -0.7489 -0.4522
vn -0.0432 0.0415 -0.9982
vn -0.4060 -0.2640 -0.8749
vn 0.0824 0.5906 -0.8027
vn -0.3109 0.3230 -0.8939
vn 0.0852 0.2266 -0.9703
vn -0.3376 -0.1213 -0.9334
vn 0.4060 0.7646 -0.5005
vn -0.0576 0.5096 -0.8585
vn 0.3262 0.5393 -0.7764
vn 0.1922 0.6236 -0.7578
vn 0.2004 0.9033 -0.3792
vn 0.3262 0.5390 -0.7766
vn -0.1296 -0.7243 0.6772
vn 0.3881 0.8943 -0.2227
vn -0.4721 -0.8347 0.2836
vn -0.0029 0.8273 -0.5618
vn 0.1409 0.7235 -0.6758
vn -0.3344 -0.9349 -0.1193
vn 0.3816 0.8141 -0.4379
vn 0.0147 0.4160 -0.9093
vn 0.1648 0.9277 -0.3350
vn -0.0743 -0.9518 0.2976
vn -0.4103 -0.7975 0.4423
vn -0.6038 -0.7971 0.0004
vn 0.2774 0.7668 -0.5789
vn 0.1240 0.9923 -0.0002
vn -0.3683 -0.7334 -0.5714
vn -0.2877 -0.9577 -0.0000
vn 0.5823 0.8130 -0.0001
vn -0.2049 -0.6175 -0.7595
vn -0.6005 -0.6269 -0.4964
vn -0.0628 -0.9377 -0.3418
vn 0.4426 0.8190 -0.3653
vn 0.5115 0.6917 0.5098
vn -0.6003 -0.6271 -0.4964
vn -0.1931 -0.6235 -0.7576
vn -0.0629 -0.9377 -0.3418
vn -0.2195 -0.8657 -0.4499
vn 0.2616 0.9609 0.0905
vn -0.3440 -0.4766 -0.8090
vn -0.0158 -0.2543 -0.9670
vn 0.0303 -0.7174 -0.6961
vn -0.3437 -0.4766 -0.8091
vn -0.2895 -0.8463 -0.4472
vn 0.0302 -0.7171 -0.6963
vn -0.0664 -0.6842 -0.7263
vn 0.0690 -0.9976 -0.0001
vn 0.3889 -0.8566 0.3390
vn -0.1940 -0.8772 0.4392
vn -0.2707 0.8935 -0.3583
vn -0.1062 0.4255 -0.8987
vn 0.0916 0.8915 -0.4437
vn 0.2876 0.9577 -0.0000
vn -0.1401 -0.8968 -0.4198
vn 0.1242 -0.9923 -0.0002
vn 0.0940 0.6543 -0.7503
vn 0.0029 1.0000 -0.0001
vn -0.4384 -0.8988 0.0003
vn -0.1335 -0.8944 -0.4269
vn -0.2472 -0.5932 -0.7662
vn -0.0914 -0.9049 -0.4157
vn 0.4983 0.7504 0.4343
vn 0.3227 0.8630 -0.3887
vn -0.0917 -0.9046 -0.4163
vn -0.2593 -0.5862 -0.7676
vn -0.5947 -0.6800 -0.4289
vn 0.1881 0.8833 0.4294
vn -0.2471 -0.5930 -0.7664
vn -0.2373 -0.8657 -0.4408
vn -0.5948 -0.6800 -0.4287
vn -0.0434 -0.6773 -0.7344
vn -0.0436 -0.6771 -0.7346
vn -0.0540 -0.3215 -0.9454
vn -0.2667 -0.9077 -0.3240
vn -0.2954 -0.5654 -0.7701
vn -0.0664 -0.6846 -0.7259
vn -0.2374 -0.8658 -0.4406
vn -0.2954 -0.5656 -0.7700
vn -0.3688 -0.8205 -0.4368
vn 0.1820 0.9003 -0.3953
vn -0.0202 0.9203 0.3907
vn 0.2699 0.8583 0.4365
vn 0.1040 -0.9305 -0.3511
vn -0.0604 -0.6520 -0.7558
vn 0.5478 0.8366 -0.0002
vn 0.2230 0.8270 -0.5161
vn -0.1241 -0.9923 -0.0000
vn -0.4300 -0.9028 0.0002
vn -0.0210 0.9998 0.0001
vn -0.2301 -0.8132 -0.5346
vn -0.3671 -0.9302 0.0001
vn -0.5942 -0.6800 0.4295
vn 0.4979 0.7505 -0.4346
vn -0.3670 -0.9302 0.0001
vn -0.0914 -0.9046 0.4164
vn 0.1633 0.3317 -0.9291
vn 0.1875 0.8834 -0.4295
vn 0.1274 0.8950 -0.4276
vn 0.4978 0.7506 -0.4345
vn -0.0734 0.4623 -0.8837
vn -0.0259 0.8204 -0.5711
vn -0.0072 0.4603 -0.8877
vn 0.0953 -0.4647 -0.8804
vn -0.0620 0.5151 0.8549
vn -0.0772 0.7803 0.6206
vn 0.1192 -0.8429 -0.5247
vn -0.0871 0.9753 -0.2030
vn 0.1345 -0.9475 0.2899
vn 0.1342 -0.9475 -0.2901
vn 0.1198 -0.8429 0.5245
vn 0.0960 -0.4647 0.8802
vn -0.0629 0.5150 -0.8549
vn -0.0778 0.7802 -0.6206
vn 0.0376 0.2123 0.9765
vn -0.0161 -0.1618 -0.9867
vn 0.0659 -0.2470 0.9668
vn 0.1897 -0.3188 0.9286
vn -0.0006 0.0560 -0.9984
vn 0.0437 -0.8504 0.5243
vn 0.6666 -0.6027 0.4387
vn 0.4830 -0.8756 -0.0002
vn 0.8369 -0.4494 0.3124
vn 0.4843 -0.4853 0.7279
vn 0.6665 -0.6027 0.4388
vn 0.6268 -0.0234 0.7788
vn 0.6654 -0.1274 0.7355
vn 0.6268 -0.0235 0.7788
vn 0.8761 -0.3085 0.3705
vn 0.1607 -0.2807 0.9462
vn 0.6780 -0.0589 0.7327
vn 0.3914 -0.0600 0.9182
vn 0.0865 0.4712 -0.8778
vn 0.7726 0.0206 0.6345
vn -0.4119 0.0836 -0.9074
vn 0.5044 -0.4299 0.7489
vn 0.5047 -0.4299 0.7486
vn 0.1402 -0.4149 0.8990
vn 0.6777 -0.0590 0.7330
vn 0.4256 -0.0606 0.9029
vn 0.5361 0.3210 0.7807
vn 0.5782 0.3023 0.7578
vn 0.4255 -0.0606 0.9029
vn 0.6206 0.1463 0.7703
vn 0.6206 0.1462 0.7704
vn 0.1811 -0.0640 0.9814
vn 0.8532 0.2802 0.4399
vn 0.5363 0.3210 0.7806
vn -0.1861 -0.2826 0.9410
vn 0.4272 0.5087 -0.7474
vn 0.4676 0.0329 -0.8833
vn -0.0007 0.3771 0.9262
vn 0.3760 0.1988 -0.9050
vn 0.4123 0.4893 -0.7685
vn 0.5544 0.3910 -0.7347
vn -0.0424 0.0419 0.9982
vn 0.3679 0.3858 -0.8460
vn 0.2620 -0.1600 -0.9517
vn 0.0824 0.5865 0.8058
vn 0.0862 0.2270 0.9701
vn 0.1478 -0.5758 -0.8041
vn 0.4064 0.7643 0.5007
vn 0.3322 0.5382 0.7746
vn 0.3883 0.8943 0.2225
vn -0.1305 -0.7245 -0.6768
vn 0.0221 -0.2977 -0.9544
vn -0.0327 0.9729 0.2289
vn 0.2809 -0.7467 -0.6029
vn 0.3389 -0.9380 -0.0733
vn 0.1598 -0.3092 -0.9375
vn 0.1115 0.9794 0.1683
vn 0.5796 -0.5690 -0.5834
vn -0.2023 0.7949 0.5720
vn 0.1548 0.9878 0.0178
vn 0.4071 -0.8942 -0.1864
vn 0.6089 0.0186 -0.7930
vn -0.1791 0.3723 0.9107
vn -0.0715 0.7734 0.6298
vn 0.5036 -0.8444 -0.1828
vn -0.5051 0.5685 0.6493
vn 0.0096 0.8207 0.5713
vn 0.0094 0.8208 0.5712
vn 0.5071 -0.5954 -0.6232
vn 0.8531 -0.4737 -0.2185
vn -0.5251 0.8040 0.2791
vn 0.3825 -0.7481 -0.5423
vn 0.6661 -0.6027 -0.4393
vn 0.5071 -0.5952 -0.6233
vn 0.1740 -0.8453 -0.5053
vn 0.6660 -0.6028 -0.4394
vn 0.5038 -0.8443 -0.1825
vn 0.4836 -0.4853 -0.7284
vn 0.7960 -0.4951 -0.3481
vn 0.5770 -0.8130 0.0784
vn 0.8423 -0.5390 -0.0004
vn 0.4692 -0.6351 0.6135
vn 0.8366 -0.4494 -0.3132
vn 0.4686 -0.6353 -0.6139
vn 0.7964 -0.4951 0.3474
vn 0.5769 -0.8130 -0.0789
vn 0.8757 -0.3086 -0.3713
vn 0.9823 0.1871 -0.0005
vn 0.6470 0.0706 0.7593
vn 0.9673 0.2469 -0.0574
vn 0.6647 -0.1274 -0.7362
vn 0.8757 -0.3085 -0.3715
vn 0.6260 -0.0235 -0.7795
vn 0.6647 -0.1273 -0.7362
vn 0.0874 0.4711 0.8777
vn 0.3906 -0.0600 -0.9186
vn -0.4109 0.0835 0.9078
vn 0.5036 -0.4300 -0.7493
vn 0.5040 -0.4299 -0.7491
vn 0.6770 -0.0590 -0.7336
vn 0.1393 -0.4150 -0.8991
vn 0.4248 -0.0606 -0.9033
vn 0.5353 0.3212 -0.7812
vn 0.8373 0.5336 -0.1193
vn 0.8528 0.2801 -0.4408
vn 0.5355 0.3210 -0.7811
vn 0.6199 0.1459 -0.7710
vn 0.9683 0.1249 0.2163
vn 0.8510 0.2509 -0.4613
vn 0.8528 0.2803 -0.4406
vn 0.9944 0.1058 -0.0005
vn 0.5635 -0.0968 -0.8204
vn 0.9994 0.0341 -0.0005
vn 0.6462 0.0707 -0.7599
vn 0.8515 0.2509 0.4605
vn 0.6781 -0.0588 0.7326
vn 0.9681 0.1250 -0.2172
vn 0.8959 -0.2418 0.3727
vn 0.5643 -0.0968 0.8199
vn 0.8532 0.2802 0.4398
vn 0.8209 0.5710 -0.0004
vn 0.5876 0.3378 -0.7353
vn 0.9150 0.4035 -0.0005
vn 0.8277 0.5611 -0.0004
vn 0.5884 0.3377 0.7347
vn 0.6175 0.6575 -0.4317
vn 0.5775 0.3022 -0.7584
vn 0.4960 0.2512 -0.8312
vn 0.8653 0.2530 -0.4327
vn 0.4246 -0.0607 -0.9033
vn 0.6588 0.6364 -0.4013
vn 0.8007 0.5713 0.1804
vn 0.6587 0.6364 -0.4014
vn 0.4081 0.5391 -0.7368
vn 0.4082 0.5388 -0.7369
vn 0.6147 0.7847 -0.0799
vn 0.5775 0.3018 -0.7585
vn 0.4847 -0.1254 -0.8656
vn -0.3231 -0.2174 0.9210
vn 0.6272 0.3714 -0.6846
vn 0.4848 -0.1258 -0.8655
vn 0.0760 0.3299 0.9409
vn 0.2622 0.2506 -0.9319
vn -0.0754 0.1059 0.9915
vn 0.2048 -0.2892 -0.9351
vn 0.3001 -0.2957 -0.9069
vn 0.0210 0.4456 0.8950
vn 0.4186 0.8254 0.3789
vn 0.1516 -0.7025 -0.6954
vn 0.3010 -0.2957 0.9066
vn 0.1523 -0.7024 0.6953
vn 0.4183 0.8253 -0.3793
vn -0.1311 -0.7630 0.6330
vn 0.1113 0.9794 -0.1683
vn 0.1775 0.7241 -0.6664
vn 0.1607 -0.3093 0.9373
vn 0.2816 -0.7466 0.6027
vn 0.3390 -0.9379 0.0732
vn 0.5801 -0.5691 0.5827
vn 0.1549 0.9879 -0.0091
vn 0.4072 -0.8942 0.1858
vn -0.1800 0.3723 -0.9105
vn 0.6097 0.0187 0.7924
vn -0.0721 0.7735 -0.6297
vn 0.2156 -0.4276 0.8779
vn 0.3832 -0.7478 0.5421
vn 0.5077 -0.5952 0.6228
vn 0.8535 -0.4734 0.2178
vn 0.0089 0.8208 -0.5712
vn 0.5041 -0.8443 0.1820
vn 0.0088 0.8207 -0.5712
vn -0.5266 0.8062 -0.2697
vn 0.5077 -0.5953 0.6227
vn 0.1746 -0.8453 0.5049
vn 0.5038 -0.8444 0.1819
vn 0.8698 0.2542 0.4230
vn 0.5782 0.3020 0.7579
vn 0.8006 0.5712 -0.1811
vn 0.6180 0.6574 0.4311
vn 0.6591 0.6364 0.4007
vn 0.4957 0.2587 0.8291
vn 0.5951 0.8037 -0.0002
vn 0.4654 0.5337 -0.7061
vn 0.6592 0.6364 0.4007
vn 0.7337 0.6795 -0.0004
vn 0.5697 0.8218 -0.0003
vn 0.4681 0.5279 0.7087
vn 0.7328 0.5252 -0.4326
vn 0.5697 0.8218 -0.0002
vn 0.3972 0.4540 -0.7975
vn 0.4122 0.4896 -0.7684
vn 0.7326 0.5255 -0.4326
vn 0.5731 0.8185 0.0393
vn -0.0088 -0.6978 0.7162
vn 0.3446 0.9127 -0.2195
vn 0.3217 0.5725 -0.7541
vn 0.1581 -0.7175 0.6783
vn 0.1724 0.9849 0.0177
vn 0.1979 0.6007 -0.7746
vn -0.0205 0.8845 -0.4660
vn -0.0232 0.3128 -0.9495
vn 0.0938 -0.2921 0.9518
vn 0.1881 0.6746 -0.7138
vn 0.3154 -0.6266 0.7127
vn 0.0738 -0.8978 0.4342
vn -0.0627 0.9627 -0.2633
vn 0.0367 0.2124 -0.9765
vn -0.0152 -0.1619 0.9867
vn 0.0650 -0.2469 -0.9668
vn 0.0004 0.0560 0.9984
vn 0.1888 -0.3189 -0.9288
vn 0.0433 -0.8503 -0.5245
vn 0.4919 0.1928 0.8491
vn 0.3317 0.6413 0.6919
vn 0.0288 -0.3708 0.9283
vn 0.3135 0.8226 -0.4744
vn 0.2984 0.2084 -0.9314
vn -0.0589 0.0703 0.9958
vn -0.0429 -0.6772 0.7345
vn 0.2587 0.9106 -0.3224
vn 0.4117 0.5045 -0.7589
vn -0.0364 -0.2258 0.9735
vn 0.0746 -0.9800 -0.1847
vn -0.0506 0.9633 0.2637
vn -0.0508 0.9633 -0.2635
vn 0.0748 -0.9800 0.1846
vn -0.0724 0.4679 0.8808
vn 0.0925 0.9111 0.4016
vn 0.0873 -0.9943 -0.0620
vn 0.0289 -0.5441 -0.8385
vn 0.0426 -0.7890 -0.6129
vn -0.0254 0.8204 0.5712
vn -0.0064 0.4546 0.8907
vn 0.1888 0.6747 0.7136
vn 0.0928 -0.2920 -0.9519
vn 0.3132 -0.6312 -0.7096
vn 0.0734 -0.8977 -0.4344
vn -0.0624 0.9626 0.2635
vn -0.0986 0.3070 0.9466
vn -0.0221 0.3128 0.9496
vn -0.0200 0.8845 0.4660
vn -0.0990 0.3441 0.9337
vn 0.3310 0.6413 -0.6922
vn 0.3140 0.8226 0.4741
vn 0.0278 -0.3708 -0.9283
vn 0.2993 0.2084 0.9311
vn -0.0598 0.0703 -0.9957
vn 0.1725 0.9849 -0.0180
vn 0.1573 -0.7176 -0.6784
vn 0.7332 0.5252 0.4320
vn 0.3980 0.4540 0.7972
vn 0.7331 0.5253 0.4321
vn 0.4130 0.4893 0.7681
vn 0.5732 0.8184 -0.0397
vn 0.4088 0.5391 0.7364
vn 0.3769 0.1989 0.9046
vn 0.4087 0.5391 0.7364
vn 0.6149 0.7846 0.0795
vn 0.4130 0.4894 0.7681
vn 0.3769 0.1990 0.9046
vn 0.5551 0.3912 0.7340
vn 0.5782 0.3022 0.7579
vn 0.4856 -0.1257 0.8651
vn 0.4857 -0.1258 0.8650
vn 0.6279 0.3713 0.6840
vn -0.3241 -0.2173 -0.9207
vn 0.0751 0.3300 -0.9410
vn 0.2630 0.2507 0.9316
vn 0.2057 -0.2892 0.9349
vn 0.4774 0.1679 0.8625
vn 0.1098 0.5576 -0.8228
vn 0.1680 -0.0778 -0.9827
vn 0.0644 0.3340 0.9404
vn 0.1817 0.8809 0.4370
vn 0.2398 -0.5208 -0.8193
vn 0.1235 -0.0561 -0.9908
vn 0.1805 -0.1066 0.9778
vn 0.1825 0.4400 -0.8793
vn 0.2007 0.9034 -0.3788
vn 0.3975 0.9176 -0.0003
vn 0.4430 0.8189 0.3648
vn 0.1921 0.6235 -0.7578
vn 0.2004 0.9035 -0.3789
vn 0.1024 0.3962 -0.9124
vn 0.2615 0.9609 -0.0907
vn 0.2343 0.6215 -0.7476
vn 0.0635 0.3341 -0.9404
vn 0.1691 -0.0779 0.9825
vn 0.1813 0.8810 -0.4371
vn 0.2351 -0.5215 0.8202
vn 0.1245 -0.0562 0.9906
vn 0.1834 0.4400 0.8791
vn 0.1795 -0.1066 -0.9780
vn -0.0095 -0.6978 -0.7162
vn -0.1870 -0.2826 -0.9408
vn 0.4684 0.0329 0.8829
vn 0.2629 -0.1601 0.9514
vn 0.3687 0.3858 0.8457
vn -0.0434 0.0419 -0.9982
vn 0.0853 0.2271 -0.9701
vn 0.1486 -0.5758 0.8040
vn 0.4059 0.7643 -0.5011
vn -0.1299 -0.7245 0.6769
vn 0.3881 0.8943 -0.2228
vn 0.3263 0.5392 -0.7764
vn 0.0230 -0.2977 0.9544
vn 0.3973 0.9177 -0.0004
vn 0.2009 0.9036 0.3784
vn 0.4424 0.8189 -0.3657
vn 0.2007 0.9036 0.3785
vn 0.1927 0.6236 0.7576
vn 0.1033 0.3962 0.9123
vn 0.2350 0.6214 0.7474
vn 0.2615 0.9609 0.0905
vn 0.0303 -0.7174 -0.6960
vn 0.2591 0.9105 0.3222
vn -0.0437 -0.6771 -0.7346
vn 0.0819 -0.6630 0.7441
vn -0.2625 -0.8784 0.3994
vn 0.0854 -0.8969 0.4338
vn 0.1115 -0.9938 -0.0000
vn 0.0882 -0.7034 0.7053
vn -0.3837 -0.8433 0.3763
vn 0.0744 -0.9800 -0.1847
vn -0.1703 -0.6725 0.7202
vn -0.3659 0.6010 -0.7106
vn -0.1706 -0.6723 0.7204
vn 0.0297 -0.5442 0.8385
vn -0.4086 -0.3364 0.8485
vn -0.2154 -0.2990 -0.9296
vn -0.5316 -0.7454 -0.4022
vn -0.3224 -0.6045 -0.7285
vn -0.2634 -0.8735 -0.4094
vn -0.3891 -0.9212 0.0002
vn -0.3345 -0.8369 0.4333
vn -0.5321 -0.7449 -0.4024
vn -0.1581 -0.9087 -0.3863
vn -0.2757 -0.8656 -0.4181
vn -0.3229 -0.6040 -0.7286
vn -0.4631 -0.5534 -0.6923
vn -0.1032 -0.2791 -0.9547
vn 0.1678 -0.6601 -0.7322
vn 0.0188 -0.6737 -0.7387
vn 0.1141 0.2503 0.9614
vn 0.1675 -0.6599 -0.7325
vn -0.1579 -0.8895 -0.4287
vn 0.0186 -0.6734 -0.7390
vn -0.1215 -0.9082 -0.4005
vn 0.0338 -0.4394 -0.8976
vn 0.2376 -0.8772 -0.4173
vn 0.0390 -0.9992 -0.0000
vn 0.0625 -0.9440 0.3241
vn 0.2378 -0.8772 -0.4172
vn -0.6787 -0.6690 -0.3031
vn -0.2631 0.6242 0.7356
vn -0.2242 -0.6616 -0.7155
vn 0.0186 -0.6737 -0.7388
vn 0.0958 -0.4643 -0.8805
vn -0.6784 -0.6692 -0.3032
vn -0.6776 -0.6699 0.3036
vn 0.1338 -0.9476 -0.2901
vn 0.1351 -0.9475 0.2899
vn -0.2105 -0.9776 0.0001
vn 0.2384 -0.8771 0.4169
vn -0.1213 -0.9082 0.4006
vn 0.1724 -0.9850 -0.0003
vn -0.1517 -0.8905 -0.4290
vn -0.5133 -0.8582 -0.0000
vn -0.1580 -0.9086 0.3865
vn -0.1515 -0.8904 0.4292
vn 0.0192 -0.6735 0.7389
vn 0.0344 -0.4364 0.8991
vn 0.2379 -0.8772 0.4171
vn -0.6777 -0.6695 0.3041
vn 0.0970 -0.4640 0.8805
vn 0.1201 -0.8429 0.5246
vn -0.6921 -0.2582 0.6740
vn 0.0213 -0.6723 0.7400
vn 0.0197 -0.6733 0.7391
vn 0.1198 -0.8429 0.5246
vn -0.2233 -0.6614 0.7160
vn -0.2638 0.6242 -0.7354
vn 0.0658 -0.2470 0.9668
vn -0.2731 -0.0301 0.9615
vn -0.1589 -0.3779 0.9121
vn -0.0007 0.0561 -0.9984
vn 0.2894 0.3526 -0.8899
vn 0.1897 -0.3190 0.9286
vn -0.1256 -0.3921 0.9113
vn 0.0194 -0.6736 0.7389
vn -0.1591 -0.3777 0.9121
vn 0.1684 -0.6599 0.7323
vn -0.1022 -0.2793 0.9547
vn -0.4626 -0.5534 0.6926
vn -0.3223 -0.6041 0.7288
vn -0.3219 -0.6042 0.7289
vn -0.2632 -0.8735 0.4095
vn -0.2146 -0.2987 0.9299
vn -0.5313 -0.7452 0.4030
vn -0.3347 -0.8371 -0.4328
vn -0.5316 -0.7451 0.4029
vn 0.1405 -0.4148 0.8990
vn -0.4119 0.0834 -0.9074
vn 0.5045 -0.4298 0.7488
vn 0.6205 0.1460 0.7705
vn -0.8994 -0.2980 -0.3198
vn 0.1300 -0.1487 -0.9803
vn -0.1861 -0.2825 0.9410
vn -0.4051 -0.2639 0.8754
vn 0.2621 -0.1600 -0.9517
vn -0.0541 -0.4037 -0.9133
vn 0.1478 -0.5759 -0.8041
vn -0.2113 -0.6423 -0.7368
vn 0.0862 0.2271 0.9700
vn -0.3364 -0.1211 0.9339
vn -0.1930 -0.6236 -0.7576
vn 0.0120 -0.4604 -0.8877
vn -0.1303 -0.7245 -0.6768
vn -0.3207 -0.8483 -0.4214
vn -0.1305 -0.7244 -0.6769
vn 0.0220 -0.2977 -0.9544
vn -0.3318 -0.5144 -0.7908
vn -0.3320 -0.5144 -0.7907
vn -0.4721 -0.8348 -0.2832
vn -0.1368 -0.7280 -0.6718
vn -0.0746 -0.9518 -0.2976
vn -0.3207 -0.8483 -0.4213
vn -0.3205 -0.9473 0.0002
vn -0.1003 -0.6622 -0.7425
vn -0.0692 -0.9594 -0.2733
vn -0.3344 -0.9348 0.1196
vn 0.0994 -0.9950 -0.0001
vn 0.3390 -0.9379 -0.0735
vn 0.0569 -0.9738 -0.2203
vn 0.1757 -0.9161 -0.3604
vn 0.0743 -0.9340 0.3494
vn -0.1602 -0.7449 -0.6476
vn -0.0691 -0.9594 -0.2735
vn 0.1597 -0.3092 -0.9375
vn -0.1317 -0.7629 -0.6330
vn -0.1316 -0.7630 -0.6329
vn -0.4382 -0.8984 0.0284
vn -0.1602 -0.7450 -0.6476
vn -0.1367 -0.7281 -0.6717
vn 0.5792 -0.5693 -0.5834
vn 0.4070 -0.8942 -0.1863
vn 0.2210 -0.8064 -0.5485
vn 0.3828 -0.7479 -0.5423
vn 0.0212 -0.9931 -0.1150
vn 0.5072 -0.5952 -0.6233
vn 0.6088 0.0186 -0.7931
vn 0.4836 -0.4853 -0.7285
vn 0.1781 -0.3848 -0.9057
vn -0.2436 -0.6668 -0.7043
vn -0.0429 -0.4247 -0.9043
vn 0.3831 -0.7478 -0.5423
vn 0.5043 -0.8441 -0.1822
vn 0.8536 -0.4730 -0.2182
vn 0.4839 -0.4852 -0.7284
vn 0.5039 -0.8443 -0.1824
vn 0.1739 -0.8454 -0.5050
vn -0.5056 0.5684 0.6491
vn -0.9784 0.1711 0.1157
vn 0.6660 -0.6029 -0.4393
vn -0.8491 0.4098 -0.3332
vn 0.4689 -0.6354 0.6135
vn 0.5769 -0.8131 0.0785
vn 0.4683 -0.6354 -0.6140
vn -0.8488 0.4100 0.3340
vn 0.5767 -0.8131 -0.0791
vn -0.9001 -0.2688 0.3430
vn -0.4110 0.0835 0.9078
vn 0.5038 -0.4298 -0.7493
vn 0.1801 -0.0641 -0.9816
vn 0.5543 0.3912 -0.7346
vn 0.2023 0.0653 -0.9771
vn 0.4849 -0.1256 -0.8655
vn 0.1250 -0.1847 -0.9748
vn -0.3232 -0.2175 0.9210
vn -0.7363 -0.5647 0.3727
vn 0.2049 -0.2892 -0.9351
vn -0.1834 -0.4698 -0.8635
vn -0.0754 0.1058 0.9915
vn -0.4978 0.0064 0.8673
vn -0.2033 -0.7703 -0.6044
vn -0.4380 0.0375 0.8982
vn 0.1516 -0.7024 -0.6955
vn 0.1514 -0.7025 -0.6954
vn 0.3003 -0.2955 -0.9069
vn -0.1361 -0.7280 0.6719
vn 0.1521 -0.7025 0.6953
vn 0.0129 -0.4604 0.8876
vn 0.3012 -0.2956 0.9066
vn 0.0202 0.4457 -0.8950
vn -0.2028 -0.7703 0.6046
vn -0.4390 0.0376 -0.8977
vn -0.1360 -0.7282 0.6718
vn 0.1469 -0.7343 0.6628
vn -0.0421 -0.4247 0.9044
vn -0.1310 -0.7630 0.6330
vn -0.4382 -0.8984 -0.0279
vn -0.1595 -0.7450 0.6477
vn -0.1311 -0.7628 0.6331
vn -0.0687 -0.9571 0.2816
vn 0.1606 -0.3092 0.9373
vn -0.1595 -0.7450 0.6478
vn 0.1767 -0.9189 0.3526
vn -0.0688 -0.9571 0.2816
vn 0.3390 -0.9379 0.0731
vn 0.0740 -0.9340 -0.3495
vn -0.3205 -0.9472 0.0001
vn -0.2169 -0.6665 0.7133
vn 0.2817 -0.7466 0.6027
vn 0.0570 -0.9738 0.2202
vn 0.2216 -0.8063 0.5484
vn 0.5799 -0.5692 0.5828
vn 0.3835 -0.7478 0.5420
vn 0.0214 -0.9931 0.1150
vn 0.6097 0.0189 0.7924
vn 0.1472 -0.7343 0.6627
vn 0.1791 -0.3847 0.9055
vn 0.1791 -0.3848 0.9055
vn 0.4844 -0.4851 0.7280
vn -0.2427 -0.6668 0.7046
vn 0.3836 -0.7478 0.5419
vn 0.5046 -0.8441 0.1816
vn 0.4847 -0.4852 0.7278
vn 0.8537 -0.4732 0.2175
vn 0.5077 -0.5953 0.6228
vn -0.5061 0.5684 -0.6487
vn 0.1744 -0.8454 0.5048
vn 0.5040 -0.8443 0.1818
vn -0.9786 0.1710 -0.1146
vn 0.6667 -0.6026 0.4386
vn -0.6626 -0.6338 -0.3989
vn -0.4996 -0.8662 0.0002
vn -0.5939 -0.5600 -0.5777
vn -0.5000 -0.8660 0.0003
vn -0.6626 -0.6335 0.3995
vn -0.5937 -0.5597 0.5782
vn -0.6623 -0.6338 0.3996
vn -0.5737 -0.8190 0.0001
vn -0.6718 -0.6094 0.4211
vn -0.4835 -0.7555 -0.4420
vn -0.4107 -0.7973 0.4423
vn -0.5739 -0.8190 0.0004
vn -0.3541 -0.8326 0.4258
vn -0.4197 -0.4915 0.7630
vn -0.6717 -0.6093 0.4214
vn -0.2437 -0.2272 0.9429
vn 0.3218 0.5727 -0.7540
vn -0.3625 -0.8455 0.3920
vn -0.0088 -0.6979 0.7161
vn 0.0850 0.1763 -0.9807
vn -0.0087 -0.6979 0.7162
vn -0.1642 -0.3185 0.9336
vn -0.1351 -0.2358 0.9624
vn -0.5238 -0.4119 0.7456
vn -0.4201 -0.4916 0.7628
vn -0.5942 -0.6802 0.4294
vn -0.2467 -0.5928 0.7666
vn -0.3670 -0.9302 0.0002
vn -0.0915 -0.9045 0.4166
vn -0.1334 -0.8941 0.4276
vn -0.2468 -0.5929 0.7665
vn -0.3339 -0.5651 0.7545
vn -0.0203 -0.3495 0.9367
vn 0.1580 -0.7176 0.6783
vn 0.1045 -0.6698 0.7351
vn -0.1461 -0.8993 0.4123
vn -0.0592 0.0067 -0.9982
vn 0.1046 -0.6701 0.7349
vn -0.0094 -0.3437 0.9390
vn -0.0637 -0.3064 0.9498
vn -0.0093 -0.3430 0.9393
vn -0.2467 -0.5925 0.7668
vn 0.0288 -0.3704 0.9284
vn -0.0636 -0.3061 0.9499
vn -0.2281 -0.2713 -0.9351
vn -0.3136 0.4233 -0.8500
vn -0.0231 0.3129 -0.9495
vn 0.4145 -0.4148 0.8100
vn 0.1049 -0.6861 0.7199
vn 0.1045 -0.6699 0.7351
vn 0.4150 -0.4146 0.8098
vn 0.0998 -0.3073 0.9464
vn -0.1278 -0.6308 0.7654
vn 0.0937 -0.2921 0.9518
vn 0.3154 -0.6267 0.7126
vn 0.0995 -0.3074 0.9464
vn -0.0105 -0.2327 -0.9725
vn -0.2420 0.3003 -0.9226
vn 0.1308 0.3765 -0.9171
vn 0.0472 -0.6182 0.7846
vn 0.0649 -0.2471 -0.9668
vn -0.2081 -0.0294 0.9777
vn -0.0152 -0.1618 0.9867
vn 0.0199 -0.6727 -0.7396
vn -0.6926 -0.2583 -0.6735
vn 0.0432 -0.8504 -0.5244
vn -0.1598 -0.3780 -0.9119
vn 0.0003 0.0560 0.9984
vn 0.2902 0.3525 0.8897
vn -0.2893 0.3259 0.9000
vn -0.1599 -0.3776 -0.9121
vn 0.2690 0.0155 0.9630
vn 0.1915 -0.0710 0.9789
vn 0.1915 -0.0711 0.9789
vn -0.4171 -0.2172 -0.8825
vn -0.3428 -0.8418 -0.4170
vn -0.0365 -0.3859 0.9218
vn 0.0317 -0.0419 -0.9986
vn -0.2110 -0.6338 -0.7441
vn -0.1809 0.0711 -0.9809
vn 0.2572 -0.1161 0.9594
vn -0.0265 -0.3345 -0.9420
vn -0.0531 -0.3215 0.9454
vn -0.2467 -0.5929 0.7666
vn -0.0431 -0.6772 0.7345
vn 0.4117 0.5046 -0.7589
vn 0.0367 0.2845 -0.9580
vn -0.0430 -0.6772 0.7345
vn -0.2664 -0.9076 0.3244
vn -0.0430 -0.6771 0.7346
vn -0.2369 -0.8656 0.4412
vn -0.0365 -0.2258 0.9735
vn -0.2945 -0.5655 0.7704
vn -0.0531 -0.3214 0.9455
vn -0.2944 -0.5656 0.7704
vn -0.0655 -0.6846 0.7260
vn -0.0656 -0.6845 0.7261
vn -0.2369 -0.8656 0.4411
vn 0.1045 -0.9305 0.3510
vn -0.1726 -0.9850 0.0001
vn -0.0599 -0.6518 0.7561
vn -0.3683 -0.8205 0.4371
vn -0.1795 -0.9818 -0.0625
vn -0.3839 -0.8433 -0.3760
vn 0.0751 -0.9799 0.1846
vn -0.1549 -0.9879 0.0001
vn 0.4576 -0.8030 -0.3818
vn 0.0875 -0.7034 -0.7054
vn -0.2629 -0.8784 -0.3991
vn 0.0811 -0.6630 -0.7442
vn 0.0872 -0.9942 -0.0621
vn -0.4092 -0.3364 -0.8481
vn 0.0290 -0.5441 -0.8385
vn -0.1713 -0.6725 -0.7200
vn -0.0065 0.4547 0.8906
vn -0.0096 -0.2326 0.9725
vn 0.1316 0.3766 0.9170
vn -0.2412 0.3003 0.9228
vn 0.0467 -0.6222 -0.7814
vn 0.0987 -0.3068 -0.9467
vn 0.3131 -0.6312 -0.7096
vn 0.0850 -0.8969 -0.4339
vn 0.3483 -0.9374 -0.0002
vn -0.1287 -0.6308 -0.7652
vn 0.0989 -0.3071 -0.9465
vn 0.1037 -0.6699 -0.7352
vn 0.4142 -0.4144 -0.8103
vn 0.4138 -0.4147 -0.8104
vn -0.2273 -0.2712 0.9353
vn -0.0645 -0.3061 -0.9498
vn -0.3128 0.4234 0.8502
vn 0.1041 -0.6861 -0.7200
vn -0.0103 -0.3436 -0.9390
vn 0.1038 -0.6700 -0.7350
vn -0.0646 -0.3063 -0.9497
vn 0.0829 -0.3661 -0.9269
vn 0.4910 0.1927 -0.8495
vn 0.1906 -0.0710 -0.9791
vn -0.1525 -0.3539 0.9228
vn -0.4164 -0.2172 0.8829
vn -0.3423 -0.8417 0.4175
vn 0.0326 -0.0420 0.9986
vn -0.2104 -0.6338 0.7443
vn -0.1801 0.0712 0.9811
vn -0.1415 0.0564 -0.9883
vn 0.2993 0.2085 0.9311
vn -0.0256 -0.3345 0.9420
vn 0.0279 -0.3708 -0.9283
vn -0.2474 -0.5926 -0.7666
vn -0.0102 -0.3431 -0.9393
vn 0.0280 -0.3705 -0.9284
vn 0.1575 -0.7176 -0.6784
vn -0.1464 -0.8993 -0.4120
vn -0.1339 -0.8943 -0.4269
vn 0.1572 -0.7175 -0.6786
vn -0.0212 -0.3500 -0.9365
vn -0.3347 -0.5650 -0.7542
vn 0.1037 -0.6697 -0.7354
vn -0.2476 -0.5928 -0.7663
vn -0.1945 -0.8772 -0.4389
vn 0.0689 -0.9976 -0.0001
vn 0.3886 -0.8567 -0.3393
vn -0.1944 -0.8772 -0.4390
vn 0.0630 -0.9980 -0.0000
vn 0.1097 -0.6694 -0.7348
vn -0.1339 -0.8942 -0.4272
vn -0.1863 -0.9825 0.0001
vn 0.0739 -0.9059 0.4171
vn 0.1003 -0.4197 -0.9021
vn -0.0748 0.0139 0.9971
vn 0.2048 0.2772 0.9387
vn -0.1772 -0.8886 -0.4231
vn -0.1480 -0.3326 -0.9314
vn -0.0432 0.0271 -0.9987
vn -0.3341 -0.5657 -0.7539
vn -0.1478 -0.3331 -0.9312
vn -0.1177 -0.6567 -0.7449
vn -0.2877 -0.9577 0.0001
vn -0.3230 -0.6039 -0.7287
vn -0.2761 -0.8654 -0.4182
vn -0.1181 -0.6567 -0.7448
vn -0.3345 -0.5650 -0.7543
vn -0.1180 -0.6650 -0.7375
vn 0.2039 0.2773 -0.9389
vn 0.1011 -0.4198 0.9020
vn -0.1768 -0.8886 0.4233
vn -0.1172 -0.6650 0.7376
vn -0.1471 -0.3324 0.9316
vn 0.1011 -0.4196 0.9020
vn -0.1468 -0.3327 0.9315
vn -0.3335 -0.5653 0.7545
vn -0.0422 0.0278 0.9987
vn 0.3943 0.5290 -0.7515
vn -0.2877 -0.9577 0.0002
vn -0.1171 -0.6567 0.7450
vn -0.2753 -0.8655 0.4184
vn -0.3339 -0.5652 0.7544
vn -0.0383 -0.9155 0.4005
vn -0.0367 -0.3583 0.9329
vn -0.2763 -0.8602 0.4286
vn -0.2048 -0.9788 -0.0000
vn -0.1821 -0.8842 -0.4301
vn -0.1171 -0.6653 0.7374
vn -0.0934 -0.9956 0.0001
vn -0.3546 -0.8326 -0.4255
vn -0.3401 -0.8045 0.4869
vn -0.3460 -0.8029 -0.4855
vn -0.6805 -0.7328 0.0004
vn -0.5739 -0.8189 0.0003
vn -0.6722 -0.6094 -0.4204
vn -0.4832 -0.7556 0.4423
vn -0.2447 -0.2272 -0.9426
vn -0.6721 -0.6094 -0.4206
vn -0.4156 -0.4928 -0.7645
vn -0.4109 -0.7975 -0.4418
vn -0.3405 -0.5497 -0.7628
vn -0.6707 -0.6772 -0.3027
vn 0.5551 0.3912 0.7341
vn 0.2032 0.0653 0.9770
vn -0.3240 -0.2175 -0.9207
vn 0.1259 -0.1847 0.9747
vn 0.4857 -0.1256 0.8650
vn -0.7366 -0.5647 -0.3720
vn -0.1839 -0.4732 0.8616
vn -0.4985 0.0064 -0.8669
vn 0.0497 -0.3496 -0.9356
vn -0.0662 -0.6849 -0.7256
vn -0.1468 -0.3089 -0.9397
vn -0.0664 -0.6844 -0.7261
vn -0.0539 -0.3214 -0.9454
vn 0.2398 -0.5207 -0.8194
vn 0.2397 -0.5208 -0.8193
vn -0.0900 -0.7234 -0.6845
vn 0.1236 -0.0561 -0.9907
vn -0.1153 -0.4288 -0.8960
vn -0.2190 -0.8657 0.4501
vn -0.0695 -0.9976 0.0001
vn -0.2195 -0.8657 -0.4498
vn -0.3081 -0.8394 -0.4478
vn -0.3078 -0.8393 0.4481
vn -0.5947 -0.8040 0.0004
vn -0.4024 -0.9154 0.0002
vn -0.0625 -0.9376 0.3419
vn -0.2042 -0.6175 0.7596
vn -0.6002 -0.6268 0.4970
vn -0.1924 -0.6235 0.7578
vn -0.0625 -0.9377 0.3419
vn -0.4112 -0.9115 0.0095
vn -0.6003 -0.6267 0.4969
vn -0.3202 -0.8483 0.4217
vn -0.1921 -0.6237 0.7576
vn -0.3432 -0.4770 0.8091
vn -0.0150 -0.2542 0.9670
vn 0.0311 -0.7173 0.6960
vn 0.2344 0.6215 -0.7475
vn -0.1102 0.2497 -0.9620
vn -0.0655 -0.6847 0.7258
vn 0.0505 -0.3493 0.9356
vn -0.1459 -0.3086 0.9399
vn 0.2350 -0.5215 0.8203
vn 0.0636 0.3340 -0.9404
vn 0.2352 -0.5215 0.8202
vn -0.2509 -0.2131 -0.9443
vn -0.1765 -0.3272 -0.9283
vn 0.1245 -0.0561 0.9906
vn -0.1144 -0.4288 0.8961
vn -0.2757 -0.8654 0.4184
vn -0.3224 -0.6039 0.7290
vn -0.1174 -0.6568 0.7449
vn -0.2045 -0.6260 0.7525
vn -0.4249 -0.9052 0.0002
vn -0.2052 -0.6261 -0.7523
vn -0.0387 -0.9156 -0.4002
vn -0.0376 -0.3583 -0.9329
vn -0.2779 -0.8633 -0.4212
vn -0.1820 -0.8843 0.4300
vn -0.3615 -0.8426 -0.3992
vn -0.0096 -0.6977 -0.7164
vn -0.5244 -0.4117 -0.7453
vn -0.1651 -0.3188 -0.9333
vn -0.1361 -0.2362 -0.9621
vn -0.0094 -0.6978 -0.7163
vn -0.1178 -0.6651 -0.7374
vn -0.4158 -0.4926 -0.7645
vn -0.1870 -0.2825 -0.9409
vn 0.4684 0.0330 0.8829
vn -0.4845 -0.7490 -0.4520
vn -0.0533 -0.4036 0.9134
vn 0.2629 -0.1600 0.9515
vn -0.4058 -0.2639 -0.8750
vn -0.0433 0.0419 -0.9982
vn 0.0854 0.2271 -0.9701
vn -0.2107 -0.6423 0.7369
vn 0.1486 -0.5759 0.8039
vn -0.3373 -0.1210 -0.9336
vn 0.0128 -0.4604 0.8876
vn -0.1922 -0.6236 0.7578
vn -0.1297 -0.7245 0.6769
vn -0.1297 -0.7244 0.6771
vn -0.3202 -0.8483 0.4218
vn 0.0230 -0.2976 0.9544
vn -0.3310 -0.5144 0.7911
vn -0.3313 -0.5143 0.7911
vn -0.4718 -0.8348 0.2836
vn -0.1361 -0.7281 0.6718
vn -0.0741 -0.9518 0.2976
vn -0.3343 -0.9349 -0.1194
vn -0.0995 -0.6622 0.7427
vn -0.4106 -0.7974 0.4422
vn -0.6041 -0.7969 0.0003
vn -0.3682 -0.7334 -0.5714
vn -0.2874 -0.9578 0.0001
vn -0.3677 -0.7334 0.5718
vn -0.6008 -0.6266 -0.4964
vn -0.2049 -0.6175 -0.7594
vn -0.6008 -0.6267 -0.4963
vn -0.4112 -0.9115 -0.0092
vn -0.1932 -0.6234 -0.7576
vn -0.0628 -0.9376 -0.3419
vn -0.3440 -0.4765 -0.8090
vn -0.1930 -0.6233 -0.7578
vn -0.0159 -0.2545 -0.9669
vn 0.0305 -0.7174 -0.6960
vn -0.0663 -0.6845 -0.7260
vn -0.2894 -0.8462 -0.4474
vn -0.1092 0.2496 0.9622
vn 0.0733 -0.9059 -0.4171
vn 0.3891 -0.8566 0.3390
vn 0.1103 -0.6694 0.7347
vn -0.1941 -0.8771 0.4393
vn 0.0688 -0.9976 -0.0000
vn -0.1941 -0.8772 0.4391
vn -0.1335 -0.8942 0.4274
vn 0.1240 -0.9923 -0.0001
vn -0.1402 -0.8968 -0.4197
vn -0.1398 -0.8968 0.4198
vn -0.4382 -0.8989 0.0001
vn -0.3478 -0.9376 -0.0003
vn -0.0918 -0.9046 -0.4162
vn 0.1642 0.3319 0.9289
vn 0.4983 0.7506 0.4339
vn -0.3669 -0.9303 0.0004
vn -0.0916 -0.9047 -0.4161
vn -0.2473 -0.5930 -0.7663
vn -0.3669 -0.9303 0.0002
vn -0.2594 -0.5863 -0.7675
vn -0.5946 -0.6800 -0.4290
vn -0.5948 -0.6799 -0.4289
vn -0.2373 -0.8656 -0.4409
vn -0.0436 -0.6772 -0.7345
vn -0.2473 -0.5929 -0.7663
vn 0.0375 0.2847 0.9579
vn 0.4124 0.5045 0.7585
vn -0.2374 -0.8655 -0.4411
vn -0.0437 -0.6770 -0.7347
vn -0.0374 -0.2257 -0.9735
vn -0.2666 -0.9077 -0.3240
vn -0.2952 -0.5653 -0.7702
vn -0.2953 -0.5653 -0.7702
vn 0.1041 -0.9305 -0.3511
vn -0.1795 -0.9818 0.0627
vn -0.3688 -0.8206 -0.4367
vn -0.0607 -0.6518 -0.7560
vn -0.4296 -0.9030 0.0002
vn -0.2296 -0.8132 0.5348
vn -0.1244 -0.9922 0.0001
vn -0.5943 -0.6800 0.4295
vn -0.2586 -0.5862 0.7677
vn -0.0916 -0.9045 0.4165
vn 0.4980 0.7505 -0.4345
vn 0.1632 0.3318 -0.9291
vn 0.0881 -0.7033 0.7054
vn -0.2624 -0.8784 0.3994
vn -0.1101 0.9535 0.2806
vn 0.4578 -0.8031 0.3813
vn 0.0920 0.9111 -0.4017
vn -0.4087 -0.3365 0.8484
vn 0.0291 -0.5442 0.8385
vn 0.0428 -0.7890 0.6129
vn 0.3173 0.6055 0.7298
vn 0.2756 0.8656 0.4180
vn 0.1707 0.8945 0.4131
vn 0.2760 0.8655 0.4180
vn 0.1182 0.6652 0.7372
vn 0.3666 0.8232 0.4336
vn 0.1708 0.8944 0.4133
vn -0.3343 -0.8372 0.4329
vn 0.5934 0.7046 0.3891
vn -0.2636 -0.8735 -0.4094
vn 0.3019 0.5591 0.7722
vn 0.1580 0.9056 0.3937
vn 0.3175 0.6052 0.7301
vn 0.5934 0.7047 0.3890
vn 0.1255 0.3891 0.9126
vn 0.0495 0.6932 0.7190
vn 0.2666 0.6586 0.7037
vn 0.0494 0.6931 0.7191
vn 0.1579 0.9056 0.3936
vn -0.0189 0.6692 0.7428
vn 0.2664 0.6585 0.7039
vn 0.0494 0.6933 0.7189
vn -0.4630 -0.5537 -0.6921
vn -0.3214 0.8598 0.3969
vn -0.3213 0.8597 0.3972
vn 0.0625 -0.9440 0.3239
vn -0.1216 -0.9083 -0.4003
vn 0.2376 -0.8772 -0.4172
vn 0.2655 0.8798 0.3943
vn -0.0245 0.7017 0.7121
vn -0.4712 0.2836 0.8352
vn -0.2631 0.6241 0.7358
vn -0.5419 0.7575 0.3641
vn 0.1344 -0.9475 0.2900
vn -0.2936 0.9559 0.0002
vn -0.0868 0.9754 0.2028
vn -0.2105 -0.9776 -0.0000
vn 0.1496 0.8040 0.5754
vn 0.2819 0.9594 -0.0002
vn -0.1518 -0.8904 0.4291
vn 0.1727 -0.9850 -0.0000
vn -0.5133 -0.8582 0.0003
vn 0.0345 -0.4364 0.8991
vn -0.1213 -0.9082 0.4007
vn -0.0270 0.9987 -0.0440
vn -0.3215 0.8596 -0.3971
vn 0.2381 -0.8772 0.4170
vn 0.2651 0.8798 -0.3946
vn -0.6787 -0.6690 0.3029
vn 0.0190 -0.6737 0.7388
vn 0.2377 -0.8774 0.4167
vn 0.1191 -0.8430 0.5246
vn 0.0957 -0.4646 0.8803
vn 0.0190 -0.6733 0.7391
vn -0.2238 -0.6613 0.7159
vn 0.0376 0.2114 0.9767
vn -0.6922 -0.2582 0.6740
vn -0.7662 0.2168 0.6049
vn -0.0263 -0.0072 0.9996
vn 0.1896 -0.3190 0.9286
vn 0.0195 -0.6734 0.7390
vn 0.0658 -0.2477 0.9666
vn -0.2730 -0.0300 0.9615
vn -0.1589 -0.3775 0.9123
vn -0.0165 0.2478 0.9687
vn 0.0439 -0.8504 0.5244
vn -0.1587 -0.3778 0.9122
vn 0.1683 -0.6594 0.7327
vn -0.1582 -0.9085 0.3868
vn 0.0193 -0.6730 0.7394
vn 0.1683 -0.6598 0.7324
vn 0.1596 0.9640 -0.2126
vn 0.2658 0.6587 -0.7039
vn -0.1022 -0.2793 0.9548
vn -0.3221 -0.6041 0.7289
vn -0.4624 -0.5536 0.6926
vn -0.1576 -0.8894 0.4292
vn 0.3826 0.9209 0.0743
vn -0.2148 -0.2987 0.9299
vn 0.1705 0.8944 -0.4136
vn -0.5316 -0.7450 0.4029
vn 0.6268 -0.0235 0.7789
vn -0.6542 0.6483 -0.3897
vn 0.8761 -0.3085 0.3704
vn 0.6268 -0.0236 0.7788
vn 0.6666 -0.6027 0.4386
vn 0.1608 -0.2806 0.9463
vn -0.6395 0.0493 -0.7672
vn 0.1607 -0.2807 0.9463
vn 0.8760 -0.3084 0.3709
vn 0.6778 -0.0588 0.7329
vn 0.6652 -0.1273 0.7358
vn 0.2318 -0.3676 0.9006
vn 0.4843 -0.4854 0.7279
vn 0.3913 -0.0603 0.9183
vn 0.7726 0.0205 0.6346
vn 0.5044 -0.4299 0.7488
vn 0.4255 -0.0607 0.9029
vn -0.9004 -0.2688 -0.3421
vn 0.3914 -0.0601 0.9182
vn 0.1406 -0.4148 0.8990
vn 0.6781 -0.0589 0.7326
vn -0.8995 -0.2979 -0.3196
vn 0.5363 0.3211 0.7806
vn -0.8995 -0.2980 -0.3196
vn -0.7096 0.2014 -0.6752
vn 0.1811 -0.0639 0.9814
vn 0.8533 0.2800 0.4398
vn 0.5783 0.3018 0.7580
vn 0.6206 0.1458 0.7704
vn 0.8532 0.2803 0.4398
vn -0.4199 -0.4916 0.7629
vn -0.1641 -0.3189 0.9335
vn -0.1862 -0.2825 0.9410
vn -0.1572 0.0991 0.9826
vn -0.0006 0.3774 0.9260
vn -0.4216 -0.1243 0.8982
vn -0.4839 -0.7491 0.4523
vn -0.3833 -0.2075 0.9000
vn -0.6625 -0.6337 0.3994
vn -0.4202 -0.4914 0.7629
vn -0.3399 -0.5497 0.7631
vn -0.0423 0.0421 0.9982
vn -0.0442 0.3581 0.9327
vn -0.4052 -0.2641 0.8753
vn 0.0826 0.5864 0.8058
vn -0.3152 0.3219 0.8928
vn -0.1803 0.1429 0.9732
vn 0.0862 0.2272 0.9700
vn -0.3366 -0.1210 0.9338
vn -0.0567 0.5099 0.8584
vn 0.4064 0.7643 0.5006
vn -0.0120 0.4605 0.8876
vn 0.1930 0.6234 0.7578
vn 0.3152 0.8499 0.4223
vn -0.1303 -0.7244 -0.6770
vn -0.0831 0.3812 0.9208
vn -0.0023 0.8273 0.5618
vn -0.4724 -0.8347 -0.2832
vn 0.1416 0.7235 0.6757
vn -0.3343 -0.9348 0.1196
vn 0.3819 0.8140 0.4376
vn -0.0745 -0.9518 -0.2976
vn -0.4108 -0.7975 -0.4419
vn 0.0155 0.4159 0.9093
vn 0.1418 0.7235 0.6757
vn 0.0566 0.9608 0.2714
vn 0.1782 0.7242 0.6662
vn 0.1114 0.9795 0.1680
vn -0.0328 0.9729 0.2288
vn 0.0742 -0.9340 0.3494
vn -0.2534 0.5551 0.7923
vn -0.2861 0.9520 0.1089
vn 0.3389 -0.9379 -0.0733
vn -0.1317 -0.7629 -0.6329
vn -0.2204 0.6485 0.7286
vn 0.1115 0.9794 0.1685
vn -0.1637 0.9149 0.3690
vn -0.1950 0.9213 0.3364
vn -0.4382 -0.8984 0.0282
vn 0.4072 -0.8942 -0.1862
vn -0.6459 0.3089 0.6981
vn -0.2024 0.7949 0.5720
vn 0.0211 -0.9931 -0.1149
vn -0.3968 0.7762 0.4901
vn -0.1470 0.7462 0.6492
vn -0.3739 0.7352 0.5654
vn -0.1790 0.3723 0.9107
vn -0.1472 0.7460 0.6495
vn -0.0714 0.7735 0.6297
vn -0.4829 0.5010 0.7182
vn -0.5930 0.4122 0.6918
vn -0.2238 0.3654 0.9035
vn -0.0925 0.6456 0.7580
vn 0.0090 0.8210 0.5709
vn 0.8535 -0.4733 -0.2179
vn 0.5043 -0.8442 -0.1819
vn 0.4691 -0.6354 0.6134
vn -0.7503 0.2708 0.6031
vn -0.6423 0.7570 -0.1199
vn -0.8493 0.4095 -0.3330
vn 0.8370 -0.4494 0.3121
vn 0.7963 -0.4951 0.3475
vn -0.3225 0.5200 0.7910
vn -0.6421 0.7571 0.1205
vn -0.8490 0.4097 0.3337
vn 0.5769 -0.8130 -0.0787
vn 0.6646 -0.1275 -0.7362
vn -0.4032 0.5103 0.7596
vn 0.9674 0.2468 -0.0573
vn -0.6746 0.5772 0.4601
vn -0.9439 0.2686 0.1922
vn -0.6540 0.6483 0.3899
vn -0.6390 0.0492 0.7676
vn -0.9438 0.2687 0.1924
vn -0.8703 0.3260 0.3692
vn -0.6731 0.0497 0.7379
vn -0.4737 0.3404 0.8122
vn -0.4736 0.3405 0.8123
vn -0.6728 0.0498 0.7382
vn -0.9001 -0.2689 0.3428
vn 0.0874 0.4712 0.8777
vn -0.4110 0.0836 0.9078
vn -0.4111 0.0834 0.9078
vn -0.4295 0.0604 0.9010
vn -0.4974 -0.3408 0.7978
vn -0.7090 0.2013 0.6758
vn -0.8551 -0.2710 0.4420
vn -0.8992 -0.2977 0.3207
vn -0.5759 -0.3097 0.7565
vn 0.9683 0.1249 0.2161
vn -0.3221 0.1102 0.9403
vn -0.9047 0.1247 0.4075
vn 0.9994 0.0341 -0.0004
vn -0.9906 -0.1371 0.0004
vn 0.6470 0.0705 0.7592
vn 0.9824 0.1870 -0.0006
vn 0.5643 -0.0969 0.8199
vn -0.9050 0.1247 -0.4067
vn 0.8515 0.2510 0.4604
vn -0.7878 -0.2057 0.5806
vn 0.8959 -0.2417 0.3727
vn -0.8671 -0.2051 -0.4540
vn -0.7756 -0.2317 0.5872
vn -0.9993 0.0382 0.0004
vn 0.9150 0.4034 -0.0004
vn -0.7812 -0.6242 0.0003
vn -0.6719 -0.6093 0.4210
vn 0.8654 0.2530 -0.4326
vn -0.8287 -0.3464 0.4396
vn -0.2911 -0.1114 0.9502
vn -0.5760 -0.3097 0.7565
vn -0.6677 -0.1844 0.7212
vn -0.6704 -0.6773 0.3031
vn -0.2432 -0.0079 0.9699
vn 0.5543 0.3911 -0.7347
vn -0.3398 -0.5497 0.7631
vn -0.3834 -0.2073 0.9000
vn 0.6148 0.7846 -0.0801
vn -0.3231 -0.2172 0.9211
vn 0.0761 0.3301 0.9409
vn -0.4334 0.0452 0.9001
vn -0.3231 -0.2174 0.9211
vn -0.4331 0.0455 0.9002
vn -0.0752 0.1057 0.9915
vn -0.4978 0.0064 0.8672
vn 0.1104 0.5579 0.8225
vn 0.0211 0.4456 0.8950
vn -0.4379 0.0377 0.8983
vn -0.0921 0.6460 0.7578
vn 0.4185 0.8255 0.3786
vn 0.0208 0.4456 0.8950
vn 0.0129 -0.4603 0.8877
vn 0.0979 -0.0916 0.9910
vn 0.1523 -0.7023 0.6954
vn -0.1363 -0.7280 0.6719
vn -0.0422 -0.4248 0.9043
vn 0.3009 -0.2957 0.9067
vn -0.2027 -0.7703 0.6045
vn 0.4183 0.8254 -0.3792
vn -0.0423 -0.4248 0.9043
vn 0.1469 -0.7343 0.6627
vn -0.1358 -0.7281 0.6719
vn -0.0686 -0.9572 0.2813
vn -0.1308 -0.7630 0.6330
vn 0.1113 0.9795 -0.1682
vn 0.1606 -0.3091 0.9374
vn -0.1952 0.9215 -0.3358
vn -0.0687 -0.9570 0.2818
vn 0.1767 -0.9189 0.3528
vn -0.1596 -0.7448 0.6479
vn 0.0506 0.9072 0.4176
vn -0.3204 -0.9473 -0.0000
vn -0.1241 0.9923 -0.0000
vn -0.2169 -0.6666 0.7131
vn 0.3560 0.9345 -0.0004
vn -0.0329 0.9729 -0.2289
vn 0.0325 0.8369 0.5464
vn -0.2861 0.9520 -0.1084
vn 0.0570 -0.9737 0.2204
vn -0.3787 0.8862 -0.2671
vn 0.5802 -0.5689 0.5828
vn 0.1548 0.9879 -0.0090
vn 0.1468 -0.7343 0.6628
vn 0.3830 -0.7479 0.5422
vn 0.1788 -0.3849 0.9055
vn 0.2157 -0.4273 0.8780
vn 0.6097 0.0186 0.7924
vn -0.2428 -0.6669 0.7044
vn 0.4838 -0.4856 0.7281
vn -0.5267 0.8061 -0.2697
vn 0.5077 -0.5952 0.6229
vn 0.1744 -0.8454 0.5049
vn 0.4958 0.2586 0.8290
vn -0.8252 -0.3447 -0.4476
vn 0.6180 0.6575 0.4311
vn 0.8698 0.2543 0.4228
vn -0.6671 -0.5161 0.5373
vn -0.6695 -0.6068 -0.4286
vn -0.5936 -0.5599 0.5781
vn 0.7336 0.6796 -0.0004
vn -0.4999 -0.8661 0.0003
vn 0.5953 0.8035 -0.0006
vn -0.8945 -0.4471 0.0007
vn 0.4680 0.5279 0.7087
vn 0.5733 0.8184 0.0392
vn 0.7327 0.5252 -0.4327
vn 0.3353 0.8313 -0.4433
vn -0.2439 -0.2272 0.9428
vn -0.3543 -0.8325 0.4259
vn -0.4107 -0.7972 0.4425
vn -0.5237 -0.4119 0.7457
vn -0.3625 -0.8456 0.3919
vn -0.0089 -0.6979 0.7161
vn -0.0089 -0.6978 0.7163
vn -0.1350 -0.2363 0.9623
vn -0.2464 -0.5928 0.7667
vn -0.5943 -0.6800 0.4294
vn -0.2370 -0.8656 0.4412
vn -0.2464 -0.5933 0.7663
vn -0.1331 -0.8944 0.4270
vn -0.0910 -0.9049 0.4158
vn 0.1725 0.9849 0.0177
vn -0.0202 -0.3497 0.9366
vn 0.1581 -0.7175 0.6784
vn -0.0094 -0.3436 0.9391
vn 0.1581 -0.7174 0.6785
vn -0.3337 -0.5652 0.7545
vn 0.1046 -0.6697 0.7353
vn -0.2466 -0.5929 0.7666
vn 0.1046 -0.6696 0.7353
vn -0.0637 -0.3059 0.9499
vn 0.2091 -0.0064 0.9779
vn 0.4145 -0.4147 0.8101
vn -0.0638 -0.3060 0.9499
vn 0.2039 -0.0284 0.9786
vn 0.1047 -0.6863 0.7197
vn 0.4147 -0.4146 0.8101
vn -0.0094 -0.3434 0.9392
vn 0.0995 -0.3070 0.9465
vn 0.0996 -0.3072 0.9464
vn 0.3152 -0.6267 0.7127
vn -0.1276 -0.6307 0.7655
vn 0.0938 -0.2920 0.9518
vn -0.1277 -0.6306 0.7655
vn -0.0628 0.9626 -0.2634
vn -0.3783 0.6667 -0.6422
vn 0.0819 -0.6629 0.7442
vn 0.3670 -0.3035 0.8793
vn 0.0272 0.0072 0.9996
vn 0.0472 -0.6179 0.7848
vn 0.2689 0.0154 0.9630
vn 0.1268 0.4671 0.8750
vn -0.0317 0.0488 0.9983
vn -0.2080 -0.0293 0.9777
vn -0.0151 -0.1618 0.9867
vn 0.2903 0.3526 0.8896
vn -0.2894 0.3261 0.9000
vn 0.0001 0.0561 0.9984
vn -0.2894 0.3260 0.9000
vn 0.0837 -0.3663 0.9267
vn 0.4918 0.1929 0.8491
vn 0.3319 0.6410 0.6921
vn 0.1473 0.3234 0.9347
vn 0.1915 -0.0709 0.9789
vn 0.0701 0.3643 0.9286
vn -0.0365 -0.3861 0.9217
vn -0.1405 0.0563 0.9885
vn 0.1420 0.3455 0.9276
vn -0.0588 0.0422 0.9974
vn 0.0289 -0.3708 0.9283
vn -0.2634 -0.5989 0.7563
vn 0.0287 -0.3708 0.9283
vn -0.2467 -0.5929 0.7665
vn -0.0589 0.0702 0.9958
vn -0.3758 -0.1608 0.9127
vn -0.0530 -0.3215 0.9454
vn -0.0427 -0.6771 0.7346
vn -0.0429 -0.6770 0.7347
vn -0.2946 -0.5655 0.7703
vn -0.2371 -0.8657 0.4409
vn -0.0658 -0.6845 0.7260
vn -0.2947 -0.5655 0.7703
vn 0.1824 0.9004 0.3951
vn 0.1045 -0.9305 0.3511
vn -0.0597 -0.6519 0.7559
vn -0.3684 -0.8204 0.4372
vn 0.2693 0.8583 -0.4368
vn -0.0507 0.9633 0.2636
vn -0.1548 -0.9880 0.0001
vn -0.4251 0.9051 0.0002
vn 0.0749 -0.9800 0.1846
vn 0.4575 -0.8031 -0.3817
vn 0.0923 0.9111 0.4017
vn -0.3344 0.8455 0.4163
vn -0.0850 0.8969 0.4339
vn -0.0811 0.6629 0.7443
vn -0.3346 0.8456 0.4158
vn -0.8413 0.4902 0.2280
vn -0.0829 0.6632 0.7439
vn -0.0263 0.8206 0.5710
vn -0.0811 0.6630 0.7442
vn -0.0063 0.4547 0.8906
vn -0.3667 0.5961 0.7143
vn 0.1320 0.3767 0.9169
vn -0.0808 0.6630 0.7443
vn -0.0717 0.8390 0.5394
vn -0.2413 0.3005 0.9227
vn -0.0986 0.3071 0.9466
vn 0.1317 0.3767 0.9169
vn -0.0096 -0.2328 0.9725
vn 0.1889 0.6745 0.7137
vn -0.0623 0.9626 0.2635
vn -0.3777 0.6667 0.6426
vn -0.0985 0.6784 0.7281
vn -0.0984 0.6783 0.7282
vn -0.0222 0.3127 0.9496
vn -0.0201 0.8844 0.4662
vn -0.3127 0.4229 0.8505
vn -0.1963 0.0352 0.9799
vn -0.2273 -0.2714 0.9352
vn -0.3129 0.4232 0.8503
vn 0.0049 0.3345 0.9424
vn -0.3952 0.0751 0.9155
vn 0.1692 0.0145 0.9855
vn -0.1254 -0.3919 0.9114
vn -0.1248 -0.3463 0.9298
vn -0.1523 -0.3541 0.9227
vn -0.0990 0.3442 0.9337
vn -0.4163 -0.2172 0.8829
vn -0.1471 -0.3323 0.9316
vn 0.0325 -0.0422 0.9986
vn -0.2104 -0.6333 0.7448
vn 0.1062 0.6703 0.7345
vn -0.1801 0.0711 0.9811
vn 0.0598 -0.0422 0.9973
vn 0.2994 0.2083 0.9311
vn -0.0256 -0.3346 0.9420
vn 0.0483 0.3285 0.9433
vn 0.3140 0.8225 0.4742
vn 0.0539 0.3217 0.9453
vn -0.0529 0.6930 0.7190
vn -0.3345 -0.5652 -0.7541
vn -0.0529 0.6933 0.7187
vn -0.0584 0.0063 0.9983
vn 0.1574 -0.7174 -0.6787
vn -0.0583 0.0067 0.9983
vn 0.1987 0.6007 0.7744
vn 0.1987 0.6008 0.7743
vn 0.1281 0.8950 0.4272
vn -0.0528 0.6932 0.7188
vn 0.1725 0.9848 -0.0186
vn 0.0690 -0.9976 0.0001
vn 0.0920 0.8916 0.4435
vn -0.1054 0.4255 0.8988
vn 0.3885 -0.8566 -0.3394
vn 0.0921 0.8916 0.4433
vn 0.0738 -0.9058 0.4173
vn -0.1857 -0.9826 0.0002
vn 0.3480 -0.9375 -0.0003
vn 0.2048 0.9788 -0.0000
vn -0.0781 0.8486 0.5233
vn 0.1641 0.3100 0.9365
vn -0.1629 0.4463 0.8799
vn 0.1182 0.6976 0.7067
vn 0.2048 0.2768 0.9389
vn 0.2048 0.2773 0.9387
vn 0.1473 0.3235 0.9347
vn 0.1180 0.6653 0.7372
vn 0.0268 0.6777 0.7349
vn 0.2707 0.9008 0.3396
vn 0.3951 0.5290 0.7510
vn 0.3175 0.6053 0.7299
vn 0.0267 0.6776 0.7350
vn -0.2876 -0.9578 -0.0000
vn -0.3344 -0.5652 -0.7541
vn 0.1086 0.2504 0.9620
vn 0.3952 0.5288 0.7511
vn -0.2756 0.1834 0.9436
vn -0.1304 -0.3244 0.9369
vn 0.1471 0.2799 0.9487
vn 0.1012 -0.4199 0.9019
vn -0.1169 -0.6651 0.7375
vn 0.1011 -0.4200 0.9019
vn -0.1766 -0.8886 0.4233
vn -0.1472 -0.3326 0.9315
vn -0.1172 -0.6652 0.7374
vn -0.1170 -0.6566 0.7451
vn -0.0423 0.0277 0.9987
vn -0.1171 -0.6569 0.7449
vn 0.3944 0.5291 -0.7514
vn -0.2752 -0.8656 0.4184
vn -0.1169 -0.6568 0.7450
vn -0.2874 -0.9578 -0.0000
vn -0.3336 -0.5655 0.7543
vn 0.1985 0.9775 0.0718
vn -0.0384 -0.9156 0.4002
vn -0.0366 -0.3585 0.9328
vn -0.2762 -0.8603 0.4285
vn 0.3674 0.8264 -0.4268
vn -0.0267 0.9234 -0.3830
vn -0.0933 -0.9956 0.0001
vn -0.3403 -0.8045 0.4868
vn 0.4332 0.9013 -0.0004
vn 0.2684 0.9633 -0.0002
vn -0.6803 -0.7329 0.0004
vn 0.2771 0.7409 0.6118
vn 0.3546 0.8326 0.4254
vn 0.4130 0.4892 0.7682
vn 0.7331 0.5255 0.4318
vn 0.3980 0.4542 0.7971
vn 0.7331 0.5254 0.4319
vn -0.4830 -0.7557 0.4422
vn 0.3358 0.8313 0.4429
vn -0.6723 -0.6093 -0.4204
vn 0.4131 0.4891 0.7682
vn 0.6591 0.6365 0.4006
vn 0.3359 0.8311 0.4432
vn -0.6684 -0.1844 -0.7206
vn 0.5551 0.3910 0.7341
vn 0.2033 0.0656 0.9769
vn 0.5550 0.3910 0.7342
vn 0.3769 0.1989 0.9047
vn 0.6148 0.7846 0.0796
vn 0.6592 0.6365 0.4004
vn 0.4089 0.5392 0.7363
vn 0.5783 0.3022 0.7578
vn 0.1758 -0.1501 0.9729
vn 0.4859 -0.1257 0.8649
vn 0.4857 -0.1256 0.8651
vn 0.5782 0.3021 0.7579
vn 0.2629 0.2507 0.9317
vn 0.2059 -0.2892 0.9349
vn -0.1800 0.4544 0.8724
vn 0.0662 0.6844 0.7261
vn 0.1816 0.8809 0.4370
vn 0.0645 0.3345 0.9402
vn -0.2499 -0.2134 0.9445
vn 0.0926 0.4115 0.9067
vn 0.1805 -0.1065 0.9778
vn -0.1757 -0.3274 0.9284
vn -0.0206 0.9203 -0.3907
vn -0.3077 -0.8394 0.4481
vn 0.1424 0.7351 0.6628
vn -0.0151 0.9999 -0.0001
vn -0.5953 -0.8035 0.0003
vn 0.4429 0.8190 0.3649
vn 0.5085 0.6884 -0.5172
vn -0.2042 -0.6174 0.7597
vn 0.2005 0.9034 -0.3790
vn -0.6000 -0.6268 0.4971
vn -0.1924 -0.6231 0.7581
vn -0.2191 -0.8655 0.4504
vn -0.0627 -0.9375 0.3423
vn -0.1926 -0.6235 0.7577
vn -0.5998 -0.6270 0.4971
vn -0.3201 -0.8484 0.4217
vn -0.3432 -0.4768 0.8092
vn 0.2615 0.9609 -0.0906
vn -0.0149 -0.2544 0.9670
vn 0.0311 -0.7174 0.6960
vn -0.3431 -0.4767 0.8093
vn 0.0504 -0.3490 0.9358
vn -0.2890 -0.8462 0.4476
vn 0.0310 -0.7175 0.6959
vn -0.1921 -0.6234 0.7580
vn -0.0656 -0.6846 0.7260
vn -0.0657 -0.6844 0.7261
vn -0.1460 -0.3082 0.9400
vn 0.1689 -0.0778 0.9826
vn 0.2350 -0.5216 0.8202
vn -0.1460 -0.3082 0.9401
vn 0.1527 -0.1133 0.9818
vn -0.0893 -0.7234 0.6846
vn 0.2352 -0.5219 0.8200
vn -0.0588 0.0494 0.9970
vn 0.1245 -0.0560 0.9906
vn -0.1145 -0.4286 0.8962
vn -0.3220 -0.6042 0.7289
vn -0.2753 -0.8656 0.4184
vn 0.2424 0.8148 0.5267
vn 0.4828 0.8757 -0.0000
vn 0.0993 0.9951 -0.0000
vn -0.4247 -0.9053 0.0001
vn -0.0389 -0.9154 -0.4006
vn -0.1819 -0.8843 0.4301
vn 0.3663 0.8231 0.4340
vn -0.2776 -0.8634 -0.4212
vn 0.1004 0.6242 0.7748
vn 0.1181 0.6649 0.7376
vn 0.3545 0.8327 0.4254
vn -0.0264 0.9234 0.3828
vn 0.3227 0.5724 0.7538
vn 0.1585 0.6530 0.7406
vn 0.1641 0.3099 0.9365
vn 0.3448 0.9127 0.2191
vn 0.4683 0.0331 0.8829
vn 0.4279 0.5089 0.7469
vn 0.4131 0.4892 0.7681
vn 0.1310 -0.1488 0.9801
vn 0.2629 -0.1604 0.9514
vn 0.3687 0.3859 0.8456
vn 0.0542 0.0493 0.9973
vn 0.1484 -0.5756 0.8041
vn 0.1978 -0.1140 0.9736
vn -0.2107 -0.6424 0.7368
vn -0.1302 -0.7245 0.6769
vn -0.3310 -0.5145 0.7910
vn 0.3880 0.8943 -0.2228
vn -0.1298 -0.7243 0.6772
vn -0.4722 -0.8346 0.2837
vn 0.0128 -0.4601 0.8878
vn -0.0029 0.8272 -0.5619
vn -0.3203 -0.8484 0.4215
vn -0.1362 -0.7281 0.6718
vn -0.3311 -0.5146 0.7910
vn -0.0743 -0.9518 0.2975
vn 0.3875 0.7965 0.4642
vn 0.3815 0.8140 -0.4380
vn -0.0998 -0.6622 0.7426
vn 0.1647 0.9277 -0.3349
vn -0.4104 -0.7976 0.4420
vn 0.2780 0.7668 0.5786
vn -0.6038 -0.7972 0.0003
vn 0.1240 0.9923 -0.0001
vn 0.5823 0.8130 -0.0003
vn -0.3676 -0.7334 0.5718
vn 0.2010 0.9035 0.3785
vn -0.4111 -0.9116 -0.0090
vn -0.6006 -0.6269 -0.4963
vn -0.4111 -0.9115 -0.0094
vn 0.5115 0.6918 0.5097
vn 0.1035 0.3959 0.9124
vn 0.2008 0.9033 0.3790
vn 0.1932 0.6232 0.7578
vn 0.2262 0.8678 0.4425
vn 0.5118 0.6915 0.5098
vn -0.0779 0.8020 0.5922
vn 0.2617 0.9609 0.0908
vn 0.2354 0.6213 0.7474
vn -0.2895 -0.8464 -0.4470
vn 0.2351 0.6217 0.7472
vn 0.0303 -0.7175 -0.6959
vn -0.0778 0.8023 0.5918
vn -0.1089 0.2498 0.9622
vn 0.2351 0.6213 0.7474
vn -0.0206 0.9401 0.3402
vn 0.3890 -0.8566 0.3389
vn 0.1102 -0.6695 0.7346
vn -0.1939 -0.8772 0.4392
vn 0.0915 0.8916 -0.4435
vn -0.1332 -0.8941 0.4276
vn 0.1048 -0.6696 0.7353
vn -0.1938 -0.8771 0.4395
vn -0.1397 -0.8968 0.4198
vn 0.2875 0.9578 -0.0002
vn 0.1242 -0.9923 0.0001
vn 0.0946 0.6542 0.7503
vn 0.0029 1.0000 -0.0000
vn -0.4383 -0.8988 0.0001
vn 0.2460 0.5982 0.7627
vn 0.1276 0.8952 0.4270
vn 0.4980 0.7509 0.4338
vn -0.3670 -0.9302 0.0003
vn 0.1880 0.8833 0.4294
vn 0.4984 0.7505 0.4341
vn -0.0918 -0.9046 -0.4163
vn 0.2373 0.8656 0.4409
vn 0.1881 0.8833 0.4295
vn 0.2589 0.9106 0.3220
vn 0.0663 0.6845 0.7260
vn 0.2699 0.8583 0.4364
vn -0.0008 0.4011 0.9160
vn -0.0203 0.9204 0.3905
vn 0.1040 -0.9305 -0.3512
vn -0.3687 -0.8206 -0.4367
vn -0.4300 -0.9028 0.0003
vn 0.2236 0.8268 0.5161
vn -0.2296 -0.8134 0.5345
vn -0.1240 -0.9923 -0.0000
vn -0.0210 0.9998 -0.0001
vn 0.5478 0.8366 -0.0003
vn -0.5943 -0.6799 0.4295
vn 0.3231 0.8630 0.3884
vn -0.2586 -0.5861 0.7678
vn -0.0913 -0.9046 0.4163
vn 0.1877 0.8833 -0.4297
vn 0.4978 0.7505 -0.4347
vt 34.104198 -25.029699
vt 34.061100 -25.062700
vt 34.108601 -25.035900
vt 33.937599 -25.084101
vt 34.065201 -25.091000
vt 34.062401 -25.084101
vt 34.064301 -25.081699
vt 34.111301 -25.034700
vt 34.105999 -25.029400
vt 34.148499 -24.997400
vt 34.153999 -25.002600
vt 34.069500 -25.087200
vt 34.157501 -24.998800
vt 34.150501 -24.995800
vt 34.062199 -24.771200
vt 34.090900 -24.846399
vt 34.067799 -24.766300
vt 34.104599 -24.819599
vt 34.153999 -24.864100
vt 34.109901 -24.814199
vt 34.148602 -24.869200
vt 34.065300 -24.776100
vt 33.934700 -24.776100
vt 34.062302 -24.783001
vt 33.937698 -24.783001
vt 33.849499 -24.871201
vt 33.851398 -24.869200
vt 33.895401 -24.819599
vt 33.846001 -24.864100
vt 33.890099 -24.814199
vt 33.842499 -24.868299
vt 33.849499 -24.995800
vt 33.932201 -24.766300
vt 33.909100 -24.846399
vt 33.937801 -24.771200
vt 34.010399 -25.219601
vt 34.005199 -25.222099
vt 34.011600 -25.220900
vt 34.006001 -25.220100
vt 34.016701 -25.193501
vt 34.010899 -25.219400
vt 34.006001 -25.217199
vt 34.004799 -25.217100
vt 34.021000 -25.183001
vt 34.013802 -25.217100
vt 34.043999 -25.163500
vt 34.041901 -25.166800
vt 34.019699 -25.218599
vt 34.021801 -25.183901
vt 34.021702 -25.180300
vt 34.042801 -25.162701
vt 34.039902 -25.104401
vt 34.041199 -25.099199
vt 33.919102 -25.064800
vt 33.932598 -24.998699
vt 33.926800 -24.995800
vt 33.925999 -25.066401
vt 33.933201 -24.997299
vt 33.926800 -25.068600
vt 33.934200 -25.000601
vt 33.919601 -25.070400
vt 33.931999 -25.129400
vt 33.926800 -25.069901
vt 33.939201 -25.128201
vt 33.933399 -25.133301
vt 33.954300 -25.183599
vt 33.940601 -25.131201
vt 33.947300 -25.186501
vt 33.951302 -25.191500
vt 33.977501 -25.206699
vt 33.956501 -25.186300
vt 33.972599 -25.212299
vt 33.998600 -25.228201
vt 33.994499 -25.235201
vt 33.997601 -25.235500
vt 33.990898 -25.233700
vt 33.993999 -25.226801
vt 33.989601 -25.226400
vt 33.986500 -25.233200
vt 33.993999 -25.233601
vt 33.996601 -25.227100
vt 33.993500 -25.226000
vt 33.990398 -25.231701
vt 33.988400 -25.226200
vt 33.991501 -25.223499
vt 33.988400 -25.224701
vt 33.987000 -25.228500
vt 33.988400 -25.221300
vt 33.982700 -25.226000
vt 33.976002 -25.203400
vt 33.969501 -25.206499
vt 33.992699 -25.225000
vt 33.996601 -25.225599
vt 33.993401 -25.223900
vt 33.991798 -25.227501
vt 33.994202 -25.223101
vt 33.994801 -25.222099
vt 34.000000 -25.227699
vt 33.988400 -25.220900
vt 33.991299 -25.222500
vt 33.998600 -25.224501
vt 33.996601 -25.221701
vt 34.000000 -25.220900
vt 34.001400 -25.224501
vt 34.003399 -25.221701
vt 34.003601 -25.219601
vt 34.001801 -25.221300
vt 33.998199 -25.221300
vt 33.996399 -25.219601
vt 33.995201 -25.217100
vt 34.000000 -25.218700
vt 33.989601 -25.219601
vt 33.993999 -25.220100
vt 33.993999 -25.217199
vt 33.983299 -25.193501
vt 33.989101 -25.219400
vt 33.979000 -25.183001
vt 33.986198 -25.217100
vt 33.978199 -25.183901
vt 33.980301 -25.218599
vt 33.956001 -25.163500
vt 33.958099 -25.166800
vt 33.978298 -25.180300
vt 33.957199 -25.162701
vt 33.960098 -25.104401
vt 33.958801 -25.099199
vt 33.981998 -25.148199
vt 33.982899 -25.152300
vt 33.980598 -25.182699
vt 33.994301 -25.212500
vt 33.998299 -25.178301
vt 34.000000 -25.177900
vt 34.000000 -25.189501
vt 33.996899 -25.216499
vt 34.003101 -25.216499
vt 34.005699 -25.212500
vt 34.019402 -25.182699
vt 34.017101 -25.152300
vt 34.018002 -25.148199
vt 34.001701 -25.178301
vt 34.000000 -25.175100
vt 34.016399 -25.148100
vt 34.000000 -25.092501
vt 34.000000 -25.086901
vt 33.983601 -25.148100
vt 33.981602 -25.144400
vt 33.998501 -25.087299
vt 33.970501 -25.036699
vt 33.969898 -25.033001
vt 33.960300 -25.098900
vt 33.963699 -25.031000
vt 33.953602 -25.094200
vt 33.968899 -25.033899
vt 33.958302 -25.096701
vt 33.927898 -25.067801
vt 33.928001 -25.071501
vt 33.948399 -25.159300
vt 33.958099 -25.100201
vt 33.952599 -25.098600
vt 33.955002 -25.160299
vt 33.949100 -25.166401
vt 33.962101 -25.195900
vt 33.956100 -25.164200
vt 33.968800 -25.193199
vt 33.964001 -25.199900
vt 33.986301 -25.223600
vt 33.970402 -25.196400
vt 33.980099 -25.228001
vt 34.013699 -25.223600
vt 34.035999 -25.199900
vt 34.029598 -25.196400
vt 34.019901 -25.228001
vt 34.010399 -25.226400
vt 34.009102 -25.233700
vt 34.013500 -25.233200
vt 34.006001 -25.226801
vt 34.001400 -25.228201
vt 34.002399 -25.235500
vt 34.005501 -25.235201
vt 34.006001 -25.233601
vt 34.006500 -25.226000
vt 34.003399 -25.227100
vt 34.009602 -25.231701
vt 34.008499 -25.223499
vt 34.011600 -25.226200
vt 34.011600 -25.224701
vt 34.013000 -25.228500
vt 34.011600 -25.221300
vt 34.017300 -25.226000
vt 34.023998 -25.203400
vt 34.030499 -25.206499
vt 34.003399 -25.225599
vt 34.007301 -25.225000
vt 34.006599 -25.223900
vt 34.008202 -25.227501
vt 34.005798 -25.223101
vt 34.008701 -25.222500
vt 34.018398 -25.144400
vt 34.039700 -25.098900
vt 34.029499 -25.036699
vt 34.030102 -25.033001
vt 34.001499 -25.087299
vt 34.028500 -25.033100
vt 34.000000 -25.084101
vt 34.000000 -24.977200
vt 34.000000 -24.973499
vt 33.971500 -25.033100
vt 33.953201 -24.924000
vt 33.998402 -24.974100
vt 33.934898 -24.996799
vt 33.927898 -24.991899
vt 33.951698 -24.922899
vt 33.946098 -24.918501
vt 33.933102 -24.995899
vt 34.092602 -25.000700
vt 34.074600 -25.059500
vt 34.099300 -25.004400
vt 34.145901 -24.978100
vt 34.093498 -25.026699
vt 34.151501 -24.983101
vt 34.088299 -25.021400
vt 34.112598 -25.031900
vt 34.147499 -24.976999
vt 34.106499 -25.027500
vt 34.157501 -24.868299
vt 34.150501 -24.871201
vt 34.147301 -24.857500
vt 34.130299 -24.935301
vt 34.154701 -24.857500
vt 34.123100 -24.935301
vt 34.103298 -24.993900
vt 34.113499 -25.063101
vt 34.110802 -24.994499
vt 34.120399 -25.065100
vt 34.068001 -25.113100
vt 34.117901 -25.070400
vt 34.112499 -25.065399
vt 34.073200 -25.118500
vt 33.934799 -25.091000
vt 33.891399 -25.035900
vt 33.938900 -25.062700
vt 33.895802 -25.029699
vt 33.842499 -24.998800
vt 33.935699 -25.081699
vt 33.888699 -25.034700
vt 33.930500 -25.087200
vt 33.894001 -25.029400
vt 33.846001 -25.002600
vt 33.851501 -24.997400
vt 33.852501 -24.976999
vt 33.887402 -25.031900
vt 33.893501 -25.027500
vt 33.848499 -24.983101
vt 33.906502 -25.026699
vt 33.854099 -24.978100
vt 33.911701 -25.021400
vt 33.852699 -24.857500
vt 33.869701 -24.935301
vt 33.876900 -24.935301
vt 33.845299 -24.857500
vt 33.889198 -24.994499
vt 33.886501 -25.063101
vt 33.896702 -24.993900
vt 33.879601 -25.065100
vt 33.900700 -25.004400
vt 33.925400 -25.059500
vt 33.907398 -25.000700
vt 33.909401 -25.028099
vt 33.960701 -25.052401
vt 33.913700 -25.021999
vt 34.079399 -24.922600
vt 34.113499 -24.979700
vt 34.120399 -24.976500
vt 34.073502 -24.927200
vt 33.886501 -24.979700
vt 33.920601 -24.922600
vt 33.879601 -24.976500
vt 33.926498 -24.927200
vt 34.046799 -24.924000
vt 34.001598 -24.974100
vt 34.066799 -24.997299
vt 34.065102 -24.996799
vt 34.073200 -25.068600
vt 34.065800 -25.000601
vt 34.041698 -25.096701
vt 34.072102 -25.067801
vt 34.031101 -25.033899
vt 34.046398 -25.094200
vt 34.036301 -25.031000
vt 34.071999 -25.071501
vt 34.041901 -25.100201
vt 34.051601 -25.159300
vt 34.047401 -25.098600
vt 34.044998 -25.160299
vt 34.043900 -25.164200
vt 34.037899 -25.195900
vt 34.050900 -25.166401
vt 34.031200 -25.193199
vt 33.924801 -25.118500
vt 33.898300 -25.058599
vt 33.917999 -25.121799
vt 33.905602 -25.056700
vt 33.886200 -24.982401
vt 33.897301 -25.054701
vt 33.904701 -25.054001
vt 33.878700 -24.982700
vt 34.019100 -25.200701
vt 34.046799 -25.169100
vt 34.042400 -25.163500
vt 34.049801 -25.167101
vt 34.079102 -25.125299
vt 34.044498 -25.161900
vt 34.073002 -25.120701
vt 34.082001 -25.121799
vt 34.101700 -25.058599
vt 34.075199 -25.118500
vt 34.094398 -25.056700
vt 34.102699 -25.054701
vt 34.113800 -24.982401
vt 34.095299 -25.054001
vt 34.121300 -24.982700
vt 34.048302 -24.922899
vt 34.072102 -24.991899
vt 34.053902 -24.918501
vt 34.066898 -24.995899
vt 34.067402 -24.998699
vt 34.080898 -25.064800
vt 34.073200 -24.995800
vt 34.074001 -25.066401
vt 34.073200 -25.069901
vt 34.068001 -25.129400
vt 34.080399 -25.070400
vt 34.060799 -25.128201
vt 34.059399 -25.131201
vt 34.045700 -25.183599
vt 34.066601 -25.133301
vt 34.052700 -25.186501
vt 34.022499 -25.206699
vt 34.048698 -25.191500
vt 34.043499 -25.186300
vt 34.027401 -25.212299
vt 33.953201 -25.169100
vt 33.980900 -25.200701
vt 33.957600 -25.163500
vt 33.955502 -25.161900
vt 33.920898 -25.125299
vt 33.950199 -25.167101
vt 33.926998 -25.120701
vt 34.086300 -25.021999
vt 34.039299 -25.052401
vt 34.090599 -25.028099
vt 33.882099 -25.070400
vt 33.931999 -25.113100
vt 33.887501 -25.065399
vt 33.926800 -25.118500
vt 33.775101 -25.061100
vt 33.704201 -25.000000
vt 33.703999 -25.001600
vt 33.634201 -25.062300
vt 33.706402 -25.105900
vt 33.706402 -25.104200
vt 33.777302 -25.060900
vt 33.631901 -25.062401
vt 33.631901 -24.937599
vt 33.634201 -24.937700
vt 33.634800 -25.064301
vt 33.703701 -25.106001
vt 33.632301 -25.150499
vt 33.634899 -25.148500
vt 33.989300 -25.041500
vt 34.069599 -25.078400
vt 34.073002 -25.078100
vt 33.887199 -25.090700
vt 33.986401 -25.041901
vt 33.887600 -25.088400
vt 33.814301 -25.063299
vt 33.983101 -25.039200
vt 33.884201 -25.084000
vt 33.893799 -25.000000
vt 33.893799 -25.002501
vt 33.809101 -25.063801
vt 33.798500 -25.146200
vt 33.884102 -25.090900
vt 33.881001 -25.086000
vt 33.800098 -25.151100
vt 33.799702 -25.154200
vt 33.720600 -25.109501
vt 33.717499 -25.109900
vt 33.808899 -25.067801
vt 33.804001 -25.063801
vt 33.717300 -25.107401
vt 33.635799 -25.065201
vt 33.719700 -25.000000
vt 33.719601 -25.002701
vt 33.632599 -25.065300
vt 33.714802 -25.109900
vt 33.633900 -25.069099
vt 33.633801 -25.153999
vt 33.633801 -24.939899
vt 33.632599 -24.934700
vt 33.633801 -25.060101
vt 33.716900 -25.000000
vt 33.635799 -24.934799
vt 33.719601 -24.997299
vt 33.804001 -24.936199
vt 33.809101 -24.936199
vt 33.722900 -25.000000
vt 33.809200 -25.058701
vt 33.890598 -25.000000
vt 33.809200 -24.941299
vt 33.717499 -24.890100
vt 33.717300 -24.892599
vt 33.633801 -24.846001
vt 33.633900 -24.930901
vt 33.714802 -24.890100
vt 33.709702 -24.843599
vt 33.635201 -24.849501
vt 33.709202 -24.851101
vt 33.633900 -24.842100
vt 33.635899 -24.842600
vt 33.711800 -24.851900
vt 33.712002 -24.844400
vt 33.795101 -24.845699
vt 33.799702 -24.845800
vt 33.795898 -24.852600
vt 33.635101 -24.849501
vt 33.720600 -24.890499
vt 33.884102 -24.909100
vt 33.887199 -24.909300
vt 33.798500 -24.853800
vt 33.800098 -24.848900
vt 33.881001 -24.914000
vt 33.808899 -24.932199
vt 33.884201 -24.916000
vt 33.983101 -24.960800
vt 33.887600 -24.911600
vt 33.814301 -24.936701
vt 33.986401 -24.958099
vt 33.893799 -24.997499
vt 34.355999 -25.010401
vt 34.362499 -25.009300
vt 34.356499 -25.006001
vt 34.362598 -25.013700
vt 34.335098 -25.029400
vt 34.358200 -25.019699
vt 34.353699 -25.013800
vt 34.355301 -25.026199
vt 34.335499 -25.042801
vt 34.341499 -25.047300
vt 34.349300 -25.021700
vt 34.269199 -24.926001
vt 34.186600 -24.898300
vt 34.184502 -24.905600
vt 34.271801 -24.919100
vt 34.239601 -24.925900
vt 34.286301 -24.931999
vt 34.241299 -24.918600
vt 34.284100 -24.939199
vt 34.260300 -24.955700
vt 34.302898 -24.947300
vt 34.258701 -24.949699
vt 34.303501 -24.954300
vt 34.262501 -24.957399
vt 34.306000 -24.955299
vt 34.258999 -24.956100
vt 34.304901 -24.956499
vt 34.314201 -24.977501
vt 34.316399 -24.978300
vt 34.288399 -24.982000
vt 34.285099 -24.981300
vt 34.309101 -25.000000
vt 34.309700 -24.998400
vt 34.338001 -24.994400
vt 34.341702 -24.995199
vt 34.315899 -24.979900
vt 34.347301 -24.988400
vt 34.325001 -24.982800
vt 34.348301 -24.994900
vt 34.342300 -24.993900
vt 34.344398 -24.986300
vt 34.344799 -24.996401
vt 34.346600 -25.000000
vt 34.347198 -24.998199
vt 34.351002 -24.998600
vt 34.355000 -25.000000
vt 34.347801 -24.996700
vt 34.345901 -24.989599
vt 34.346600 -24.993999
vt 34.349098 -24.991301
vt 34.349800 -24.994101
vt 34.352699 -24.996599
vt 34.351101 -24.993500
vt 34.352600 -24.992701
vt 34.355000 -24.996599
vt 34.354801 -24.987000
vt 34.348400 -24.988400
vt 34.351501 -24.991501
vt 34.352100 -24.982700
vt 34.353500 -24.988400
vt 34.355301 -24.988400
vt 34.355099 -24.991301
vt 34.354099 -24.993401
vt 34.356800 -24.994801
vt 34.355400 -24.994200
vt 34.356602 -25.001400
vt 34.363201 -25.005699
vt 34.362801 -25.002501
vt 34.356602 -24.998600
vt 34.362801 -24.997499
vt 34.363201 -24.994301
vt 34.355999 -24.989599
vt 34.362499 -24.990700
vt 34.362598 -24.986300
vt 34.356499 -24.993999
vt 34.358200 -24.980301
vt 34.335098 -24.970600
vt 34.353699 -24.986200
vt 34.335499 -24.957199
vt 34.355301 -24.973801
vt 34.341499 -24.952801
vt 34.349300 -24.978300
vt 34.365799 -25.000000
vt 34.360600 -24.996901
vt 34.358501 -25.000000
vt 34.360600 -25.003099
vt 34.272301 -24.927900
vt 34.310001 -24.958300
vt 34.277302 -24.923201
vt 34.315399 -24.953600
vt 34.332600 -24.955000
vt 34.290100 -24.933701
vt 34.287601 -24.940800
vt 34.336300 -24.948500
vt 34.307098 -24.955500
vt 34.334499 -24.962099
vt 34.309101 -24.948400
vt 34.332100 -24.968800
vt 34.308601 -24.957199
vt 34.344799 -24.980101
vt 34.317799 -24.977699
vt 34.308601 -25.042801
vt 34.316399 -25.021700
vt 34.306000 -25.044701
vt 34.344398 -25.013700
vt 34.317799 -25.022301
vt 34.344799 -25.019899
vt 34.347301 -25.011600
vt 34.325001 -25.017200
vt 34.345901 -25.010401
vt 34.346600 -25.006001
vt 34.348301 -25.005100
vt 34.342300 -25.006100
vt 34.341702 -25.004801
vt 34.344501 -25.000000
vt 34.341301 -25.003099
vt 34.319199 -25.000000
vt 34.341301 -24.996901
vt 34.344799 -25.003599
vt 34.347198 -25.001801
vt 34.347801 -25.003300
vt 34.351002 -25.001400
vt 34.352699 -25.003401
vt 34.349800 -25.005899
vt 34.349098 -25.008699
vt 34.351101 -25.006500
vt 34.352600 -25.007299
vt 34.348400 -25.011600
vt 34.354801 -25.013000
vt 34.351501 -25.008499
vt 34.352100 -25.017300
vt 34.353500 -25.011600
vt 34.355301 -25.011600
vt 34.355099 -25.008699
vt 34.354099 -25.006599
vt 34.355000 -25.003401
vt 34.356800 -25.005199
vt 34.355400 -25.005800
vt 34.238201 -25.000000
vt 34.300400 -25.032499
vt 34.300301 -25.027901
vt 34.300301 -24.972099
vt 34.300400 -24.967501
vt 34.235001 -25.000000
vt 34.296600 -24.966801
vt 34.234798 -24.997499
vt 34.181702 -24.950399
vt 34.177502 -24.950001
vt 34.220600 -24.927999
vt 34.221199 -24.930401
vt 34.216801 -24.934900
vt 34.292000 -24.969700
vt 34.076302 -24.922001
vt 34.175900 -24.946100
vt 34.146099 -24.882299
vt 34.213600 -24.933100
vt 34.217602 -24.927900
vt 34.143299 -24.887300
vt 34.144699 -24.879101
vt 34.014400 -25.074301
vt 33.930901 -25.038900
vt 34.010799 -25.074600
vt 33.931198 -25.040001
vt 34.008999 -25.079901
vt 33.857498 -25.087700
vt 33.853600 -25.087900
vt 33.947201 -25.093800
vt 33.946800 -25.092600
vt 33.943699 -25.094801
vt 33.855400 -25.094299
vt 33.944801 -25.101700
vt 33.854099 -25.088400
vt 33.788601 -25.146500
vt 33.791000 -25.153000
vt 33.850899 -25.088301
vt 33.785801 -25.147301
vt 33.785702 -25.145901
vt 33.709301 -25.105600
vt 33.634602 -25.150499
vt 33.706200 -25.106501
vt 33.707001 -25.112600
vt 33.783501 -25.147499
vt 33.783100 -25.154499
vt 33.636101 -25.157301
vt 33.785999 -25.147200
vt 33.715099 -25.156000
vt 33.787201 -25.154699
vt 33.868301 -25.130301
vt 33.633900 -25.157900
vt 33.709702 -25.156401
vt 33.635201 -25.150499
vt 33.709202 -25.148899
vt 33.635899 -25.157400
vt 33.711800 -25.148100
vt 33.635101 -25.150499
vt 33.712002 -25.155600
vt 33.795898 -25.147400
vt 33.795101 -25.154301
vt 33.714901 -25.148399
vt 33.866001 -25.123100
vt 33.804501 -25.152901
vt 33.869400 -25.121799
vt 33.801201 -25.146400
vt 33.871799 -25.129000
vt 33.966801 -25.094700
vt 33.969200 -25.101400
vt 33.971802 -25.100500
vt 33.947601 -25.093700
vt 33.873001 -25.122101
vt 33.947701 -25.101000
vt 34.039600 -25.104300
vt 33.874401 -25.129499
vt 34.039600 -25.111900
vt 34.012501 -25.080900
vt 34.096199 -25.113501
vt 34.014900 -25.074900
vt 34.093899 -25.120399
vt 34.099098 -25.113899
vt 34.017399 -25.074200
vt 34.098499 -25.112499
vt 34.067001 -25.053499
vt 34.147400 -25.068001
vt 34.068699 -25.048100
vt 34.146702 -25.073200
vt 34.150299 -25.067801
vt 34.068199 -25.047100
vt 34.071301 -25.046801
vt 34.136299 -25.000000
vt 34.136700 -25.001499
vt 34.150101 -25.066299
vt 33.634602 -24.940399
vt 33.634602 -25.059601
vt 33.701401 -25.000000
vt 33.703999 -24.998400
vt 33.775101 -24.938900
vt 33.706402 -24.894100
vt 33.706402 -24.895800
vt 33.777302 -24.939100
vt 33.707001 -25.000000
vt 33.634800 -24.935699
vt 33.703701 -24.893999
vt 33.632301 -24.849501
vt 33.634899 -24.851500
vt 33.634602 -24.849501
vt 33.707001 -24.887400
vt 33.706200 -24.893499
vt 33.636101 -24.842699
vt 33.783100 -24.845501
vt 33.783501 -24.852501
vt 33.709301 -24.894400
vt 33.785801 -24.852699
vt 33.785702 -24.854099
vt 33.850899 -24.911699
vt 33.853600 -24.912100
vt 33.943699 -24.905199
vt 33.855400 -24.905701
vt 33.854099 -24.911600
vt 33.788601 -24.853500
vt 33.791000 -24.847000
vt 33.944801 -24.898300
vt 33.947201 -24.906200
vt 33.785999 -24.852800
vt 33.868301 -24.869699
vt 33.787201 -24.845301
vt 33.715099 -24.844000
vt 33.866001 -24.876900
vt 33.714901 -24.851601
vt 33.801201 -24.853600
vt 33.869400 -24.878201
vt 33.804501 -24.847099
vt 33.966801 -24.905300
vt 33.871799 -24.871000
vt 33.969200 -24.898600
vt 33.971802 -24.899500
vt 33.947701 -24.899000
vt 33.873001 -24.877899
vt 33.947601 -24.906300
vt 34.039600 -24.895700
vt 33.874401 -24.870501
vt 34.039600 -24.888100
vt 34.096199 -24.886499
vt 34.012501 -24.919100
vt 34.014900 -24.925100
vt 34.093899 -24.879601
vt 33.857498 -24.912300
vt 33.946800 -24.907400
vt 34.008999 -24.920099
vt 33.931198 -24.959999
vt 34.010799 -24.925400
vt 33.930901 -24.961100
vt 34.014400 -24.925699
vt 33.927399 -24.960699
vt 33.853500 -24.913700
vt 33.779999 -24.939301
vt 33.847198 -25.000000
vt 33.847401 -24.998501
vt 33.777302 -24.940800
vt 33.844501 -25.000000
vt 33.777302 -25.059200
vt 34.043400 -25.110701
vt 34.139702 -25.113501
vt 34.043800 -25.103300
vt 34.139500 -25.120399
vt 33.974800 -25.101000
vt 33.974098 -25.094000
vt 34.144699 -25.120899
vt 33.972301 -25.098900
vt 34.067799 -25.073000
vt 33.970501 -25.092501
vt 33.888199 -25.085199
vt 33.890999 -25.090599
vt 33.988701 -25.043699
vt 34.139500 -24.879601
vt 34.043400 -24.889299
vt 34.139702 -24.886499
vt 34.043800 -24.896700
vt 33.974800 -24.899000
vt 33.974098 -24.906000
vt 34.073002 -24.921900
vt 33.972301 -24.901100
vt 33.888199 -24.914801
vt 33.970501 -24.907499
vt 34.067799 -24.927000
vt 34.069599 -24.921600
vt 33.890999 -24.909401
vt 33.989300 -24.958500
vt 33.988701 -24.956301
vt 34.085400 -25.000000
vt 33.992802 -24.958200
vt 34.073299 -24.924200
vt 34.171799 -24.950199
vt 34.084999 -24.997499
vt 34.177502 -25.049999
vt 34.231899 -25.000000
vt 34.177399 -25.045000
vt 34.088799 -25.000000
vt 34.177399 -24.955000
vt 34.181702 -25.049601
vt 34.296600 -25.033199
vt 34.234798 -25.002501
vt 34.220600 -25.072001
vt 34.221199 -25.069599
vt 34.292000 -25.030300
vt 34.216801 -25.065100
vt 34.277302 -25.076799
vt 34.310001 -25.041700
vt 34.272301 -25.072100
vt 34.315399 -25.046400
vt 34.290100 -25.066299
vt 34.332600 -25.045000
vt 34.287601 -25.059200
vt 34.336300 -25.051500
vt 34.334499 -25.037901
vt 34.307098 -25.044600
vt 34.309101 -25.051600
vt 34.332100 -25.031200
vt 34.235901 -24.924801
vt 34.150799 -24.925800
vt 34.151100 -24.931601
vt 34.235802 -24.917999
vt 34.182400 -24.897301
vt 34.099701 -24.886299
vt 34.180801 -24.904699
vt 34.100300 -24.878799
vt 34.211399 -25.031601
vt 34.214802 -25.031099
vt 34.140400 -25.000000
vt 34.214802 -24.968901
vt 34.214600 -25.029499
vt 34.214600 -24.970501
vt 34.244499 -25.000000
vt 34.247101 -25.000000
vt 34.217499 -24.969101
vt 34.217499 -25.030899
vt 34.247601 -25.001499
vt 34.258598 -25.042400
vt 34.258999 -25.043900
vt 34.256500 -25.044500
vt 34.215302 -25.032101
vt 34.255100 -25.049801
vt 34.154400 -25.067101
vt 34.238899 -25.074200
vt 34.237999 -25.073000
vt 34.150799 -25.074200
vt 34.235901 -25.075199
vt 34.151100 -25.068399
vt 34.235802 -25.082001
vt 34.100300 -25.121201
vt 34.182400 -25.102699
vt 34.099701 -25.113701
vt 34.180801 -25.095301
vt 33.897800 -25.000000
vt 33.989300 -25.038900
vt 34.081902 -25.000000
vt 33.989300 -24.961100
vt 33.992802 -25.041800
vt 34.073299 -25.075800
vt 34.171799 -25.049801
vt 34.084999 -25.002501
vt 34.076302 -25.077999
vt 34.175900 -25.053900
vt 34.213600 -25.066900
vt 34.146099 -25.117701
vt 34.217602 -25.072100
vt 34.143299 -25.112700
vt 34.186600 -25.101700
vt 34.269199 -25.073999
vt 34.184502 -25.094400
vt 34.271801 -25.080900
vt 34.241299 -25.081400
vt 34.286301 -25.068001
vt 34.239601 -25.074100
vt 34.284100 -25.060801
vt 34.258701 -25.050301
vt 34.302898 -25.052700
vt 34.260300 -25.044300
vt 34.303501 -25.045700
vt 34.262501 -25.042601
vt 34.285099 -25.018700
vt 34.282600 -25.019100
vt 34.304901 -25.043501
vt 34.314201 -25.022499
vt 34.288399 -25.018000
vt 34.315899 -25.020100
vt 34.338001 -25.005600
vt 34.309700 -25.001600
vt 34.306702 -25.000000
vt 34.285000 -25.017099
vt 34.250702 -25.000000
vt 34.285000 -24.982901
vt 34.282600 -24.980900
vt 34.247601 -24.998501
vt 34.258598 -24.957600
vt 34.255100 -24.950199
vt 34.215302 -24.967899
vt 34.256500 -24.955500
vt 34.150299 -24.932199
vt 34.154400 -24.932899
vt 34.238899 -24.925800
vt 34.237999 -24.927000
vt 33.779999 -25.060699
vt 33.847401 -25.001499
vt 33.927399 -25.039301
vt 33.853500 -25.086300
vt 33.930901 -25.037300
vt 33.851002 -25.000000
vt 33.998699 -25.000000
vt 33.930901 -24.962700
vt 34.002300 -25.000000
vt 33.934299 -24.960899
vt 34.014198 -24.927299
vt 34.065601 -24.952999
vt 34.002499 -24.998400
vt 34.068199 -24.952900
vt 34.017399 -24.925800
vt 34.099098 -24.886101
vt 34.098499 -24.887501
vt 34.147400 -24.931999
vt 34.067001 -24.946501
vt 34.068699 -24.951900
vt 34.146702 -24.926800
vt 34.071301 -24.953199
vt 34.150101 -24.933701
vt 34.211399 -24.968399
vt 34.136700 -24.998501
vt 34.133400 -25.000000
vt 34.068298 -24.954599
vt 34.005299 -25.000000
vt 34.068298 -25.045401
vt 34.065601 -25.047001
vt 34.002499 -25.001600
vt 33.934299 -25.039101
vt 34.014198 -25.072701
vt 34.224998 -25.069799
vt 34.292702 -25.035900
vt 34.224899 -25.062700
vt 34.365799 -25.083799
vt 34.363701 -25.090500
vt 34.293598 -25.029100
vt 34.222698 -25.062500
vt 34.368099 -25.084101
vt 34.365200 -25.081699
vt 34.365101 -24.997400
vt 34.296299 -25.029400
vt 34.367699 -24.995800
vt 34.016899 -24.871500
vt 34.112400 -24.846201
vt 34.013599 -24.865200
vt 34.115799 -24.851400
vt 34.189701 -24.771400
vt 34.185699 -24.765600
vt 34.013500 -24.873400
vt 34.116001 -24.851999
vt 34.118999 -24.851299
vt 34.192501 -24.769800
vt 34.282398 -24.819401
vt 34.279400 -24.819799
vt 34.199902 -24.849001
vt 34.201500 -24.854601
vt 34.279400 -24.814400
vt 34.192600 -24.771200
vt 34.282700 -24.812700
vt 34.195000 -24.770000
vt 34.282501 -24.818701
vt 34.364700 -24.782900
vt 34.195999 -24.763100
vt 34.364201 -24.775900
vt 34.367001 -24.783001
vt 34.364498 -24.869200
vt 34.285198 -24.819599
vt 34.364399 -24.784599
vt 34.283100 -24.769199
vt 34.364399 -24.782900
vt 34.366199 -24.775499
vt 34.282902 -24.776800
vt 34.280102 -24.777300
vt 34.280399 -24.769800
vt 34.192501 -24.770000
vt 34.277100 -24.769600
vt 34.190800 -24.762699
vt 34.109402 -24.810301
vt 34.277000 -24.777201
vt 34.112900 -24.816999
vt 34.282501 -24.813999
vt 34.190899 -24.762899
vt 34.285198 -24.814199
vt 34.367199 -24.868299
vt 34.366199 -24.864100
vt 34.367401 -24.776100
vt 34.366100 -24.993099
vt 34.365799 -24.873301
vt 34.290298 -24.923800
vt 34.366901 -24.998800
vt 34.287701 -24.923599
vt 34.364101 -24.868099
vt 34.287998 -24.920799
vt 34.204899 -24.852699
vt 34.200298 -24.852400
vt 34.282501 -24.816500
vt 34.115898 -24.846399
vt 34.112801 -24.847300
vt 34.191101 -24.766300
vt 34.109901 -24.818501
vt 34.106201 -24.812000
vt 33.644001 -25.219601
vt 33.641899 -25.194000
vt 33.637402 -25.220900
vt 33.647900 -25.193501
vt 33.640400 -25.217199
vt 33.643200 -25.222099
vt 33.643501 -25.220100
vt 33.639099 -25.217100
vt 33.649502 -25.183001
vt 33.644699 -25.220900
vt 33.666302 -25.195400
vt 33.646301 -25.217100
vt 33.664902 -25.194599
vt 33.663799 -25.166800
vt 33.665100 -25.163500
vt 33.650799 -25.183901
vt 33.664501 -25.162701
vt 33.680099 -25.102400
vt 33.658501 -25.161400
vt 33.685299 -25.104401
vt 33.646301 -25.148701
vt 33.645100 -25.148199
vt 33.650700 -25.180300
vt 33.687698 -25.099199
vt 33.779400 -24.993601
vt 33.851002 -24.981300
vt 33.855301 -24.978201
vt 33.814701 -25.056299
vt 33.780399 -24.995800
vt 33.728199 -25.064800
vt 33.813400 -25.054100
vt 33.724201 -25.067101
vt 33.699600 -25.028799
vt 33.776001 -24.996901
vt 33.810902 -25.058399
vt 33.760502 -25.122900
vt 33.727100 -25.070400
vt 33.758701 -25.120001
vt 33.713699 -25.129400
vt 33.711601 -25.131500
vt 33.758099 -25.125601
vt 33.743000 -25.168100
vt 33.713501 -25.133301
vt 33.741299 -25.166500
vt 33.697102 -25.186501
vt 33.693901 -25.189699
vt 33.718102 -25.208599
vt 33.740002 -25.170700
vt 33.714100 -25.201401
vt 33.687302 -25.212299
vt 33.716202 -25.206800
vt 33.685799 -25.206699
vt 33.696999 -25.191500
vt 33.685001 -25.214100
vt 33.711601 -25.203899
vt 33.690300 -25.213499
vt 33.713799 -25.210699
vt 33.693298 -25.220400
vt 33.661999 -25.228201
vt 33.664902 -25.234699
vt 33.651402 -25.236099
vt 33.655201 -25.229300
vt 33.652802 -25.228600
vt 33.648998 -25.228201
vt 33.647099 -25.235500
vt 33.659000 -25.237301
vt 33.652599 -25.233700
vt 33.649899 -25.234800
vt 33.676701 -25.219299
vt 33.657700 -25.228901
vt 33.657501 -25.234699
vt 33.653400 -25.226801
vt 33.648102 -25.233801
vt 33.650200 -25.226801
vt 33.647301 -25.227100
vt 33.644299 -25.233601
vt 33.651199 -25.232000
vt 33.645199 -25.228500
vt 33.643700 -25.230499
vt 33.659100 -25.206499
vt 33.647900 -25.228201
vt 33.640099 -25.224501
vt 33.644798 -25.226000
vt 33.663898 -25.198500
vt 33.655201 -25.228001
vt 33.645000 -25.225599
vt 33.638901 -25.227501
vt 33.640202 -25.230700
vt 33.636799 -25.226000
vt 33.643398 -25.224501
vt 33.642502 -25.221701
vt 33.640701 -25.219601
vt 33.634399 -25.223600
vt 33.635399 -25.225100
vt 33.637199 -25.228701
vt 33.641998 -25.221300
vt 33.637501 -25.223301
vt 33.632099 -25.219000
vt 33.637299 -25.226101
vt 33.634998 -25.219400
vt 33.643398 -25.183399
vt 33.641800 -25.218599
vt 33.645100 -25.184700
vt 33.661900 -25.197201
vt 33.659302 -25.168800
vt 33.660801 -25.164000
vt 33.644699 -25.180201
vt 33.640900 -25.147900
vt 33.638199 -25.146500
vt 33.639599 -25.212500
vt 33.635700 -25.177799
vt 33.632401 -25.212099
vt 33.643200 -25.178301
vt 33.637600 -25.152399
vt 33.644798 -25.152300
vt 33.634899 -25.188900
vt 33.639400 -25.216499
vt 33.642399 -25.189501
vt 33.634201 -25.221001
vt 33.631901 -25.217199
vt 33.642502 -25.182899
vt 33.648998 -25.182699
vt 33.638302 -25.145800
vt 33.636299 -25.173901
vt 33.645401 -25.148100
vt 33.668499 -25.089100
vt 33.643799 -25.175100
vt 33.675301 -25.092501
vt 33.682301 -25.097099
vt 33.647202 -25.144400
vt 33.671101 -25.083900
vt 33.640900 -25.141001
vt 33.677898 -25.087299
vt 33.696899 -25.034000
vt 33.703499 -25.036699
vt 33.689999 -25.096701
vt 33.706299 -25.033899
vt 33.684601 -25.094200
vt 33.701599 -25.031000
vt 33.722698 -25.064501
vt 33.721600 -25.071400
vt 33.683800 -25.098600
vt 33.663700 -25.159300
vt 33.709900 -25.129801
vt 33.709099 -25.135500
vt 33.664799 -25.166401
vt 33.665501 -25.195900
vt 33.690899 -25.186800
vt 33.665699 -25.199900
vt 33.682201 -25.207500
vt 33.683102 -25.212900
vt 33.690800 -25.193001
vt 33.694000 -25.185900
vt 33.691399 -25.188101
vt 33.683601 -25.208401
vt 33.667702 -25.196400
vt 33.655602 -25.223600
vt 33.652699 -25.226200
vt 33.658298 -25.230000
vt 33.674999 -25.213499
vt 33.654099 -25.226400
vt 33.655399 -25.233200
vt 33.651699 -25.227800
vt 33.658699 -25.229601
vt 33.655602 -25.235800
vt 33.660599 -25.236799
vt 33.684101 -25.224701
vt 33.655499 -25.228201
vt 33.680801 -25.217899
vt 33.650101 -25.235201
vt 33.652199 -25.228300
vt 33.653500 -25.236700
vt 33.647999 -25.232901
vt 33.650902 -25.226500
vt 33.648899 -25.226000
vt 33.645000 -25.231701
vt 33.647400 -25.225000
vt 33.648499 -25.223499
vt 33.661201 -25.203400
vt 33.651600 -25.224701
vt 33.646500 -25.221300
vt 33.645901 -25.223900
vt 33.640099 -25.227501
vt 33.642101 -25.229700
vt 33.681499 -25.096300
vt 33.687302 -25.098900
vt 33.699699 -25.028400
vt 33.673100 -25.080299
vt 33.705700 -25.033100
vt 33.761799 -24.971800
vt 33.679600 -25.084101
vt 33.767101 -24.977200
vt 33.765202 -24.968599
vt 33.703400 -25.025299
vt 33.770401 -24.974100
vt 33.818298 -24.919300
vt 33.708000 -25.030600
vt 33.823601 -24.924000
vt 33.822498 -24.915600
vt 33.782398 -24.991899
vt 33.824100 -24.918501
vt 33.923698 -24.922100
vt 33.853901 -24.974899
vt 33.989201 -25.059500
vt 34.069099 -25.052299
vt 34.068802 -25.051201
vt 34.142502 -25.022100
vt 34.053200 -25.000700
vt 34.142502 -25.027700
vt 34.146400 -25.021400
vt 34.052799 -24.999701
vt 33.991001 -25.064600
vt 34.053600 -25.004400
vt 33.985600 -25.060499
vt 34.145901 -25.019800
vt 34.056301 -24.999300
vt 34.211399 -24.976999
vt 34.214199 -24.976900
vt 34.131100 -24.935699
vt 34.131500 -24.937201
vt 34.290699 -25.028900
vt 34.222599 -25.061199
vt 34.149101 -25.021400
vt 34.216499 -24.976999
vt 34.293800 -25.027500
vt 34.365398 -24.995701
vt 34.287998 -24.923599
vt 34.287899 -24.925200
vt 34.364601 -24.873501
vt 34.290798 -24.923800
vt 34.364799 -24.992901
vt 34.367199 -24.871201
vt 34.364899 -24.871099
vt 34.282299 -24.821100
vt 34.204102 -24.855700
vt 34.288200 -24.922001
vt 34.201698 -24.855600
vt 34.285099 -24.923700
vt 34.214001 -24.975300
vt 34.201801 -24.857500
vt 34.133999 -24.935301
vt 34.198799 -24.856501
vt 34.130600 -24.934200
vt 34.033199 -24.924299
vt 34.116402 -24.853500
vt 34.029800 -24.925600
vt 34.126999 -24.936600
vt 34.030300 -24.927000
vt 34.052399 -24.998199
vt 33.960400 -24.991100
vt 33.956699 -24.992500
vt 34.049198 -25.001200
vt 33.957298 -24.993900
vt 33.985100 -25.059000
vt 33.903801 -25.063101
vt 33.900902 -25.064400
vt 33.982601 -25.061701
vt 33.931801 -25.123400
vt 33.931301 -25.122200
vt 33.852600 -25.113100
vt 33.849701 -25.114201
vt 33.928699 -25.124001
vt 33.850899 -25.120899
vt 33.929501 -25.131100
vt 33.849899 -25.114700
vt 33.788601 -25.156200
vt 33.790600 -25.163000
vt 34.365398 -25.083700
vt 34.297001 -25.080999
vt 34.365501 -25.091200
vt 34.298599 -25.073601
vt 34.294899 -25.079901
vt 34.296001 -25.072500
vt 34.365799 -25.087200
vt 34.365601 -25.002600
vt 34.295101 -25.034700
vt 34.292702 -25.034500
vt 34.363899 -24.998501
vt 34.292999 -25.031900
vt 34.216900 -24.979900
vt 34.287601 -24.926399
vt 34.213100 -24.979500
vt 34.290298 -25.034300
vt 34.213402 -24.983101
vt 34.147701 -25.026699
vt 34.221699 -25.066900
vt 34.145302 -25.026699
vt 34.209000 -24.980200
vt 34.144600 -25.024401
vt 34.055199 -25.002300
vt 34.128899 -24.935900
vt 34.129299 -24.938499
vt 34.053001 -25.002600
vt 34.131699 -24.935301
vt 34.212799 -24.975300
vt 34.284901 -24.923599
vt 34.200600 -24.857500
vt 34.195499 -24.854401
vt 34.128201 -24.933500
vt 34.030800 -24.921801
vt 34.028198 -24.923000
vt 34.113098 -24.849600
vt 34.125599 -24.937201
vt 34.052299 -25.000401
vt 33.960400 -24.991199
vt 34.028999 -24.925400
vt 33.957298 -24.992100
vt 34.050598 -25.003799
vt 33.958401 -24.994499
vt 33.906101 -25.065100
vt 33.988201 -25.065100
vt 33.987499 -25.062799
vt 33.901501 -25.067101
vt 34.070099 -25.057699
vt 34.070499 -25.059099
vt 34.072399 -25.059401
vt 34.152599 -25.056900
vt 34.072601 -25.052401
vt 34.220001 -25.062201
vt 34.218300 -25.069099
vt 34.151901 -25.064400
vt 34.292999 -25.072901
vt 34.221901 -25.069799
vt 34.292500 -25.080400
vt 34.154400 -25.065399
vt 34.155499 -25.057899
vt 34.222698 -25.062300
vt 33.857101 -24.980801
vt 33.860298 -24.979700
vt 33.956200 -24.990999
vt 34.025902 -24.926800
vt 33.928299 -24.925800
vt 33.928902 -24.927200
vt 33.932201 -24.924200
vt 34.111801 -24.853500
vt 34.029499 -24.924700
vt 34.109001 -24.848900
vt 34.027699 -24.921101
vt 34.013901 -24.874399
vt 33.860500 -24.976500
vt 33.956600 -24.989700
vt 34.025200 -24.924000
vt 33.926998 -24.920500
vt 33.928001 -24.922600
vt 33.930401 -24.919201
vt 34.011299 -24.868500
vt 34.010700 -24.866899
vt 34.007198 -24.867800
vt 33.916901 -24.899099
vt 34.009399 -24.874500
vt 33.828201 -24.913900
vt 33.829399 -24.920900
vt 33.915001 -24.891899
vt 33.911201 -24.892900
vt 33.826099 -24.921900
vt 33.913300 -24.900200
vt 33.822601 -24.915199
vt 33.772900 -24.972000
vt 33.768101 -24.966200
vt 33.778801 -24.992599
vt 33.783199 -24.996799
vt 33.783600 -24.997299
vt 33.826000 -24.921700
vt 33.705502 -25.033001
vt 33.780300 -25.000601
vt 33.728100 -25.068600
vt 33.727699 -25.067801
vt 33.725700 -25.071501
vt 33.713501 -25.130199
vt 33.712399 -25.129299
vt 33.667400 -25.160299
vt 33.688801 -25.100201
vt 33.710602 -25.134100
vt 33.692902 -25.184799
vt 33.666599 -25.164200
vt 33.667900 -25.193199
vt 33.764198 -25.121799
vt 33.850399 -25.119699
vt 33.849201 -25.117701
vt 33.897099 -25.069099
vt 33.815800 -25.058599
vt 33.817600 -25.054701
vt 33.899700 -25.062901
vt 33.954201 -24.993500
vt 33.857498 -24.982700
vt 33.787998 -25.163900
vt 33.859600 -25.140301
vt 33.785400 -25.156900
vt 33.861801 -25.147499
vt 33.755501 -25.176600
vt 33.758598 -25.183599
vt 33.782501 -25.158600
vt 33.744099 -25.169100
vt 33.785198 -25.165100
vt 33.721500 -25.206400
vt 33.717400 -25.200701
vt 33.741402 -25.163500
vt 33.785198 -25.157101
vt 33.741001 -25.163200
vt 33.743500 -25.161900
vt 33.784698 -25.156000
vt 33.845600 -25.115801
vt 33.762699 -25.125299
vt 33.846699 -25.121201
vt 33.761101 -25.120001
vt 33.762001 -25.120701
vt 33.764099 -25.118500
vt 33.848900 -25.112801
vt 33.897999 -25.065399
vt 33.816299 -25.055300
vt 33.817001 -25.056700
vt 33.819199 -25.054001
vt 33.900299 -25.062901
vt 33.953499 -24.993900
vt 33.857899 -24.982401
vt 34.102200 -24.812799
vt 34.010700 -24.866600
vt 34.105499 -24.819700
vt 34.013500 -24.873501
vt 33.920601 -24.896900
vt 33.918098 -24.889700
vt 33.926701 -24.919300
vt 33.928101 -24.925200
vt 33.924999 -24.927401
vt 33.856701 -24.979900
vt 33.786400 -24.995899
vt 33.826698 -24.922899
vt 33.854401 -24.982500
vt 33.815498 -25.053900
vt 33.730801 -25.066401
vt 33.784199 -24.998699
vt 33.812599 -25.057699
vt 33.729301 -25.069901
vt 33.760399 -25.118700
vt 33.715900 -25.128201
vt 33.758301 -25.121901
vt 33.714699 -25.131201
vt 33.739700 -25.162201
vt 33.696499 -25.183599
vt 33.737499 -25.165800
vt 33.714901 -25.202299
vt 33.695099 -25.186300
vt 33.685902 -25.214899
vt 33.684101 -25.208799
vt 33.696602 -25.219299
vt 33.715000 -25.202101
vt 33.693298 -25.212500
vt 33.718700 -25.208700
vt 33.753601 -25.186001
vt 33.749298 -25.179701
vt 33.756199 -25.183500
vt 33.752399 -25.177099
vt 33.787399 -25.163601
vt 33.744900 -25.167101
vt 33.786499 -25.161900
vt 34.145500 -25.028099
vt 34.146500 -25.021999
vt 34.148998 -25.058300
vt 34.070599 -25.059401
vt 34.149502 -25.065901
vt 34.069099 -25.052200
vt 34.001301 -25.088200
vt 34.003799 -25.095400
vt 34.068501 -25.060400
vt 34.065701 -25.054001
vt 33.997501 -25.088400
vt 34.000999 -25.094999
vt 33.938301 -25.127800
vt 33.934399 -25.122000
vt 33.934200 -25.129999
vt 33.985298 -25.066299
vt 33.903099 -25.070400
vt 33.853298 -25.118500
vt 33.863300 -25.138300
vt 33.865002 -25.145599
vt 33.994701 -25.090200
vt 33.931702 -25.123199
vt 33.998299 -25.096901
vt 33.868301 -25.145201
vt 33.866600 -25.137800
vt 33.934399 -25.130301
vt 33.988800 -25.066299
vt 33.985802 -25.061001
vt 33.937698 -25.083799
vt 33.930901 -24.779200
vt 33.935902 -24.784599
vt 33.939899 -24.775499
vt 34.059799 -24.782900
vt 34.060101 -24.775499
vt 33.940201 -24.782900
vt 34.064098 -24.784599
vt 34.069099 -24.779200
vt 34.150501 -24.992901
vt 34.157902 -24.873301
vt 34.150398 -24.873501
vt 34.157902 -24.993099
vt 34.150501 -24.871099
vt 34.111301 -24.816500
vt 34.105301 -24.821100
vt 33.992199 -25.226101
vt 34.000000 -25.233900
vt 33.997501 -25.228701
vt 33.983601 -25.224501
vt 33.990700 -25.223301
vt 33.986301 -25.220900
vt 33.978600 -25.194000
vt 33.993198 -25.219000
vt 33.974499 -25.183399
vt 33.970600 -25.194599
vt 33.964100 -25.197201
vt 33.952400 -25.168800
vt 33.973301 -25.184700
vt 33.949799 -25.164000
vt 33.973801 -25.180201
vt 33.952801 -25.161400
vt 33.953899 -25.097099
vt 33.955002 -25.102400
vt 33.975700 -25.147900
vt 33.979500 -25.146500
vt 34.113098 -24.982500
vt 34.101700 -25.054100
vt 34.119701 -24.981300
vt 34.094398 -25.053900
vt 34.079498 -25.067101
vt 34.071999 -24.993601
vt 34.070801 -24.996901
vt 34.093899 -25.057699
vt 34.081402 -25.120001
vt 34.101200 -25.058399
vt 34.074100 -25.118700
vt 34.073399 -25.121901
vt 34.050301 -25.166500
vt 34.080002 -25.125601
vt 34.044300 -25.162201
vt 34.042599 -25.165800
vt 34.019798 -25.201401
vt 34.047798 -25.170700
vt 34.024700 -25.206800
vt 34.003601 -25.229300
vt 34.001801 -25.236099
vt 34.004700 -25.236700
vt 34.010899 -25.234699
vt 34.021801 -25.219299
vt 34.006100 -25.228901
vt 34.017200 -25.213499
vt 34.008099 -25.233801
vt 34.008701 -25.226500
vt 34.005901 -25.226801
vt 34.011501 -25.232901
vt 34.017300 -25.228201
vt 34.011600 -25.227501
vt 34.006100 -25.230700
vt 34.009800 -25.229700
vt 34.010799 -25.230499
vt 34.007801 -25.226101
vt 34.016399 -25.224501
vt 33.994301 -25.226000
vt 33.995098 -25.223600
vt 34.000000 -25.224199
vt 33.998199 -25.225100
vt 34.002499 -25.228701
vt 34.001801 -25.225100
vt 34.005699 -25.226000
vt 34.004902 -25.223600
vt 34.006802 -25.219000
vt 34.000000 -25.221001
vt 34.009300 -25.223301
vt 34.001999 -25.217199
vt 34.013699 -25.220900
vt 34.021400 -25.194000
vt 34.025501 -25.183399
vt 34.029400 -25.194599
vt 34.035900 -25.197201
vt 34.047600 -25.168800
vt 34.026699 -25.184700
vt 34.050201 -25.164000
vt 34.026199 -25.180201
vt 34.047199 -25.161400
vt 34.020500 -25.146500
vt 34.024300 -25.147900
vt 34.044998 -25.102400
vt 34.019501 -25.152399
vt 34.023300 -25.182899
vt 34.008099 -25.212099
vt 34.000000 -25.177299
vt 34.002300 -25.177799
vt 34.000000 -25.188900
vt 33.998001 -25.217199
vt 33.991901 -25.212099
vt 33.976700 -25.182899
vt 33.980499 -25.152399
vt 33.997700 -25.177799
vt 34.000000 -25.173901
vt 33.984299 -25.145800
vt 34.000000 -25.089100
vt 34.000000 -25.083401
vt 34.015701 -25.145800
vt 34.021000 -25.141001
vt 34.046101 -25.097099
vt 34.002399 -25.083900
vt 34.032001 -25.034000
vt 34.032501 -25.028799
vt 34.043800 -25.096300
vt 34.076801 -25.064501
vt 34.078400 -25.071400
vt 34.066299 -25.129801
vt 34.059200 -25.129299
vt 34.058201 -25.134100
vt 34.051601 -25.186800
vt 34.065498 -25.135500
vt 34.044601 -25.184799
vt 34.027500 -25.212900
vt 34.042801 -25.188101
vt 34.022301 -25.207500
vt 34.048599 -25.193001
vt 33.972500 -25.212900
vt 33.957199 -25.188101
vt 33.951401 -25.193001
vt 33.977699 -25.207500
vt 33.978199 -25.219299
vt 33.993900 -25.228901
vt 33.982800 -25.213499
vt 33.989101 -25.234699
vt 33.998199 -25.236099
vt 33.996399 -25.229300
vt 33.995300 -25.236700
vt 33.991299 -25.226500
vt 33.991901 -25.233801
vt 33.994099 -25.226801
vt 33.988499 -25.232901
vt 33.982700 -25.228201
vt 33.989201 -25.230499
vt 33.993900 -25.230700
vt 33.990200 -25.229700
vt 33.988400 -25.227501
vt 33.967999 -25.034000
vt 33.956200 -25.096300
vt 33.979000 -25.141001
vt 33.967499 -25.028799
vt 33.997601 -25.083900
vt 34.000000 -25.080299
vt 33.972099 -25.028400
vt 34.000000 -24.971800
vt 34.000000 -24.967899
vt 34.027901 -25.028400
vt 34.049599 -24.919300
vt 34.002499 -24.968599
vt 34.069599 -24.992599
vt 34.072800 -24.927401
vt 34.117699 -24.974899
vt 34.077999 -24.922100
vt 33.907200 -25.027700
vt 33.959999 -25.051201
vt 33.912300 -25.022100
vt 33.911598 -25.019800
vt 33.853500 -24.976999
vt 33.905701 -25.024401
vt 33.932999 -25.066900
vt 33.894402 -25.028900
vt 33.889000 -25.034300
vt 33.938000 -25.061199
vt 33.849499 -24.992901
vt 33.842098 -24.873301
vt 33.842098 -24.993099
vt 33.849602 -24.873501
vt 33.888699 -24.816500
vt 33.849499 -24.871099
vt 33.894699 -24.821100
vt 33.878201 -24.934200
vt 33.847099 -24.854401
vt 33.870998 -24.933500
vt 33.898800 -25.003799
vt 33.925098 -25.059000
vt 33.905800 -25.001200
vt 33.919102 -25.062799
vt 33.920502 -25.066299
vt 33.951900 -25.122200
vt 33.925800 -25.061701
vt 33.946499 -25.127300
vt 33.940201 -25.091200
vt 34.059601 -25.083700
vt 33.940399 -25.083700
vt 34.059799 -25.091200
vt 34.062302 -25.083799
vt 34.105598 -25.028900
vt 34.067001 -25.066900
vt 34.111000 -25.034300
vt 34.062000 -25.061199
vt 34.094299 -25.024401
vt 34.146500 -24.976999
vt 34.088402 -25.019800
vt 34.152901 -24.854401
vt 34.121799 -24.934200
vt 34.129002 -24.933500
vt 34.074902 -25.059000
vt 34.101200 -25.003799
vt 34.094200 -25.001200
vt 34.080898 -25.062799
vt 34.087700 -25.022100
vt 34.040001 -25.051201
vt 34.092800 -25.027700
vt 33.950401 -24.919300
vt 33.997501 -24.968599
vt 33.928001 -24.993601
vt 33.930401 -24.992599
vt 33.920502 -25.067101
vt 33.923199 -25.064501
vt 33.929199 -24.996901
vt 33.921600 -25.071400
vt 33.933701 -25.129801
vt 33.940800 -25.129299
vt 33.934502 -25.135500
vt 33.948399 -25.186800
vt 33.941799 -25.134100
vt 33.955399 -25.184799
vt 34.074200 -25.117701
vt 34.113098 -25.065399
vt 34.068401 -25.112801
vt 34.119598 -25.069099
vt 34.113701 -25.062901
vt 34.111401 -24.993500
vt 34.103802 -24.993900
vt 34.121201 -25.062901
vt 34.000000 -25.177601
vt 33.998501 -25.177099
vt 33.956100 -25.163200
vt 33.927601 -25.121201
vt 33.967899 -25.156000
vt 33.932899 -25.115801
vt 33.886902 -25.065399
vt 33.925800 -25.117701
vt 33.931599 -25.112801
vt 33.880402 -25.069099
vt 33.886299 -25.062901
vt 33.888599 -24.993500
vt 33.878799 -25.062901
vt 33.896198 -24.993900
vt 33.922001 -24.922100
vt 33.882301 -24.974899
vt 33.927200 -24.927401
vt 33.905602 -25.053900
vt 33.886902 -24.982500
vt 33.898300 -25.054100
vt 33.880299 -24.981300
vt 33.898800 -25.058399
vt 33.918598 -25.120001
vt 33.906101 -25.057699
vt 33.925900 -25.118700
vt 33.949600 -25.166500
vt 33.926601 -25.121901
vt 33.919998 -25.125601
vt 33.955700 -25.162201
vt 33.952202 -25.170700
vt 33.980202 -25.201401
vt 33.957401 -25.165800
vt 33.975300 -25.206800
vt 34.001499 -25.177099
vt 34.043900 -25.163200
vt 34.067101 -25.115801
vt 34.032101 -25.156000
vt 34.072399 -25.121201
vt 34.074200 -25.061701
vt 34.048100 -25.122200
vt 34.079498 -25.066299
vt 34.053501 -25.127300
vt 34.292702 -25.111200
vt 34.224998 -25.063999
vt 34.221901 -25.063900
vt 34.294800 -25.000000
vt 34.294899 -25.002800
vt 34.363701 -25.065100
vt 34.292702 -25.108601
vt 34.366699 -25.065201
vt 34.365501 -25.059799
vt 34.295101 -25.111300
vt 34.365101 -25.148500
vt 34.296299 -25.106001
vt 34.365799 -25.069500
vt 34.366901 -25.157499
vt 34.115799 -25.084000
vt 34.016899 -25.039200
vt 34.116001 -25.085699
vt 34.189701 -25.060600
vt 34.109798 -25.000000
vt 34.109901 -25.001600
vt 34.192501 -25.061100
vt 34.013500 -25.038700
vt 34.201698 -25.147499
vt 34.118999 -25.086000
vt 34.201500 -25.146200
vt 34.279400 -25.104200
vt 34.282398 -25.104601
vt 34.191101 -25.067801
vt 34.192600 -25.062201
vt 34.195000 -25.061001
vt 34.282501 -25.102800
vt 34.364700 -25.062401
vt 34.279999 -25.000000
vt 34.280102 -25.001699
vt 34.367001 -25.062300
vt 34.285198 -25.109900
vt 34.366100 -25.069099
vt 34.285198 -25.104601
vt 34.364399 -25.064100
vt 34.364498 -25.148600
vt 34.367001 -24.937700
vt 34.364399 -25.059900
vt 34.364399 -24.940100
vt 34.282902 -25.000000
vt 34.364700 -24.937599
vt 34.280102 -24.998301
vt 34.195000 -24.938999
vt 34.277000 -25.000000
vt 34.192501 -25.059401
vt 34.112900 -25.000000
vt 34.192501 -24.938900
vt 34.192501 -24.940599
vt 34.282398 -24.895399
vt 34.282501 -24.897200
vt 34.364498 -24.851400
vt 34.364399 -24.935900
vt 34.367199 -24.849501
vt 34.285198 -24.895399
vt 34.366100 -24.930901
vt 34.285198 -24.890100
vt 34.364601 -24.849600
vt 34.290298 -24.843599
vt 34.290798 -24.851101
vt 34.365799 -24.842100
vt 34.204102 -24.852600
vt 34.282501 -24.888700
vt 34.204899 -24.845699
vt 34.364101 -24.842600
vt 34.364899 -24.849501
vt 34.282299 -24.894699
vt 34.201698 -24.852501
vt 34.279400 -24.895800
vt 34.201500 -24.853800
vt 34.118999 -24.914000
vt 34.116001 -24.914301
vt 34.191101 -24.932199
vt 34.192600 -24.937799
vt 34.189701 -24.939400
vt 34.115799 -24.916000
vt 34.016899 -24.960800
vt 34.109901 -24.998400
vt 33.645100 -25.026699
vt 33.663799 -25.041901
vt 33.650799 -25.021799
vt 33.659302 -25.047600
vt 33.640900 -25.024300
vt 33.680099 -25.045000
vt 33.646301 -25.019100
vt 33.851002 -24.880301
vt 33.780399 -24.926800
vt 33.854401 -24.886900
vt 33.784199 -24.932600
vt 33.729301 -24.926800
vt 33.810902 -24.898800
vt 33.727100 -24.919600
vt 33.812599 -24.906099
vt 33.758099 -24.920000
vt 33.713501 -24.933399
vt 33.758301 -24.926600
vt 33.714699 -24.940599
vt 33.743000 -24.950800
vt 33.693901 -24.948799
vt 33.740002 -24.952200
vt 33.718102 -24.978500
vt 33.716202 -24.975300
vt 33.687302 -24.972601
vt 33.696999 -24.951300
vt 33.685001 -24.973499
vt 33.713799 -24.979601
vt 33.694000 -25.000000
vt 33.693298 -24.997601
vt 33.664902 -24.991699
vt 33.659000 -24.993299
vt 33.685902 -24.975700
vt 33.652401 -25.000000
vt 33.653500 -24.995300
vt 33.651402 -24.998199
vt 33.647099 -24.997601
vt 33.649899 -24.992500
vt 33.650101 -24.994499
vt 33.640598 -25.000000
vt 33.652599 -24.990900
vt 33.657501 -24.989100
vt 33.676701 -24.978201
vt 33.651199 -24.983801
vt 33.655399 -24.986500
vt 33.648102 -24.991899
vt 33.647999 -24.988501
vt 33.644299 -24.993999
vt 33.643700 -24.989201
vt 33.645000 -24.990400
vt 33.640202 -24.993900
vt 33.645199 -24.987000
vt 33.647900 -24.982700
vt 33.640099 -24.983601
vt 33.644798 -24.982700
vt 33.655201 -24.980101
vt 33.640099 -24.988400
vt 33.642101 -24.990200
vt 33.638901 -24.991800
vt 33.644901 -24.991301
vt 33.644600 -24.994200
vt 33.637299 -24.992201
vt 33.640701 -25.003599
vt 33.635399 -25.001801
vt 33.634399 -25.004900
vt 33.635399 -24.998199
vt 33.640701 -24.996401
vt 33.634399 -24.995100
vt 33.650799 -24.978201
vt 33.663799 -24.958099
vt 33.645100 -24.973301
vt 33.659302 -24.952400
vt 33.646301 -24.980900
vt 33.680099 -24.955000
vt 33.640900 -24.975700
vt 33.776001 -24.929199
vt 33.706299 -24.968901
vt 33.780300 -24.934200
vt 33.701599 -24.963699
vt 33.721600 -24.921600
vt 33.683800 -24.952600
vt 33.725700 -24.927999
vt 33.688801 -24.958099
vt 33.709099 -24.934500
vt 33.664799 -24.949100
vt 33.710602 -24.941799
vt 33.666599 -24.956100
vt 33.691399 -24.957199
vt 33.665699 -24.964001
vt 33.667702 -24.970400
vt 33.690800 -24.951401
vt 33.683102 -24.972500
vt 33.685001 -25.026501
vt 33.690800 -25.048599
vt 33.693901 -25.051201
vt 33.683102 -25.027500
vt 33.691399 -25.042801
vt 33.665699 -25.035999
vt 33.667702 -25.029600
vt 33.651199 -25.016199
vt 33.655201 -25.019899
vt 33.676701 -25.021799
vt 33.655399 -25.013500
vt 33.652599 -25.009100
vt 33.659000 -25.006701
vt 33.657501 -25.010900
vt 33.649899 -25.007500
vt 33.653500 -25.004700
vt 33.647999 -25.011499
vt 33.650101 -25.005501
vt 33.655602 -25.000000
vt 33.660599 -25.001801
vt 33.684101 -25.000000
vt 33.660599 -24.998199
vt 33.651402 -25.001801
vt 33.647099 -25.002399
vt 33.644299 -25.006001
vt 33.648102 -25.008101
vt 33.643700 -25.010799
vt 33.645000 -25.009600
vt 33.647900 -25.017300
vt 33.645199 -25.013000
vt 33.640099 -25.016399
vt 33.644798 -25.017300
vt 33.640099 -25.011600
vt 33.642101 -25.009800
vt 33.640202 -25.006100
vt 33.644901 -25.008699
vt 33.638901 -25.008200
vt 33.644600 -25.005800
vt 33.637299 -25.007799
vt 33.705502 -25.030100
vt 33.767101 -25.000000
vt 33.705700 -25.028500
vt 33.705502 -24.969900
vt 33.705700 -24.971500
vt 33.770100 -25.000000
vt 33.708000 -24.969700
vt 33.770401 -24.998400
vt 33.823601 -24.953199
vt 33.826000 -24.952801
vt 33.783600 -24.933201
vt 33.783199 -24.934900
vt 33.923698 -24.922001
vt 33.826698 -24.951700
vt 33.924999 -24.927200
vt 33.824100 -24.946100
vt 33.857101 -24.886000
vt 33.856701 -24.887300
vt 33.786400 -24.933100
vt 33.938301 -25.049900
vt 33.988201 -25.079599
vt 33.988800 -25.077200
vt 34.068501 -25.042000
vt 34.070499 -25.041800
vt 33.991001 -25.079901
vt 34.070099 -25.043600
vt 34.142502 -25.092800
vt 34.145302 -25.093100
vt 34.053600 -25.099300
vt 34.053200 -25.092600
vt 34.053001 -25.100800
vt 34.055199 -25.101700
vt 34.050598 -25.101200
vt 34.131500 -25.121901
vt 34.056301 -25.094801
vt 34.211399 -25.146500
vt 34.209000 -25.153000
vt 34.129299 -25.129101
vt 34.213100 -25.154400
vt 34.147701 -25.093500
vt 34.221699 -25.066999
vt 34.290298 -25.111000
vt 34.216900 -25.154499
vt 34.287899 -25.148100
vt 34.216499 -25.147499
vt 34.365398 -25.150499
vt 34.363899 -25.157301
vt 34.287601 -25.155600
vt 34.364601 -25.150400
vt 34.290298 -25.156401
vt 34.365799 -25.157900
vt 34.290798 -25.148899
vt 34.367199 -25.150499
vt 34.282299 -25.105301
vt 34.204102 -25.147400
vt 34.282501 -25.111300
vt 34.364899 -25.150499
vt 34.364101 -25.157400
vt 34.204899 -25.154301
vt 34.200600 -25.154699
vt 34.284901 -25.156000
vt 34.201801 -25.147301
vt 34.285099 -25.148399
vt 34.198799 -25.146400
vt 34.113098 -25.091999
vt 34.195499 -25.152901
vt 34.030800 -25.101400
vt 34.033199 -25.094700
vt 34.116402 -25.086399
vt 34.028999 -25.100800
vt 34.126999 -25.122101
vt 34.030300 -25.093599
vt 33.960400 -25.104300
vt 34.125599 -25.129499
vt 33.960400 -25.111900
vt 33.958401 -25.110800
vt 34.049198 -25.094200
vt 33.957298 -25.103300
vt 33.901501 -25.120899
vt 33.985298 -25.079500
vt 33.982601 -25.074200
vt 33.901501 -25.112499
vt 33.903099 -25.117901
vt 33.934200 -25.050100
vt 33.932999 -25.053499
vt 33.853298 -25.073200
vt 33.850399 -25.072901
vt 33.929501 -25.049500
vt 33.865398 -25.000000
vt 33.865002 -25.002600
vt 33.790600 -25.034300
vt 33.850899 -25.070601
vt 34.366699 -24.934799
vt 34.365501 -24.940201
vt 34.297001 -25.000000
vt 34.363701 -24.934900
vt 34.294899 -24.997200
vt 34.224998 -24.936001
vt 34.292702 -24.888800
vt 34.292702 -24.891399
vt 34.366901 -24.842501
vt 34.365799 -24.930500
vt 34.295101 -24.888700
vt 34.296299 -24.893999
vt 34.365101 -24.851500
vt 34.363899 -24.842699
vt 34.287899 -24.851900
vt 34.365398 -24.849501
vt 34.216900 -24.845501
vt 34.216499 -24.852501
vt 34.287601 -24.844400
vt 34.213100 -24.845600
vt 34.290298 -24.889000
vt 34.221901 -24.936100
vt 34.292500 -25.000000
vt 34.221699 -24.933001
vt 34.147701 -24.906500
vt 34.145302 -24.906900
vt 34.209000 -24.847000
vt 34.131500 -24.878099
vt 34.211399 -24.853500
vt 34.055199 -24.898300
vt 34.056301 -24.905199
vt 34.129299 -24.870899
vt 34.053001 -24.899200
vt 34.284901 -24.844000
vt 34.201801 -24.852699
vt 34.285099 -24.851601
vt 34.200600 -24.845301
vt 34.195499 -24.847099
vt 34.113098 -24.908001
vt 34.198799 -24.853600
vt 34.033199 -24.905300
vt 34.030800 -24.898600
vt 34.116402 -24.913601
vt 34.126999 -24.877899
vt 34.028999 -24.899200
vt 34.030300 -24.906401
vt 33.960400 -24.895700
vt 34.125599 -24.870501
vt 33.960400 -24.888100
vt 34.049198 -24.905800
vt 33.958401 -24.889200
vt 33.957298 -24.896700
vt 34.050598 -24.898800
vt 33.988201 -24.920401
vt 34.053200 -24.907400
vt 34.142502 -24.907200
vt 34.053600 -24.900700
vt 34.070499 -24.958200
vt 34.070099 -24.956400
vt 33.991001 -24.920099
vt 34.072399 -24.957800
vt 34.145500 -24.909401
vt 34.218300 -24.936600
vt 34.152199 -25.000000
vt 34.151901 -24.997299
vt 34.154400 -25.000000
vt 34.221901 -24.940100
vt 34.025902 -25.094000
vt 33.928001 -25.079399
vt 34.025200 -25.101000
vt 33.928902 -25.073500
vt 34.029800 -25.093599
vt 33.928299 -25.072901
vt 34.029499 -25.092501
vt 33.932201 -25.073000
vt 34.111801 -25.085199
vt 34.013901 -25.039700
vt 34.109001 -25.090599
vt 34.025200 -24.899000
vt 33.928001 -24.920601
vt 34.025902 -24.906000
vt 33.928902 -24.926500
vt 33.928299 -24.927099
vt 34.029800 -24.906401
vt 33.932201 -24.927000
vt 34.029499 -24.907499
vt 34.109001 -24.909401
vt 34.013901 -24.960300
vt 34.111801 -24.914801
vt 34.013500 -24.961300
vt 34.009399 -24.961100
vt 33.928101 -24.928699
vt 33.829399 -24.952999
vt 33.916599 -25.000000
vt 33.916901 -24.998501
vt 33.913300 -25.000000
vt 33.826000 -25.047199
vt 33.826099 -24.954399
vt 33.826099 -25.045601
vt 33.772900 -25.000000
vt 33.708000 -25.030300
vt 33.770401 -25.001600
vt 33.783199 -25.065100
vt 33.783600 -25.066799
vt 33.823601 -25.046801
vt 33.780300 -25.065800
vt 33.706299 -25.031099
vt 33.776001 -25.070801
vt 33.701599 -25.036301
vt 33.725700 -25.072001
vt 33.683800 -25.047400
vt 33.721600 -25.078400
vt 33.688801 -25.041901
vt 33.710602 -25.058201
vt 33.664799 -25.050900
vt 33.709099 -25.065500
vt 33.666599 -25.043900
vt 33.760502 -24.918800
vt 33.850399 -24.927099
vt 33.764198 -24.917999
vt 33.901501 -24.879101
vt 33.897099 -24.880400
vt 33.815800 -24.898300
vt 33.897999 -24.886900
vt 33.817001 -24.905600
vt 33.954201 -24.888599
vt 33.857899 -24.886200
vt 33.953499 -24.896200
vt 33.857498 -24.878700
vt 33.787399 -25.034100
vt 33.861801 -25.000000
vt 33.787399 -24.965900
vt 33.787998 -25.030899
vt 33.787998 -24.969101
vt 33.758598 -25.000000
vt 33.756699 -25.000000
vt 33.785198 -24.966400
vt 33.785198 -25.033600
vt 33.756199 -25.002600
vt 33.721500 -25.022100
vt 33.743000 -25.049200
vt 33.744099 -25.046801
vt 33.718102 -25.021500
vt 33.744900 -25.049801
vt 33.786499 -25.036501
vt 33.846699 -25.072399
vt 33.762699 -25.079100
vt 33.845600 -25.067101
vt 33.762001 -25.073000
vt 33.760502 -25.081200
vt 33.764198 -25.082001
vt 33.897099 -25.119600
vt 33.897999 -25.113100
vt 33.815800 -25.101700
vt 33.817001 -25.094400
vt 33.953499 -25.103800
vt 33.857899 -25.113800
vt 33.954201 -25.111401
vt 33.857498 -25.121300
vt 34.105499 -25.000000
vt 34.013500 -24.962700
vt 33.920601 -25.000000
vt 34.013500 -25.037300
vt 34.009399 -25.038900
vt 33.928101 -25.071301
vt 33.829399 -25.047001
vt 33.916901 -25.001499
vt 33.824100 -25.053900
vt 33.923698 -25.077999
vt 33.826698 -25.048300
vt 33.924999 -25.072800
vt 33.786400 -25.066900
vt 33.857101 -25.114000
vt 33.856701 -25.112700
vt 33.854401 -25.113100
vt 33.780399 -25.073200
vt 33.851002 -25.119699
vt 33.784199 -25.067400
vt 33.727100 -25.080400
vt 33.810902 -25.101200
vt 33.729301 -25.073200
vt 33.812599 -25.093901
vt 33.758301 -25.073400
vt 33.713501 -25.066601
vt 33.758099 -25.080000
vt 33.714699 -25.059401
vt 33.740002 -25.047800
vt 33.716202 -25.024700
vt 33.687302 -25.027399
vt 33.696999 -25.048700
vt 33.713799 -25.020399
vt 33.685902 -25.024300
vt 33.693298 -25.002399
vt 33.664902 -25.008301
vt 33.696602 -25.000000
vt 33.718700 -25.017401
vt 33.753601 -25.000000
vt 33.718700 -24.982599
vt 33.721500 -24.977900
vt 33.756199 -24.997400
vt 33.744099 -24.953199
vt 33.744900 -24.950199
vt 33.786499 -24.963499
vt 33.846699 -24.927601
vt 33.845600 -24.932899
vt 33.762699 -24.920900
vt 33.762001 -24.927000
vt 34.221901 -25.059900
vt 34.218300 -25.063400
vt 34.151901 -25.002701
vt 34.072399 -25.042200
vt 34.145500 -25.090599
vt 34.149502 -25.000000
vt 34.070599 -25.039499
vt 34.070599 -24.960501
vt 34.003799 -25.000000
vt 34.001099 -25.000000
vt 34.068501 -24.958000
vt 33.985802 -24.927299
vt 34.065701 -24.960899
vt 33.988800 -24.922800
vt 34.000999 -24.997400
vt 33.938301 -24.950100
vt 33.934200 -24.949900
vt 33.985298 -24.920500
vt 33.901501 -24.887501
vt 33.982601 -24.925800
vt 33.932999 -24.946501
vt 33.903099 -24.882099
vt 33.853298 -24.926800
vt 33.929501 -24.950500
vt 33.850899 -24.929399
vt 33.790600 -24.965700
vt 33.865002 -24.997400
vt 33.868301 -25.000000
vt 33.934399 -24.954500
vt 33.998299 -25.000000
vt 33.934399 -25.045500
vt 34.000999 -25.002600
vt 34.065701 -25.039101
vt 33.985802 -25.072701
vt 33.705101 -25.079901
vt 33.775002 -25.069799
vt 33.703999 -25.072500
vt 33.636299 -25.090500
vt 33.775101 -25.062700
vt 33.634201 -25.083799
vt 33.633099 -24.998800
vt 33.634201 -25.087200
vt 33.634399 -25.002600
vt 33.704899 -25.034700
vt 33.887199 -24.847300
vt 33.989300 -24.866899
vt 33.986401 -24.865200
vt 34.073002 -24.920500
vt 33.992802 -24.867800
vt 33.890099 -24.818501
vt 33.983101 -24.871500
vt 33.814301 -24.765600
vt 33.810299 -24.771400
vt 33.893799 -24.812000
vt 33.809101 -24.762899
vt 33.799702 -24.852400
vt 33.884102 -24.846399
vt 33.800098 -24.849001
vt 33.720600 -24.814400
vt 33.717499 -24.813999
vt 33.720600 -24.819799
vt 33.808899 -24.766300
vt 33.807400 -24.771200
vt 33.881001 -24.851299
vt 33.804001 -24.763100
vt 33.719898 -24.777300
vt 33.805000 -24.770000
vt 33.635300 -24.782900
vt 33.635799 -24.775900
vt 33.719601 -24.769800
vt 33.632801 -24.868299
vt 33.714802 -24.814199
vt 33.633801 -24.864100
vt 33.632599 -24.776100
vt 33.635601 -24.782900
vt 33.716900 -24.769199
vt 33.633801 -24.775499
vt 33.717098 -24.776800
vt 33.809200 -24.762699
vt 33.722900 -24.769600
vt 33.807499 -24.770000
vt 33.890598 -24.810301
vt 33.723000 -24.777201
vt 33.887100 -24.816999
vt 33.717499 -24.818701
vt 33.717300 -24.812700
vt 33.632999 -24.783001
vt 33.717602 -24.819401
vt 33.635601 -24.784599
vt 33.635502 -24.869200
vt 33.714802 -24.819599
vt 33.635201 -24.992901
vt 33.632801 -24.871201
vt 33.632301 -24.995800
vt 33.712002 -24.923599
vt 33.635101 -24.871099
vt 33.635399 -24.873501
vt 33.709202 -24.923800
vt 33.795898 -24.855700
vt 33.711800 -24.922001
vt 33.717701 -24.821100
vt 33.807499 -24.769800
vt 33.798500 -24.854601
vt 33.883999 -24.851999
vt 33.887600 -24.846201
vt 33.884201 -24.851400
vt 34.362499 -25.223301
vt 34.359600 -25.217199
vt 34.356499 -25.220100
vt 34.367901 -25.219000
vt 34.362701 -25.226101
vt 34.365002 -25.219400
vt 34.352100 -25.193501
vt 34.358101 -25.194000
vt 34.356602 -25.183399
vt 34.336102 -25.198500
vt 34.359901 -25.224501
vt 34.358200 -25.218599
vt 34.338100 -25.197201
vt 34.340698 -25.168800
vt 34.339199 -25.164000
vt 34.349201 -25.183901
vt 34.354900 -25.184700
vt 34.319901 -25.102400
vt 34.341499 -25.161400
vt 34.353699 -25.148701
vt 34.314701 -25.104401
vt 34.355301 -25.180201
vt 34.349300 -25.180300
vt 34.359100 -25.147900
vt 34.361801 -25.146500
vt 34.317699 -25.097099
vt 34.216400 -24.997299
vt 34.142899 -24.980801
vt 34.145599 -24.982500
vt 34.183701 -25.055300
vt 34.184502 -25.053900
vt 34.269199 -25.066401
vt 34.215801 -24.998699
vt 34.271900 -25.068600
vt 34.294498 -25.033001
vt 34.219700 -25.000601
vt 34.187401 -25.057699
vt 34.238899 -25.120001
vt 34.270699 -25.069901
vt 34.239601 -25.118700
vt 34.284100 -25.128201
vt 34.286499 -25.130199
vt 34.241699 -25.121901
vt 34.258999 -25.163200
vt 34.285301 -25.131201
vt 34.303501 -25.183599
vt 34.260300 -25.162201
vt 34.306000 -25.185900
vt 34.285099 -25.202299
vt 34.262501 -25.165800
vt 34.259998 -25.170700
vt 34.304901 -25.186300
vt 34.285900 -25.201401
vt 34.314201 -25.206699
vt 34.303001 -25.191500
vt 34.316399 -25.208401
vt 34.314098 -25.214899
vt 34.288399 -25.203899
vt 34.286201 -25.210699
vt 34.338001 -25.228201
vt 34.335098 -25.234699
vt 34.315899 -25.208799
vt 34.341702 -25.230000
vt 34.325001 -25.213499
vt 34.342300 -25.228901
vt 34.344799 -25.229300
vt 34.349899 -25.235201
vt 34.347801 -25.228300
vt 34.351002 -25.228201
vt 34.346500 -25.236700
vt 34.323299 -25.219299
vt 34.345901 -25.226400
vt 34.348301 -25.227800
vt 34.346600 -25.226801
vt 34.344601 -25.233200
vt 34.352001 -25.232901
vt 34.351101 -25.226000
vt 34.349098 -25.226500
vt 34.355000 -25.231701
vt 34.351501 -25.223499
vt 34.347301 -25.226200
vt 34.352600 -25.225000
vt 34.338799 -25.203400
vt 34.348400 -25.224701
vt 34.355301 -25.220900
vt 34.353500 -25.221300
vt 34.333698 -25.195400
vt 34.344398 -25.223600
vt 34.354099 -25.223900
vt 34.357899 -25.229700
vt 34.359901 -25.227501
vt 34.364601 -25.225100
vt 34.358002 -25.221300
vt 34.356602 -25.224501
vt 34.359299 -25.219601
vt 34.362801 -25.228701
vt 34.363201 -25.226000
vt 34.357498 -25.221701
vt 34.365601 -25.223600
vt 34.355999 -25.219601
vt 34.362598 -25.220900
vt 34.356800 -25.222099
vt 34.360901 -25.217100
vt 34.350498 -25.183001
vt 34.353699 -25.217100
vt 34.335098 -25.194599
vt 34.336201 -25.166800
vt 34.334900 -25.163500
vt 34.335499 -25.162701
vt 34.354900 -25.148199
vt 34.312302 -25.099199
vt 34.357498 -25.182899
vt 34.355202 -25.152300
vt 34.351002 -25.182699
vt 34.360401 -25.212500
vt 34.362400 -25.152399
vt 34.367599 -25.212099
vt 34.360600 -25.216499
vt 34.365101 -25.188900
vt 34.357601 -25.189501
vt 34.368099 -25.217199
vt 34.365799 -25.221001
vt 34.364300 -25.177799
vt 34.356800 -25.178301
vt 34.363701 -25.173901
vt 34.354599 -25.148100
vt 34.356201 -25.175100
vt 34.331501 -25.089100
vt 34.324699 -25.092501
vt 34.361698 -25.145800
vt 34.296501 -25.036699
vt 34.318501 -25.096300
vt 34.303101 -25.034000
vt 34.359100 -25.141001
vt 34.352798 -25.144400
vt 34.312698 -25.098900
vt 34.310001 -25.096701
vt 34.293701 -25.033899
vt 34.272301 -25.067801
vt 34.223999 -24.996901
vt 34.277302 -25.064501
vt 34.274300 -25.071501
vt 34.287601 -25.129299
vt 34.332600 -25.160299
vt 34.311199 -25.100201
vt 34.289398 -25.134100
vt 34.333401 -25.164200
vt 34.307098 -25.184799
vt 34.332100 -25.193199
vt 34.308601 -25.188101
vt 34.332298 -25.196400
vt 34.317799 -25.207500
vt 34.306099 -25.189699
vt 34.334499 -25.195900
vt 34.309200 -25.193001
vt 34.314999 -25.214100
vt 34.344799 -25.228001
vt 34.316898 -25.212900
vt 34.334301 -25.199900
vt 34.348801 -25.232000
vt 34.341000 -25.237301
vt 34.347401 -25.233700
vt 34.342499 -25.234699
vt 34.350101 -25.234800
vt 34.341301 -25.229601
vt 34.344398 -25.235800
vt 34.344501 -25.228201
vt 34.339401 -25.236799
vt 34.315899 -25.224701
vt 34.319199 -25.217899
vt 34.348598 -25.236099
vt 34.347198 -25.228600
vt 34.352901 -25.235500
vt 34.352699 -25.227100
vt 34.351898 -25.233801
vt 34.355701 -25.233601
vt 34.349800 -25.226801
vt 34.356300 -25.230499
vt 34.354801 -25.228500
vt 34.340900 -25.206499
vt 34.352100 -25.228201
vt 34.355202 -25.226000
vt 34.355000 -25.225599
vt 34.359798 -25.230700
vt 34.361099 -25.227501
vt 34.328899 -25.083900
vt 34.322102 -25.087299
vt 34.294300 -25.033100
vt 34.238201 -24.971800
vt 34.232899 -24.977200
vt 34.326900 -25.080299
vt 34.320400 -25.084101
vt 34.300301 -25.028400
vt 34.176399 -24.924000
vt 34.221199 -24.992599
vt 34.181702 -24.919300
vt 34.296600 -25.025299
vt 34.292000 -25.030600
vt 34.216801 -24.996799
vt 34.174000 -24.921700
vt 34.213600 -24.995899
vt 34.173302 -24.922899
vt 34.075001 -24.927401
vt 34.146099 -24.974899
vt 34.143299 -24.979900
vt 34.011799 -25.065100
vt 34.061699 -25.127800
vt 34.065800 -25.129999
vt 33.929501 -25.059099
vt 33.931499 -25.060400
vt 34.008999 -25.064600
vt 33.931198 -25.051201
vt 33.929901 -25.057699
vt 33.857498 -25.027700
vt 33.946999 -25.002600
vt 33.946400 -25.004400
vt 33.854698 -25.026699
vt 33.944801 -25.002300
vt 33.855400 -25.024401
vt 33.791000 -24.980200
vt 33.871101 -24.935900
vt 33.870701 -24.938499
vt 33.786900 -24.979500
vt 33.709702 -25.034300
vt 33.786598 -24.983101
vt 33.852299 -25.026699
vt 33.778301 -25.066900
vt 33.777401 -25.061199
vt 33.850899 -25.021400
vt 33.783100 -24.979900
vt 33.707001 -25.031900
vt 33.707298 -25.034500
vt 33.636101 -24.998501
vt 33.712299 -24.923599
vt 33.712399 -24.926399
vt 33.715099 -24.923599
vt 33.787201 -24.975300
vt 33.868301 -24.935301
vt 33.709702 -24.923800
vt 33.633900 -24.993099
vt 33.634201 -24.873301
vt 33.635899 -24.868099
vt 33.712002 -24.920799
vt 33.795101 -24.852699
vt 33.717499 -24.816500
vt 33.799400 -24.857500
vt 33.804501 -24.854401
vt 33.871799 -24.933500
vt 33.969200 -24.921801
vt 33.971802 -24.923000
vt 33.883598 -24.853500
vt 33.966801 -24.924299
vt 33.886902 -24.849600
vt 33.874401 -24.937201
vt 33.971001 -24.925400
vt 34.039600 -24.991199
vt 33.947701 -25.000401
vt 34.042702 -24.992100
vt 33.949402 -25.003799
vt 34.041599 -24.994499
vt 34.012501 -25.062799
vt 34.093899 -25.065100
vt 34.098499 -25.067101
vt 34.014702 -25.066299
vt 34.096901 -25.070400
vt 34.146702 -25.118500
vt 34.149601 -25.119699
vt 34.136700 -25.138300
vt 34.070499 -25.131100
vt 34.134998 -25.145599
vt 34.209400 -25.163000
vt 34.071301 -25.124001
vt 33.634602 -25.083700
vt 33.702999 -25.080999
vt 33.701401 -25.073601
vt 33.634499 -25.091200
vt 33.707298 -25.035900
vt 33.777302 -25.062500
vt 33.706402 -25.029100
vt 33.631901 -25.084101
vt 33.634800 -25.081699
vt 33.634899 -24.997400
vt 33.703701 -25.029400
vt 33.634602 -24.995701
vt 33.706200 -25.027500
vt 33.783501 -24.976999
vt 33.785801 -24.976900
vt 33.712101 -24.925200
vt 33.709301 -25.028900
vt 33.853600 -25.021400
vt 33.788601 -24.976999
vt 33.854099 -25.019800
vt 33.943699 -24.999300
vt 33.868900 -24.935699
vt 33.868500 -24.937201
vt 33.947201 -24.999701
vt 33.866001 -24.935301
vt 33.785999 -24.975300
vt 33.714901 -24.923700
vt 33.798302 -24.855600
vt 33.798199 -24.857500
vt 33.801201 -24.856501
vt 33.869400 -24.934200
vt 33.970200 -24.925600
vt 33.873001 -24.936600
vt 33.969700 -24.927000
vt 33.947601 -24.998199
vt 34.039600 -24.991100
vt 34.043301 -24.992500
vt 33.950802 -25.001200
vt 34.042702 -24.993900
vt 34.096199 -25.063101
vt 34.014400 -25.060499
vt 34.014900 -25.059000
vt 34.099098 -25.064400
vt 34.010799 -25.059500
vt 33.946800 -25.000700
vt 33.857498 -25.022100
vt 33.930901 -25.052299
vt 33.927399 -25.052401
vt 33.854500 -25.028099
vt 33.927601 -25.059401
vt 33.779999 -25.062201
vt 33.853500 -25.021999
vt 33.781700 -25.069099
vt 33.844501 -25.057899
vt 33.778099 -25.069799
vt 33.845600 -25.065399
vt 33.707500 -25.080400
vt 33.707001 -25.072901
vt 33.777302 -25.062300
vt 34.144699 -24.978201
vt 34.139500 -24.976500
vt 34.043400 -24.989700
vt 33.974800 -24.924000
vt 34.071999 -24.922600
vt 34.069599 -24.919201
vt 33.972301 -24.921101
vt 33.890999 -24.848900
vt 33.986099 -24.874399
vt 34.067799 -24.924200
vt 33.988701 -24.868500
vt 34.180801 -25.054001
vt 34.139702 -24.979700
vt 34.043800 -24.990999
vt 33.974098 -24.926800
vt 34.071701 -24.925800
vt 34.071098 -24.927200
vt 33.888199 -24.853500
vt 33.970501 -24.924700
vt 33.986500 -24.873400
vt 34.073299 -24.919300
vt 33.990601 -24.874500
vt 34.071899 -24.925200
vt 34.170601 -24.920900
vt 34.171799 -24.913900
vt 34.086700 -24.900200
vt 34.173901 -24.921900
vt 34.088799 -24.892900
vt 34.231899 -24.966200
vt 34.227100 -24.972000
vt 34.177399 -24.915199
vt 34.177502 -24.915600
vt 34.220600 -24.993601
vt 34.234798 -24.968599
vt 34.229599 -24.974100
vt 34.300400 -25.028799
vt 34.315399 -25.094200
vt 34.298401 -25.031000
vt 34.275799 -25.067101
vt 34.288399 -25.131500
vt 34.278400 -25.071400
vt 34.316200 -25.098600
vt 34.290100 -25.129801
vt 34.336300 -25.159300
vt 34.290901 -25.135500
vt 34.335201 -25.166401
vt 34.309101 -25.186800
vt 34.235901 -25.118500
vt 34.150299 -25.114201
vt 34.151100 -25.112801
vt 34.102001 -25.065399
vt 34.182999 -25.056700
vt 34.099701 -25.062901
vt 34.046501 -24.993900
vt 34.142101 -24.982401
vt 34.211399 -25.156200
vt 34.212002 -25.163900
vt 34.140400 -25.140301
vt 34.138199 -25.147499
vt 34.214600 -25.156900
vt 34.244499 -25.176600
vt 34.241402 -25.183599
vt 34.214802 -25.165100
vt 34.247601 -25.177099
vt 34.217499 -25.158600
vt 34.243801 -25.183500
vt 34.282600 -25.200701
vt 34.278500 -25.206400
vt 34.257000 -25.168100
vt 34.212601 -25.163601
vt 34.281898 -25.208599
vt 34.255100 -25.167101
vt 34.215302 -25.156000
vt 34.213501 -25.161900
vt 34.153301 -25.121201
vt 34.239498 -25.122900
vt 34.237301 -25.125299
vt 34.235802 -25.121799
vt 34.150799 -25.117701
vt 34.102901 -25.069099
vt 34.185299 -25.056299
vt 34.184200 -25.058599
vt 34.182400 -25.054701
vt 34.100300 -25.062901
vt 34.045799 -24.993500
vt 34.142502 -24.982700
vt 33.894501 -24.819700
vt 33.989300 -24.866600
vt 33.897800 -24.812799
vt 33.986500 -24.873501
vt 34.081902 -24.889700
vt 34.079399 -24.896900
vt 34.083099 -24.899099
vt 34.084999 -24.891899
vt 34.076302 -24.922100
vt 34.217602 -24.991899
vt 34.175900 -24.918501
vt 34.148998 -24.981300
vt 34.186600 -25.054100
vt 34.271801 -25.064800
vt 34.219601 -24.995800
vt 34.189098 -25.058399
vt 34.272900 -25.070400
vt 34.241299 -25.120001
vt 34.286301 -25.129400
vt 34.241901 -25.125601
vt 34.258701 -25.166500
vt 34.302898 -25.186501
vt 34.286499 -25.133301
vt 34.312698 -25.212299
vt 34.283798 -25.206800
vt 34.309700 -25.213499
vt 34.306702 -25.220400
vt 34.285000 -25.202101
vt 34.303398 -25.219299
vt 34.306702 -25.212500
vt 34.246399 -25.186001
vt 34.250702 -25.179701
vt 34.281300 -25.208700
vt 34.255901 -25.169100
vt 34.258598 -25.163500
vt 34.214802 -25.157101
vt 34.256500 -25.161900
vt 34.154400 -25.115801
vt 34.237999 -25.120701
vt 33.847401 -25.056900
vt 33.848099 -25.064400
vt 33.929401 -25.059401
vt 33.851002 -25.058300
vt 33.850498 -25.065901
vt 33.930901 -25.052200
vt 33.998699 -25.088200
vt 33.996201 -25.095400
vt 33.934299 -25.054001
vt 34.011200 -25.066299
vt 34.065601 -25.122000
vt 34.014198 -25.061001
vt 34.068199 -25.123400
vt 34.017399 -25.061701
vt 34.068699 -25.122200
vt 34.147400 -25.113100
vt 34.149101 -25.120899
vt 34.150101 -25.114700
vt 34.131699 -25.145201
vt 34.068298 -25.123199
vt 34.065601 -25.130301
vt 34.001701 -25.096901
vt 34.133400 -25.137800
vt 34.005299 -25.090200
vt 34.002499 -25.088400
vt 33.999001 -25.094999
s 1
usemtl Meshpart1Mtl.003
f 3/1/1 1/2/2 2/3/3
f 6/4/4 5/5/5 4/6/6
f 7/7/7 9/8/8 8/9/9
f 10/10/10 9/8/11 12/11/12
f 13/12/13 9/8/8 7/7/7
f 5/5/5 14/13/14 4/6/6
f 4/6/6 14/13/14 11/14/15
f 17/15/16 15/16/17 16/17/18
f 23/18/19 22/19/20 20/20/21
f 22/19/20 23/18/19 24/21/22
f 19/22/23 25/23/24 18/24/25
f 18/24/25 25/23/24 26/25/26
f 25/23/24 28/26/27 26/25/26
f 27/27/28 29/28/29 30/29/30
f 30/29/30 29/28/29 31/30/31
f 28/26/27 25/23/24 32/31/32
f 32/31/32 33/32/33 28/26/27
f 37/33/34 35/34/35 36/35/36
f 38/36/37 39/37/38 40/38/39
f 39/37/38 38/36/37 41/39/40
f 40/38/39 42/40/41 38/36/37
f 44/41/42 42/40/43 43/42/44
f 45/43/45 39/37/46 43/42/47
f 40/38/39 46/44/48 42/40/41
f 46/44/48 40/38/39 48/45/49
f 50/46/50 46/44/51 49/47/52
f 47/48/53 51/49/54 48/45/49
f 46/44/51 50/46/50 52/50/55
f 52/50/55 50/46/50 53/51/56
f 50/46/50 54/52/57 53/51/56
f 50/46/50 55/53/58 54/52/57
f 59/54/59 61/55/60 58/56/61
f 61/55/60 59/54/59 60/57/62
f 57/58/63 62/59/64 63/60/65
f 65/61/66 67/62/67 66/63/68
f 66/63/68 67/62/67 68/64/69
f 69/65/70 71/66/71 70/67/72
f 71/66/71 69/65/70 72/68/73
f 76/69/74 75/70/75 73/71/76
f 75/70/75 76/69/74 74/72/77
f 79/73/78 81/74/79 82/75/80
f 83/76/81 85/77/82 84/78/83
f 83/76/81 84/78/83 86/79/84
f 88/80/85 87/81/86 89/82/87
f 90/83/88 88/80/85 89/82/87
f 77/84/89 93/85/90 94/86/91
f 95/87/92 93/85/93 97/88/94
f 97/88/94 99/89/95 95/87/92
f 99/89/95 97/88/94 96/90/96
f 98/91/97 99/89/95 96/90/96
f 91/92/98 92/93/99 103/94/100
f 104/95/101 92/93/102 105/96/103
f 92/93/102 106/97/104 105/96/103
f 80/98/105 106/97/104 92/93/102
f 106/97/106 100/99/107 101/100/108
f 106/97/104 80/98/105 107/101/109
f 106/97/104 107/101/109 108/102/110
f 80/98/105 109/103/111 107/101/109
f 109/103/111 80/98/105 110/104/112
f 80/98/105 39/37/46 110/104/112
f 110/104/112 39/37/46 111/105/113
f 39/37/46 112/106/114 111/105/113
f 39/37/46 45/43/45 112/106/114
f 45/43/45 109/103/111 112/106/114
f 110/104/112 113/107/115 109/103/111
f 112/106/114 109/103/111 113/107/115
f 114/108/116 107/101/109 109/103/111
f 109/103/111 115/109/117 114/108/116
f 115/109/117 106/97/104 108/102/110
f 115/109/117 109/103/111 116/110/118
f 116/110/118 106/97/104 115/109/117
f 117/111/119 116/110/118 109/103/111
f 45/43/45 117/111/119 109/103/111
f 118/112/120 106/97/106 119/113/121
f 100/99/107 106/97/106 118/112/120
f 120/114/122 106/97/104 116/110/118
f 121/115/123 100/99/107 118/112/120
f 121/115/124 122/116/125 120/114/126
f 123/117/127 100/99/107 121/115/123
f 100/99/107 123/117/127 125/118/128
f 126/119/129 124/120/130 125/118/128
f 123/117/131 128/121/132 127/122/133
f 128/121/132 130/123/134 129/124/135
f 130/123/134 128/121/132 123/117/131
f 131/125/136 128/121/132 129/124/135
f 133/126/137 128/121/132 131/125/136
f 132/127/138 123/117/139 134/128/140
f 134/128/140 123/117/139 135/129/141
f 123/117/139 136/130/142 135/129/141
f 123/117/139 116/110/118 136/130/142
f 137/131/143 136/130/142 138/132/144
f 134/128/140 137/131/143 138/132/144
f 116/110/118 138/132/144 136/130/142
f 138/132/144 132/127/138 134/128/140
f 138/132/144 116/110/118 139/133/145
f 139/133/145 116/110/118 140/134/146
f 116/110/118 117/111/119 140/134/146
f 117/111/119 45/43/45 141/135/147
f 45/43/45 139/133/145 141/135/147
f 45/43/45 138/132/144 139/133/145
f 142/136/148 138/132/144 45/43/45
f 45/43/45 46/44/48 142/136/148
f 143/137/149 142/136/148 46/44/48
f 46/44/48 144/138/150 143/137/149
f 46/44/48 56/139/151 144/138/150
f 56/139/151 138/132/144 144/138/150
f 138/132/144 142/136/148 145/140/152
f 144/138/150 138/132/144 145/140/152
f 138/132/144 56/139/151 146/141/153
f 146/141/153 132/127/138 138/132/144
f 146/141/153 56/139/151 147/142/154
f 56/139/151 148/143/155 147/142/154
f 56/139/151 149/144/156 148/143/155
f 149/144/156 132/127/138 148/143/155
f 132/127/138 146/141/153 150/145/157
f 148/143/155 132/127/138 150/145/157
f 132/127/138 149/144/156 151/146/158
f 133/126/159 132/127/138 151/146/158
f 152/147/160 151/146/158 149/144/156
f 153/148/161 152/147/160 149/144/156
f 149/144/156 64/149/162 153/148/161
f 64/149/162 133/126/159 153/148/161
f 133/126/159 151/146/158 154/150/163
f 153/148/161 133/126/159 154/150/163
f 157/151/164 159/152/165 156/153/166
f 62/59/167 155/154/168 158/155/169
f 155/154/168 62/59/167 133/126/170
f 133/126/170 62/59/167 160/156/171
f 162/157/172 164/158/173 161/159/174
f 164/158/173 162/157/172 163/160/175
f 128/121/132 133/126/137 163/160/176
f 165/161/177 166/162/178 167/163/179
f 167/163/179 166/162/178 168/164/180
f 170/165/181 78/166/182 169/167/183
f 78/166/182 170/165/181 102/168/184
f 175/169/185 173/170/186 174/171/187
f 172/172/188 173/170/186 175/169/185
f 177/173/189 179/174/190 178/175/191
f 179/174/190 177/173/189 180/176/192
f 182/177/193 183/178/194 181/179/195
f 184/180/196 186/181/197 185/182/198
f 186/181/197 184/180/196 187/183/199
f 189/184/200 176/185/201 190/186/202
f 192/187/203 194/188/204 189/184/205
f 194/188/204 192/187/203 195/189/206
f 191/190/207 195/189/206 193/191/208
f 195/189/206 191/190/207 194/188/204
f 198/192/209 188/193/210 197/194/211
f 199/195/212 200/196/213 198/192/214
f 39/37/46 198/192/214 200/196/213
f 39/37/46 80/98/105 198/192/214
f 40/38/39 39/37/38 196/197/215
f 56/139/151 55/53/216 201/198/217
f 202/199/218 201/198/217 55/53/216
f 55/53/216 203/200/219 202/199/218
f 55/53/216 204/201/220 203/200/219
f 149/144/156 201/198/217 205/202/221
f 203/200/219 149/144/156 205/202/221
f 201/198/217 149/144/156 56/139/151
f 204/201/220 149/144/156 203/200/219
f 204/201/220 206/203/222 207/204/223
f 149/144/156 204/201/220 207/204/223
f 208/205/224 204/201/225 209/206/226
f 64/149/162 207/204/223 210/207/227
f 209/206/226 64/149/228 208/205/224
f 207/204/223 64/149/162 149/144/156
f 209/206/229 212/208/230 211/209/231
f 212/208/232 57/58/233 213/210/234
f 217/211/235 215/212/236 216/213/237
f 214/214/238 215/212/236 217/211/235
f 219/215/239 218/216/240 220/217/241
f 223/218/242 221/219/243 222/220/244
f 221/219/243 223/218/242 224/221/245
f 227/222/246 225/223/247 226/224/248
f 14/13/14 21/225/249 11/14/15
f 229/226/250 11/14/15 21/225/249
f 19/22/23 229/226/250 21/225/249
f 229/226/250 19/22/23 18/24/25
f 231/227/251 228/228/252 230/229/253
f 228/228/252 231/227/251 232/230/254
f 233/231/255 235/232/256 234/233/257
f 236/234/258 234/233/257 235/232/256
f 239/235/259 238/236/260 237/237/261
f 240/238/262 238/236/260 239/235/259
f 241/239/263 5/5/5 6/4/4
f 243/240/264 242/241/265 244/242/266
f 6/4/4 34/243/267 241/239/263
f 34/243/267 6/4/4 33/32/33
f 245/244/268 247/245/269 246/246/270
f 247/245/269 245/244/268 249/247/271
f 248/248/272 247/245/273 250/249/274
f 252/250/275 253/251/276 251/252/277
f 33/32/33 32/31/32 34/243/267
f 254/253/278 255/254/279 256/255/280
f 257/256/281 256/255/280 255/254/279
f 260/257/282 258/258/283 259/259/284
f 261/260/285 258/258/283 260/257/282
f 263/261/286 264/262/287 262/263/288
f 264/262/287 263/261/286 265/264/289
f 266/265/290 267/266/291 268/267/292
f 269/268/293 270/269/294 271/270/295
f 274/271/296 272/272/297 273/273/298
f 272/272/297 274/271/296 275/274/299
f 278/275/300 279/276/301 277/277/302
f 279/276/301 278/275/300 280/278/303
f 282/279/304 209/206/305 281/280/306
f 284/281/307 282/279/308 283/282/309
f 286/283/310 284/281/311 285/284/312
f 289/285/313 286/283/314 288/286/315
f 287/287/316 291/288/317 290/289/318
f 55/53/319 286/283/314 289/285/313
f 286/283/314 55/53/319 293/290/320
f 296/291/321 295/292/322 292/293/323
f 295/292/322 296/291/321 294/294/324
f 55/53/58 50/46/50 294/294/325
f 298/295/326 171/296/327 297/297/328
f 171/296/327 298/295/326 299/298/329
f 300/299/330 302/300/331 301/301/332
f 302/300/331 300/299/330 303/302/333
f 305/303/334 304/304/335 276/305/336
f 306/306/337 304/304/335 305/303/334
f 307/307/338 308/308/339 309/309/340
f 311/310/341 312/311/342 310/312/343
f 310/312/343 312/311/342 313/313/344
f 315/314/345 316/315/346 314/316/347
f 317/317/348 314/316/347 316/315/346
f 318/318/349 320/319/350 319/320/351
f 320/319/350 318/318/349 321/321/352
f 323/322/353 324/323/354 322/324/355
f 324/323/354 323/322/353 325/325/356
f 329/326/357 327/327/358 328/328/359
f 327/327/358 329/326/357 326/329/360
f 331/330/361 332/331/362 330/332/363
f 332/331/362 331/330/361 333/333/364
f 334/334/365 337/335/366 336/336/367
f 335/337/368 336/336/367 337/335/366
f 341/338/369 340/339/370 338/340/371
f 339/341/372 340/339/370 341/338/369
f 343/342/373 342/343/374 344/344/375
f 346/345/376 347/346/377 345/347/378
f 347/346/377 346/345/376 348/348/379
f 351/349/380 349/350/381 350/351/382
f 353/352/383 354/353/384 352/354/385
f 354/353/384 353/352/383 355/355/386
f 357/356/387 360/357/388 356/358/389
f 360/357/388 358/359/390 356/358/389
f 361/360/391 357/356/392 359/361/393
f 358/359/390 361/360/391 359/361/393
f 362/362/394 360/357/388 357/356/387
f 358/359/390 360/357/388 363/363/395
f 363/363/395 361/360/391 358/359/390
f 364/364/396 360/357/388 365/365/397
f 361/360/398 366/366/399 367/367/400
f 369/368/401 361/360/402 368/369/403
f 370/370/404 371/371/405 372/372/406
f 373/373/407 374/374/408 376/375/409
f 377/376/410 373/373/407 376/375/409
f 376/375/411 378/377/412 379/378/413
f 374/374/414 381/379/415 380/380/416
f 377/376/417 380/380/416 381/379/415
f 381/379/415 374/374/414 370/370/418
f 381/379/415 382/381/419 377/376/417
f 384/382/420 385/383/421 383/384/422
f 385/383/421 384/382/420 386/385/423
f 387/386/424 373/373/425 385/383/426
f 387/386/427 388/387/428 389/388/429
f 382/381/430 388/387/431 390/389/432
f 385/383/433 382/381/430 390/389/432
f 389/388/434 391/390/435 392/391/436
f 393/392/437 389/388/434 392/391/436
f 391/390/438 395/393/439 394/394/440
f 393/392/437 394/394/440 395/393/439
f 395/393/439 391/390/438 382/381/419
f 389/388/434 393/392/437 396/395/441
f 395/393/439 396/395/441 393/392/437
f 396/395/441 397/396/442 389/388/434
f 397/396/442 396/395/441 399/397/443
f 396/395/441 398/398/444 399/397/443
f 396/395/441 401/399/445 400/400/446
f 401/399/445 396/395/441 402/401/447
f 396/395/441 403/402/448 402/401/447
f 403/402/448 400/400/446 401/399/445
f 396/395/441 395/393/439 403/402/448
f 400/400/446 403/402/448 395/393/439
f 395/393/439 404/403/449 400/400/446
f 404/403/449 395/393/439 405/404/450
f 395/393/439 406/405/451 405/404/450
f 395/393/439 407/406/452 406/405/451
f 407/406/452 395/393/439 408/407/453
f 382/381/419 408/407/453 395/393/439
f 408/407/453 382/381/419 409/408/454
f 382/381/419 410/409/455 409/408/454
f 382/381/419 381/379/415 410/409/455
f 407/406/452 410/409/455 381/379/415
f 410/409/455 407/406/452 411/410/456
f 408/407/453 411/410/456 407/406/452
f 406/405/457 413/411/458 412/412/459
f 404/403/449 412/412/459 413/411/458
f 413/411/458 400/400/446 404/403/449
f 415/413/460 400/400/446 414/414/461
f 400/400/446 416/415/462 414/414/461
f 400/400/446 413/411/458 416/415/462
f 421/416/463 418/417/464 420/418/465
f 418/417/464 421/416/463 422/419/466
f 423/420/467 426/421/468 424/422/469
f 426/421/468 425/423/470 424/422/469
f 413/411/471 427/424/472 425/423/473
f 425/423/470 426/421/468 428/425/474
f 426/421/468 423/420/467 419/426/475
f 427/424/472 413/411/471 429/427/476
f 427/424/477 431/428/478 432/429/479
f 433/430/480 431/428/481 430/431/482
f 431/428/481 433/430/480 434/432/483
f 431/428/484 435/433/485 407/406/452
f 429/427/486 407/406/452 435/433/485
f 436/434/487 437/435/488 438/436/489
f 439/437/490 438/436/491 432/429/492
f 381/379/415 439/437/493 407/406/452
f 440/438/494 432/429/492 438/436/491
f 439/437/493 381/379/415 441/439/495
f 381/379/415 440/438/496 441/439/495
f 443/440/497 447/441/498 446/442/499
f 443/440/497 448/443/500 447/441/498
f 451/444/501 449/445/502 450/446/503
f 453/447/504 455/448/505 454/449/506
f 455/448/505 453/447/504 452/450/507
f 461/451/508 459/452/509 460/453/510
f 459/452/509 461/451/508 458/454/59
f 465/455/511 466/456/512 464/457/513
f 466/456/512 465/455/511 467/458/69
f 471/459/514 472/460/515 469/461/516
f 472/460/515 471/459/514 470/462/517
f 474/463/518 473/464/519 468/465/520
f 473/464/519 474/463/518 476/466/521
f 476/466/521 477/467/522 473/464/519
f 478/468/523 473/464/519 477/467/522
f 479/469/524 478/468/525 475/470/526
f 475/470/526 480/471/527 479/469/524
f 479/469/524 480/471/527 481/472/528
f 480/471/527 482/473/529 481/472/528
f 480/471/527 483/474/530 482/473/529
f 478/468/525 479/469/524 484/475/531
f 482/473/529 478/468/525 484/475/531
f 483/474/530 478/468/525 482/473/529
f 487/476/532 478/468/533 485/477/534
f 483/474/530 488/478/535 486/479/536
f 478/468/533 487/476/532 489/480/537
f 488/478/535 483/474/530 490/481/538
f 483/474/530 491/482/539 490/481/538
f 490/481/538 491/482/539 492/483/540
f 491/482/539 493/484/541 492/483/540
f 491/482/539 494/485/542 493/484/541
f 490/481/538 495/486/543 488/478/535
f 493/484/541 488/478/535 495/486/543
f 494/485/542 488/478/535 493/484/541
f 487/476/532 485/477/534 496/487/544
f 487/476/532 496/487/544 497/488/545
f 488/478/535 487/476/532 497/488/545
f 487/476/532 488/478/535 498/489/546
f 498/489/546 488/478/535 499/490/547
f 488/478/535 500/491/548 499/490/547
f 488/478/535 494/485/542 500/491/548
f 501/492/549 500/491/548 502/493/550
f 502/493/550 498/489/546 501/492/549
f 494/485/542 502/493/550 500/491/548
f 502/493/550 487/476/532 498/489/546
f 502/493/550 494/485/542 503/494/551
f 506/495/92 505/496/552 504/497/553
f 505/496/552 506/495/92 507/498/554
f 502/493/555 508/499/556 504/497/557
f 508/499/556 502/493/555 509/500/558
f 509/500/558 502/493/555 510/501/559
f 502/493/555 512/502/560 510/501/559
f 514/503/561 510/501/562 513/504/563
f 516/505/564 517/506/565 442/507/566
f 515/508/567 518/509/568 519/510/569
f 524/511/570 522/512/571 523/513/572
f 522/512/571 524/511/570 525/514/573
f 526/515/130 528/516/574 527/517/575
f 531/518/576 529/519/577 530/520/578
f 529/519/577 531/518/576 532/521/579
f 521/522/580 533/523/581 520/524/582
f 534/525/583 521/522/580 520/524/582
f 536/526/584 535/527/585 538/528/586
f 537/529/587 538/528/586 535/527/585
f 542/530/588 540/531/589 541/532/590
f 540/531/589 542/530/588 539/533/591
f 545/534/592 543/535/593 544/536/594
f 543/535/593 545/534/592 546/537/180
f 473/464/519 478/468/523 547/538/595
f 511/539/184 548/540/596 489/480/597
f 551/541/598 552/542/599 550/543/600
f 555/544/601 554/545/602 553/546/603
f 556/547/604 552/542/605 555/544/606
f 552/542/605 556/547/604 557/548/607
f 557/548/607 556/547/604 560/549/608
f 556/547/604 561/550/609 560/549/608
f 561/550/609 556/547/604 562/551/610
f 559/552/611 562/551/610 558/553/612
f 558/553/612 564/554/613 563/555/614
f 563/555/614 566/556/615 558/553/612
f 483/474/530 566/556/615 565/557/616
f 564/554/613 483/474/530 565/557/616
f 480/471/527 558/553/612 566/556/615
f 483/474/530 480/471/527 566/556/615
f 564/554/613 558/553/612 491/482/539
f 491/482/539 483/474/530 564/554/613
f 491/482/539 558/553/612 567/558/617
f 558/553/612 562/551/610 567/558/617
f 491/482/539 567/558/617 568/559/618
f 569/560/619 567/558/617 562/551/610
f 570/561/620 569/560/619 562/551/610
f 570/561/620 491/482/539 568/559/618
f 494/485/542 491/482/539 570/561/620
f 562/551/610 494/485/542 570/561/620
f 494/485/542 562/551/610 571/562/621
f 562/551/610 572/563/622 571/562/621
f 562/551/610 573/564/623 572/563/622
f 562/551/610 556/547/604 573/564/623
f 571/562/621 574/565/624 575/566/625
f 573/564/623 575/566/625 574/565/624
f 556/547/604 575/566/625 573/564/623
f 575/566/625 494/485/542 571/562/621
f 577/567/626 578/568/627 576/569/200
f 578/568/627 577/567/626 579/570/628
f 576/569/629 580/571/630 575/566/631
f 445/572/632 575/566/631 580/571/630
f 581/573/633 575/566/631 445/572/632
f 575/566/631 581/573/633 582/574/634
f 494/485/542 575/566/625 583/575/635
f 444/576/636 584/577/637 581/573/638
f 587/578/639 585/579/640 586/580/641
f 587/578/642 589/581/643 463/582/644
f 588/583/645 463/582/644 591/584/646
f 588/583/645 591/584/646 592/585/647
f 588/583/648 593/586/649 594/587/650
f 591/584/651 456/588/652 595/589/653
f 596/590/654 590/591/655 595/589/656
f 598/592/657 594/587/650 599/593/658
f 601/594/659 597/595/660 600/596/661
f 597/595/660 601/594/659 602/597/662
f 456/588/663 457/598/664 600/596/665
f 603/599/666 604/600/667 605/601/668
f 607/602/669 606/603/670 605/601/671
f 604/600/672 608/604/673 607/602/674
f 608/604/673 604/600/672 609/605/675
f 608/604/676 611/606/677 610/607/678
f 615/608/679 613/609/680 612/610/681
f 613/609/680 615/608/679 616/611/682
f 613/609/680 617/612/683 614/613/684
f 611/606/685 609/605/686 615/608/687
f 621/614/688 618/615/689 609/605/690
f 618/615/689 621/614/688 620/616/689
f 620/616/689 619/617/691 618/615/689
f 361/360/692 618/615/689 619/617/691
f 624/618/693 361/360/402 369/368/401
f 623/619/694 624/618/695 625/620/696
f 622/621/247 625/620/697 626/622/698
f 627/623/699 625/620/696 624/618/695
f 631/624/700 628/625/701 629/626/702
f 629/626/702 630/627/703 631/624/700
f 633/628/704 632/629/705 634/630/706
f 635/631/707 634/630/706 632/629/705
f 638/632/708 639/633/709 636/634/710
f 639/633/709 638/632/708 640/635/711
f 637/636/712 639/633/709 641/637/713
f 640/635/711 641/637/713 639/633/709
f 389/388/429 641/637/714 387/386/427
f 628/625/701 631/624/700 642/638/715
f 643/639/716 631/624/700 630/627/703
f 645/640/717 646/641/718 644/642/719
f 648/643/720 647/644/721 646/641/722
f 647/644/721 648/643/720 649/645/723
f 650/646/724 373/373/725 649/645/726
f 652/647/727 651/648/728 654/649/729
f 654/649/729 653/650/730 652/647/727
f 655/651/731 654/649/729 651/648/728
f 653/650/730 654/649/729 656/652/732
f 658/653/733 659/654/734 657/655/735
f 659/654/734 658/653/733 660/656/258
f 603/599/736 661/657/737 662/658/738
f 662/658/738 661/657/737 664/659/261
f 666/660/739 667/661/740 665/662/741
f 661/657/737 667/661/742 664/659/261
f 667/661/740 666/660/739 668/663/743
f 667/661/742 661/657/737 669/664/744
f 663/665/745 669/664/746 670/666/747
f 670/666/747 671/667/748 663/665/745
f 671/667/748 670/666/747 672/668/749
f 673/669/750 670/666/747 669/664/746
f 364/364/396 363/363/395 675/670/751
f 675/670/751 363/363/395 676/671/752
f 363/363/395 360/357/388 676/671/752
f 360/357/388 364/364/396 675/670/751
f 676/671/752 360/357/388 677/672/753
f 360/357/388 675/670/751 677/672/753
f 365/365/397 360/357/388 678/673/754
f 360/357/388 679/674/755 678/673/754
f 681/675/756 365/365/397 680/676/757
f 679/674/758 681/675/756 680/676/757
f 365/365/397 681/675/756 364/364/396
f 679/674/755 360/357/388 682/677/759
f 683/678/760 682/677/759 360/357/388
f 360/357/388 362/362/394 683/678/760
f 684/679/761 681/675/762 685/680/763
f 681/675/764 417/681/765 686/682/766
f 417/681/765 681/675/764 688/683/767
f 691/684/768 688/683/769 689/685/770
f 688/683/769 691/684/768 687/686/771
f 692/687/772 691/684/773 690/688/774
f 694/689/775 693/690/776 681/675/777
f 693/690/776 694/689/775 695/691/778
f 696/692/779 693/690/776 695/691/778
f 697/693/780 693/690/776 696/692/779
f 700/694/781 701/695/782 699/696/783
f 698/697/784 701/695/785 702/698/786
f 703/699/787 701/695/782 700/694/781
f 697/693/788 704/700/789 700/694/790
f 708/701/791 705/702/283 706/703/792
f 707/704/793 708/701/791 706/703/792
f 705/702/283 708/701/791 709/705/794
f 708/701/791 707/704/793 710/706/795
f 712/707/796 713/708/797 711/709/798
f 714/710/799 715/711/800 713/708/801
f 715/711/800 714/710/799 716/712/802
f 432/429/803 717/713/804 716/712/805
f 720/714/806 718/715/807 719/716/808
f 721/717/809 720/714/806 719/716/808
f 718/715/807 720/714/806 722/718/810
f 723/719/811 720/714/806 721/717/809
f 724/720/812 728/721/813 726/722/814
f 725/723/815 728/721/813 724/720/812
f 704/700/816 733/724/817 732/725/818
f 730/726/819 734/727/820 731/728/821
f 733/724/822 735/729/823 734/727/824
f 697/693/825 735/729/823 733/724/822
f 731/728/291 735/729/826 727/730/827
f 736/731/828 697/693/825 737/732/829
f 697/693/825 738/733/830 737/732/829
f 735/729/823 697/693/825 736/731/828
f 738/733/831 740/734/832 739/735/833
f 740/734/832 736/731/828 739/735/833
f 682/677/759 740/734/832 738/733/831
f 736/731/828 740/734/832 735/729/823
f 682/677/759 683/678/760 742/736/834
f 741/737/835 682/677/759 742/736/834
f 740/734/832 682/677/759 741/737/835
f 683/678/760 362/362/394 743/738/836
f 362/362/394 741/737/835 743/738/836
f 741/737/835 362/362/394 740/734/832
f 749/739/837 744/740/297 747/741/838
f 744/740/297 749/739/837 746/742/839
f 747/741/838 750/743/840 749/739/837
f 750/743/840 747/741/838 748/744/841
f 372/372/842 650/646/843 750/743/844
f 745/745/845 372/372/846 746/742/847
f 754/746/848 751/747/849 752/748/850
f 752/748/850 753/749/851 754/746/848
f 751/747/849 754/746/848 371/371/852
f 370/370/404 755/750/853 756/751/854
f 371/371/405 370/370/404 756/751/854
f 370/370/404 373/373/855 755/750/853
f 758/752/856 759/753/857 761/754/858
f 761/754/858 759/753/857 762/755/859
f 759/753/857 760/756/860 762/755/859
f 762/755/859 760/756/860 763/757/861
f 764/758/862 760/756/863 717/713/864
f 764/758/865 457/598/866 758/752/867
f 768/759/868 767/760/869 766/761/870
f 765/762/871 768/759/868 766/761/870
f 768/759/868 765/762/871 770/763/872
f 769/764/873 772/765/874 771/766/875
f 772/765/874 770/763/876 771/766/875
f 772/765/874 764/758/877 770/763/876
f 774/767/760 773/768/878 772/765/879
f 773/768/880 775/769/881 764/758/882
f 776/770/883 764/758/882 775/769/881
f 773/768/878 774/767/760 777/771/884
f 774/767/760 776/770/885 777/771/884
f 774/767/760 594/587/650 776/770/885
f 457/598/866 764/758/865 598/592/886
f 782/772/887 780/773/888 779/774/889
f 778/775/890 782/772/887 779/774/889
f 782/772/887 778/775/890 774/767/760
f 594/587/650 774/767/760 778/775/890
f 778/775/890 781/776/891 594/587/650
f 780/773/888 594/587/650 781/776/891
f 782/772/887 588/583/648 780/773/888
f 594/587/650 780/773/888 588/583/648
f 588/583/648 782/772/887 783/777/892
f 786/778/893 588/583/894 785/779/895
f 784/780/896 786/778/897 787/781/898
f 588/583/894 786/778/893 585/579/899
f 787/781/900 788/782/901 789/783/902
f 793/784/903 791/785/904 790/786/905
f 791/785/904 793/784/903 792/787/906
f 794/788/907 796/789/325 795/790/908
f 796/789/325 794/788/907 797/791/909
f 549/792/910 799/793/911 798/794/912
f 800/795/913 799/793/911 549/792/910
f 801/796/914 804/797/915 803/798/916
f 805/799/917 804/797/915 801/796/914
f 807/800/335 806/801/918 757/802/919
f 806/801/918 807/800/335 808/803/920
f 674/804/921 671/667/748 672/668/749
f 669/664/746 674/804/921 673/669/750
f 809/805/922 671/667/748 674/804/921
f 669/664/746 809/805/922 674/804/921
f 671/667/748 809/805/922 810/806/923
f 811/807/924 671/667/748 810/806/923
f 812/808/925 810/806/923 809/805/922
f 811/807/924 810/806/923 813/809/926
f 809/805/922 814/810/927 812/808/925
f 814/810/927 811/807/924 813/809/926
f 815/811/928 811/807/924 814/810/927
f 814/810/927 809/805/922 815/811/928
f 811/807/924 815/811/928 816/812/929
f 817/813/930 815/811/928 809/805/922
f 815/811/928 817/813/930 818/814/931
f 820/815/932 817/813/933 821/816/934
f 821/816/935 809/805/936 822/817/937
f 824/818/938 823/819/939 822/817/937
f 809/805/922 669/664/746 825/820/940
f 825/820/941 827/821/942 826/822/943
f 830/823/944 828/824/945 829/825/946
f 828/824/945 830/823/944 831/826/345
f 833/827/947 832/828/349 834/829/948
f 835/830/949 834/829/948 832/828/349
f 381/379/415 772/765/879 440/438/496
f 772/765/879 381/379/415 836/831/950
f 381/379/415 370/370/418 836/831/950
f 432/429/951 772/765/874 769/764/873
f 836/831/950 370/370/418 837/832/952
f 370/370/418 838/833/953 837/832/952
f 836/831/950 839/834/954 772/765/879
f 838/833/953 772/765/879 839/834/954
f 370/370/418 774/767/760 838/833/953
f 772/765/879 838/833/953 774/767/760
f 375/835/955 372/372/956 840/836/957
f 372/372/956 841/837/958 840/836/957
f 375/835/959 842/838/960 774/767/760
f 841/837/961 774/767/760 842/838/960
f 774/767/760 370/370/418 375/835/959
f 774/767/760 841/837/961 782/772/887
f 745/745/845 843/839/962 372/372/846
f 782/772/963 843/839/964 844/840/965
f 846/841/356 847/842/966 845/843/967
f 745/745/968 784/780/969 845/843/970
f 847/842/966 846/841/356 848/844/971
f 851/845/972 850/846/360 849/847/973
f 850/846/360 851/845/972 852/848/358
f 853/849/974 855/850/975 854/851/976
f 856/852/977 854/851/976 855/850/975
f 857/853/978 858/854/979 859/855/980
f 860/856/366 859/855/980 858/854/979
f 821/816/981 550/543/600 861/857/982
f 862/858/983 815/811/984 819/859/338
f 861/857/982 550/543/600 863/860/985
f 550/543/600 864/861/986 863/860/985
f 864/861/986 550/543/600 552/542/599
f 862/858/983 552/542/987 865/862/988
f 866/863/989 865/862/988 552/542/987
f 867/864/990 866/863/989 552/542/987
f 480/471/527 865/862/988 868/865/991
f 480/471/527 862/858/983 865/862/988
f 867/864/990 480/471/527 868/865/991
f 558/553/612 480/471/527 867/864/990
f 552/542/987 558/553/612 867/864/990
f 869/866/992 862/858/983 480/471/527
f 862/858/983 869/866/992 870/867/993
f 870/867/993 871/868/994 862/858/983
f 815/811/984 862/858/983 871/868/994
f 869/866/992 475/470/526 872/869/995
f 475/470/526 871/868/994 872/869/995
f 871/868/994 475/470/526 815/811/984
f 480/471/527 475/470/526 869/866/992
f 873/870/996 815/811/984 475/470/526
f 816/812/929 815/811/928 874/871/997
f 468/465/998 816/812/999 875/872/1000
f 876/873/1001 877/874/1002 878/875/376
f 878/875/1003 811/807/1004 468/465/520
f 802/876/1005 811/807/924 879/877/1006
f 462/878/1007 879/877/1008 880/879/379
f 881/880/1009 740/734/832 362/362/394
f 740/734/832 881/880/1009 882/881/1010
f 883/882/1011 740/734/832 882/881/1010
f 884/883/1012 881/880/1013 609/605/675
f 609/605/675 883/882/1011 884/883/1012
f 886/884/1014 885/885/1015 604/600/672
f 604/600/672 888/886/1016 886/884/1014
f 735/729/823 885/885/1015 887/887/1017
f 888/886/1016 735/729/823 887/887/1017
f 885/885/1015 735/729/823 740/734/832
f 740/734/832 604/600/672 885/885/1015
f 604/600/672 740/734/832 883/882/1011
f 889/888/1018 735/729/823 888/886/1016
f 888/886/1016 604/600/672 889/888/1018
f 735/729/823 889/888/1018 890/889/1019
f 883/882/1011 609/605/675 604/600/672
f 727/730/1020 890/889/1021 891/890/1022
f 892/891/1023 727/730/1020 891/890/1022
f 889/888/1018 893/892/1024 890/889/1019
f 889/888/1018 892/891/1025 893/892/1024
f 892/891/1025 889/888/1018 894/893/1026
f 895/894/1027 729/895/1028 727/730/1029
f 729/895/1028 895/894/1027 897/896/1030
f 899/897/384 898/898/1031 896/899/1032
f 899/897/1033 729/895/1028 897/896/1030
f 900/900/1034 898/898/1031 899/897/384
f 802/876/1035 729/895/1028 899/897/1033
f 802/876/1005 894/893/1026 901/901/1036
f 802/876/1005 901/901/1036 902/902/1037
f 903/903/1038 802/876/1005 902/902/1037
f 811/807/924 802/876/1005 903/903/1038
f 901/901/1036 671/667/748 904/904/1039
f 671/667/748 903/903/1038 904/904/1039
f 903/903/1038 671/667/748 811/807/924
f 894/893/1026 671/667/748 901/901/1036
f 906/905/1040 894/893/1026 905/906/1041
f 671/667/748 894/893/1026 906/905/1040
f 894/893/1026 907/907/1042 905/906/1041
f 907/907/1042 894/893/1026 889/888/1018
f 907/907/1042 663/665/745 908/908/1043
f 663/665/745 906/905/1040 908/908/1043
f 889/888/1018 663/665/745 907/907/1042
f 906/905/1040 663/665/745 671/667/748
f 910/909/1044 889/888/1018 909/910/1045
f 889/888/1018 911/911/1046 909/910/1045
f 663/665/745 889/888/1018 910/909/1044
f 911/911/1046 889/888/1018 604/600/672
f 603/599/1047 910/909/1048 912/912/1049
f 912/912/1049 911/911/1050 603/599/1047
f 913/913/1051 917/914/1052 915/915/1053
f 916/916/1054 917/914/1055 914/917/1056
f 915/915/387 918/918/1057 919/919/1058
f 918/918/1059 920/920/1060 923/921/1061
f 925/922/1062 918/918/1063 924/923/1064
f 923/921/1061 926/924/1065 925/922/1066
f 920/920/1060 926/924/1065 923/921/1061
f 931/925/1067 929/926/1068 927/927/408
f 932/928/1069 933/929/1070 929/926/1071
f 930/930/1072 929/926/1071 933/929/1070
f 936/931/1073 934/932/1074 931/925/1075
f 937/933/1076 935/934/1077 934/932/1074
f 941/935/1078 935/934/1077 940/936/1079
f 940/936/1080 942/937/1081 939/938/1082
f 943/939/1083 942/937/1081 940/936/1080
f 940/936/1079 935/934/1077 944/940/1084
f 935/934/1077 937/933/1076 944/940/1084
f 949/941/1085 946/942/1086 947/943/1087
f 948/944/1088 949/941/1085 947/943/1087
f 946/942/1086 949/941/1085 945/945/1089
f 950/946/1090 949/941/1085 948/944/1088
f 948/944/1091 941/935/1092 951/947/1093
f 941/935/1094 953/948/1095 952/949/1096
f 951/947/1093 941/935/1092 954/950/1097
f 958/951/1098 956/952/1099 957/953/1100
f 956/952/1099 958/951/1098 959/954/1101
f 963/955/1102 960/946/1103 961/956/1104
f 962/945/451 963/955/1102 961/956/1104
f 960/946/1103 963/955/1102 964/944/1105
f 963/955/1102 962/945/451 965/942/1106
f 970/957/1107 967/958/1108 968/959/1109
f 968/959/1109 969/960/455 970/957/1107
f 967/958/1108 970/957/1107 971/961/1110
f 970/957/1107 969/960/455 972/962/1111
f 973/963/1112 962/945/1113 966/964/1114
f 975/965/1115 976/966/1116 974/967/1117
f 955/968/446 974/967/1117 976/966/1116
f 976/966/1116 975/965/1115 973/963/1118
f 979/969/1119 976/966/1116 978/970/1120
f 976/966/1116 977/971/1121 978/970/1120
f 977/971/1121 980/972/1122 979/969/1119
f 976/966/1116 979/969/1119 980/972/1122
f 980/972/1122 977/971/1121 981/973/1123
f 976/966/1116 981/973/1123 977/971/1121
f 981/973/1123 976/966/1116 982/974/1124
f 973/963/1118 982/974/1124 976/966/1116
f 981/973/1123 982/974/1124 983/975/1125
f 984/976/1126 981/973/1123 983/975/1125
f 981/973/1123 984/976/1126 985/977/1127
f 984/976/1128 986/978/1129 973/963/1118
f 982/974/1124 973/963/1118 986/978/1129
f 966/964/1114 988/939/1130 973/963/1112
f 988/939/1131 989/937/1132 985/977/1133
f 990/979/1134 985/977/1133 989/937/1132
f 966/964/1135 991/980/1136 990/979/1137
f 992/933/483 993/940/1138 990/979/484
f 988/939/1131 994/981/485 987/936/1139
f 991/980/1136 966/964/1135 997/930/1140
f 997/930/493 999/982/1141 995/929/1142
f 999/982/1141 998/927/1143 996/925/1144
f 999/982/1141 997/930/493 1000/983/495
f 1000/983/495 998/927/1143 999/982/1141
f 1001/984/1145 1007/985/1146 1006/986/1147
f 1007/985/1146 1001/984/1145 1005/987/41
f 1008/988/1148 1002/989/1149 1004/990/1150
f 1005/987/1151 1009/991/1152 1008/988/1153
f 1010/992/1154 1009/991/1152 1005/987/1151
f 1003/993/1155 1012/994/1156 1011/995/1157
f 1011/995/1157 1012/994/1156 1013/996/1158
f 1012/994/1156 1014/997/1159 1013/996/1158
f 1014/997/1159 1012/994/1156 1015/998/1160
f 1010/992/1161 1011/995/49 1016/999/1162
f 1016/999/1162 1014/997/1163 1010/992/1161
f 1020/1000/1164 1019/1001/1165 1018/1002/1166
f 1019/1001/1165 1020/1000/1164 1021/1003/57
f 1023/1004/1167 1021/1003/57 1024/1005/1168
f 1024/1005/1168 1017/1006/1169 1023/1004/1167
f 1022/1007/58 1024/1005/1168 1021/1003/57
f 1025/1008/1170 1026/1009/1171 1027/1010/1172
f 1028/1011/1173 1027/1010/1172 1026/1009/1171
f 1026/1009/1171 1025/1008/1170 1029/1012/61
f 1030/1013/1174 1029/1012/61 1025/1008/1170
f 1028/1011/1173 1026/1009/1171 1031/1014/1175
f 1030/1013/1174 1028/1011/1173 1031/1014/1175
f 1032/1015/1176 1028/1011/1173 1030/1013/1174
f 1025/1008/1170 1032/1015/1176 1030/1013/1174
f 1025/1008/1177 1034/1016/1178 1033/1017/1179
f 1032/1015/1176 1035/1018/1180 1028/1011/1173
f 1036/1019/1181 1028/1011/1173 1035/1018/1180
f 1035/1018/1180 1032/1015/1176 1037/1020/1182
f 1036/1019/1181 1035/1018/1180 1038/1021/1183
f 1039/1022/1184 1036/1019/1181 1038/1021/1183
f 1032/1015/1176 1039/1022/1184 1037/1020/1182
f 1036/1019/1181 1039/1022/1184 1040/1023/1185
f 1032/1015/1176 1040/1023/1185 1039/1022/1184
f 1040/1023/1185 1041/1024/1186 1036/1019/1181
f 1042/1025/1187 1036/1019/1181 1041/1024/1186
f 1041/1024/1186 1040/1023/1185 1043/1026/1188
f 1042/1025/1187 1041/1024/1186 1044/1027/1189
f 1045/1028/515 1042/1025/1187 1044/1027/1189
f 1040/1023/1185 1045/1028/515 1043/1026/1188
f 1046/1029/1190 1042/1025/1187 1045/1028/515
f 1040/1023/1185 1046/1029/1190 1045/1028/515
f 1048/1030/1191 1042/1025/1192 1047/1031/1193
f 1049/1032/1194 1051/1033/1195 1050/1034/1196
f 1051/1033/1195 1049/1032/1194 1052/1035/1197
f 1047/1031/1198 1046/1029/1199 1053/1036/1200
f 1048/1030/1201 1051/1033/1195 1055/1037/1202
f 1054/1038/1203 1057/1039/1204 1056/1040/1205
f 1056/1040/1205 1057/1039/1204 1059/1041/1206
f 1057/1039/1204 1058/1042/1207 1059/1041/1206
f 1059/1041/1206 1058/1042/1207 1060/1043/308
f 1066/1044/1208 1063/1045/1209 1064/1046/1210
f 1066/1044/1208 1064/1046/1210 1065/1047/1211
f 1065/1047/1211 1067/1048/1212 1066/1044/1208
f 1061/1049/1213 1069/1050/81 1068/1051/1214
f 1061/1049/1215 1055/1037/1216 1071/1052/1217
f 1062/1053/1218 1069/1050/1219 1070/1054/1220
f 1069/1050/1219 1062/1053/1218 1072/1055/1221
f 1076/1056/1222 1074/1057/1223 1075/1058/1224
f 1075/1058/1224 1077/1059/1225 1076/1056/1222
f 1073/1060/1226 1081/1061/92 1078/1062/1227
f 1073/1060/1228 1083/1063/1229 1082/1064/1230
f 1083/1063/1229 1085/1065/1231 1084/1066/1232
f 1085/1065/1233 1078/1062/1227 1081/1061/92
f 1073/1060/1228 1086/1067/1234 1083/1063/1229
f 1086/1067/1234 1085/1065/1231 1083/1063/1229
f 1086/1067/1234 1073/1060/1228 1087/1068/1235
f 1079/1069/1236 1088/1070/1237 1080/1071/1238
f 1094/1072/1239 1091/1073/564 1092/1074/1240
f 1093/1075/1241 1094/1072/1239 1092/1074/1240
f 1094/1072/1239 1093/1075/1241 1095/1076/1242
f 1090/1073/1243 1097/1077/1244 1096/1078/568
f 1097/1077/1244 1090/1073/1243 1098/1079/1245
f 1097/1077/1244 1098/1079/1245 1099/1075/1246
f 1102/1080/1247 1100/1081/1248 1089/1082/1249
f 1105/988/1250 1102/1080/1251 1104/990/1252
f 1102/1080/1251 1105/988/1250 1107/1083/1253
f 1103/985/1254 1107/1083/1255 1106/987/123
f 1108/1084/1256 1100/1081/1257 1103/985/1258
f 1086/1067/1234 1109/1085/1259 1085/1065/1231
f 1111/1086/1260 1109/1085/1259 1110/999/1261
f 1109/1085/1259 1111/1086/1260 1108/1084/1262
f 1109/1085/1259 1086/1067/1234 1112/1087/1263
f 1113/1088/1264 1112/1087/1263 1086/1067/1234
f 1086/1067/1234 1114/1089/1265 1113/1088/1264
f 1114/1089/1266 1117/1001/1267 1116/1002/1268
f 1118/1006/1269 1119/1004/1270 1115/1090/577
f 1117/1001/1271 1119/1004/1272 1120/1003/1273
f 1115/1090/577 1119/1004/1270 1121/1091/1274
f 1122/1092/1275 1108/1084/1276 1115/1090/577
f 1124/1093/1277 1127/1094/1278 1126/1095/1279
f 1127/1094/1278 1124/1093/1277 1128/1096/143
f 1128/1096/143 1125/1097/1280 1127/1094/1278
f 1125/1097/1280 1128/1096/143 1123/1098/1281
f 1130/1099/1282 1131/1100/1283 1129/1101/145
f 1101/1102/1284 1131/1100/1283 1132/1103/1285
f 1131/1100/1283 1130/1099/1282 1132/1103/1285
f 1136/1093/1286 1134/1104/1287 1133/1095/1288
f 1134/1104/1287 1136/1093/1286 1137/1105/1289
f 1137/1105/1289 1138/1098/1290 1134/1104/1287
f 1134/1104/1287 1138/1098/1290 1135/1097/1291
f 1141/1106/1292 1140/1107/1293 1143/1108/1294
f 1143/1108/1294 1142/1109/1295 1141/1106/1292
f 1139/1110/1296 1143/1108/1294 1140/1107/1293
f 1142/1109/1295 1143/1108/1294 1144/1111/1297
f 1147/1112/1298 1122/1092/1299 1117/1001/1300
f 1145/1113/1301 1148/1114/1302 1146/1115/1303
f 1150/1116/1304 1149/1117/1305 1148/1114/1302
f 1148/1114/1302 1145/1113/1301 1150/1116/1304
f 1149/1117/1305 1150/1116/1304 1151/1118/161
f 1152/1119/585 1153/1120/1306 1155/1121/1307
f 1033/1017/1179 1034/1016/1178 1154/1122/1308
f 1034/1016/1309 1147/1112/1310 1155/1121/165
f 1032/1015/1311 1033/1017/1312 1156/1123/1313
f 1040/1023/1185 1032/1015/1176 1157/1124/1314
f 1157/1124/1315 1147/1112/1316 1158/1125/1317
f 1147/1112/1316 1159/1126/1318 1158/1125/1317
f 1040/1023/1185 1157/1124/1314 1160/1127/1319
f 1159/1126/1320 1040/1023/1185 1160/1127/1319
f 1040/1023/1185 1159/1126/1320 1114/1089/1265
f 1114/1089/1265 1161/1128/1321 1040/1023/1185
f 1046/1029/1190 1040/1023/1185 1161/1128/1321
f 1161/1128/1321 1114/1089/1265 1162/1129/1322
f 1114/1089/1265 1163/1130/1323 1162/1129/1322
f 1114/1089/1265 1086/1067/1234 1163/1130/1323
f 1046/1029/1190 1163/1130/1323 1086/1067/1234
f 1046/1029/1190 1161/1128/1321 1164/1131/1324
f 1163/1130/1323 1046/1029/1190 1164/1131/1324
f 1086/1067/1234 1087/1068/1235 1166/1132/1325
f 1165/1133/1326 1087/1068/1327 1167/1134/1328
f 1087/1068/1327 1055/1037/1329 1167/1134/1328
f 1168/1135/1330 1086/1067/1234 1166/1132/1325
f 1086/1067/1234 1168/1135/1330 1046/1029/1190
f 1169/1136/1331 1012/994/1156 1170/1137/1332
f 1171/1138/1333 1170/1137/1334 1172/1133/1335
f 1170/1137/1332 1012/994/1156 1173/1139/1336
f 1174/1140/1337 1171/1138/1333 1172/1133/1335
f 1012/994/1156 1174/1140/1338 1173/1139/1336
f 1012/994/1156 1175/1141/604 1174/1140/1338
f 1178/1142/1339 1171/1138/1340 1177/1143/1341
f 1177/1143/1341 1179/1053/1342 1178/1142/1339
f 1177/1143/1343 1180/1144/189 1176/1052/1344
f 1181/1145/1345 1176/1052/1344 1180/1144/189
f 1183/1146/1346 1179/1053/1347 1182/1055/1348
f 1190/1147/1349 1187/1148/1350 1188/1149/1351
f 1189/1150/1352 1190/1147/1349 1188/1149/1351
f 1187/1148/1350 1190/1147/1349 1191/1151/1353
f 1192/1152/1354 1190/1147/1349 1189/1150/1352
f 1186/1153/195 1193/1045/1355 1194/1154/1356
f 1193/1045/1355 1186/1153/195 1184/1155/1357
f 1186/1153/195 1194/1154/1356 1195/1047/1358
f 1185/1156/1359 1196/1157/1360 1197/1158/1361
f 1197/1158/1361 1198/1159/1362 1185/1156/1359
f 1199/1160/1363 1175/1141/201 1200/1161/1364
f 1175/1141/604 1202/1162/1365 1201/1163/1366
f 1175/1141/604 1012/994/1156 1202/1162/1365
f 1203/1164/1367 1202/1162/1365 1003/993/1155
f 1012/994/1156 1003/993/1155 1202/1162/1365
f 1206/1165/1368 1204/1166/1369 1205/1167/1370
f 1017/1006/1169 1024/1005/1168 1010/992/1371
f 1211/1168/1372 1207/1113/1373 1208/1169/1374
f 1208/1169/1374 1209/1118/1375 1211/1168/1372
f 1212/1117/1376 1211/1168/1372 1209/1118/1375
f 1207/1113/1373 1211/1168/1372 1213/1115/1377
f 1215/1170/1378 1214/1171/1379 1217/1172/1380
f 1217/1172/1380 1216/1173/1381 1215/1170/1378
f 1218/1174/1382 1217/1172/1380 1214/1171/1379
f 1216/1173/1381 1217/1172/1380 1219/1175/1383
f 1222/1176/647 1221/1177/1384 1225/1178/1385
f 1225/1178/1385 1223/1179/1386 1222/1176/647
f 1220/1180/161 1225/1178/1385 1221/1177/1384
f 1223/1179/1386 1225/1178/1385 1226/1181/1387
f 1025/1008/1388 1224/1182/1389 1223/1179/1390
f 1034/1016/1178 1025/1008/1177 1221/1177/1391
f 1224/1182/1389 1229/1183/1392 1228/1184/1393
f 1229/1183/1392 1224/1182/1389 1025/1008/1388
f 1227/1185/1394 1230/1186/1395 1027/1010/1172
f 1229/1183/1396 1027/1010/1172 1230/1186/1395
f 1236/1187/1397 1235/1188/1398 1239/1189/1399
f 1240/1190/1400 1242/1191/1401 1238/1192/1402
f 1241/1193/1403 1243/1194/1404 1240/1190/1405
f 1243/1194/1406 1236/1187/1407 1242/1191/1408
f 1237/1195/1409 1244/1196/1410 1236/1187/1411
f 1236/1187/1407 1243/1194/1406 1234/1197/1412
f 1246/1198/1413 1245/1199/1414 1241/1193/1415
f 1241/1193/1415 1247/1200/1416 1246/1198/1413
f 1247/1200/1416 1241/1193/1415 1248/1201/1417
f 1247/1200/1416 1250/1202/1418 1249/1203/1419
f 1250/1202/1418 1245/1199/1420 1249/1203/1419
f 1248/1201/1417 1250/1202/1418 1247/1200/1416
f 1245/1199/1420 1250/1202/1418 1243/1194/1406
f 919/919/1058 1251/1204/1421 1252/1205/1422
f 1252/1205/1422 1253/1206/1423 919/919/1058
f 1241/1193/1424 919/919/1058 1253/1206/1423
f 1251/1204/1421 919/919/1058 918/918/1057
f 1248/1201/1417 918/918/1425 1254/1207/1426
f 1254/1207/1426 918/918/1425 1255/1208/1427
f 918/918/1425 1256/1209/1428 1255/1208/1427
f 1256/1209/1429 1258/1210/1430 1257/1211/1431
f 1258/1210/1430 1254/1207/1426 1257/1211/1431
f 926/924/1432 1258/1210/1430 1256/1209/1429
f 1254/1207/1426 1258/1210/1430 1248/1201/1417
f 1261/1212/1433 1258/1210/1430 1262/1213/1434
f 1258/1210/1430 1260/1214/1435 1262/1213/1434
f 1260/1214/1435 1263/1215/1436 1261/1212/1433
f 1263/1215/1436 1258/1210/1430 1261/1212/1433
f 1258/1210/1430 926/924/1432 1260/1214/1435
f 926/924/1432 1263/1215/1436 1260/1214/1435
f 1264/1216/1437 1258/1210/1430 1263/1215/1436
f 1263/1215/1436 941/935/1438 1264/1216/1437
f 1264/1216/1437 941/935/1438 1265/1217/1439
f 941/935/1438 1266/1218/1440 1265/1217/1439
f 1258/1210/1430 1264/1216/1437 1267/1219/1441
f 1266/1218/1442 1258/1210/1430 1267/1219/1441
f 938/1220/1443 1258/1210/1430 1266/1218/1442
f 1258/1210/1430 938/1220/1443 1269/1221/1444
f 1269/1221/1444 1248/1201/1417 1258/1210/1430
f 1248/1201/1417 1269/1221/1444 1259/1222/700
f 1269/1221/1444 938/1220/1443 1268/1223/1445
f 1259/1222/700 1270/1224/1446 1248/1201/1417
f 938/1220/1443 1270/1224/1446 1268/1223/1445
f 1250/1202/1418 1248/1201/1417 1270/1224/1446
f 1270/1224/1446 938/1220/1443 1250/1202/1418
f 1271/1225/1447 1250/1202/1418 938/1220/1443
f 1250/1202/1418 1271/1225/1447 1272/1226/1448
f 1272/1226/1448 1273/1227/1449 1250/1202/1418
f 1271/1225/1447 934/932/1450 1274/1228/1451
f 934/932/1450 1273/1227/1449 1274/1228/1451
f 938/1220/1443 934/932/1450 1271/1225/1447
f 1275/1229/1452 1250/1202/1418 1273/1227/1449
f 934/932/1450 1275/1229/1452 1273/1227/1449
f 1250/1202/1418 1275/1229/1452 1276/1230/1453
f 1276/1230/1453 1243/1194/1406 1250/1202/1418
f 1276/1230/1453 1275/1229/1452 1277/1231/1454
f 1243/1194/1406 1276/1230/1453 1278/1232/1455
f 1278/1232/1455 1279/1233/1456 1243/1194/1406
f 1275/1229/1452 1279/1233/1456 1277/1231/1454
f 1280/1234/1457 1243/1194/1406 1279/1233/1456
f 1275/1229/1452 1280/1234/1457 1279/1233/1456
f 1243/1194/1406 1280/1234/1457 1281/1235/1458
f 1234/1197/1412 1243/1194/1406 1281/1235/1458
f 1281/1235/1458 1280/1234/1457 1282/1236/255
f 1281/1235/1458 1283/1237/1459 1234/1197/1412
f 1283/1237/1459 1284/1238/1460 1234/1197/1412
f 1280/1234/1457 1284/1238/1460 1282/1236/255
f 1285/1239/737 1234/1197/1412 1284/1238/1460
f 1280/1234/1457 1285/1239/737 1284/1238/1460
f 1286/1240/1461 1287/1241/1462 1234/1197/1463
f 1287/1241/1462 1286/1240/1461 1288/1242/1464
f 1289/1243/1465 1287/1241/1462 1288/1242/1464
f 1290/1244/1466 1287/1241/1462 1289/1243/1465
f 1292/1245/1467 1294/1246/1468 1291/1247/1469
f 1294/1246/1468 1292/1245/1467 1295/1248/1470
f 1295/1248/1470 1296/1249/1471 1294/1246/1468
f 1294/1246/1468 1296/1249/1471 1293/1250/1472
f 1297/1251/1473 1298/1252/1474 921/1253/1475
f 1298/1252/1474 1297/1251/1473 1299/1254/1476
f 1301/1255/1477 1300/917/1478 1303/1256/1479
f 1303/1256/1479 1302/913/1480 1301/1255/1477
f 922/916/1481 1303/1256/1479 1300/917/1478
f 1302/913/1480 1303/1256/1479 1304/915/265
f 1307/1257/1482 980/972/1122 1309/1258/1483
f 980/972/1122 1308/1259/1484 1309/1258/1483
f 980/972/1122 1305/1260/1485 1308/1259/1484
f 1305/1260/1485 980/972/1122 1310/1261/1486
f 1305/1260/1485 1310/1261/1486 1311/1262/1487
f 1312/1263/1488 1305/1260/1485 1311/1262/1487
f 1310/1261/1486 981/973/1123 1313/1264/1489
f 1312/1263/1488 1313/1264/1489 981/973/1123
f 981/973/1123 1310/1261/1486 980/972/1122
f 1305/1260/1485 1312/1263/1488 1314/1265/1490
f 981/973/1123 1314/1265/1490 1312/1263/1488
f 1315/1266/1491 1314/1265/1492 1318/1267/1493
f 1319/1205/1494 1320/1268/1495 1317/1269/1496
f 1320/1268/1497 1318/1267/1493 1314/1265/1492
f 1320/1268/1495 1319/1205/1494 1321/1206/1498
f 1322/1270/1499 1324/1271/1500 1323/1272/782
f 1325/1273/1501 1322/1270/1499 1323/1272/782
f 1324/1271/1502 1327/1274/1503 1326/1275/1504
f 1325/1273/1505 1326/1275/1504 1327/1274/1503
f 1327/1274/1503 1324/1271/1502 1314/1265/1490
f 1327/1274/1503 1328/1276/1506 1325/1273/1505
f 1314/1265/1490 1329/1277/1507 1327/1274/1503
f 1329/1277/1507 1314/1265/1490 1330/1278/1508
f 1314/1265/1490 1331/1279/1509 1330/1278/1508
f 1314/1265/1490 981/973/1123 1331/1279/1509
f 1331/1279/1509 985/977/1127 1332/1280/1510
f 1329/1277/1507 1332/1280/1510 985/977/1127
f 985/977/1127 1331/1279/1509 981/973/1123
f 985/977/1127 1327/1274/1503 1329/1277/1507
f 1327/1274/1503 985/977/1127 1333/1281/1511
f 1327/1274/1503 1333/1281/1511 1335/1282/1512
f 1336/1283/1513 1327/1274/1503 1335/1282/1512
f 1327/1274/1503 1336/1283/1513 1337/1284/864
f 1333/1281/1511 991/980/1136 1338/1285/1514
f 1336/1283/1515 1338/1285/1514 991/980/1136
f 1338/1285/1514 1334/1227/1516 1339/1228/1517
f 991/980/1136 1333/1281/1511 985/977/1127
f 1328/1276/1506 1342/1286/1518 1341/1287/1519
f 1343/1288/1520 1328/1276/1506 1341/1287/1519
f 1342/1286/1518 1337/1284/864 1340/1289/1521
f 1343/1288/1520 1340/1289/1521 1337/1284/864
f 1328/1276/1506 1327/1274/1503 1342/1286/1518
f 1337/1284/864 1342/1286/1518 1327/1274/1503
f 1344/1290/1522 1328/1276/1506 1343/1288/1520
f 1337/1284/864 1344/1290/1522 1343/1288/1520
f 1346/1291/1523 1344/1290/1522 1345/1292/1524
f 1347/1293/1525 1345/1292/1524 1344/1290/1522
f 1344/1290/1522 1346/1291/1523 1328/1276/1506
f 1349/1294/1526 1346/1291/1527 1348/1295/1528
f 1347/1293/1525 1349/1294/1526 1348/1295/1528
f 1344/1290/1522 1350/1296/1529 1347/1293/1525
f 1350/1296/1529 1349/1294/1526 1347/1293/1525
f 1328/1276/1530 1349/1294/1531 1351/1195/1532
f 1351/1195/1532 1352/1196/1533 1328/1276/1530
f 1353/1192/1534 1328/1276/1530 1352/1196/1533
f 1328/1276/1530 1353/1192/1534 1322/1270/1535
f 1355/1297/1536 1353/1192/1537 1354/1189/1538
f 1354/1189/1538 1351/1195/1539 1355/1297/1536
f 1322/1270/1540 1356/1298/1541 1357/1299/1542
f 1357/1299/1543 1361/1300/1544 1359/1301/1545
f 1360/1302/1546 1361/1300/1544 1358/1303/1547
f 1361/1300/1544 1357/1299/1543 1362/1304/1548
f 1362/1304/1548 1358/1303/1547 1361/1300/1544
f 1306/1305/760 1365/1306/1549 1316/1307/1550
f 1363/1308/1551 1365/1306/1549 1364/1309/1552
f 1365/1306/1549 1306/1305/760 1366/1310/1553
f 1366/1310/1553 1364/1309/1552 1365/1306/1549
f 1367/1311/1554 1280/1234/1457 1368/1312/1555
f 1369/1313/1556 1368/1312/1555 1280/1234/1457
f 1280/1234/1457 1370/1314/1557 1369/1313/1556
f 1370/1314/1557 1280/1234/1457 1275/1229/1452
f 1372/1315/1558 1368/1312/1555 1371/1316/1559
f 1370/1314/1560 1372/1315/1558 1371/1316/1559
f 1372/1315/1558 1367/1311/1554 1368/1312/1555
f 1372/1315/1561 1275/1229/1562 1373/1317/1563
f 1375/1318/1564 1374/1319/850 1275/1229/1452
f 1275/1229/1452 934/932/1450 1375/1318/1564
f 1377/1320/1565 1376/1321/1566 1375/1318/851
f 1375/1318/1567 936/931/1568 1378/1322/1569
f 936/931/1568 1373/1317/1570 1378/1322/1569
f 1027/1010/1172 1344/1290/1522 1379/1323/1571
f 1379/1323/1571 1344/1290/1522 1380/1324/1572
f 1344/1290/1522 1381/1325/1573 1380/1324/1572
f 1344/1290/1522 1337/1284/864 1381/1325/1573
f 1381/1325/1574 1382/1326/1575 1383/1327/1576
f 1379/1323/1577 1383/1327/1576 1382/1326/1575
f 1337/1284/1578 1386/1320/1579 1385/1321/1580
f 1387/1328/1581 1337/1284/1578 1385/1321/1580
f 1382/1326/1582 1337/1284/1578 1387/1328/1581
f 1387/1328/1583 1384/1317/1584 1388/1322/1585
f 1388/1322/1585 1386/1320/1579 1389/1329/1586
f 1389/1329/1586 1387/1328/1583 1388/1322/1585
f 1382/1326/1587 1390/1330/1588 1392/1331/1589
f 1392/1331/1590 1394/1332/1591 1391/1333/1592
f 1394/1332/1591 1395/1334/1593 1393/1335/1594
f 1394/1332/1591 1392/1331/1590 1396/1336/1595
f 1396/1336/1595 1395/1334/1593 1394/1332/1591
f 1224/1182/1596 1382/1326/1597 1395/1334/1598
f 1224/1182/1596 1227/1185/1599 1382/1326/1597
f 1400/1337/1600 1399/1338/1601 1397/1339/1602
f 1399/1338/1601 1400/1337/1600 1402/1340/889
f 1401/1341/1603 1399/1338/1601 1403/1342/1604
f 1402/1340/889 1403/1342/1604 1399/1338/1601
f 1404/1179/1605 1407/1343/1606 1406/1181/308
f 1408/1180/1607 1407/1343/1608 1405/1177/1609
f 1409/1344/1610 1406/1181/308 1407/1343/1606
f 1410/1345/1611 1398/1346/1612 1406/1181/1613
f 1210/1347/1614 1410/1345/1615 1408/1180/1616
f 1410/1345/1615 1210/1347/1614 1411/1348/1617
f 1411/1348/1617 1210/1347/1614 1413/1120/1618
f 1412/1349/1619 1411/1348/1620 1414/1350/1621
f 1415/1017/1622 1414/1350/1621 1411/1348/1620
f 1210/1347/1614 1416/1119/904 1413/1120/1618
f 1414/1350/1621 1415/1017/1622 1417/1123/1623
f 1210/1347/1614 1022/1007/1624 1416/1119/904
f 1418/1351/1625 1419/1352/1626 1412/1349/1627
f 1419/1352/1626 1418/1351/1625 1420/1353/1628
f 1421/1354/1629 1419/1352/1626 1420/1353/1628
f 1422/1355/1630 1418/1351/1631 1022/1007/1632
f 1022/1007/1632 1421/1354/324 1422/1355/1630
f 1015/998/1160 1419/1352/1626 1421/1354/1629
f 1419/1352/1626 1015/998/1160 1423/1356/1633
f 1169/1136/1331 1419/1352/1626 1423/1356/1633
f 1169/1136/1331 1423/1356/1633 1424/1357/1634
f 1425/1358/1635 1423/1356/1633 1015/998/1160
f 1426/1359/1636 1169/1136/1331 1424/1357/1634
f 1015/998/1160 1426/1359/1636 1425/1358/1635
f 1012/994/1156 1169/1136/1331 1426/1359/1636
f 1426/1359/1636 1015/998/1160 1012/994/1156
f 1428/1360/1637 1429/1361/1638 1427/1362/915
f 1429/1361/1638 1430/1363/1639 1427/1362/915
f 1430/1363/1640 1028/1011/1173 1431/1364/331
f 1428/1360/1641 1431/1364/331 1028/1011/1173
f 1028/1011/1173 1430/1363/1640 1350/1296/1529
f 1028/1011/1173 1036/1019/1181 1428/1360/1641
f 1432/1365/335 1350/1296/1529 1433/1366/1642
f 1350/1296/1529 1434/1367/1643 1433/1366/1642
f 1350/1296/1529 1432/1365/335 1028/1011/1173
f 1350/1296/1529 1344/1290/1522 1434/1367/1643
f 1027/1010/1172 1432/1365/335 1435/1368/1644
f 1434/1367/1643 1027/1010/1172 1435/1368/1644
f 1432/1365/335 1027/1010/1172 1028/1011/1173
f 1027/1010/1172 1434/1367/1643 1344/1290/1522
f 1441/1369/1645 1439/1370/1646 1440/1371/1647
f 1439/1370/1646 1441/1369/1645 1437/1372/1648
f 1440/1371/1647 1442/1373/1649 1441/1369/1645
f 1441/1369/1645 1442/1373/1649 1443/1374/1650
f 1446/1375/1651 1450/1376/339 1447/1377/1652
f 1449/1378/1653 1450/1376/1654 1448/1379/1655
f 1450/1376/339 1446/1375/1651 1451/1380/1656
f 1436/1381/1657 1452/1382/1658 1446/1375/1659
f 1453/1383/1660 1436/1381/1661 1455/1384/1662
f 1436/1381/1661 1456/1385/1663 1455/1384/1662
f 1456/1385/1664 1457/1386/1665 1454/1387/1666
f 1459/1388/1667 1453/1383/1668 1458/1389/1669
f 1290/1244/1670 1459/1388/1667 1456/1385/1671
f 1453/1383/1668 1459/1388/1667 1452/1382/1672
f 1459/1388/1667 1290/1244/1670 1460/1390/1673
f 1460/1390/1673 1290/1244/1670 1461/1391/1674
f 1290/1244/1670 1462/1392/1675 1461/1391/1674
f 1462/1392/1675 1290/1244/1670 1285/1239/737
f 1464/1393/1676 1460/1390/1673 1463/1394/1677
f 1462/1392/1675 1464/1393/1676 1463/1394/1677
f 1464/1393/1676 1459/1388/1667 1460/1390/1673
f 1285/1239/737 1464/1393/1676 1462/1392/1675
f 1466/1395/1678 1285/1239/737 1465/1396/948
f 1464/1393/1676 1285/1239/737 1466/1395/1678
f 1285/1239/737 1467/1397/1679 1465/1396/948
f 1467/1397/1679 1285/1239/737 1280/1234/1457
f 1467/1397/1679 1367/1311/1554 1468/1398/1680
f 1367/1311/1554 1466/1395/1678 1468/1398/1680
f 1280/1234/1457 1367/1311/1554 1467/1397/1679
f 1466/1395/1678 1367/1311/1554 1464/1393/1676
f 1390/1330/1681 991/980/1682 998/927/1683
f 1337/1284/1578 991/980/1684 1386/1320/1579
f 1470/1399/1685 1471/1400/1686 1469/1401/1687
f 1469/1401/1687 1471/1400/1686 1473/1402/1688
f 1474/1403/1689 1471/1400/1686 1472/1404/1690
f 1471/1400/1686 1474/1403/1689 1473/1402/1688
f 1478/1405/1691 1476/1406/1692 1475/1333/1693
f 1478/1405/1691 1477/1335/1694 1476/1406/1692
f 928/1331/1695 1478/1405/1691 1475/1333/1693
f 1477/1335/1694 1478/1405/1691 1479/1334/1696
f 1481/1407/1697 1483/1186/1698 1484/1408/971
f 1398/1346/1612 1482/1409/1699 1480/1410/1700
f 1481/1407/1701 1398/1346/1612 1480/1410/1700
f 1372/1315/1702 1398/1346/1612 1481/1407/1701
f 1482/1409/1699 1398/1346/1612 1410/1345/1611
f 1367/1311/1554 1410/1345/1703 1485/1411/1704
f 1485/1411/1704 1464/1393/1676 1367/1311/1554
f 1464/1393/1676 1485/1411/1704 1486/1412/973
f 1487/1413/1705 1464/1393/1676 1486/1412/973
f 1485/1411/1704 1410/1345/1703 1488/1414/1706
f 1410/1345/1703 1487/1413/1705 1488/1414/1706
f 1410/1345/1703 1412/1349/1627 1487/1413/1705
f 1412/1349/1627 1464/1393/1676 1487/1413/1705
f 1464/1393/1676 1412/1349/1627 1489/1415/1707
f 1459/1388/1667 1464/1393/1676 1489/1415/1707
f 1489/1415/1707 1412/1349/1627 1490/1416/1708
f 1489/1415/1707 1491/1417/1709 1459/1388/1667
f 1492/1418/1710 1459/1388/1667 1491/1417/1709
f 1412/1349/1627 1492/1418/1710 1490/1416/1708
f 1419/1352/1626 1459/1388/1667 1492/1418/1710
f 1492/1418/1710 1412/1349/1627 1419/1352/1626
f 1459/1388/1667 1419/1352/1626 1493/1419/1711
f 1493/1419/1711 1452/1382/1672 1459/1388/1667
f 1493/1419/1711 1419/1352/1626 1494/1420/1712
f 1452/1382/1672 1493/1419/1711 1495/1421/1713
f 1496/1422/1714 1452/1382/1672 1495/1421/1713
f 1419/1352/1626 1496/1422/1714 1494/1420/1712
f 1169/1136/1331 1452/1382/1672 1496/1422/1714
f 1496/1422/1714 1419/1352/1626 1169/1136/1331
f 1498/1423/1715 1499/1424/983 1452/1382/1716
f 1448/1379/1717 1452/1382/1716 1499/1424/983
f 1498/1423/1718 1500/1425/371 1497/1031/1719
f 1499/1424/983 1498/1423/1715 1501/1032/1720
f 1497/1031/1719 1500/1425/371 1502/1036/1721
f 1503/1035/1722 1499/1424/983 1501/1032/1720
f 1171/1138/1723 1499/1424/983 1503/1035/1722
f 1506/1426/1724 1504/1038/1725 1505/1427/1726
f 1505/1427/1726 1507/1042/1727 1506/1426/1724
f 1504/1038/1725 1506/1426/1724 1508/1040/1728
f 1506/1426/1724 1507/1042/1727 1509/1043/1729
f 1513/1428/1730 1511/1429/1731 1510/1430/1732
f 1511/1429/1731 1513/1428/1730 1514/1431/1733
f 1511/1429/1731 1515/1432/1734 1512/1433/1735
f 1515/1432/1734 1511/1429/1731 1514/1431/1733
f 1517/1434/1736 1518/1379/374 1516/1378/1737
f 1445/1377/1738 1519/1435/1739 1517/1434/1736
f 1518/1379/374 1517/1434/1736 1519/1435/1739
f 1444/1375/1740 1519/1435/1739 1445/1377/1738
f 1042/1025/1192 1048/1030/1191 1516/1378/1741
f 1042/1025/1742 1445/1377/1743 1438/1436/1744
f 1523/1384/1745 1520/1437/1746 1521/1438/1747
f 1522/1387/1748 1523/1384/1745 1521/1438/1747
f 1036/1019/1181 1520/1437/1749 1524/1386/1750
f 1522/1387/1751 1036/1019/1181 1524/1386/1750
f 1520/1437/1749 1036/1019/1181 1042/1025/1187
f 1036/1019/1181 1522/1387/1751 1429/1361/1752
f 1525/1302/1009 1529/1439/1753 1526/1303/1754
f 1527/1299/1755 1529/1439/382 1528/1301/1756
f 1529/1439/1753 1525/1302/1009 1530/1440/1757
f 919/919/1058 1241/1193/1424 1525/1302/1758
f 1533/1441/1759 1532/1442/1760 1531/1443/1761
f 1532/1442/1760 1533/1441/1759 1534/1444/1762
f 1534/1444/1762 1535/1445/1763 1532/1442/1760
f 1532/1442/1760 1535/1445/1763 1536/1446/1764
f 1356/1298/1765 1349/1294/1766 1537/1447/1767
f 1538/1448/1768 1540/1449/1769 1537/1447/1770
f 1537/1447/1770 1540/1449/1769 1541/1450/1771
f 1540/1449/1769 1542/1451/1772 1541/1450/1771
f 1542/1451/1772 1540/1449/1769 1539/1452/1773
f 1349/1294/1774 1543/1453/1775 1542/1451/1776
f 1543/1453/1775 1349/1294/1774 1544/1454/1777
f 1544/1454/1778 1350/1296/1779 1545/1455/1780
f 1546/1456/1781 1545/1455/1780 1350/1296/1779
f 1429/1361/1782 1543/1453/1783 1546/1456/1784
f 1550/1250/1785 1551/1457/1786 1548/1249/1787
f 1547/1245/1788 1551/1457/1786 1549/1247/1789
f 1551/1457/1786 1550/1250/1785 1552/1458/1790
f 1552/1458/1790 1549/1247/1789 1551/1457/1786
f 1556/1459/1791 1557/1460/1792 1554/1461/1793
f 1553/1462/1794 1557/1460/1792 1555/1463/1795
f 1554/1461/1793 1557/1460/1792 1558/1464/1796
f 1557/1460/1792 1553/1462/1794 1558/1464/1796
f 1232/1465/1797 1559/1452/1048 1231/1451/1798
f 1560/1448/1799 1232/1465/1800 1233/1447/1801
f 1561/1466/1802 1559/1452/1048 1232/1465/1797
f 1559/1452/1803 1234/1197/1463 1287/1241/1462
f 1235/1188/1804 1234/1197/666 1560/1448/1805
f 1563/240/1055 1562/1467/1054 1564/242/1806
f 1569/248/12 1567/244/1807 1568/249/1808
f 1567/244/1807 1569/248/12 1570/246/13
f 1573/27/1809 1572/1468/1810 1571/29/1811
f 1572/1468/1810 1573/27/1809 1574/1469/1812
f 1577/1470/1813 1578/1471/1814 1576/1472/445
f 1578/1471/1814 1577/1470/1813 1575/1473/1815
f 1579/1474/1816 1580/21/1817 1581/1475/1818
f 1582/19/1819 1581/1475/1818 1580/21/1817
f 1583/1476/1820 1586/1477/1821 1585/1478/1822
f 1586/1477/1821 1583/1476/1820 1587/1479/466
f 1584/1480/1823 1588/1481/1824 1589/1482/1825
f 1590/1483/1826 1591/1484/1827 1592/1485/1828
f 1594/1486/1829 1590/1483/1830 1593/1487/1831
f 1593/1487/1831 1595/1488/500 1594/1486/1829
f 1596/1489/1832 1594/1486/1829 1595/1488/500
f 1593/1487/1833 1597/1490/1834 1598/116/1835
f 1596/1489/1832 1598/116/1835 1597/1490/1834
f 1599/1491/1836 1594/1486/1829 1596/1489/1832
f 1599/1491/1836 1600/120/1837 1594/1486/1829
f 1600/120/502 1601/1492/1838 1603/1493/1839
f 1601/1492/1838 1602/122/1840 1603/1493/1839
f 1603/1493/1839 1602/122/1840 1604/1494/1841
f 1604/1494/1842 1606/1495/1843 1599/1491/1844
f 1599/1491/1844 1605/1496/1845 1604/1494/1842
f 1605/1496/1845 1599/1491/1844 1607/1497/1846
f 1605/1496/1845 1607/1497/1846 1608/1498/1166
f 1610/1499/1847 1605/1496/1848 1609/1500/1849
f 1609/1500/1850 1611/1501/1851 1612/1502/1852
f 1607/1497/1853 1612/1502/1852 1611/1501/1851
f 1613/1503/1854 1616/1504/1855 1615/1505/1856
f 1616/1504/1855 1613/1503/1854 1617/1506/1857
f 1618/1507/1858 1614/1508/1859 1620/1509/1860
f 1619/1510/1861 1623/1511/1862 1622/1512/1863
f 1623/1511/1862 1619/1510/1861 1624/1513/1864
f 1625/1514/1865 1628/1515/516 1627/1516/1866
f 1628/1515/516 1625/1514/1865 1629/1517/1867
f 1631/1518/1868 1632/1519/1869 1630/1520/1870
f 1630/1520/1870 1632/1519/1869 1633/1521/1871
f 1636/1522/1872 1637/1523/1873 1638/1524/1874
f 1639/1525/1875 1640/1526/1217 1635/1527/1876
f 1634/1528/534 1635/1527/1876 1640/1526/1217
f 1643/1529/1877 1641/1530/1878 1642/1531/1879
f 1641/1530/1878 1643/1529/1877 1644/1532/1880
f 1650/1533/1881 1649/190/1882 1648/186/1883
f 1649/190/1882 1650/1533/1881 1651/191/1229
f 1655/1534/1884 1653/197/1885 1654/194/1886
f 1654/194/1887 1647/1535/1888 1656/1536/1889
f 1647/1535/1888 1654/194/1887 1646/192/1890
f 1647/1535/1888 1645/1537/1891 1656/1536/1889
f 1658/1538/1892 1647/1535/1893 1657/195/1894
f 1658/1538/1895 1655/1534/1896 1652/1539/1897
f 1658/1538/1892 1591/1484/1827 1647/1535/1893
f 1590/1483/1826 1592/1485/1828 1659/1540/1898
f 1660/1541/1899 1590/1483/1826 1659/1540/1898
f 1590/1483/1826 1660/1541/1899 1597/1490/1834
f 1592/1485/1828 1662/1542/1900 1661/1543/1901
f 1662/1542/1900 1660/1541/1899 1661/1543/1901
f 1662/1542/1900 1597/1490/1834 1660/1541/1899
f 1662/1542/1900 1592/1485/1828 1591/1484/1827
f 1662/1542/1900 1591/1484/1827 1663/1544/1902
f 1658/1538/1892 1663/1544/1902 1591/1484/1827
f 1662/1542/1900 1663/1544/1902 1664/1545/1903
f 1663/1544/1902 1658/1538/1892 1665/1546/1904
f 1666/1547/1905 1662/1542/1900 1664/1545/1903
f 1666/1547/1905 1665/1546/1904 1658/1538/1892
f 1662/1542/1900 1666/1547/1905 1667/1548/1906
f 1658/1538/1892 1667/1548/1906 1666/1547/1905
f 1667/1548/1906 1668/1549/1907 1662/1542/1900
f 1597/1490/1834 1662/1542/1900 1668/1549/1907
f 1652/1539/1897 1669/1550/571 1658/1538/1895
f 1668/1549/1907 1667/1548/1906 1670/1551/1908
f 1669/1550/571 1652/1539/1897 1671/1552/1909
f 1652/1539/1897 1672/1553/1910 1671/1552/1909
f 1667/1548/1911 1669/1550/1912 1673/41/1255
f 1672/1553/1913 1667/1548/1911 1673/41/1255
f 1652/1539/1897 1674/1554/1262 1672/1553/1910
f 1674/1554/1262 1652/1539/1897 1675/48/130
f 1676/1555/1914 1675/48/1915 1678/1556/1263
f 1678/1556/1263 1679/47/1916 1676/1555/1914
f 1679/47/1916 1678/1556/1263 1680/1557/1917
f 1680/1557/1918 1674/1554/1919 1677/1558/1920
f 1674/1554/1919 1680/1557/1918 1681/1559/1921
f 1681/1559/1921 1682/1560/1922 1674/1554/1919
f 1682/1560/1922 1681/1559/1921 1683/1561/1923
f 1686/1562/1924 1682/1560/1925 1685/1563/1274
f 1684/1564/1926 1686/1562/1924 1685/1563/1274
f 1688/1565/1280 1687/1566/1927 1674/1554/1262
f 1689/1567/1928 1674/1554/1262 1687/1566/1927
f 1667/1548/1906 1674/1554/1262 1689/1567/1928
f 1674/1554/1262 1686/1562/1929 1688/1565/1280
f 1690/1568/1930 1667/1548/1906 1689/1567/1928
f 1690/1568/1930 1689/1567/1928 1691/1569/1931
f 1688/1565/1280 1690/1568/1930 1691/1569/1931
f 1690/1568/1930 1688/1565/1280 1686/1562/1929
f 1667/1548/1906 1690/1568/1930 1692/1570/1932
f 1667/1548/1906 1692/1570/1932 1670/1551/1908
f 1597/1490/1834 1668/1549/1907 1693/1571/1933
f 1692/1570/1932 1597/1490/1834 1693/1571/1933
f 1690/1568/1930 1597/1490/1834 1692/1570/1932
f 1690/1568/1930 1694/1572/1934 1597/1490/1834
f 1599/1491/1935 1597/1490/1834 1694/1572/1934
f 1599/1491/1935 1694/1572/1934 1695/1573/1936
f 1696/1574/1937 1599/1491/1935 1695/1573/1936
f 1694/1572/1934 1690/1568/1930 1697/1575/1938
f 1696/1574/1937 1697/1575/1938 1690/1568/1930
f 1690/1568/1930 1612/1502/1939 1696/1574/1937
f 1612/1502/1939 1690/1568/1930 1698/1576/1940
f 1686/1562/1929 1698/1576/1940 1690/1568/1930
f 1612/1502/1939 1698/1576/1940 1699/1577/1941
f 1700/1578/1942 1612/1502/1939 1699/1577/1941
f 1701/1579/1943 1612/1502/1939 1700/1578/1942
f 1698/1576/1940 1686/1562/1929 1702/1580/1944
f 1700/1578/1942 1702/1580/1944 1686/1562/1929
f 1686/1562/1929 1701/1579/1943 1700/1578/1942
f 1701/1579/1943 1686/1562/1929 1703/1581/1945
f 1704/1582/1946 1703/1581/1945 1686/1562/1929
f 1701/1579/1943 1703/1581/1945 1705/1583/1947
f 1706/1584/1948 1701/1579/1943 1705/1583/1947
f 1681/1559/1949 1704/1582/1310 1684/1564/1271
f 1701/1579/1943 1706/1584/1948 1621/1585/1950
f 1704/1582/1946 1621/1585/1950 1706/1584/1948
f 1704/1582/1946 1706/1584/1948 1707/1586/1951
f 1703/1581/1945 1704/1582/1946 1707/1586/1951
f 1621/1585/1952 1709/288/1953 1708/289/164
f 1709/288/1954 1618/1507/1311 1710/1587/1955
f 1618/1507/1311 1709/288/1954 1704/1582/1956
f 1618/1507/1311 1704/1582/1956 1712/1588/1957
f 1711/290/1958 1714/1589/1959 1712/1588/1960
f 1714/1589/1959 1711/290/1958 1715/1590/1961
f 1704/1582/1310 1681/1559/1949 1713/292/1962
f 1717/1591/1963 1718/1592/594 1716/1593/1964
f 1718/1592/594 1717/1591/1963 1719/1594/592
f 1722/1595/1965 1720/1596/1966 1721/1597/1967
f 1720/1596/1966 1722/1595/1965 1723/1598/1968
f 1726/1599/1969 1725/1600/598 1724/1601/1970
f 1725/1600/598 1726/1599/1969 1727/1602/1971
f 1728/1603/1972 1730/1604/1973 1729/1605/1974
f 1730/1604/1973 1728/1603/1972 1731/1606/1975
f 1735/1607/1976 1734/1608/617 1732/1609/1977
f 1738/1610/1360 1736/1611/1978 1737/1612/1979
f 1736/1611/1978 1738/1610/1360 1733/1613/1980
f 1741/90/1981 1742/1614/1982 1740/86/1983
f 1742/1614/1982 1741/90/1981 1743/91/1984
f 1739/1615/1985 1747/1616/1986 1746/1617/1987
f 1747/1616/1986 1748/94/1988 1746/1617/1987
f 1745/1618/1989 1748/94/1990 1744/100/633
f 1748/94/1988 1747/1616/1986 1749/93/1991
f 1747/1616/1992 1590/1483/1826 1750/95/1993
f 1590/1483/1826 1747/1616/1992 1591/1484/1827
f 1590/1483/1830 1594/1486/1829 1745/1618/1994
f 1612/1502/1939 1599/1491/1935 1696/1574/1937
f 1752/1619/1995 1610/1499/1996 1751/1620/1997
f 1610/1499/1996 1753/1621/1998 1751/1620/1997
f 1610/1499/1996 1612/1502/1939 1753/1621/1998
f 1755/1622/1999 1610/1499/1996 1752/1619/1995
f 1753/1621/1998 1701/1579/1943 1754/1623/2000
f 1701/1579/1943 1753/1621/1998 1612/1502/1939
f 1752/1619/1995 1754/1623/2000 1701/1579/1943
f 1701/1579/1943 1755/1622/1999 1752/1619/1995
f 1755/1622/1999 1701/1579/1943 1756/1624/2001
f 1755/1622/1999 1756/1624/2001 1757/1625/2002
f 1755/1622/2003 1758/1626/2004 1759/1627/2005
f 1756/1624/2001 1621/1585/1950 1760/1628/2006
f 1621/1585/1952 1759/1627/2005 1758/1626/2004
f 1621/1585/1950 1756/1624/2001 1701/1579/1943
f 1762/1629/2007 1759/1627/2008 1761/1630/2009
f 1614/1508/2010 1762/1629/2011 1763/1631/2012
f 1764/1632/2013 1766/1633/2014 1765/1634/2015
f 1767/1635/2016 1768/1636/2017 1769/1637/2018
f 1772/1638/2019 1773/1639/2020 1771/1640/680
f 1774/1641/2021 1776/1642/2022 1775/1643/2023
f 1776/1642/2022 1777/253/2024 1775/1643/2023
f 1776/1642/2022 1774/1641/2021 1778/1644/2025
f 1777/253/2024 1776/1642/2022 1779/255/689
f 1782/1645/2026 1781/1646/2027 1780/1647/704
f 1781/1646/2027 1782/1645/2026 1783/1648/2028
f 1786/1649/2029 1784/1650/2030 1785/1651/2031
f 1788/1652/722 1787/1653/2032 1789/1654/2033
f 1770/1655/2034 1791/1656/2035 1790/1657/2036
f 1791/1656/2035 1770/1655/2034 1792/1658/2037
f 1793/1659/2038 1795/1660/2039 1794/1661/2040
f 1795/1660/2039 1793/1659/2038 1796/1662/2041
f 1565/1663/2042 1797/1664/2043 1798/1665/2044
f 1797/1664/2043 1565/1663/2042 1799/1666/2045
f 1801/1/2046 1566/1667/2047 1800/3/2048
f 1803/12/2049 1804/11/2050 1802/7/2051
f 1805/10/2052 1802/7/2051 1804/11/2050
f 1808/1668/2053 1807/1669/2054 1806/1670/2055
f 1809/220/2056 1808/1668/2053 1806/1670/2055
f 1807/1669/2054 1808/1668/2053 1810/1671/2057
f 1811/218/2058 1808/1668/2053 1809/220/2056
f 1814/1672/782 1812/1673/2059 1813/1674/2060
f 1815/1675/798 1816/1676/2061 1817/1677/2062
f 1820/1678/2063 1819/1679/2064 1818/1680/2065
f 1819/1679/2064 1820/1678/2063 1821/1681/2066
f 1823/1682/822 1824/1683/2067 1822/1684/2068
f 1825/1685/2069 1827/1686/2070 1759/1627/2008
f 1825/1685/2071 1826/1687/2072 1828/1688/2073
f 1831/152/2074 1755/1622/1999 1830/151/318
f 1833/1689/2075 1831/152/2076 1832/1690/2077
f 1826/1687/2078 1833/1689/2079 1829/1691/2080
f 1833/1689/2075 1610/1499/2081 1831/152/2076
f 1610/1499/2081 1833/1689/2075 1834/1692/2082
f 1834/1692/2083 1836/1693/2084 1835/156/2085
f 1837/1694/2086 1835/156/2085 1836/1693/2084
f 1605/1496/1848 1610/1499/1847 1838/157/2087
f 1839/1695/2088 1841/1696/2089 1840/1697/1633
f 1842/1698/2090 1840/1697/1633 1841/1696/2089
f 1845/1699/2091 1844/1700/2092 1843/1701/2093
f 1844/1700/2092 1845/1699/2091 1846/1702/2094
f 1847/1703/918 1850/1704/2095 1848/1705/2096
f 1849/1706/2097 1850/1704/2095 1847/1703/918
f 1853/343/2098 1851/1707/2099 1852/1708/2100
f 1855/1709/2101 1853/343/2102 1854/344/2103
f 1856/1710/1666 1857/1711/2104 1858/1712/2105
f 1860/1713/2106 1861/1714/2107 1859/1715/2108
f 1861/1714/2107 1860/1713/2106 1862/1716/2109
f 1865/1717/948 1864/1718/2110 1863/1719/2111
f 1864/1718/2110 1865/1717/948 1866/1720/2112
f 1867/1721/964 1869/1722/966 1868/1723/2113
f 1871/1724/973 1870/1725/2114 1872/1726/972
f 1873/1727/2115 1872/1726/972 1870/1725/2114
f 1874/1728/2116 1876/1729/2117 1875/1730/2118
f 1877/1731/976 1875/1730/2118 1876/1729/2117
f 1880/1732/978 1879/1733/2119 1878/1734/2120
f 1879/1733/2119 1880/1732/978 1881/1735/2121
f 1882/1736/2122 1884/1737/2123 1883/1738/2124
f 1884/1737/2123 1882/1736/2122 1885/1739/2125
f 1851/1707/2126 1886/307/2127 1887/1740/2128
f 1886/307/2129 1626/1741/2130 1888/309/2131
f 1891/1742/2132 1890/1743/2133 1889/1744/2134
f 1893/1745/1027 1894/1746/2135 1892/1747/2136
f 1892/1747/2136 1894/1746/2135 1895/1748/1031
f 1896/1749/2137 1897/1750/2138 1898/1751/2139
f 1899/1752/2140 1898/1751/2139 1897/1750/2138
f 1897/1750/2138 1900/1753/2141 1899/1752/2140
f 1901/1754/1056 1899/1752/2140 1900/1753/2141
f 1897/1750/2138 1896/1749/2137 1902/1755/1052
f 1896/1749/2137 1901/1754/1056 1902/1755/1052
f 1896/1749/2137 1903/1756/2142 1901/1754/1056
f 1899/1752/2140 1901/1754/1056 1903/1756/2142
f 1899/1752/2140 1903/1756/2142 1904/1757/2143
f 1906/1758/2144 1907/1759/10 1905/1760/2145
f 1903/1756/2142 1906/1758/2146 1908/1761/2147
f 1908/1761/2147 1909/1762/2148 1903/1756/2142
f 1911/1763/2149 1910/1764/2150 1913/1765/2151
f 1913/1765/2151 1912/1766/2152 1911/1763/2149
f 1912/1766/2152 1915/1767/2153 1914/1768/2154
f 1915/1767/2153 1910/1764/2155 1914/1768/2154
f 1912/1766/2152 1913/1765/2151 1916/1769/2156
f 1916/1769/2156 1915/1767/2153 1912/1766/2152
f 1910/1764/2155 1915/1767/2153 1917/1770/2157
f 1913/1765/2158 1919/1771/1443 1918/1772/2159
f 1918/1772/2159 1919/1771/1443 1920/1773/2160
f 1919/1771/1443 1921/1774/2161 1920/1773/2160
f 1921/1774/2161 1919/1771/1443 1922/1775/2162
f 1923/1776/2163 1921/1774/2164 1924/1777/2165
f 1916/1769/2156 1922/1775/2166 1925/1778/2167
f 1926/1779/2168 1925/1778/2167 1922/1775/2166
f 1922/1775/2166 1927/1780/2169 1926/1779/2168
f 1929/1781/2170 1925/1778/2167 1928/1782/2171
f 1927/1780/2172 1929/1781/2170 1928/1782/2171
f 1925/1778/2167 1929/1781/2170 1916/1769/2156
f 1930/1783/2173 1929/1781/2170 1927/1780/2172
f 1931/1784/2174 1933/1785/1810 1932/1786/2175
f 1935/1787/1812 1932/1786/2175 1933/1785/1810
f 1935/1787/1812 1922/1775/2176 1932/1786/2175
f 1934/1788/2177 1930/1783/2178 1935/1787/1812
f 1930/1783/2173 1936/1789/2179 1937/1790/2180
f 1929/1781/2170 1930/1783/2173 1937/1790/2180
f 1937/1790/2180 1936/1789/2179 1938/1791/2181
f 1929/1781/2170 1937/1790/2180 1939/1792/2182
f 1938/1791/2181 1929/1781/2170 1939/1792/2182
f 1936/1789/2179 1929/1781/2170 1938/1791/2181
f 1929/1781/2170 1941/1793/2183 1940/1794/1102
f 1942/1795/2184 1929/1781/2170 1940/1794/1102
f 1941/1793/2183 1929/1781/2170 1936/1789/2179
f 1916/1769/2156 1944/1796/2185 1943/1797/2186
f 1946/1798/2187 1916/1769/2156 1943/1797/2186
f 1944/1796/2185 1916/1769/2156 1929/1781/2170
f 1915/1767/2153 1916/1769/2156 1946/1798/2187
f 1944/1796/2185 1947/1799/2188 1945/1800/2189
f 1929/1781/2170 1947/1799/2188 1944/1796/2185
f 1947/1799/2188 1946/1798/2187 1945/1800/2189
f 1946/1798/2187 1947/1799/2188 1915/1767/2153
f 1947/1799/2188 1929/1781/2170 1942/1795/2184
f 1942/1795/2184 1948/1801/2190 1947/1799/2188
f 1948/1801/2190 1942/1795/2184 1949/1802/2191
f 1941/1793/2192 1948/1801/2190 1949/1802/2191
f 1936/1789/2193 1951/1803/2194 1950/1804/2195
f 1951/1803/2194 1936/1789/2193 1952/1805/2196
f 1952/1805/2196 1948/1801/2197 1951/1803/2194
f 1948/1801/2198 1950/1804/2199 1954/1806/2200
f 1953/1807/461 1954/1806/2200 1950/1804/2199
f 1954/1806/2200 1953/1807/461 1955/1808/2201
f 1957/1809/2202 1959/1810/463 1958/1811/2203
f 1959/1810/463 1957/1809/2202 1960/1812/1821
f 1964/1813/2204 1965/1814/2205 1963/1815/473
f 1962/1816/2206 1965/1814/2205 1956/1817/2207
f 1965/1814/2205 1964/1813/2204 1966/1818/1825
f 1967/1819/2208 1948/1801/2209 1964/1813/2210
f 1948/1801/2209 1967/1819/2208 1968/1820/2211
f 1968/1820/2211 1967/1819/2208 1969/1821/2212
f 1967/1819/2208 1970/1822/2213 1969/1821/2212
f 1970/1822/2213 1967/1819/2208 1971/1823/2214
f 1968/1820/1139 1973/1824/485 1972/1825/1138
f 1947/1799/2188 1971/1823/2215 1974/1826/2216
f 1974/1826/2216 1915/1767/2153 1947/1799/2188
f 1974/1826/2216 1971/1823/2215 1975/1827/2217
f 1971/1823/2215 1976/1828/2218 1975/1827/2217
f 1915/1767/2153 1974/1826/2216 1977/1829/2219
f 1977/1829/2219 1976/1828/2220 1915/1767/2153
f 1984/1830/2221 1981/1831/2222 1983/1832/1162
f 1981/1831/2222 1984/1830/2221 1982/1833/2223
f 1987/1834/1851 1985/1835/2224 1986/1836/2225
f 1991/1837/1171 1992/1838/2226 1990/1839/2227
f 1992/1838/2226 1993/1840/60 1990/1839/2227
f 2001/1841/2228 1998/1842/2229 2000/1843/2230
f 1998/1842/2229 2001/1841/2228 1996/1844/1861
f 2003/1845/2231 2005/1846/2232 2002/1847/2233
f 2002/1847/2233 2005/1846/2232 2006/1848/2234
f 2004/1849/2235 2007/1850/2236 2008/1851/2237
f 2009/1852/2238 2008/1851/2239 2010/1853/2240
f 2011/1854/2241 2009/1852/2238 2010/1853/2240
f 2007/1850/1190 2011/1854/2242 2012/1855/2243
f 2011/1854/2242 2007/1850/1190 2013/1856/2244
f 2013/1856/2244 2014/1857/2245 2009/1852/2246
f 2015/1858/2247 2009/1852/2246 2014/1857/2245
f 2015/1858/2247 2014/1857/2245 2016/1859/2248
f 2017/1860/308 2015/1858/2247 2016/1859/2248
f 2015/1858/2247 2017/1860/308 2018/1861/2249
f 2013/1856/2244 2018/1861/2249 2017/1860/308
f 2014/1857/2245 2013/1856/2244 2019/1862/2250
f 2017/1860/308 2019/1862/2250 2013/1856/2244
f 2023/1863/2251 2022/1864/2252 2020/1865/1208
f 2024/1866/2253 2023/1863/2251 2020/1865/1208
f 2023/1863/2251 2018/1861/2249 2022/1864/2252
f 2022/1864/2252 2025/1867/2254 2021/1868/2255
f 2025/1867/2254 2024/1866/2253 2021/1868/2255
f 2025/1867/2254 2022/1864/2252 2018/1861/2249
f 2023/1863/2251 2024/1866/2253 1979/1869/1827
f 2025/1867/2254 1979/1869/1827 2024/1866/2253
f 2026/1870/2256 2018/1861/2257 2027/1871/2258
f 2018/1861/2257 2028/1872/2259 2027/1871/2258
f 2028/1872/2260 2030/1873/1226 2029/1874/2261
f 2030/1873/1226 2026/1870/2262 2029/1874/2261
f 2013/1856/2263 2030/1873/1226 2028/1872/2260
f 2026/1870/2262 2030/1873/1226 2025/1867/2254
f 2031/1875/2264 2025/1867/2254 2032/1876/2265
f 2025/1867/2254 2030/1873/1226 2032/1876/2265
f 2033/1877/2266 2025/1867/2254 2031/1875/2264
f 2025/1867/2254 2033/1877/2266 1979/1869/1827
f 2035/1878/2267 2033/1877/2266 2034/1879/2268
f 2032/1876/2265 2035/1878/2267 2034/1879/2268
f 2035/1878/2267 1979/1869/1827 2033/1877/2266
f 2035/1878/2267 2032/1876/2265 2030/1873/1226
f 2035/1878/2267 2036/1880/2269 1979/1869/1827
f 2037/1881/92 2030/1873/1226 2038/1882/2270
f 2040/1883/2271 2037/1881/2272 2039/1884/2273
f 2030/1873/1226 2013/1856/2263 2042/1885/2274
f 2035/1878/2275 2043/1886/2276 2044/1887/2277
f 2043/1886/2276 2035/1878/2275 2040/1883/2278
f 2043/1886/2279 2045/1888/2280 2041/1889/2281
f 2045/1888/2280 2046/1890/2282 2041/1889/2281
f 2043/1886/2279 2047/1891/2283 2045/1888/2280
f 2048/1892/2284 2050/1893/2285 2049/1894/2286
f 2051/1895/2287 2052/1896/2288 2053/1897/2289
f 2054/1898/2290 2056/1899/2291 2055/1900/1260
f 2057/1901/2292 2055/1900/1260 2056/1899/2291
f 2059/1902/1272 2058/1903/1267 2060/1904/2293
f 1997/1905/2294 2061/1906/166 1994/1907/65
f 2061/1906/166 1997/1905/2294 2062/1908/2295
f 2064/1909/2296 2065/1910/2297 2063/1911/2298
f 2066/1912/2299 2063/1911/2298 2065/1910/2297
f 2067/1913/2300 2069/1914/2301 2068/1915/2302
f 2068/1915/2302 2069/1914/2301 2070/1916/2303
f 2071/1917/595 2073/1918/2304 2072/1919/2305
f 2075/1920/2306 2073/1918/2304 2071/1917/595
f 2075/1920/2307 2074/1921/2308 2013/1856/2244
f 2013/1856/2244 2007/1850/1190 2075/1920/2307
f 2078/1922/2309 2077/1923/2310 2076/1924/2311
f 2077/1923/2310 2078/1922/2309 2080/1925/2312
f 2079/1926/2313 2082/1927/2314 2077/1923/1970
f 2082/1927/2314 2079/1926/2313 2083/1928/2315
f 2078/1922/2316 2084/1929/2317 2081/1930/2318
f 2084/1929/2317 2078/1922/2316 2085/1931/2319
f 2085/1931/2319 2087/1932/2320 2084/1929/2317
f 2088/1933/2321 2084/1929/2317 2087/1932/2320
f 2085/1931/2322 2086/1934/2323 2089/1935/2324
f 2086/1934/2323 2088/1933/2325 2089/1935/2324
f 2084/1929/2317 2088/1933/2321 2090/1936/2326
f 2090/1936/2326 2086/1934/2327 2091/1937/2328
f 2090/1936/2326 2092/1938/1359 2084/1929/2317
f 2023/1863/2251 2091/1937/2328 2086/1934/2327
f 2090/1936/2326 2091/1937/2328 2093/1939/2329
f 2086/1934/2327 2094/1940/2330 2023/1863/2251
f 2094/1940/2330 2086/1934/2327 2095/1941/1351
f 2086/1934/2327 2096/1942/1352 2095/1941/1351
f 2086/1934/2327 2015/1858/2247 2096/1942/1352
f 2097/1943/2331 2018/1861/2249 2094/1940/2330
f 2096/1942/1352 2018/1861/2249 2097/1943/2331
f 2018/1861/2249 2023/1863/2251 2094/1940/2330
f 2015/1858/2247 2018/1861/2249 2096/1942/1352
f 2091/1937/2328 2023/1863/2251 2098/1944/2332
f 2023/1863/2251 2099/1945/2333 2098/1944/2332
f 2099/1945/2333 2090/1936/2326 2093/1939/2329
f 2090/1936/2326 2099/1945/2333 1979/1869/1827
f 2023/1863/2251 1979/1869/1827 2099/1945/2333
f 2090/1936/2326 1979/1869/1827 2100/1946/2334
f 2090/1936/2326 2100/1946/2334 2101/1947/2335
f 2092/1938/1359 2090/1936/2326 2101/1947/2335
f 2100/1946/2334 2103/1948/2336 2102/1949/2337
f 2092/1938/1359 2102/1949/2337 2103/1948/2336
f 2103/1948/2336 2100/1946/2334 1979/1869/1827
f 2103/1948/2336 2084/1929/2317 2092/1938/1359
f 2105/1950/2338 2084/1929/2339 2104/1951/2340
f 2104/1951/2341 1980/1952/2342 2106/1953/2343
f 2103/1948/2344 2108/1954/2345 1980/1952/2346
f 2108/1954/2345 2103/1948/2344 2109/1955/2347
f 2103/1948/2336 1979/1869/1827 2110/1956/2348
f 2107/1957/2349 2111/1958/2350 2108/1954/2351
f 2111/1958/2350 2107/1957/2349 2112/1959/2352
f 1978/1960/2353 2108/1954/2351 2111/1958/2350
f 2113/1961/2354 2115/1962/2355 2114/1963/2356
f 2115/1962/2357 1995/1964/2358 2117/1965/2359
f 1995/1964/2360 2116/1966/2361 2118/1967/2362
f 2119/1968/2363 2118/1967/2362 2116/1966/2361
f 2120/1969/2364 2116/1966/2365 2121/1970/2366
f 1988/1971/2367 2118/1967/2368 2122/1972/2369
f 2126/1973/2370 2124/1974/2371 2125/1975/2372
f 2124/1974/2371 2126/1973/2370 2127/1976/2373
f 2125/1975/2374 1989/1977/2375 2128/1978/2376
f 1989/1977/2375 2123/1979/2377 2128/1978/2376
f 2123/1979/2377 1989/1977/2375 1988/1971/2378
f 2129/1980/2379 2130/1981/2380 2131/1982/2381
f 2130/1981/2380 2132/1983/2382 2131/1982/2381
f 2134/1984/2383 2130/1981/2384 2135/1985/2385
f 2134/1984/2383 2135/1985/2385 2136/1986/2386
f 2137/1987/2387 2134/1984/2383 2136/1986/2386
f 2134/1984/2383 2137/1987/2387 2138/1988/2388
f 2140/1989/2389 2137/1987/2016 2139/1990/2390
f 2138/1988/2391 2141/1991/2392 2142/1992/2393
f 2141/1991/2394 2130/1981/2395 2143/1993/2396
f 2142/1992/2397 2147/1994/2398 2145/1995/2399
f 2146/1996/2400 2147/1994/2398 2144/1997/2401
f 2147/1994/2398 2142/1992/2397 2148/1998/2402
f 2148/1998/2402 2144/1997/2401 2147/1994/2398
f 2138/1988/2403 2144/1997/2404 2149/1999/2405
f 2149/1999/2405 2150/2000/2406 2138/1988/2403
f 1898/1751/2139 2138/1988/2403 2150/2000/2406
f 2150/2000/2406 2151/2001/2407 1898/1751/2139
f 2152/2002/2408 1898/1751/2139 2151/2001/2407
f 1898/1751/2139 2152/2002/2408 1896/1749/2137
f 2149/1999/2409 1896/1749/2137 2152/2002/2408
f 2155/2003/698 2157/2004/2410 2153/2005/2411
f 2154/2006/2412 2157/2004/2410 2156/2007/699
f 2157/2004/2410 2155/2003/698 2158/2008/2413
f 2158/2008/2413 2156/2007/699 2157/2004/2410
f 2162/2009/2414 2160/2010/2415 2161/2011/2416
f 2160/2010/2415 2162/2009/2414 2163/2012/707
f 1922/1775/2417 2164/2013/2418 1934/1788/2177
f 2164/2013/2418 1930/1783/2178 1934/1788/2177
f 2166/2014/2419 2168/2015/2420 2167/2016/2421
f 2165/2017/2030 2167/2016/2421 2169/2018/2422
f 2170/2019/2423 2167/2016/2421 2168/2015/2420
f 2168/2015/2424 1922/1775/2162 1919/1771/1443
f 2171/2020/253 2159/2021/2425 2172/2022/1445
f 2173/2023/1444 2172/2022/1445 2159/2021/2425
f 2174/2024/1447 2178/2025/2426 2175/2026/717
f 2177/2027/723 2178/2025/2427 2176/2028/2428
f 2178/2025/2426 2174/2024/1447 2179/2029/2429
f 2183/2030/2430 2181/2031/2431 2182/2032/2432
f 2182/2032/2432 2184/2033/2433 2183/2030/2430
f 2181/2031/2431 2183/2030/2430 2185/2034/2434
f 2186/2035/732 2183/2030/2430 2184/2033/2433
f 2189/2036/257 2187/2037/2036 2188/2038/2435
f 2187/2037/2036 2189/2036/257 2143/1993/2034
f 2190/2039/2436 2130/1981/2437 2191/2040/2438
f 2192/2041/2439 2193/2042/2440 2191/2040/2441
f 2191/2040/2441 2193/2042/2440 2194/2043/2442
f 2191/2040/2443 2133/2044/2444 2195/2045/2445
f 2133/2044/2444 2196/2046/2446 2195/2045/2445
f 2190/2039/2447 2196/2046/2448 2197/2047/2449
f 2197/2047/2450 2133/2044/2451 2198/2048/2452
f 2199/2049/2453 2198/2048/2452 2133/2044/2451
f 2198/2048/2452 2199/2049/2453 2200/2050/2454
f 2201/2051/2455 2200/2050/2454 2199/2049/2453
f 2197/2047/2450 2198/2048/2452 2202/2052/2456
f 2201/2051/2455 2197/2047/2450 2202/2052/2456
f 1903/1756/2142 1896/1749/2137 1906/1758/2146
f 2203/2053/2457 1904/1757/2143 1903/1756/2142
f 1904/1757/2143 2203/2053/2457 2205/2054/2458
f 1899/1752/2140 1904/1757/2143 2204/2055/2459
f 2205/2054/2458 1899/1752/2140 2204/2055/2459
f 1899/1752/2140 2205/2054/2458 2203/2053/2457
f 1899/1752/2140 2203/2053/2457 2206/2056/2460
f 1899/1752/2140 2206/2056/2460 2207/2057/2461
f 2208/2058/2462 1899/1752/2140 2207/2057/2461
f 2206/2056/2460 2210/2059/2463 2209/2060/2464
f 2210/2059/2463 2206/2056/2460 2203/2053/2457
f 2208/2058/2462 2209/2060/2464 2210/2059/2463
f 1961/2061/2465 2211/2062/2466 2203/2053/2457
f 2212/2063/2467 2203/2053/2457 2211/2062/2466
f 2203/2053/2457 2212/2063/2467 2210/2059/2463
f 2213/2064/271 2214/2065/2468 2212/2063/269
f 2215/2066/1486 2219/2067/2469 2216/2068/2470
f 2219/2067/2469 2218/2069/772 2217/2070/2471
f 2219/2067/2469 2215/2066/1486 2220/2071/2472
f 2218/2069/772 2219/2067/2469 2220/2071/2472
f 2221/2072/2473 2222/2073/2474 2210/2059/2463
f 2223/2074/2475 2210/2059/2463 2222/2073/2474
f 2210/2059/2463 2223/2074/2475 2208/2058/2462
f 1899/1752/2140 2208/2058/2462 2223/2074/2475
f 2223/2074/2475 2224/2075/2476 1899/1752/2140
f 1898/1751/2139 1899/1752/2140 2224/2075/2476
f 2223/2074/2475 2222/2073/2474 2225/2076/2054
f 2226/2077/2477 2223/2074/2475 2225/2076/2054
f 2221/2072/2478 2227/2078/2479 2226/2077/2477
f 2223/2074/2475 2226/2077/2477 2227/2078/2479
f 2227/2078/2479 2221/2072/2478 2230/2079/2480
f 2230/2079/2481 2232/2080/2482 2228/2081/784
f 2232/2080/2482 2231/2082/2483 2229/2083/2484
f 2232/2080/2482 2230/2079/2481 2233/2084/2485
f 2233/2084/2485 2231/2082/2483 2232/2080/2482
f 2234/2085/2486 2227/2078/2487 2231/2082/2488
f 2235/2086/793 2237/2087/282 2236/2088/795
f 2237/2087/282 2235/2086/793 2238/2089/2489
f 2239/2090/2490 2243/2091/2491 2240/2092/2492
f 2241/2093/2493 2243/2091/2491 2242/2094/1513
f 2244/2095/2494 2240/2092/2492 2243/2091/2491
f 2246/2096/2495 2248/2097/1521 2247/2098/2496
f 2248/2097/1521 2249/2099/2497 2247/2098/2496
f 2250/2100/810 2248/2097/1521 2246/2096/2495
f 2249/2099/2497 2248/2097/1521 2251/2101/2498
f 2252/2102/2499 2254/2103/286 2253/2104/2500
f 2254/2103/286 2252/2102/2499 2255/2105/2501
f 2256/2106/2502 2234/2085/2503 2255/2105/2504
f 2261/2107/292 2260/2108/2505 2259/2109/2506
f 2263/2110/2507 2260/2108/2508 2262/2111/2509
f 2258/2112/2510 2263/2110/2507 2262/2111/2509
f 2263/2110/2507 2227/2078/2511 2260/2108/2508
f 2263/2110/2507 2258/2112/2510 2256/2106/2512
f 2264/2113/2513 2265/2114/2514 2227/2078/2479
f 2266/2115/2515 2227/2078/2479 2265/2114/2514
f 2227/2078/2479 2266/2115/2515 2223/2074/2475
f 2264/2113/2516 2268/2116/2517 2267/2117/2518
f 2268/2116/2517 2266/2115/2515 2267/2117/2518
f 2268/2116/2517 2223/2074/2475 2266/2115/2515
f 2268/2116/2517 2264/2113/2516 2263/2110/2519
f 2223/2074/2475 2268/2116/2517 2269/2118/2520
f 2269/2118/2520 2270/2119/2521 2223/2074/2475
f 2224/2075/2476 2223/2074/2475 2270/2119/2521
f 2273/2120/2522 2275/2121/2523 2274/2122/2524
f 2275/2121/2523 2273/2120/2522 2276/2123/2525
f 2180/2124/2526 2277/2125/1702 2273/2120/1557
f 2279/2126/2527 2278/2127/2528 2180/2124/2529
f 2280/2128/2530 2282/2129/2531 2281/2130/1565
f 1913/1765/2532 1917/1770/2533 2280/2128/2534
f 2278/2127/2535 1917/1770/2157 2277/2125/2536
f 2283/2131/2537 2285/2132/301 2284/2133/2538
f 2284/2133/2538 2285/2132/301 2286/2134/2539
f 2287/2135/2540 2245/2136/2541 2284/2133/2542
f 2245/2136/2543 2288/2137/2544 2289/2138/2545
f 2291/2139/2546 2292/2140/2547 2290/2141/2548
f 2287/2135/2540 2293/2142/2549 2288/2137/2550
f 2293/2142/2549 2287/2135/2540 2294/2143/2551
f 2294/2143/2551 2287/2135/2540 2295/2144/2552
f 2287/2135/2540 2296/2145/2553 2295/2144/2552
f 2298/2146/2554 2294/2143/2551 2297/2147/2555
f 2297/2147/2555 2296/2145/2553 2298/2146/2554
f 2121/1970/2366 2298/2146/2554 2296/2145/2553
f 2287/2135/2540 2121/1970/2366 2296/2145/2553
f 2287/2135/2556 1989/1977/2375 2125/1975/2374
f 2298/2146/2554 2121/1970/2366 2299/2148/2557
f 2299/2148/2557 2300/2149/2558 2298/2146/2554
f 2299/2148/2557 2121/1970/2366 2301/2150/2559
f 2300/2149/2558 2299/2148/2557 2302/2151/2560
f 2303/2152/2561 2300/2149/2558 2302/2151/2560
f 2121/1970/2366 2303/2152/2561 2301/2150/2559
f 2116/1966/2365 2300/2149/2558 2303/2152/2561
f 2303/2152/2561 2121/1970/2366 2116/1966/2365
f 2116/1966/2562 2306/2153/2563 2304/2154/2564
f 2307/2155/2565 2306/2153/2566 2308/2156/2567
f 2300/2149/2558 2116/1966/2365 2305/2157/2568
f 2306/2153/2563 2116/1966/2562 2113/1961/225
f 2309/2158/2569 2310/2159/2570 2311/2160/2571
f 2312/2161/2572 2311/2160/2571 2310/2159/2570
f 2315/2162/2573 2314/2163/2574 2313/2164/2575
f 2314/2163/2574 2315/2162/2573 2316/2165/2576
f 2318/2166/1633 2319/2167/2577 2317/2168/2088
f 2319/2167/2577 2318/2166/1633 2320/2169/2578
f 1999/2170/2579 2323/2171/2580 2322/2172/2581
f 2323/2171/2582 2257/2173/2583 2324/2174/2584
f 2324/2174/2585 2325/2175/2586 2321/2176/2092
f 2321/2176/2092 2325/2175/2586 2326/2177/333
f 2328/2178/2587 2329/2179/334 2327/2180/2096
f 2329/2179/334 2328/2178/2587 2330/2181/2588
f 2199/2049/2453 2331/2182/2589 2201/2051/2455
f 2197/2047/2450 2201/2051/2455 2331/2182/2589
f 2331/2182/2589 2199/2049/2453 2332/2183/2590
f 2333/2184/2591 2332/2183/2590 2199/2049/2453
f 2331/2182/2589 2332/2183/2590 2334/2185/2592
f 2332/2183/2590 2333/2184/2591 2335/2186/2593
f 2336/2187/2594 2335/2186/2593 2333/2184/2591
f 2336/2187/2594 2331/2182/2589 2334/2185/2592
f 2333/2184/2591 2337/2188/2595 2336/2187/2594
f 2331/2182/2589 2336/2187/2594 2337/2188/2595
f 2337/2188/2595 2333/2184/2591 2338/2189/1738
f 2337/2188/2595 2339/2190/2596 2331/2182/2589
f 2339/2190/2596 2337/2188/2595 2340/2191/2597
f 2337/2188/2595 2341/2192/2598 2340/2191/2597
f 2343/2193/2599 2339/2190/2600 2342/2194/2601
f 2341/2192/2602 2343/2193/2599 2342/2194/2601
f 2337/2188/2595 2344/2195/2603 2341/2192/2598
f 2331/2182/2589 2343/2193/2604 2345/2196/2605
f 2331/2182/2589 2345/2196/2605 2346/2197/2606
f 2347/2198/2607 2331/2182/2589 2346/2197/2606
f 2197/2047/2450 2331/2182/2589 2347/2198/2607
f 2349/2199/1665 2348/2200/2608 2350/2201/2609
f 2197/2047/2610 2351/2202/2611 2353/2203/2612
f 2190/2039/2447 2197/2047/2449 2354/2204/2613
f 2352/2205/2614 2355/2206/346 2354/2204/2615
f 2355/2206/346 2352/2205/2614 2356/2207/2616
f 2358/2208/1679 2359/2209/2617 2357/2210/2618
f 2360/2211/2619 2357/2210/2618 2359/2209/2617
f 2293/2142/2549 1915/1767/2153 1976/1828/2220
f 1915/1767/2153 2293/2142/2549 2361/2212/1551
f 1917/1770/2157 1915/1767/2153 2361/2212/1551
f 2293/2142/2620 1971/1823/2621 2290/2141/2622
f 2361/2212/1551 2293/2142/2549 2363/2213/2623
f 2293/2142/2549 2364/2214/2624 2363/2213/2623
f 1917/1770/2157 2361/2212/1551 2362/2215/2625
f 2362/2215/2625 2364/2214/2624 1917/1770/2157
f 2298/2146/2554 1917/1770/2157 2364/2214/2624
f 2293/2142/2549 2298/2146/2554 2364/2214/2624
f 1917/1770/2157 2298/2146/2554 2365/2216/2626
f 2277/2125/2536 1917/1770/2157 2365/2216/2626
f 2298/2146/2554 2293/2142/2549 2294/2143/2551
f 2277/2125/2536 2365/2216/2626 2366/2217/2627
f 2366/2217/2627 2367/2218/2628 2277/2125/2536
f 2365/2216/2626 2298/2146/2554 2368/2219/2629
f 2298/2146/2554 2367/2218/2628 2368/2219/2629
f 2370/2220/355 2369/2221/964 2371/2222/2630
f 2372/2223/2631 2371/2222/2630 2369/2221/964
f 2373/2224/2632 2272/2225/2633 2374/2226/2634
f 2272/2225/2633 2372/2223/2635 2374/2226/2634
f 2372/2223/2635 2272/2225/2633 2277/2125/2636
f 2300/2149/2558 2277/2125/2536 2367/2218/2628
f 2308/2156/2637 2272/2225/2633 2373/2224/2632
f 2298/2146/2554 2300/2149/2558 2367/2218/2628
f 2375/2227/2638 2377/2228/359 2376/2229/2639
f 2377/2228/359 2375/2227/2638 2378/2230/2640
f 2381/2231/2641 2379/2232/2642 2382/2233/2643
f 2380/2234/2644 2382/2233/2643 2379/2232/2642
f 2384/2235/2645 2386/2236/2646 2383/2237/2647
f 2386/2236/2646 2384/2235/2645 2385/2238/2648
f 2076/1924/2649 2343/2193/2650 2387/2239/2651
f 2387/2239/2652 2344/2195/2653 2388/2240/2654
f 2344/2195/2653 2389/2241/2655 2388/2240/2654
f 2389/2241/2656 2076/1924/2311 2390/2242/2657
f 2076/1924/2311 2389/2241/2656 2078/1922/2309
f 2078/1922/2658 2392/2243/2659 2391/2244/2660
f 2078/1922/2658 2344/2195/2603 2392/2243/2659
f 2392/2243/2659 2015/1858/2247 2393/2245/2661
f 2015/1858/2247 2392/2243/2659 2344/2195/2603
f 2015/1858/2247 2394/2246/2662 2393/2245/2661
f 2394/2246/2662 2078/1922/2658 2391/2244/2660
f 2078/1922/2658 2394/2246/2662 2086/1934/2327
f 2015/1858/2247 2086/1934/2327 2394/2246/2662
f 2395/2247/2663 2344/2195/2603 2396/2248/2664
f 2344/2195/2603 2397/2249/2665 2396/2248/2664
f 2344/2195/2603 2395/2247/2663 2015/1858/2247
f 2344/2195/2603 2337/2188/2595 2397/2249/2665
f 2395/2247/2663 2398/2250/2666 2009/1852/2246
f 2397/2249/2665 2009/1852/2246 2398/2250/2666
f 2009/1852/2246 2397/2249/2665 2337/2188/2595
f 2009/1852/2246 2015/1858/2247 2395/2247/2663
f 2337/2188/2595 2399/2251/2667 2009/1852/2246
f 2399/2251/2667 2337/2188/2595 2400/2252/2668
f 2337/2188/2595 2338/2189/1738 2400/2252/2668
f 2399/2251/2669 2401/2253/2670 2004/1849/2671
f 2338/2189/2672 2004/1849/2671 2401/2253/2670
f 2333/2184/2591 2402/2254/2673 2004/1849/2674
f 2402/2254/2673 2333/2184/2591 2403/2255/2675
f 2333/2184/2591 2404/2256/2676 2403/2255/2675
f 2333/2184/2591 2323/2171/2677 2404/2256/2676
f 2405/2257/2132 2406/2258/2678 2407/2259/2679
f 1898/1751/2139 2224/2075/2476 2271/2260/2680
f 2269/2118/2520 1898/1751/2139 2271/2260/2680
f 1898/1751/2139 2269/2118/2520 2268/2116/2517
f 2268/2116/2517 2408/2261/2681 1898/1751/2139
f 2408/2261/2681 2268/2116/2517 2409/2262/2682
f 2410/2263/2683 2409/2262/2682 2268/2116/2517
f 2138/1988/2403 2408/2261/2681 2411/2264/2684
f 2410/2263/2685 2138/1988/2403 2411/2264/2684
f 2138/1988/2403 1898/1751/2139 2408/2261/2681
f 2268/2116/2517 2134/1984/2686 2410/2263/2683
f 2134/1984/2686 2268/2116/2517 2412/2265/2687
f 2263/2110/2519 2412/2265/2687 2268/2116/2517
f 2134/1984/2686 2412/2265/2687 2413/2266/2688
f 2412/2265/2687 2263/2110/2519 2414/2267/2689
f 2415/2268/2690 2414/2267/2689 2263/2110/2519
f 2415/2268/2690 2134/1984/2686 2413/2266/2688
f 2263/2110/2519 2416/2269/2691 2415/2268/2690
f 2134/1984/2686 2415/2268/2690 2416/2269/2691
f 2416/2269/2691 2263/2110/2519 2417/2270/2692
f 2419/2271/2693 2418/2272/2694 2420/2273/2695
f 2417/2270/2696 2256/2106/2697 2420/2273/2698
f 2416/2269/2691 2417/2270/2692 2421/2274/2699
f 2422/2275/2700 2420/2273/2698 2256/2106/2697
f 2422/2275/2701 2416/2269/2691 2421/2274/2699
f 2416/2269/2691 2422/2275/2701 2423/2276/2702
f 2257/2173/1529 2424/2277/2703 2256/2106/2704
f 2424/2277/1778 2426/2278/2705 2425/2279/2706
f 2423/2276/2707 2424/2277/2708 2427/2280/2709
f 2426/2278/2705 2424/2277/1778 2428/2281/2710
f 2429/2282/2711 2423/2276/2707 2427/2280/2709
f 2257/2173/2583 2323/2171/2582 2429/2282/2712
f 2431/2283/2713 2323/2171/2677 2430/2284/2714
f 2432/2285/2715 2430/2284/2714 2323/2171/2677
f 2432/2285/2715 2199/2049/2453 2433/2286/2716
f 2199/2049/2453 2431/2283/2713 2433/2286/2716
f 2199/2049/2453 2432/2285/2715 2333/2184/2591
f 2323/2171/2677 2333/2184/2591 2432/2285/2715
f 2199/2049/2453 2423/2276/2702 2431/2283/2713
f 2323/2171/2677 2431/2283/2713 2423/2276/2702
f 2423/2276/2702 2199/2049/2453 2434/2287/2717
f 2434/2287/2717 2435/2288/2718 2423/2276/2702
f 2436/2289/2719 2423/2276/2702 2435/2288/2718
f 2423/2276/2702 2436/2289/2719 2416/2269/2691
f 2133/2044/2451 2436/2289/2719 2437/2290/1796
f 2434/2287/2717 2133/2044/2451 2437/2290/1796
f 2133/2044/2451 2416/2269/2691 2436/2289/2719
f 2133/2044/2451 2434/2287/2717 2199/2049/2453
f 2416/2269/2691 2133/2044/2451 2129/1980/2720
f 2129/1980/2720 2438/2291/2721 2416/2269/2691
f 2132/1983/2722 2416/2269/2691 2438/2291/2721
f 2416/2269/2691 2132/1983/2722 2134/1984/2686
f 2131/1982/1800 2439/2292/2723 2440/2293/2724
f 2443/2294/2725 2442/2295/2726 2444/2296/2727
f 2444/2296/2727 2445/2297/2728 2443/2294/2725
f 2444/2296/2727 2442/2295/2726 2446/2298/1053
f 2445/2297/2728 2444/2296/2727 2447/2299/2729
f 2453/2300/2730 2452/2301/2731 2451/2302/2732
f 2450/2303/2144 2453/2300/2730 2451/2302/2732
f 2457/2304/2733 2454/2305/2734 2458/2306/2735
f 2454/2305/2736 2456/2307/2737 2459/2308/2738
f 2458/2306/2739 2463/2309/2740 2461/2310/1067
f 2463/2309/2740 2460/2311/2741 2462/2312/2742
f 2463/2309/2740 2458/2306/2739 2464/2313/2743
f 2464/2313/2743 2460/2311/2741 2463/2309/2740
f 2465/2314/2744 2457/2304/2745 2460/2311/2746
f 2470/2315/2747 2468/2316/2748 2469/2317/1081
f 2471/2318/2749 2470/2315/2747 2469/2317/1081
f 2465/2314/2744 2468/2316/2750 2457/2304/2745
f 2465/2314/2751 2472/2319/2752 2471/2318/2753
f 2467/2320/1080 2473/2321/2163 2471/2318/431
f 2468/2316/2754 2474/2322/16 2466/2323/2755
f 2472/2319/2752 2465/2314/2751 2475/2324/2756
f 2475/2324/2757 2479/2325/2758 2476/2326/2759
f 2477/2327/2760 2479/2325/2758 2478/2328/2761
f 2479/2325/2758 2475/2324/2757 2480/2329/2762
f 2480/2329/2762 2478/2328/2761 2479/2325/2758
f 2483/2330/2763 2472/2319/2752 2482/2331/2764
f 2483/2330/2763 2482/2331/2764 2484/2332/444
f 2484/2332/444 2481/2333/2765 2483/2330/2763
f 2488/2334/2766 2487/2335/2767 2486/2336/2768
f 2487/2335/2767 2488/2334/2766 2489/2337/2769
f 2497/2338/2770 2494/2339/2771 2498/2340/2772
f 2498/2340/2772 2495/2341/455 2497/2338/2770
f 2496/2342/2773 2498/2340/2772 2494/2339/2771
f 2495/2341/455 2498/2340/2772 2499/2343/2774
f 2502/2344/2775 2493/2326/2776 2503/2345/2777
f 2491/2324/2778 2503/2345/2777 2493/2326/2776
f 2503/2345/2777 2492/2327/2779 2502/2344/2775
f 2492/2327/2779 2503/2345/2777 2490/2328/2780
f 2485/2346/2781 2501/2347/2782 2492/2327/2783
f 2501/2347/2782 2485/2346/2781 2504/2348/2784
f 2505/2349/2785 2501/2347/2786 2507/2350/2787
f 2509/2351/2788 2506/2352/2789 2508/2353/2790
f 2508/2353/2790 2510/2354/2791 2509/2351/2788
f 2506/2352/2789 2510/2354/2791 2511/2355/2792
f 2511/2355/2792 2501/2347/2793 2506/2352/2789
f 2510/2354/2791 2506/2352/2789 2512/2356/2794
f 2506/2352/2789 2509/2351/2788 2512/2356/2794
f 2510/2354/2791 2512/2356/2794 2513/2357/2795
f 2509/2351/2788 2510/2354/2791 2513/2357/2795
f 2510/2354/2791 2515/2358/2796 2514/2359/2797
f 2511/2355/2792 2510/2354/2791 2514/2359/2797
f 2501/2347/2793 2511/2355/2792 2516/2360/2798
f 2516/2360/2798 2515/2358/2799 2501/2347/2793
f 2518/2320/2800 2500/2361/2801 2501/2347/2802
f 2518/2320/2803 2520/2317/2804 2519/2318/2805
f 2520/2317/2804 2518/2320/2803 2521/2362/2806
f 2523/2363/2807 2500/2361/2801 2522/2323/2808
f 2522/2323/2808 2500/2361/2801 2524/2322/2809
f 2500/2361/2801 2518/2320/2800 2524/2322/2809
f 2528/2364/2810 2525/2312/2216 2526/2365/2811
f 2525/2312/2216 2528/2364/2810 2529/2311/490
f 2530/2306/2812 2528/2364/489 2527/2310/2813
f 2535/2366/2814 2538/2367/44 2533/2368/2815
f 2539/2369/2816 2535/2366/2817 2531/2370/2818
f 2538/2367/44 2535/2366/2814 2540/2371/2819
f 2534/2372/2820 2540/2371/2821 2537/2373/1146
f 2539/2369/2822 2541/2374/2823 2537/2373/2824
f 2543/2375/2825 2536/2376/2826 2542/2377/2827
f 2543/2375/2825 2542/2377/2827 2544/2378/2828
f 2545/2379/2829 2543/2375/2825 2544/2378/2828
f 2543/2375/2825 2545/2379/2829 2546/2380/2830
f 2547/2381/2831 2542/2377/2832 2548/2382/2833
f 2542/2377/2832 2541/2374/2834 2548/2382/2833
f 2552/2383/1165 2546/2380/1848 2551/2384/1166
f 2555/2385/2835 2552/2383/1165 2554/2386/57
f 2550/2387/2836 2555/2385/2837 2549/2388/2838
f 2555/2385/2837 2550/2387/2836 2556/2389/2839
f 2557/2390/2840 2553/2391/2841 2552/2383/2842
f 2557/2390/2843 2550/2387/1853 2541/2374/1836
f 2558/2392/2844 2559/2393/2845 2560/2394/2846
f 2559/2393/2845 2561/2395/2847 2560/2394/2846
f 2560/2394/2846 2561/2395/2847 2562/2396/2848
f 2561/2395/2847 2563/2397/2849 2562/2396/2848
f 2558/2392/2844 2560/2394/2846 2564/2398/2850
f 2563/2397/2849 2558/2392/2844 2564/2398/2850
f 2565/2399/2851 2558/2392/2844 2563/2397/2849
f 2563/2397/2849 2561/2395/2847 2565/2399/2851
f 2567/2400/2852 2558/2392/2853 2566/2401/2854
f 2565/2399/2851 2561/2395/2847 2568/2402/2855
f 2561/2395/2847 2569/2403/2856 2568/2402/2855
f 2565/2399/2851 2568/2402/2855 2571/2404/2857
f 2568/2402/2855 2569/2403/2856 2572/2405/2858
f 2569/2403/2856 2573/2406/2859 2572/2405/2858
f 2573/2406/2859 2565/2399/2851 2571/2404/2857
f 2573/2406/2859 2569/2403/2856 2574/2407/2860
f 2574/2407/2860 2565/2399/2851 2573/2406/2859
f 2574/2407/2860 2569/2403/2856 2575/2408/2861
f 2569/2403/2856 2576/2409/520 2575/2408/2861
f 2574/2407/2860 2575/2408/2861 2577/2410/2862
f 2578/2411/2863 2574/2407/2860 2577/2410/2862
f 2579/2412/2864 2575/2408/2861 2576/2409/520
f 2576/2409/520 2578/2411/2863 2579/2412/2864
f 2576/2409/520 2580/2413/2865 2578/2411/2863
f 2580/2413/2865 2574/2407/2860 2578/2411/2863
f 2576/2409/2866 2583/2414/2867 2582/2415/518
f 2581/2416/2868 2584/2417/2869 2582/2415/518
f 2585/2418/1194 2582/2415/518 2583/2414/2867
f 2583/2414/2867 2586/2419/2870 2585/2418/1194
f 2584/2417/2869 2581/2416/2868 2587/2420/2871
f 2586/2419/2870 2583/2414/2867 2588/2421/2872
f 2594/2422/2873 2589/2423/2874 2590/2424/2875
f 2591/2425/1207 2594/2422/2873 2593/2426/2876
f 2589/2423/2874 2594/2422/2873 2595/2427/2877
f 2594/2422/2873 2591/2425/1207 2595/2427/2877
f 2588/2421/2878 2592/2428/2879 2596/2429/2880
f 2596/2429/2880 2592/2428/2879 2597/2430/2881
f 2601/2431/2882 2604/2432/2883 2603/2433/2884
f 2604/2432/2883 2602/2434/2885 2603/2433/2884
f 2601/2431/2882 2605/2435/2886 2604/2432/2883
f 2606/2436/2887 2607/2437/2888 2596/2429/534
f 2597/2430/2889 2599/2438/2890 2608/2439/2891
f 2607/2437/2888 2606/2436/2887 2609/2440/2892
f 2611/2441/2893 2612/2442/2894 2610/2443/2895
f 2612/2442/2894 2611/2441/2893 2613/2444/2896
f 2615/2445/2897 2598/2446/2898 2614/2447/2899
f 2617/2448/2900 2598/2446/2901 2616/2449/2902
f 2619/2450/2903 2617/2448/2900 2618/2451/2904
f 2620/2452/2905 2598/2446/2901 2617/2448/2900
f 2619/2450/2903 2620/2452/2905 2617/2448/2900
f 2598/2446/2901 2620/2452/2905 2600/2453/2906
f 2621/2454/2907 2623/2455/2908 2622/2456/2909
f 2630/2457/2910 2629/2458/2911 2627/2459/2912
f 2630/2457/2910 2628/2460/2913 2629/2458/2911
f 2627/2459/2912 2532/2461/2914 2630/2457/2910
f 2631/2462/2915 2626/2463/2916 2625/2459/2917
f 2631/2462/2915 2632/2460/2918 2626/2463/2916
f 2632/2460/2918 2631/2462/2915 2633/2464/2919
f 2638/2373/2920 2639/2465/2921 2637/2466/2922
f 2624/2467/2923 2641/2367/2924 2640/2368/2925
f 2642/2372/123 2639/2465/2921 2638/2373/2920
f 2642/2372/2926 2641/2367/2927 2634/2468/2928
f 2634/2468/2928 2643/2469/2929 2642/2372/2926
f 2620/2452/2905 2619/2450/2903 2644/2470/2930
f 2644/2470/2931 2643/2469/2932 2645/2381/2933
f 2620/2452/2905 2644/2470/2930 2646/2471/2934
f 2647/2472/2935 2620/2452/2905 2646/2471/2934
f 2647/2472/2936 2645/2381/2933 2643/2469/2932
f 2648/2473/2937 2620/2452/2905 2647/2472/2935
f 2650/2383/1271 2651/2474/135 2649/2384/1268
f 2651/2474/135 2650/2383/1271 2654/2386/2938
f 2652/2388/2939 2655/2475/2940 2653/2385/2941
f 2655/2475/2940 2654/2386/2938 2653/2385/2941
f 2643/2469/139 2655/2475/2940 2652/2388/2939
f 2655/2475/2940 2656/2476/2942 2654/2386/2938
f 2660/2477/2943 2657/2478/140 2658/2479/2944
f 2658/2479/2944 2659/2480/2945 2660/2477/2943
f 2657/2478/140 2660/2477/2943 2661/2481/1280
f 2660/2477/2943 2659/2480/2945 2662/2482/1928
f 2664/2483/146 2665/2484/2946 2663/2485/2947
f 2665/2484/2946 2664/2483/146 2636/2486/2948
f 2664/2483/146 2635/2487/2949 2636/2486/2948
f 2670/2488/2950 2668/2480/2951 2666/2482/2952
f 2668/2480/2951 2670/2488/2950 2671/2489/2953
f 2667/2481/2954 2671/2489/2953 2670/2488/2950
f 2669/2478/2955 2671/2489/2953 2667/2481/2954
f 2673/2490/1293 2676/2491/2956 2672/2492/2957
f 2676/2491/2956 2674/2493/2958 2675/2494/2959
f 2676/2491/2956 2673/2490/1293 2677/2495/1944
f 2674/2493/2958 2676/2491/2956 2677/2495/1944
f 2681/2496/2960 2682/2497/1951 2680/2498/2961
f 2679/2499/1303 2682/2497/1951 2678/2500/2962
f 2678/2500/2962 2682/2497/1951 2683/2501/2963
f 2682/2497/1951 2681/2496/2960 2683/2501/2963
f 2656/2476/2964 2567/2400/2852 2684/2502/2965
f 2684/2502/2965 2567/2400/2852 2685/2503/2966
f 2567/2400/2852 2566/2401/2854 2685/2503/2966
f 2686/2504/2967 2570/2505/2968 2566/2401/2969
f 2566/2401/2969 2565/2399/2970 2686/2504/2967
f 2687/2506/2971 2570/2505/2968 2686/2504/2967
f 2565/2399/2851 2574/2407/2860 2688/2507/2972
f 2689/2508/2973 2688/2507/2972 2574/2407/2860
f 2574/2407/2860 2690/2509/2974 2689/2508/2973
f 2656/2476/159 2688/2507/2975 2691/2510/173
f 2690/2509/2976 2656/2476/159 2691/2510/173
f 2574/2407/2860 2648/2473/2937 2690/2509/2974
f 2648/2473/2937 2574/2407/2860 2692/2511/2977
f 2574/2407/2860 2580/2413/2865 2692/2511/2977
f 2648/2473/2937 2692/2511/2977 2693/2512/2978
f 2694/2513/2979 2692/2511/2977 2580/2413/2865
f 2695/2514/180 2648/2473/2937 2693/2512/2978
f 2580/2413/2865 2695/2514/180 2694/2513/2979
f 2620/2452/2905 2648/2473/2937 2695/2514/180
f 2695/2514/180 2580/2413/2865 2620/2452/2905
f 2620/2452/2905 2580/2413/2865 2696/2515/2980
f 2620/2452/2905 2696/2515/2980 2697/2516/2981
f 2600/2453/2906 2620/2452/2905 2697/2516/2981
f 2588/2421/525 2600/2453/2982 2698/2517/2983
f 2696/2515/2984 2588/2421/525 2698/2517/2983
f 2699/2518/2985 2543/2375/2825 2700/2519/2986
f 2546/2380/2830 2700/2519/2986 2543/2375/2825
f 2543/2375/2825 2699/2518/2985 2701/2520/2987
f 2702/2521/2988 2704/2522/2989 2703/2523/2990
f 2701/2520/2987 2705/2524/2991 2543/2375/2825
f 2703/2523/2990 2704/2522/2989 2706/2517/2992
f 2704/2522/2993 2543/2375/2825 2705/2524/2991
f 2543/2375/2825 2704/2522/2993 2707/2525/2994
f 2702/2521/2995 2709/2526/2996 2708/2436/2997
f 2711/2527/2325 2710/2430/2998 2712/2528/2999
f 2710/2430/2998 2711/2527/2325 2713/2439/3000
f 2709/2526/3001 2714/2529/3002 2711/2527/3003
f 2718/2530/3004 2715/2531/3005 2717/2532/3006
f 2715/2531/3005 2718/2530/3004 2719/2533/3007
f 2718/2530/3004 2716/2534/1352 2719/2533/3007
f 2716/2534/1352 2718/2530/3004 2720/2535/3008
f 2721/2431/3009 2723/2536/1976 2722/2537/3010
f 2723/2536/1976 2724/2434/3011 2722/2537/3010
f 2724/2434/3011 2723/2536/1976 2725/2538/3012
f 2727/2539/3013 2728/2540/3014 2726/2541/196
f 2728/2540/3014 2727/2539/3013 2729/2542/3015
f 2707/2525/3016 2730/2543/3017 2731/2544/3018
f 2733/2545/3019 2707/2525/2994 2732/2546/3020
f 2543/2375/2825 2707/2525/2994 2733/2545/3019
f 2733/2545/3019 2734/2547/3021 2536/2376/2826
f 2536/2376/2826 2543/2375/2825 2733/2545/3019
f 2536/2376/3022 2731/2544/3018 2730/2543/3017
f 2736/2548/3023 2735/2549/3024 2737/2550/3025
f 2742/2551/3026 2738/2500/3027 2741/2499/3028
f 2740/2498/3029 2744/2552/3030 2742/2551/3026
f 2738/2500/3027 2742/2551/3026 2744/2552/3030
f 2744/2552/3030 2740/2498/3029 2739/2496/3031
f 2749/2553/3032 2746/2554/3033 2748/2555/3034
f 2745/2556/3035 2749/2553/3032 2747/2557/3036
f 2750/2558/3037 2746/2554/3033 2749/2553/3032
f 2749/2553/3032 2745/2556/3035 2750/2558/3037
f 2754/2559/1387 2756/2560/3038 2753/2561/3039
f 2752/2562/3040 2756/2560/656 2751/2563/161
f 2756/2560/3038 2754/2559/1387 2757/2564/3041
f 2755/2565/3042 2558/2392/63 2754/2559/3043
f 2558/2392/2853 2567/2400/2852 2751/2563/2362
f 2558/2392/63 2755/2565/3042 2758/2566/3044
f 2758/2566/3044 2755/2565/3042 2759/2567/3045
f 2755/2565/3042 2760/2568/3046 2759/2567/3045
f 2761/2569/1395 2760/2568/3047 2762/2570/3048
f 2764/2571/3049 2763/2572/3050 2766/2573/3051
f 2764/2571/3052 2767/2574/3053 2765/2575/3054
f 2768/2576/1584 2772/2577/3055 2769/2578/3056
f 2772/2577/3055 2770/2579/3057 2769/2578/3056
f 2774/2580/3058 2770/2579/3059 2773/2581/1410
f 2768/2576/3060 2774/2580/3058 2773/2581/1410
f 2774/2580/3058 2771/2582/3061 2770/2579/3059
f 2774/2580/3058 2768/2576/3060 2764/2571/3062
f 2771/2582/3063 2775/2583/3064 2777/2584/3065
f 2778/2585/3066 2771/2582/3063 2777/2584/3065
f 2775/2583/3067 2780/2586/3068 2779/2587/3069
f 2780/2586/3068 2778/2585/3070 2779/2587/3069
f 2780/2586/3068 2775/2583/3067 2774/2580/3071
f 2780/2586/3068 2781/2588/3072 2778/2585/3070
f 2781/2588/3073 2784/2589/3074 2785/2590/2024
f 2782/2591/3075 2781/2588/3073 2785/2590/2024
f 2783/2592/3076 2782/2591/3077 2786/2593/3078
f 2786/2593/3078 2782/2591/3077 2787/2594/3079
f 2789/2595/698 2788/2596/246 2441/2597/3080
f 2790/2598/3081 2441/2597/3080 2788/2596/246
f 2441/2597/3080 2781/2588/3072 2789/2595/698
f 2441/2597/3080 2790/2598/3081 2453/2300/2730
f 2789/2595/698 2792/2599/3082 2791/2600/3083
f 2792/2599/3082 2790/2598/3081 2791/2600/3083
f 2792/2599/3082 2789/2595/698 2781/2588/3072
f 2792/2599/3082 2453/2300/2730 2790/2598/3081
f 2781/2588/3072 2793/2601/3084 2792/2599/3082
f 2793/2601/3084 2781/2588/3072 2794/2602/3085
f 2795/2603/3086 2794/2602/3085 2781/2588/3072
f 2781/2588/3072 2780/2586/3068 2795/2603/3086
f 2453/2300/2730 2792/2599/3082 2796/2604/3087
f 2483/2330/2763 2796/2604/3087 2792/2599/3082
f 2796/2604/3087 2797/2605/704 2453/2300/2730
f 2797/2605/704 2483/2330/2763 2453/2300/2730
f 2483/2330/2763 2797/2605/704 2798/2606/3088
f 2796/2604/3087 2483/2330/2763 2798/2606/3088
f 2800/2607/3089 2792/2599/3082 2801/2608/711
f 2802/2609/3090 2801/2608/711 2792/2599/3082
f 2472/2319/2752 2800/2607/3089 2799/2610/3091
f 2802/2609/3092 2472/2319/2752 2799/2610/3091
f 2792/2599/3082 2800/2607/3089 2483/2330/2763
f 2472/2319/2752 2483/2330/2763 2800/2607/3089
f 2792/2599/3082 2470/2315/2747 2802/2609/3090
f 2470/2315/2747 2792/2599/3082 2793/2601/3084
f 2470/2315/2747 2793/2601/3084 2803/2611/3093
f 2795/2603/3086 2470/2315/2747 2803/2611/3093
f 2470/2315/2747 2795/2603/3086 2780/2586/3068
f 2780/2586/3068 2804/2612/3094 2470/2315/2747
f 2804/2612/3094 2780/2586/3068 2806/2613/3095
f 2780/2586/3068 2807/2614/723 2806/2613/3095
f 2780/2586/3068 2808/2615/3096 2807/2614/723
f 2810/2616/2429 2805/2617/721 2809/2618/3097
f 2807/2614/3098 2457/2304/407 2809/2618/3097
f 2457/2304/407 2804/2612/3094 2809/2618/3097
f 2457/2304/407 2470/2315/2747 2804/2612/3094
f 2808/2615/3096 2813/2619/731 2811/2620/3099
f 2814/2621/3100 2808/2615/3096 2811/2620/3099
f 2813/2619/731 2774/2580/3071 2812/2622/3101
f 2774/2580/3071 2814/2621/3100 2812/2622/3101
f 2780/2586/3068 2774/2580/3071 2813/2619/731
f 2808/2615/3096 2780/2586/3068 2813/2619/731
f 2774/2580/3071 2815/2623/3102 2814/2621/3100
f 2808/2615/3096 2814/2621/3100 2815/2623/3102
f 2776/2624/3103 2815/2623/3102 2774/2580/3071
f 2815/2623/3102 2776/2624/3103 2816/2625/3104
f 2776/2624/3105 2764/2571/3106 2817/2626/3107
f 2764/2571/3106 2818/2627/3108 2817/2626/3107
f 2818/2627/3108 2815/2623/3102 2816/2625/3104
f 2764/2571/3106 2819/2628/3109 2818/2627/3108
f 2815/2623/3102 2818/2627/3108 2819/2628/3109
f 2766/2573/3051 2820/2629/3110 2764/2571/3049
f 2820/2629/3111 2821/2630/260 2819/2628/3109
f 2822/2631/3112 2819/2628/3109 2821/2630/260
f 2766/2573/3113 2823/2632/3114 2822/2631/3115
f 2828/2633/3116 2824/2634/3117 2826/2635/3118
f 2827/2636/3119 2828/2633/3116 2826/2635/3118
f 2824/2634/3117 2828/2633/3116 2825/2637/3120
f 2453/2300/2730 2450/2303/2144 2441/2597/3080
f 2830/2638/3121 2831/2639/3122 2832/2640/3123
f 2833/2641/3124 2831/2639/3122 2830/2638/3121
f 2834/2297/3125 2837/2642/264 2449/2299/3126
f 2836/2298/3127 2837/2642/2048 2835/2295/1480
f 2839/2643/3128 2838/2644/3129 2836/2298/3130
f 2448/2645/3131 2838/2644/3132 2841/2646/3133
f 2841/2646/3133 2508/2353/2790 2448/2645/3131
f 2838/2644/3134 2843/2647/3135 2842/2648/3136
f 2508/2353/2790 2841/2646/3133 2843/2647/2468
f 2844/2649/3137 2838/2644/3138 2845/2650/3139
f 2838/2644/3138 2846/2651/3140 2845/2650/3139
f 2846/2651/3140 2838/2644/3138 2847/2652/3141
f 2510/2354/2791 2844/2649/3142 2848/2653/3143
f 2846/2651/3140 2510/2354/2791 2848/2653/3143
f 2847/2652/3141 2510/2354/2791 2846/2651/3140
f 2844/2649/3142 2510/2354/2791 2508/2353/2790
f 2850/2654/3144 2839/2643/3128 2851/2593/3145
f 2839/2643/3128 2852/2594/3146 2851/2593/3145
f 2838/2644/3129 2839/2643/3128 2850/2654/3144
f 2852/2594/3146 2839/2643/3128 2853/2655/3147
f 2847/2652/3141 2853/2655/3148 2854/2656/3149
f 2854/2656/3149 2853/2655/3148 2855/2657/3150
f 2853/2655/3148 2856/2658/3151 2855/2657/3150
f 2859/2659/3152 2854/2656/3149 2858/2660/3153
f 2856/2658/3154 2859/2659/3152 2858/2660/3153
f 2854/2656/3149 2859/2659/3152 2847/2652/3141
f 2857/2661/3155 2859/2659/3152 2856/2658/3154
f 2847/2652/3141 2861/2662/3156 2860/2663/791
f 2861/2662/3156 2847/2652/3141 2859/2659/3152
f 2862/2664/3157 2847/2652/3141 2860/2663/791
f 2510/2354/2791 2847/2652/3141 2862/2664/3157
f 2517/2665/3158 2862/2664/3157 2863/2666/3159
f 2861/2662/3156 2517/2665/3158 2863/2666/3159
f 2862/2664/3157 2517/2665/3158 2510/2354/2791
f 2859/2659/3152 2517/2665/3158 2861/2662/3156
f 2517/2665/3158 2859/2659/3152 2864/2667/3160
f 2515/2358/2796 2510/2354/2791 2517/2665/3158
f 2864/2667/3160 2859/2659/3152 2865/2668/3161
f 2859/2659/3152 2866/2617/3162 2865/2668/3161
f 2523/2363/2807 2864/2667/3160 2867/2616/1517
f 2866/2617/3162 2523/2363/2807 2867/2616/1517
f 2523/2363/2807 2517/2665/3158 2864/2667/3160
f 2868/2669/3163 2523/2363/2807 2866/2617/3162
f 2866/2617/3162 2859/2659/3152 2868/2669/3163
f 2868/2669/3163 2859/2659/3152 2869/2670/3164
f 2859/2659/3152 2857/2661/3155 2869/2670/3164
f 2868/2669/3163 2869/2670/3164 2870/2671/3165
f 2869/2670/3164 2857/2661/3155 2871/2672/3166
f 2872/2673/3167 2868/2669/3163 2870/2671/3165
f 2857/2661/3155 2872/2673/3167 2871/2672/3166
f 2872/2673/3167 2857/2661/3155 2873/2674/3168
f 2873/2674/3168 2868/2669/3163 2872/2673/3167
f 2873/2674/3168 2857/2661/3155 2874/2675/3169
f 2873/2674/3168 2874/2675/3169 2875/2676/3170
f 2876/2677/3171 2873/2674/3168 2875/2676/3170
f 2874/2675/3169 2878/2678/827 2877/2679/3172
f 2857/2661/3155 2878/2678/827 2874/2675/3169
f 2878/2678/827 2876/2677/3171 2877/2679/3172
f 2876/2677/3171 2878/2678/827 2879/2680/3173
f 2879/2680/3173 2873/2674/3168 2876/2677/3171
f 2883/2681/3174 2881/2581/290 2880/2576/3175
f 2883/2681/3176 2857/2661/3155 2884/2682/3177
f 2878/2678/827 2857/2661/3155 2883/2681/3176
f 2882/2579/3178 2884/2682/3179 2885/2683/3180
f 2857/2661/3155 2853/2655/825 2885/2683/3181
f 2887/2684/3182 2883/2681/3183 2886/2577/3184
f 2891/2685/294 2889/2686/3185 2888/2687/2516
f 2893/2688/3186 2889/2686/293 2892/2689/3187
f 2890/2690/3188 2889/2686/293 2893/2688/3186
f 2893/2688/3189 2853/2655/3147 2839/2643/3128
f 2896/2691/1552 2895/2692/3190 2894/2693/3191
f 2849/2694/3192 2895/2692/3190 2840/2695/3193
f 2895/2692/3190 2896/2691/1552 2897/2696/3194
f 2840/2695/3193 2895/2692/3190 2897/2696/3194
f 2815/2623/3102 2898/2697/3195 2899/2698/3196
f 2815/2623/3102 2899/2698/3196 2900/2699/3197
f 2901/2700/3198 2815/2623/3102 2900/2699/3197
f 2808/2615/3096 2815/2623/3102 2901/2700/3198
f 2899/2698/298 2456/2307/956 2902/2701/296
f 2456/2307/956 2901/2700/3199 2902/2701/296
f 2808/2615/3200 2456/2307/3201 2455/2702/3202
f 2808/2615/3200 2455/2702/3202 2904/2703/3203
f 2905/2704/3204 2808/2615/3200 2904/2703/3203
f 2457/2304/3205 2808/2615/3200 2905/2704/3204
f 2455/2702/3206 2906/2705/3207 2903/2706/3208
f 2907/2707/3209 2905/2704/3210 2906/2705/3207
f 2906/2705/3207 2455/2702/3206 2907/2707/3209
f 2561/2395/2847 2559/2393/2845 2908/2708/3211
f 2909/2709/3212 2873/2674/3168 2559/2393/2845
f 2873/2674/3168 2909/2709/3212 2910/2710/3213
f 2911/2711/3214 2873/2674/3168 2910/2710/3213
f 2868/2669/3163 2873/2674/3168 2911/2711/3214
f 2913/2712/3215 2911/2711/3216 2912/2713/3217
f 2909/2709/3212 2913/2712/3215 2912/2713/3217
f 2559/2393/2845 2913/2712/3215 2909/2709/3212
f 2914/2706/1409 2868/2669/3218 2913/2712/3219
f 2916/2714/3220 2868/2669/3163 2915/2715/3221
f 2916/2714/3222 2917/2703/1580 2918/2704/3223
f 2920/2716/3224 2916/2714/3225 2919/2705/3226
f 2919/2705/3226 2914/2706/3227 2920/2716/3224
f 2925/2717/3228 2921/2718/3229 2923/2719/3230
f 2923/2719/3230 2924/2720/3231 2925/2717/3228
f 2921/2718/3229 2925/2717/3228 2922/2308/3232
f 2926/2721/3233 2925/2717/3228 2924/2720/3231
f 2760/2568/3046 2755/2565/3042 2913/2712/3219
f 2927/2722/3234 2928/2723/3235 2929/2724/3236
f 2931/2725/3237 2928/2723/3235 2930/2726/3238
f 2928/2723/3235 2931/2725/3237 2932/2727/3239
f 2932/2727/3239 2929/2724/3236 2928/2723/3235
f 2933/2728/3240 2935/2729/3241 2934/2561/3242
f 2936/2730/3243 2934/2561/3244 2937/2731/3245
f 2937/2731/3245 2938/2562/3246 2936/2730/3243
f 2937/2731/3245 2934/2561/3244 2939/2559/308
f 2938/2562/3246 2937/2731/3245 2940/2563/3247
f 2935/2729/3248 2743/2732/3249 2938/2562/3250
f 2945/2733/2074 2941/2503/316 2943/2502/3251
f 2942/2505/3252 2944/2734/3253 2743/2732/3249
f 2942/2505/3254 2947/2735/3255 2946/2506/3256
f 2743/2732/3249 2935/2729/3248 2942/2505/3252
f 2743/2732/3257 2945/2733/3258 2553/2391/3259
f 2947/2735/3255 2949/2736/3260 2948/2737/3261
f 2948/2737/3262 2950/2738/323 2553/2391/3263
f 2948/2737/3261 2949/2736/3260 2951/2739/2084
f 2949/2736/3260 2952/2740/3264 2951/2739/2084
f 2952/2740/322 2553/2391/3263 2950/2738/323
f 2949/2736/3260 2546/2380/2830 2952/2740/3264
f 2546/2380/2830 2949/2736/3260 2953/2741/3265
f 2949/2736/3260 2699/2518/2985 2953/2741/3265
f 2953/2741/3265 2954/2742/2577 2546/2380/2830
f 2953/2741/3265 2699/2518/2985 2955/2743/2089
f 2699/2518/2985 2700/2519/2986 2955/2743/2089
f 2700/2519/2986 2546/2380/2830 2954/2742/2577
f 2956/2744/3266 2957/2745/3267 2569/2403/2856
f 2957/2745/3267 2956/2744/3266 2958/2746/3268
f 2959/2747/3269 2957/2745/3267 2958/2746/3268
f 2879/2680/3173 2957/2745/3267 2959/2747/3269
f 2561/2395/2847 2959/2747/3269 2960/2748/3270
f 2956/2744/3266 2561/2395/2847 2960/2748/3270
f 2561/2395/2847 2879/2680/3173 2959/2747/3269
f 2569/2403/2856 2561/2395/2847 2956/2744/3266
f 2908/2708/3211 2879/2680/3173 2561/2395/2847
f 2879/2680/3173 2908/2708/3211 2961/2749/3271
f 2962/2750/3272 2879/2680/3173 2961/2749/3271
f 2873/2674/3168 2879/2680/3173 2962/2750/3272
f 2908/2708/3211 2559/2393/2845 2963/2751/3273
f 2559/2393/2845 2962/2750/3272 2963/2751/3273
f 2962/2750/3272 2559/2393/2845 2873/2674/3168
f 2828/2633/3116 2827/2636/3119 2829/2752/3274
f 2969/2753/3275 2966/2754/1646 2965/2755/1648
f 2966/2754/1646 2969/2753/3275 2968/2756/3276
f 2969/2753/3275 2970/2757/3277 2968/2756/3276
f 2970/2757/3277 2969/2753/3275 2971/2758/3278
f 2975/2759/2600 2976/2760/3279 2974/2761/3280
f 2976/2760/3279 2975/2759/2600 2978/2762/3281
f 2978/2762/3281 2977/2763/3282 2976/2760/3279
f 2977/2763/3282 2978/2762/3281 2979/2764/3283
f 2980/2765/3284 2964/2766/3285 2975/2759/3286
f 2980/2765/3287 2979/2764/3288 2981/2767/3289
f 2982/2768/3290 2985/2769/3291 2983/2770/3292
f 2985/2769/3291 2984/2771/3293 2983/2770/3292
f 2982/2768/3294 2987/2772/3295 2986/2773/3296
f 2984/2771/3297 2986/2773/3296 2987/2772/3295
f 2987/2772/3295 2982/2768/3294 2980/2765/3298
f 2987/2772/3295 2823/2632/3299 2984/2771/3297
f 2823/2632/3300 2989/2774/3301 2988/2775/3302
f 2990/2776/3303 2823/2632/3300 2988/2775/3302
f 2989/2774/3304 2992/2777/3305 2991/2778/3306
f 2992/2777/3305 2990/2776/3307 2991/2778/3306
f 2992/2777/3305 2989/2774/3304 2987/2772/3295
f 2990/2776/3307 2992/2777/3305 2819/2628/3109
f 2819/2628/3109 2992/2777/3305 2993/2779/3308
f 2819/2628/3109 2993/2779/3308 2994/2780/947
f 2995/2781/3309 2819/2628/3109 2994/2780/947
f 2819/2628/3109 2995/2781/3309 2815/2623/3102
f 2898/2697/3195 2995/2781/3309 2996/2782/3310
f 2993/2779/3308 2898/2697/3195 2996/2782/3310
f 2995/2781/3309 2898/2697/3195 2815/2623/3102
f 2898/2697/3195 2993/2779/3308 2992/2777/3305
f 2523/2363/3311 2920/2716/3312 2527/2310/2220
f 2523/2363/2807 2868/2669/3163 2916/2714/3220
f 2997/2783/1687 3000/2784/3313 2998/2785/3314
f 3000/2784/3313 2997/2783/1687 3001/2786/2623
f 2999/2787/3315 3000/2784/3313 3002/2788/3316
f 3001/2786/2623 3002/2788/3316 3000/2784/3313
f 3003/2718/3317 3006/2789/3318 2459/2308/3319
f 3005/2721/961 3006/2789/3318 3004/2720/3320
f 3007/2790/3321 2459/2308/3319 3006/2789/3318
f 3006/2789/3318 3005/2721/961 3007/2790/3321
f 2456/2307/3322 2933/2728/3323 3005/2721/3324
f 3008/2791/3325 2933/2728/3323 2456/2307/3322
f 3010/2792/3326 2933/2728/3240 3009/2793/355
f 3008/2791/964 2898/2697/3327 3011/2569/3328
f 2898/2697/3327 3010/2792/3326 3011/2569/3328
f 2933/2728/3240 3010/2792/3326 2935/2729/3241
f 3013/2794/3329 2992/2777/3305 3012/2795/3330
f 2992/2777/3305 3014/2796/358 3012/2795/3330
f 2992/2777/3305 3013/2794/3329 2898/2697/3195
f 2935/2729/3331 2898/2697/3195 3013/2794/3329
f 3013/2794/3329 3015/2797/3332 2935/2729/3331
f 3014/2796/358 2935/2729/3331 3015/2797/3332
f 2992/2777/3305 2947/2735/3255 3014/2796/358
f 2935/2729/3331 3014/2796/358 2947/2735/3255
f 2947/2735/3255 2992/2777/3305 3016/2798/3333
f 2992/2777/3305 2987/2772/3295 3016/2798/3333
f 3016/2798/3333 3017/2799/2641 2947/2735/3255
f 3016/2798/3333 2987/2772/3295 3018/2800/3334
f 2987/2772/3295 3019/2801/3335 3018/2800/3334
f 3019/2801/3335 2947/2735/3255 3017/2799/2641
f 2987/2772/3295 2949/2736/3260 3019/2801/3335
f 2947/2735/3255 3019/2801/3335 2949/2736/3260
f 2949/2736/3260 2987/2772/3295 3020/2802/3336
f 2987/2772/3295 2980/2765/3298 3020/2802/3336
f 3020/2802/3336 2980/2765/3298 3021/2803/3337
f 2980/2765/3298 3022/2804/368 3021/2803/3337
f 3020/2802/3336 3023/2805/3338 2949/2736/3260
f 3022/2804/368 2949/2736/3260 3023/2805/3338
f 2980/2765/3298 2699/2518/2985 3022/2804/368
f 2949/2736/3260 3022/2804/368 2699/2518/2985
f 2980/2765/3287 2981/2767/3289 3024/2416/3339
f 3027/2806/3340 3025/2418/3341 3026/2807/2654
f 3024/2416/3342 3028/2420/3343 2699/2518/3344
f 3025/2418/3341 3027/2806/3340 3029/2419/3345
f 2981/2767/3346 2702/2521/3347 3027/2806/3348
f 3032/2424/3349 3033/2808/3350 3030/2423/3351
f 3033/2808/3350 3032/2424/3349 3034/2809/3352
f 3034/2809/3352 3031/2425/3353 3033/2808/3350
f 3031/2425/3353 3034/2809/3352 3035/2426/3354
f 3040/2810/3355 3038/2811/3356 3036/2812/3357
f 3039/2813/1585 3040/2810/3355 3037/2814/3358
f 3038/2811/3356 3040/2810/3355 3041/2815/3359
f 3040/2810/3355 3039/2813/1585 3041/2815/3359
f 3043/2763/3360 3044/2816/3361 3042/2764/3362
f 3044/2816/3363 2972/2761/3364 2973/2759/1738
f 3045/2817/3365 2972/2761/3364 3044/2816/3363
f 2583/2414/2867 2576/2409/2866 3043/2763/3366
f 2576/2409/3367 2967/2818/3368 2972/2761/3369
f 2967/2818/3368 3048/2819/3370 3047/2769/3371
f 3049/2820/3372 2967/2818/3368 3047/2769/3371
f 3050/2773/3373 3049/2820/3374 3046/2771/3375
f 3048/2819/3376 2569/2403/2856 3051/2821/3377
f 2576/2409/520 2569/2403/2856 3048/2819/3376
f 2569/2403/2856 2957/2745/3267 3049/2820/3378
f 3056/2822/3379 3053/2690/3380 3054/2823/3381
f 3055/2687/3382 3056/2822/3379 3054/2823/3381
f 3053/2690/3380 3056/2822/3379 3052/2688/3383
f 3056/2822/3379 3055/2687/3382 3057/2685/381
f 2767/2574/3384 2771/2582/3385 3055/2687/3386
f 3059/2824/3387 3060/2825/3388 3058/2826/3389
f 3060/2825/3388 3059/2824/3387 3061/2827/3390
f 3059/2824/3387 3062/2828/3391 3061/2827/3390
f 3062/2828/3391 3059/2824/3387 3063/2829/3392
f 2878/2678/3393 2887/2684/3394 3065/2830/3395
f 3068/2831/3396 3067/2832/3397 3066/2833/2693
f 3068/2831/2381 3065/2830/3398 3064/2575/3399
f 3067/2832/3397 3068/2831/3396 3069/2572/2700
f 3070/2834/3400 2878/2678/827 3067/2832/3401
f 2878/2678/827 3070/2834/3400 3071/2835/1027
f 3071/2835/1027 3070/2834/3400 3072/2836/3402
f 3070/2834/3400 3073/2837/1033 3072/2836/3402
f 3073/2837/1033 3070/2834/3400 2957/2745/3403
f 3074/2637/3404 3077/2838/2714 3075/2839/3405
f 3077/2838/2714 3076/2752/3406 3075/2839/3405
f 3078/2634/3407 3077/2838/2714 3074/2637/3404
f 3076/2752/3406 3077/2838/2714 3079/2636/3408
f 3080/2840/3409 3083/2841/3410 3081/2842/3411
f 3083/2841/3410 3082/2843/3412 3081/2842/3411
f 3083/2841/3410 3080/2840/3409 3084/2844/3413
f 3082/2843/3412 3083/2841/3410 3085/2845/3414
f 2763/2572/3415 3087/2846/3416 3086/2847/3417
f 3087/2846/3416 2765/2575/3418 3086/2847/3417
f 3088/2832/3419 3087/2846/3416 2763/2572/3415
f 2765/2575/3418 3087/2846/3416 3089/2830/3420
