# Blender 5.2.0 LTS
# www.blender.org
mtllib bugne.mtl
o THE_NET
v 0.721404 -0.007828 -0.137499
v 0.945938 0.059394 -0.244399
v 0.949017 0.074856 -0.234551
v 1.195309 -0.063170 -0.140453
v 1.190767 -0.080614 -0.146784
v 1.195309 -0.063170 0.140461
v 1.186031 -0.057204 -0.144701
v 0.958088 0.075584 -0.238575
v 0.954034 0.062243 -0.250506
v 1.186037 0.155771 -0.334361
v 1.194807 0.159752 -0.338891
v 1.187794 0.142694 -0.346770
v 1.187686 -0.071134 -0.156379
v 1.192258 0.152216 -0.354480
v 0.361854 0.539573 -0.204695
v 0.611423 0.741242 -0.152552
v 0.616540 0.728723 -0.140116
v 1.194134 0.697184 -0.140284
v 1.195529 0.714796 -0.146897
v 0.923022 0.619277 -0.247438
v 1.194232 0.481714 -0.354564
v 1.190985 0.492395 -0.346770
v 0.922997 0.605765 -0.235366
v 1.185314 0.479658 -0.334613
v 1.195529 0.714796 0.146905
v 1.194134 0.697184 0.140321
v 1.185314 0.479658 0.334623
v 1.194301 0.474609 0.338731
v 0.922997 0.605765 0.235375
v 1.190985 0.492395 0.346778
v 0.923022 0.619277 0.247447
v 1.194232 0.481714 0.354601
v 1.194807 0.159752 0.338899
v 1.192258 0.152216 0.354489
v 0.361854 0.539573 0.204704
v 0.616540 0.728723 0.140124
v 0.611423 0.741242 0.152561
v -1.204216 -0.398176 -0.023365
v -1.207078 -0.404355 -0.011603
v -1.201895 -0.401341 -0.026038
v -1.205930 -0.399433 -0.013489
v -1.191337 -0.332201 -0.037575
v -1.216143 -0.392014 -0.013601
v -1.234072 -0.397391 -0.024519
v -1.220466 -0.391748 -0.010759
v -1.185730 -0.305605 -0.047340
v -1.211661 -0.395595 -0.044300
v -1.196800 -0.391820 -0.030963
v -1.138385 -0.264866 -0.094361
v -1.133851 -0.256608 -0.098975
v -1.181412 -0.307890 -0.049029
v -1.181728 -0.298796 -0.048803
v -1.135950 -0.254581 -0.096274
v -1.066485 -0.107485 -0.089887
v -1.058480 -0.094565 -0.092785
v -1.200004 -0.217889 -0.040530
v -0.740299 0.161888 0.150282
v -0.750614 0.165868 0.164858
v -0.924318 -0.007966 0.182108
v -0.915614 -0.012128 0.166519
v -0.738103 0.158314 0.151661
v -0.924538 -0.017689 0.164830
v -0.751244 0.153619 0.148059
v -0.999317 0.072547 0.067694
v -0.928026 -0.022161 0.180954
v -0.920701 -0.020858 0.164690
v -0.972852 -0.170943 0.152984
v -0.965476 -0.168092 0.136888
v -0.973417 -0.180887 0.149916
v -0.969458 -0.175436 0.133792
v -1.030232 -0.307659 0.102868
v -1.028175 -0.314990 0.118569
v -1.034835 -0.314558 0.097972
v -1.060894 -0.380210 0.061587
v -1.065897 -0.365986 0.050669
v -1.028546 -0.327711 0.109621
v -1.175582 -0.414934 0.026076
v -1.166020 -0.408332 0.030803
v -1.187954 -0.419947 0.003170
v -1.201226 -0.418516 0.000018
v -1.184188 -0.437575 0.012400
v -1.194309 -0.438269 0.005506
v -1.175915 -0.433715 0.020391
v -1.171064 -0.415388 0.023515
v -1.173143 -0.416360 0.013440
v -1.166786 -0.432609 0.030352
v -1.193389 -0.417151 0.007616
v -1.203610 -0.433346 0.013413
v -1.188303 -0.414295 0.014566
v -1.201153 -0.428684 0.021658
v -1.192955 -0.411691 0.016340
v -1.201072 -0.413182 0.007616
v -1.189501 -0.407913 0.019041
v -1.179234 -0.411165 0.026216
v -1.200588 -0.420696 0.029255
v -1.147093 -0.357213 0.053933
v -1.196120 -0.402399 0.026216
v -1.154078 -0.365244 0.068678
v -1.201802 -0.414285 0.038991
v -1.201895 -0.401341 0.026048
v -1.201282 -0.405350 0.019688
v -1.167212 -0.419348 0.044732
v -1.197971 -0.409087 0.014876
v -1.221342 -0.418045 0.018365
v -1.202306 -0.407021 0.013131
v -1.207078 -0.404355 0.011640
v -1.206478 -0.410388 0.003142
v -1.209280 -0.403274 0.007673
v -1.212988 -0.401275 0.000018
v -1.206478 -0.410388 -0.003133
v -1.209280 -0.403274 -0.007635
v -1.215392 -0.398048 -0.008170
v -1.211027 -0.402450 -0.003977
v -1.211027 -0.402450 0.003986
v -1.215390 -0.398048 0.008179
v -1.220466 -0.391748 0.010796
v -1.212760 -0.395907 0.000018
v -1.204216 -0.398176 0.023374
v -1.205930 -0.399433 0.013497
v -1.216143 -0.392014 0.013610
v -1.191337 -0.332201 0.037584
v -1.234072 -0.397391 0.024556
v -1.185730 -0.305605 0.047349
v -1.211661 -0.395595 0.044338
v -1.196800 -0.391820 0.031000
v -1.181412 -0.307890 0.049065
v -1.138385 -0.264866 0.094369
v -1.133851 -0.256608 0.098984
v -1.135950 -0.254581 0.096283
v -1.181728 -0.298796 0.048812
v -1.066485 -0.107485 0.089895
v -1.200004 -0.217889 0.040567
v -1.058480 -0.094565 0.092794
v -1.201160 -0.228115 0.038541
v -1.187623 -0.304841 0.043606
v -1.218826 -0.380105 0.012878
v -1.206634 -0.293765 0.003732
v -1.208326 -0.292748 0.000018
v -1.209359 -0.322075 0.000018
v -1.219472 -0.390267 0.006913
v -1.219472 -0.390267 -0.006904
v -1.218826 -0.380105 -0.012869
v -1.187623 -0.304841 -0.043569
v -1.201160 -0.228115 -0.038533
v -1.206634 -0.293765 -0.003724
v -1.204795 -0.285593 0.000018
v -1.198997 -0.217514 -0.036957
v -1.099821 -0.077484 0.000018
v -1.092576 -0.063172 0.000018
v -1.198997 -0.217514 0.036966
v -1.193152 -0.208217 0.041468
v -1.091172 -0.064220 0.003480
v -1.005942 0.063159 0.066343
v -1.059954 -0.093739 0.089276
v -1.051037 -0.088085 0.093975
v -0.996409 0.070170 0.070113
v -1.012068 0.077764 0.081622
v -0.925993 -0.015570 0.162269
v -1.068936 -0.081777 0.104556
v -0.932664 -0.024895 0.162045
v -1.071489 -0.092945 0.106750
v -1.138583 -0.246080 0.116064
v -1.126445 -0.248485 0.101264
v -1.054882 -0.096975 0.094426
v -1.135070 -0.263927 0.114658
v -1.132771 -0.338506 0.085309
v -1.128887 -0.258454 0.098843
v -1.124791 -0.331677 0.070311
v -1.125781 -0.339630 0.066652
v -1.132213 -0.348515 0.081116
v -1.132771 -0.338506 -0.085300
v -1.167212 -0.419348 -0.044723
v -1.132213 -0.348515 -0.081107
v -1.125781 -0.339630 -0.066644
v -1.166020 -0.408332 -0.030765
v -1.175582 -0.414934 -0.026067
v -1.171064 -0.415388 -0.023506
v -1.166786 -0.432609 -0.030344
v -1.175915 -0.433715 -0.020382
v -1.173143 -0.416360 -0.013432
v -1.184188 -0.437575 -0.012391
v -1.187954 -0.419947 -0.003161
v -1.194309 -0.438269 -0.005469
v -1.203608 -0.433346 -0.013404
v -1.193389 -0.417151 -0.007607
v -1.188303 -0.414295 -0.014558
v -1.201153 -0.428684 -0.021649
v -1.192956 -0.411691 -0.016330
v -1.189501 -0.407913 -0.019032
v -1.179234 -0.411165 -0.026179
v -1.147093 -0.357213 -0.053925
v -1.200588 -0.420696 -0.029247
v -1.154078 -0.365244 -0.068641
v -1.196120 -0.402399 -0.026208
v -1.201802 -0.414285 -0.038983
v -1.201282 -0.405350 -0.019679
v -1.197971 -0.409087 -0.014867
v -1.201072 -0.413182 -0.007579
v -1.221342 -0.418045 -0.018357
v -1.202306 -0.407021 -0.013123
v -1.193152 -0.208217 -0.041459
v -1.059954 -0.093739 -0.089267
v -1.005942 0.063159 -0.066334
v -0.999317 0.072547 -0.067656
v -1.091172 -0.064220 -0.003470
v -0.998601 0.072419 -0.064167
v -1.085189 -0.056282 0.000018
v -0.794733 0.212885 0.000018
v -0.784617 0.222168 0.000018
v -0.998601 0.072419 0.064176
v -0.783761 0.220554 0.003621
v -0.607114 0.346771 0.105372
v -0.741545 0.163313 0.146540
v -0.731008 0.165523 0.150620
v -0.596961 0.349361 0.108692
v -0.605370 0.360497 0.121355
v -0.743939 0.175508 0.162241
v -0.059522 0.002803 -0.167888
v 0.153010 0.150566 -0.208550
v 0.154121 0.141251 -0.223435
v 0.465702 0.083942 -0.210548
v 0.683633 0.193456 -0.341114
v 0.686868 0.205981 -0.328395
v 0.470567 0.097283 -0.198786
v 0.694091 0.208958 -0.331968
v 0.949610 0.080567 -0.239728
v 0.947058 0.069336 -0.253432
v 0.413417 0.314916 -0.293389
v 1.194301 0.474609 -0.338722
v 0.642267 0.510870 -0.348346
v 0.646420 0.510699 -0.331519
v 0.421116 0.315052 -0.277125
v -0.164820 0.168684 -0.232609
v -0.160961 0.167220 -0.249408
v -0.342620 -0.005421 -0.255458
v -0.334776 -0.010623 -0.271019
v -0.350281 -0.011144 -0.253235
v -0.344685 -0.023980 -0.265306
v -0.512540 -0.131153 -0.153003
v -0.510251 -0.144862 -0.164822
v 1.190767 -0.080614 0.146792
v 0.721404 -0.007828 0.137535
v 0.945938 0.059394 0.244436
v 0.949017 0.074856 0.234587
v 1.186031 -0.057204 0.144711
v 1.187686 -0.071134 0.156389
v 0.954034 0.062243 0.250514
v 1.187794 0.142694 0.346778
v 0.958088 0.075584 0.238611
v 1.186037 0.155771 0.334397
v 0.949610 0.080567 0.239737
v 0.694091 0.208958 0.331977
v 0.947058 0.069336 0.253441
v 0.683633 0.193456 0.341122
v 0.465702 0.083942 0.210556
v 0.686868 0.205981 0.328403
v 0.470567 0.097283 0.198795
v 0.413417 0.314916 0.293399
v 0.421116 0.315052 0.277162
v 0.646420 0.510699 0.331527
v 0.642267 0.510870 0.348382
v -0.164820 0.168684 0.232617
v -0.160961 0.167220 0.249445
v -0.342620 -0.005421 0.255495
v -0.334776 -0.010623 0.271028
v 0.154121 0.141251 0.223445
v -0.059522 0.002803 0.167926
v 0.153010 0.150566 0.208558
v 0.458358 0.080525 0.204000
v 0.216728 0.019733 0.088460
v 0.462016 0.095982 0.194236
v -0.486038 0.205530 -0.255515
v -0.485247 0.213736 -0.270934
v -0.261249 0.349058 -0.178835
v -0.258390 0.337398 -0.165440
v -0.622725 0.018293 0.214608
v -0.485247 0.213736 0.270943
v -0.486038 0.205530 0.255523
v -0.261249 0.349058 0.178844
v -0.258390 0.337398 0.165450
v -0.783761 0.220554 -0.003583
v -0.607114 0.346771 -0.105363
v -0.741545 0.163313 -0.146530
v -0.740299 0.161888 -0.150273
v -0.751244 0.153619 -0.148050
v -0.924538 -0.017689 -0.164822
v -0.996409 0.070170 -0.070104
v -0.925993 -0.015570 -0.162260
v -1.051037 -0.088085 -0.093967
v -1.012068 0.077764 -0.081614
v -1.068936 -0.081777 -0.104519
v -1.071489 -0.092945 -0.106714
v -0.932664 -0.024895 -0.162036
v -1.126445 -0.248485 -0.101254
v -1.138583 -0.246080 -0.116028
v -1.054882 -0.096975 -0.094417
v -1.135070 -0.263927 -0.114621
v -1.128887 -0.258454 -0.098835
v -1.124791 -0.331677 -0.070302
v -0.805598 -0.143862 0.169360
v -0.805322 -0.152262 0.184696
v -0.634061 0.006836 0.228875
v -0.630075 0.011655 0.212583
v -0.628097 0.016510 0.231211
v -0.493881 0.198894 0.256086
v -0.495258 0.197949 0.273110
v -0.960881 -0.350996 -0.043035
v -0.872410 -0.271521 -0.105335
v -0.881138 -0.257444 -0.095374
v -0.874404 -0.253361 -0.100185
v -0.869678 -0.266507 -0.112173
v -0.810397 -0.161117 -0.177990
v -0.812742 -0.149618 -0.164428
v -0.805598 -0.143862 -0.169351
v -0.805322 -0.152262 -0.184688
v -0.634061 0.006836 -0.228867
v -0.630075 0.011655 -0.212574
v -0.628097 0.016510 -0.231202
v -0.622725 0.018293 -0.214600
v -0.493881 0.198894 -0.256077
v -0.495259 0.197949 -0.273102
v -0.605370 0.360497 -0.121347
v -0.596961 0.349361 -0.108656
v -0.743939 0.175508 -0.162233
v -0.731008 0.165523 -0.150611
v -0.915614 -0.012128 -0.166510
v -0.924318 -0.007966 -0.182071
v -0.750614 0.165868 -0.164822
v -0.738103 0.158314 -0.151624
v -0.928026 -0.022161 -0.180946
v -0.920701 -0.020858 -0.164681
v -0.972852 -0.170943 -0.152975
v -0.965476 -0.168092 -0.136851
v -0.969458 -0.175436 -0.133756
v -1.028175 -0.314990 -0.118560
v -0.973417 -0.180887 -0.149907
v -1.030232 -0.307659 -0.102830
v -1.034835 -0.314558 -0.097962
v -1.060894 -0.380210 -0.061578
v -1.028546 -0.327711 -0.109612
v -1.065897 -0.365986 -0.050660
v -0.960881 -0.350996 0.043043
v -0.872410 -0.271521 0.105372
v -0.881138 -0.257444 0.095383
v -0.869678 -0.266507 0.112182
v -0.874404 -0.253361 0.100194
v -0.810397 -0.161117 0.177999
v -0.812742 -0.149618 0.164436
v 0.216728 0.019733 -0.088452
v 0.458358 0.080525 -0.203991
v 0.462016 0.095982 -0.194227
v -0.350281 -0.011144 0.253272
v -0.344685 -0.023980 0.265316
v -0.512540 -0.131153 0.153012
v -0.510251 -0.144862 0.164830
v 0.956562 -0.033109 -0.003640
v 0.721404 -0.007828 -0.137499
v 1.187861 -0.062389 -0.140284
v 0.949017 0.074856 -0.234551
v 0.956196 -0.034939 0.000018
v 0.948984 0.076402 -0.238294
v 0.713935 -0.007078 -0.137188
v 1.195309 -0.063170 -0.140453
v 1.195309 -0.063170 0.140461
v 1.187861 -0.062389 0.140293
v 1.186031 -0.057204 -0.144701
v 0.958088 0.075584 -0.238575
v 1.186037 0.155771 -0.334361
v 1.194807 0.159752 -0.338891
v 0.013299 0.488866 -0.093516
v -0.253251 0.357779 -0.176499
v -0.264488 0.354372 -0.175880
v 0.351545 0.537333 -0.204217
v 0.022836 0.493192 -0.094304
v 0.001660 0.486690 -0.093995
v 0.350191 0.540146 -0.198982
v 0.593552 0.743002 -0.142450
v 0.033670 0.477343 -0.088170
v 0.361344 0.526980 -0.189162
v 0.329871 0.626712 -0.005610
v 0.329894 0.628671 0.000018
v 0.610832 0.749924 -0.143576
v 0.372182 0.527293 -0.193608
v 0.645358 0.518027 -0.329155
v 0.361854 0.539573 -0.204695
v 0.640175 0.532186 -0.340101
v 0.641263 0.523658 -0.347164
v 0.903840 0.618958 -0.246426
v 0.914004 0.619873 -0.247382
v 0.611423 0.741242 -0.152552
v 0.627957 0.749335 -0.143717
v 0.914648 0.623217 -0.241810
v 1.184979 0.715334 -0.146813
v 0.907369 0.731465 -0.006060
v 0.907064 0.733453 0.000018
v 1.195529 0.714796 -0.146897
v 0.923022 0.619277 -0.247438
v 1.190985 0.492395 -0.346770
v 1.191202 0.706822 -0.155563
v 1.195529 0.714796 0.146905
v 1.191686 0.716166 0.135312
v 1.191686 0.716166 -0.135304
v 0.916309 0.732890 0.000018
v 1.184979 0.715334 0.146821
v 0.907369 0.731465 0.006096
v 0.627957 0.749335 0.143725
v 0.610832 0.749924 0.143585
v 0.896566 0.731907 0.000018
v 0.610490 0.750431 -0.132208
v 0.340667 0.630974 0.000018
v 0.610490 0.750431 0.132216
v 0.914648 0.623217 0.241820
v 0.914004 0.619873 0.247391
v 1.191202 0.706822 0.155572
v 1.190985 0.492395 0.346778
v 0.923022 0.619277 0.247447
v 1.194807 0.159752 0.338899
v 1.185380 0.167202 0.338731
v 1.186662 0.474916 0.338787
v 0.940693 0.342504 0.335157
v 0.938862 0.342479 0.352181
v 1.189415 0.166557 0.355558
v 1.183873 0.482315 0.354404
v 0.931320 0.349952 0.350211
v 0.656677 0.522790 0.347398
v 0.932027 0.347110 0.333328
v 0.641263 0.523658 0.347172
v 0.653889 0.515445 0.331780
v 0.903840 0.618958 0.246462
v 0.640175 0.532186 0.340109
v 0.361854 0.539573 0.204704
v 0.351545 0.537333 0.204225
v 0.645358 0.518027 0.329163
v 0.372182 0.527293 0.193644
v 0.611423 0.741242 0.152561
v 0.361344 0.526980 0.189170
v 0.033670 0.477343 0.088179
v 0.350191 0.540146 0.198991
v 0.593552 0.743002 0.142459
v 0.022836 0.493192 0.094341
v 0.329871 0.626712 0.005618
v -1.227048 -0.420964 -0.005722
v -1.204216 -0.398176 -0.023365
v -1.207078 -0.404355 -0.011603
v -1.201895 -0.401341 -0.026038
v -1.205930 -0.399433 -0.013489
v -1.225995 -0.407264 -0.021002
v -1.226345 -0.401360 -0.030906
v -1.211661 -0.395595 -0.044300
v -1.196800 -0.391820 -0.030963
v -1.134782 -0.335217 -0.066193
v -1.181728 -0.298796 -0.048803
v -1.201789 -0.298578 -0.059074
v -1.155764 -0.251331 -0.106348
v -1.135950 -0.254581 -0.096274
v -0.753894 0.171213 0.162016
v -0.502561 0.209338 0.272125
v -0.924318 -0.007966 0.182108
v -0.641956 0.018195 0.228875
v -0.634874 0.018583 0.212498
v -0.915614 -0.012128 0.166519
v -0.815685 -0.147716 0.167053
v -1.018544 0.083278 0.073124
v -0.823549 -0.147723 0.183261
v -0.818089 -0.144551 0.166856
v -0.972852 -0.170943 0.152984
v -0.965476 -0.168092 0.136888
v -0.882708 -0.256524 0.098731
v -0.881703 -0.264955 0.113336
v -1.030232 -0.307659 0.102868
v -0.886730 -0.254079 0.099716
v -1.028175 -0.314990 0.118569
v -1.038313 -0.313412 0.100588
v -0.894104 -0.263118 0.095973
v -0.969217 -0.355043 0.042143
v -1.034835 -0.314558 0.097972
v -1.065897 -0.365986 0.050669
v -1.073215 -0.370164 0.048868
v -0.980265 -0.359020 0.040454
v -1.048997 -0.384192 0.000018
v -1.050998 -0.383270 0.003508
v -1.144617 -0.419921 0.012682
v -1.156941 -0.424587 0.010825
v -1.071349 -0.371148 0.045322
v -1.101589 -0.383084 0.038766
v -1.159098 -0.421613 0.013638
v -1.175582 -0.414934 0.026076
v -1.179012 -0.418931 0.011471
v -1.166020 -0.408332 0.030803
v -1.167450 -0.422787 0.008123
v -1.173280 -0.421916 0.000018
v -1.175209 -0.420995 0.004071
v -1.187954 -0.419947 0.003170
v -1.201226 -0.418516 0.000018
v -1.177109 -0.420074 0.007475
v -1.171064 -0.415388 0.023515
v -1.173143 -0.416360 0.013440
v -1.181428 -0.415578 0.019632
v -1.183815 -0.416455 0.013357
v -1.193389 -0.417151 0.007616
v -1.188303 -0.414295 0.014566
v -1.192955 -0.411691 0.016340
v -1.201072 -0.413182 0.007616
v -1.189501 -0.407913 0.019041
v -1.179234 -0.411165 0.026216
v -1.200588 -0.420696 0.029255
v -1.191347 -0.419746 0.039048
v -1.196120 -0.402399 0.026216
v -1.201895 -0.401341 0.026048
v -1.201282 -0.405350 0.019688
v -1.167212 -0.419348 0.044732
v -1.197971 -0.409087 0.014876
v -1.202306 -0.407021 0.013131
v -1.207078 -0.404355 0.011640
v -1.206478 -0.410388 0.003142
v -1.206478 -0.410388 -0.003133
v -1.228344 -0.414235 -0.012869
v -1.227048 -0.420964 0.005731
v -1.228344 -0.414235 0.012878
v -1.212760 -0.395907 0.000018
v -1.236741 -0.401581 0.000018
v -1.225995 -0.407264 0.021010
v -1.226345 -0.401360 0.030944
v -1.204216 -0.398176 0.023374
v -1.205930 -0.399433 0.013497
v -1.211661 -0.395595 0.044338
v -1.196800 -0.391820 0.031000
v -1.134782 -0.335217 0.066202
v -1.201789 -0.298578 0.059083
v -1.155764 -0.251331 0.106385
v -1.135950 -0.254581 0.096283
v -1.181728 -0.298796 0.048812
v -1.219472 -0.390267 0.006913
v -1.219472 -0.390267 -0.006904
v -1.051037 -0.088085 0.093975
v -0.925993 -0.015570 0.162269
v -1.068936 -0.081777 0.104556
v -0.942465 -0.007248 0.172822
v -1.138583 -0.246080 0.116064
v -0.985369 -0.172073 0.149213
v -0.976930 -0.170837 0.133174
v -1.126445 -0.248485 0.101264
v -1.132771 -0.338506 0.085309
v -1.048753 -0.315714 0.116093
v -1.041984 -0.310653 0.100307
v -1.124791 -0.331677 0.070311
v -1.046922 -0.319099 0.096311
v -1.077816 -0.368002 0.050107
v -1.132771 -0.338506 -0.085300
v -1.038313 -0.313412 -0.100579
v -1.046922 -0.319099 -0.096303
v -1.073214 -0.370164 -0.048859
v -1.167212 -0.419348 -0.044723
v -1.077815 -0.368002 -0.050098
v -1.166020 -0.408332 -0.030765
v -1.175582 -0.414934 -0.026067
v -1.101589 -0.383084 -0.038757
v -1.156941 -0.424587 -0.010815
v -1.159098 -0.421613 -0.013629
v -1.171064 -0.415388 -0.023506
v -1.173143 -0.416360 -0.013432
v -1.179012 -0.418931 -0.011462
v -1.155694 -0.423391 -0.006988
v -1.166386 -0.419854 0.000018
v -1.155694 -0.423391 0.006997
v -1.082289 -0.394098 0.000018
v -1.167450 -0.422787 -0.008114
v -1.175209 -0.420995 -0.004062
v -1.177109 -0.420074 -0.007467
v -1.187954 -0.419947 -0.003161
v -1.193389 -0.417151 -0.007607
v -1.183815 -0.416455 -0.013348
v -1.181428 -0.415578 -0.019622
v -1.188303 -0.414295 -0.014558
v -1.192956 -0.411691 -0.016330
v -1.189501 -0.407913 -0.019032
v -1.179234 -0.411165 -0.026179
v -1.200588 -0.420696 -0.029247
v -1.191347 -0.419746 -0.039010
v -1.196120 -0.402399 -0.026208
v -1.201282 -0.405350 -0.019679
v -1.197971 -0.409087 -0.014867
v -1.201072 -0.413182 -0.007579
v -1.202306 -0.407021 -0.013123
v -1.018544 0.083278 -0.073115
v -1.018263 0.084255 -0.062817
v -0.812158 0.226672 0.000018
v -0.801560 0.236332 0.000018
v -1.018263 0.084255 0.062826
v -0.990710 0.078677 0.068200
v -1.005949 0.092015 0.074728
v -0.800729 0.234497 0.005702
v -0.624532 0.358663 0.111647
v -0.610581 0.368028 0.112632
v -0.756172 0.173840 0.156783
v -0.741545 0.163313 0.146540
v -0.731008 0.165523 0.150620
v -0.275477 0.350491 0.175635
v -0.605370 0.360497 0.121355
v -0.743939 0.175508 0.162241
v -0.506987 0.217782 0.264865
v -0.497825 0.205125 0.253666
v -0.071538 0.000378 -0.167157
v 0.205330 0.020177 -0.087551
v -0.059522 0.002803 -0.167888
v -0.053760 -0.010063 -0.179904
v 0.204104 0.023023 -0.090140
v 0.448458 0.095739 -0.197351
v 0.461445 0.097467 -0.197773
v 0.153010 0.150566 -0.208550
v 0.151767 0.153097 -0.211082
v 0.159388 0.146633 -0.228923
v 0.455616 0.089814 -0.212264
v 0.669290 0.200856 -0.344406
v 0.163228 0.154071 -0.213418
v 0.459797 0.101420 -0.199010
v 0.677187 0.208915 -0.329886
v 0.686410 0.209044 -0.331687
v 0.939503 0.076999 -0.237730
v 0.686868 0.205981 -0.328395
v 0.470567 0.097283 -0.198786
v 0.694091 0.208958 -0.331968
v 0.949610 0.080567 -0.239728
v 1.187284 0.160156 -0.338695
v 0.947058 0.069336 -0.253432
v 0.695509 0.201597 -0.347698
v 1.182165 0.153004 -0.354114
v 0.921195 0.343101 -0.351075
v 0.681805 0.213037 -0.348205
v 0.413417 0.314916 -0.293389
v 0.685817 0.213025 -0.331350
v 0.938862 0.342479 -0.352145
v 1.189415 0.166557 -0.355550
v 1.185380 0.167202 -0.338722
v 0.940693 0.342504 -0.335149
v 1.186662 0.474916 -0.338778
v 0.653889 0.515445 -0.331772
v 1.183873 0.482315 -0.354396
v 0.932027 0.347110 -0.333320
v 0.931320 0.349952 -0.350203
v 0.656677 0.522790 -0.347389
v 0.921604 0.342816 -0.334023
v 0.421116 0.315052 -0.277125
v 0.636507 0.513350 -0.329634
v 0.625384 0.518656 -0.344181
v 0.409849 0.317895 -0.274171
v 0.087371 0.343696 -0.213109
v 0.401990 0.319561 -0.290323
v 0.079303 0.350130 -0.228219
v 0.070735 0.347220 -0.226278
v 0.397825 0.311681 -0.274874
v 0.150152 0.156922 -0.210998
v -0.154392 0.175724 -0.234889
v 0.150036 0.151459 -0.227375
v 0.393361 0.310242 -0.291617
v -0.154364 0.175628 -0.251969
v -0.073212 0.004203 -0.168536
v -0.065291 -0.005670 -0.182127
v -0.342620 -0.005421 -0.255458
v -0.334776 -0.010623 -0.271019
v -0.351997 -0.008740 -0.256330
v -0.081560 -0.002684 -0.166932
v -0.250230 -0.158034 -0.106039
v -0.350281 -0.011144 -0.253235
v -0.251943 -0.155093 -0.108374
v -0.246239 -0.167895 -0.120474
v -0.512540 -0.131153 -0.153003
v -0.510251 -0.144862 -0.164822
v -0.522061 -0.133966 -0.152581
v -0.260351 -0.159643 -0.105391
v -0.475835 -0.196364 0.000018
v -0.477077 -0.194907 -0.003387
v -0.521365 -0.135293 -0.149176
v -0.724728 -0.239391 -0.071033
v 1.186504 -0.062069 0.134130
v 1.186504 -0.062069 -0.134122
v 0.965158 -0.036009 0.000018
v 0.956562 -0.033109 0.003648
v 0.721404 -0.007828 0.137535
v 0.949017 0.074856 0.234587
v 0.948984 0.076402 0.238330
v 0.713935 -0.007078 0.137197
v 0.946849 -0.034122 0.000018
v 1.186031 -0.057204 0.144711
v 0.958088 0.075584 0.238611
v 1.186037 0.155771 0.334397
v 1.182165 0.153004 0.354151
v 1.187284 0.160156 0.338703
v 0.949610 0.080567 0.239737
v 0.694091 0.208958 0.331977
v 0.947058 0.069336 0.253441
v 0.695509 0.201597 0.347736
v 0.686410 0.209044 0.331696
v 0.939503 0.076999 0.237767
v 0.686868 0.205981 0.328403
v 0.470567 0.097283 0.198795
v 0.461445 0.097467 0.197781
v 0.677187 0.208915 0.329895
v 0.459797 0.101420 0.199019
v 0.163228 0.154071 0.213426
v 0.455616 0.089814 0.212272
v 0.669290 0.200856 0.344415
v 0.159388 0.146633 0.228931
v 0.151767 0.153097 0.211120
v 0.413417 0.314916 0.293399
v 0.681805 0.213037 0.348214
v 0.921195 0.343101 0.351084
v 0.685817 0.213025 0.331386
v 0.421116 0.315052 0.277162
v 0.921604 0.342816 0.334031
v 0.625384 0.518656 0.344190
v 0.636507 0.513350 0.329642
v 0.409849 0.317895 0.274207
v 0.087371 0.343696 0.213145
v 0.401990 0.319561 0.290331
v 0.079303 0.350130 0.228256
v 0.070735 0.347220 0.226286
v 0.397825 0.311681 0.274882
v 0.150152 0.156922 0.211035
v 0.150036 0.151459 0.227384
v -0.154392 0.175724 0.234925
v 0.393361 0.310242 0.291626
v -0.154364 0.175628 0.251978
v -0.342620 -0.005421 0.255495
v -0.334776 -0.010623 0.271028
v -0.073212 0.004203 0.168544
v -0.071538 0.000378 0.167194
v -0.065291 -0.005670 0.182164
v -0.351997 -0.008740 0.256339
v -0.053760 -0.010063 0.179913
v -0.059522 0.002803 0.167926
v 0.153010 0.150566 0.208558
v 0.448458 0.095739 0.197387
v 0.204104 0.023023 0.090149
v 0.205330 0.020177 0.087559
v 0.216728 0.019733 0.088460
v 0.462016 0.095982 0.194236
v 0.704968 -0.006451 0.136662
v 0.481655 0.007555 0.003508
v 0.482333 0.005785 0.000018
v 0.491300 0.005033 0.000018
v 0.714023 -0.006762 0.133202
v 0.714023 -0.006762 -0.133165
v -0.486038 0.205530 -0.255515
v -0.502561 0.209338 -0.272116
v -0.485247 0.213736 -0.270934
v -0.168338 0.175986 -0.232525
v 0.062999 0.337426 -0.211617
v -0.167119 0.179393 -0.249295
v 0.060631 0.344695 -0.227319
v -0.247481 0.345005 -0.164400
v 0.075003 0.342850 -0.208269
v 0.348093 0.521748 -0.191864
v 0.069002 0.351929 -0.222732
v 0.339060 0.533455 -0.203878
v 0.015071 0.484850 -0.098385
v -0.622725 0.018293 0.214608
v -0.485247 0.213736 0.270943
v -0.167119 0.179393 0.249305
v 0.060632 0.344695 0.227355
v -0.486038 0.205530 0.255523
v -0.168338 0.175986 0.232533
v 0.062999 0.337426 0.211625
v -0.264488 0.354372 0.175917
v -0.247481 0.345005 0.164408
v 0.075003 0.342850 0.208277
v 0.348093 0.521748 0.191872
v 0.069002 0.351929 0.222741
v 0.339060 0.533455 0.203888
v -0.253251 0.357779 0.176508
v 0.015071 0.484850 0.098422
v 0.013299 0.488866 0.093526
v 0.001660 0.486690 0.094003
v -0.305414 0.428467 0.000018
v -0.265534 0.357436 0.170684
v -0.591844 0.372044 0.112154
v -0.304114 0.426885 0.005674
v -0.316636 0.424334 0.000018
v -0.610339 0.368880 -0.101311
v -0.791385 0.240690 0.000018
v -0.610339 0.368880 0.101320
v -0.610581 0.368028 -0.112623
v -0.624532 0.358663 -0.111610
v -0.753894 0.171213 -0.161979
v -0.800729 0.234497 -0.005666
v -1.005949 0.092015 -0.074719
v -0.756172 0.173840 -0.156773
v -0.990710 0.078677 -0.068163
v -0.741545 0.163313 -0.146530
v -0.925993 -0.015570 -0.162260
v -1.051037 -0.088085 -0.093967
v -1.068936 -0.081777 -0.104519
v -0.942465 -0.007248 -0.172813
v -0.985369 -0.172073 -0.149204
v -0.976930 -0.170837 -0.133165
v -1.126445 -0.248485 -0.101254
v -1.138583 -0.246080 -0.116028
v -1.048753 -0.315714 -0.116084
v -1.041984 -0.310653 -0.100270
v -1.124791 -0.331677 -0.070302
v -0.805598 -0.143862 0.169360
v -0.522060 -0.133966 0.152590
v -0.524750 -0.130484 0.153968
v -0.523649 -0.142738 0.167053
v -0.805322 -0.152262 0.184696
v -0.354143 -0.005007 0.255917
v -0.628097 0.016510 0.231211
v -0.355956 -0.004845 0.272942
v -0.736213 -0.241565 -0.069908
v -0.489532 -0.199920 0.000018
v -0.736213 -0.241565 0.069917
v -0.735445 -0.241095 -0.066390
v -0.735445 -0.241095 0.066399
v -0.834479 -0.290641 0.000018
v -0.843092 -0.293045 0.000018
v -0.745091 -0.245423 0.069523
v -0.745091 -0.245423 -0.069514
v -0.844985 -0.291871 -0.003302
v -0.960881 -0.350996 -0.043035
v -0.881138 -0.257444 -0.095374
v -0.882708 -0.256524 -0.098722
v -0.874404 -0.253361 -0.100185
v -0.869678 -0.266507 -0.112173
v -0.737733 -0.239004 -0.072187
v -0.535618 -0.138028 -0.151004
v -0.812742 -0.149618 -0.164428
v -0.815685 -0.147716 -0.167045
v -0.805598 -0.143862 -0.169351
v -0.524750 -0.130484 -0.153960
v -0.523649 -0.142738 -0.167045
v -0.805322 -0.152262 -0.184688
v -0.628097 0.016510 -0.231202
v -0.355956 -0.004845 -0.272932
v -0.354143 -0.005007 -0.255908
v -0.622725 0.018293 -0.214600
v 0.316759 0.624606 0.000018
v 0.013152 0.489654 -0.087495
v -0.293741 0.432220 0.000018
v 0.013152 0.489654 0.087504
v -0.265534 0.357436 -0.170674
v -0.591844 0.372044 -0.112144
v -0.304114 0.426885 -0.005666
v -0.275477 0.350491 -0.175599
v -0.605370 0.360497 -0.121347
v -0.743939 0.175508 -0.162233
v -0.731008 0.165523 -0.150611
v -0.506987 0.217782 -0.264857
v -0.497825 0.205125 -0.253657
v -0.634874 0.018583 -0.212489
v -0.915614 -0.012128 -0.166510
v -0.641956 0.018195 -0.228839
v -0.924318 -0.007966 -0.182071
v -0.823549 -0.147723 -0.183252
v -0.818089 -0.144551 -0.166819
v -0.972852 -0.170943 -0.152975
v -0.965476 -0.168092 -0.136851
v -0.881703 -0.264955 -0.113326
v -1.028175 -0.314990 -0.118560
v -0.886730 -0.254079 -0.099707
v -1.030232 -0.307659 -0.102830
v -0.894104 -0.263118 -0.095964
v -0.969217 -0.355043 -0.042134
v -1.034835 -0.314558 -0.097962
v -1.065897 -0.365986 -0.050660
v -0.980265 -0.359020 -0.040446
v -1.071349 -0.371148 -0.045314
v -1.144617 -0.419921 -0.012673
v -1.050998 -0.383270 -0.003499
v -1.040875 -0.380618 0.000018
v -0.969025 -0.354538 -0.038533
v -0.855109 -0.298409 0.000018
v -0.969025 -0.354538 0.038541
v -0.960881 -0.350996 0.043043
v -0.844985 -0.291871 0.003310
v -0.881138 -0.257444 0.095383
v -0.869678 -0.266507 0.112182
v -0.737733 -0.239004 0.072196
v -0.874404 -0.253361 0.100194
v -0.535618 -0.138028 0.151014
v -0.812742 -0.149618 0.164436
v 0.704968 -0.006451 -0.136654
v 0.481655 0.007555 -0.003470
v 0.216728 0.019733 -0.088452
v 0.462016 0.095982 -0.194227
v 0.469789 0.004118 0.000018
v 0.205359 0.020271 -0.083865
v 0.205359 0.020271 0.083901
v -0.019660 -0.069962 0.000018
v -0.031567 -0.071946 0.000018
v 0.194020 0.015982 0.087981
v -0.070694 -0.001077 0.163620
v -0.241589 -0.154525 0.105766
v -0.032237 -0.070239 0.003536
v -0.250230 -0.158034 0.106047
v -0.081560 -0.002684 0.166941
v -0.251943 -0.155093 0.108383
v -0.350281 -0.011144 0.253272
v -0.246239 -0.167895 0.120483
v -0.512540 -0.131153 0.153012
v -0.510251 -0.144862 0.164830
v -0.260351 -0.159643 0.105400
v -0.521365 -0.135293 0.149185
v -0.724728 -0.239391 0.071042
v -0.477077 -0.194907 0.003395
v -0.250365 -0.157591 0.102276
v -0.466262 -0.193772 0.000018
v -0.041432 -0.074790 0.000018
v -0.250365 -0.157591 -0.102268
v -0.032237 -0.070239 -0.003527
v -0.241589 -0.154525 -0.105757
v 0.194020 0.015982 -0.087973
v -0.070694 -0.001077 -0.163583
v 0.721478 -0.025539 -0.143998
v 1.180882 -0.079384 -0.146531
v 0.721404 -0.007828 -0.137499
v 1.187861 -0.062389 -0.140284
v 0.945938 0.059394 -0.244399
v 0.948984 0.076402 -0.238294
v 0.713935 -0.007078 -0.137188
v 1.195309 -0.063170 -0.140453
v 1.186934 -0.081202 -0.134628
v 1.187861 -0.062389 0.140293
v 1.186031 -0.057204 -0.144701
v 0.958088 0.075584 -0.238575
v 1.186037 0.155771 -0.334361
v 1.194807 0.159752 -0.338891
v 0.022836 0.493192 -0.094304
v 0.001660 0.486690 -0.093995
v 0.350191 0.540146 -0.198982
v 0.593552 0.743002 -0.142450
v 0.033670 0.477343 -0.088170
v 0.361344 0.526980 -0.189162
v 0.606956 0.728280 -0.136428
v 0.362275 0.525524 -0.192933
v 0.616179 0.732481 -0.137555
v 0.022371 0.472483 -0.087213
v 0.372182 0.527293 -0.193608
v 0.645835 0.515563 -0.331997
v 0.645358 0.518027 -0.329155
v 0.903636 0.605130 -0.234635
v 0.913466 0.606234 -0.235394
v 0.640175 0.532186 -0.340101
v 0.903840 0.618958 -0.246426
v 0.616540 0.728723 -0.140116
v 0.627957 0.749335 -0.143717
v 0.624492 0.731794 -0.137301
v 0.913976 0.607938 -0.231512
v 1.186387 0.697619 -0.140368
v 0.914648 0.623217 -0.241810
v 1.184979 0.715334 -0.146813
v 1.194134 0.697184 -0.140284
v 0.922997 0.605765 -0.235366
v 1.185314 0.479658 -0.334613
v 1.185421 0.693233 -0.144196
v 1.195529 0.714796 0.146905
v 1.185468 0.697622 -0.134712
v 1.191686 0.716166 -0.135304
v 0.916309 0.732890 0.000018
v 0.915613 0.713760 0.000018
v 1.184979 0.715334 0.146821
v 0.907369 0.731465 0.006096
v 0.627957 0.749335 0.143725
v 0.906213 0.712493 0.003874
v 1.186387 0.697619 0.140377
v 0.624492 0.731794 0.137338
v 0.610832 0.749924 0.143585
v 0.896566 0.731907 0.000018
v 0.610490 0.750431 -0.132208
v 0.340667 0.630974 0.000018
v 0.616098 0.731851 -0.133728
v 0.896205 0.712776 0.000018
v 0.352007 0.613891 0.000018
v 0.914004 0.619873 0.247391
v 1.190985 0.492395 0.346778
v 0.923022 0.619277 0.247447
v 1.194232 0.481714 0.354601
v 0.938862 0.342479 0.352181
v 1.189630 0.469288 0.355445
v 1.189415 0.166557 0.355558
v 1.192258 0.152216 0.354489
v 0.930408 0.343073 0.352069
v 1.183873 0.482315 0.354404
v 0.931320 0.349952 0.350211
v 0.656677 0.522790 0.347398
v 0.641263 0.523658 0.347172
v 0.913919 0.613558 0.250542
v 0.903636 0.605130 0.234644
v 0.903840 0.618958 0.246462
v 0.640175 0.532186 0.340109
v 0.361854 0.539573 0.204704
v 0.351545 0.537333 0.204225
v 0.372182 0.527293 0.193644
v 0.616540 0.728723 0.140124
v 0.611423 0.741242 0.152561
v 0.606956 0.728280 0.136438
v 0.033670 0.477343 0.088179
v 0.593552 0.743002 0.142459
v 0.022836 0.493192 0.094341
v 0.342190 0.610163 0.003621
v 0.329871 0.626712 0.005618
v -1.204216 -0.398176 -0.023365
v -1.207078 -0.404355 -0.011603
v -1.201895 -0.401341 -0.026038
v -1.205930 -0.399433 -0.013489
v -1.191337 -0.332201 -0.037575
v -1.226345 -0.401360 -0.030906
v -1.211035 -0.333499 -0.048099
v -1.216143 -0.392014 -0.013601
v -1.220466 -0.391748 -0.010759
v -1.185730 -0.305605 -0.047340
v -1.196800 -0.391820 -0.030963
v -1.130278 -0.337314 -0.067938
v -1.134782 -0.335217 -0.066193
v -1.138385 -0.264866 -0.094361
v -1.133851 -0.256608 -0.098975
v -1.181412 -0.307890 -0.049029
v -1.181728 -0.298796 -0.048803
v -1.155764 -0.251331 -0.106348
v -1.083971 -0.102412 -0.101283
v -1.135950 -0.254581 -0.096274
v -1.066485 -0.107485 -0.089887
v -1.058480 -0.094565 -0.092785
v -1.196059 -0.219132 -0.042978
v -1.200004 -0.217889 -0.040530
v -0.753894 0.171213 0.162016
v -0.516797 0.201585 0.269480
v -0.502561 0.209338 0.272125
v -0.637695 0.012688 0.230592
v -0.750614 0.165868 0.164858
v -0.924318 -0.007966 0.182108
v -0.641956 0.018195 0.228875
v -0.937413 -0.013704 0.179068
v -0.765303 0.163102 0.159400
v -1.018544 0.083278 0.073124
v -0.650134 0.007391 0.227890
v -0.817492 -0.155161 0.182726
v -0.928026 -0.022161 0.180954
v -0.823549 -0.147723 0.183261
v -0.972852 -0.170943 0.152984
v -0.979626 -0.176258 0.151211
v -0.825642 -0.161955 0.179997
v -0.876010 -0.269108 0.110775
v -0.973417 -0.180887 0.149916
v -0.881703 -0.264955 0.113336
v -1.028175 -0.314990 0.118569
v -1.038669 -0.323070 0.115333
v -0.885802 -0.275519 0.107708
v -0.958847 -0.371018 0.048418
v -0.972043 -0.352888 0.044479
v -0.964974 -0.366423 0.055565
v -1.060894 -0.380210 0.061587
v -1.065897 -0.365986 0.050669
v -1.028546 -0.327711 0.109621
v -0.980265 -0.359020 0.040454
v -1.068488 -0.384669 0.059561
v -0.973083 -0.376309 0.045970
v -1.050998 -0.383270 0.003508
v -1.144617 -0.419921 0.012682
v -1.040968 -0.400696 0.005308
v -1.135338 -0.436429 0.018647
v -1.154712 -0.443063 0.015045
v -1.159098 -0.421613 0.013638
v -1.167450 -0.422787 0.008123
v -1.175209 -0.420995 0.004071
v -1.187954 -0.419947 0.003170
v -1.179907 -0.439797 0.003958
v -1.194309 -0.438269 0.005506
v -1.184881 -0.436530 0.016930
v -1.175915 -0.433715 0.020391
v -1.159746 -0.436323 0.024556
v -1.096071 -0.397748 0.049093
v -1.173143 -0.416360 0.013440
v -1.180472 -0.429600 0.036543
v -1.183815 -0.416455 0.013357
v -1.193389 -0.417151 0.007616
v -1.190701 -0.434082 0.018140
v -1.203610 -0.433346 0.013413
v -1.205334 -0.425703 0.024359
v -1.201072 -0.413182 0.007616
v -1.217171 -0.426202 0.013666
v -1.200588 -0.420696 0.029255
v -1.191347 -0.419746 0.039048
v -1.154078 -0.365244 0.068678
v -1.201802 -0.414285 0.038991
v -1.217394 -0.410321 0.036825
v -1.138410 -0.344895 0.082607
v -1.167212 -0.419348 0.044732
v -1.221342 -0.418045 0.018365
v -1.226511 -0.414494 0.017522
v -1.206478 -0.410388 0.003142
v -1.206478 -0.410388 -0.003133
v -1.209280 -0.403274 -0.007635
v -1.215392 -0.398048 -0.008170
v -1.228344 -0.414235 -0.012869
v -1.236267 -0.408211 -0.010927
v -1.227048 -0.420964 0.005731
v -1.232818 -0.411948 0.004015
v -1.211027 -0.402450 0.003986
v -1.215390 -0.398048 0.008179
v -1.243848 -0.396508 0.015354
v -1.236741 -0.401581 0.000018
v -1.225995 -0.407264 0.021010
v -1.211034 -0.333499 0.048109
v -1.205930 -0.399433 0.013497
v -1.216143 -0.392014 0.013610
v -1.191337 -0.332201 0.037584
v -1.234072 -0.397391 0.024556
v -1.205950 -0.306615 0.057423
v -1.211661 -0.395595 0.044338
v -1.181412 -0.307890 0.049065
v -1.200436 -0.309980 0.060040
v -1.144786 -0.341815 0.080722
v -1.153369 -0.270027 0.107257
v -1.148120 -0.257764 0.112998
v -1.201789 -0.298578 0.059083
v -1.155764 -0.251331 0.106385
v -1.083971 -0.102412 0.101292
v -1.181728 -0.298796 0.048812
v -1.196059 -0.219132 0.042988
v -1.066485 -0.107485 0.089895
v -1.214041 -0.216993 0.054749
v -1.223057 -0.213492 0.046110
v -1.201160 -0.228115 0.038541
v -1.218826 -0.380105 0.012878
v -1.225026 -0.228389 0.043859
v -1.242634 -0.379116 0.018253
v -1.231612 -0.292520 0.005140
v -1.206634 -0.293765 0.003732
v -1.209359 -0.322075 0.000018
v -1.234397 -0.320546 0.000018
v -1.219472 -0.390267 -0.006904
v -1.244242 -0.391991 -0.004568
v -1.242634 -0.379116 -0.018244
v -1.209004 -0.305406 -0.052517
v -1.225026 -0.228389 -0.043851
v -1.218826 -0.380105 -0.012869
v -1.187623 -0.304841 -0.043569
v -1.201160 -0.228115 -0.038533
v -1.204795 -0.285593 0.000018
v -1.229596 -0.282550 0.000018
v -1.222784 -0.211600 -0.035381
v -1.122254 -0.068829 0.000018
v -1.198997 -0.217514 -0.036957
v -1.099821 -0.077484 0.000018
v -1.193152 -0.208217 0.041468
v -1.213903 -0.199598 0.047292
v -1.076437 -0.089079 0.103684
v -1.113432 -0.055596 0.005365
v -1.027713 0.070172 0.072140
v -1.091172 -0.064220 0.003480
v -1.005942 0.063159 0.066343
v -1.051037 -0.088085 0.093975
v -0.996409 0.070170 0.070113
v -1.012068 0.077764 0.081622
v -1.068936 -0.081777 0.104556
v -0.942465 -0.007248 0.172822
v -0.946171 -0.024473 0.176451
v -1.071489 -0.092945 0.106750
v -1.138583 -0.246080 0.116064
v -0.985369 -0.172073 0.149213
v -0.987948 -0.186462 0.147356
v -1.135070 -0.263927 0.114658
v -1.132771 -0.338506 0.085309
v -1.048753 -0.315714 0.116093
v -1.077816 -0.368002 0.050107
v -1.132213 -0.348515 0.081116
v -1.074698 -0.381651 0.061897
v -1.049110 -0.331278 0.109396
v -1.038313 -0.313412 -0.100579
v -1.046922 -0.319099 -0.096303
v -1.073214 -0.370164 -0.048859
v -1.077815 -0.368002 -0.050098
v -1.125781 -0.339630 -0.066644
v -1.166020 -0.408332 -0.030765
v -1.175582 -0.414934 -0.026067
v -1.096071 -0.397748 -0.049085
v -1.101589 -0.383084 -0.038757
v -1.156941 -0.424587 -0.010815
v -1.159098 -0.421613 -0.013629
v -1.171064 -0.415388 -0.023506
v -1.166786 -0.432609 -0.030344
v -1.173143 -0.416360 -0.013432
v -1.179012 -0.418931 -0.011462
v -1.172962 -0.441239 -0.010646
v -1.191166 -0.431744 -0.025897
v -1.184188 -0.437575 -0.012391
v -1.165900 -0.439019 0.000018
v -1.149555 -0.441658 -0.004034
v -1.071635 -0.411463 0.000018
v -1.155694 -0.423391 -0.006988
v -1.166386 -0.419854 0.000018
v -1.082289 -0.394098 0.000018
v -1.167450 -0.422787 -0.008114
v -1.177109 -0.420074 -0.007467
v -1.187954 -0.419947 -0.003161
v -1.181428 -0.415578 -0.019622
v -1.188303 -0.414295 -0.014558
v -1.201153 -0.428684 -0.021649
v -1.192956 -0.411691 -0.016330
v -1.189501 -0.407913 -0.019032
v -1.179234 -0.411165 -0.026179
v -1.147093 -0.357213 -0.053925
v -1.196120 -0.402399 -0.026208
v -1.217371 -0.418089 -0.026179
v -1.210696 -0.423538 -0.021986
v -1.197971 -0.409087 -0.014867
v -1.193152 -0.208217 -0.041459
v -1.059954 -0.093739 -0.089267
v -1.005942 0.063159 -0.066334
v -0.999317 0.072547 -0.067656
v -1.079095 -0.087146 -0.098637
v -1.027714 0.070172 -0.072131
v -1.213903 -0.199598 -0.047283
v -1.106881 -0.046586 0.000018
v -1.018263 0.084255 -0.062817
v -0.812158 0.226672 0.000018
v -0.998601 0.072419 -0.064167
v -1.085189 -0.056282 0.000018
v -0.794733 0.212885 0.000018
v -0.990710 0.078677 0.068200
v -1.005949 0.092015 0.074728
v -0.800729 0.234497 0.005702
v -0.624532 0.358663 0.111647
v -0.610581 0.368028 0.112632
v -0.783761 0.220554 0.003621
v -0.607114 0.346771 0.105372
v -0.275477 0.350491 0.175635
v -0.605370 0.360497 0.121355
v -0.743939 0.175508 0.162241
v -0.506987 0.217782 0.264865
v -0.228756 -0.169307 -0.112201
v -0.060896 -0.014461 -0.173855
v 0.203172 -0.000273 -0.094501
v -0.071538 0.000378 -0.167157
v 0.205330 0.020177 -0.087551
v -0.059522 0.002803 -0.167888
v -0.053760 -0.010063 -0.179904
v 0.448452 0.081658 -0.208916
v 0.204104 0.023023 -0.090140
v 0.448458 0.095739 -0.197351
v 0.461445 0.097467 -0.197773
v 0.153010 0.150566 -0.208550
v 0.151767 0.153097 -0.211082
v 0.154121 0.141251 -0.223435
v 0.163228 0.154071 -0.213418
v 0.459797 0.101420 -0.199010
v 0.677187 0.208915 -0.329886
v 0.686410 0.209044 -0.331687
v 0.412865 0.310276 -0.274508
v 0.411576 0.314100 -0.275943
v 0.939503 0.076999 -0.237730
v 0.713589 -0.003919 -0.139665
v 0.470567 0.097283 -0.198786
v 0.694091 0.208958 -0.331968
v 0.949610 0.080567 -0.239728
v 1.187284 0.160156 -0.338695
v 0.931153 0.338841 -0.333320
v 0.931340 0.342976 -0.334979
v 0.685817 0.213025 -0.331350
v 1.185380 0.167202 -0.338722
v 1.185442 0.468701 -0.338610
v 0.940693 0.342504 -0.335149
v 1.194301 0.474609 -0.338722
v 1.186662 0.474916 -0.338778
v 0.913357 0.601943 -0.236942
v 0.653889 0.515445 -0.331772
v 0.932027 0.347110 -0.333320
v 0.646420 0.510699 -0.331519
v 0.921604 0.342816 -0.334023
v 0.421116 0.315052 -0.277125
v 0.636507 0.513350 -0.329634
v 0.409849 0.317895 -0.274171
v 0.087371 0.343696 -0.213109
v 0.363381 0.521669 -0.194424
v 0.075994 0.340416 -0.210745
v 0.397825 0.311681 -0.274874
v 0.077652 0.336875 -0.210604
v 0.150152 0.156922 -0.210998
v -0.154392 0.175724 -0.234889
v -0.166759 0.172320 -0.234072
v 0.139735 0.149407 -0.212068
v -0.164820 0.168684 -0.232609
v -0.073212 0.004203 -0.168536
v -0.342620 -0.005421 -0.255458
v -0.351997 -0.008740 -0.256330
v -0.081560 -0.002684 -0.166932
v -0.250230 -0.158034 -0.106039
v -0.251943 -0.155093 -0.108374
v -0.512540 -0.131153 -0.153003
v -0.522061 -0.133966 -0.152581
v -0.257892 -0.177458 -0.111413
v -0.260351 -0.159643 -0.105391
v -0.718362 -0.256553 -0.077308
v -0.518066 -0.150805 -0.158885
v -0.521365 -0.135293 -0.149176
v -0.724728 -0.239391 -0.071033
v 1.186504 -0.062069 -0.134122
v 0.960078 -0.054745 0.000018
v 0.965158 -0.036009 0.000018
v 1.180882 -0.079384 0.146540
v 0.952865 -0.051786 0.006349
v 0.721478 -0.025539 0.144007
v 0.956562 -0.033109 0.003648
v 0.721404 -0.007828 0.137535
v 0.946210 0.062929 0.250317
v 0.946849 -0.034122 0.000018
v 1.187686 -0.071134 0.156389
v 0.954034 0.062243 0.250514
v 1.187794 0.142694 0.346778
v 1.182165 0.153004 0.354151
v 0.947058 0.069336 0.253441
v 0.695509 0.201597 0.347736
v 0.930014 0.335940 0.350211
v 0.682899 0.202551 0.347566
v 0.938120 0.063460 0.249782
v 0.944956 -0.053215 0.000018
v 0.710588 -0.018275 0.150789
v 0.683633 0.193456 0.341122
v 0.713589 -0.003919 0.139673
v 0.465702 0.083942 0.210556
v 0.470567 0.097283 0.198795
v 0.457842 0.083903 0.209572
v 0.455616 0.089814 0.212272
v 0.669290 0.200856 0.344415
v 0.159388 0.146633 0.228931
v 0.405628 0.306859 0.290584
v 0.404269 0.313460 0.292273
v 0.152151 0.145834 0.226878
v 0.413417 0.314916 0.293399
v 0.681805 0.213037 0.348214
v 0.921195 0.343101 0.351084
v 0.642267 0.510870 0.348382
v 0.625384 0.518656 0.344190
v 0.087371 0.343696 0.213145
v 0.401990 0.319561 0.290331
v 0.079303 0.350130 0.228256
v 0.070735 0.347220 0.226286
v 0.352620 0.531520 0.207123
v 0.363381 0.521669 0.194432
v 0.073366 0.340993 0.227018
v 0.150036 0.151459 0.227384
v 0.393361 0.310242 0.291626
v -0.154364 0.175628 0.251978
v -0.164603 0.173229 0.251077
v -0.160961 0.167220 0.249445
v 0.144142 0.142922 0.227862
v -0.334776 -0.010623 0.271028
v -0.065291 -0.005670 0.182164
v -0.063057 -0.011487 0.179294
v -0.349976 -0.015565 0.272237
v -0.053760 -0.010063 0.179913
v 0.154121 0.141251 0.223445
v 0.448452 0.081658 0.208952
v 0.204104 0.023023 0.090149
v 0.208468 0.006436 0.098112
v 0.209782 0.002831 0.094116
v 0.216178 0.002055 0.094989
v 0.699387 -0.023860 0.142656
v 0.216728 0.019733 0.088460
v 0.704968 -0.006451 0.136662
v 0.481655 0.007555 0.003508
v 0.479324 -0.011285 0.005984
v 0.487627 -0.013931 0.000018
v 0.491300 0.005033 0.000018
v 0.711257 -0.025696 -0.134741
v 0.714023 -0.006762 -0.133165
v -0.496623 0.202785 -0.256584
v -0.486038 0.205530 -0.255515
v -0.168338 0.175986 -0.232525
v 0.062999 0.337426 -0.211617
v -0.258390 0.337398 -0.165440
v -0.260371 0.340974 -0.164034
v -0.247481 0.345005 -0.164400
v 0.075003 0.342850 -0.208269
v 0.348093 0.521748 -0.191864
v 0.069002 0.351929 -0.222732
v 0.339060 0.533455 -0.203878
v 0.023572 0.469922 -0.089380
v -0.485247 0.213736 0.270943
v -0.167119 0.179393 0.249305
v 0.060632 0.344695 0.227355
v -0.264488 0.354372 0.175917
v -0.261249 0.349058 0.178844
v -0.247481 0.345005 0.164408
v 0.069002 0.351929 0.222741
v 0.339060 0.533455 0.203888
v -0.253251 0.357779 0.176508
v 0.023572 0.469922 0.089389
v 0.015071 0.484850 0.098422
v 0.013299 0.488866 0.093526
v 0.008814 0.469842 0.087532
v 0.001660 0.486690 0.094003
v -0.587702 0.354540 0.105822
v -0.297752 0.408524 0.003451
v -0.591844 0.372044 0.112154
v -0.304114 0.426885 0.005674
v -0.309624 0.405939 0.000018
v -0.599233 0.352460 -0.106320
v -0.598617 0.351984 -0.102578
v -0.316636 0.424334 0.000018
v -0.775367 0.225928 0.000018
v -0.610339 0.368880 -0.101311
v -0.791385 0.240690 0.000018
v -0.624532 0.358663 -0.111610
v -1.005949 0.092015 -0.074719
v -0.607114 0.346771 -0.105363
v -0.756172 0.173840 -0.156773
v -0.990710 0.078677 -0.068163
v -0.741545 0.163313 -0.146530
v -0.740299 0.161888 -0.150273
v -0.751244 0.153619 -0.148050
v -0.924538 -0.017689 -0.164822
v -0.996409 0.070170 -0.070104
v -0.925993 -0.015570 -0.162260
v -0.765303 0.163102 -0.159390
v -1.051037 -0.088085 -0.093967
v -0.942465 -0.007248 -0.172813
v -0.932664 -0.024895 -0.162036
v -0.973252 -0.173088 -0.134937
v -0.976930 -0.170837 -0.133165
v -1.126445 -0.248485 -0.101254
v -1.054882 -0.096975 -0.094417
v -0.983030 -0.182782 -0.130942
v -1.041984 -0.310653 -0.100270
v -1.128887 -0.258454 -0.098835
v -1.124791 -0.331677 -0.070302
v -0.523649 -0.142738 0.167053
v -0.805322 -0.152262 0.184696
v -0.519689 -0.147864 0.164211
v -0.364849 -0.020602 0.269283
v -0.634061 0.006836 0.228875
v -0.628097 0.016510 0.231211
v -0.355956 -0.004845 0.272942
v -0.174937 0.169850 0.250739
v -0.495258 0.197949 0.273110
v -0.736213 -0.241565 -0.069908
v -0.482321 -0.218255 0.000018
v -0.728885 -0.258195 0.076754
v -0.489532 -0.199920 0.000018
v -0.735445 -0.241095 -0.066390
v -0.726998 -0.258769 -0.069570
v -0.834479 -0.290641 0.000018
v -0.824549 -0.308226 0.000018
v -0.745091 -0.245423 0.069523
v -0.736276 -0.261992 0.075685
v -0.745091 -0.245423 -0.069514
v -0.736276 -0.261992 -0.075677
v -0.960881 -0.350996 -0.043035
v -0.947587 -0.365433 -0.049704
v -0.872410 -0.271521 -0.105335
v -0.881138 -0.257444 -0.095374
v -0.882708 -0.256524 -0.098722
v -0.874404 -0.253361 -0.100185
v -0.532061 -0.151521 -0.162880
v -0.737733 -0.239004 -0.072187
v -0.535618 -0.138028 -0.151004
v -0.810397 -0.161117 -0.177990
v -0.812742 -0.149618 -0.164428
v -0.815685 -0.147716 -0.167045
v -0.805598 -0.143862 -0.169351
v -0.524750 -0.130484 -0.153960
v -0.361690 -0.011268 -0.254529
v -0.630075 0.011655 -0.212574
v -0.632143 0.015038 -0.214065
v -0.354143 -0.005007 -0.255908
v -0.622725 0.018293 -0.214600
v -0.177160 0.168847 -0.233735
v -0.493881 0.198894 -0.256077
v 0.327683 0.607334 0.000018
v 0.316759 0.624606 0.000018
v 0.013152 0.489654 -0.087495
v -0.293741 0.432220 0.000018
v 0.022520 0.472326 -0.083950
v -0.285561 0.414106 0.000018
v 0.008814 0.469842 -0.087523
v -0.260855 0.342459 -0.160516
v -0.587702 0.354540 -0.105813
v -0.265534 0.357436 -0.170674
v -0.591844 0.372044 -0.112144
v -0.596961 0.349361 -0.108656
v -0.271133 0.337091 -0.163780
v -0.731008 0.165523 -0.150611
v -0.506987 0.217782 -0.264857
v -0.497825 0.205125 -0.253657
v -0.505394 0.198583 -0.254501
v -0.634874 0.018583 -0.212489
v -0.915614 -0.012128 -0.166510
v -0.738103 0.158314 -0.151624
v -0.644709 0.009079 -0.211280
v -0.920701 -0.020858 -0.164681
v -0.818089 -0.144551 -0.166819
v -0.965476 -0.168092 -0.136851
v -0.824909 -0.152455 -0.165159
v -0.969458 -0.175436 -0.133756
v -0.886730 -0.254079 -0.099707
v -1.030232 -0.307659 -0.102830
v -0.885802 -0.275519 -0.107670
v -0.894104 -0.263118 -0.095964
v -0.969217 -0.355043 -0.042134
v -1.034835 -0.314558 -0.097962
v -0.972043 -0.352888 -0.044470
v -1.028546 -0.327711 -0.109612
v -1.065897 -0.365986 -0.050660
v -0.980265 -0.359020 -0.040446
v -1.071349 -0.371148 -0.045314
v -1.065443 -0.386572 -0.054628
v -1.144617 -0.419921 -0.012673
v -0.973083 -0.376309 -0.045933
v -1.135337 -0.436429 -0.018638
v -1.040875 -0.380618 0.000018
v -0.969025 -0.354538 -0.038533
v -0.855109 -0.298409 0.000018
v -1.030227 -0.397983 0.000018
v -0.956686 -0.371215 -0.039151
v -0.841153 -0.314332 0.000018
v -0.947587 -0.365433 0.049713
v -0.832326 -0.308171 0.005955
v -0.960881 -0.350996 0.043043
v -0.844985 -0.291871 0.003310
v -0.869678 -0.266507 0.112182
v -0.731865 -0.253860 0.082213
v -0.532061 -0.151521 0.162888
v -0.737733 -0.239004 0.072196
v -0.810397 -0.161117 0.177999
v 0.704968 -0.006451 -0.136654
v 0.699387 -0.023860 -0.142648
v 0.216178 0.002055 -0.094980
v 0.216728 0.019733 -0.088452
v 0.458358 0.080525 -0.203991
v 0.462016 0.095982 -0.194227
v 0.471578 -0.014985 0.000018
v 0.210116 0.002293 -0.088818
v 0.469789 0.004118 0.000018
v 0.205359 0.020271 -0.083865
v -0.019660 -0.069962 0.000018
v -0.011541 -0.088078 0.000018
v 0.203172 -0.000273 0.094510
v 0.194020 0.015982 0.087981
v -0.241589 -0.154525 0.105766
v -0.032237 -0.070239 0.003536
v -0.020773 -0.087101 0.005927
v -0.228756 -0.169307 0.112238
v -0.242433 -0.174632 0.112716
v -0.072668 -0.014362 0.179040
v -0.344685 -0.023980 0.265316
v -0.510251 -0.144862 0.164830
v -0.260351 -0.159643 0.105400
v -0.724728 -0.239391 0.071042
v -0.257892 -0.177458 0.111422
v -0.718362 -0.256553 0.077317
v -0.477077 -0.194907 0.003395
v -0.471751 -0.213425 0.005759
v -0.460795 -0.212480 0.000018
v -0.029781 -0.091777 0.000018
v -0.466262 -0.193772 0.000018
v -0.041432 -0.074790 0.000018
v -0.250365 -0.157591 -0.102268
v -0.241732 -0.175581 -0.102436
v -0.241589 -0.154525 -0.105757
v 0.194020 0.015982 -0.087973
v -0.070694 -0.001077 -0.163583
v 1.187861 -0.062389 -0.140284
v 0.945938 0.059394 -0.244399
v 0.949017 0.074856 -0.234551
v 1.186934 -0.081202 -0.134628
v 1.187861 -0.062389 0.140293
v 1.186031 -0.057204 -0.144701
v 1.186037 0.155771 -0.334361
v 1.187794 0.142694 -0.346770
v 1.187686 -0.071134 -0.156379
v 1.190985 0.492395 -0.346770
v 1.191202 0.706822 -0.155563
v 1.185314 0.479658 -0.334613
v 1.185421 0.693233 -0.144196
v 1.185468 0.697622 -0.134712
v 1.191686 0.716166 0.135312
v 1.191686 0.716166 -0.135304
v 1.185468 0.697622 0.134749
v 1.185421 0.693233 0.144232
v 1.185314 0.479658 0.334623
v 1.191202 0.706822 0.155572
v 1.190985 0.492395 0.346778
v 1.185380 0.167202 0.338731
v 1.186662 0.474916 0.338787
v 1.185442 0.468701 0.338618
v 1.189630 0.469288 0.355445
v 1.189415 0.166557 0.355558
v 0.913919 0.613558 0.250542
v 0.913357 0.601943 0.236980
v -1.226511 -0.414494 -0.017512
v -1.215845 -0.434068 0.000018
v -1.227048 -0.420964 -0.005722
v -1.225995 -0.407264 -0.021002
v -1.217394 -0.410321 -0.036815
v -1.226345 -0.401360 -0.030906
v -1.211035 -0.333499 -0.048099
v -1.243848 -0.396508 -0.015318
v -1.234072 -0.397391 -0.024519
v -1.205950 -0.306615 -0.057413
v -1.211661 -0.395595 -0.044300
v -1.134782 -0.335217 -0.066193
v -1.138385 -0.264866 -0.094361
v -1.144786 -0.341815 -0.080685
v -1.153369 -0.270027 -0.107248
v -1.148120 -0.257764 -0.112961
v -1.200436 -0.309980 -0.060002
v -1.201789 -0.298578 -0.059074
v -1.155764 -0.251331 -0.106348
v -1.083971 -0.102412 -0.101283
v -1.076437 -0.089079 -0.103675
v -1.214041 -0.216993 -0.054740
v -1.223057 -0.213492 -0.046102
v -0.505394 0.198583 0.254510
v -0.753894 0.171213 0.162016
v -0.516797 0.201585 0.269480
v -0.641956 0.018195 0.228875
v -0.634874 0.018583 0.212498
v -0.937413 -0.013704 0.179068
v -0.644709 0.009079 0.211316
v -0.765303 0.163102 0.159400
v -1.018544 0.083278 0.073124
v -0.650134 0.007391 0.227890
v -0.823549 -0.147723 0.183261
v -0.818089 -0.144551 0.166856
v -0.824909 -0.152455 0.165168
v -0.882708 -0.256524 0.098731
v -0.825642 -0.161955 0.179997
v -0.881703 -0.264955 0.113336
v -0.886730 -0.254079 0.099716
v -0.885802 -0.275519 0.107708
v -0.894104 -0.263118 0.095973
v -0.972043 -0.352888 0.044479
v -0.964974 -0.366423 0.055565
v -1.101589 -0.383084 0.038766
v -1.159098 -0.421613 0.013638
v -1.167450 -0.422787 0.008123
v -1.179907 -0.439797 0.003958
v -1.172962 -0.441239 0.010655
v -1.159746 -0.436323 0.024556
v -1.096071 -0.397748 0.049093
v -1.181428 -0.415578 0.019632
v -1.183815 -0.416455 0.013357
v -1.190701 -0.434082 0.018140
v -1.191167 -0.431744 0.025906
v -1.205334 -0.425703 0.024359
v -1.201072 -0.413182 0.007616
v -1.217171 -0.426202 0.013666
v -1.179234 -0.411165 0.026216
v -1.147093 -0.357213 0.053933
v -1.191347 -0.419746 0.039048
v -1.154078 -0.365244 0.068678
v -1.217394 -0.410321 0.036825
v -1.201282 -0.405350 0.019688
v -1.197971 -0.409087 0.014876
v -1.217371 -0.418089 0.026188
v -1.210696 -0.423538 0.021996
v -1.221342 -0.418045 0.018365
v -1.226511 -0.414494 0.017522
v -1.228344 -0.414235 -0.012869
v -1.236267 -0.408211 -0.010927
v -1.232818 -0.411948 -0.004005
v -1.235516 -0.409699 0.000018
v -1.227048 -0.420964 0.005731
v -1.232818 -0.411948 0.004015
v -1.228344 -0.414235 0.012878
v -1.236265 -0.408211 0.010936
v -1.243848 -0.396508 0.015354
v -1.236741 -0.401581 0.000018
v -1.225995 -0.407264 0.021010
v -1.244242 -0.391991 0.004577
v -1.226345 -0.401360 0.030944
v -1.211034 -0.333499 0.048109
v -1.234072 -0.397391 0.024556
v -1.205950 -0.306615 0.057423
v -1.211661 -0.395595 0.044338
v -1.134782 -0.335217 0.066202
v -1.200436 -0.309980 0.060040
v -1.144786 -0.341815 0.080722
v -1.138385 -0.264866 0.094369
v -1.153369 -0.270027 0.107257
v -1.148120 -0.257764 0.112998
v -1.201789 -0.298578 0.059083
v -1.155764 -0.251331 0.106385
v -1.083971 -0.102412 0.101292
v -1.214041 -0.216993 0.054749
v -1.223057 -0.213492 0.046110
v -1.209004 -0.305406 0.052526
v -1.225026 -0.228389 0.043859
v -1.242634 -0.379116 0.018253
v -1.233356 -0.291157 0.000018
v -1.231612 -0.292520 0.005140
v -1.234397 -0.320546 0.000018
v -1.244242 -0.391991 -0.004568
v -1.242634 -0.379116 -0.018244
v -1.209004 -0.305406 -0.052517
v -1.225026 -0.228389 -0.043851
v -1.231612 -0.292520 -0.005131
v -1.229596 -0.282550 0.000018
v -1.222784 -0.211600 -0.035381
v -1.122254 -0.068829 0.000018
v -1.114866 -0.054329 0.000018
v -1.222784 -0.211600 0.035390
v -1.213903 -0.199598 0.047292
v -1.076437 -0.089079 0.103684
v -1.113432 -0.055596 0.005365
v -1.027713 0.070172 0.072140
v -1.079095 -0.087146 0.098675
v -1.012068 0.077764 0.081622
v -1.068936 -0.081777 0.104556
v -0.942465 -0.007248 0.172822
v -0.932664 -0.024895 0.162045
v -0.946171 -0.024473 0.176451
v -1.138583 -0.246080 0.116064
v -0.985369 -0.172073 0.149213
v -0.976930 -0.170837 0.133174
v -0.987948 -0.186462 0.147356
v -0.983030 -0.182782 0.130951
v -1.048753 -0.315714 0.116093
v -1.041984 -0.310653 0.100307
v -1.046922 -0.319099 0.096311
v -1.077816 -0.368002 0.050107
v -1.074698 -0.381651 0.061897
v -1.049110 -0.331278 0.109396
v -1.049110 -0.331278 -0.109387
v -1.046922 -0.319099 -0.096303
v -1.074698 -0.381651 -0.061887
v -1.077815 -0.368002 -0.050098
v -1.096071 -0.397748 -0.049085
v -1.101589 -0.383084 -0.038757
v -1.159098 -0.421613 -0.013629
v -1.159746 -0.436323 -0.024547
v -1.172962 -0.441239 -0.010646
v -1.191166 -0.431744 -0.025897
v -1.167450 -0.422787 -0.008114
v -1.179907 -0.439797 -0.003921
v -1.190701 -0.434082 -0.018131
v -1.183815 -0.416455 -0.013348
v -1.181428 -0.415578 -0.019622
v -1.205334 -0.425703 -0.024322
v -1.179234 -0.411165 -0.026179
v -1.147093 -0.357213 -0.053925
v -1.191347 -0.419746 -0.039010
v -1.154078 -0.365244 -0.068641
v -1.201282 -0.405350 -0.019679
v -1.217371 -0.418089 -0.026179
v -1.210696 -0.423538 -0.021986
v -1.217171 -0.426202 -0.013629
v -1.197971 -0.409087 -0.014867
v -1.201072 -0.413182 -0.007579
v -1.221342 -0.418045 -0.018357
v -1.079095 -0.087146 -0.098637
v -1.027714 0.070172 -0.072131
v -1.213903 -0.199598 -0.047283
v -1.113432 -0.055596 -0.005356
v -1.018544 0.083278 -0.073115
v -1.106881 -0.046586 0.000018
v -1.018263 0.084255 -0.062817
v -0.812158 0.226672 0.000018
v -0.801560 0.236332 0.000018
v -1.018263 0.084255 0.062826
v -0.800729 0.234497 0.005702
v -0.624532 0.358663 0.111647
v -0.756172 0.173840 0.156783
v -0.271133 0.337091 0.163789
v -0.275477 0.350491 0.175635
v -0.506987 0.217782 0.264865
v 0.448452 0.081658 -0.208916
v 0.204104 0.023023 -0.090140
v 0.448458 0.095739 -0.197351
v 0.144142 0.142953 -0.227853
v 0.455616 0.089814 -0.212264
v 0.459797 0.101420 -0.199010
v 0.677187 0.208915 -0.329886
v 0.710588 -0.018275 -0.150780
v 0.938120 0.063460 -0.249774
v 0.939503 0.076999 -0.237730
v 0.683633 0.193456 -0.341114
v 0.713589 -0.003919 -0.139665
v 0.686868 0.205981 -0.328395
v 1.189415 0.166557 -0.355550
v 1.189630 0.469288 -0.355409
v 1.185380 0.167202 -0.338722
v 1.185442 0.468701 -0.338610
v 1.186662 0.474916 -0.338778
v 0.913357 0.601943 -0.236942
v 0.913919 0.613558 -0.250506
v 0.625384 0.518656 -0.344181
v 0.409849 0.317895 -0.274171
v 0.401990 0.319561 -0.290323
v 0.139735 0.149407 -0.212068
v -0.073212 0.004203 -0.168536
v -0.065291 -0.005670 -0.182127
v -0.072668 -0.014362 -0.179032
v -0.081560 -0.002684 -0.166932
v -0.251943 -0.155093 -0.108374
v -0.246239 -0.167895 -0.120474
v 1.186504 -0.062069 0.134130
v 1.186504 -0.062069 -0.134122
v 1.186934 -0.081202 0.134637
v 0.945938 0.059394 0.244436
v 0.949017 0.074856 0.234587
v 1.186031 -0.057204 0.144711
v 1.187686 -0.071134 0.156389
v 1.187794 0.142694 0.346778
v 1.186037 0.155771 0.334397
v 0.938120 0.063460 0.249782
v 0.710588 -0.018275 0.150789
v 0.939503 0.076999 0.237767
v 0.683633 0.193456 0.341122
v 0.713589 -0.003919 0.139673
v 0.686868 0.205981 0.328403
v 0.677187 0.208915 0.329895
v 0.459797 0.101420 0.199019
v 0.455616 0.089814 0.212272
v 0.625384 0.518656 0.344190
v 0.409849 0.317895 0.274207
v 0.401990 0.319561 0.290331
v 0.139735 0.149407 0.212104
v 0.144142 0.142922 0.227862
v -0.073212 0.004203 0.168544
v -0.065291 -0.005670 0.182164
v 0.448452 0.081658 0.208952
v 0.448458 0.095739 0.197387
v 0.204104 0.023023 0.090149
v -0.624532 0.358663 -0.111610
v -0.753894 0.171213 -0.161979
v -0.800729 0.234497 -0.005666
v -0.756172 0.173840 -0.156773
v -0.765303 0.163102 -0.159390
v -1.012068 0.077764 -0.081614
v -1.068936 -0.081777 -0.104519
v -0.942465 -0.007248 -0.172813
v -0.937413 -0.013704 -0.179032
v -0.946171 -0.024473 -0.176415
v -0.932664 -0.024895 -0.162036
v -0.985369 -0.172073 -0.149204
v -0.976930 -0.170837 -0.133165
v -1.138583 -0.246080 -0.116028
v -0.987948 -0.186462 -0.147347
v -0.983030 -0.182782 -0.130942
v -1.048753 -0.315714 -0.116084
v -1.041984 -0.310653 -0.100270
v -0.524750 -0.130484 0.153968
v -0.361690 -0.011268 0.254538
v -0.523649 -0.142738 0.167053
v -0.364849 -0.020602 0.269283
v -0.354143 -0.005007 0.255917
v -0.177160 0.168847 0.233771
v -0.355956 -0.004845 0.272942
v -0.174937 0.169850 0.250739
v -0.843092 -0.293045 0.000018
v -0.844985 -0.291871 -0.003302
v -0.960881 -0.350996 -0.043035
v -0.881138 -0.257444 -0.095374
v -0.882708 -0.256524 -0.098722
v -0.532061 -0.151521 -0.162880
v -0.737733 -0.239004 -0.072187
v -0.535618 -0.138028 -0.151004
v -0.524750 -0.130484 -0.153960
v -0.361690 -0.011268 -0.254529
v -0.523649 -0.142738 -0.167045
v -0.364849 -0.020602 -0.269275
v -0.355956 -0.004845 -0.272932
v -0.174937 0.169850 -0.250730
v -0.354143 -0.005007 -0.255908
v -0.177160 0.168847 -0.233735
v -0.275477 0.350491 -0.175599
v -0.271133 0.337091 -0.163780
v -0.506987 0.217782 -0.264857
v -0.505394 0.198583 -0.254501
v -0.634874 0.018583 -0.212489
v -0.641956 0.018195 -0.228839
v -0.516797 0.201585 -0.269471
v -0.650134 0.007391 -0.227881
v -0.644709 0.009079 -0.211280
v -0.823549 -0.147723 -0.183252
v -0.818089 -0.144551 -0.166819
v -0.825642 -0.161955 -0.179988
v -0.824909 -0.152455 -0.165159
v -0.881703 -0.264955 -0.113326
v -0.886730 -0.254079 -0.099707
v -0.885802 -0.275519 -0.107670
v -0.894104 -0.263118 -0.095964
v -0.972043 -0.352888 -0.044470
v -0.964974 -0.366423 -0.055556
v -0.960881 -0.350996 0.043043
v -0.844985 -0.291871 0.003310
v -0.881138 -0.257444 0.095383
v -0.532061 -0.151521 0.162888
v -0.737733 -0.239004 0.072196
v -0.535618 -0.138028 0.151014
v -0.072668 -0.014362 0.179040
v -0.081560 -0.002684 0.166941
v -0.251943 -0.155093 0.108383
v -0.246239 -0.167895 0.120483
v 0.946210 0.062929 -0.250281
v 0.721478 -0.025539 -0.143998
v 0.711112 -0.024561 -0.143914
v 0.952548 -0.053871 0.000018
v 0.952865 -0.051786 -0.006341
v 1.180882 -0.079384 -0.146531
v 0.945938 0.059394 -0.244399
v 1.190767 -0.080614 -0.146784
v 1.186934 -0.081202 -0.134628
v 0.958088 0.075584 -0.238575
v 0.954034 0.062243 -0.250506
v 1.186037 0.155771 -0.334361
v 1.187686 -0.071134 -0.156379
v 1.192258 0.152216 -0.354480
v 0.033670 0.477343 -0.088170
v 0.361344 0.526980 -0.189162
v 0.606956 0.728280 -0.136428
v 0.362275 0.525524 -0.192933
v 0.342190 0.610163 -0.003611
v 0.341975 0.611869 0.000018
v 0.616179 0.732481 -0.137555
v 0.022371 0.472483 -0.087213
v 0.372182 0.527293 -0.193608
v 0.645835 0.515563 -0.331997
v 0.645358 0.518027 -0.329155
v 0.903636 0.605130 -0.234635
v 0.913466 0.606234 -0.235394
v 0.611423 0.741242 -0.152552
v 0.616540 0.728723 -0.140116
v 0.624492 0.731794 -0.137301
v 0.913976 0.607938 -0.231512
v 1.186387 0.697619 -0.140368
v 0.906213 0.712493 -0.003864
v 0.906024 0.714324 0.000018
v 1.194134 0.697184 -0.140284
v 0.923022 0.619277 -0.247438
v 0.922997 0.605765 -0.235366
v 1.191202 0.706822 -0.155563
v 1.185314 0.479658 -0.334613
v 1.185421 0.693233 -0.144196
v 1.194134 0.697184 0.140321
v 1.185468 0.697622 -0.134712
v 1.185468 0.697622 0.134749
v 0.915613 0.713760 0.000018
v 0.906213 0.712493 0.003874
v 1.186387 0.697619 0.140377
v 0.624492 0.731794 0.137338
v 0.616098 0.731851 -0.133728
v 0.896205 0.712776 0.000018
v 0.616098 0.731851 0.133736
v 0.352007 0.613891 0.000018
v 0.616179 0.732481 0.137563
v 0.913466 0.606234 0.235404
v 0.913976 0.607938 0.231548
v 1.185421 0.693233 0.144232
v 1.185314 0.479658 0.334623
v 1.194301 0.474609 0.338731
v 1.191202 0.706822 0.155572
v 0.922997 0.605765 0.235375
v 0.923022 0.619277 0.247447
v 1.186662 0.474916 0.338787
v 1.185442 0.468701 0.338618
v 0.940693 0.342504 0.335157
v 0.938862 0.342479 0.352181
v 1.189630 0.469288 0.355445
v 1.192258 0.152216 0.354489
v 1.183873 0.482315 0.354404
v 0.656677 0.522790 0.347398
v 0.653889 0.515445 0.331780
v 0.913919 0.613558 0.250542
v 0.913357 0.601943 0.236980
v 0.645835 0.515563 0.332034
v 0.903636 0.605130 0.234644
v 0.645358 0.518027 0.329163
v 0.372182 0.527293 0.193644
v 0.362275 0.525524 0.192941
v 0.616540 0.728723 0.140124
v 0.611423 0.741242 0.152561
v 0.606956 0.728280 0.136438
v 0.361344 0.526980 0.189170
v 0.033670 0.477343 0.088179
v 0.342190 0.610163 0.003621
v -1.226511 -0.414494 -0.017512
v -1.215845 -0.434068 0.000018
v -1.217394 -0.410321 -0.036815
v -1.138385 -0.264866 -0.094361
v -1.153369 -0.270027 -0.107248
v -1.181412 -0.307890 -0.049029
v -1.200436 -0.309980 -0.060002
v -1.083971 -0.102412 -0.101283
v -1.196059 -0.219132 -0.042978
v -1.214041 -0.216993 -0.054740
v -0.740299 0.161888 0.150282
v -0.496623 0.202785 0.256592
v -0.505394 0.198583 0.254510
v -0.516797 0.201585 0.269480
v -0.750614 0.165868 0.164858
v -0.738103 0.158314 0.151661
v -0.751244 0.153619 0.148059
v -0.999317 0.072547 0.067694
v -0.644709 0.009079 0.211316
v -0.765303 0.163102 0.159400
v -0.650134 0.007391 0.227890
v -0.817492 -0.155161 0.182726
v -0.928026 -0.022161 0.180954
v -0.920701 -0.020858 0.164690
v -0.824909 -0.152455 0.165168
v -0.825642 -0.161955 0.179997
v -0.876010 -0.269108 0.110775
v -0.973417 -0.180887 0.149916
v -0.969458 -0.175436 0.133792
v -1.038669 -0.323070 0.115333
v -0.885802 -0.275519 0.107708
v -0.958847 -0.371018 0.048418
v -0.964974 -0.366423 0.055565
v -1.060894 -0.380210 0.061587
v -1.028546 -0.327711 0.109621
v -1.068488 -0.384669 0.059561
v -0.973083 -0.376309 0.045970
v -1.038692 -0.401650 0.000018
v -1.040968 -0.400696 0.005308
v -1.135338 -0.436429 0.018647
v -1.154712 -0.443063 0.015045
v -1.065445 -0.386572 0.054636
v -1.179907 -0.439797 0.003958
v -1.184188 -0.437575 0.012400
v -1.172962 -0.441239 0.010655
v -1.176600 -0.440881 0.000018
v -1.194309 -0.438269 0.005506
v -1.184881 -0.436530 0.016930
v -1.175915 -0.433715 0.020391
v -1.159746 -0.436323 0.024556
v -1.096071 -0.397748 0.049093
v -1.166786 -0.432609 0.030352
v -1.180472 -0.429600 0.036543
v -1.190701 -0.434082 0.018140
v -1.191167 -0.431744 0.025906
v -1.203610 -0.433346 0.013413
v -1.201153 -0.428684 0.021658
v -1.205334 -0.425703 0.024359
v -1.217171 -0.426202 0.013666
v -1.200588 -0.420696 0.029255
v -1.191347 -0.419746 0.039048
v -1.201802 -0.414285 0.038991
v -1.217394 -0.410321 0.036825
v -1.201282 -0.405350 0.019688
v -1.167212 -0.419348 0.044732
v -1.217371 -0.418089 0.026188
v -1.210696 -0.423538 0.021996
v -1.221342 -0.418045 0.018365
v -1.202306 -0.407021 0.013131
v -1.226511 -0.414494 0.017522
v -1.215392 -0.398048 -0.008170
v -1.236267 -0.408211 -0.010927
v -1.232818 -0.411948 -0.004005
v -1.232818 -0.411948 0.004015
v -1.215390 -0.398048 0.008179
v -1.236265 -0.408211 0.010936
v -1.181412 -0.307890 0.049065
v -1.200436 -0.309980 0.060040
v -1.138385 -0.264866 0.094369
v -1.153369 -0.270027 0.107257
v -1.083971 -0.102412 0.101292
v -1.196059 -0.219132 0.042988
v -1.214041 -0.216993 0.054749
v -0.996409 0.070170 0.070113
v -1.012068 0.077764 0.081622
v -0.932664 -0.024895 0.162045
v -0.946171 -0.024473 0.176451
v -1.071489 -0.092945 0.106750
v -1.054882 -0.096975 0.094426
v -0.987948 -0.186462 0.147356
v -0.983030 -0.182782 0.130951
v -1.135070 -0.263927 0.114658
v -1.128887 -0.258454 0.098843
v -1.046922 -0.319099 0.096311
v -1.125781 -0.339630 0.066652
v -1.132213 -0.348515 0.081116
v -1.074698 -0.381651 0.061897
v -1.049110 -0.331278 0.109396
v -1.038669 -0.323070 -0.115296
v -1.049110 -0.331278 -0.109387
v -1.068488 -0.384669 -0.059524
v -1.046922 -0.319099 -0.096303
v -1.074698 -0.381651 -0.061887
v -1.167212 -0.419348 -0.044723
v -1.132213 -0.348515 -0.081107
v -1.125781 -0.339630 -0.066644
v -1.180472 -0.429600 -0.036534
v -1.096071 -0.397748 -0.049085
v -1.154712 -0.443063 -0.015037
v -1.166786 -0.432609 -0.030344
v -1.175915 -0.433715 -0.020382
v -1.159746 -0.436323 -0.024547
v -1.184881 -0.436530 -0.016921
v -1.172962 -0.441239 -0.010646
v -1.191166 -0.431744 -0.025897
v -1.184188 -0.437575 -0.012391
v -1.165900 -0.439019 0.000018
v -1.149555 -0.441658 -0.004034
v -1.071635 -0.411463 0.000018
v -1.149555 -0.441658 0.004043
v -1.179907 -0.439797 -0.003921
v -1.194309 -0.438269 -0.005469
v -1.203608 -0.433346 -0.013404
v -1.190701 -0.434082 -0.018131
v -1.201153 -0.428684 -0.021649
v -1.205334 -0.425703 -0.024322
v -1.200588 -0.420696 -0.029247
v -1.191347 -0.419746 -0.039010
v -1.201802 -0.414285 -0.038983
v -1.201282 -0.405350 -0.019679
v -1.217371 -0.418089 -0.026179
v -1.210696 -0.423538 -0.021986
v -1.217171 -0.426202 -0.013629
v -1.221342 -0.418045 -0.018357
v -1.202306 -0.407021 -0.013123
v -0.999317 0.072547 -0.067656
v -0.998601 0.072419 -0.064167
v -0.794733 0.212885 0.000018
v -0.784617 0.222168 0.000018
v -0.998601 0.072419 0.064176
v -0.990710 0.078677 0.068200
v -0.783761 0.220554 0.003621
v -0.607114 0.346771 0.105372
v -0.599233 0.352460 0.106328
v -0.741545 0.163313 0.146540
v -0.731008 0.165523 0.150620
v -0.596961 0.349361 0.108692
v -0.271133 0.337091 0.163789
v -0.275477 0.350491 0.175635
v -0.605370 0.360497 0.121355
v -0.497825 0.205125 0.253666
v -0.228756 -0.169307 -0.112201
v -0.063057 -0.011487 -0.179285
v -0.060896 -0.014461 -0.173855
v 0.203172 -0.000273 -0.094501
v -0.242433 -0.174632 -0.112708
v 0.209782 0.002831 -0.094107
v -0.053760 -0.010063 -0.179904
v 0.208468 0.006436 -0.098103
v 0.448452 0.081658 -0.208916
v 0.457842 0.083903 -0.209563
v 0.153010 0.150566 -0.208550
v 0.154121 0.141251 -0.223435
v 0.152151 0.145834 -0.226869
v 0.159388 0.146633 -0.228923
v 0.144142 0.142953 -0.227853
v 0.669290 0.200856 -0.344406
v 0.163228 0.154071 -0.213418
v 0.677187 0.208915 -0.329886
v 0.412865 0.310276 -0.274508
v 0.405628 0.306859 -0.290576
v 0.682899 0.202551 -0.347558
v 0.465702 0.083942 -0.210548
v 0.710588 -0.018275 -0.150780
v 0.938120 0.063460 -0.249774
v 0.694091 0.208958 -0.331968
v 1.187284 0.160156 -0.338695
v 0.695509 0.201597 -0.347698
v 1.182165 0.153004 -0.354114
v 0.931153 0.338841 -0.333320
v 0.930014 0.335940 -0.350175
v 0.921195 0.343101 -0.351075
v 0.938862 0.342479 -0.352145
v 1.189630 0.469288 -0.355409
v 1.185442 0.468701 -0.338610
v 0.940693 0.342504 -0.335149
v 1.194301 0.474609 -0.338722
v 1.186662 0.474916 -0.338778
v 0.913357 0.601943 -0.236942
v 0.913919 0.613558 -0.250506
v 0.653889 0.515445 -0.331772
v 1.183873 0.482315 -0.354396
v 0.656677 0.522790 -0.347389
v 0.642267 0.510870 -0.348346
v 0.646420 0.510699 -0.331519
v 0.921604 0.342816 -0.334023
v 0.636507 0.513350 -0.329634
v 0.625384 0.518656 -0.344181
v 0.087371 0.343696 -0.213109
v 0.079303 0.350130 -0.228219
v 0.352620 0.531520 -0.207115
v 0.363381 0.521669 -0.194424
v 0.075994 0.340416 -0.210745
v 0.397825 0.311681 -0.274874
v 0.077652 0.336875 -0.210604
v 0.073366 0.340993 -0.227010
v -0.154392 0.175724 -0.234889
v 0.393361 0.310242 -0.291617
v -0.154364 0.175628 -0.251969
v 0.139735 0.149407 -0.212068
v -0.164820 0.168684 -0.232609
v -0.160961 0.167220 -0.249408
v -0.349976 -0.015565 -0.272201
v -0.072668 -0.014362 -0.179032
v -0.081560 -0.002684 -0.166932
v -0.350281 -0.011144 -0.253235
v -0.344685 -0.023980 -0.265306
v -0.246239 -0.167895 -0.120474
v -0.510251 -0.144862 -0.164822
v -0.519689 -0.147864 -0.164202
v -0.257892 -0.177458 -0.111413
v -0.470219 -0.215007 0.000018
v -0.471751 -0.213425 -0.005750
v -0.718362 -0.256553 -0.077308
v -0.518066 -0.150805 -0.158885
v 1.190767 -0.080614 0.146792
v 0.960078 -0.054745 0.000018
v 1.186934 -0.081202 0.134637
v 1.180882 -0.079384 0.146540
v 0.952865 -0.051786 0.006349
v 0.721478 -0.025539 0.144007
v 0.945938 0.059394 0.244436
v 0.946210 0.062929 0.250317
v 1.187686 -0.071134 0.156389
v 0.954034 0.062243 0.250514
v 0.958088 0.075584 0.238611
v 1.186037 0.155771 0.334397
v 1.182165 0.153004 0.354151
v 1.187284 0.160156 0.338703
v 0.694091 0.208958 0.331977
v 0.695509 0.201597 0.347736
v 0.931153 0.338841 0.333356
v 0.930014 0.335940 0.350211
v 0.682899 0.202551 0.347566
v 0.938120 0.063460 0.249782
v 0.711112 -0.024561 0.143923
v 0.944956 -0.053215 0.000018
v 0.710588 -0.018275 0.150789
v 0.465702 0.083942 0.210556
v 0.457842 0.083903 0.209572
v 0.677187 0.208915 0.329895
v 0.163228 0.154071 0.213426
v 0.669290 0.200856 0.344415
v 0.159388 0.146633 0.228931
v 0.412865 0.310276 0.274517
v 0.405628 0.306859 0.290584
v 0.152151 0.145834 0.226878
v 0.921195 0.343101 0.351084
v 0.921604 0.342816 0.334031
v 0.646420 0.510699 0.331527
v 0.642267 0.510870 0.348382
v 0.625384 0.518656 0.344190
v 0.636507 0.513350 0.329642
v 0.087371 0.343696 0.213145
v 0.079303 0.350130 0.228256
v 0.352620 0.531520 0.207123
v 0.363381 0.521669 0.194432
v 0.075994 0.340416 0.210754
v 0.397825 0.311681 0.274882
v 0.077652 0.336875 0.210613
v 0.073366 0.340993 0.227018
v -0.154392 0.175724 0.234925
v 0.393361 0.310242 0.291626
v -0.154364 0.175628 0.251978
v 0.139735 0.149407 0.212104
v -0.164820 0.168684 0.232617
v -0.160961 0.167220 0.249445
v 0.144142 0.142922 0.227862
v -0.063057 -0.011487 0.179294
v -0.349976 -0.015565 0.272237
v -0.053760 -0.010063 0.179913
v 0.154121 0.141251 0.223445
v 0.448452 0.081658 0.208952
v 0.153010 0.150566 0.208558
v 0.208468 0.006436 0.098112
v 0.209782 0.002831 0.094116
v 0.216178 0.002055 0.094989
v 0.458358 0.080525 0.204000
v 0.699387 -0.023860 0.142656
v 0.479324 -0.011285 0.005984
v 0.480366 -0.013278 0.000018
v 0.487627 -0.013931 0.000018
v 0.711257 -0.025696 0.134750
v 0.711257 -0.025696 -0.134741
v -0.496623 0.202785 -0.256584
v 0.062999 0.337426 -0.211617
v 0.060631 0.344695 -0.227319
v -0.261249 0.349058 -0.178835
v -0.258390 0.337398 -0.165440
v -0.260371 0.340974 -0.164034
v -0.247481 0.345005 -0.164400
v 0.075003 0.342850 -0.208269
v 0.348093 0.521748 -0.191864
v 0.339060 0.533455 -0.203878
v 0.023572 0.469922 -0.089380
v 0.060632 0.344695 0.227355
v 0.062999 0.337426 0.211625
v -0.261249 0.349058 0.178844
v -0.258390 0.337398 0.165450
v -0.260371 0.340974 0.164042
v -0.247481 0.345005 0.164408
v 0.075003 0.342850 0.208277
v 0.348093 0.521748 0.191872
v 0.339060 0.533455 0.203888
v 0.023572 0.469922 0.089389
v 0.022371 0.472483 0.087222
v 0.008814 0.469842 0.087532
v -0.260855 0.342459 0.160525
v -0.587702 0.354540 0.105822
v -0.297752 0.408524 0.003451
v -0.298729 0.410010 0.000018
v -0.309624 0.405939 0.000018
v -0.599233 0.352460 -0.106320
v -0.598617 0.351984 0.102586
v -0.598617 0.351984 -0.102578
v -0.775367 0.225928 0.000018
v -0.783761 0.220554 -0.003583
v -0.607114 0.346771 -0.105363
v -0.990710 0.078677 -0.068163
v -0.741545 0.163313 -0.146530
v -0.740299 0.161888 -0.150273
v -0.751244 0.153619 -0.148050
v -0.996409 0.070170 -0.070104
v -0.765303 0.163102 -0.159390
v -1.012068 0.077764 -0.081614
v -0.946171 -0.024473 -0.176415
v -1.071489 -0.092945 -0.106714
v -0.932664 -0.024895 -0.162036
v -1.054882 -0.096975 -0.094417
v -0.987948 -0.186462 -0.147347
v -0.983030 -0.182782 -0.130942
v -1.135070 -0.263927 -0.114621
v -1.128887 -0.258454 -0.098835
v -0.361690 -0.011268 0.254538
v -0.805322 -0.152262 0.184696
v -0.519689 -0.147864 0.164211
v -0.364849 -0.020602 0.269283
v -0.634061 0.006836 0.228875
v -0.630075 0.011655 0.212583
v -0.177160 0.168847 0.233771
v -0.174937 0.169850 0.250739
v -0.493881 0.198894 0.256086
v -0.495258 0.197949 0.273110
v -0.728885 -0.258195 -0.076746
v -0.482321 -0.218255 0.000018
v -0.728885 -0.258195 0.076754
v -0.726998 -0.258769 -0.069570
v -0.726998 -0.258769 0.069606
v -0.824549 -0.308226 0.000018
v -0.830587 -0.309660 0.000018
v -0.736276 -0.261992 0.075685
v -0.736276 -0.261992 -0.075677
v -0.832326 -0.308171 -0.005919
v -0.947587 -0.365433 -0.049704
v -0.872410 -0.271521 -0.105335
v -0.876010 -0.269108 -0.110766
v -0.958847 -0.371018 -0.048409
v -0.869678 -0.266507 -0.112173
v -0.731865 -0.253860 -0.082204
v -0.532061 -0.151521 -0.162880
v -0.535618 -0.138028 -0.151004
v -0.810397 -0.161117 -0.177990
v -0.812742 -0.149618 -0.164428
v -0.817492 -0.155161 -0.182718
v -0.361690 -0.011268 -0.254529
v -0.805322 -0.152262 -0.184688
v -0.364849 -0.020602 -0.269275
v -0.634061 0.006836 -0.228867
v -0.630075 0.011655 -0.212574
v -0.174937 0.169850 -0.250730
v -0.177160 0.168847 -0.233735
v -0.493881 0.198894 -0.256077
v -0.495259 0.197949 -0.273102
v 0.327683 0.607334 0.000018
v 0.022520 0.472326 -0.083950
v 0.022520 0.472326 0.083986
v -0.285561 0.414106 0.000018
v 0.008814 0.469842 -0.087523
v -0.260855 0.342459 -0.160516
v -0.587702 0.354540 -0.105813
v -0.297752 0.408524 -0.003415
v -0.275477 0.350491 -0.175599
v -0.605370 0.360497 -0.121347
v -0.596961 0.349361 -0.108656
v -0.271133 0.337091 -0.163780
v -0.731008 0.165523 -0.150611
v -0.497825 0.205125 -0.253657
v -0.505394 0.198583 -0.254501
v -0.516797 0.201585 -0.269471
v -0.750614 0.165868 -0.164822
v -0.738103 0.158314 -0.151624
v -0.650134 0.007391 -0.227881
v -0.644709 0.009079 -0.211280
v -0.928026 -0.022161 -0.180946
v -0.920701 -0.020858 -0.164681
v -0.825642 -0.161955 -0.179988
v -0.824909 -0.152455 -0.165159
v -0.969458 -0.175436 -0.133756
v -0.973417 -0.180887 -0.149907
v -0.885802 -0.275519 -0.107670
v -0.964974 -0.366423 -0.055556
v -1.060894 -0.380210 -0.061578
v -1.028546 -0.327711 -0.109612
v -1.065443 -0.386572 -0.054628
v -0.973083 -0.376309 -0.045933
v -1.040968 -0.400696 -0.005299
v -1.135337 -0.436429 -0.018638
v -1.030227 -0.397983 0.000018
v -0.956686 -0.371215 -0.039151
v -0.841153 -0.314332 0.000018
v -0.956686 -0.371215 0.039189
v -0.947587 -0.365433 0.049713
v -0.832326 -0.308171 0.005955
v -0.872410 -0.271521 0.105372
v -0.869678 -0.266507 0.112182
v -0.731865 -0.253860 0.082213
v -0.532061 -0.151521 0.162888
v -0.535618 -0.138028 0.151014
v -0.810397 -0.161117 0.177999
v -0.812742 -0.149618 0.164436
v 0.699387 -0.023860 -0.142648
v 0.479324 -0.011285 -0.005975
v 0.216178 0.002055 -0.094980
v 0.458358 0.080525 -0.203991
v 0.471578 -0.014985 0.000018
v 0.210116 0.002293 -0.088818
v 0.210116 0.002293 0.088826
v -0.011541 -0.088078 0.000018
v -0.020464 -0.089123 0.000018
v 0.203172 -0.000273 0.094510
v 0.194020 0.015982 0.087981
v -0.070694 -0.001077 0.163620
v -0.060896 -0.014461 0.173863
v -0.020773 -0.087101 0.005927
v -0.228756 -0.169307 0.112238
v -0.242433 -0.174632 0.112716
v -0.072668 -0.014362 0.179040
v -0.081560 -0.002684 0.166941
v -0.350281 -0.011144 0.253272
v -0.246239 -0.167895 0.120483
v -0.344685 -0.023980 0.265316
v -0.510251 -0.144862 0.164830
v -0.518066 -0.150805 0.158893
v -0.257892 -0.177458 0.111422
v -0.718362 -0.256553 0.077317
v -0.471751 -0.213425 0.005759
v -0.460795 -0.212480 0.000018
v -0.241732 -0.175581 0.102446
v -0.029781 -0.091777 0.000018
v -0.241732 -0.175581 -0.102436
v -0.020773 -0.087101 -0.005919
v 0.194020 0.015982 -0.087973
v -0.070694 -0.001077 -0.163583
v 0.946210 0.062929 -0.250281
v 0.721478 -0.025539 -0.143998
v 0.952865 -0.051786 -0.006341
v 0.956562 -0.033109 -0.003640
v 1.180882 -0.079384 -0.146531
v 0.721404 -0.007828 -0.137499
v 1.187861 -0.062389 -0.140284
v 1.195309 -0.063170 0.140461
v 1.187861 -0.062389 0.140293
v 0.954034 0.062243 -0.250506
v 1.187794 0.142694 -0.346770
v 1.187686 -0.071134 -0.156379
v 1.192258 0.152216 -0.354480
v 0.013299 0.488866 -0.093516
v -0.253251 0.357779 -0.176499
v -0.264488 0.354372 -0.175880
v 0.351545 0.537333 -0.204217
v 0.022836 0.493192 -0.094304
v 0.001660 0.486690 -0.093995
v 0.593552 0.743002 -0.142450
v 0.033670 0.477343 -0.088170
v 0.606956 0.728280 -0.136428
v 0.342190 0.610163 -0.003611
v 0.329871 0.626712 -0.005610
v 0.610832 0.749924 -0.143576
v 0.372182 0.527293 -0.193608
v 0.903636 0.605130 -0.234635
v 0.361854 0.539573 -0.204695
v 0.640175 0.532186 -0.340101
v 0.641263 0.523658 -0.347164
v 0.903840 0.618958 -0.246426
v 0.914004 0.619873 -0.247382
v 0.611423 0.741242 -0.152552
v 0.616540 0.728723 -0.140116
v 0.627957 0.749335 -0.143717
v 0.624492 0.731794 -0.137301
v 1.186387 0.697619 -0.140368
v 1.184979 0.715334 -0.146813
v 0.906213 0.712493 -0.003864
v 0.907369 0.731465 -0.006060
v 1.195529 0.714796 -0.146897
v 0.923022 0.619277 -0.247438
v 1.194232 0.481714 -0.354564
v 1.190985 0.492395 -0.346770
v 1.194134 0.697184 0.140321
v 1.191686 0.716166 0.135312
v 0.916309 0.732890 0.000018
v 1.185468 0.697622 0.134749
v 0.915613 0.713760 0.000018
v 1.184979 0.715334 0.146821
v 0.627957 0.749335 0.143725
v 1.186387 0.697619 0.140377
v 0.624492 0.731794 0.137338
v 0.896566 0.731907 0.000018
v 0.340667 0.630974 0.000018
v 0.896205 0.712776 0.000018
v 0.610490 0.750431 0.132216
v 0.616098 0.731851 0.133736
v 0.352007 0.613891 0.000018
v 0.616179 0.732481 0.137563
v 0.913466 0.606234 0.235404
v 0.913976 0.607938 0.231548
v 0.914648 0.623217 0.241820
v 1.185421 0.693233 0.144232
v 1.185314 0.479658 0.334623
v 1.194301 0.474609 0.338731
v 0.922997 0.605765 0.235375
v 1.194807 0.159752 0.338899
v 1.185380 0.167202 0.338731
v 0.931340 0.342976 0.334988
v 1.186662 0.474916 0.338787
v 1.185442 0.468701 0.338618
v 0.940693 0.342504 0.335157
v 0.932027 0.347110 0.333328
v 0.653889 0.515445 0.331780
v 0.913357 0.601943 0.236980
v 0.645835 0.515563 0.332034
v 0.903636 0.605130 0.234644
v 0.903840 0.618958 0.246462
v 0.640175 0.532186 0.340109
v 0.645358 0.518027 0.329163
v 0.372182 0.527293 0.193644
v 0.362275 0.525524 0.192941
v 0.616540 0.728723 0.140124
v 0.606956 0.728280 0.136438
v 0.361344 0.526980 0.189170
v 0.033670 0.477343 0.088179
v 0.350191 0.540146 0.198991
v 0.593552 0.743002 0.142459
v 0.022836 0.493192 0.094341
v -1.226511 -0.414494 -0.017512
v -1.227048 -0.420964 -0.005722
v -1.205930 -0.399433 -0.013489
v -1.191337 -0.332201 -0.037575
v -1.225995 -0.407264 -0.021002
v -1.217394 -0.410321 -0.036815
v -1.211035 -0.333499 -0.048099
v -1.216143 -0.392014 -0.013601
v -1.243848 -0.396508 -0.015318
v -1.234072 -0.397391 -0.024519
v -1.205950 -0.306615 -0.057413
v -1.211661 -0.395595 -0.044300
v -1.138410 -0.344895 -0.082598
v -1.144786 -0.341815 -0.080685
v -1.153369 -0.270027 -0.107248
v -1.148120 -0.257764 -0.112961
v -1.181412 -0.307890 -0.049029
v -1.200436 -0.309980 -0.060002
v -1.181728 -0.298796 -0.048803
v -1.201789 -0.298578 -0.059074
v -1.155764 -0.251331 -0.106348
v -1.083971 -0.102412 -0.101283
v -1.076437 -0.089079 -0.103675
v -1.066485 -0.107485 -0.089887
v -1.196059 -0.219132 -0.042978
v -1.214041 -0.216993 -0.054740
v -1.223057 -0.213492 -0.046102
v -0.740299 0.161888 0.150282
v -0.496623 0.202785 0.256592
v -0.505394 0.198583 0.254510
v -0.632139 0.015038 0.214074
v -0.634874 0.018583 0.212498
v -0.915614 -0.012128 0.166519
v -0.738103 0.158314 0.151661
v -0.924538 -0.017689 0.164830
v -0.751244 0.153619 0.148059
v -0.999317 0.072547 0.067694
v -0.644709 0.009079 0.211316
v -0.815685 -0.147716 0.167053
v -0.765303 0.163102 0.159400
v -0.920701 -0.020858 0.164690
v -0.818089 -0.144551 0.166856
v -0.965476 -0.168092 0.136888
v -0.973252 -0.173088 0.134946
v -0.824909 -0.152455 0.165168
v -0.882708 -0.256524 0.098731
v -0.969458 -0.175436 0.133792
v -1.030232 -0.307659 0.102868
v -0.886730 -0.254079 0.099716
v -1.038313 -0.313412 0.100588
v -0.885802 -0.275519 0.107708
v -0.894104 -0.263118 0.095973
v -0.969217 -0.355043 0.042143
v -1.034835 -0.314558 0.097972
v -0.972043 -0.352888 0.044479
v -1.065897 -0.365986 0.050669
v -1.028546 -0.327711 0.109621
v -1.073215 -0.370164 0.048868
v -0.980265 -0.359020 0.040454
v -0.973083 -0.376309 0.045970
v -1.144617 -0.419921 0.012682
v -1.156941 -0.424587 0.010825
v -1.135338 -0.436429 0.018647
v -1.065445 -0.386572 0.054636
v -1.071349 -0.371148 0.045322
v -1.101589 -0.383084 0.038766
v -1.159098 -0.421613 0.013638
v -1.175582 -0.414934 0.026076
v -1.179012 -0.418931 0.011471
v -1.166020 -0.408332 0.030803
v -1.167450 -0.422787 0.008123
v -1.187954 -0.419947 0.003170
v -1.177109 -0.420074 0.007475
v -1.184188 -0.437575 0.012400
v -1.172962 -0.441239 0.010655
v -1.096071 -0.397748 0.049093
v -1.171064 -0.415388 0.023515
v -1.173143 -0.416360 0.013440
v -1.166786 -0.432609 0.030352
v -1.181428 -0.415578 0.019632
v -1.191167 -0.431744 0.025906
v -1.188303 -0.414295 0.014566
v -1.201153 -0.428684 0.021658
v -1.192955 -0.411691 0.016340
v -1.189501 -0.407913 0.019041
v -1.179234 -0.411165 0.026216
v -1.147093 -0.357213 0.053933
v -1.196120 -0.402399 0.026216
v -1.201895 -0.401341 0.026048
v -1.130278 -0.337314 0.067947
v -1.197971 -0.409087 0.014876
v -1.217371 -0.418089 0.026188
v -1.210696 -0.423538 0.021996
v -1.207078 -0.404355 0.011640
v -1.206478 -0.410388 0.003142
v -1.209280 -0.403274 0.007673
v -1.206478 -0.410388 -0.003133
v -1.215392 -0.398048 -0.008170
v -1.211027 -0.402450 -0.003977
v -1.232818 -0.411948 -0.004005
v -1.228344 -0.414235 0.012878
v -1.215390 -0.398048 0.008179
v -1.236265 -0.408211 0.010936
v -1.220466 -0.391748 0.010796
v -1.236741 -0.401581 0.000018
v -1.244242 -0.391991 0.004577
v -1.226345 -0.401360 0.030944
v -1.211034 -0.333499 0.048109
v -1.204216 -0.398176 0.023374
v -1.205930 -0.399433 0.013497
v -1.216143 -0.392014 0.013610
v -1.191337 -0.332201 0.037584
v -1.185730 -0.305605 0.047349
v -1.196800 -0.391820 0.031000
v -1.181412 -0.307890 0.049065
v -1.134782 -0.335217 0.066202
v -1.138385 -0.264866 0.094369
v -1.133851 -0.256608 0.098984
v -1.155764 -0.251331 0.106385
v -1.083971 -0.102412 0.101292
v -1.135950 -0.254581 0.096283
v -1.181728 -0.298796 0.048812
v -1.196059 -0.219132 0.042988
v -1.066485 -0.107485 0.089895
v -1.200004 -0.217889 0.040567
v -1.058480 -0.094565 0.092794
v -1.201160 -0.228115 0.038541
v -1.187623 -0.304841 0.043606
v -1.218826 -0.380105 0.012878
v -1.209004 -0.305406 0.052526
v -1.225026 -0.228389 0.043859
v -1.242634 -0.379116 0.018253
v -1.209359 -0.322075 0.000018
v -1.219472 -0.390267 0.006913
v -1.234397 -0.320546 0.000018
v -1.242634 -0.379116 -0.018244
v -1.225026 -0.228389 -0.043851
v -1.218826 -0.380105 -0.012869
v -1.201160 -0.228115 -0.038533
v -1.231612 -0.292520 -0.005131
v -1.206634 -0.293765 -0.003724
v -1.204795 -0.285593 0.000018
v -1.229596 -0.282550 0.000018
v -1.122254 -0.068829 0.000018
v -1.099821 -0.077484 0.000018
v -1.198997 -0.217514 0.036966
v -1.222784 -0.211600 0.035390
v -1.193152 -0.208217 0.041468
v -1.213903 -0.199598 0.047292
v -1.027713 0.070172 0.072140
v -1.005942 0.063159 0.066343
v -1.079095 -0.087146 0.098675
v -1.059954 -0.093739 0.089276
v -1.051037 -0.088085 0.093975
v -0.996409 0.070170 0.070113
v -0.925993 -0.015570 0.162269
v -0.942465 -0.007248 0.172822
v -0.932664 -0.024895 0.162045
v -0.976930 -0.170837 0.133174
v -1.126445 -0.248485 0.101264
v -1.054882 -0.096975 0.094426
v -0.983030 -0.182782 0.130951
v -1.128887 -0.258454 0.098843
v -1.041984 -0.310653 0.100307
v -1.124791 -0.331677 0.070311
v -1.046922 -0.319099 0.096311
v -1.125781 -0.339630 0.066652
v -1.077816 -0.368002 0.050107
v -1.038669 -0.323070 -0.115296
v -1.132771 -0.338506 -0.085300
v -1.049110 -0.331278 -0.109387
v -1.068488 -0.384669 -0.059524
v -1.074698 -0.381651 -0.061887
v -1.167212 -0.419348 -0.044723
v -1.132213 -0.348515 -0.081107
v -1.077815 -0.368002 -0.050098
v -1.180472 -0.429600 -0.036534
v -1.096071 -0.397748 -0.049085
v -1.154712 -0.443063 -0.015037
v -1.159098 -0.421613 -0.013629
v -1.175915 -0.433715 -0.020382
v -1.159746 -0.436323 -0.024547
v -1.173143 -0.416360 -0.013432
v -1.184881 -0.436530 -0.016921
v -1.165900 -0.439019 0.000018
v -1.071635 -0.411463 0.000018
v -1.166386 -0.419854 0.000018
v -1.155694 -0.423391 0.006997
v -1.149555 -0.441658 0.004043
v -1.082289 -0.394098 0.000018
v -1.167450 -0.422787 -0.008114
v -1.175209 -0.420995 -0.004062
v -1.179907 -0.439797 -0.003921
v -1.187954 -0.419947 -0.003161
v -1.194309 -0.438269 -0.005469
v -1.203608 -0.433346 -0.013404
v -1.193389 -0.417151 -0.007607
v -1.190701 -0.434082 -0.018131
v -1.183815 -0.416455 -0.013348
v -1.205334 -0.425703 -0.024322
v -1.200588 -0.420696 -0.029247
v -1.191347 -0.419746 -0.039010
v -1.154078 -0.365244 -0.068641
v -1.201802 -0.414285 -0.038983
v -1.217171 -0.426202 -0.013629
v -1.201072 -0.413182 -0.007579
v -1.221342 -0.418045 -0.018357
v -1.193152 -0.208217 -0.041459
v -1.005942 0.063159 -0.066334
v -1.027714 0.070172 -0.072131
v -1.213903 -0.199598 -0.047283
v -1.113432 -0.055596 -0.005356
v -1.018544 0.083278 -0.073115
v -1.091172 -0.064220 -0.003470
v -1.106881 -0.046586 0.000018
v -0.812158 0.226672 0.000018
v -1.085189 -0.056282 0.000018
v -0.794733 0.212885 0.000018
v -0.998601 0.072419 0.064176
v -1.018263 0.084255 0.062826
v -0.990710 0.078677 0.068200
v -1.005949 0.092015 0.074728
v -0.624532 0.358663 0.111647
v -0.607114 0.346771 0.105372
v -0.599233 0.352460 0.106328
v -0.756172 0.173840 0.156783
v -0.741545 0.163313 0.146540
v -0.731008 0.165523 0.150620
v -0.596961 0.349361 0.108692
v -0.271133 0.337091 0.163789
v -0.506987 0.217782 0.264865
v -0.497825 0.205125 0.253666
v -0.228756 -0.169307 -0.112201
v -0.063057 -0.011487 -0.179285
v 0.203172 -0.000273 -0.094501
v -0.242433 -0.174632 -0.112708
v 0.209782 0.002831 -0.094107
v -0.053760 -0.010063 -0.179904
v 0.208468 0.006436 -0.098103
v 0.448452 0.081658 -0.208916
v 0.457842 0.083903 -0.209563
v 0.204104 0.023023 -0.090140
v 0.154121 0.141251 -0.223435
v 0.152151 0.145834 -0.226869
v 0.159388 0.146633 -0.228923
v 0.144142 0.142953 -0.227853
v 0.455616 0.089814 -0.212264
v 0.669290 0.200856 -0.344406
v 0.405628 0.306859 -0.290576
v 0.404269 0.313460 -0.292264
v 0.682899 0.202551 -0.347558
v 0.465702 0.083942 -0.210548
v 0.710588 -0.018275 -0.150780
v 0.938120 0.063460 -0.249774
v 0.683633 0.193456 -0.341114
v 0.713589 -0.003919 -0.139665
v 0.470567 0.097283 -0.198786
v 0.947058 0.069336 -0.253432
v 0.695509 0.201597 -0.347698
v 1.182165 0.153004 -0.354114
v 0.930014 0.335940 -0.350175
v 0.930408 0.343073 -0.352032
v 0.921195 0.343101 -0.351075
v 0.681805 0.213037 -0.348205
v 0.413417 0.314916 -0.293389
v 0.938862 0.342479 -0.352145
v 1.189415 0.166557 -0.355550
v 1.189630 0.469288 -0.355409
v 0.913919 0.613558 -0.250506
v 1.183873 0.482315 -0.354396
v 0.931320 0.349952 -0.350203
v 0.656677 0.522790 -0.347389
v 0.642267 0.510870 -0.348346
v 0.625384 0.518656 -0.344181
v 0.087371 0.343696 -0.213109
v 0.401990 0.319561 -0.290323
v 0.079303 0.350130 -0.228219
v 0.070735 0.347220 -0.226278
v 0.352620 0.531520 -0.207115
v 0.363381 0.521669 -0.194424
v 0.073366 0.340993 -0.227010
v 0.150036 0.151459 -0.227375
v 0.393361 0.310242 -0.291617
v -0.154364 0.175628 -0.251969
v -0.164603 0.173229 -0.251068
v -0.160961 0.167220 -0.249408
v -0.065291 -0.005670 -0.182127
v -0.334776 -0.010623 -0.271019
v -0.349976 -0.015565 -0.272201
v -0.072668 -0.014362 -0.179032
v -0.344685 -0.023980 -0.265306
v -0.510251 -0.144862 -0.164822
v -0.519689 -0.147864 -0.164202
v -0.257892 -0.177458 -0.111413
v -0.260351 -0.159643 -0.105391
v -0.471751 -0.213425 -0.005750
v -0.718362 -0.256553 -0.077308
v -0.477077 -0.194907 -0.003387
v -0.724728 -0.239391 -0.071033
v 1.186504 -0.062069 0.134130
v 0.960078 -0.054745 0.000018
v 0.965158 -0.036009 0.000018
v 1.186934 -0.081202 0.134637
v 1.180882 -0.079384 0.146540
v 0.721478 -0.025539 0.144007
v 0.721404 -0.007828 0.137535
v 0.945938 0.059394 0.244436
v 0.948984 0.076402 0.238330
v 0.713935 -0.007078 0.137197
v 0.946849 -0.034122 0.000018
v 1.186031 -0.057204 0.144711
v 0.958088 0.075584 0.238611
v 1.186037 0.155771 0.334397
v 1.187284 0.160156 0.338703
v 0.949610 0.080567 0.239737
v 0.694091 0.208958 0.331977
v 0.686410 0.209044 0.331696
v 0.931153 0.338841 0.333356
v 0.944956 -0.053215 0.000018
v 0.939503 0.076999 0.237767
v 0.713589 -0.003919 0.139673
v 0.470567 0.097283 0.198795
v 0.461445 0.097467 0.197781
v 0.677187 0.208915 0.329895
v 0.459797 0.101420 0.199019
v 0.163228 0.154071 0.213426
v 0.151767 0.153097 0.211120
v 0.412865 0.310276 0.274517
v 0.411576 0.314100 0.275953
v 0.685817 0.213025 0.331386
v 0.421116 0.315052 0.277162
v 0.921604 0.342816 0.334031
v 0.646420 0.510699 0.331527
v 0.636507 0.513350 0.329642
v 0.409849 0.317895 0.274207
v 0.087371 0.343696 0.213145
v 0.363381 0.521669 0.194432
v 0.075994 0.340416 0.210754
v 0.397825 0.311681 0.274882
v 0.077652 0.336875 0.210613
v 0.150152 0.156922 0.211035
v -0.154392 0.175724 0.234925
v -0.166759 0.172320 0.234109
v 0.139735 0.149407 0.212104
v -0.164820 0.168684 0.232617
v -0.342620 -0.005421 0.255495
v -0.073212 0.004203 0.168544
v -0.071538 0.000378 0.167194
v -0.351997 -0.008740 0.256339
v -0.053760 -0.010063 0.179913
v 0.154121 0.141251 0.223445
v 0.448452 0.081658 0.208952
v -0.059522 0.002803 0.167926
v 0.153010 0.150566 0.208558
v 0.448458 0.095739 0.197387
v 0.204104 0.023023 0.090149
v 0.205330 0.020177 0.087559
v 0.216178 0.002055 0.094989
v 0.458358 0.080525 0.204000
v 0.699387 -0.023860 0.142656
v 0.216728 0.019733 0.088460
v 0.462016 0.095982 0.194236
v 0.704968 -0.006451 0.136662
v 0.487627 -0.013931 0.000018
v 0.711257 -0.025696 0.134750
v 0.491300 0.005033 0.000018
v 0.714023 -0.006762 0.133202
v -0.502561 0.209338 -0.272116
v -0.485247 0.213736 -0.270934
v -0.167119 0.179393 -0.249295
v 0.060631 0.344695 -0.227319
v -0.261249 0.349058 -0.178835
v -0.247481 0.345005 -0.164400
v 0.069002 0.351929 -0.222732
v 0.339060 0.533455 -0.203878
v 0.023572 0.469922 -0.089380
v 0.015071 0.484850 -0.098385
v -0.622725 0.018293 0.214608
v -0.486038 0.205530 0.255523
v -0.168338 0.175986 0.232533
v 0.062999 0.337426 0.211625
v -0.258390 0.337398 0.165450
v -0.260371 0.340974 0.164042
v -0.247481 0.345005 0.164408
v 0.075003 0.342850 0.208277
v 0.348093 0.521748 0.191872
v 0.069002 0.351929 0.222741
v 0.339060 0.533455 0.203888
v 0.023572 0.469922 0.089389
v 0.022371 0.472483 0.087222
v 0.008814 0.469842 0.087532
v 0.001660 0.486690 0.094003
v -0.260855 0.342459 0.160525
v -0.587702 0.354540 0.105822
v -0.265534 0.357436 0.170684
v -0.591844 0.372044 0.112154
v -0.309624 0.405939 0.000018
v -0.598617 0.351984 0.102586
v -0.316636 0.424334 0.000018
v -0.775367 0.225928 0.000018
v -0.791385 0.240690 0.000018
v -0.610339 0.368880 0.101320
v -0.610581 0.368028 -0.112623
v -0.624532 0.358663 -0.111610
v -0.753894 0.171213 -0.161979
v -0.800729 0.234497 -0.005666
v -0.783761 0.220554 -0.003583
v -1.005949 0.092015 -0.074719
v -0.607114 0.346771 -0.105363
v -0.990710 0.078677 -0.068163
v -0.996409 0.070170 -0.070104
v -0.765303 0.163102 -0.159390
v -1.051037 -0.088085 -0.093967
v -1.012068 0.077764 -0.081614
v -1.068936 -0.081777 -0.104519
v -0.942465 -0.007248 -0.172813
v -0.937413 -0.013704 -0.179032
v -0.946171 -0.024473 -0.176415
v -0.979626 -0.176258 -0.151202
v -1.071489 -0.092945 -0.106714
v -0.985369 -0.172073 -0.149204
v -1.138583 -0.246080 -0.116028
v -0.987948 -0.186462 -0.147347
v -1.135070 -0.263927 -0.114621
v -1.048753 -0.315714 -0.116084
v -0.805598 -0.143862 0.169360
v -0.522060 -0.133966 0.152590
v -0.524750 -0.130484 0.153968
v -0.361690 -0.011268 0.254538
v -0.630075 0.011655 0.212583
v -0.354143 -0.005007 0.255917
v -0.177160 0.168847 0.233771
v -0.493881 0.198894 0.256086
v -0.728885 -0.258195 -0.076746
v -0.482321 -0.218255 0.000018
v -0.489532 -0.199920 0.000018
v -0.736213 -0.241565 0.069917
v -0.735445 -0.241095 0.066399
v -0.726998 -0.258769 0.069606
v -0.834479 -0.290641 0.000018
v -0.824549 -0.308226 0.000018
v -0.745091 -0.245423 0.069523
v -0.736276 -0.261992 0.075685
v -0.745091 -0.245423 -0.069514
v -0.736276 -0.261992 -0.075677
v -0.844985 -0.291871 -0.003302
v -0.960881 -0.350996 -0.043035
v -0.832326 -0.308171 -0.005919
v -0.947587 -0.365433 -0.049704
v -0.876010 -0.269108 -0.110766
v -0.958847 -0.371018 -0.048409
v -0.869678 -0.266507 -0.112173
v -0.731865 -0.253860 -0.082204
v -0.532061 -0.151521 -0.162880
v -0.737733 -0.239004 -0.072187
v -0.810397 -0.161117 -0.177990
v -0.817492 -0.155161 -0.182718
v -0.523649 -0.142738 -0.167045
v -0.805322 -0.152262 -0.184688
v -0.364849 -0.020602 -0.269275
v -0.634061 0.006836 -0.228867
v -0.637695 0.012688 -0.230583
v -0.628097 0.016510 -0.231202
v -0.355956 -0.004845 -0.272932
v -0.174937 0.169850 -0.250730
v -0.495259 0.197949 -0.273102
v 0.327683 0.607334 0.000018
v 0.316759 0.624606 0.000018
v -0.293741 0.432220 0.000018
v 0.013152 0.489654 0.087504
v 0.022520 0.472326 0.083986
v -0.285561 0.414106 0.000018
v 0.008814 0.469842 -0.087523
v -0.587702 0.354540 -0.105813
v -0.591844 0.372044 -0.112144
v -0.297752 0.408524 -0.003415
v -0.304114 0.426885 -0.005666
v -0.275477 0.350491 -0.175599
v -0.605370 0.360497 -0.121347
v -0.743939 0.175508 -0.162233
v -0.506987 0.217782 -0.264857
v -0.641956 0.018195 -0.228839
v -0.516797 0.201585 -0.269471
v -0.924318 -0.007966 -0.182071
v -0.750614 0.165868 -0.164822
v -0.650134 0.007391 -0.227881
v -0.928026 -0.022161 -0.180946
v -0.823549 -0.147723 -0.183252
v -0.972852 -0.170943 -0.152975
v -0.825642 -0.161955 -0.179988
v -0.881703 -0.264955 -0.113326
v -1.028175 -0.314990 -0.118560
v -0.973417 -0.180887 -0.149907
v -0.885802 -0.275519 -0.107670
v -0.972043 -0.352888 -0.044470
v -0.964974 -0.366423 -0.055556
v -1.060894 -0.380210 -0.061578
v -1.028546 -0.327711 -0.109612
v -1.065897 -0.365986 -0.050660
v -0.980265 -0.359020 -0.040446
v -1.144617 -0.419921 -0.012673
v -0.973083 -0.376309 -0.045933
v -1.050998 -0.383270 -0.003499
v -1.040968 -0.400696 -0.005299
v -1.135337 -0.436429 -0.018638
v -1.040875 -0.380618 0.000018
v -0.855109 -0.298409 0.000018
v -1.030227 -0.397983 0.000018
v -0.841153 -0.314332 0.000018
v -0.969025 -0.354538 0.038541
v -0.956686 -0.371215 0.039189
v -0.947587 -0.365433 0.049713
v -0.960881 -0.350996 0.043043
v -0.872410 -0.271521 0.105372
v -0.881138 -0.257444 0.095383
v -0.532061 -0.151521 0.162888
v -0.737733 -0.239004 0.072196
v -0.874404 -0.253361 0.100194
v -0.535618 -0.138028 0.151014
v -0.810397 -0.161117 0.177999
v -0.812742 -0.149618 0.164436
v 0.704968 -0.006451 -0.136654
v 0.699387 -0.023860 -0.142648
v 0.479324 -0.011285 -0.005975
v 0.216178 0.002055 -0.094980
v 0.481655 0.007555 -0.003470
v 0.216728 0.019733 -0.088452
v 0.471578 -0.014985 0.000018
v 0.210116 0.002293 0.088826
v 0.469789 0.004118 0.000018
v 0.205359 0.020271 0.083901
v -0.019660 -0.069962 0.000018
v -0.011541 -0.088078 0.000018
v 0.203172 -0.000273 0.094510
v 0.194020 0.015982 0.087981
v -0.070694 -0.001077 0.163620
v -0.241589 -0.154525 0.105766
v -0.060896 -0.014461 0.173863
v -0.228756 -0.169307 0.112238
v -0.250230 -0.158034 0.106047
v -0.081560 -0.002684 0.166941
v -0.251943 -0.155093 0.108383
v -0.512540 -0.131153 0.153012
v -0.260351 -0.159643 0.105400
v -0.521365 -0.135293 0.149185
v -0.724728 -0.239391 0.071042
v -0.518066 -0.150805 0.158893
v -0.257892 -0.177458 0.111422
v -0.718362 -0.256553 0.077317
v -0.460795 -0.212480 0.000018
v -0.241732 -0.175581 0.102446
v -0.029781 -0.091777 0.000018
v -0.250365 -0.157591 0.102276
v -0.466262 -0.193772 0.000018
v -0.041432 -0.074790 0.000018
v -0.020773 -0.087101 -0.005919
v -0.032237 -0.070239 -0.003527
v -0.241589 -0.154525 -0.105757
v 0.194020 0.015982 -0.087973
vn 0.0731 0.4623 0.8837
vn 0.3346 0.8456 0.4160
vn -0.0873 -0.9948 -0.0530
vn 0.8413 0.4903 -0.2277
vn 0.3839 -0.8434 -0.3760
vn 0.8392 0.4890 0.2379
vn 0.0257 0.8205 0.5711
vn 0.1706 -0.6726 -0.7201
vn 0.3655 0.6011 0.7107
vn 0.0069 0.4603 0.8877
vn 0.1706 -0.6725 -0.7202
vn -0.0429 -0.7890 -0.6130
vn -0.0293 -0.5441 -0.8385
vn 0.4090 -0.3365 -0.8482
vn 0.7665 0.2168 0.6045
vn 0.1577 -0.8896 0.4287
vn -0.0490 0.6933 -0.7190
vn -0.1135 0.2502 -0.9615
vn 0.2238 -0.6615 0.7158
vn 0.0775 0.7803 -0.6206
vn 0.2634 0.6243 -0.7354
vn -0.0956 -0.4647 0.8803
vn 0.5421 0.7575 -0.3637
vn 0.5421 0.7575 0.3637
vn 0.6783 -0.6692 0.3034
vn 0.6783 -0.6692 -0.3034
vn 0.6925 -0.2581 -0.6736
vn -0.0956 -0.4646 -0.8803
vn 0.2238 -0.6615 -0.7158
vn 0.0775 0.7803 0.6206
vn 0.2635 0.6243 0.7354
vn 0.4716 0.2836 0.8349
vn 0.7665 0.2169 -0.6045
vn -0.1135 0.2504 0.9615
vn -0.0489 0.6933 0.7190
vn 0.1579 -0.8895 -0.4288
vn 0.4035 0.5104 0.7594
vn 0.6747 0.5773 0.4600
vn 0.4833 0.5008 0.7181
vn 0.6540 0.6483 0.3898
vn 0.6391 0.0494 0.7676
vn -0.1603 -0.2808 -0.9463
vn 0.6390 0.0493 0.7676
vn 0.9440 0.2686 0.1919
vn 0.8705 0.3260 0.3686
vn 0.6745 0.5774 0.4600
vn 0.9439 0.2688 0.1917
vn 0.6731 0.0498 0.7379
vn 0.4740 0.3405 0.8120
vn 0.4298 0.0603 0.9009
vn 0.6732 0.0497 0.7378
vn 0.4117 0.0835 0.9075
vn -0.3910 -0.0600 -0.9184
vn 0.9002 -0.2687 0.3426
vn 0.7094 0.2013 0.6754
vn 0.3036 0.1390 0.9426
vn 0.4978 -0.3408 0.7975
vn 0.5805 -0.3119 0.7522
vn -0.1136 0.3007 0.9469
vn 0.4843 -0.7490 -0.4522
vn -0.1304 -0.1488 0.9802
vn 0.4221 -0.1244 -0.8980
vn 0.4204 -0.4915 -0.7627
vn 0.3837 -0.2074 -0.8999
vn 0.3401 -0.5497 -0.7630
vn 0.0537 -0.4036 0.9134
vn -0.0537 0.0495 0.9973
vn 0.4055 -0.2638 -0.8752
vn 0.3157 0.3218 -0.8926
vn 0.2110 -0.6424 0.7368
vn 0.0571 0.5099 -0.8583
vn 0.3370 -0.1209 -0.9337
vn 0.1581 -0.2015 0.9666
vn 0.4723 -0.8347 0.2832
vn 0.0026 0.8272 -0.5619
vn 0.0835 0.3813 -0.9207
vn 0.3313 -0.5144 0.7909
vn 0.2860 0.9521 -0.1085
vn -0.0740 -0.9340 -0.3496
vn -0.0568 -0.9738 0.2202
vn 0.1598 -0.7449 0.6477
vn 0.1951 0.9215 -0.3359
vn 0.2207 0.6486 -0.7284
vn 0.4383 -0.8984 -0.0282
vn -0.2214 -0.8063 0.5485
vn 0.3783 0.8863 -0.2672
vn 0.6463 0.3092 -0.6977
vn -0.0211 -0.9932 0.1149
vn 0.1476 0.7458 -0.6496
vn 0.3977 0.7755 -0.4904
vn 0.0721 0.7734 -0.6299
vn -0.1786 -0.3849 0.9055
vn 0.3971 0.7757 -0.4905
vn 0.5934 0.4119 -0.6915
vn 0.2431 -0.6668 0.7044
vn 0.1794 0.3724 -0.9106
vn -0.2152 -0.4275 0.8780
vn 0.3741 0.7350 -0.5655
vn 0.5249 0.8041 -0.2789
vn -0.0094 0.8208 -0.5712
vn -0.1740 -0.8454 0.5051
vn 0.5249 0.8041 -0.2791
vn 0.9785 0.1712 -0.1151
vn 0.6745 0.5774 -0.4600
vn 0.4831 0.8756 -0.0000
vn 0.6746 0.5773 -0.4600
vn 0.4832 0.5008 -0.7181
vn 0.5058 0.5686 -0.6488
vn 0.6424 0.7569 -0.1202
vn 0.3228 0.5201 -0.7908
vn 0.8575 0.5146 -0.0000
vn 0.6423 0.7570 0.1202
vn 0.3216 0.5255 0.7877
vn 0.8491 0.4096 0.3334
vn 0.7506 0.2705 -0.6028
vn 0.7506 0.2706 0.6028
vn 0.8491 0.4097 -0.3335
vn 0.8705 0.3261 -0.3686
vn 0.7968 0.6042 -0.0000
vn 0.4035 0.5104 -0.7594
vn 0.6541 0.6483 -0.3898
vn 0.9439 0.2689 -0.1917
vn 0.6391 0.0494 -0.7676
vn 0.6390 0.0494 -0.7676
vn -0.1602 -0.2807 0.9463
vn 0.9439 0.2687 -0.1919
vn 0.6731 0.0499 -0.7379
vn 0.4740 0.3406 -0.8120
vn 0.9002 -0.2687 -0.3426
vn -0.3910 -0.0600 0.9184
vn 0.6732 0.0497 -0.7378
vn 0.4299 0.0604 -0.9009
vn 0.4116 0.0836 -0.9075
vn 0.7094 0.2014 -0.6754
vn 0.3037 0.1391 -0.9426
vn 0.4978 -0.3407 -0.7976
vn 0.5764 -0.3095 -0.7563
vn 0.8553 -0.2714 -0.4414
vn 0.6731 0.0498 -0.7379
vn 0.8669 -0.2051 -0.4544
vn 0.3225 0.1102 -0.9401
vn 0.9048 0.1248 -0.4071
vn 0.7880 -0.2056 0.5803
vn 0.9919 -0.1271 -0.0000
vn 0.9906 -0.1371 -0.0000
vn 0.8025 0.3168 -0.5056
vn 0.8025 0.3167 0.5056
vn 0.9048 0.1248 0.4071
vn 0.3225 0.1102 0.9401
vn 0.8669 -0.2051 0.4544
vn 0.8553 -0.2712 0.4415
vn 0.7880 -0.2056 -0.5803
vn 0.9993 0.0379 -0.0000
vn 0.7758 -0.2316 0.5869
vn 0.7812 -0.6243 -0.0000
vn 0.8211 -0.5708 -0.0000
vn 0.7758 -0.2317 -0.5869
vn 0.8289 -0.3466 -0.4391
vn 0.5764 -0.3096 -0.7563
vn 0.6638 -0.5132 0.5441
vn 0.6721 -0.6093 -0.4208
vn 0.6627 -0.6336 -0.3992
vn 0.2915 -0.1113 -0.9501
vn -0.2028 0.0654 0.9770
vn -0.4085 0.5391 0.7365
vn 0.6706 -0.6772 -0.3030
vn 0.3836 -0.2077 -0.8999
vn 0.6681 -0.1841 -0.7209
vn 0.2434 -0.0081 -0.9699
vn 0.5765 -0.3095 -0.7562
vn 0.3238 -0.2178 -0.9207
vn -0.2626 0.2507 0.9318
vn 0.7365 -0.5647 -0.3724
vn -0.1255 -0.1848 0.9747
vn 0.4336 0.0454 -0.9000
vn 0.4336 0.0452 -0.9000
vn 0.1830 -0.4697 0.8637
vn -0.0972 -0.0916 0.9910
vn 0.4982 0.0064 -0.8671
vn 0.3030 0.5010 -0.8107
vn 0.2030 -0.7704 0.6044
vn 0.0926 0.6457 -0.7580
vn 0.4385 0.0375 -0.8979
vn 0.0425 -0.4247 0.9043
vn 0.0926 0.6456 0.7581
vn 0.2030 -0.7703 -0.6045
vn 0.4386 0.0375 0.8979
vn 0.0426 -0.4248 -0.9043
vn 0.2207 0.6486 0.7285
vn 0.1600 -0.7449 -0.6477
vn 0.4383 -0.8984 0.0283
vn 0.1951 0.9214 0.3360
vn 0.2860 0.9520 0.1086
vn -0.0568 -0.9738 -0.2202
vn -0.0741 -0.9340 0.3495
vn -0.2214 -0.8063 -0.5485
vn 0.6463 0.3091 0.6977
vn 0.3785 0.8862 0.2673
vn -0.0211 -0.9931 -0.1150
vn 0.3980 0.7690 0.5002
vn 0.1475 0.7460 0.6494
vn 0.0717 0.7735 0.6297
vn -0.1786 -0.3849 -0.9055
vn 0.5934 0.4119 0.6915
vn 0.3977 0.7690 0.5004
vn 0.2431 -0.6668 -0.7044
vn 0.1796 0.3724 0.9105
vn -0.2152 -0.4275 -0.8780
vn 0.5267 0.8061 0.2699
vn 0.3745 0.7348 0.5655
vn -0.0089 0.8208 0.5712
vn -0.1740 -0.8453 -0.5052
vn 0.9784 0.1717 0.1151
vn 0.5263 0.8062 0.2702
vn 0.5061 0.5682 0.6488
vn 0.5804 -0.3121 0.7522
vn 0.8251 -0.3444 0.4479
vn 0.2915 -0.1115 0.9501
vn 0.6691 -0.6069 0.4289
vn 0.6625 -0.6339 0.3991
vn 0.6673 -0.5160 -0.5371
vn 0.5936 -0.5601 0.5778
vn 0.8947 -0.4466 -0.0000
vn 0.4998 -0.8662 -0.0000
vn 0.6626 -0.6337 0.3992
vn 0.5736 -0.8191 -0.0000
vn 0.5938 -0.5598 -0.5779
vn 0.6626 -0.6337 -0.3992
vn 0.5738 -0.8190 -0.0002
vn 0.4106 -0.7974 -0.4422
vn 0.4834 -0.7557 0.4418
vn 0.4108 -0.7974 -0.4421
vn 0.4206 -0.4912 -0.7627
vn 0.2445 -0.2271 -0.9427
vn -0.1582 0.6531 0.7406
vn 0.3627 -0.8455 -0.3918
vn -0.0854 0.1766 0.9806
vn 0.5240 -0.4118 -0.7455
vn 0.0588 0.0068 0.9982
vn 0.0533 0.6930 0.7190
vn 0.1462 -0.8993 -0.4122
vn 0.0990 0.3072 0.9465
vn 0.1281 -0.6307 -0.7654
vn -0.0735 -0.8978 -0.4342
vn 0.3778 0.6668 0.6423
vn -0.0428 -0.0418 -0.9982
vn 0.2417 0.3003 0.9227
vn 0.0724 0.8389 0.5394
vn 0.4716 0.2835 -0.8350
vn 0.6925 -0.2582 0.6736
vn 0.1253 -0.3463 0.9297
vn 0.0322 0.0490 -0.9983
vn -0.0832 -0.3661 -0.9268
vn 0.3955 0.0750 0.9154
vn 0.0261 -0.3345 0.9420
vn -0.0479 0.3280 0.9435
vn 0.2638 -0.5990 -0.7561
vn 0.3762 -0.1608 -0.9125
vn 0.0936 0.7341 0.6726
vn 0.2665 -0.9077 -0.3242
vn -0.0371 0.2847 0.9579
vn 0.2950 -0.5654 -0.7703
vn 0.3839 -0.8433 0.3762
vn -0.0873 -0.9943 0.0618
vn 0.3345 0.8456 -0.4160
vn 0.0728 0.4680 -0.8807
vn 0.4090 -0.3364 0.8483
vn 0.0257 0.8205 -0.5711
vn 0.1706 -0.6726 0.7201
vn -0.0293 -0.5442 0.8384
vn 0.3672 0.5961 -0.7140
vn -0.0429 -0.7889 0.6130
vn 0.1706 -0.6725 0.7202
vn 0.0069 0.4546 -0.8907
vn 0.2418 0.3004 -0.9227
vn -0.0428 -0.0419 0.9982
vn 0.0724 0.8390 -0.5393
vn -0.0735 -0.8978 0.4342
vn 0.1280 -0.6307 0.7654
vn 0.0990 0.3073 -0.9465
vn 0.3780 0.6668 -0.6423
vn 0.1254 -0.3463 -0.9297
vn 0.0322 0.0489 0.9983
vn 0.3955 0.0751 -0.9154
vn -0.0833 -0.3662 0.9268
vn 0.2637 -0.5990 0.7561
vn -0.0479 0.3280 -0.9435
vn 0.0261 -0.3345 -0.9420
vn 0.3762 -0.1607 0.9125
vn 0.1462 -0.8993 0.4121
vn 0.0533 0.6929 -0.7191
vn 0.0588 0.0069 -0.9982
vn -0.0690 -0.9976 -0.0001
vn 0.2706 0.8935 -0.3583
vn 0.1059 0.4255 -0.8987
vn 0.0753 0.0140 -0.9971
vn 0.1303 -0.3308 0.9347
vn 0.1634 0.4465 -0.8797
vn 0.1771 -0.8886 0.4231
vn 0.1307 -0.3242 -0.9369
vn 0.0753 0.0139 0.9971
vn 0.1633 0.4465 0.8798
vn 0.1771 -0.8885 -0.4232
vn 0.4105 -0.7975 0.4422
vn 0.5736 -0.8191 0.0002
vn 0.4832 -0.7558 -0.4418
vn 0.4154 -0.4927 0.7647
vn 0.4106 -0.7975 0.4420
vn 0.2444 -0.2272 0.9427
vn 0.3809 -0.2056 0.9015
vn 0.4155 -0.4924 0.7648
vn 0.3402 -0.5495 0.7631
vn 0.6680 -0.1841 0.7210
vn 0.3808 -0.2059 0.9014
vn 0.2435 -0.0082 0.9699
vn 0.6705 -0.6772 0.3029
vn -0.4085 0.5392 -0.7365
vn -0.2028 0.0654 -0.9770
vn 0.5805 -0.3117 0.7522
vn 0.3239 -0.2173 0.9208
vn 0.7364 -0.5648 0.3724
vn -0.2626 0.2507 -0.9318
vn -0.1254 -0.1848 -0.9747
vn 0.4335 0.0454 0.9000
vn 0.4336 0.0454 0.8999
vn 0.4982 0.0064 0.8671
vn -0.0973 -0.0915 -0.9910
vn 0.1843 -0.4730 -0.8616
vn 0.3030 0.5011 0.8106
vn 0.1803 0.4543 -0.8724
vn 0.0897 -0.7235 0.6845
vn 0.1464 -0.3084 0.9399
vn 0.2505 -0.2130 -0.9444
vn 0.1761 -0.3272 -0.9284
vn 0.0593 0.0492 0.9970
vn 0.2761 0.1836 -0.9434
vn 0.1150 -0.4287 0.8961
vn -0.2007 0.9035 0.3787
vn 0.4111 -0.9116 -0.0094
vn -0.1030 0.3961 0.9124
vn 0.3437 -0.4767 -0.8091
vn 0.2892 -0.8463 -0.4474
vn 0.0782 0.8023 0.5918
vn 0.1098 0.2497 0.9621
vn 0.1464 -0.3083 -0.9399
vn 0.0897 -0.7234 -0.6845
vn 0.1803 0.4542 0.8724
vn 0.2505 -0.2130 0.9444
vn 0.0593 0.0492 -0.9970
vn 0.1761 -0.3272 0.9284
vn 0.2761 0.1835 0.9435
vn 0.1150 -0.4287 -0.8961
vn 0.3614 -0.8426 0.3993
vn -0.1581 0.6532 -0.7405
vn -0.0854 0.1765 -0.9806
vn 0.5241 -0.4118 0.7455
vn 0.4843 -0.7489 0.4522
vn -0.1136 0.3007 -0.9469
vn -0.1304 -0.1487 -0.9802
vn 0.4220 -0.1244 0.8980
vn 0.4055 -0.2639 0.8752
vn -0.0537 0.0495 -0.9973
vn 0.0537 -0.4035 -0.9134
vn 0.3105 0.3223 0.8943
vn 0.3369 -0.1211 0.9337
vn 0.0571 0.5099 0.8584
vn 0.2110 -0.6423 -0.7368
vn 0.1581 -0.2016 -0.9666
vn 0.0025 0.8271 0.5620
vn 0.4724 -0.8347 -0.2832
vn 0.0834 0.3812 0.9207
vn 0.3314 -0.5143 -0.7910
vn 0.4110 -0.9116 0.0093
vn -0.2008 0.9035 -0.3787
vn -0.1030 0.3961 -0.9124
vn 0.0782 0.8024 -0.5917
vn 0.2893 -0.8463 0.4474
vn 0.3436 -0.4768 0.8091
vn 0.1098 0.2498 -0.9620
vn 0.1059 0.4255 0.8988
vn 0.2707 0.8935 0.3583
vn -0.0689 -0.9976 -0.0000
vn 0.2665 -0.9077 0.3242
vn 0.0936 0.7341 -0.6726
vn -0.0370 0.2848 -0.9579
vn 0.2949 -0.5654 0.7703
vn 0.3349 0.8454 0.4161
vn 0.1113 0.9938 0.0001
vn 0.1102 0.9534 -0.2808
vn -0.0925 0.9111 0.4016
vn 0.0815 0.6630 0.7442
vn 0.3343 0.8456 0.4162
vn 0.0729 0.4622 0.8838
vn 0.0855 0.8969 0.4339
vn 0.8392 0.4891 0.2379
vn 0.8414 0.4901 -0.2277
vn -0.0924 0.9110 -0.4019
vn 0.0817 0.6631 0.7440
vn 0.0258 0.8205 0.5710
vn 0.3656 0.6012 0.7106
vn 0.7671 0.2163 0.6040
vn 0.0819 0.6631 0.7440
vn 0.0065 0.4599 0.8879
vn -0.2755 0.8656 -0.4182
vn -0.0262 0.6775 -0.7351
vn -0.1175 0.6652 -0.7374
vn -0.3171 0.6053 -0.7301
vn -0.1707 0.8944 -0.4135
vn -0.3825 0.9210 0.0744
vn -0.5931 0.7047 -0.3894
vn -0.3826 0.9209 0.0743
vn 0.5319 -0.7449 0.4027
vn 0.2152 -0.2986 0.9298
vn -0.1708 0.8944 -0.4135
vn -0.3835 0.9235 -0.0000
vn -0.3013 0.5594 -0.7722
vn -0.5934 0.7045 -0.3894
vn -0.2754 0.8656 -0.4182
vn -0.1580 0.9055 -0.3939
vn 0.1027 -0.2793 0.9547
vn -0.0490 0.6932 -0.7190
vn 0.4626 -0.5537 0.6924
vn -0.1594 0.9641 -0.2125
vn -0.1252 0.3893 -0.9125
vn -0.3172 0.6054 -0.7300
vn -0.0491 0.6934 -0.7189
vn -0.1252 0.3891 -0.9126
vn -0.2661 0.6588 -0.7037
vn 0.0192 0.6694 -0.7427
vn -0.1578 0.9055 -0.3940
vn -0.2662 0.6586 -0.7039
vn -0.1135 0.2503 -0.9615
vn -0.0490 0.6932 -0.7191
vn 0.0191 0.6694 -0.7427
vn 0.3214 0.8596 -0.3973
vn 0.0270 0.9987 -0.0442
vn -0.2653 0.8798 -0.3945
vn 0.3214 0.8597 -0.3971
vn 0.0330 0.9995 0.0001
vn 0.0248 0.7018 -0.7119
vn 0.2636 0.6244 -0.7353
vn 0.0623 0.5151 -0.8549
vn 0.0774 0.7802 -0.6207
vn 0.0870 0.9753 -0.2030
vn 0.0869 0.9753 0.2030
vn 0.2930 0.9561 -0.0000
vn -0.2653 0.8797 0.3946
vn 0.0248 0.7016 0.7121
vn 0.3214 0.8597 0.3971
vn -0.1579 0.9055 0.3939
vn -0.2817 0.9595 -0.0000
vn -0.1494 0.8041 0.5754
vn -0.0873 0.9962 0.0001
vn -0.1493 0.8041 -0.5754
vn 0.3213 0.8597 0.3972
vn 0.0191 0.6695 0.7426
vn 0.0270 0.9987 0.0441
vn 0.0774 0.7803 0.6207
vn 0.0624 0.5151 0.8548
vn 0.2636 0.6244 0.7353
vn 0.2086 -0.0295 0.9776
vn -0.0371 0.2124 -0.9765
vn 0.2735 -0.0301 -0.9614
vn 0.0381 0.1409 0.9893
vn -0.2898 0.3525 0.8898
vn 0.0169 0.2476 -0.9687
vn 0.0019 0.6404 0.7680
vn 0.2898 0.3259 0.8999
vn 0.0192 0.6692 0.7428
vn -0.1252 0.3890 0.9127
vn 0.2897 0.3258 0.9000
vn 0.1593 -0.3780 -0.9120
vn -0.1892 -0.3189 -0.9287
vn -0.2660 0.6586 0.7039
vn -0.1251 0.3894 0.9125
vn -0.0491 0.6935 0.7188
vn -0.3172 0.6055 0.7299
vn 0.1027 -0.2792 -0.9547
vn -0.1595 0.9640 0.2127
vn 0.4626 -0.5536 -0.6924
vn -0.0490 0.6932 0.7191
vn -0.1136 0.2503 0.9615
vn -0.2663 0.6587 0.7037
vn 0.2153 -0.2988 -0.9297
vn 0.5319 -0.7449 -0.4027
vn -0.3824 0.9210 -0.0744
vn -0.5931 0.7047 0.3894
vn -0.3825 0.9209 -0.0744
vn -0.3171 0.6053 0.7301
vn -0.5932 0.7046 0.3895
vn -0.1707 0.8943 0.4135
vn -0.3015 0.5592 0.7722
vn -0.1708 0.8944 0.4134
vn 0.4036 0.5104 0.7594
vn -0.6265 -0.0235 -0.7791
vn 0.6540 0.6484 0.3898
vn -0.9673 0.2470 -0.0568
vn -0.0869 0.4711 0.8778
vn 0.4741 0.3405 0.8120
vn -0.5359 0.3211 -0.7808
vn 0.3038 0.1392 0.9425
vn -0.8374 0.5335 -0.1193
vn 0.7095 0.2013 0.6753
vn 0.4221 -0.1245 -0.8980
vn -0.4276 0.5088 0.7472
vn 0.0012 0.3772 -0.9261
vn -0.0820 0.5865 -0.8058
vn -0.0536 0.0496 0.9973
vn -0.3683 0.3858 0.8459
vn -0.4061 0.7644 -0.5008
vn 0.1581 -0.2016 0.9666
vn -0.1972 -0.1142 0.9737
vn 0.0571 0.5098 -0.8584
vn -0.3318 0.5381 -0.7748
vn 0.0126 0.4604 -0.8876
vn -0.1926 0.6234 -0.7578
vn 0.0838 0.3813 -0.9206
vn 0.0022 0.8272 -0.5620
vn -0.1416 0.7233 -0.6759
vn -0.3820 0.8139 -0.4378
vn -0.1412 0.7235 -0.6757
vn -0.3150 0.8499 -0.4223
vn -0.3284 0.9445 -0.0000
vn -0.3873 0.7964 0.4644
vn -0.1648 0.9276 -0.3352
vn -0.0568 0.9608 -0.2715
vn -0.0151 0.4161 -0.9092
vn 0.1475 0.7460 -0.6494
vn -0.1414 0.7233 -0.6759
vn -0.1778 0.7240 -0.6665
vn 0.1639 0.9150 -0.3687
vn -0.1115 0.9794 -0.1681
vn 0.0926 0.6455 -0.7581
vn 0.0331 0.9729 -0.2289
vn 0.0816 0.9967 -0.0000
vn -0.0322 0.8370 0.5463
vn 0.2859 0.9521 -0.1088
vn 0.2538 0.5550 -0.7922
vn 0.2210 0.6486 -0.7284
vn 0.1950 0.9215 -0.3360
vn 0.2025 0.7950 -0.5719
vn -0.1546 0.9878 -0.0178
vn 0.3784 0.8862 -0.2674
vn 0.6460 0.3093 -0.6979
vn 0.3742 0.7350 -0.5655
vn 0.5260 0.8036 -0.2786
vn -0.1785 -0.3849 0.9055
vn 0.0717 0.7735 -0.6297
vn 0.3973 0.7757 -0.4904
vn -0.6092 0.0187 0.7928
vn 0.3739 0.7351 -0.5656
vn 0.5932 0.4120 -0.6916
vn 0.3968 0.7758 -0.4907
vn 0.4832 0.5008 -0.7182
vn 0.5057 0.5685 -0.6489
vn -0.0097 0.8207 -0.5712
vn 0.6745 0.5775 -0.4600
vn 0.5056 0.5687 -0.6488
vn 0.9784 0.1716 -0.1152
vn 0.6423 0.7570 0.1200
vn -0.7962 -0.4952 0.3477
vn -0.8369 -0.4493 -0.3127
vn 0.6423 0.7570 -0.1202
vn -0.8368 -0.4493 0.3128
vn -0.7962 -0.4952 -0.3477
vn -0.6265 -0.0235 0.7791
vn -0.9674 0.2470 0.0569
vn 0.6539 0.6484 -0.3899
vn -0.0869 0.4711 -0.8778
vn 0.4740 0.3404 -0.8120
vn 0.3037 0.1392 -0.9425
vn -0.5358 0.3210 0.7809
vn -0.8374 0.5334 0.1192
vn -0.9822 0.1877 -0.0001
vn 0.8026 0.3166 -0.5055
vn 0.7971 0.6039 -0.0000
vn 0.8027 0.3165 0.5054
vn 0.2437 -0.0080 -0.9698
vn 0.6680 -0.1845 -0.7209
vn -0.6147 0.7847 0.0799
vn -0.4084 0.5391 0.7366
vn 0.4336 0.0453 -0.9000
vn -0.6276 0.3713 0.6843
vn -0.0755 0.3300 -0.9410
vn -0.1102 0.5576 -0.8227
vn -0.4769 0.1679 0.8627
vn 0.3030 0.5010 -0.8106
vn -0.0205 0.4457 -0.8950
vn 0.0426 -0.4247 0.9043
vn -0.4183 0.8254 -0.3792
vn 0.0926 0.6456 -0.7581
vn -0.0205 0.4457 0.8950
vn -0.1416 0.7233 0.6759
vn 0.0126 0.4605 0.8876
vn 0.0927 0.6456 0.7580
vn -0.4183 0.8254 0.3792
vn 0.0425 -0.4246 -0.9044
vn 0.1474 0.7460 0.6494
vn -0.1414 0.7233 0.6758
vn 0.0927 0.6458 0.7578
vn -0.1779 0.7240 0.6665
vn 0.2209 0.6486 0.7284
vn 0.1950 0.9215 0.3360
vn 0.1639 0.9150 0.3686
vn -0.1115 0.9795 0.1679
vn -0.0567 0.9608 0.2715
vn 0.1241 0.9923 0.0001
vn -0.0505 0.9072 0.4176
vn -0.3561 0.9344 0.0002
vn -0.0509 0.9073 -0.4175
vn 0.0329 0.9729 0.2289
vn -0.0321 0.8370 -0.5463
vn 0.2554 0.5588 0.7890
vn 0.2860 0.9520 0.1087
vn 0.3787 0.8861 0.2673
vn -0.1545 0.9880 0.0088
vn 0.2024 0.7950 0.5719
vn 0.6460 0.3095 0.6978
vn 0.3742 0.7350 0.5655
vn 0.0717 0.7736 0.6296
vn -0.1786 -0.3850 -0.9055
vn -0.6092 0.0187 -0.7928
vn 0.3976 0.7690 0.5006
vn 0.5933 0.4119 0.6916
vn 0.3740 0.7349 0.5656
vn 0.5057 0.5686 0.6489
vn -0.0096 0.8207 0.5713
vn 0.5266 0.8061 0.2698
vn 0.6746 0.5773 0.4600
vn 0.9785 0.1713 0.1151
vn 0.5057 0.5685 0.6489
vn -0.7337 0.6794 -0.0000
vn -0.6590 0.6363 -0.4010
vn -0.4658 0.5336 0.7059
vn -0.7335 0.6797 -0.0000
vn -0.4676 0.5280 -0.7089
vn -0.6588 0.6366 0.4009
vn -0.5695 0.8220 -0.0000
vn -0.3354 0.8314 0.4431
vn -0.3974 0.4542 0.7973
vn -0.5699 0.8217 -0.0000
vn -0.7328 0.5254 0.4324
vn -0.3544 0.8326 0.4256
vn -0.3356 0.8312 0.4433
vn -0.4127 0.4891 0.7684
vn -0.5734 0.8183 -0.0392
vn 0.2444 -0.2273 -0.9427
vn 0.6722 -0.6093 -0.4206
vn -0.5732 0.8185 -0.0394
vn -0.3220 0.5726 0.7539
vn -0.3544 0.8326 0.4257
vn -0.0854 0.1765 0.9806
vn -0.3447 0.9128 0.2191
vn 0.5240 -0.4117 -0.7456
vn -0.1581 0.6530 0.7407
vn 0.1355 -0.2364 -0.9622
vn -0.4126 0.4895 0.7682
vn -0.1637 0.3102 0.9365
vn -0.1582 0.6533 0.7404
vn -0.2459 0.5978 0.7630
vn -0.1277 0.8949 0.4276
vn 0.0533 0.6929 0.7190
vn -0.1725 0.9849 -0.0179
vn 0.3341 -0.5653 -0.7542
vn -0.1277 0.8949 0.4275
vn -0.1985 0.6008 0.7744
vn -0.1725 0.9848 -0.0181
vn 0.0986 0.6784 0.7280
vn -0.1983 0.6004 0.7747
vn -0.0043 0.3342 0.9425
vn 0.0588 0.0062 0.9983
vn 0.3133 0.4233 0.8501
vn -0.2088 -0.0065 -0.9779
vn 0.0642 -0.3062 -0.9498
vn 0.0204 0.8845 0.4661
vn -0.2087 -0.0065 -0.9779
vn 0.0227 0.3128 0.9495
vn -0.4141 -0.4147 -0.8102
vn -0.0043 0.3344 0.9424
vn 0.0988 0.6783 0.7281
vn 0.3133 0.4232 0.8502
vn 0.0991 0.3071 0.9465
vn 0.0986 0.6785 0.7280
vn 0.0990 0.3071 0.9465
vn -0.1883 0.6746 0.7138
vn 0.0818 0.6630 0.7442
vn -0.1307 0.3770 0.9170
vn 0.0724 0.8391 0.5392
vn -0.1312 0.3765 0.9171
vn -0.0429 -0.0419 -0.9982
vn -0.0429 -0.0418 -0.9982
vn 0.2654 -0.3429 -0.9011
vn -0.3665 -0.3033 -0.8796
vn 0.0678 0.4568 0.8870
vn -0.2684 0.0155 -0.9632
vn -0.1264 0.4670 -0.8752
vn 0.0322 0.0489 -0.9983
vn 0.0381 0.1409 -0.9893
vn 0.2085 -0.0294 -0.9776
vn -0.0371 0.2124 0.9765
vn 0.2735 -0.0301 0.9614
vn -0.2898 0.3526 -0.8898
vn 0.0169 0.2476 0.9687
vn -0.1891 -0.3189 0.9287
vn 0.0020 0.6404 -0.7680
vn 0.1593 -0.3780 0.9120
vn 0.2898 0.3259 -0.8999
vn 0.2897 0.3259 -0.8999
vn -0.1687 0.0149 0.9856
vn -0.4914 0.1928 -0.8493
vn 0.0993 0.3504 0.9313
vn 0.1530 -0.3539 0.9227
vn -0.3314 0.6413 -0.6920
vn 0.4168 -0.2172 0.8826
vn -0.0697 0.3641 -0.9288
vn -0.1469 0.3240 -0.9346
vn -0.3171 0.6055 -0.7299
vn -0.0696 0.3644 -0.9286
vn -0.1057 0.6701 0.7347
vn -0.0321 -0.0420 0.9986
vn -0.1415 0.3455 -0.9277
vn 0.1805 0.0711 0.9810
vn -0.2567 -0.1162 -0.9595
vn 0.1409 0.0564 -0.9884
vn 0.0593 0.0702 -0.9958
vn -0.0479 0.3279 0.9435
vn -0.3137 0.8226 0.4743
vn 0.3761 -0.1608 -0.9125
vn -0.2458 0.5976 0.7632
vn -0.0535 0.3215 0.9454
vn -0.4120 0.5044 0.7589
vn 0.0370 -0.2257 -0.9735
vn 0.0936 0.7340 0.6726
vn -0.2588 0.9105 0.3225
vn 0.0937 0.7341 0.6725
vn 0.2948 -0.5654 -0.7703
vn -0.0659 0.6846 0.7260
vn -0.2372 0.8656 0.4410
vn -0.0662 0.6844 0.7261
vn -0.2698 0.8584 0.4363
vn -0.1723 0.9851 -0.0001
vn -0.1819 0.9005 -0.3950
vn 0.0010 0.4009 0.9161
vn 0.0521 0.9632 -0.2637
vn 0.0524 0.9632 0.2637
vn 0.4247 0.9053 -0.0000
vn 0.1103 0.9534 0.2808
vn 0.3344 0.8456 -0.4161
vn 0.0813 0.6631 -0.7441
vn 0.0726 0.4680 -0.8807
vn 0.0854 0.8969 -0.4338
vn -0.2048 0.9788 -0.0000
vn 0.0258 0.8204 -0.5713
vn 0.0816 0.6629 -0.7442
vn 0.3673 0.5959 -0.7141
vn 0.0820 0.6628 -0.7443
vn 0.7671 0.2159 -0.6041
vn 0.0068 0.4545 -0.8907
vn -0.1307 0.3764 -0.9172
vn -0.0429 -0.0418 0.9982
vn -0.1313 0.3765 -0.9171
vn -0.3665 -0.3034 0.8796
vn 0.2654 -0.3429 0.9011
vn -0.0429 -0.0419 0.9982
vn 0.2416 0.3004 -0.9227
vn -0.1883 0.6747 -0.7137
vn 0.0991 0.3071 -0.9465
vn 0.0817 0.6631 -0.7440
vn 0.3778 0.6669 -0.6423
vn 0.0986 0.6785 -0.7280
vn 0.3132 0.4233 -0.8501
vn -0.2087 -0.0066 0.9780
vn 0.0204 0.8846 -0.4660
vn 0.0226 0.3128 -0.9496
vn -0.2087 -0.0065 0.9779
vn -0.4141 -0.4147 0.8103
vn 0.0641 -0.3061 0.9499
vn 0.0988 0.6786 -0.7278
vn -0.0043 0.3348 -0.9423
vn 0.3133 0.4236 -0.8500
vn 0.0676 0.4625 -0.8841
vn -0.1264 0.4670 0.8752
vn -0.2685 0.0155 0.9632
vn 0.3955 0.0750 -0.9154
vn -0.1687 0.0148 -0.9855
vn 0.1529 -0.3541 -0.9226
vn 0.0996 0.3440 -0.9337
vn -0.4915 0.1928 0.8493
vn 0.4168 -0.2173 -0.8827
vn -0.3314 0.6413 0.6921
vn 0.0995 0.3441 -0.9337
vn -0.0701 0.3669 0.9276
vn -0.3173 0.6050 0.7303
vn -0.1469 0.3233 0.9348
vn -0.0702 0.3666 0.9277
vn -0.1415 0.3455 0.9277
vn -0.0322 -0.0420 -0.9986
vn -0.1058 0.6701 -0.7347
vn 0.1805 0.0711 -0.9810
vn -0.2566 -0.1161 0.9595
vn 0.1410 0.0564 0.9884
vn -0.0479 0.3279 -0.9435
vn 0.0594 0.0702 0.9958
vn -0.3137 0.8226 -0.4743
vn 0.3761 -0.1608 0.9125
vn -0.0044 0.3349 -0.9422
vn -0.1983 0.6012 -0.7741
vn 0.0588 0.0074 -0.9982
vn 0.3341 -0.5652 0.7543
vn -0.1725 0.9848 0.0177
vn 0.0532 0.6928 -0.7191
vn -0.1984 0.6008 -0.7744
vn -0.1277 0.8949 -0.4275
vn -0.1726 0.9848 0.0182
vn 0.0987 0.6784 -0.7281
vn 0.0532 0.6929 -0.7191
vn -0.1278 0.8949 -0.4277
vn -0.2459 0.5977 -0.7631
vn 0.2705 0.8936 -0.3583
vn 0.1059 0.4253 -0.8989
vn -0.0918 0.8915 -0.4437
vn -0.0919 0.8916 -0.4434
vn 0.0573 0.9984 -0.0000
vn 0.0212 0.9402 0.3400
vn 0.0787 0.8485 -0.5233
vn 0.3888 0.9213 -0.0000
vn 0.0785 0.8485 0.5233
vn -0.1179 0.6977 -0.7067
vn 0.1304 -0.3308 0.9347
vn -0.1466 0.2800 0.9487
vn 0.1633 0.4464 -0.8798
vn -0.2044 0.2771 -0.9388
vn -0.1006 -0.4198 0.9020
vn -0.1174 0.6650 -0.7375
vn -0.1468 0.3235 -0.9348
vn -0.2043 0.2770 -0.9389
vn -0.1636 0.3098 -0.9366
vn -0.1173 0.6653 -0.7373
vn 0.1634 0.4464 -0.8798
vn -0.2704 0.9008 -0.3397
vn 0.3341 -0.5651 0.7543
vn 0.0429 0.0280 0.9987
vn 0.1174 -0.6568 0.7449
vn -0.0263 0.6775 -0.7351
vn -0.3948 0.5289 -0.7513
vn -0.1082 0.2506 -0.9620
vn -0.3172 0.6052 -0.7302
vn 0.1634 0.4466 0.8797
vn -0.1179 0.6976 0.7067
vn 0.1307 -0.3244 -0.9368
vn -0.1467 0.2799 -0.9487
vn -0.2044 0.2771 0.9389
vn -0.1007 -0.4199 -0.9020
vn -0.1175 0.6650 0.7375
vn -0.2044 0.2770 0.9389
vn -0.1468 0.3236 0.9347
vn -0.1175 0.6649 0.7376
vn -0.1636 0.3102 0.9365
vn 0.1634 0.4467 0.8796
vn -0.2704 0.9008 0.3396
vn 0.1173 -0.6568 -0.7448
vn 0.0429 0.0279 -0.9987
vn 0.3341 -0.5651 -0.7543
vn -0.0264 0.6775 0.7351
vn -0.3948 0.5287 0.7514
vn -0.2754 0.8656 0.4182
vn -0.1081 0.2506 0.9620
vn -0.0264 0.6774 0.7351
vn -0.1176 0.6650 0.7376
vn -0.3673 0.8265 0.4266
vn -0.2756 0.8655 0.4183
vn -0.3675 0.8265 0.4264
vn -0.1984 0.9775 -0.0720
vn -0.1176 0.6653 0.7373
vn 0.0265 0.9233 0.3831
vn -0.0999 0.6242 0.7749
vn 0.0264 0.9233 0.3831
vn -0.3221 0.5724 0.7541
vn -0.3544 0.8326 -0.4256
vn -0.2687 0.9632 -0.0000
vn -0.2769 0.7409 0.6119
vn -0.4332 0.9013 0.0001
vn -0.2768 0.7409 -0.6119
vn -0.7328 0.5255 -0.4323
vn -0.3352 0.8314 -0.4431
vn -0.5696 0.8220 -0.0001
vn -0.3975 0.4541 -0.7974
vn -0.4126 0.4894 -0.7682
vn -0.3355 0.8313 -0.4431
vn -0.5733 0.8184 0.0395
vn -0.6586 0.6368 -0.4009
vn 0.6722 -0.6093 0.4206
vn -0.6147 0.7847 -0.0799
vn 0.6680 -0.1845 0.7209
vn 0.2438 -0.0081 0.9698
vn -0.4085 0.5390 -0.7366
vn -0.6276 0.3713 -0.6843
vn 0.4337 0.0454 0.8999
vn -0.0755 0.3300 0.9410
vn -0.0973 -0.0916 -0.9910
vn -0.1101 0.5576 0.8227
vn -0.4769 0.1680 -0.8628
vn 0.3031 0.5010 0.8106
vn 0.1803 0.4542 -0.8725
vn -0.1685 -0.0779 0.9826
vn -0.1814 0.8810 -0.4369
vn 0.1464 -0.3083 0.9399
vn -0.0923 0.4116 -0.9067
vn 0.2761 0.1835 -0.9434
vn -0.1829 0.4400 0.8792
vn 0.0205 0.9204 0.3904
vn -0.2258 0.8680 0.4422
vn -0.3832 0.9236 0.0001
vn -0.2258 0.8680 -0.4423
vn -0.1422 0.7351 0.6628
vn -0.1420 0.7352 -0.6629
vn 0.0153 0.9999 -0.0000
vn -0.3969 0.9179 -0.0000
vn -0.5116 0.6915 -0.5099
vn -0.5089 0.6884 0.5169
vn -0.4426 0.8190 -0.3650
vn -0.1031 0.3960 0.9124
vn -0.5089 0.6883 0.5169
vn -0.1927 0.6234 0.7578
vn -0.1925 0.6235 0.7578
vn -0.2256 0.8679 0.4424
vn 0.0783 0.8023 0.5918
vn -0.2615 0.9609 0.0907
vn 0.3436 -0.4766 -0.8092
vn -0.2346 0.6214 0.7475
vn -0.2347 0.6213 0.7476
vn 0.0448 0.3580 0.9327
vn 0.1098 0.2495 0.9621
vn -0.1685 -0.0778 -0.9826
vn 0.1804 0.4542 0.8725
vn -0.1815 0.8810 0.4370
vn 0.1464 -0.3083 -0.9400
vn -0.1829 0.4400 -0.8792
vn -0.0922 0.4116 0.9067
vn 0.2762 0.1835 0.9434
vn -0.4827 0.8758 -0.0001
vn -0.3172 0.6051 0.7303
vn -0.2476 0.8136 0.5261
vn -0.0995 0.9950 -0.0001
vn -0.2422 0.8147 -0.5268
vn -0.3661 0.8231 -0.4341
vn -0.1176 0.6651 -0.7374
vn -0.1985 0.9775 0.0718
vn 0.0264 0.9233 -0.3832
vn -0.3658 0.8233 -0.4340
vn -0.1000 0.6241 -0.7749
vn 0.0265 0.9233 -0.3831
vn -0.3219 0.5729 -0.7538
vn -0.3544 0.8325 -0.4259
vn -0.3221 0.5725 -0.7540
vn -0.0854 0.1763 -0.9806
vn -0.3447 0.9128 -0.2192
vn -0.1582 0.6530 -0.7406
vn -0.1638 0.3099 -0.9365
vn -0.4127 0.4893 -0.7683
vn -0.1583 0.6531 -0.7405
vn 0.1356 -0.2362 0.9622
vn -0.4276 0.5087 -0.7472
vn 0.4221 -0.1244 0.8980
vn 0.0012 0.3772 0.9261
vn -0.1137 0.3007 -0.9469
vn -0.3684 0.3858 -0.8459
vn -0.0536 0.0496 -0.9973
vn -0.0825 0.5904 0.8029
vn 0.3106 0.3224 0.8942
vn -0.1972 -0.1141 -0.9737
vn 0.1581 -0.2017 -0.9666
vn -0.4061 0.7643 0.5009
vn 0.0571 0.5099 0.8583
vn -0.3266 0.5392 0.7763
vn -0.3150 0.8499 0.4224
vn -0.3974 0.9176 -0.0000
vn 0.0838 0.3814 0.9206
vn 0.0022 0.8271 0.5620
vn -0.1414 0.7234 0.6758
vn -0.3818 0.8140 0.4378
vn -0.0151 0.4160 0.9092
vn -0.1651 0.9277 0.3350
vn -0.3872 0.7965 -0.4644
vn -0.1236 0.9923 -0.0000
vn -0.2778 0.7667 0.5788
vn -0.5824 0.8129 -0.0000
vn -0.2778 0.7667 -0.5788
vn -0.2006 0.9035 -0.3787
vn -0.4422 0.8194 0.3647
vn -0.1926 0.6237 -0.7576
vn -0.5112 0.6920 -0.5097
vn -0.1030 0.3964 -0.9123
vn 0.3437 -0.4767 0.8091
vn -0.2616 0.9609 -0.0905
vn 0.0782 0.8023 -0.5918
vn -0.2258 0.8679 -0.4425
vn -0.0661 0.6846 -0.7259
vn -0.2344 0.6217 -0.7474
vn 0.0448 0.3582 -0.9326
vn -0.2347 0.6216 -0.7473
vn 0.1097 0.2498 -0.9621
vn -0.0919 0.8916 0.4434
vn 0.0210 0.9401 -0.3402
vn 0.2703 0.8936 0.3583
vn 0.1058 0.4254 0.8988
vn -0.0919 0.8915 0.4435
vn -0.0942 0.6542 0.7504
vn -0.2876 0.9577 0.0003
vn -0.0033 1.0000 0.0001
vn -0.0942 0.6543 -0.7504
vn -0.3478 0.9376 -0.0000
vn -0.4983 0.7504 -0.4343
vn -0.2462 0.5974 -0.7632
vn -0.4984 0.7501 -0.4347
vn -0.1639 0.3313 -0.9292
vn -0.1882 0.8832 -0.4296
vn -0.3228 0.8630 0.3886
vn -0.1879 0.8833 -0.4294
vn -0.2370 0.8656 -0.4410
vn -0.4121 0.5045 -0.7587
vn -0.0535 0.3215 -0.9454
vn -0.2459 0.5978 -0.7630
vn -0.0371 0.2847 -0.9579
vn 0.0370 -0.2259 0.9735
vn -0.2588 0.9106 -0.3222
vn 0.0938 0.7341 -0.6726
vn -0.0659 0.6845 -0.7260
vn -0.2696 0.8583 -0.4366
vn 0.0010 0.4011 -0.9160
vn 0.0204 0.9203 -0.3906
vn -0.1820 0.9005 0.3949
vn 0.0209 0.9998 -0.0000
vn -0.2231 0.8270 -0.5160
vn -0.5476 0.8368 -0.0000
vn -0.2233 0.8270 0.5160
vn -0.1881 0.8833 0.4294
vn -0.3228 0.8630 -0.3885
vn -0.4979 0.7506 0.4343
vn -0.2460 0.5977 0.7630
vn -0.1879 0.8833 0.4295
vn -0.1637 0.3317 0.9291
vn -0.4983 0.7504 0.4343
vn 0.2626 -0.8785 -0.3991
vn -0.0874 -0.9948 -0.0530
vn 0.3345 0.8456 0.4161
vn -0.0922 0.9111 0.4018
vn -0.0874 -0.9948 -0.0531
vn -0.4577 -0.8031 -0.3815
vn 0.0815 0.6631 0.7441
vn 0.0852 0.8969 0.4339
vn 0.0820 0.6620 0.7450
vn 0.8390 0.4892 0.2382
vn 0.0259 0.8201 0.5717
vn 0.0069 0.4604 0.8877
vn 0.0815 0.6630 0.7441
vn 0.3654 0.6011 0.7107
vn 0.7666 0.2168 0.6044
vn 0.0070 0.4604 0.8877
vn 0.5319 -0.7450 0.4025
vn -0.3826 0.9209 0.0745
vn 0.2635 -0.8735 0.4093
vn -0.3825 0.9209 0.0743
vn -0.5932 0.7047 -0.3892
vn 0.2756 -0.8655 0.4183
vn 0.3224 -0.6042 0.7287
vn 0.5319 -0.7450 0.4026
vn 0.4627 -0.5536 0.6924
vn 0.1583 -0.9087 0.3862
vn -0.0191 -0.6735 0.7389
vn -0.1681 -0.6600 0.7323
vn -0.1679 -0.6598 0.7325
vn -0.1597 0.9640 -0.2127
vn 0.1027 -0.2792 0.9547
vn -0.2662 0.6587 -0.7038
vn 0.1577 -0.8897 0.4285
vn 0.0270 0.9987 -0.0441
vn 0.1215 -0.9083 0.4004
vn -0.0343 -0.4395 0.8976
vn -0.2378 -0.8772 0.4170
vn -0.2653 0.8798 -0.3944
vn -0.2379 -0.8773 0.4168
vn -0.0189 -0.6732 0.7392
vn 0.6784 -0.6691 0.3035
vn -0.0189 -0.6736 0.7389
vn -0.0954 -0.4648 0.8802
vn 0.2239 -0.6616 0.7157
vn -0.1190 -0.8419 0.5264
vn 0.2935 0.9560 0.0002
vn -0.1342 -0.9475 0.2901
vn 0.0869 0.9753 0.2029
vn 0.2106 -0.9776 -0.0001
vn -0.0623 -0.9440 0.3241
vn -0.2653 0.8797 0.3945
vn 0.0249 0.7018 0.7119
vn 0.3214 0.8597 0.3970
vn -0.2377 -0.8772 -0.4171
vn 0.1215 -0.9082 -0.4004
vn 0.1520 -0.8904 0.4291
vn -0.2819 0.9594 -0.0002
vn -0.1492 0.8041 0.5755
vn -0.0873 0.9962 -0.0000
vn -0.1727 -0.9850 -0.0000
vn 0.5133 -0.8582 -0.0000
vn 0.0193 0.6692 0.7429
vn 0.3216 0.8597 0.3969
vn -0.1577 0.9055 0.3938
vn 0.2635 0.6244 0.7353
vn 0.4716 0.2835 0.8350
vn 0.0774 0.7802 0.6207
vn 0.0193 0.6694 0.7427
vn 0.0381 0.1410 0.9893
vn 0.0156 -0.1619 0.9867
vn 0.2085 -0.0294 0.9776
vn 0.4091 -0.3363 0.8483
vn -0.0267 0.0071 0.9996
vn -0.2899 0.3524 0.8898
vn 0.0020 0.6405 0.7680
vn 0.2898 0.3258 0.8999
vn -0.1250 0.3890 0.9127
vn 0.2898 0.3260 0.8998
vn 0.0004 0.0561 0.9984
vn -0.2660 0.6585 0.7040
vn -0.1597 0.9640 0.2126
vn -0.1252 0.3891 0.9126
vn -0.0492 0.6932 0.7191
vn -0.1577 0.9056 0.3938
vn -0.3171 0.6052 0.7302
vn -0.0490 0.6931 0.7192
vn 0.4626 -0.5536 -0.6925
vn 0.1578 -0.8895 -0.4287
vn -0.1678 -0.6598 -0.7324
vn -0.5931 0.7047 0.3893
vn -0.5932 0.7046 0.3894
vn 0.3345 -0.8371 0.4329
vn 0.2635 -0.8734 -0.4095
vn -0.1706 0.8944 0.4134
vn 0.5319 -0.7450 -0.4025
vn -0.3015 0.5592 0.7723
vn 0.4037 0.5103 0.7594
vn -0.6649 -0.1274 -0.7360
vn -0.9674 0.2468 -0.0568
vn 0.9439 0.2684 0.1921
vn 0.6750 0.5771 0.4598
vn 0.6543 0.6480 0.3898
vn 0.6393 0.0494 0.7674
vn 0.8706 0.3258 0.3687
vn 0.9440 0.2685 0.1918
vn 0.6733 0.0498 0.7377
vn 0.4834 0.5005 0.7182
vn 0.2243 0.3653 0.9034
vn 0.4743 0.3403 0.8119
vn -0.0870 0.4712 0.8777
vn 0.4113 0.0836 0.9077
vn 0.4299 0.0603 0.9008
vn 0.6730 0.0500 0.7379
vn 0.9003 -0.2686 0.3426
vn 0.4113 0.0837 0.9076
vn 0.3038 0.1391 0.9425
vn -0.6202 0.1461 -0.7707
vn -0.8374 0.5335 -0.1191
vn 0.8993 -0.2979 0.3202
vn 0.8552 -0.2714 0.4415
vn 0.7093 0.2015 0.6755
vn 0.5804 -0.3119 0.7522
vn -0.4126 0.4893 0.7684
vn -0.4680 0.0330 0.8831
vn -0.1637 0.3100 0.9366
vn -0.1522 -0.1135 0.9818
vn -0.1137 0.3009 0.9469
vn -0.4276 0.5084 0.7474
vn -0.3764 0.1990 0.9048
vn -0.4128 0.4888 0.7685
vn -0.5549 0.3906 0.7345
vn -0.2624 -0.1601 0.9516
vn -0.0499 -0.3492 0.9357
vn 0.0537 -0.4037 0.9133
vn -0.3684 0.3858 0.8459
vn -0.0538 0.0496 0.9973
vn -0.1753 -0.1501 0.9730
vn -0.1480 -0.5757 0.8042
vn 0.1924 -0.6233 0.7579
vn 0.2111 -0.6425 0.7367
vn -0.1973 -0.1141 0.9737
vn -0.0125 -0.4603 0.8877
vn 0.3202 -0.8485 0.4213
vn 0.1928 -0.6233 0.7578
vn 0.1303 -0.7242 0.6772
vn -0.3882 0.8943 -0.2226
vn 0.3314 -0.5145 0.7909
vn -0.0225 -0.2976 0.9544
vn 0.0025 0.8272 -0.5618
vn 0.1301 -0.7243 0.6771
vn -0.0123 -0.4601 0.8878
vn 0.4723 -0.8346 0.2834
vn 0.3204 -0.8484 0.4215
vn 0.1365 -0.7281 0.6718
vn -0.3818 0.8140 -0.4377
vn -0.3874 0.7965 0.4643
vn 0.0744 -0.9518 0.2975
vn 0.1001 -0.6622 0.7426
vn -0.1649 0.9277 -0.3350
vn -0.2813 -0.7466 0.6028
vn 0.0328 0.9729 -0.2287
vn -0.0323 0.8369 0.5463
vn 0.2861 0.9520 -0.1087
vn -0.0568 -0.9738 0.2204
vn 0.0690 -0.9594 0.2735
vn 0.1599 -0.7449 0.6478
vn -0.1759 -0.9160 0.3605
vn 0.0690 -0.9594 0.2734
vn 0.1364 -0.7280 0.6718
vn 0.1313 -0.7629 0.6331
vn -0.1114 0.9795 -0.1681
vn 0.1598 -0.7450 0.6477
vn -0.1602 -0.3091 0.9375
vn 0.1951 0.9215 -0.3357
vn -0.5798 -0.5691 0.5831
vn -0.1548 0.9878 -0.0178
vn 0.3785 0.8862 -0.2673
vn -0.2213 -0.8064 0.5484
vn -0.1466 -0.7343 0.6628
vn -0.3830 -0.7479 0.5422
vn -0.1467 -0.7342 0.6629
vn -0.6093 0.0189 0.7927
vn -0.4841 -0.4853 0.7281
vn 0.2429 -0.6669 0.7045
vn -0.4838 -0.4854 0.7282
vn -0.2313 -0.3674 0.9008
vn 0.0427 -0.4248 0.9043
vn 0.5253 0.8040 -0.2785
vn -0.1743 -0.8454 0.5049
vn -0.5076 -0.5953 0.6229
vn -0.7961 -0.4952 0.3479
vn 0.3216 0.5257 0.7875
vn 0.8492 0.4097 0.3333
vn -0.5770 -0.8130 -0.0784
vn 0.6422 0.7571 -0.1203
vn -0.4687 -0.6354 0.6137
vn 0.7505 0.2708 0.6029
vn 0.8494 0.4094 -0.3331
vn -0.6265 -0.0234 0.7791
vn -0.8760 -0.3084 0.3708
vn -0.6665 -0.6026 0.4390
vn 0.9439 0.2688 -0.1918
vn -0.6264 -0.0236 0.7791
vn -0.1603 -0.2806 0.9463
vn -0.6650 -0.1274 0.7359
vn -0.1603 -0.2807 0.9463
vn -0.6775 -0.0591 0.7331
vn -0.8759 -0.3087 0.3709
vn -0.6649 -0.1276 0.7360
vn -0.3909 -0.0599 0.9185
vn -0.1401 -0.4148 0.8991
vn 0.9003 -0.2686 -0.3426
vn -0.6777 -0.0589 0.7330
vn -0.7723 0.0206 0.6349
vn -0.5042 -0.4299 0.7490
vn -0.4250 -0.0605 0.9032
vn -0.4251 -0.0606 0.9031
vn -0.6202 0.1461 0.7707
vn -0.8373 0.5335 0.1191
vn 0.7093 0.2013 -0.6755
vn 0.8993 -0.2979 -0.3202
vn -0.5359 0.3210 0.7809
vn -0.6203 0.1461 0.7707
vn 0.8993 -0.2979 -0.3201
vn 0.4978 -0.3408 -0.7975
vn -0.1806 -0.0640 0.9815
vn -0.8530 0.2804 0.4403
vn -0.6776 -0.0588 0.7331
vn 0.9048 0.1246 -0.4071
vn -0.5639 -0.0968 0.8202
vn -0.8513 0.2509 0.4608
vn -0.8957 -0.2418 0.3732
vn 0.8669 -0.2050 -0.4544
vn -0.9994 0.0341 0.0001
vn 0.9906 -0.1371 -0.0001
vn -0.9823 0.1871 -0.0002
vn -0.6467 0.0705 0.7595
vn 0.9049 0.1246 0.4069
vn -0.9682 0.1250 0.2167
vn -0.8513 0.2509 -0.4609
vn 0.3226 0.1103 0.9401
vn 0.8669 -0.2050 0.4544
vn -0.8957 -0.2418 -0.3732
vn -0.5880 0.3377 0.7349
vn -0.8210 0.5710 -0.0000
vn 0.7758 -0.2318 0.5868
vn -0.9150 0.4034 0.0001
vn 0.9993 0.0381 -0.0002
vn 0.7812 -0.6242 -0.0001
vn -0.5779 0.3024 0.7580
vn -0.8530 0.2805 0.4401
vn -0.6203 0.1464 0.7706
vn 0.8289 -0.3463 -0.4394
vn -0.4964 0.2511 0.8310
vn -0.6178 0.6574 0.4315
vn 0.6638 -0.5133 0.5439
vn -0.8655 0.2532 0.4321
vn 0.6681 -0.1845 -0.7209
vn 0.6705 -0.6773 -0.3028
vn -0.6589 0.6365 0.4009
vn -0.5779 0.3021 0.7581
vn -0.3764 0.1991 0.9048
vn -0.5547 0.3912 0.7344
vn -0.6147 0.7847 0.0798
vn -0.4854 -0.1257 0.8652
vn -0.4852 -0.1259 0.8653
vn -0.5778 0.3019 0.7583
vn -0.1254 -0.1849 0.9747
vn -0.2626 0.2505 0.9318
vn -0.6276 0.3711 0.6844
vn -0.2625 0.2509 0.9318
vn -0.2053 -0.2893 0.9350
vn 0.1831 -0.4697 0.8637
vn -0.0973 -0.0914 0.9911
vn -0.4771 0.1680 0.8627
vn 0.2031 -0.7701 0.6047
vn -0.4185 0.8254 -0.3790
vn 0.0426 -0.4248 0.9043
vn -0.3005 -0.2957 0.9068
vn -0.1519 -0.7027 0.6950
vn 0.0125 0.4602 0.8877
vn -0.0206 0.4453 0.8951
vn -0.1411 0.7234 0.6759
vn -0.0202 0.4456 0.8950
vn -0.4183 0.8254 0.3791
vn 0.4384 0.0375 0.8980
vn 0.0925 0.6457 0.7580
vn 0.0929 0.6457 0.7579
vn -0.0566 0.9608 0.2714
vn -0.1412 0.7234 0.6758
vn -0.1776 0.7241 0.6664
vn -0.1114 0.9795 0.1680
vn -0.1778 0.7240 0.6665
vn 0.1313 -0.7629 -0.6330
vn 0.4383 -0.8984 0.0282
vn 0.1640 0.9149 0.3689
vn -0.1112 0.9794 0.1685
vn 0.1952 0.9213 0.3363
vn -0.0504 0.9073 0.4175
vn 0.3205 -0.9472 -0.0001
vn 0.2172 -0.6665 0.7131
vn 0.2933 -0.9560 -0.0001
vn 0.1240 0.9923 -0.0001
vn -0.3561 0.9344 0.0001
vn -0.0740 -0.9340 0.3495
vn 0.0329 0.9729 0.2290
vn 0.2554 0.5587 0.7891
vn -0.3390 -0.9380 -0.0730
vn 0.2862 0.9520 0.1088
vn -0.4072 -0.8942 -0.1861
vn 0.2025 0.7950 0.5718
vn 0.3744 0.7349 0.5655
vn 0.3980 0.7690 0.5003
vn 0.1794 0.3724 0.9106
vn 0.0716 0.7735 0.6298
vn 0.5936 0.4115 0.6916
vn -0.0091 0.8207 0.5713
vn -0.5042 -0.8442 -0.1821
vn -0.8533 -0.4736 -0.2179
vn 0.6731 0.0499 0.7379
vn -0.8006 0.5713 0.1807
vn 0.8250 -0.3447 0.4479
vn 0.2916 -0.1113 0.9501
vn 0.6693 -0.6067 0.4289
vn -0.8695 0.2542 -0.4234
vn -0.6178 0.6573 -0.4316
vn -0.4657 0.5338 0.7059
vn -0.5954 0.8034 -0.0002
vn 0.5939 -0.5598 0.5779
vn -0.7336 0.6796 -0.0002
vn 0.8945 -0.4470 0.0001
vn 0.4999 -0.8661 0.0001
vn -0.3975 0.4542 0.7973
vn -0.3355 0.8313 0.4431
vn 0.4833 -0.7557 0.4419
vn -0.7329 0.5253 0.4323
vn 0.4106 -0.7975 -0.4420
vn -0.4126 0.4891 0.7685
vn -0.3544 0.8325 0.4257
vn -0.7329 0.5253 0.4324
vn -0.3353 0.8317 0.4426
vn -0.1582 0.6528 0.7408
vn -0.0855 0.1764 0.9806
vn -0.3221 0.5726 0.7539
vn 0.0533 0.6933 0.7187
vn -0.1277 0.8951 0.4272
vn -0.1723 0.9849 -0.0186
vn -0.1984 0.6010 0.7743
vn 0.0588 0.0070 0.9982
vn -0.1578 -0.7176 -0.6783
vn 0.0987 0.6792 0.7273
vn -0.0044 0.3354 0.9421
vn -0.1984 0.6015 0.7739
vn -0.0043 0.3347 0.9423
vn 0.0532 0.6927 0.7192
vn 0.0589 0.0069 0.9982
vn 0.3340 -0.5652 -0.7543
vn 0.1462 -0.8994 -0.4120
vn 0.0532 0.6929 0.7191
vn -0.2458 0.5977 0.7631
vn 0.0203 0.8843 0.4664
vn 0.3132 0.4228 0.8504
vn 0.0987 0.6781 0.7283
vn 0.0228 0.3126 0.9496
vn 0.0991 0.3070 0.9465
vn 0.1965 0.0352 0.9799
vn 0.2277 -0.2710 0.9353
vn 0.3135 0.4232 0.8501
vn -0.1885 0.6746 0.7137
vn 0.0624 0.9627 0.2633
vn 0.3780 0.6669 0.6422
vn 0.0988 0.6785 0.7279
vn 0.0811 0.6630 0.7442
vn 0.2417 0.3004 0.9227
vn 0.0719 0.8390 0.5393
vn -0.1317 0.3768 0.9169
vn -0.1312 0.3761 0.9172
vn 0.0267 -0.0070 0.9996
vn 0.0100 -0.2326 0.9725
vn 0.7666 0.2167 0.6045
vn -0.0654 -0.2469 0.9668
vn 0.2735 -0.0300 0.9614
vn -0.0371 0.2134 0.9763
vn 0.6925 -0.2583 0.6736
vn -0.1892 -0.3193 0.9286
vn -0.0191 -0.6734 0.7390
vn -0.0436 -0.8504 0.5243
vn 0.1593 -0.3781 0.9120
vn 0.0170 0.2480 0.9686
vn 0.1593 -0.3777 0.9121
vn 0.1259 -0.3919 0.9113
vn -0.1687 0.0148 0.9856
vn 0.1252 -0.3462 0.9298
vn 0.3956 0.0749 0.9154
vn 0.1529 -0.3540 0.9227
vn 0.0991 0.3505 0.9313
vn 0.4169 -0.2172 0.8826
vn 0.3224 -0.6043 0.7287
vn 0.3425 -0.8419 0.4169
vn 0.1477 -0.3325 0.9315
vn -0.0320 -0.0420 0.9986
vn 0.2108 -0.6338 0.7442
vn -0.1057 0.6702 0.7346
vn 0.1805 0.0709 0.9810
vn -0.0593 -0.0421 0.9974
vn -0.2989 0.2086 0.9312
vn -0.3137 0.8225 0.4744
vn -0.0480 0.3278 0.9435
vn -0.4124 0.5043 0.7587
vn -0.2370 0.8656 0.4411
vn -0.2462 0.5975 0.7631
vn -0.2587 0.9106 0.3224
vn 0.0937 0.7340 0.6726
vn -0.0659 0.6845 0.7261
vn -0.2697 0.8584 0.4363
vn 0.1794 -0.9818 0.0625
vn -0.1043 -0.9306 -0.3508
vn 0.0012 0.4010 0.9161
vn 0.0205 0.9204 0.3905
vn 0.3686 -0.8206 -0.4369
vn 0.0507 0.9633 0.2636
vn 0.1548 -0.9879 -0.0000
vn -0.0747 -0.9800 0.1847
vn 0.4251 0.9051 0.0001
vn -0.0877 -0.7033 0.7054
vn -0.4578 -0.8031 0.3815
vn 0.1102 0.9535 0.2806
vn 0.2625 -0.8785 0.3992
vn -0.0923 0.9111 -0.4018
vn 0.3345 0.8456 -0.4161
vn -0.0289 -0.5442 0.8385
vn -0.0426 -0.7889 0.6130
vn 0.1704 -0.6725 0.7202
vn -0.0817 -0.6627 0.7444
vn -0.3665 -0.3033 0.8796
vn -0.0429 -0.0416 0.9982
vn 0.2655 -0.3429 0.9011
vn -0.0471 -0.6224 0.7813
vn -0.0991 -0.3070 0.9466
vn -0.3134 -0.6313 0.7094
vn -0.0991 -0.3073 0.9465
vn -0.0736 -0.8978 0.4342
vn 0.0626 0.9626 -0.2635
vn 0.1281 -0.6307 0.7653
vn -0.0932 -0.2919 0.9519
vn 0.1280 -0.6308 0.7653
vn 0.3780 0.6668 -0.6422
vn -0.1042 -0.6699 0.7351
vn -0.4141 -0.4149 0.8102
vn 0.0641 -0.3062 0.9498
vn -0.4142 -0.4146 0.8103
vn -0.2034 -0.0283 0.9787
vn -0.1044 -0.6863 0.7198
vn 0.0642 -0.3059 0.9499
vn 0.0099 -0.3436 0.9391
vn 0.0322 0.0487 0.9983
vn -0.1264 0.4671 0.8751
vn -0.2684 0.0154 0.9632
vn -0.0833 -0.3661 0.9268
vn -0.4913 0.1927 0.8494
vn -0.3314 0.6415 0.6918
vn -0.0702 0.3669 0.9276
vn -0.1469 0.3236 0.9347
vn -0.3172 0.6052 0.7301
vn -0.1911 -0.0709 0.9790
vn -0.0702 0.3671 0.9275
vn 0.4169 -0.2174 -0.8826
vn 0.3426 -0.8418 -0.4171
vn -0.2567 -0.1165 0.9595
vn -0.1414 0.3454 0.9277
vn 0.1410 0.0563 0.9884
vn 0.0370 -0.3859 0.9218
vn 0.0593 0.0421 0.9974
vn -0.0284 -0.3712 0.9281
vn 0.2470 -0.5932 0.7662
vn -0.0283 -0.3711 0.9282
vn 0.0593 0.0699 0.9958
vn 0.0535 -0.3215 0.9454
vn 0.0098 -0.3433 0.9392
vn 0.2470 -0.5933 0.7662
vn 0.3341 -0.5655 0.7540
vn 0.1462 -0.8992 0.4124
vn -0.1578 -0.7180 0.6779
vn -0.1042 -0.6703 0.7348
vn 0.0206 -0.3496 0.9367
vn -0.1579 -0.7174 0.6785
vn -0.1725 0.9848 0.0176
vn 0.3340 -0.5650 0.7544
vn -0.1045 -0.6696 0.7353
vn 0.1333 -0.8942 0.4274
vn 0.1940 -0.8771 0.4393
vn 0.1941 -0.8773 0.4390
vn 0.0206 0.9402 0.3400
vn 0.2706 0.8936 -0.3582
vn -0.0918 0.8915 -0.4436
vn -0.3888 -0.8566 0.3392
vn -0.1099 -0.6694 0.7347
vn -0.0736 -0.9059 0.4170
vn -0.3481 -0.9375 -0.0000
vn 0.1857 -0.9826 -0.0000
vn 0.3892 0.9211 -0.0000
vn 0.0784 0.8485 0.5234
vn 0.1646 -0.3188 0.9334
vn 0.1305 -0.3310 0.9346
vn -0.1467 0.2801 0.9487
vn -0.1008 -0.4199 0.9020
vn 0.1173 -0.6652 0.7374
vn 0.1769 -0.8887 0.4230
vn -0.1006 -0.4197 0.9021
vn 0.1176 -0.6647 0.7378
vn 0.1476 -0.3321 0.9316
vn 0.3342 -0.5648 0.7546
vn 0.1174 -0.6568 0.7448
vn -0.3947 0.5290 -0.7513
vn -0.2705 0.9008 -0.3395
vn 0.1172 -0.6565 0.7452
vn 0.2753 -0.8656 0.4183
vn 0.2875 -0.9578 -0.0000
vn 0.3341 -0.5656 0.7540
vn 0.1634 0.4460 0.8800
vn -0.1179 0.6977 0.7066
vn -0.2044 0.2772 0.9388
vn -0.2044 0.2769 0.9389
vn -0.1176 0.6649 0.7376
vn 0.0753 0.0137 0.9971
vn 0.1632 0.4465 0.8798
vn -0.1469 0.3237 0.9347
vn -0.3947 0.5289 0.7513
vn -0.2705 0.9009 0.3395
vn -0.0263 0.6781 0.7345
vn -0.1175 0.6656 0.7370
vn -0.0263 0.6776 0.7350
vn 0.2876 -0.9577 -0.0000
vn -0.3948 0.5289 0.7513
vn -0.1082 0.2505 0.9621
vn -0.1177 0.6653 0.7373
vn -0.2757 0.8656 0.4180
vn -0.3677 0.8265 0.4263
vn -0.3675 0.8264 0.4266
vn 0.1821 -0.8843 0.4299
vn 0.0387 -0.9155 -0.4004
vn 0.0264 0.9234 0.3830
vn 0.2764 -0.8602 -0.4286
vn -0.1000 0.6242 0.7749
vn -0.1176 0.6651 0.7374
vn -0.3222 0.5726 0.7539
vn -0.4332 0.9013 -0.0001
vn 0.3459 -0.8028 0.4857
vn 0.0934 -0.9956 0.0001
vn 0.6803 -0.7329 -0.0000
vn -0.2684 0.9633 -0.0000
vn -0.7329 0.5252 -0.4324
vn -0.5733 0.8184 0.0394
vn 0.6721 -0.6094 0.4206
vn -0.5732 0.8185 0.0395
vn -0.3355 0.8314 -0.4430
vn 0.4153 -0.4927 0.7647
vn 0.3543 -0.8326 0.4257
vn 0.4108 -0.7973 0.4422
vn 0.6628 -0.6335 0.3992
vn 0.4155 -0.4928 0.7645
vn 0.6722 -0.6091 0.4209
vn 0.3402 -0.5499 0.7628
vn 0.6706 -0.6771 0.3030
vn 0.3808 -0.2060 0.9014
vn 0.3400 -0.5498 0.7630
vn 0.2436 -0.0082 0.9698
vn -0.5546 0.3911 -0.7344
vn 0.5805 -0.3120 0.7521
vn 0.3236 -0.2173 0.9209
vn 0.1808 0.1428 0.9731
vn 0.3808 -0.2058 0.9014
vn -0.0756 0.3299 0.9410
vn 0.4338 0.0453 0.8999
vn 0.7365 -0.5649 0.3721
vn 0.3238 -0.2176 0.9208
vn 0.4336 0.0454 0.9000
vn 0.0758 0.1059 0.9915
vn -0.1101 0.5577 0.8227
vn 0.4982 0.0061 0.8670
vn 0.3030 0.5010 0.8107
vn 0.1465 -0.3084 0.9399
vn 0.0661 -0.6845 0.7260
vn -0.1684 -0.0779 0.9826
vn -0.2399 -0.5209 0.8192
vn -0.2401 -0.5210 0.8191
vn 0.1465 -0.3082 0.9400
vn -0.1830 0.4401 0.8791
vn -0.1240 -0.0563 0.9907
vn 0.1149 -0.4286 0.8962
vn 0.3079 -0.8393 0.4480
vn -0.3836 0.9235 -0.0001
vn -0.1422 0.7352 0.6628
vn 0.0694 -0.9976 -0.0000
vn 0.0151 0.9999 -0.0000
vn 0.5953 -0.8035 0.0001
vn -0.5088 0.6884 0.5170
vn 0.0628 -0.9376 -0.3420
vn 0.6003 -0.6269 -0.4966
vn 0.4111 -0.9115 -0.0092
vn -0.2009 0.9034 0.3788
vn -0.1031 0.3961 0.9124
vn -0.2258 0.8681 0.4420
vn -0.1927 0.6237 0.7575
vn -0.5089 0.6886 0.5166
vn 0.0781 0.8019 0.5923
vn -0.2259 0.8678 0.4425
vn -0.2618 0.9609 0.0907
vn -0.2350 0.6216 0.7472
vn -0.2347 0.6216 0.7474
vn 0.2893 -0.8463 -0.4473
vn -0.0306 -0.7174 -0.6960
vn 0.0447 0.3581 0.9326
vn 0.0781 0.8024 0.5916
vn 0.1094 0.2499 0.9621
vn -0.0658 0.6845 0.7261
vn -0.2347 0.6215 0.7474
vn -0.1926 0.6238 0.7575
vn 0.1805 0.4543 0.8724
vn -0.1814 0.8809 0.4371
vn -0.0641 0.3342 0.9403
vn 0.1577 0.0990 0.9825
vn 0.2504 -0.2133 0.9444
vn 0.2761 0.1833 0.9435
vn -0.1801 -0.1066 0.9779
vn 0.1761 -0.3271 0.9284
vn -0.2755 0.8657 0.4180
vn -0.3171 0.6055 0.7299
vn -0.1706 0.8946 0.4131
vn -0.4826 0.8759 -0.0004
vn -0.2477 0.8135 0.5262
vn 0.1857 -0.9826 0.0002
vn 0.2050 -0.6261 0.7523
vn 0.4249 -0.9052 0.0001
vn -0.0995 0.9950 -0.0003
vn -0.1984 0.9775 0.0719
vn 0.0372 -0.3585 0.9328
vn 0.0386 -0.9156 0.4003
vn 0.2775 -0.8635 0.4212
vn -0.3662 0.8232 -0.4340
vn 0.0092 -0.6978 0.7163
vn -0.3448 0.9127 -0.2192
vn 0.1355 -0.2362 0.9622
vn 0.5240 -0.4118 0.7455
vn 0.3612 -0.8426 0.3994
vn 0.0092 -0.6979 0.7161
vn 0.1176 -0.6652 0.7373
vn 0.4152 -0.4926 0.7648
vn 0.1867 -0.2825 0.9409
vn 0.0011 0.3772 0.9261
vn 0.4842 -0.7489 0.4524
vn 0.0428 0.0415 0.9982
vn 0.4056 -0.2640 0.8751
vn -0.0828 0.5906 0.8027
vn 0.3105 0.3230 0.8940
vn -0.0857 0.2266 0.9702
vn 0.3372 -0.1213 0.9336
vn -0.4062 0.7646 0.5004
vn 0.0572 0.5096 0.8585
vn -0.3266 0.5393 0.7762
vn -0.1926 0.6236 0.7577
vn -0.2006 0.9033 0.3791
vn -0.3265 0.5390 0.7764
vn 0.0835 0.3812 0.9207
vn 0.1300 -0.7243 -0.6771
vn -0.3882 0.8943 0.2225
vn 0.4723 -0.8347 -0.2833
vn 0.0026 0.8273 0.5618
vn -0.1412 0.7235 0.6758
vn 0.3343 -0.9349 0.1194
vn -0.3818 0.8141 0.4377
vn -0.1649 0.9277 0.3349
vn 0.0744 -0.9518 -0.2976
vn 0.4105 -0.7975 -0.4421
vn 0.6038 -0.7971 -0.0001
vn -0.2777 0.7668 0.5788
vn -0.1240 0.9923 0.0002
vn 0.3680 -0.7334 0.5716
vn 0.2877 -0.9577 0.0001
vn -0.5823 0.8130 -0.0001
vn 0.2045 -0.6175 0.7596
vn 0.6002 -0.6269 0.4967
vn 0.0626 -0.9377 0.3418
vn -0.4428 0.8190 0.3651
vn -0.5113 0.6917 -0.5100
vn 0.6000 -0.6271 0.4967
vn 0.1927 -0.6235 0.7577
vn 0.0627 -0.9377 0.3418
vn 0.2193 -0.8657 0.4500
vn -0.2615 0.9609 -0.0906
vn 0.3436 -0.4766 0.8092
vn 0.0154 -0.2543 0.9670
vn -0.0306 -0.7174 0.6960
vn 0.3433 -0.4766 0.8093
vn 0.2893 -0.8463 0.4473
vn -0.0306 -0.7171 0.6963
vn 0.0660 -0.6842 0.7263
vn -0.0919 0.8916 0.4435
vn -0.0690 -0.9976 -0.0000
vn -0.3887 -0.8566 -0.3392
vn 0.1942 -0.8772 -0.4391
vn 0.2706 0.8935 0.3584
vn 0.1058 0.4255 0.8988
vn -0.0918 0.8915 0.4436
vn -0.2876 0.9577 -0.0001
vn 0.1399 -0.8968 0.4198
vn -0.1242 -0.9923 0.0001
vn -0.0943 0.6543 0.7503
vn -0.0029 1.0000 0.0001
vn 0.4384 -0.8988 -0.0001
vn 0.1333 -0.8944 0.4270
vn 0.2468 -0.5932 0.7663
vn 0.0912 -0.9049 0.4158
vn -0.4981 0.7504 -0.4345
vn -0.3229 0.8630 0.3886
vn 0.0915 -0.9046 0.4163
vn 0.2589 -0.5862 0.7677
vn 0.5945 -0.6800 0.4292
vn -0.1879 0.8833 -0.4295
vn 0.2467 -0.5930 0.7665
vn 0.2371 -0.8657 0.4409
vn 0.5945 -0.6800 0.4290
vn 0.0430 -0.6773 0.7345
vn 0.0433 -0.6771 0.7346
vn 0.2665 -0.9077 0.3241
vn 0.2950 -0.5654 0.7702
vn 0.0661 -0.6846 0.7259
vn 0.2372 -0.8658 0.4407
vn 0.2950 -0.5656 0.7701
vn 0.3686 -0.8205 0.4369
vn -0.1822 0.9003 0.3952
vn 0.0204 0.9203 -0.3907
vn -0.2697 0.8583 -0.4366
vn -0.1042 -0.9305 0.3511
vn 0.0601 -0.6520 0.7559
vn -0.5478 0.8366 -0.0000
vn 0.1241 -0.9923 -0.0000
vn 0.4300 -0.9028 -0.0000
vn 0.0210 0.9998 -0.0001
vn 0.2298 -0.8132 0.5347
vn 0.3671 -0.9302 -0.0000
vn 0.5944 -0.6800 -0.4292
vn -0.4981 0.7505 0.4344
vn 0.3670 -0.9302 -0.0000
vn 0.0916 -0.9046 -0.4164
vn -0.1877 0.8834 0.4294
vn -0.1277 0.8950 0.4275
vn -0.2458 0.5978 0.7630
vn -0.4981 0.7506 0.4342
vn -0.0873 -0.9948 -0.0532
vn 0.0730 0.4623 0.8837
vn -0.0429 -0.7890 -0.6129
vn 0.0256 0.8204 0.5712
vn 0.0068 0.4603 0.8877
vn -0.0957 -0.4647 0.8803
vn 0.0625 0.5151 -0.8549
vn -0.1195 -0.8429 0.5247
vn 0.0870 0.9753 0.2030
vn -0.1344 -0.9475 -0.2900
vn -0.1344 -0.9475 0.2900
vn -0.1195 -0.8429 -0.5246
vn -0.0956 -0.4647 -0.8803
vn 0.0625 0.5150 0.8549
vn 0.0775 0.7802 0.6207
vn -0.0371 0.2123 -0.9765
vn 0.0156 -0.1618 0.9867
vn -0.0655 -0.2470 -0.9668
vn -0.1892 -0.3188 -0.9287
vn 0.0001 0.0560 0.9984
vn -0.0435 -0.8504 -0.5243
vn -0.6664 -0.6027 -0.4390
vn -0.4830 -0.8756 -0.0000
vn -0.8368 -0.4494 -0.3128
vn -0.4840 -0.4853 -0.7282
vn -0.6662 -0.6027 -0.4391
vn -0.6264 -0.0234 -0.7791
vn -0.9674 0.2470 -0.0569
vn -0.6650 -0.1274 -0.7359
vn -0.6264 -0.0235 -0.7791
vn -0.8759 -0.3085 -0.3709
vn -0.1603 -0.2807 -0.9463
vn -0.6651 -0.1274 -0.7358
vn -0.6777 -0.0589 -0.7330
vn -0.0869 0.4712 0.8778
vn -0.7723 0.0206 -0.6349
vn 0.4114 0.0836 0.9076
vn -0.5040 -0.4299 -0.7491
vn -0.5044 -0.4299 -0.7488
vn -0.1397 -0.4149 -0.8991
vn -0.6774 -0.0590 -0.7333
vn -0.4251 -0.0606 -0.9031
vn -0.5358 0.3210 -0.7810
vn -0.5778 0.3023 -0.7581
vn -0.6203 0.1463 -0.7706
vn -0.6202 0.1462 -0.7707
vn -0.1806 -0.0640 -0.9815
vn -0.8530 0.2802 -0.4403
vn -0.5359 0.3210 -0.7809
vn 0.1865 -0.2826 -0.9409
vn -0.4276 0.5087 0.7472
vn -0.4680 0.0329 0.8831
vn 0.0011 0.3771 -0.9262
vn -0.3765 0.1988 0.9048
vn -0.4127 0.4893 0.7683
vn -0.5548 0.3910 0.7344
vn 0.0429 0.0419 -0.9982
vn -0.2624 -0.1600 0.9516
vn -0.0857 0.2270 -0.9701
vn -0.1482 -0.5758 0.8041
vn -0.4062 0.7643 -0.5008
vn -0.3318 0.5382 -0.7748
vn -0.3882 0.8943 -0.2227
vn 0.1302 -0.7245 0.6769
vn -0.0226 -0.2977 0.9544
vn 0.0328 0.9729 -0.2289
vn -0.2812 -0.7467 0.6028
vn -0.3389 -0.9380 0.0732
vn -0.1603 -0.3092 0.9374
vn 0.1313 -0.7629 0.6330
vn -0.1114 0.9794 -0.1684
vn -0.5798 -0.5690 0.5831
vn 0.2026 0.7949 -0.5719
vn -0.1548 0.9878 -0.0179
vn -0.4072 -0.8942 0.1862
vn -0.6093 0.0186 0.7927
vn 0.1796 0.3723 -0.9106
vn 0.0718 0.7734 -0.6298
vn -0.5037 -0.8444 0.1825
vn 0.5054 0.5685 -0.6491
vn -0.0093 0.8207 -0.5713
vn -0.0091 0.8208 -0.5712
vn -0.5074 -0.5954 0.6230
vn -0.8532 -0.4737 0.2181
vn 0.5252 0.8040 -0.2789
vn -0.3827 -0.7481 0.5421
vn -0.6663 -0.6027 0.4390
vn -0.5074 -0.5952 0.6231
vn -0.1742 -0.8453 0.5052
vn -0.6662 -0.6028 0.4390
vn -0.5038 -0.8443 0.1823
vn -0.4840 -0.4853 0.7282
vn -0.7962 -0.4951 0.3477
vn -0.5770 -0.8130 -0.0787
vn -0.8423 -0.5390 -0.0000
vn -0.4689 -0.6351 -0.6138
vn -0.8367 -0.4494 0.3128
vn -0.4689 -0.6353 0.6137
vn -0.7962 -0.4951 -0.3478
vn -0.5769 -0.8130 0.0786
vn -0.8759 -0.3086 0.3709
vn -0.9823 0.1871 -0.0000
vn -0.6264 -0.0235 0.7791
vn -0.6466 0.0706 -0.7596
vn -0.9674 0.2469 0.0569
vn -0.8759 -0.3085 0.3711
vn -0.6264 -0.0235 0.7792
vn -0.6650 -0.1273 0.7359
vn 0.4114 0.0835 -0.9076
vn -0.5040 -0.4300 0.7491
vn -0.5043 -0.4299 0.7489
vn -0.6773 -0.0590 0.7333
vn -0.1398 -0.4150 0.8990
vn -0.4252 -0.0606 0.9031
vn -0.5356 0.3212 0.7810
vn -0.8373 0.5336 0.1189
vn -0.8530 0.2801 0.4404
vn -0.6203 0.1459 0.7707
vn -0.8957 -0.2418 0.3731
vn -0.9682 0.1249 -0.2168
vn -0.8513 0.2509 0.4609
vn -0.8530 0.2803 0.4402
vn -0.9944 0.1058 -0.0000
vn -0.9994 0.0341 -0.0000
vn -0.6466 0.0707 0.7596
vn -0.8512 0.2509 -0.4609
vn -0.6777 -0.0588 -0.7329
vn -0.9682 0.1250 0.2168
vn -0.8957 -0.2418 -0.3731
vn -0.5639 -0.0968 -0.8202
vn -0.8530 0.2802 -0.4402
vn -0.8209 0.5710 -0.0000
vn -0.5880 0.3378 0.7350
vn -0.9150 0.4035 -0.0000
vn -0.8277 0.5611 -0.0000
vn -0.5880 0.3377 -0.7350
vn -0.6177 0.6575 0.4314
vn -0.5778 0.3022 0.7582
vn -0.4964 0.2512 0.8310
vn -0.8655 0.2530 0.4322
vn -0.4251 -0.0607 0.9031
vn -0.6589 0.6364 0.4010
vn -0.8006 0.5713 -0.1808
vn -0.4085 0.5388 0.7367
vn -0.3765 0.1991 0.9048
vn -0.6147 0.7847 0.0796
vn -0.5779 0.3018 0.7583
vn -0.4852 -0.1254 0.8654
vn 0.3236 -0.2174 -0.9209
vn -0.6276 0.3714 0.6843
vn -0.4852 -0.1258 0.8653
vn -0.0755 0.3299 -0.9410
vn -0.2626 0.2506 0.9318
vn 0.0759 0.1059 -0.9915
vn -0.4770 0.1679 0.8627
vn -0.2053 -0.2892 0.9350
vn -0.1102 0.5576 -0.8228
vn -0.0206 0.4456 -0.8950
vn -0.4184 0.8254 -0.3791
vn -0.1520 -0.7025 0.6953
vn -0.3005 -0.2957 -0.9068
vn -0.1519 -0.7024 -0.6954
vn -0.4185 0.8253 0.3791
vn 0.1314 -0.7630 -0.6329
vn -0.1114 0.9794 0.1682
vn -0.1779 0.7241 0.6664
vn -0.1602 -0.3093 -0.9374
vn -0.2813 -0.7466 -0.6029
vn -0.3390 -0.9379 -0.0734
vn -0.5798 -0.5691 -0.5830
vn -0.1549 0.9879 0.0090
vn -0.4072 -0.8942 -0.1860
vn 0.1796 0.3723 0.9106
vn -0.6093 0.0187 -0.7927
vn 0.0718 0.7735 0.6297
vn -0.2152 -0.4276 -0.8780
vn -0.3830 -0.7478 -0.5423
vn -0.5074 -0.5952 -0.6231
vn -0.8534 -0.4734 -0.2182
vn -0.0092 0.8208 0.5712
vn -0.5040 -0.8443 -0.1822
vn -0.0091 0.8207 0.5712
vn 0.5057 0.5686 0.6488
vn 0.5264 0.8062 0.2699
vn -0.5074 -0.5953 -0.6230
vn -0.1744 -0.8453 -0.5050
vn -0.5037 -0.8444 -0.1822
vn -0.8696 0.2542 -0.4234
vn -0.5779 0.3020 -0.7582
vn -0.8006 0.5712 0.1807
vn -0.6178 0.6574 -0.4314
vn -0.6589 0.6364 -0.4010
vn -0.4953 0.2587 -0.8293
vn -0.5951 0.8037 -0.0001
vn -0.4657 0.5337 0.7059
vn -0.6590 0.6364 -0.4010
vn -0.7337 0.6795 -0.0000
vn -0.5697 0.8218 -0.0000
vn -0.4677 0.5279 -0.7089
vn -0.7330 0.5252 0.4323
vn -0.3976 0.4540 0.7973
vn -0.4126 0.4896 0.7682
vn -0.7328 0.5255 0.4323
vn -0.5731 0.8185 -0.0396
vn 0.0092 -0.6978 -0.7162
vn -0.3448 0.9127 0.2193
vn -0.3221 0.5725 0.7540
vn -0.1578 -0.7175 -0.6784
vn -0.1724 0.9849 -0.0178
vn -0.1983 0.6007 0.7745
vn 0.0203 0.8845 0.4660
vn -0.2087 -0.0065 -0.9780
vn -0.0933 -0.2921 -0.9518
vn -0.1885 0.6746 0.7138
vn -0.3151 -0.6266 -0.7128
vn -0.0736 -0.8978 -0.4343
vn 0.0625 0.9627 0.2633
vn 0.0156 -0.1619 -0.9867
vn 0.0001 0.0560 -0.9984
vn -0.1892 -0.3189 0.9287
vn -0.0435 -0.8503 0.5245
vn -0.4915 0.1928 -0.8493
vn -0.3314 0.6413 -0.6921
vn -0.0283 -0.3708 -0.9283
vn -0.3138 0.8226 0.4743
vn -0.2988 0.2084 0.9313
vn 0.0593 0.0703 -0.9958
vn 0.0433 -0.6772 -0.7345
vn -0.2588 0.9106 0.3223
vn -0.4121 0.5045 0.7587
vn 0.0369 -0.2258 -0.9735
vn 0.0507 0.9633 -0.2637
vn 0.0507 0.9633 0.2635
vn -0.0747 -0.9800 -0.1846
vn 0.0728 0.4679 -0.8808
vn -0.0923 0.9111 -0.4017
vn -0.0873 -0.9943 0.0620
vn -0.0293 -0.5441 0.8385
vn -0.0429 -0.7890 0.6129
vn 0.0256 0.8204 -0.5712
vn 0.0068 0.4546 -0.8907
vn -0.1885 0.6747 -0.7137
vn -0.0933 -0.2920 0.9519
vn -0.3135 -0.6312 0.7094
vn -0.0736 -0.8977 0.4343
vn 0.0626 0.9626 -0.2634
vn 0.0990 0.3070 -0.9465
vn 0.0225 0.3128 -0.9495
vn 0.0202 0.8845 -0.4660
vn -0.3314 0.6413 0.6920
vn -0.3137 0.8226 -0.4742
vn -0.0283 -0.3708 0.9283
vn -0.2988 0.2084 -0.9313
vn 0.0593 0.0703 0.9958
vn -0.1725 0.9849 0.0179
vn -0.1576 -0.7176 0.6783
vn -0.7330 0.5252 -0.4324
vn -0.3976 0.4540 -0.7974
vn -0.5697 0.8218 -0.0001
vn -0.7329 0.5253 -0.4324
vn -0.4126 0.4893 -0.7683
vn -0.5732 0.8184 0.0394
vn -0.4084 0.5391 -0.7366
vn -0.3765 0.1989 -0.9048
vn -0.6148 0.7846 -0.0798
vn -0.4126 0.4894 -0.7683
vn -0.3765 0.1990 -0.9048
vn -0.5547 0.3912 -0.7343
vn -0.5778 0.3022 -0.7582
vn -0.4852 -0.1257 -0.8653
vn -0.4853 -0.1258 -0.8653
vn -0.2053 -0.2892 -0.9350
vn -0.4770 0.1679 -0.8627
vn -0.1102 0.5576 0.8227
vn -0.1685 -0.0778 0.9826
vn -0.0640 0.3340 -0.9404
vn -0.1815 0.8809 -0.4371
vn -0.2402 -0.5208 0.8192
vn -0.1240 -0.0561 0.9907
vn -0.1801 -0.1066 -0.9779
vn -0.2009 0.9034 0.3787
vn -0.3975 0.9176 0.0001
vn -0.4428 0.8189 -0.3651
vn -0.1924 0.6235 0.7578
vn -0.2006 0.9035 0.3788
vn -0.1029 0.3962 0.9124
vn -0.0307 -0.7174 -0.6960
vn -0.2615 0.9609 0.0905
vn -0.2346 0.6215 0.7475
vn -0.0639 0.3341 0.9404
vn -0.1686 -0.0779 -0.9826
vn -0.2347 -0.5215 -0.8203
vn -0.0923 0.4116 0.9067
vn -0.1241 -0.0562 -0.9907
vn -0.1800 -0.1066 0.9779
vn -0.3222 0.5725 -0.7540
vn 0.0092 -0.6978 0.7162
vn 0.1866 -0.2826 0.9409
vn -0.4680 0.0329 -0.8831
vn -0.2625 -0.1601 -0.9516
vn -0.3683 0.3858 -0.8459
vn 0.0429 0.0419 0.9982
vn -0.0825 0.5904 0.8028
vn -0.0857 0.2271 0.9701
vn -0.1482 -0.5758 -0.8040
vn -0.4062 0.7643 0.5009
vn 0.1302 -0.7245 -0.6769
vn -0.3882 0.8943 0.2227
vn -0.3267 0.5392 0.7762
vn -0.0226 -0.2977 -0.9544
vn -0.3973 0.9177 0.0003
vn -0.2007 0.9036 -0.3785
vn -0.4426 0.8189 0.3655
vn -0.2006 0.9036 -0.3786
vn -0.1924 0.6236 -0.7577
vn -0.1028 0.3962 -0.9124
vn -0.2347 0.6214 -0.7475
vn -0.0307 -0.7174 0.6960
vn -0.2589 0.9105 -0.3223
vn 0.0434 -0.6771 0.7346
vn -0.0816 -0.6630 -0.7441
vn 0.2627 -0.8784 -0.3993
vn -0.0852 -0.8969 -0.4339
vn -0.1115 -0.9938 -0.0000
vn -0.0879 -0.7034 -0.7054
vn -0.0873 -0.9948 -0.0531
vn 0.3839 -0.8433 -0.3761
vn -0.0745 -0.9800 0.1847
vn 0.1706 -0.6725 -0.7201
vn 0.3655 0.6010 0.7108
vn 0.1709 -0.6723 -0.7203
vn -0.0293 -0.5442 -0.8385
vn 0.4090 -0.3364 -0.8483
vn 0.2150 -0.2990 0.9297
vn 0.5314 -0.7454 0.4025
vn 0.3220 -0.6045 0.7286
vn 0.2632 -0.8735 0.4095
vn 0.3891 -0.9212 -0.0000
vn 0.3347 -0.8369 -0.4331
vn 0.5319 -0.7449 0.4026
vn 0.1579 -0.9087 0.3864
vn 0.2755 -0.8656 0.4182
vn 0.3225 -0.6040 0.7288
vn 0.1260 -0.3919 0.9113
vn 0.4628 -0.5534 0.6925
vn 0.1027 -0.2791 0.9548
vn -0.1681 -0.6601 0.7322
vn -0.0192 -0.6737 0.7387
vn -0.1136 0.2503 -0.9615
vn -0.1679 -0.6599 0.7324
vn 0.1577 -0.8895 0.4288
vn -0.0190 -0.6734 0.7390
vn 0.1213 -0.9082 0.4005
vn -0.0343 -0.4394 0.8976
vn -0.2378 -0.8772 0.4172
vn -0.0390 -0.9992 -0.0000
vn -0.0624 -0.9440 -0.3241
vn -0.2380 -0.8772 0.4170
vn 0.6786 -0.6690 0.3034
vn 0.2635 0.6242 -0.7355
vn 0.0624 0.5151 -0.8549
vn 0.2238 -0.6616 0.7156
vn -0.1195 -0.8429 0.5246
vn -0.0190 -0.6737 0.7388
vn -0.0962 -0.4643 0.8805
vn 0.6783 -0.6692 0.3035
vn 0.6777 -0.6699 -0.3033
vn -0.1339 -0.9476 0.2901
vn -0.1349 -0.9475 -0.2900
vn 0.2105 -0.9776 -0.0000
vn -0.2382 -0.8771 -0.4170
vn 0.1215 -0.9082 -0.4006
vn -0.1724 -0.9850 0.0002
vn 0.1514 -0.8905 0.4291
vn 0.5133 -0.8582 0.0002
vn 0.1582 -0.9086 -0.3864
vn 0.1517 -0.8904 -0.4292
vn -0.0189 -0.6735 -0.7389
vn -0.0339 -0.4364 -0.8991
vn -0.2377 -0.8772 -0.4172
vn 0.6779 -0.6695 -0.3038
vn -0.0965 -0.4640 -0.8806
vn -0.1199 -0.8429 -0.5246
vn 0.6925 -0.2582 -0.6737
vn -0.0210 -0.6723 -0.7400
vn -0.0193 -0.6733 -0.7391
vn -0.1195 -0.8429 -0.5247
vn 0.2236 -0.6614 -0.7159
vn 0.0624 0.5151 0.8549
vn 0.2634 0.6242 0.7355
vn -0.0654 -0.2470 -0.9668
vn 0.2085 -0.0295 0.9776
vn 0.2736 -0.0301 -0.9614
vn 0.1593 -0.3779 -0.9121
vn 0.0002 0.0561 0.9984
vn 0.2897 0.3258 0.8999
vn -0.2898 0.3526 0.8898
vn 0.0003 0.0561 0.9984
vn -0.1893 -0.3190 -0.9287
vn -0.0434 -0.8504 -0.5243
vn 0.1260 -0.3921 -0.9113
vn -0.0190 -0.6736 -0.7389
vn 0.1596 -0.3777 -0.9121
vn -0.1680 -0.6599 -0.7324
vn 0.1027 -0.2793 -0.9547
vn 0.4630 -0.5534 -0.6924
vn 0.3227 -0.6041 -0.7287
vn -0.1679 -0.6598 -0.7324
vn -0.1137 0.2503 0.9615
vn 0.3222 -0.6042 -0.7288
vn 0.2634 -0.8735 -0.4094
vn 0.2151 -0.2987 -0.9298
vn 0.5315 -0.7452 -0.4027
vn 0.5318 -0.7451 -0.4026
vn -0.1401 -0.4148 -0.8991
vn 0.4115 0.0834 0.9076
vn -0.5042 -0.4298 -0.7491
vn -0.6201 0.1460 -0.7708
vn 0.8993 -0.2980 0.3202
vn -0.4679 0.0330 0.8831
vn -0.1305 -0.1487 0.9802
vn 0.1866 -0.2825 -0.9409
vn 0.4056 -0.2639 -0.8752
vn -0.2625 -0.1600 0.9516
vn -0.1482 -0.5759 0.8040
vn 0.2110 -0.6423 0.7369
vn -0.0858 0.2271 -0.9701
vn 0.3369 -0.1211 -0.9337
vn 0.1926 -0.6236 0.7577
vn -0.0124 -0.4604 0.8876
vn 0.1300 -0.7245 0.6769
vn 0.3205 -0.8483 0.4216
vn 0.1302 -0.7244 0.6770
vn -0.0225 -0.2977 0.9544
vn 0.3314 -0.5144 0.7909
vn 0.3317 -0.5144 0.7908
vn 0.4720 -0.8348 0.2835
vn 0.1365 -0.7280 0.6718
vn 0.0744 -0.9518 0.2976
vn 0.3205 -0.8483 0.4215
vn 0.3205 -0.9473 -0.0000
vn 0.0999 -0.6622 0.7426
vn 0.3344 -0.9348 -0.1194
vn -0.0994 -0.9950 -0.0000
vn -0.3391 -0.9379 0.0733
vn -0.2814 -0.7466 0.6028
vn -0.0570 -0.9738 0.2203
vn -0.1759 -0.9161 0.3604
vn -0.0741 -0.9340 -0.3494
vn -0.1602 -0.3092 0.9374
vn 0.1314 -0.7629 0.6331
vn 0.1313 -0.7630 0.6330
vn 0.4382 -0.8984 -0.0282
vn 0.1599 -0.7450 0.6477
vn 0.1364 -0.7281 0.6717
vn -0.5795 -0.5693 0.5831
vn -0.4071 -0.8942 0.1861
vn -0.3831 -0.7479 0.5421
vn -0.0213 -0.9931 0.1150
vn -0.5075 -0.5952 0.6231
vn -0.6092 0.0186 0.7928
vn -0.4839 -0.4853 0.7283
vn -0.1785 -0.3848 0.9056
vn 0.2432 -0.6668 0.7044
vn -0.3834 -0.7478 0.5421
vn -0.5044 -0.8441 0.1820
vn -0.8537 -0.4730 0.2178
vn -0.4842 -0.4852 0.7281
vn -0.5040 -0.8443 0.1821
vn -0.1741 -0.8454 0.5049
vn 0.5059 0.5684 -0.6488
vn 0.9785 0.1711 -0.1152
vn -0.6662 -0.6029 0.4390
vn 0.8490 0.4098 0.3336
vn -0.4686 -0.6354 -0.6138
vn -0.5768 -0.8131 -0.0787
vn -0.4686 -0.6354 0.6138
vn 0.8489 0.4100 -0.3335
vn -0.5768 -0.8131 0.0788
vn 0.9002 -0.2688 -0.3426
vn 0.4115 0.0835 -0.9076
vn -0.1402 -0.4148 0.8991
vn -0.5041 -0.4298 0.7491
vn -0.1806 -0.0641 0.9815
vn 0.6706 -0.6772 -0.3029
vn -0.2028 0.0653 0.9770
vn -0.4853 -0.1256 0.8653
vn -0.1254 -0.1847 0.9748
vn 0.3236 -0.2175 -0.9209
vn 0.1830 -0.4698 0.8636
vn 0.0759 0.1058 -0.9915
vn 0.4982 0.0064 -0.8670
vn 0.2030 -0.7703 0.6045
vn 0.4385 0.0375 -0.8980
vn -0.1520 -0.7024 0.6954
vn -0.1517 -0.7025 0.6954
vn -0.3007 -0.2955 0.9068
vn 0.1364 -0.7280 -0.6718
vn -0.1517 -0.7025 -0.6954
vn -0.0125 -0.4604 -0.8876
vn -0.3007 -0.2956 -0.9068
vn -0.0206 0.4457 0.8950
vn 0.2031 -0.7703 -0.6045
vn 0.4385 0.0376 0.8979
vn 0.1364 -0.7282 -0.6717
vn -0.1466 -0.7343 -0.6628
vn 0.0425 -0.4247 -0.9044
vn 0.1313 -0.7630 -0.6329
vn 0.4382 -0.8984 0.0281
vn 0.1599 -0.7450 -0.6477
vn 0.1314 -0.7628 -0.6331
vn 0.0688 -0.9571 -0.2816
vn -0.1602 -0.3092 -0.9374
vn -0.1765 -0.9189 -0.3527
vn 0.0689 -0.9571 -0.2816
vn -0.3389 -0.9379 -0.0733
vn -0.0742 -0.9340 0.3494
vn 0.3205 -0.9472 -0.0000
vn 0.2172 -0.6665 -0.7132
vn -0.2814 -0.7466 -0.6028
vn -0.0569 -0.9738 -0.2202
vn -0.5796 -0.5692 -0.5831
vn -0.3832 -0.7478 -0.5421
vn -0.0214 -0.9931 -0.1150
vn -0.6093 0.0189 -0.7927
vn -0.1469 -0.7343 -0.6628
vn -0.1787 -0.3847 -0.9056
vn -0.1787 -0.3848 -0.9056
vn -0.4841 -0.4851 -0.7283
vn 0.2430 -0.6668 -0.7045
vn -0.3833 -0.7478 -0.5420
vn -0.5045 -0.8441 -0.1819
vn -0.4843 -0.4852 -0.7280
vn -0.8536 -0.4732 -0.2179
vn 0.5058 0.5684 0.6489
vn -0.1742 -0.8454 -0.5049
vn -0.5039 -0.8443 -0.1821
vn 0.9785 0.1710 0.1151
vn -0.6664 -0.6026 -0.4390
vn 0.6624 -0.6338 0.3993
vn 0.4996 -0.8662 -0.0000
vn 0.5936 -0.5600 0.5780
vn 0.5000 -0.8660 -0.0000
vn 0.6628 -0.6335 -0.3992
vn 0.5940 -0.5597 -0.5779
vn 0.6625 -0.6338 -0.3992
vn 0.5737 -0.8190 0.0002
vn 0.6720 -0.6094 -0.4208
vn 0.4833 -0.7555 0.4422
vn 0.4109 -0.7973 -0.4421
vn 0.5739 -0.8190 -0.0001
vn 0.3543 -0.8326 -0.4256
vn 0.4201 -0.4915 -0.7628
vn 0.6719 -0.6093 -0.4211
vn 0.2442 -0.2272 -0.9427
vn -0.3221 0.5727 0.7538
vn 0.0091 -0.6979 -0.7161
vn -0.0855 0.1763 0.9806
vn 0.0090 -0.6979 -0.7162
vn 0.1646 -0.3185 -0.9335
vn 0.1356 -0.2358 -0.9623
vn 0.5242 -0.4119 -0.7454
vn 0.4204 -0.4916 -0.7626
vn 0.5944 -0.6802 -0.4291
vn 0.2470 -0.5928 -0.7665
vn 0.0917 -0.9045 -0.4165
vn 0.1336 -0.8941 -0.4276
vn 0.2472 -0.5929 -0.7664
vn 0.3342 -0.5651 -0.7543
vn 0.0207 -0.3495 -0.9367
vn -0.1576 -0.7176 -0.6784
vn -0.1041 -0.6698 -0.7352
vn 0.1463 -0.8993 -0.4122
vn -0.1577 -0.7175 -0.6784
vn 0.0588 0.0067 0.9982
vn -0.1042 -0.6701 -0.7350
vn 0.0099 -0.3437 -0.9390
vn 0.0641 -0.3064 -0.9498
vn 0.0098 -0.3430 -0.9393
vn 0.2471 -0.5925 -0.7667
vn -0.0284 -0.3704 -0.9284
vn 0.0641 -0.3061 -0.9498
vn 0.2277 -0.2713 0.9352
vn 0.3132 0.4233 0.8501
vn 0.0227 0.3129 0.9495
vn -0.4141 -0.4148 -0.8102
vn -0.1045 -0.6861 -0.7199
vn -0.1041 -0.6699 -0.7351
vn -0.4146 -0.4146 -0.8100
vn -0.0994 -0.3073 -0.9464
vn 0.1282 -0.6308 -0.7653
vn -0.0932 -0.2921 -0.9518
vn -0.3150 -0.6267 -0.7127
vn -0.0991 -0.3074 -0.9464
vn 0.0100 -0.2327 0.9725
vn 0.2416 0.3003 0.9227
vn -0.3664 -0.3033 -0.8796
vn -0.0468 -0.6182 -0.7846
vn -0.0654 -0.2471 0.9668
vn 0.2086 -0.0294 -0.9776
vn 0.0156 -0.1618 -0.9867
vn -0.0203 -0.6727 0.7396
vn 0.6923 -0.2583 0.6738
vn -0.0434 -0.8504 0.5244
vn 0.0002 0.0560 -0.9984
vn -0.2898 0.3525 -0.8898
vn 0.1594 -0.3776 0.9121
vn -0.0833 -0.3661 -0.9268
vn -0.2685 0.0155 -0.9632
vn -0.1910 -0.0710 -0.9790
vn -0.0696 0.3641 -0.9288
vn -0.1910 -0.0711 -0.9790
vn 0.4167 -0.2172 0.8827
vn 0.3426 -0.8418 0.4172
vn 0.0369 -0.3859 -0.9218
vn -0.0322 -0.0419 0.9986
vn 0.2107 -0.6338 0.7442
vn -0.2567 -0.1161 -0.9595
vn 0.1410 0.0564 -0.9884
vn 0.2638 -0.5990 -0.7560
vn -0.2989 0.2084 0.9312
vn 0.0260 -0.3345 0.9420
vn 0.0535 -0.3215 -0.9454
vn 0.2471 -0.5929 -0.7664
vn 0.0434 -0.6772 -0.7345
vn -0.4121 0.5046 0.7587
vn -0.0371 0.2845 0.9580
vn 0.2666 -0.9076 -0.3242
vn 0.0433 -0.6771 -0.7346
vn 0.2371 -0.8656 -0.4411
vn 0.2948 -0.5655 -0.7703
vn 0.0536 -0.3214 -0.9454
vn 0.2948 -0.5656 -0.7702
vn 0.0659 -0.6846 -0.7260
vn 0.0660 -0.6845 -0.7260
vn 0.2371 -0.8656 -0.4410
vn -0.1043 -0.9305 -0.3510
vn 0.1726 -0.9850 -0.0000
vn 0.0603 -0.6518 -0.7560
vn 0.3685 -0.8205 -0.4369
vn 0.1795 -0.9818 0.0626
vn 0.3838 -0.8433 0.3762
vn -0.0750 -0.9799 -0.1847
vn 0.1549 -0.9879 -0.0000
vn -0.4578 -0.8030 0.3815
vn -0.0878 -0.7034 0.7053
vn 0.2627 -0.8784 0.3992
vn -0.0815 -0.6630 0.7442
vn -0.0873 -0.9942 0.0621
vn 0.4088 -0.3364 0.8483
vn -0.0294 -0.5441 0.8385
vn 0.1709 -0.6725 0.7201
vn 0.0069 0.4547 -0.8906
vn 0.1707 -0.6726 0.7200
vn 0.0101 -0.2326 -0.9725
vn -0.1312 0.3766 -0.9171
vn 0.2417 0.3003 -0.9227
vn -0.0471 -0.6222 0.7814
vn -0.0991 -0.3068 0.9466
vn -0.3135 -0.6312 0.7095
vn -0.0853 -0.8969 0.4339
vn -0.3483 -0.9374 -0.0000
vn -0.0933 -0.2920 0.9518
vn 0.1283 -0.6308 0.7653
vn -0.0994 -0.3071 0.9465
vn -0.1041 -0.6699 0.7351
vn -0.4146 -0.4144 0.8101
vn -0.4142 -0.4147 0.8102
vn 0.2278 -0.2712 -0.9352
vn 0.0227 0.3128 -0.9495
vn 0.0641 -0.3061 0.9498
vn 0.3132 0.4234 -0.8501
vn -0.1045 -0.6861 0.7199
vn -0.1042 -0.6700 0.7350
vn 0.0642 -0.3063 0.9498
vn 0.1253 -0.3463 -0.9297
vn -0.1687 0.0148 -0.9856
vn -0.4914 0.1927 0.8493
vn -0.1911 -0.0710 0.9790
vn 0.1530 -0.3539 -0.9227
vn 0.4168 -0.2172 -0.8827
vn 0.3426 -0.8417 -0.4173
vn -0.0321 -0.0420 -0.9986
vn 0.2107 -0.6338 -0.7442
vn 0.1805 0.0712 -0.9810
vn -0.2988 0.2085 -0.9313
vn 0.2470 -0.5926 0.7667
vn 0.0097 -0.3431 0.9393
vn -0.0284 -0.3705 0.9284
vn -0.1578 -0.7176 0.6783
vn 0.1337 -0.8943 0.4270
vn -0.1576 -0.7175 0.6785
vn 0.0208 -0.3500 0.9365
vn 0.3343 -0.5650 0.7544
vn -0.1041 -0.6697 0.7353
vn 0.2473 -0.5928 0.7665
vn 0.1943 -0.8772 0.4390
vn -0.3887 -0.8567 0.3391
vn 0.1942 -0.8772 0.4391
vn -0.0630 -0.9980 -0.0000
vn -0.1100 -0.6694 0.7347
vn 0.1337 -0.8942 0.4272
vn 0.1863 -0.9825 -0.0000
vn -0.0737 -0.9059 -0.4171
vn -0.1007 -0.4197 0.9020
vn 0.0753 0.0139 -0.9971
vn -0.2044 0.2772 -0.9388
vn 0.1770 -0.8886 0.4232
vn 0.1475 -0.3326 0.9314
vn 0.1175 -0.6652 0.7374
vn -0.1007 -0.4199 0.9020
vn 0.0427 0.0271 0.9987
vn 0.3338 -0.5657 0.7540
vn 0.1473 -0.3331 0.9313
vn 0.1174 -0.6567 0.7449
vn 0.2877 -0.9577 -0.0000
vn -0.3947 0.5290 -0.7512
vn 0.3227 -0.6039 0.7288
vn 0.2759 -0.8654 0.4184
vn 0.1177 -0.6567 0.7449
vn 0.3341 -0.5650 0.7544
vn 0.1176 -0.6650 0.7375
vn -0.2044 0.2773 0.9388
vn -0.1007 -0.4198 -0.9020
vn 0.1770 -0.8886 -0.4232
vn 0.1175 -0.6650 -0.7376
vn 0.1475 -0.3324 -0.9315
vn -0.1007 -0.4196 -0.9021
vn 0.1473 -0.3327 -0.9315
vn 0.3338 -0.5653 -0.7543
vn 0.0427 0.0278 -0.9987
vn -0.3947 0.5290 0.7513
vn 0.2877 -0.9577 -0.0001
vn 0.1175 -0.6567 -0.7450
vn 0.1176 -0.6650 -0.7375
vn 0.2755 -0.8655 -0.4182
vn 0.3342 -0.5652 -0.7542
vn 0.0385 -0.9155 -0.4005
vn 0.0372 -0.3583 -0.9329
vn 0.2765 -0.8602 -0.4284
vn 0.2048 -0.9788 0.0001
vn 0.1819 -0.8842 0.4302
vn 0.1174 -0.6653 -0.7373
vn 0.0934 -0.9956 -0.0001
vn 0.3544 -0.8326 0.4256
vn 0.3403 -0.8045 -0.4867
vn 0.3457 -0.8029 0.4857
vn 0.6805 -0.7328 -0.0001
vn 0.5739 -0.8189 -0.0000
vn 0.6720 -0.6094 0.4208
vn 0.4834 -0.7556 -0.4420
vn 0.2442 -0.2272 0.9427
vn 0.6719 -0.6094 0.4209
vn 0.4152 -0.4928 0.7647
vn 0.4107 -0.7975 0.4420
vn 0.3401 -0.5497 0.7630
vn 0.6705 -0.6772 0.3030
vn -0.2027 0.0653 -0.9771
vn 0.3236 -0.2175 0.9209
vn -0.1254 -0.1847 -0.9748
vn -0.4853 -0.1256 -0.8653
vn 0.7365 -0.5647 0.3724
vn 0.1843 -0.4732 -0.8615
vn 0.4981 0.0064 0.8671
vn -0.0501 -0.3496 0.9356
vn 0.0658 -0.6849 0.7256
vn 0.1464 -0.3089 0.9398
vn 0.0660 -0.6844 0.7261
vn 0.0535 -0.3214 0.9454
vn -0.2402 -0.5207 0.8192
vn -0.2401 -0.5208 0.8192
vn 0.0897 -0.7234 0.6846
vn -0.0639 0.3340 -0.9404
vn 0.2504 -0.2130 -0.9444
vn -0.1241 -0.0561 0.9907
vn -0.1800 -0.1066 -0.9779
vn 0.1149 -0.4288 0.8961
vn 0.2192 -0.8657 -0.4500
vn 0.0695 -0.9976 -0.0001
vn 0.2192 -0.8657 0.4499
vn 0.3079 -0.8394 0.4480
vn 0.3080 -0.8393 -0.4479
vn 0.5947 -0.8040 -0.0001
vn 0.4024 -0.9154 -0.0000
vn 0.0627 -0.9376 -0.3419
vn 0.2045 -0.6175 -0.7595
vn 0.6004 -0.6268 -0.4967
vn 0.1928 -0.6235 -0.7577
vn 0.0627 -0.9377 -0.3418
vn 0.4112 -0.9115 -0.0093
vn 0.6005 -0.6267 -0.4966
vn 0.3204 -0.8483 -0.4215
vn 0.1925 -0.6237 -0.7576
vn 0.3436 -0.4770 -0.8089
vn 0.0154 -0.2542 -0.9670
vn -0.0308 -0.7173 -0.6960
vn 0.2893 -0.8463 -0.4474
vn -0.2348 0.6215 0.7474
vn 0.1097 0.2497 0.9621
vn 0.0658 -0.6847 -0.7258
vn -0.0501 -0.3493 -0.9357
vn 0.1464 -0.3086 -0.9399
vn -0.2346 -0.5215 -0.8204
vn -0.0640 0.3340 0.9404
vn 0.0897 -0.7234 -0.6846
vn -0.2348 -0.5215 -0.8203
vn 0.2504 -0.2131 0.9444
vn -0.1240 -0.0561 -0.9907
vn 0.1149 -0.4288 -0.8961
vn 0.2759 -0.8654 -0.4183
vn 0.3227 -0.6039 -0.7288
vn 0.1178 -0.6568 -0.7448
vn 0.2049 -0.6260 -0.7524
vn 0.4249 -0.9052 -0.0000
vn 0.2048 -0.6261 0.7524
vn 0.0385 -0.9156 0.4002
vn 0.0371 -0.3583 0.9329
vn 0.2777 -0.8633 0.4213
vn 0.1822 -0.8843 -0.4299
vn 0.3613 -0.8426 0.3993
vn 0.0093 -0.6977 0.7164
vn 0.5241 -0.4117 0.7455
vn 0.1647 -0.3188 0.9334
vn 0.0091 -0.6978 0.7163
vn 0.1175 -0.6651 0.7374
vn 0.4154 -0.4926 0.7647
vn 0.1865 -0.2825 0.9410
vn -0.4680 0.0330 -0.8831
vn 0.4843 -0.7490 0.4522
vn 0.0537 -0.4036 -0.9134
vn -0.2624 -0.1600 -0.9516
vn 0.4054 -0.2639 0.8752
vn 0.0428 0.0419 0.9982
vn -0.0858 0.2271 0.9701
vn 0.2111 -0.6423 -0.7368
vn -0.1482 -0.5759 -0.8040
vn 0.3368 -0.1210 0.9338
vn -0.0124 -0.4604 -0.8876
vn 0.1926 -0.6236 -0.7577
vn 0.1300 -0.7245 -0.6769
vn 0.1300 -0.7244 -0.6770
vn 0.3204 -0.8483 -0.4216
vn -0.0225 -0.2976 -0.9544
vn 0.3314 -0.5144 -0.7910
vn 0.3316 -0.5143 -0.7909
vn 0.4720 -0.8348 -0.2834
vn 0.1364 -0.7281 -0.6717
vn 0.0743 -0.9518 -0.2976
vn 0.3343 -0.9349 0.1195
vn 0.0999 -0.6622 -0.7426
vn 0.4108 -0.7974 -0.4420
vn 0.6041 -0.7969 -0.0000
vn 0.2874 -0.9578 -0.0000
vn 0.3680 -0.7334 -0.5716
vn 0.6006 -0.6266 0.4967
vn 0.2045 -0.6175 0.7595
vn 0.6006 -0.6267 0.4966
vn 0.4112 -0.9115 0.0094
vn 0.1928 -0.6234 0.7577
vn 0.0627 -0.9376 0.3419
vn 0.3437 -0.4765 0.8092
vn 0.1926 -0.6233 0.7579
vn 0.0154 -0.2545 0.9670
vn -0.0308 -0.7174 0.6960
vn 0.0660 -0.6845 0.7260
vn -0.2347 0.6214 -0.7476
vn 0.2892 -0.8462 0.4475
vn 0.1097 0.2496 -0.9621
vn -0.0735 -0.9059 0.4170
vn -0.3889 -0.8566 -0.3392
vn -0.1100 -0.6694 -0.7348
vn 0.1943 -0.8771 -0.4392
vn -0.0688 -0.9976 -0.0001
vn 0.1943 -0.8772 -0.4390
vn 0.1337 -0.8942 -0.4273
vn -0.1240 -0.9923 -0.0000
vn 0.1400 -0.8968 0.4197
vn 0.1400 -0.8968 -0.4198
vn 0.4382 -0.8989 0.0002
vn 0.3478 -0.9376 0.0005
vn 0.0916 -0.9046 0.4163
vn -0.1637 0.3319 -0.9290
vn -0.4981 0.7506 -0.4342
vn 0.3669 -0.9303 -0.0002
vn 0.0914 -0.9047 0.4161
vn 0.2470 -0.5930 0.7664
vn 0.3669 -0.9303 -0.0000
vn 0.2590 -0.5863 0.7676
vn 0.5944 -0.6800 0.4293
vn 0.5946 -0.6799 0.4292
vn 0.2371 -0.8656 0.4410
vn 0.0534 -0.3215 0.9454
vn 0.0432 -0.6772 0.7345
vn 0.2469 -0.5929 0.7664
vn -0.4120 0.5045 -0.7587
vn 0.2372 -0.8655 0.4413
vn 0.0434 -0.6770 0.7347
vn 0.0370 -0.2257 0.9735
vn 0.2664 -0.9077 0.3241
vn 0.2949 -0.5653 0.7704
vn 0.2949 -0.5653 0.7703
vn -0.1043 -0.9305 0.3511
vn 0.1795 -0.9818 -0.0627
vn 0.3686 -0.8206 0.4369
vn 0.0603 -0.6518 0.7560
vn 0.4296 -0.9030 -0.0000
vn 0.2298 -0.8132 -0.5347
vn 0.1244 -0.9922 -0.0000
vn 0.2299 -0.8132 0.5347
vn 0.5945 -0.6800 -0.4292
vn 0.2590 -0.5862 -0.7676
vn 0.0918 -0.9045 -0.4164
vn 0.3670 -0.9302 0.0001
vn -0.4982 0.7505 0.4342
vn -0.1637 0.3318 0.9291
vn -0.0878 -0.7033 -0.7055
vn 0.2626 -0.8784 -0.3993
vn 0.1102 0.9535 -0.2806
vn -0.4576 -0.8031 -0.3815
vn -0.0922 0.9111 0.4016
vn 0.4091 -0.3365 -0.8482
vn -0.0287 -0.5442 -0.8385
vn -0.0425 -0.7890 -0.6129
vn -0.3170 0.6055 -0.7300
vn -0.2754 0.8656 -0.4181
vn -0.1705 0.8945 -0.4132
vn -0.2758 0.8655 -0.4181
vn -0.1179 0.6652 -0.7373
vn -0.3664 0.8232 -0.4337
vn -0.1706 0.8944 -0.4134
vn 0.3345 -0.8372 -0.4328
vn -0.5932 0.7046 -0.3894
vn 0.2634 -0.8735 0.4095
vn -0.3015 0.5591 -0.7723
vn -0.1578 0.9056 -0.3938
vn -0.3171 0.6052 -0.7302
vn -0.1251 0.3891 -0.9127
vn -0.0492 0.6932 -0.7191
vn -0.2662 0.6586 -0.7038
vn -0.0490 0.6931 -0.7191
vn -0.1577 0.9056 -0.3937
vn 0.0193 0.6692 -0.7428
vn -0.2660 0.6585 -0.7040
vn 0.1578 -0.8896 0.4287
vn 0.4627 -0.5537 0.6924
vn 0.3216 0.8598 -0.3967
vn 0.3215 0.8597 -0.3970
vn -0.0624 -0.9440 -0.3239
vn 0.1215 -0.9083 0.4003
vn -0.2378 -0.8772 0.4171
vn 0.0249 0.7017 -0.7121
vn 0.4716 0.2836 -0.8349
vn 0.0192 0.6692 -0.7428
vn 0.2634 0.6241 -0.7356
vn 0.0774 0.7803 -0.6207
vn 0.5420 0.7575 -0.3638
vn -0.1342 -0.9475 -0.2901
vn 0.2936 0.9559 -0.0001
vn 0.0869 0.9754 -0.2027
vn 0.2105 -0.9776 0.0001
vn -0.1493 0.8040 -0.5755
vn -0.2819 0.9594 0.0001
vn 0.1520 -0.8904 -0.4291
vn -0.0341 -0.4364 -0.8991
vn 0.3213 0.8596 0.3973
vn -0.2379 -0.8772 -0.4171
vn -0.2653 0.8798 0.3945
vn 0.6789 -0.6690 -0.3026
vn -0.0186 -0.6737 -0.7388
vn -0.2375 -0.8774 -0.4168
vn -0.1189 -0.8430 -0.5246
vn -0.0952 -0.4646 -0.8804
vn -0.0186 -0.6733 -0.7391
vn 0.2242 -0.6613 -0.7158
vn -0.0371 0.2114 -0.9767
vn 0.6925 -0.2582 -0.6736
vn 0.7665 0.2168 -0.6045
vn 0.0268 -0.0072 -0.9996
vn -0.1892 -0.3190 -0.9287
vn -0.0192 -0.6734 -0.7390
vn -0.0654 -0.2477 -0.9666
vn 0.2735 -0.0300 -0.9614
vn 0.1593 -0.3775 -0.9122
vn 0.0170 0.2478 -0.9687
vn -0.0436 -0.8504 -0.5244
vn 0.1591 -0.3778 -0.9121
vn -0.1679 -0.6594 -0.7328
vn 0.1584 -0.9085 -0.3867
vn -0.0190 -0.6730 -0.7394
vn -0.1679 -0.6598 -0.7325
vn -0.1597 0.9640 0.2125
vn -0.2662 0.6587 0.7038
vn 0.3225 -0.6041 -0.7287
vn 0.4627 -0.5536 -0.6924
vn 0.1578 -0.8894 -0.4291
vn -0.3825 0.9209 -0.0745
vn 0.2152 -0.2987 -0.9298
vn -0.1707 0.8944 0.4135
vn -0.3825 0.9210 -0.0744
vn 0.5318 -0.7450 -0.4027
vn -0.6264 -0.0235 -0.7792
vn 0.9439 0.2686 0.1919
vn 0.6540 0.6483 0.3900
vn -0.8760 -0.3085 -0.3709
vn -0.6264 -0.0236 -0.7791
vn -0.1604 -0.2806 -0.9463
vn 0.6391 0.0493 0.7676
vn -0.8758 -0.3084 -0.3713
vn -0.6775 -0.0588 -0.7332
vn -0.6648 -0.1273 -0.7361
vn -0.2313 -0.3676 -0.9008
vn -0.4839 -0.4854 -0.7281
vn -0.3909 -0.0603 -0.9185
vn -0.7722 0.0205 -0.6350
vn -0.4250 -0.0607 -0.9032
vn 0.9003 -0.2688 0.3425
vn -0.3910 -0.0601 -0.9184
vn -0.1402 -0.4148 -0.8990
vn 0.8993 -0.2979 0.3200
vn -0.6203 0.1461 -0.7707
vn 0.4978 -0.3408 0.7976
vn -0.5359 0.3211 -0.7809
vn 0.8993 -0.2980 0.3200
vn 0.7093 0.2014 0.6755
vn -0.1806 -0.0639 -0.9815
vn -0.8531 0.2800 -0.4402
vn -0.5779 0.3018 -0.7583
vn -0.6203 0.1458 -0.7707
vn -0.8530 0.2803 -0.4403
vn -0.6776 -0.0589 -0.7331
vn 0.4202 -0.4916 -0.7627
vn 0.1646 -0.3189 -0.9334
vn 0.1867 -0.2825 -0.9409
vn 0.1577 0.0991 -0.9825
vn 0.0011 0.3774 -0.9260
vn 0.4221 -0.1243 -0.8980
vn 0.4842 -0.7491 -0.4521
vn 0.3838 -0.2075 -0.8998
vn 0.6627 -0.6337 -0.3991
vn 0.4206 -0.4914 -0.7626
vn 0.3403 -0.5497 -0.7629
vn 0.0428 0.0421 -0.9982
vn 0.0447 0.3581 -0.9326
vn 0.4056 -0.2641 -0.8751
vn -0.0822 0.5864 -0.8058
vn 0.3156 0.3219 -0.8926
vn 0.1808 0.1429 -0.9731
vn -0.0857 0.2272 -0.9701
vn -0.1927 0.6234 -0.7578
vn 0.3371 -0.1210 -0.9337
vn 0.0125 0.4605 -0.8876
vn -0.3150 0.8499 -0.4224
vn 0.1300 -0.7244 0.6770
vn 0.0835 0.3812 -0.9207
vn 0.0026 0.8273 -0.5618
vn 0.4722 -0.8347 0.2834
vn -0.1413 0.7235 -0.6757
vn -0.3817 0.8140 -0.4378
vn 0.4106 -0.7975 0.4421
vn -0.0151 0.4159 -0.9093
vn -0.1414 0.7235 -0.6757
vn -0.0565 0.9608 -0.2714
vn -0.1779 0.7242 -0.6663
vn -0.1113 0.9795 -0.1681
vn 0.0329 0.9729 -0.2287
vn -0.0741 -0.9340 -0.3495
vn 0.2537 0.5551 -0.7921
vn 0.2861 0.9520 -0.1088
vn -0.3390 -0.9379 0.0732
vn 0.1314 -0.7629 0.6330
vn 0.2208 0.6485 -0.7285
vn -0.1114 0.9794 -0.1686
vn 0.1639 0.9149 -0.3689
vn 0.1952 0.9213 -0.3363
vn 0.4382 -0.8984 -0.0280
vn -0.4073 -0.8942 0.1860
vn 0.6463 0.3089 -0.6978
vn 0.2027 0.7949 -0.5719
vn -0.0211 -0.9931 0.1149
vn 0.3970 0.7762 -0.4899
vn 0.1473 0.7462 -0.6492
vn 0.3742 0.7352 -0.5652
vn 0.1794 0.3723 -0.9106
vn 0.4832 0.5010 -0.7180
vn 0.5933 0.4122 -0.6915
vn 0.2243 0.3654 -0.9034
vn 0.0928 0.6456 -0.7580
vn -0.0087 0.8210 -0.5709
vn -0.8537 -0.4733 0.2174
vn -0.5044 -0.8442 0.1817
vn -0.4688 -0.6354 -0.6136
vn 0.7506 0.2708 -0.6027
vn 0.8492 0.4095 0.3334
vn -0.8369 -0.4494 -0.3125
vn -0.7962 -0.4951 -0.3479
vn 0.3229 0.5200 -0.7908
vn 0.6422 0.7571 -0.1202
vn 0.8492 0.4097 -0.3333
vn -0.5769 -0.8130 0.0784
vn -0.6650 -0.1275 0.7359
vn 0.4036 0.5103 -0.7594
vn -0.9674 0.2468 0.0568
vn 0.6748 0.5772 -0.4598
vn 0.9440 0.2686 -0.1918
vn 0.6542 0.6483 -0.3896
vn 0.6394 0.0492 -0.7673
vn 0.8705 0.3260 -0.3687
vn 0.6734 0.0497 -0.7376
vn 0.4741 0.3404 -0.8120
vn 0.4740 0.3405 -0.8120
vn 0.6731 0.0498 -0.7378
vn 0.9003 -0.2689 -0.3424
vn -0.0869 0.4712 -0.8777
vn 0.4114 0.0836 -0.9076
vn 0.4115 0.0834 -0.9076
vn 0.4300 0.0604 -0.9008
vn 0.3038 0.1391 -0.9425
vn -0.8374 0.5335 0.1191
vn 0.7094 0.2013 -0.6755
vn 0.8553 -0.2710 -0.4416
vn 0.8993 -0.2977 -0.3203
vn 0.4978 -0.3408 -0.7976
vn 0.5763 -0.3097 -0.7563
vn -0.9682 0.1249 -0.2166
vn 0.3226 0.1102 -0.9401
vn 0.9049 0.1247 -0.4070
vn -0.8512 0.2509 0.4609
vn -0.9994 0.0341 -0.0001
vn 0.9906 -0.1371 0.0001
vn -0.6467 0.0705 -0.7595
vn -0.9824 0.1870 0.0002
vn -0.5639 -0.0969 -0.8202
vn 0.9048 0.1247 0.4071
vn -0.8513 0.2510 -0.4608
vn 0.7880 -0.2057 -0.5802
vn -0.8957 -0.2417 -0.3732
vn 0.8668 -0.2051 0.4545
vn 0.7759 -0.2317 -0.5868
vn 0.9993 0.0382 0.0001
vn -0.9150 0.4034 -0.0000
vn 0.7812 -0.6242 0.0001
vn 0.6721 -0.6093 -0.4207
vn -0.8656 0.2530 0.4321
vn 0.8289 -0.3464 -0.4392
vn 0.2916 -0.1114 -0.9500
vn 0.5764 -0.3097 -0.7562
vn 0.6681 -0.1844 -0.7209
vn 0.6705 -0.6773 -0.3027
vn 0.2437 -0.0079 -0.9698
vn -0.5547 0.3911 0.7344
vn 0.3838 -0.2073 -0.8999
vn -0.6148 0.7846 0.0798
vn 0.3236 -0.2172 -0.9209
vn -0.0756 0.3301 -0.9409
vn 0.4338 0.0452 -0.8999
vn 0.5763 -0.3096 -0.7563
vn 0.3235 -0.2174 -0.9209
vn 0.7364 -0.5647 -0.3725
vn 0.4335 0.0455 -0.9000
vn 0.0757 0.1057 -0.9915
vn 0.4983 0.0064 -0.8670
vn -0.1100 0.5579 -0.8226
vn 0.4383 0.0377 -0.8980
vn 0.0925 0.6460 -0.7577
vn -0.4183 0.8255 -0.3788
vn -0.0204 0.4456 -0.8950
vn -0.0124 -0.4603 -0.8877
vn -0.0974 -0.0916 -0.9910
vn -0.1520 -0.7023 -0.6955
vn 0.1366 -0.7280 -0.6718
vn -0.3004 -0.2957 -0.9068
vn 0.2030 -0.7703 -0.6044
vn -0.4185 0.8254 0.3790
vn 0.0427 -0.4248 -0.9043
vn 0.1362 -0.7281 -0.6718
vn 0.0687 -0.9572 -0.2812
vn 0.1311 -0.7630 -0.6329
vn 0.1598 -0.7450 -0.6477
vn -0.1113 0.9795 0.1682
vn -0.1602 -0.3091 -0.9374
vn 0.1951 0.9215 0.3359
vn 0.0688 -0.9570 -0.2817
vn -0.1765 -0.9189 -0.3529
vn 0.1599 -0.7448 -0.6478
vn -0.0504 0.9072 -0.4176
vn 0.3204 -0.9473 0.0001
vn 0.1241 0.9923 -0.0000
vn 0.2172 -0.6666 -0.7130
vn -0.3560 0.9345 0.0002
vn 0.0328 0.9729 0.2289
vn -0.0323 0.8369 -0.5464
vn 0.2861 0.9520 0.1085
vn -0.0569 -0.9737 -0.2204
vn 0.3785 0.8862 0.2672
vn -0.5799 -0.5689 -0.5831
vn -0.1548 0.9879 0.0089
vn -0.1465 -0.7343 -0.6628
vn -0.3828 -0.7479 -0.5423
vn -0.1784 -0.3849 -0.9055
vn -0.2153 -0.4273 -0.8781
vn -0.6093 0.0186 -0.7927
vn 0.2432 -0.6669 -0.7043
vn -0.4835 -0.4856 -0.7284
vn 0.5266 0.8061 0.2700
vn -0.1742 -0.8454 -0.5050
vn -0.4954 0.2586 -0.8293
vn 0.8249 -0.3447 0.4480
vn -0.6178 0.6575 -0.4314
vn -0.8696 0.2543 -0.4232
vn 0.6673 -0.5161 -0.5370
vn 0.6692 -0.6068 0.4289
vn 0.5939 -0.5599 -0.5778
vn -0.7336 0.6796 -0.0000
vn 0.4999 -0.8661 -0.0000
vn -0.5953 0.8035 0.0003
vn 0.8945 -0.4471 -0.0002
vn -0.5733 0.8184 -0.0394
vn -0.7329 0.5252 0.4324
vn 0.2444 -0.2272 -0.9427
vn 0.3545 -0.8325 -0.4257
vn 0.4203 -0.4915 -0.7627
vn 0.4110 -0.7972 -0.4423
vn 0.5240 -0.4119 -0.7455
vn 0.3627 -0.8456 -0.3917
vn 0.0092 -0.6979 -0.7161
vn -0.3448 0.9128 0.2191
vn 0.0092 -0.6978 -0.7163
vn 0.1355 -0.2363 -0.9622
vn 0.2467 -0.5928 -0.7666
vn 0.5946 -0.6800 -0.4291
vn 0.2372 -0.8656 -0.4410
vn 0.2468 -0.5933 -0.7662
vn 0.1333 -0.8944 -0.4269
vn 0.0912 -0.9049 -0.4157
vn -0.1725 0.9849 -0.0178
vn 0.0207 -0.3497 -0.9366
vn -0.1577 -0.7175 -0.6785
vn 0.0099 -0.3436 -0.9391
vn -0.1578 -0.7174 -0.6785
vn 0.3341 -0.5652 -0.7543
vn -0.1042 -0.6697 -0.7353
vn 0.2470 -0.5929 -0.7665
vn -0.1042 -0.6696 -0.7353
vn 0.0641 -0.3059 -0.9499
vn -0.2087 -0.0064 -0.9780
vn -0.4141 -0.4147 -0.8103
vn 0.0642 -0.3060 -0.9498
vn -0.2034 -0.0284 -0.9787
vn -0.1044 -0.6863 -0.7198
vn -0.4143 -0.4146 -0.8103
vn 0.0098 -0.3434 -0.9391
vn -0.0991 -0.3070 -0.9465
vn -0.0991 -0.3072 -0.9465
vn -0.3149 -0.6267 -0.7128
vn -0.0736 -0.8978 -0.4342
vn 0.1279 -0.6307 -0.7654
vn -0.0933 -0.2920 -0.9519
vn 0.1281 -0.6306 -0.7655
vn 0.0627 0.9626 0.2634
vn 0.3780 0.6667 0.6424
vn -0.0815 -0.6629 -0.7442
vn -0.3666 -0.3035 -0.8795
vn -0.0267 0.0072 -0.9996
vn -0.0468 -0.6179 -0.7849
vn -0.2684 0.0154 -0.9632
vn -0.1264 0.4671 -0.8751
vn 0.0322 0.0488 -0.9983
vn 0.2085 -0.0293 -0.9776
vn -0.2899 0.3526 -0.8898
vn 0.0019 0.6404 -0.7681
vn 0.2898 0.3261 -0.8998
vn 0.0004 0.0561 -0.9984
vn 0.2899 0.3260 -0.8998
vn -0.1250 0.3891 -0.9127
vn -0.0832 -0.3663 -0.9268
vn -0.4914 0.1929 -0.8493
vn -0.3315 0.6410 -0.6922
vn -0.0696 0.3641 -0.9287
vn -0.1469 0.3234 -0.9348
vn -0.1911 -0.0709 -0.9790
vn -0.0696 0.3643 -0.9287
vn -0.3170 0.6053 -0.7302
vn -0.1910 -0.0709 -0.9790
vn 0.0369 -0.3861 -0.9217
vn 0.1410 0.0563 -0.9884
vn 0.0593 0.0422 -0.9973
vn -0.0284 -0.3708 -0.9283
vn 0.2638 -0.5989 -0.7562
vn -0.0282 -0.3708 -0.9283
vn 0.0594 0.0702 -0.9958
vn 0.0431 -0.6771 -0.7346
vn 0.0433 -0.6770 -0.7347
vn 0.2664 -0.9077 -0.3242
vn 0.2949 -0.5655 -0.7702
vn 0.2373 -0.8657 -0.4408
vn 0.0661 -0.6845 -0.7260
vn 0.2951 -0.5655 -0.7702
vn -0.1822 0.9004 -0.3952
vn -0.1043 -0.9305 -0.3512
vn 0.0601 -0.6519 -0.7559
vn 0.3686 -0.8204 -0.4371
vn -0.2696 0.8583 0.4367
vn 0.0508 0.9633 -0.2636
vn 0.1548 -0.9880 -0.0001
vn 0.4251 0.9051 -0.0000
vn -0.0748 -0.9800 -0.1846
vn -0.4577 -0.8031 0.3815
vn -0.0872 -0.9943 0.0619
vn -0.0921 0.9111 -0.4018
vn 0.3346 0.8455 -0.4161
vn -0.0873 -0.9943 0.0619
vn 0.0853 0.8969 -0.4338
vn 0.0815 0.6629 -0.7443
vn 0.3348 0.8456 -0.4157
vn 0.8414 0.4902 -0.2276
vn 0.0832 0.6632 -0.7438
vn 0.0266 0.8206 -0.5709
vn 0.0814 0.6630 -0.7441
vn 0.0068 0.4547 -0.8906
vn 0.3671 0.5961 -0.7141
vn -0.1316 0.3767 -0.9169
vn 0.0811 0.6630 -0.7442
vn 0.0720 0.8390 -0.5393
vn 0.2417 0.3005 -0.9226
vn -0.1312 0.3767 -0.9170
vn 0.0101 -0.2328 -0.9725
vn -0.1886 0.6745 -0.7138
vn 0.0624 0.9626 -0.2635
vn 0.3780 0.6667 -0.6424
vn 0.0988 0.6784 -0.7281
vn 0.0987 0.6783 -0.7281
vn 0.0226 0.3127 -0.9496
vn 0.0203 0.8844 -0.4662
vn 0.3131 0.4229 -0.8504
vn 0.1967 0.0352 -0.9798
vn 0.2277 -0.2714 -0.9351
vn 0.3133 0.4232 -0.8501
vn -0.0045 0.3345 -0.9424
vn 0.3956 0.0751 -0.9153
vn 0.0675 0.4625 -0.8840
vn -0.1687 0.0145 -0.9856
vn 0.1259 -0.3919 -0.9113
vn 0.1527 -0.3541 -0.9227
vn 0.0994 0.3442 -0.9336
vn 0.4167 -0.2172 -0.8827
vn 0.3224 -0.6041 -0.7288
vn 0.3426 -0.8418 -0.4172
vn 0.1476 -0.3323 -0.9316
vn -0.0320 -0.0422 -0.9986
vn 0.2108 -0.6333 -0.7447
vn -0.1058 0.6703 -0.7345
vn 0.1806 0.0711 -0.9810
vn -0.0593 -0.0422 -0.9973
vn -0.2989 0.2083 -0.9313
vn 0.0261 -0.3346 -0.9420
vn -0.0478 0.3285 -0.9433
vn -0.2460 0.5977 -0.7631
vn -0.3137 0.8225 -0.4744
vn -0.0534 0.3217 -0.9453
vn 0.0533 0.6930 -0.7190
vn 0.0532 0.6933 -0.7187
vn 0.0589 0.0063 -0.9982
vn -0.1578 -0.7174 0.6786
vn 0.0588 0.0067 -0.9982
vn -0.1983 0.6007 -0.7745
vn -0.0044 0.3345 -0.9424
vn -0.1279 0.8950 -0.4273
vn 0.0531 0.6932 -0.7188
vn -0.1725 0.9848 0.0185
vn -0.0918 0.8916 -0.4435
vn 0.1058 0.4255 -0.8987
vn -0.3887 -0.8566 0.3392
vn -0.0919 0.8916 -0.4433
vn -0.0736 -0.9058 -0.4173
vn 0.1857 -0.9826 -0.0001
vn -0.3480 -0.9375 0.0001
vn -0.2048 0.9788 -0.0001
vn 0.0783 0.8486 -0.5232
vn -0.1636 0.3100 -0.9365
vn 0.1634 0.4463 -0.8798
vn -0.1179 0.6976 -0.7067
vn -0.2043 0.2768 -0.9390
vn 0.1633 0.4465 -0.8798
vn -0.2044 0.2773 -0.9388
vn -0.1469 0.3235 -0.9348
vn -0.1176 0.6653 -0.7373
vn -0.0264 0.6777 -0.7349
vn -0.2706 0.9008 -0.3398
vn -0.3948 0.5290 -0.7512
vn -0.0264 0.6776 -0.7350
vn 0.2876 -0.9578 0.0001
vn -0.1082 0.2504 -0.9621
vn -0.3948 0.5288 -0.7513
vn 0.2760 0.1834 -0.9435
vn 0.1309 -0.3244 -0.9368
vn -0.1466 0.2799 -0.9488
vn -0.1008 -0.4199 -0.9020
vn 0.1173 -0.6651 -0.7375
vn -0.1006 -0.4200 -0.9019
vn 0.1768 -0.8886 -0.4232
vn 0.1476 -0.3326 -0.9314
vn 0.1175 -0.6652 -0.7374
vn 0.1174 -0.6566 -0.7450
vn 0.0428 0.0277 -0.9987
vn 0.1175 -0.6569 -0.7448
vn -0.2704 0.9009 0.3395
vn -0.3947 0.5291 0.7512
vn 0.2754 -0.8656 -0.4182
vn 0.1173 -0.6568 -0.7449
vn 0.2874 -0.9578 0.0002
vn 0.3340 -0.5655 -0.7541
vn -0.1985 0.9775 -0.0719
vn 0.0386 -0.9156 -0.4002
vn 0.0371 -0.3585 -0.9328
vn 0.2764 -0.8603 -0.4284
vn -0.3676 0.8264 0.4266
vn 0.0265 0.9234 0.3830
vn 0.1176 -0.6652 -0.7373
vn 0.0933 -0.9956 -0.0001
vn 0.3406 -0.8045 -0.4867
vn -0.4332 0.9013 0.0002
vn -0.2684 0.9633 0.0001
vn -0.4127 0.4892 -0.7684
vn -0.7329 0.5255 -0.4322
vn -0.3976 0.4542 -0.7973
vn -0.7329 0.5254 -0.4322
vn 0.4833 -0.7557 -0.4420
vn -0.3356 0.8313 -0.4431
vn 0.6721 -0.6093 0.4207
vn -0.4127 0.4891 -0.7684
vn -0.6589 0.6365 -0.4009
vn -0.3357 0.8311 -0.4433
vn -0.4085 0.5391 -0.7366
vn 0.6680 -0.1844 0.7209
vn -0.5548 0.3910 -0.7344
vn -0.2028 0.0656 -0.9770
vn -0.5547 0.3910 -0.7345
vn -0.3764 0.1989 -0.9048
vn -0.6148 0.7846 -0.0799
vn -0.6590 0.6365 -0.4007
vn -0.5779 0.3022 -0.7580
vn -0.1753 -0.1501 -0.9730
vn -0.4855 -0.1257 -0.8652
vn -0.4852 -0.1256 -0.8653
vn -0.5778 0.3021 -0.7582
vn -0.6275 0.3713 -0.6843
vn -0.2625 0.2507 -0.9318
vn -0.2054 -0.2892 -0.9350
vn 0.1805 0.4544 -0.8724
vn -0.0659 0.6844 -0.7261
vn -0.1814 0.8809 -0.4371
vn -0.0641 0.3345 -0.9402
vn 0.2504 -0.2134 -0.9443
vn -0.0922 0.4115 -0.9067
vn -0.1800 -0.1065 -0.9779
vn 0.1762 -0.3274 -0.9283
vn 0.0205 0.9203 0.3907
vn 0.3079 -0.8394 -0.4479
vn -0.3836 0.9235 -0.0000
vn 0.0694 -0.9976 0.0001
vn -0.1421 0.7351 -0.6629
vn 0.0151 0.9999 0.0001
vn 0.5953 -0.8035 -0.0000
vn 0.0627 -0.9377 -0.3419
vn -0.4427 0.8190 -0.3651
vn -0.5088 0.6884 0.5169
vn 0.2046 -0.6174 -0.7596
vn -0.2007 0.9034 0.3789
vn 0.6003 -0.6268 -0.4968
vn 0.1928 -0.6231 -0.7580
vn 0.2194 -0.8655 -0.4503
vn 0.0629 -0.9375 -0.3423
vn 0.1930 -0.6235 -0.7576
vn 0.6001 -0.6270 -0.4968
vn 0.3203 -0.8484 -0.4216
vn 0.3436 -0.4768 -0.8091
vn -0.2616 0.9609 0.0905
vn 0.0154 -0.2544 -0.9670
vn 0.3435 -0.4767 -0.8092
vn -0.0499 -0.3490 -0.9358
vn 0.2892 -0.8462 -0.4475
vn -0.0306 -0.7175 -0.6959
vn 0.1925 -0.6234 -0.7579
vn 0.0660 -0.6846 -0.7259
vn 0.0661 -0.6844 -0.7261
vn 0.1465 -0.3082 -0.9400
vn -0.1684 -0.0778 -0.9826
vn -0.2346 -0.5216 -0.8203
vn -0.1522 -0.1133 -0.9818
vn 0.0896 -0.7234 -0.6845
vn -0.2348 -0.5219 -0.8201
vn 0.0593 0.0494 -0.9970
vn -0.1240 -0.0560 -0.9907
vn 0.1149 -0.4286 -0.8962
vn 0.3223 -0.6042 -0.7287
vn 0.2755 -0.8656 -0.4182
vn -0.2422 0.8148 -0.5268
vn -0.4828 0.8757 -0.0002
vn -0.0993 0.9951 -0.0000
vn 0.4247 -0.9053 0.0002
vn 0.0387 -0.9154 0.4007
vn 0.1821 -0.8843 -0.4300
vn -0.3661 0.8231 -0.4342
vn 0.2774 -0.8634 0.4213
vn -0.1001 0.6242 -0.7749
vn -0.1178 0.6649 -0.7376
vn -0.3543 0.8327 -0.4255
vn 0.0266 0.9234 -0.3828
vn -0.3223 0.5724 -0.7540
vn -0.1582 0.6530 -0.7407
vn -0.1636 0.3099 -0.9366
vn -0.3447 0.9127 -0.2193
vn -0.1581 0.6530 -0.7407
vn -0.4679 0.0331 -0.8832
vn -0.4275 0.5089 -0.7471
vn -0.4127 0.4892 -0.7683
vn -0.1305 -0.1488 -0.9802
vn -0.2624 -0.1604 -0.9515
vn -0.3683 0.3859 -0.8458
vn -0.0537 0.0493 -0.9973
vn -0.1480 -0.5756 -0.8042
vn -0.1973 -0.1140 -0.9737
vn 0.2110 -0.6424 -0.7367
vn 0.1305 -0.7245 -0.6768
vn 0.3314 -0.5145 -0.7909
vn -0.3881 0.8943 0.2227
vn 0.1301 -0.7243 -0.6771
vn 0.4723 -0.8346 -0.2835
vn -0.0123 -0.4601 -0.8878
vn 0.0026 0.8272 0.5619
vn 0.3205 -0.8484 -0.4214
vn 0.1365 -0.7281 -0.6717
vn 0.3314 -0.5146 -0.7908
vn 0.0744 -0.9518 -0.2975
vn -0.3873 0.7965 -0.4644
vn -0.3817 0.8140 0.4378
vn 0.1001 -0.6622 -0.7426
vn -0.1648 0.9277 0.3349
vn 0.4106 -0.7976 -0.4418
vn -0.2778 0.7668 -0.5787
vn 0.6038 -0.7972 -0.0000
vn -0.1240 0.9923 -0.0000
vn 0.2876 -0.9577 0.0001
vn -0.5823 0.8130 -0.0000
vn 0.3679 -0.7334 -0.5716
vn -0.2008 0.9035 -0.3786
vn 0.4111 -0.9116 0.0092
vn 0.6004 -0.6269 0.4966
vn 0.4111 -0.9115 0.0096
vn -0.5112 0.6918 -0.5100
vn -0.1031 0.3959 -0.9125
vn -0.2006 0.9033 -0.3791
vn -0.1929 0.6232 -0.7579
vn -0.2260 0.8678 -0.4426
vn -0.5115 0.6915 -0.5100
vn 0.0782 0.8020 -0.5922
vn -0.2617 0.9609 -0.0909
vn -0.2350 0.6213 -0.7475
vn 0.2893 -0.8464 0.4472
vn -0.2347 0.6217 -0.7473
vn -0.0307 -0.7175 0.6959
vn 0.0781 0.8023 -0.5918
vn 0.1094 0.2498 -0.9621
vn -0.2347 0.6213 -0.7476
vn 0.0207 0.9401 -0.3402
vn -0.3888 -0.8566 -0.3391
vn -0.1098 -0.6695 -0.7346
vn 0.1941 -0.8772 -0.4391
vn -0.0917 0.8916 0.4434
vn 0.1334 -0.8941 -0.4275
vn -0.1044 -0.6696 -0.7353
vn 0.1940 -0.8771 -0.4394
vn 0.1399 -0.8968 -0.4197
vn -0.2875 0.9578 0.0001
vn -0.1242 -0.9923 -0.0001
vn -0.0943 0.6542 -0.7504
vn -0.0029 1.0000 -0.0000
vn 0.4383 -0.8988 0.0001
vn -0.2456 0.5982 -0.7628
vn -0.1274 0.8952 -0.4271
vn -0.4978 0.7509 -0.4341
vn 0.3670 -0.9302 -0.0001
vn -0.1878 0.8833 -0.4295
vn -0.4981 0.7505 -0.4344
vn 0.0916 -0.9046 0.4164
vn -0.1879 0.8833 -0.4296
vn -0.2587 0.9106 -0.3222
vn 0.0937 0.7341 -0.6726
vn -0.0660 0.6845 -0.7260
vn -0.2697 0.8583 -0.4365
vn 0.1795 -0.9818 -0.0626
vn 0.0013 0.4011 -0.9160
vn 0.0205 0.9204 -0.3905
vn -0.1041 -0.9305 0.3511
vn 0.3685 -0.8206 0.4369
vn 0.4300 -0.9028 -0.0001
vn -0.2233 0.8268 -0.5162
vn 0.2298 -0.8134 -0.5344
vn 0.1240 -0.9923 0.0001
vn 0.0210 0.9998 0.0001
vn 0.5945 -0.6799 -0.4292
vn -0.3229 0.8630 -0.3885
vn 0.2590 -0.5861 -0.7677
vn 0.0915 -0.9046 -0.4163
vn -0.1879 0.8833 0.4296
vn -0.4980 0.7505 0.4345
vt 34.104198 -25.029699
vt 34.061100 -25.062700
vt 34.108601 -25.035900
vt 33.937599 -25.084101
vt 34.065201 -25.091000
vt 34.062401 -25.084101
vt 34.064301 -25.081699
vt 34.111301 -25.034700
vt 34.105999 -25.029400
vt 34.148499 -24.997400
vt 34.153999 -25.002600
vt 34.069500 -25.087200
vt 34.157501 -24.998800
vt 34.150501 -24.995800
vt 34.062199 -24.771200
vt 34.090900 -24.846399
vt 34.067799 -24.766300
vt 34.104599 -24.819599
vt 34.153999 -24.864100
vt 34.109901 -24.814199
vt 34.148602 -24.869200
vt 34.065300 -24.776100
vt 33.934700 -24.776100
vt 34.062302 -24.783001
vt 33.937698 -24.783001
vt 33.849499 -24.871201
vt 33.851398 -24.869200
vt 33.895401 -24.819599
vt 33.846001 -24.864100
vt 33.890099 -24.814199
vt 33.842499 -24.868299
vt 33.849499 -24.995800
vt 33.932201 -24.766300
vt 33.909100 -24.846399
vt 33.937801 -24.771200
vt 34.010399 -25.219601
vt 34.005199 -25.222099
vt 34.011600 -25.220900
vt 34.006001 -25.220100
vt 34.016701 -25.193501
vt 34.010899 -25.219400
vt 34.006001 -25.217199
vt 34.004799 -25.217100
vt 34.021000 -25.183001
vt 34.013802 -25.217100
vt 34.043999 -25.163500
vt 34.041901 -25.166800
vt 34.019699 -25.218599
vt 34.021801 -25.183901
vt 34.021702 -25.180300
vt 34.042801 -25.162701
vt 34.039902 -25.104401
vt 34.041199 -25.099199
vt 33.919102 -25.064800
vt 33.932598 -24.998699
vt 33.926800 -24.995800
vt 33.925999 -25.066401
vt 33.933201 -24.997299
vt 33.926800 -25.068600
vt 33.934200 -25.000601
vt 33.919601 -25.070400
vt 33.931999 -25.129400
vt 33.926800 -25.069901
vt 33.939201 -25.128201
vt 33.933399 -25.133301
vt 33.954300 -25.183599
vt 33.940601 -25.131201
vt 33.947300 -25.186501
vt 33.951302 -25.191500
vt 33.977501 -25.206699
vt 33.956501 -25.186300
vt 33.972599 -25.212299
vt 33.998600 -25.228201
vt 33.994499 -25.235201
vt 33.997601 -25.235500
vt 33.990898 -25.233700
vt 33.993999 -25.226801
vt 33.989601 -25.226400
vt 33.986500 -25.233200
vt 33.993999 -25.233601
vt 33.996601 -25.227100
vt 33.993500 -25.226000
vt 33.990398 -25.231701
vt 33.988400 -25.226200
vt 33.991501 -25.223499
vt 33.988400 -25.224701
vt 33.987000 -25.228500
vt 33.988400 -25.221300
vt 33.982700 -25.226000
vt 33.976002 -25.203400
vt 33.969501 -25.206499
vt 33.992699 -25.225000
vt 33.996601 -25.225599
vt 33.993401 -25.223900
vt 33.991798 -25.227501
vt 33.994202 -25.223101
vt 33.994801 -25.222099
vt 34.000000 -25.227699
vt 33.988400 -25.220900
vt 33.991299 -25.222500
vt 33.998600 -25.224501
vt 33.996601 -25.221701
vt 34.000000 -25.220900
vt 34.001400 -25.224501
vt 34.003399 -25.221701
vt 34.003601 -25.219601
vt 34.001801 -25.221300
vt 33.998199 -25.221300
vt 33.996399 -25.219601
vt 33.995201 -25.217100
vt 34.000000 -25.218700
vt 33.989601 -25.219601
vt 33.993999 -25.220100
vt 33.993999 -25.217199
vt 33.983299 -25.193501
vt 33.989101 -25.219400
vt 33.979000 -25.183001
vt 33.986198 -25.217100
vt 33.978199 -25.183901
vt 33.980301 -25.218599
vt 33.956001 -25.163500
vt 33.958099 -25.166800
vt 33.978298 -25.180300
vt 33.957199 -25.162701
vt 33.960098 -25.104401
vt 33.958801 -25.099199
vt 33.981998 -25.148199
vt 33.982899 -25.152300
vt 33.980598 -25.182699
vt 33.994301 -25.212500
vt 33.998299 -25.178301
vt 34.000000 -25.177900
vt 34.000000 -25.189501
vt 33.996899 -25.216499
vt 34.003101 -25.216499
vt 34.005699 -25.212500
vt 34.019402 -25.182699
vt 34.017101 -25.152300
vt 34.018002 -25.148199
vt 34.001701 -25.178301
vt 34.000000 -25.175100
vt 34.016399 -25.148100
vt 34.000000 -25.092501
vt 34.000000 -25.086901
vt 33.983601 -25.148100
vt 33.981602 -25.144400
vt 33.998501 -25.087299
vt 33.970501 -25.036699
vt 33.969898 -25.033001
vt 33.960300 -25.098900
vt 33.963699 -25.031000
vt 33.953602 -25.094200
vt 33.968899 -25.033899
vt 33.958302 -25.096701
vt 33.927898 -25.067801
vt 33.928001 -25.071501
vt 33.948399 -25.159300
vt 33.958099 -25.100201
vt 33.952599 -25.098600
vt 33.955002 -25.160299
vt 33.949100 -25.166401
vt 33.962101 -25.195900
vt 33.956100 -25.164200
vt 33.968800 -25.193199
vt 33.964001 -25.199900
vt 33.986301 -25.223600
vt 33.970402 -25.196400
vt 33.980099 -25.228001
vt 34.013699 -25.223600
vt 34.035999 -25.199900
vt 34.029598 -25.196400
vt 34.019901 -25.228001
vt 34.010399 -25.226400
vt 34.009102 -25.233700
vt 34.013500 -25.233200
vt 34.006001 -25.226801
vt 34.001400 -25.228201
vt 34.002399 -25.235500
vt 34.005501 -25.235201
vt 34.006001 -25.233601
vt 34.006500 -25.226000
vt 34.003399 -25.227100
vt 34.009602 -25.231701
vt 34.008499 -25.223499
vt 34.011600 -25.226200
vt 34.011600 -25.224701
vt 34.013000 -25.228500
vt 34.011600 -25.221300
vt 34.017300 -25.226000
vt 34.023998 -25.203400
vt 34.030499 -25.206499
vt 34.003399 -25.225599
vt 34.007301 -25.225000
vt 34.006599 -25.223900
vt 34.008202 -25.227501
vt 34.005798 -25.223101
vt 34.008701 -25.222500
vt 34.018398 -25.144400
vt 34.039700 -25.098900
vt 34.029499 -25.036699
vt 34.030102 -25.033001
vt 34.001499 -25.087299
vt 34.028500 -25.033100
vt 34.000000 -25.084101
vt 34.000000 -24.977200
vt 34.000000 -24.973499
vt 33.971500 -25.033100
vt 33.953201 -24.924000
vt 33.998402 -24.974100
vt 33.934898 -24.996799
vt 33.927898 -24.991899
vt 33.951698 -24.922899
vt 33.946098 -24.918501
vt 33.933102 -24.995899
vt 34.092602 -25.000700
vt 34.074600 -25.059500
vt 34.099300 -25.004400
vt 34.145901 -24.978100
vt 34.093498 -25.026699
vt 34.151501 -24.983101
vt 34.088299 -25.021400
vt 34.112598 -25.031900
vt 34.147499 -24.976999
vt 34.106499 -25.027500
vt 34.157501 -24.868299
vt 34.150501 -24.871201
vt 34.147301 -24.857500
vt 34.130299 -24.935301
vt 34.154701 -24.857500
vt 34.123100 -24.935301
vt 34.103298 -24.993900
vt 34.113499 -25.063101
vt 34.110802 -24.994499
vt 34.120399 -25.065100
vt 34.068001 -25.113100
vt 34.117901 -25.070400
vt 34.112499 -25.065399
vt 34.073200 -25.118500
vt 33.934799 -25.091000
vt 33.891399 -25.035900
vt 33.938900 -25.062700
vt 33.895802 -25.029699
vt 33.842499 -24.998800
vt 33.935699 -25.081699
vt 33.888699 -25.034700
vt 33.930500 -25.087200
vt 33.894001 -25.029400
vt 33.846001 -25.002600
vt 33.851501 -24.997400
vt 33.852501 -24.976999
vt 33.887402 -25.031900
vt 33.893501 -25.027500
vt 33.848499 -24.983101
vt 33.906502 -25.026699
vt 33.854099 -24.978100
vt 33.911701 -25.021400
vt 33.852699 -24.857500
vt 33.869701 -24.935301
vt 33.876900 -24.935301
vt 33.845299 -24.857500
vt 33.889198 -24.994499
vt 33.886501 -25.063101
vt 33.896702 -24.993900
vt 33.879601 -25.065100
vt 33.900700 -25.004400
vt 33.925400 -25.059500
vt 33.907398 -25.000700
vt 33.909401 -25.028099
vt 33.960701 -25.052401
vt 33.913700 -25.021999
vt 34.079399 -24.922600
vt 34.113499 -24.979700
vt 34.120399 -24.976500
vt 34.073502 -24.927200
vt 33.886501 -24.979700
vt 33.920601 -24.922600
vt 33.879601 -24.976500
vt 33.926498 -24.927200
vt 34.046799 -24.924000
vt 34.001598 -24.974100
vt 34.066799 -24.997299
vt 34.065102 -24.996799
vt 34.073200 -25.068600
vt 34.065800 -25.000601
vt 34.041698 -25.096701
vt 34.072102 -25.067801
vt 34.031101 -25.033899
vt 34.046398 -25.094200
vt 34.036301 -25.031000
vt 34.071999 -25.071501
vt 34.041901 -25.100201
vt 34.051601 -25.159300
vt 34.047401 -25.098600
vt 34.044998 -25.160299
vt 34.043900 -25.164200
vt 34.037899 -25.195900
vt 34.050900 -25.166401
vt 34.031200 -25.193199
vt 33.924801 -25.118500
vt 33.898300 -25.058599
vt 33.917999 -25.121799
vt 33.905602 -25.056700
vt 33.886200 -24.982401
vt 33.897301 -25.054701
vt 33.904701 -25.054001
vt 33.878700 -24.982700
vt 34.019100 -25.200701
vt 34.046799 -25.169100
vt 34.042400 -25.163500
vt 34.049801 -25.167101
vt 34.079102 -25.125299
vt 34.044498 -25.161900
vt 34.073002 -25.120701
vt 34.082001 -25.121799
vt 34.101700 -25.058599
vt 34.075199 -25.118500
vt 34.094398 -25.056700
vt 34.102699 -25.054701
vt 34.113800 -24.982401
vt 34.095299 -25.054001
vt 34.121300 -24.982700
vt 34.048302 -24.922899
vt 34.072102 -24.991899
vt 34.053902 -24.918501
vt 34.066898 -24.995899
vt 34.067402 -24.998699
vt 34.080898 -25.064800
vt 34.073200 -24.995800
vt 34.074001 -25.066401
vt 34.073200 -25.069901
vt 34.068001 -25.129400
vt 34.080399 -25.070400
vt 34.060799 -25.128201
vt 34.059399 -25.131201
vt 34.045700 -25.183599
vt 34.066601 -25.133301
vt 34.052700 -25.186501
vt 34.022499 -25.206699
vt 34.048698 -25.191500
vt 34.043499 -25.186300
vt 34.027401 -25.212299
vt 33.953201 -25.169100
vt 33.980900 -25.200701
vt 33.957600 -25.163500
vt 33.955502 -25.161900
vt 33.920898 -25.125299
vt 33.950199 -25.167101
vt 33.926998 -25.120701
vt 34.086300 -25.021999
vt 34.039299 -25.052401
vt 34.090599 -25.028099
vt 33.882099 -25.070400
vt 33.931999 -25.113100
vt 33.887501 -25.065399
vt 33.926800 -25.118500
vt 33.775101 -25.061100
vt 33.704201 -25.000000
vt 33.703999 -25.001600
vt 33.634201 -25.062300
vt 33.706402 -25.105900
vt 33.706402 -25.104200
vt 33.777302 -25.060900
vt 33.631901 -25.062401
vt 33.631901 -24.937599
vt 33.634201 -24.937700
vt 33.634800 -25.064301
vt 33.703701 -25.106001
vt 33.632301 -25.150499
vt 33.634899 -25.148500
vt 33.989300 -25.041500
vt 34.069599 -25.078400
vt 34.073002 -25.078100
vt 33.887199 -25.090700
vt 33.986401 -25.041901
vt 33.887600 -25.088400
vt 33.814301 -25.063299
vt 33.983101 -25.039200
vt 33.884201 -25.084000
vt 33.893799 -25.000000
vt 33.893799 -25.002501
vt 33.809101 -25.063801
vt 33.798500 -25.146200
vt 33.884102 -25.090900
vt 33.881001 -25.086000
vt 33.800098 -25.151100
vt 33.799702 -25.154200
vt 33.720600 -25.109501
vt 33.717499 -25.109900
vt 33.808899 -25.067801
vt 33.804001 -25.063801
vt 33.717300 -25.107401
vt 33.635799 -25.065201
vt 33.719700 -25.000000
vt 33.719601 -25.002701
vt 33.632599 -25.065300
vt 33.714802 -25.109900
vt 33.633900 -25.069099
vt 33.633801 -25.153999
vt 33.633801 -24.939899
vt 33.632599 -24.934700
vt 33.633801 -25.060101
vt 33.716900 -25.000000
vt 33.635799 -24.934799
vt 33.719601 -24.997299
vt 33.804001 -24.936199
vt 33.809101 -24.936199
vt 33.722900 -25.000000
vt 33.809200 -25.058701
vt 33.890598 -25.000000
vt 33.809200 -24.941299
vt 33.717499 -24.890100
vt 33.717300 -24.892599
vt 33.633801 -24.846001
vt 33.633900 -24.930901
vt 33.714802 -24.890100
vt 33.709702 -24.843599
vt 33.635201 -24.849501
vt 33.709202 -24.851101
vt 33.633900 -24.842100
vt 33.635899 -24.842600
vt 33.711800 -24.851900
vt 33.712002 -24.844400
vt 33.795101 -24.845699
vt 33.799702 -24.845800
vt 33.795898 -24.852600
vt 33.635101 -24.849501
vt 33.720600 -24.890499
vt 33.884102 -24.909100
vt 33.887199 -24.909300
vt 33.798500 -24.853800
vt 33.800098 -24.848900
vt 33.881001 -24.914000
vt 33.808899 -24.932199
vt 33.884201 -24.916000
vt 33.983101 -24.960800
vt 33.887600 -24.911600
vt 33.814301 -24.936701
vt 33.986401 -24.958099
vt 33.893799 -24.997499
vt 34.355999 -25.010401
vt 34.362499 -25.009300
vt 34.356499 -25.006001
vt 34.362598 -25.013700
vt 34.335098 -25.029400
vt 34.358200 -25.019699
vt 34.353699 -25.013800
vt 34.355301 -25.026199
vt 34.335499 -25.042801
vt 34.341499 -25.047300
vt 34.349300 -25.021700
vt 34.269199 -24.926001
vt 34.186600 -24.898300
vt 34.184502 -24.905600
vt 34.271801 -24.919100
vt 34.239601 -24.925900
vt 34.286301 -24.931999
vt 34.241299 -24.918600
vt 34.284100 -24.939199
vt 34.260300 -24.955700
vt 34.302898 -24.947300
vt 34.258701 -24.949699
vt 34.303501 -24.954300
vt 34.262501 -24.957399
vt 34.306000 -24.955299
vt 34.258999 -24.956100
vt 34.304901 -24.956499
vt 34.314201 -24.977501
vt 34.316399 -24.978300
vt 34.288399 -24.982000
vt 34.285099 -24.981300
vt 34.309101 -25.000000
vt 34.309700 -24.998400
vt 34.338001 -24.994400
vt 34.341702 -24.995199
vt 34.315899 -24.979900
vt 34.347301 -24.988400
vt 34.325001 -24.982800
vt 34.348301 -24.994900
vt 34.342300 -24.993900
vt 34.344398 -24.986300
vt 34.344799 -24.996401
vt 34.346600 -25.000000
vt 34.347198 -24.998199
vt 34.351002 -24.998600
vt 34.355000 -25.000000
vt 34.347801 -24.996700
vt 34.345901 -24.989599
vt 34.346600 -24.993999
vt 34.349098 -24.991301
vt 34.349800 -24.994101
vt 34.352699 -24.996599
vt 34.351101 -24.993500
vt 34.352600 -24.992701
vt 34.355000 -24.996599
vt 34.354801 -24.987000
vt 34.348400 -24.988400
vt 34.351501 -24.991501
vt 34.352100 -24.982700
vt 34.353500 -24.988400
vt 34.355301 -24.988400
vt 34.355099 -24.991301
vt 34.354099 -24.993401
vt 34.356800 -24.994801
vt 34.355400 -24.994200
vt 34.356602 -25.001400
vt 34.363201 -25.005699
vt 34.362801 -25.002501
vt 34.356602 -24.998600
vt 34.362801 -24.997499
vt 34.363201 -24.994301
vt 34.355999 -24.989599
vt 34.362499 -24.990700
vt 34.362598 -24.986300
vt 34.356499 -24.993999
vt 34.358200 -24.980301
vt 34.335098 -24.970600
vt 34.353699 -24.986200
vt 34.335499 -24.957199
vt 34.355301 -24.973801
vt 34.341499 -24.952801
vt 34.349300 -24.978300
vt 34.365799 -25.000000
vt 34.360600 -24.996901
vt 34.358501 -25.000000
vt 34.360600 -25.003099
vt 34.272301 -24.927900
vt 34.310001 -24.958300
vt 34.277302 -24.923201
vt 34.315399 -24.953600
vt 34.332600 -24.955000
vt 34.290100 -24.933701
vt 34.287601 -24.940800
vt 34.336300 -24.948500
vt 34.307098 -24.955500
vt 34.334499 -24.962099
vt 34.309101 -24.948400
vt 34.332100 -24.968800
vt 34.308601 -24.957199
vt 34.344799 -24.980101
vt 34.317799 -24.977699
vt 34.308601 -25.042801
vt 34.316399 -25.021700
vt 34.306000 -25.044701
vt 34.344398 -25.013700
vt 34.317799 -25.022301
vt 34.344799 -25.019899
vt 34.347301 -25.011600
vt 34.325001 -25.017200
vt 34.345901 -25.010401
vt 34.346600 -25.006001
vt 34.348301 -25.005100
vt 34.342300 -25.006100
vt 34.341702 -25.004801
vt 34.344501 -25.000000
vt 34.341301 -25.003099
vt 34.319199 -25.000000
vt 34.341301 -24.996901
vt 34.344799 -25.003599
vt 34.347198 -25.001801
vt 34.347801 -25.003300
vt 34.351002 -25.001400
vt 34.352699 -25.003401
vt 34.349800 -25.005899
vt 34.349098 -25.008699
vt 34.351101 -25.006500
vt 34.352600 -25.007299
vt 34.348400 -25.011600
vt 34.354801 -25.013000
vt 34.351501 -25.008499
vt 34.352100 -25.017300
vt 34.353500 -25.011600
vt 34.355301 -25.011600
vt 34.355099 -25.008699
vt 34.354099 -25.006599
vt 34.355000 -25.003401
vt 34.356800 -25.005199
vt 34.355400 -25.005800
vt 34.238201 -25.000000
vt 34.300400 -25.032499
vt 34.300301 -25.027901
vt 34.300301 -24.972099
vt 34.300400 -24.967501
vt 34.235001 -25.000000
vt 34.296600 -24.966801
vt 34.234798 -24.997499
vt 34.181702 -24.950399
vt 34.177502 -24.950001
vt 34.220600 -24.927999
vt 34.221199 -24.930401
vt 34.216801 -24.934900
vt 34.292000 -24.969700
vt 34.076302 -24.922001
vt 34.175900 -24.946100
vt 34.146099 -24.882299
vt 34.213600 -24.933100
vt 34.217602 -24.927900
vt 34.143299 -24.887300
vt 34.144699 -24.879101
vt 34.014400 -25.074301
vt 33.930901 -25.038900
vt 34.010799 -25.074600
vt 33.931198 -25.040001
vt 34.008999 -25.079901
vt 33.857498 -25.087700
vt 33.853600 -25.087900
vt 33.947201 -25.093800
vt 33.946800 -25.092600
vt 33.943699 -25.094801
vt 33.855400 -25.094299
vt 33.944801 -25.101700
vt 33.854099 -25.088400
vt 33.788601 -25.146500
vt 33.791000 -25.153000
vt 33.850899 -25.088301
vt 33.785801 -25.147301
vt 33.785702 -25.145901
vt 33.709301 -25.105600
vt 33.634602 -25.150499
vt 33.706200 -25.106501
vt 33.707001 -25.112600
vt 33.783501 -25.147499
vt 33.783100 -25.154499
vt 33.636101 -25.157301
vt 33.785999 -25.147200
vt 33.715099 -25.156000
vt 33.787201 -25.154699
vt 33.868301 -25.130301
vt 33.633900 -25.157900
vt 33.709702 -25.156401
vt 33.635201 -25.150499
vt 33.709202 -25.148899
vt 33.635899 -25.157400
vt 33.711800 -25.148100
vt 33.635101 -25.150499
vt 33.712002 -25.155600
vt 33.795898 -25.147400
vt 33.795101 -25.154301
vt 33.714901 -25.148399
vt 33.866001 -25.123100
vt 33.804501 -25.152901
vt 33.869400 -25.121799
vt 33.801201 -25.146400
vt 33.871799 -25.129000
vt 33.966801 -25.094700
vt 33.969200 -25.101400
vt 33.971802 -25.100500
vt 33.947601 -25.093700
vt 33.873001 -25.122101
vt 33.947701 -25.101000
vt 34.039600 -25.104300
vt 33.874401 -25.129499
vt 34.039600 -25.111900
vt 34.012501 -25.080900
vt 34.096199 -25.113501
vt 34.014900 -25.074900
vt 34.093899 -25.120399
vt 34.099098 -25.113899
vt 34.017399 -25.074200
vt 34.098499 -25.112499
vt 34.067001 -25.053499
vt 34.147400 -25.068001
vt 34.068699 -25.048100
vt 34.146702 -25.073200
vt 34.150299 -25.067801
vt 34.068199 -25.047100
vt 34.071301 -25.046801
vt 34.136299 -25.000000
vt 34.136700 -25.001499
vt 34.150101 -25.066299
vt 33.634602 -24.940399
vt 33.634602 -25.059601
vt 33.701401 -25.000000
vt 33.703999 -24.998400
vt 33.775101 -24.938900
vt 33.706402 -24.894100
vt 33.706402 -24.895800
vt 33.777302 -24.939100
vt 33.707001 -25.000000
vt 33.634800 -24.935699
vt 33.703701 -24.893999
vt 33.632301 -24.849501
vt 33.634899 -24.851500
vt 33.634602 -24.849501
vt 33.707001 -24.887400
vt 33.706200 -24.893499
vt 33.636101 -24.842699
vt 33.783100 -24.845501
vt 33.783501 -24.852501
vt 33.709301 -24.894400
vt 33.785801 -24.852699
vt 33.785702 -24.854099
vt 33.850899 -24.911699
vt 33.853600 -24.912100
vt 33.943699 -24.905199
vt 33.855400 -24.905701
vt 33.854099 -24.911600
vt 33.788601 -24.853500
vt 33.791000 -24.847000
vt 33.944801 -24.898300
vt 33.947201 -24.906200
vt 33.785999 -24.852800
vt 33.868301 -24.869699
vt 33.787201 -24.845301
vt 33.715099 -24.844000
vt 33.866001 -24.876900
vt 33.714901 -24.851601
vt 33.801201 -24.853600
vt 33.869400 -24.878201
vt 33.804501 -24.847099
vt 33.966801 -24.905300
vt 33.871799 -24.871000
vt 33.969200 -24.898600
vt 33.971802 -24.899500
vt 33.947701 -24.899000
vt 33.873001 -24.877899
vt 33.947601 -24.906300
vt 34.039600 -24.895700
vt 33.874401 -24.870501
vt 34.039600 -24.888100
vt 34.096199 -24.886499
vt 34.012501 -24.919100
vt 34.014900 -24.925100
vt 34.093899 -24.879601
vt 33.857498 -24.912300
vt 33.946800 -24.907400
vt 34.008999 -24.920099
vt 33.931198 -24.959999
vt 34.010799 -24.925400
vt 33.930901 -24.961100
vt 34.014400 -24.925699
vt 33.927399 -24.960699
vt 33.853500 -24.913700
vt 33.779999 -24.939301
vt 33.847198 -25.000000
vt 33.847401 -24.998501
vt 33.777302 -24.940800
vt 33.844501 -25.000000
vt 33.777302 -25.059200
vt 34.043400 -25.110701
vt 34.139702 -25.113501
vt 34.043800 -25.103300
vt 34.139500 -25.120399
vt 33.974800 -25.101000
vt 33.974098 -25.094000
vt 34.144699 -25.120899
vt 33.972301 -25.098900
vt 34.067799 -25.073000
vt 33.970501 -25.092501
vt 33.888199 -25.085199
vt 33.890999 -25.090599
vt 33.988701 -25.043699
vt 34.139500 -24.879601
vt 34.043400 -24.889299
vt 34.139702 -24.886499
vt 34.043800 -24.896700
vt 33.974800 -24.899000
vt 33.974098 -24.906000
vt 34.073002 -24.921900
vt 33.972301 -24.901100
vt 33.888199 -24.914801
vt 33.970501 -24.907499
vt 34.067799 -24.927000
vt 34.069599 -24.921600
vt 33.890999 -24.909401
vt 33.989300 -24.958500
vt 33.988701 -24.956301
vt 34.085400 -25.000000
vt 33.992802 -24.958200
vt 34.073299 -24.924200
vt 34.171799 -24.950199
vt 34.084999 -24.997499
vt 34.177502 -25.049999
vt 34.231899 -25.000000
vt 34.177399 -25.045000
vt 34.088799 -25.000000
vt 34.177399 -24.955000
vt 34.181702 -25.049601
vt 34.296600 -25.033199
vt 34.234798 -25.002501
vt 34.220600 -25.072001
vt 34.221199 -25.069599
vt 34.292000 -25.030300
vt 34.216801 -25.065100
vt 34.277302 -25.076799
vt 34.310001 -25.041700
vt 34.272301 -25.072100
vt 34.315399 -25.046400
vt 34.290100 -25.066299
vt 34.332600 -25.045000
vt 34.287601 -25.059200
vt 34.336300 -25.051500
vt 34.334499 -25.037901
vt 34.307098 -25.044600
vt 34.309101 -25.051600
vt 34.332100 -25.031200
vt 34.235901 -24.924801
vt 34.150799 -24.925800
vt 34.151100 -24.931601
vt 34.235802 -24.917999
vt 34.182400 -24.897301
vt 34.099701 -24.886299
vt 34.180801 -24.904699
vt 34.100300 -24.878799
vt 34.211399 -25.031601
vt 34.214802 -25.031099
vt 34.140400 -25.000000
vt 34.214802 -24.968901
vt 34.214600 -25.029499
vt 34.214600 -24.970501
vt 34.244499 -25.000000
vt 34.247101 -25.000000
vt 34.217499 -24.969101
vt 34.217499 -25.030899
vt 34.247601 -25.001499
vt 34.258598 -25.042400
vt 34.258999 -25.043900
vt 34.256500 -25.044500
vt 34.215302 -25.032101
vt 34.255100 -25.049801
vt 34.154400 -25.067101
vt 34.238899 -25.074200
vt 34.237999 -25.073000
vt 34.150799 -25.074200
vt 34.235901 -25.075199
vt 34.151100 -25.068399
vt 34.235802 -25.082001
vt 34.100300 -25.121201
vt 34.182400 -25.102699
vt 34.099701 -25.113701
vt 34.180801 -25.095301
vt 33.897800 -25.000000
vt 33.989300 -25.038900
vt 34.081902 -25.000000
vt 33.989300 -24.961100
vt 33.992802 -25.041800
vt 34.073299 -25.075800
vt 34.171799 -25.049801
vt 34.084999 -25.002501
vt 34.076302 -25.077999
vt 34.175900 -25.053900
vt 34.213600 -25.066900
vt 34.146099 -25.117701
vt 34.217602 -25.072100
vt 34.143299 -25.112700
vt 34.186600 -25.101700
vt 34.269199 -25.073999
vt 34.184502 -25.094400
vt 34.271801 -25.080900
vt 34.241299 -25.081400
vt 34.286301 -25.068001
vt 34.239601 -25.074100
vt 34.284100 -25.060801
vt 34.258701 -25.050301
vt 34.302898 -25.052700
vt 34.260300 -25.044300
vt 34.303501 -25.045700
vt 34.262501 -25.042601
vt 34.285099 -25.018700
vt 34.282600 -25.019100
vt 34.304901 -25.043501
vt 34.314201 -25.022499
vt 34.288399 -25.018000
vt 34.315899 -25.020100
vt 34.338001 -25.005600
vt 34.309700 -25.001600
vt 34.306702 -25.000000
vt 34.285000 -25.017099
vt 34.250702 -25.000000
vt 34.285000 -24.982901
vt 34.282600 -24.980900
vt 34.247601 -24.998501
vt 34.258598 -24.957600
vt 34.255100 -24.950199
vt 34.215302 -24.967899
vt 34.256500 -24.955500
vt 34.150299 -24.932199
vt 34.154400 -24.932899
vt 34.238899 -24.925800
vt 34.237999 -24.927000
vt 33.779999 -25.060699
vt 33.847401 -25.001499
vt 33.927399 -25.039301
vt 33.853500 -25.086300
vt 33.930901 -25.037300
vt 33.851002 -25.000000
vt 33.998699 -25.000000
vt 33.930901 -24.962700
vt 34.002300 -25.000000
vt 33.934299 -24.960899
vt 34.014198 -24.927299
vt 34.065601 -24.952999
vt 34.002499 -24.998400
vt 34.068199 -24.952900
vt 34.017399 -24.925800
vt 34.099098 -24.886101
vt 34.098499 -24.887501
vt 34.147400 -24.931999
vt 34.067001 -24.946501
vt 34.068699 -24.951900
vt 34.146702 -24.926800
vt 34.071301 -24.953199
vt 34.150101 -24.933701
vt 34.211399 -24.968399
vt 34.136700 -24.998501
vt 34.133400 -25.000000
vt 34.068298 -24.954599
vt 34.005299 -25.000000
vt 34.068298 -25.045401
vt 34.065601 -25.047001
vt 34.002499 -25.001600
vt 33.934299 -25.039101
vt 34.014198 -25.072701
vt 34.224998 -25.069799
vt 34.292702 -25.035900
vt 34.224899 -25.062700
vt 34.365799 -25.083799
vt 34.363701 -25.090500
vt 34.293598 -25.029100
vt 34.222698 -25.062500
vt 34.368099 -25.084101
vt 34.365200 -25.081699
vt 34.365101 -24.997400
vt 34.296299 -25.029400
vt 34.367699 -24.995800
vt 34.016899 -24.871500
vt 34.112400 -24.846201
vt 34.013599 -24.865200
vt 34.115799 -24.851400
vt 34.189701 -24.771400
vt 34.185699 -24.765600
vt 34.013500 -24.873400
vt 34.116001 -24.851999
vt 34.118999 -24.851299
vt 34.192501 -24.769800
vt 34.282398 -24.819401
vt 34.279400 -24.819799
vt 34.199902 -24.849001
vt 34.201500 -24.854601
vt 34.279400 -24.814400
vt 34.192600 -24.771200
vt 34.282700 -24.812700
vt 34.195000 -24.770000
vt 34.282501 -24.818701
vt 34.364700 -24.782900
vt 34.195999 -24.763100
vt 34.364201 -24.775900
vt 34.367001 -24.783001
vt 34.364498 -24.869200
vt 34.285198 -24.819599
vt 34.364399 -24.784599
vt 34.283100 -24.769199
vt 34.364399 -24.782900
vt 34.366199 -24.775499
vt 34.282902 -24.776800
vt 34.280102 -24.777300
vt 34.280399 -24.769800
vt 34.192501 -24.770000
vt 34.277100 -24.769600
vt 34.190800 -24.762699
vt 34.109402 -24.810301
vt 34.277000 -24.777201
vt 34.112900 -24.816999
vt 34.282501 -24.813999
vt 34.190899 -24.762899
vt 34.285198 -24.814199
vt 34.367199 -24.868299
vt 34.366199 -24.864100
vt 34.367401 -24.776100
vt 34.366100 -24.993099
vt 34.365799 -24.873301
vt 34.290298 -24.923800
vt 34.366901 -24.998800
vt 34.287701 -24.923599
vt 34.364101 -24.868099
vt 34.287998 -24.920799
vt 34.204899 -24.852699
vt 34.200298 -24.852400
vt 34.282501 -24.816500
vt 34.115898 -24.846399
vt 34.112801 -24.847300
vt 34.191101 -24.766300
vt 34.109901 -24.818501
vt 34.106201 -24.812000
vt 33.644001 -25.219601
vt 33.641899 -25.194000
vt 33.637402 -25.220900
vt 33.647900 -25.193501
vt 33.640400 -25.217199
vt 33.643200 -25.222099
vt 33.643501 -25.220100
vt 33.639099 -25.217100
vt 33.649502 -25.183001
vt 33.644699 -25.220900
vt 33.666302 -25.195400
vt 33.646301 -25.217100
vt 33.664902 -25.194599
vt 33.663799 -25.166800
vt 33.665100 -25.163500
vt 33.650799 -25.183901
vt 33.664501 -25.162701
vt 33.680099 -25.102400
vt 33.658501 -25.161400
vt 33.685299 -25.104401
vt 33.646301 -25.148701
vt 33.645100 -25.148199
vt 33.650700 -25.180300
vt 33.687698 -25.099199
vt 33.779400 -24.993601
vt 33.851002 -24.981300
vt 33.855301 -24.978201
vt 33.814701 -25.056299
vt 33.780399 -24.995800
vt 33.728199 -25.064800
vt 33.813400 -25.054100
vt 33.724201 -25.067101
vt 33.699600 -25.028799
vt 33.776001 -24.996901
vt 33.810902 -25.058399
vt 33.760502 -25.122900
vt 33.727100 -25.070400
vt 33.758701 -25.120001
vt 33.713699 -25.129400
vt 33.711601 -25.131500
vt 33.758099 -25.125601
vt 33.743000 -25.168100
vt 33.713501 -25.133301
vt 33.741299 -25.166500
vt 33.697102 -25.186501
vt 33.693901 -25.189699
vt 33.718102 -25.208599
vt 33.740002 -25.170700
vt 33.714100 -25.201401
vt 33.687302 -25.212299
vt 33.716202 -25.206800
vt 33.685799 -25.206699
vt 33.696999 -25.191500
vt 33.685001 -25.214100
vt 33.711601 -25.203899
vt 33.690300 -25.213499
vt 33.713799 -25.210699
vt 33.693298 -25.220400
vt 33.661999 -25.228201
vt 33.664902 -25.234699
vt 33.651402 -25.236099
vt 33.655201 -25.229300
vt 33.652802 -25.228600
vt 33.648998 -25.228201
vt 33.647099 -25.235500
vt 33.659000 -25.237301
vt 33.652599 -25.233700
vt 33.649899 -25.234800
vt 33.676701 -25.219299
vt 33.657700 -25.228901
vt 33.657501 -25.234699
vt 33.653400 -25.226801
vt 33.648102 -25.233801
vt 33.650200 -25.226801
vt 33.647301 -25.227100
vt 33.644299 -25.233601
vt 33.651199 -25.232000
vt 33.645199 -25.228500
vt 33.643700 -25.230499
vt 33.659100 -25.206499
vt 33.647900 -25.228201
vt 33.640099 -25.224501
vt 33.644798 -25.226000
vt 33.663898 -25.198500
vt 33.655201 -25.228001
vt 33.645000 -25.225599
vt 33.638901 -25.227501
vt 33.640202 -25.230700
vt 33.636799 -25.226000
vt 33.643398 -25.224501
vt 33.642502 -25.221701
vt 33.640701 -25.219601
vt 33.634399 -25.223600
vt 33.635399 -25.225100
vt 33.637199 -25.228701
vt 33.641998 -25.221300
vt 33.637501 -25.223301
vt 33.632099 -25.219000
vt 33.637299 -25.226101
vt 33.634998 -25.219400
vt 33.643398 -25.183399
vt 33.641800 -25.218599
vt 33.645100 -25.184700
vt 33.661900 -25.197201
vt 33.659302 -25.168800
vt 33.660801 -25.164000
vt 33.644699 -25.180201
vt 33.640900 -25.147900
vt 33.638199 -25.146500
vt 33.639599 -25.212500
vt 33.635700 -25.177799
vt 33.632401 -25.212099
vt 33.643200 -25.178301
vt 33.637600 -25.152399
vt 33.644798 -25.152300
vt 33.634899 -25.188900
vt 33.639400 -25.216499
vt 33.642399 -25.189501
vt 33.634201 -25.221001
vt 33.631901 -25.217199
vt 33.642502 -25.182899
vt 33.648998 -25.182699
vt 33.638302 -25.145800
vt 33.636299 -25.173901
vt 33.645401 -25.148100
vt 33.668499 -25.089100
vt 33.643799 -25.175100
vt 33.675301 -25.092501
vt 33.682301 -25.097099
vt 33.647202 -25.144400
vt 33.671101 -25.083900
vt 33.640900 -25.141001
vt 33.677898 -25.087299
vt 33.696899 -25.034000
vt 33.703499 -25.036699
vt 33.689999 -25.096701
vt 33.706299 -25.033899
vt 33.684601 -25.094200
vt 33.701599 -25.031000
vt 33.722698 -25.064501
vt 33.721600 -25.071400
vt 33.683800 -25.098600
vt 33.663700 -25.159300
vt 33.709900 -25.129801
vt 33.709099 -25.135500
vt 33.664799 -25.166401
vt 33.665501 -25.195900
vt 33.690899 -25.186800
vt 33.665699 -25.199900
vt 33.682201 -25.207500
vt 33.683102 -25.212900
vt 33.690800 -25.193001
vt 33.694000 -25.185900
vt 33.691399 -25.188101
vt 33.683601 -25.208401
vt 33.667702 -25.196400
vt 33.655602 -25.223600
vt 33.652699 -25.226200
vt 33.658298 -25.230000
vt 33.674999 -25.213499
vt 33.654099 -25.226400
vt 33.655399 -25.233200
vt 33.651699 -25.227800
vt 33.658699 -25.229601
vt 33.655602 -25.235800
vt 33.660599 -25.236799
vt 33.684101 -25.224701
vt 33.655499 -25.228201
vt 33.680801 -25.217899
vt 33.650101 -25.235201
vt 33.652199 -25.228300
vt 33.653500 -25.236700
vt 33.647999 -25.232901
vt 33.650902 -25.226500
vt 33.648899 -25.226000
vt 33.645000 -25.231701
vt 33.647400 -25.225000
vt 33.648499 -25.223499
vt 33.661201 -25.203400
vt 33.651600 -25.224701
vt 33.646500 -25.221300
vt 33.645901 -25.223900
vt 33.640099 -25.227501
vt 33.642101 -25.229700
vt 33.681499 -25.096300
vt 33.687302 -25.098900
vt 33.699699 -25.028400
vt 33.673100 -25.080299
vt 33.705700 -25.033100
vt 33.761799 -24.971800
vt 33.679600 -25.084101
vt 33.767101 -24.977200
vt 33.765202 -24.968599
vt 33.703400 -25.025299
vt 33.770401 -24.974100
vt 33.818298 -24.919300
vt 33.708000 -25.030600
vt 33.823601 -24.924000
vt 33.822498 -24.915600
vt 33.782398 -24.991899
vt 33.824100 -24.918501
vt 33.923698 -24.922100
vt 33.853901 -24.974899
vt 33.989201 -25.059500
vt 34.069099 -25.052299
vt 34.068802 -25.051201
vt 34.142502 -25.022100
vt 34.053200 -25.000700
vt 34.142502 -25.027700
vt 34.146400 -25.021400
vt 34.052799 -24.999701
vt 33.991001 -25.064600
vt 34.053600 -25.004400
vt 33.985600 -25.060499
vt 34.145901 -25.019800
vt 34.056301 -24.999300
vt 34.211399 -24.976999
vt 34.214199 -24.976900
vt 34.131100 -24.935699
vt 34.131500 -24.937201
vt 34.290699 -25.028900
vt 34.222599 -25.061199
vt 34.149101 -25.021400
vt 34.216499 -24.976999
vt 34.293800 -25.027500
vt 34.365398 -24.995701
vt 34.287998 -24.923599
vt 34.287899 -24.925200
vt 34.364601 -24.873501
vt 34.290798 -24.923800
vt 34.364799 -24.992901
vt 34.367199 -24.871201
vt 34.364899 -24.871099
vt 34.282299 -24.821100
vt 34.204102 -24.855700
vt 34.288200 -24.922001
vt 34.201698 -24.855600
vt 34.285099 -24.923700
vt 34.214001 -24.975300
vt 34.201801 -24.857500
vt 34.133999 -24.935301
vt 34.198799 -24.856501
vt 34.130600 -24.934200
vt 34.033199 -24.924299
vt 34.116402 -24.853500
vt 34.029800 -24.925600
vt 34.126999 -24.936600
vt 34.030300 -24.927000
vt 34.052399 -24.998199
vt 33.960400 -24.991100
vt 33.956699 -24.992500
vt 34.049198 -25.001200
vt 33.957298 -24.993900
vt 33.985100 -25.059000
vt 33.903801 -25.063101
vt 33.900902 -25.064400
vt 33.982601 -25.061701
vt 33.931801 -25.123400
vt 33.931301 -25.122200
vt 33.852600 -25.113100
vt 33.849701 -25.114201
vt 33.928699 -25.124001
vt 33.850899 -25.120899
vt 33.929501 -25.131100
vt 33.849899 -25.114700
vt 33.788601 -25.156200
vt 33.790600 -25.163000
vt 34.365398 -25.083700
vt 34.297001 -25.080999
vt 34.365501 -25.091200
vt 34.298599 -25.073601
vt 34.294899 -25.079901
vt 34.296001 -25.072500
vt 34.365799 -25.087200
vt 34.365601 -25.002600
vt 34.295101 -25.034700
vt 34.292702 -25.034500
vt 34.363899 -24.998501
vt 34.292999 -25.031900
vt 34.216900 -24.979900
vt 34.287601 -24.926399
vt 34.213100 -24.979500
vt 34.290298 -25.034300
vt 34.213402 -24.983101
vt 34.147701 -25.026699
vt 34.221699 -25.066900
vt 34.145302 -25.026699
vt 34.209000 -24.980200
vt 34.144600 -25.024401
vt 34.055199 -25.002300
vt 34.128899 -24.935900
vt 34.129299 -24.938499
vt 34.053001 -25.002600
vt 34.131699 -24.935301
vt 34.212799 -24.975300
vt 34.284901 -24.923599
vt 34.200600 -24.857500
vt 34.195499 -24.854401
vt 34.128201 -24.933500
vt 34.030800 -24.921801
vt 34.028198 -24.923000
vt 34.113098 -24.849600
vt 34.125599 -24.937201
vt 34.052299 -25.000401
vt 33.960400 -24.991199
vt 34.028999 -24.925400
vt 33.957298 -24.992100
vt 34.050598 -25.003799
vt 33.958401 -24.994499
vt 33.906101 -25.065100
vt 33.988201 -25.065100
vt 33.987499 -25.062799
vt 33.901501 -25.067101
vt 34.070099 -25.057699
vt 34.070499 -25.059099
vt 34.072399 -25.059401
vt 34.152599 -25.056900
vt 34.072601 -25.052401
vt 34.220001 -25.062201
vt 34.218300 -25.069099
vt 34.151901 -25.064400
vt 34.292999 -25.072901
vt 34.221901 -25.069799
vt 34.292500 -25.080400
vt 34.154400 -25.065399
vt 34.155499 -25.057899
vt 34.222698 -25.062300
vt 33.857101 -24.980801
vt 33.860298 -24.979700
vt 33.956200 -24.990999
vt 34.025902 -24.926800
vt 33.928299 -24.925800
vt 33.928902 -24.927200
vt 33.932201 -24.924200
vt 34.111801 -24.853500
vt 34.029499 -24.924700
vt 34.109001 -24.848900
vt 34.027699 -24.921101
vt 34.013901 -24.874399
vt 33.860500 -24.976500
vt 33.956600 -24.989700
vt 34.025200 -24.924000
vt 33.926998 -24.920500
vt 33.928001 -24.922600
vt 33.930401 -24.919201
vt 34.011299 -24.868500
vt 34.010700 -24.866899
vt 34.007198 -24.867800
vt 33.916901 -24.899099
vt 34.009399 -24.874500
vt 33.828201 -24.913900
vt 33.829399 -24.920900
vt 33.915001 -24.891899
vt 33.911201 -24.892900
vt 33.826099 -24.921900
vt 33.913300 -24.900200
vt 33.822601 -24.915199
vt 33.772900 -24.972000
vt 33.768101 -24.966200
vt 33.778801 -24.992599
vt 33.783199 -24.996799
vt 33.783600 -24.997299
vt 33.826000 -24.921700
vt 33.705502 -25.033001
vt 33.780300 -25.000601
vt 33.728100 -25.068600
vt 33.727699 -25.067801
vt 33.725700 -25.071501
vt 33.713501 -25.130199
vt 33.712399 -25.129299
vt 33.667400 -25.160299
vt 33.688801 -25.100201
vt 33.710602 -25.134100
vt 33.692902 -25.184799
vt 33.666599 -25.164200
vt 33.667900 -25.193199
vt 33.764198 -25.121799
vt 33.850399 -25.119699
vt 33.849201 -25.117701
vt 33.897099 -25.069099
vt 33.815800 -25.058599
vt 33.817600 -25.054701
vt 33.899700 -25.062901
vt 33.954201 -24.993500
vt 33.857498 -24.982700
vt 33.787998 -25.163900
vt 33.859600 -25.140301
vt 33.785400 -25.156900
vt 33.861801 -25.147499
vt 33.755501 -25.176600
vt 33.758598 -25.183599
vt 33.782501 -25.158600
vt 33.744099 -25.169100
vt 33.785198 -25.165100
vt 33.721500 -25.206400
vt 33.717400 -25.200701
vt 33.741402 -25.163500
vt 33.785198 -25.157101
vt 33.741001 -25.163200
vt 33.743500 -25.161900
vt 33.784698 -25.156000
vt 33.845600 -25.115801
vt 33.762699 -25.125299
vt 33.846699 -25.121201
vt 33.761101 -25.120001
vt 33.762001 -25.120701
vt 33.764099 -25.118500
vt 33.848900 -25.112801
vt 33.897999 -25.065399
vt 33.816299 -25.055300
vt 33.817001 -25.056700
vt 33.819199 -25.054001
vt 33.900299 -25.062901
vt 33.953499 -24.993900
vt 33.857899 -24.982401
vt 34.102200 -24.812799
vt 34.010700 -24.866600
vt 34.105499 -24.819700
vt 34.013500 -24.873501
vt 33.920601 -24.896900
vt 33.918098 -24.889700
vt 33.926701 -24.919300
vt 33.928101 -24.925200
vt 33.924999 -24.927401
vt 33.856701 -24.979900
vt 33.786400 -24.995899
vt 33.826698 -24.922899
vt 33.854401 -24.982500
vt 33.815498 -25.053900
vt 33.730801 -25.066401
vt 33.784199 -24.998699
vt 33.812599 -25.057699
vt 33.729301 -25.069901
vt 33.760399 -25.118700
vt 33.715900 -25.128201
vt 33.758301 -25.121901
vt 33.714699 -25.131201
vt 33.739700 -25.162201
vt 33.696499 -25.183599
vt 33.737499 -25.165800
vt 33.714901 -25.202299
vt 33.695099 -25.186300
vt 33.685902 -25.214899
vt 33.684101 -25.208799
vt 33.696602 -25.219299
vt 33.715000 -25.202101
vt 33.693298 -25.212500
vt 33.718700 -25.208700
vt 33.753601 -25.186001
vt 33.749298 -25.179701
vt 33.756199 -25.183500
vt 33.752399 -25.177099
vt 33.787399 -25.163601
vt 33.744900 -25.167101
vt 33.786499 -25.161900
vt 34.145500 -25.028099
vt 34.146500 -25.021999
vt 34.148998 -25.058300
vt 34.070599 -25.059401
vt 34.149502 -25.065901
vt 34.069099 -25.052200
vt 34.001301 -25.088200
vt 34.003799 -25.095400
vt 34.068501 -25.060400
vt 34.065701 -25.054001
vt 33.997501 -25.088400
vt 34.000999 -25.094999
vt 33.938301 -25.127800
vt 33.934399 -25.122000
vt 33.934200 -25.129999
vt 33.985298 -25.066299
vt 33.903099 -25.070400
vt 33.853298 -25.118500
vt 33.863300 -25.138300
vt 33.865002 -25.145599
vt 33.994701 -25.090200
vt 33.931702 -25.123199
vt 33.998299 -25.096901
vt 33.868301 -25.145201
vt 33.866600 -25.137800
vt 33.934399 -25.130301
vt 33.988800 -25.066299
vt 33.985802 -25.061001
vt 33.937698 -25.083799
vt 33.930901 -24.779200
vt 33.935902 -24.784599
vt 33.939899 -24.775499
vt 34.059799 -24.782900
vt 34.060101 -24.775499
vt 33.940201 -24.782900
vt 34.064098 -24.784599
vt 34.069099 -24.779200
vt 34.150501 -24.992901
vt 34.157902 -24.873301
vt 34.150398 -24.873501
vt 34.157902 -24.993099
vt 34.150501 -24.871099
vt 34.111301 -24.816500
vt 34.105301 -24.821100
vt 33.992199 -25.226101
vt 34.000000 -25.233900
vt 33.997501 -25.228701
vt 33.983601 -25.224501
vt 33.990700 -25.223301
vt 33.986301 -25.220900
vt 33.978600 -25.194000
vt 33.993198 -25.219000
vt 33.974499 -25.183399
vt 33.970600 -25.194599
vt 33.964100 -25.197201
vt 33.952400 -25.168800
vt 33.973301 -25.184700
vt 33.949799 -25.164000
vt 33.973801 -25.180201
vt 33.952801 -25.161400
vt 33.953899 -25.097099
vt 33.955002 -25.102400
vt 33.975700 -25.147900
vt 33.979500 -25.146500
vt 34.113098 -24.982500
vt 34.101700 -25.054100
vt 34.119701 -24.981300
vt 34.094398 -25.053900
vt 34.079498 -25.067101
vt 34.071999 -24.993601
vt 34.070801 -24.996901
vt 34.093899 -25.057699
vt 34.081402 -25.120001
vt 34.101200 -25.058399
vt 34.074100 -25.118700
vt 34.073399 -25.121901
vt 34.050301 -25.166500
vt 34.080002 -25.125601
vt 34.044300 -25.162201
vt 34.042599 -25.165800
vt 34.019798 -25.201401
vt 34.047798 -25.170700
vt 34.024700 -25.206800
vt 34.003601 -25.229300
vt 34.001801 -25.236099
vt 34.004700 -25.236700
vt 34.010899 -25.234699
vt 34.021801 -25.219299
vt 34.006100 -25.228901
vt 34.017200 -25.213499
vt 34.008099 -25.233801
vt 34.008701 -25.226500
vt 34.005901 -25.226801
vt 34.011501 -25.232901
vt 34.017300 -25.228201
vt 34.011600 -25.227501
vt 34.006100 -25.230700
vt 34.009800 -25.229700
vt 34.010799 -25.230499
vt 34.007801 -25.226101
vt 34.016399 -25.224501
vt 33.994301 -25.226000
vt 33.995098 -25.223600
vt 34.000000 -25.224199
vt 33.998199 -25.225100
vt 34.002499 -25.228701
vt 34.001801 -25.225100
vt 34.005699 -25.226000
vt 34.004902 -25.223600
vt 34.006802 -25.219000
vt 34.000000 -25.221001
vt 34.009300 -25.223301
vt 34.001999 -25.217199
vt 34.013699 -25.220900
vt 34.021400 -25.194000
vt 34.025501 -25.183399
vt 34.029400 -25.194599
vt 34.035900 -25.197201
vt 34.047600 -25.168800
vt 34.026699 -25.184700
vt 34.050201 -25.164000
vt 34.026199 -25.180201
vt 34.047199 -25.161400
vt 34.020500 -25.146500
vt 34.024300 -25.147900
vt 34.044998 -25.102400
vt 34.019501 -25.152399
vt 34.023300 -25.182899
vt 34.008099 -25.212099
vt 34.000000 -25.177299
vt 34.002300 -25.177799
vt 34.000000 -25.188900
vt 33.998001 -25.217199
vt 33.991901 -25.212099
vt 33.976700 -25.182899
vt 33.980499 -25.152399
vt 33.997700 -25.177799
vt 34.000000 -25.173901
vt 33.984299 -25.145800
vt 34.000000 -25.089100
vt 34.000000 -25.083401
vt 34.015701 -25.145800
vt 34.021000 -25.141001
vt 34.046101 -25.097099
vt 34.002399 -25.083900
vt 34.032001 -25.034000
vt 34.032501 -25.028799
vt 34.043800 -25.096300
vt 34.076801 -25.064501
vt 34.078400 -25.071400
vt 34.066299 -25.129801
vt 34.059200 -25.129299
vt 34.058201 -25.134100
vt 34.051601 -25.186800
vt 34.065498 -25.135500
vt 34.044601 -25.184799
vt 34.027500 -25.212900
vt 34.042801 -25.188101
vt 34.022301 -25.207500
vt 34.048599 -25.193001
vt 33.972500 -25.212900
vt 33.957199 -25.188101
vt 33.951401 -25.193001
vt 33.977699 -25.207500
vt 33.978199 -25.219299
vt 33.993900 -25.228901
vt 33.982800 -25.213499
vt 33.989101 -25.234699
vt 33.998199 -25.236099
vt 33.996399 -25.229300
vt 33.995300 -25.236700
vt 33.991299 -25.226500
vt 33.991901 -25.233801
vt 33.994099 -25.226801
vt 33.988499 -25.232901
vt 33.982700 -25.228201
vt 33.989201 -25.230499
vt 33.993900 -25.230700
vt 33.990200 -25.229700
vt 33.988400 -25.227501
vt 33.967999 -25.034000
vt 33.956200 -25.096300
vt 33.979000 -25.141001
vt 33.967499 -25.028799
vt 33.997601 -25.083900
vt 34.000000 -25.080299
vt 33.972099 -25.028400
vt 34.000000 -24.971800
vt 34.000000 -24.967899
vt 34.027901 -25.028400
vt 34.049599 -24.919300
vt 34.002499 -24.968599
vt 34.069599 -24.992599
vt 34.072800 -24.927401
vt 34.117699 -24.974899
vt 34.077999 -24.922100
vt 33.907200 -25.027700
vt 33.959999 -25.051201
vt 33.912300 -25.022100
vt 33.911598 -25.019800
vt 33.853500 -24.976999
vt 33.905701 -25.024401
vt 33.932999 -25.066900
vt 33.894402 -25.028900
vt 33.889000 -25.034300
vt 33.938000 -25.061199
vt 33.849499 -24.992901
vt 33.842098 -24.873301
vt 33.842098 -24.993099
vt 33.849602 -24.873501
vt 33.888699 -24.816500
vt 33.849499 -24.871099
vt 33.894699 -24.821100
vt 33.878201 -24.934200
vt 33.847099 -24.854401
vt 33.870998 -24.933500
vt 33.898800 -25.003799
vt 33.925098 -25.059000
vt 33.905800 -25.001200
vt 33.919102 -25.062799
vt 33.920502 -25.066299
vt 33.951900 -25.122200
vt 33.925800 -25.061701
vt 33.946499 -25.127300
vt 33.940201 -25.091200
vt 34.059601 -25.083700
vt 33.940399 -25.083700
vt 34.059799 -25.091200
vt 34.062302 -25.083799
vt 34.105598 -25.028900
vt 34.067001 -25.066900
vt 34.111000 -25.034300
vt 34.062000 -25.061199
vt 34.094299 -25.024401
vt 34.146500 -24.976999
vt 34.088402 -25.019800
vt 34.152901 -24.854401
vt 34.121799 -24.934200
vt 34.129002 -24.933500
vt 34.074902 -25.059000
vt 34.101200 -25.003799
vt 34.094200 -25.001200
vt 34.080898 -25.062799
vt 34.087700 -25.022100
vt 34.040001 -25.051201
vt 34.092800 -25.027700
vt 33.950401 -24.919300
vt 33.997501 -24.968599
vt 33.928001 -24.993601
vt 33.930401 -24.992599
vt 33.920502 -25.067101
vt 33.923199 -25.064501
vt 33.929199 -24.996901
vt 33.921600 -25.071400
vt 33.933701 -25.129801
vt 33.940800 -25.129299
vt 33.934502 -25.135500
vt 33.948399 -25.186800
vt 33.941799 -25.134100
vt 33.955399 -25.184799
vt 34.074200 -25.117701
vt 34.113098 -25.065399
vt 34.068401 -25.112801
vt 34.119598 -25.069099
vt 34.113701 -25.062901
vt 34.111401 -24.993500
vt 34.103802 -24.993900
vt 34.121201 -25.062901
vt 34.000000 -25.177601
vt 33.998501 -25.177099
vt 33.956100 -25.163200
vt 33.927601 -25.121201
vt 33.967899 -25.156000
vt 33.932899 -25.115801
vt 33.886902 -25.065399
vt 33.925800 -25.117701
vt 33.931599 -25.112801
vt 33.880402 -25.069099
vt 33.886299 -25.062901
vt 33.888599 -24.993500
vt 33.878799 -25.062901
vt 33.896198 -24.993900
vt 33.922001 -24.922100
vt 33.882301 -24.974899
vt 33.927200 -24.927401
vt 33.905602 -25.053900
vt 33.886902 -24.982500
vt 33.898300 -25.054100
vt 33.880299 -24.981300
vt 33.898800 -25.058399
vt 33.918598 -25.120001
vt 33.906101 -25.057699
vt 33.925900 -25.118700
vt 33.949600 -25.166500
vt 33.926601 -25.121901
vt 33.919998 -25.125601
vt 33.955700 -25.162201
vt 33.952202 -25.170700
vt 33.980202 -25.201401
vt 33.957401 -25.165800
vt 33.975300 -25.206800
vt 34.001499 -25.177099
vt 34.043900 -25.163200
vt 34.067101 -25.115801
vt 34.032101 -25.156000
vt 34.072399 -25.121201
vt 34.074200 -25.061701
vt 34.048100 -25.122200
vt 34.079498 -25.066299
vt 34.053501 -25.127300
vt 34.292702 -25.111200
vt 34.224998 -25.063999
vt 34.221901 -25.063900
vt 34.294800 -25.000000
vt 34.294899 -25.002800
vt 34.363701 -25.065100
vt 34.292702 -25.108601
vt 34.366699 -25.065201
vt 34.365501 -25.059799
vt 34.295101 -25.111300
vt 34.365101 -25.148500
vt 34.296299 -25.106001
vt 34.365799 -25.069500
vt 34.366901 -25.157499
vt 34.115799 -25.084000
vt 34.016899 -25.039200
vt 34.116001 -25.085699
vt 34.189701 -25.060600
vt 34.109798 -25.000000
vt 34.109901 -25.001600
vt 34.192501 -25.061100
vt 34.013500 -25.038700
vt 34.201698 -25.147499
vt 34.118999 -25.086000
vt 34.201500 -25.146200
vt 34.279400 -25.104200
vt 34.282398 -25.104601
vt 34.191101 -25.067801
vt 34.192600 -25.062201
vt 34.195000 -25.061001
vt 34.282501 -25.102800
vt 34.364700 -25.062401
vt 34.279999 -25.000000
vt 34.280102 -25.001699
vt 34.367001 -25.062300
vt 34.285198 -25.109900
vt 34.366100 -25.069099
vt 34.285198 -25.104601
vt 34.364399 -25.064100
vt 34.364498 -25.148600
vt 34.367001 -24.937700
vt 34.364399 -25.059900
vt 34.364399 -24.940100
vt 34.282902 -25.000000
vt 34.364700 -24.937599
vt 34.280102 -24.998301
vt 34.195000 -24.938999
vt 34.277000 -25.000000
vt 34.192501 -25.059401
vt 34.112900 -25.000000
vt 34.192501 -24.938900
vt 34.192501 -24.940599
vt 34.282398 -24.895399
vt 34.282501 -24.897200
vt 34.364498 -24.851400
vt 34.364399 -24.935900
vt 34.367199 -24.849501
vt 34.285198 -24.895399
vt 34.366100 -24.930901
vt 34.285198 -24.890100
vt 34.364601 -24.849600
vt 34.290298 -24.843599
vt 34.290798 -24.851101
vt 34.365799 -24.842100
vt 34.204102 -24.852600
vt 34.282501 -24.888700
vt 34.204899 -24.845699
vt 34.364101 -24.842600
vt 34.364899 -24.849501
vt 34.282299 -24.894699
vt 34.201698 -24.852501
vt 34.279400 -24.895800
vt 34.201500 -24.853800
vt 34.118999 -24.914000
vt 34.116001 -24.914301
vt 34.191101 -24.932199
vt 34.192600 -24.937799
vt 34.189701 -24.939400
vt 34.115799 -24.916000
vt 34.016899 -24.960800
vt 34.109901 -24.998400
vt 33.645100 -25.026699
vt 33.663799 -25.041901
vt 33.650799 -25.021799
vt 33.659302 -25.047600
vt 33.640900 -25.024300
vt 33.680099 -25.045000
vt 33.646301 -25.019100
vt 33.851002 -24.880301
vt 33.780399 -24.926800
vt 33.854401 -24.886900
vt 33.784199 -24.932600
vt 33.729301 -24.926800
vt 33.810902 -24.898800
vt 33.727100 -24.919600
vt 33.812599 -24.906099
vt 33.758099 -24.920000
vt 33.713501 -24.933399
vt 33.758301 -24.926600
vt 33.714699 -24.940599
vt 33.743000 -24.950800
vt 33.693901 -24.948799
vt 33.740002 -24.952200
vt 33.718102 -24.978500
vt 33.716202 -24.975300
vt 33.687302 -24.972601
vt 33.696999 -24.951300
vt 33.685001 -24.973499
vt 33.713799 -24.979601
vt 33.694000 -25.000000
vt 33.693298 -24.997601
vt 33.664902 -24.991699
vt 33.659000 -24.993299
vt 33.685902 -24.975700
vt 33.652401 -25.000000
vt 33.653500 -24.995300
vt 33.651402 -24.998199
vt 33.647099 -24.997601
vt 33.649899 -24.992500
vt 33.650101 -24.994499
vt 33.640598 -25.000000
vt 33.652599 -24.990900
vt 33.657501 -24.989100
vt 33.676701 -24.978201
vt 33.651199 -24.983801
vt 33.655399 -24.986500
vt 33.648102 -24.991899
vt 33.647999 -24.988501
vt 33.644299 -24.993999
vt 33.643700 -24.989201
vt 33.645000 -24.990400
vt 33.640202 -24.993900
vt 33.645199 -24.987000
vt 33.647900 -24.982700
vt 33.640099 -24.983601
vt 33.644798 -24.982700
vt 33.655201 -24.980101
vt 33.640099 -24.988400
vt 33.642101 -24.990200
vt 33.638901 -24.991800
vt 33.644901 -24.991301
vt 33.644600 -24.994200
vt 33.637299 -24.992201
vt 33.640701 -25.003599
vt 33.635399 -25.001801
vt 33.634399 -25.004900
vt 33.635399 -24.998199
vt 33.640701 -24.996401
vt 33.634399 -24.995100
vt 33.650799 -24.978201
vt 33.663799 -24.958099
vt 33.645100 -24.973301
vt 33.659302 -24.952400
vt 33.646301 -24.980900
vt 33.680099 -24.955000
vt 33.640900 -24.975700
vt 33.776001 -24.929199
vt 33.706299 -24.968901
vt 33.780300 -24.934200
vt 33.701599 -24.963699
vt 33.721600 -24.921600
vt 33.683800 -24.952600
vt 33.725700 -24.927999
vt 33.688801 -24.958099
vt 33.709099 -24.934500
vt 33.664799 -24.949100
vt 33.710602 -24.941799
vt 33.666599 -24.956100
vt 33.691399 -24.957199
vt 33.665699 -24.964001
vt 33.667702 -24.970400
vt 33.690800 -24.951401
vt 33.683102 -24.972500
vt 33.685001 -25.026501
vt 33.690800 -25.048599
vt 33.693901 -25.051201
vt 33.683102 -25.027500
vt 33.691399 -25.042801
vt 33.665699 -25.035999
vt 33.667702 -25.029600
vt 33.651199 -25.016199
vt 33.655201 -25.019899
vt 33.676701 -25.021799
vt 33.655399 -25.013500
vt 33.652599 -25.009100
vt 33.659000 -25.006701
vt 33.657501 -25.010900
vt 33.649899 -25.007500
vt 33.653500 -25.004700
vt 33.647999 -25.011499
vt 33.650101 -25.005501
vt 33.655602 -25.000000
vt 33.660599 -25.001801
vt 33.684101 -25.000000
vt 33.660599 -24.998199
vt 33.651402 -25.001801
vt 33.647099 -25.002399
vt 33.644299 -25.006001
vt 33.648102 -25.008101
vt 33.643700 -25.010799
vt 33.645000 -25.009600
vt 33.647900 -25.017300
vt 33.645199 -25.013000
vt 33.640099 -25.016399
vt 33.644798 -25.017300
vt 33.640099 -25.011600
vt 33.642101 -25.009800
vt 33.640202 -25.006100
vt 33.644901 -25.008699
vt 33.638901 -25.008200
vt 33.644600 -25.005800
vt 33.637299 -25.007799
vt 33.705502 -25.030100
vt 33.767101 -25.000000
vt 33.705700 -25.028500
vt 33.705502 -24.969900
vt 33.705700 -24.971500
vt 33.770100 -25.000000
vt 33.708000 -24.969700
vt 33.770401 -24.998400
vt 33.823601 -24.953199
vt 33.826000 -24.952801
vt 33.783600 -24.933201
vt 33.783199 -24.934900
vt 33.923698 -24.922001
vt 33.826698 -24.951700
vt 33.924999 -24.927200
vt 33.824100 -24.946100
vt 33.857101 -24.886000
vt 33.856701 -24.887300
vt 33.786400 -24.933100
vt 33.938301 -25.049900
vt 33.988201 -25.079599
vt 33.988800 -25.077200
vt 34.068501 -25.042000
vt 34.070499 -25.041800
vt 33.991001 -25.079901
vt 34.070099 -25.043600
vt 34.142502 -25.092800
vt 34.145302 -25.093100
vt 34.053600 -25.099300
vt 34.053200 -25.092600
vt 34.053001 -25.100800
vt 34.055199 -25.101700
vt 34.050598 -25.101200
vt 34.131500 -25.121901
vt 34.056301 -25.094801
vt 34.211399 -25.146500
vt 34.209000 -25.153000
vt 34.129299 -25.129101
vt 34.213100 -25.154400
vt 34.147701 -25.093500
vt 34.221699 -25.066999
vt 34.290298 -25.111000
vt 34.216900 -25.154499
vt 34.287899 -25.148100
vt 34.216499 -25.147499
vt 34.365398 -25.150499
vt 34.363899 -25.157301
vt 34.287601 -25.155600
vt 34.364601 -25.150400
vt 34.290298 -25.156401
vt 34.365799 -25.157900
vt 34.290798 -25.148899
vt 34.367199 -25.150499
vt 34.282299 -25.105301
vt 34.204102 -25.147400
vt 34.282501 -25.111300
vt 34.364899 -25.150499
vt 34.364101 -25.157400
vt 34.204899 -25.154301
vt 34.200600 -25.154699
vt 34.284901 -25.156000
vt 34.201801 -25.147301
vt 34.285099 -25.148399
vt 34.198799 -25.146400
vt 34.113098 -25.091999
vt 34.195499 -25.152901
vt 34.030800 -25.101400
vt 34.033199 -25.094700
vt 34.116402 -25.086399
vt 34.028999 -25.100800
vt 34.126999 -25.122101
vt 34.030300 -25.093599
vt 33.960400 -25.104300
vt 34.125599 -25.129499
vt 33.960400 -25.111900
vt 33.958401 -25.110800
vt 34.049198 -25.094200
vt 33.957298 -25.103300
vt 33.901501 -25.120899
vt 33.985298 -25.079500
vt 33.982601 -25.074200
vt 33.901501 -25.112499
vt 33.903099 -25.117901
vt 33.934200 -25.050100
vt 33.932999 -25.053499
vt 33.853298 -25.073200
vt 33.850399 -25.072901
vt 33.929501 -25.049500
vt 33.865398 -25.000000
vt 33.865002 -25.002600
vt 33.790600 -25.034300
vt 33.850899 -25.070601
vt 34.366699 -24.934799
vt 34.365501 -24.940201
vt 34.297001 -25.000000
vt 34.363701 -24.934900
vt 34.294899 -24.997200
vt 34.224998 -24.936001
vt 34.292702 -24.888800
vt 34.292702 -24.891399
vt 34.366901 -24.842501
vt 34.365799 -24.930500
vt 34.295101 -24.888700
vt 34.296299 -24.893999
vt 34.365101 -24.851500
vt 34.363899 -24.842699
vt 34.287899 -24.851900
vt 34.365398 -24.849501
vt 34.216900 -24.845501
vt 34.216499 -24.852501
vt 34.287601 -24.844400
vt 34.213100 -24.845600
vt 34.290298 -24.889000
vt 34.221901 -24.936100
vt 34.292500 -25.000000
vt 34.221699 -24.933001
vt 34.147701 -24.906500
vt 34.145302 -24.906900
vt 34.209000 -24.847000
vt 34.131500 -24.878099
vt 34.211399 -24.853500
vt 34.055199 -24.898300
vt 34.056301 -24.905199
vt 34.129299 -24.870899
vt 34.053001 -24.899200
vt 34.284901 -24.844000
vt 34.201801 -24.852699
vt 34.285099 -24.851601
vt 34.200600 -24.845301
vt 34.195499 -24.847099
vt 34.113098 -24.908001
vt 34.198799 -24.853600
vt 34.033199 -24.905300
vt 34.030800 -24.898600
vt 34.116402 -24.913601
vt 34.126999 -24.877899
vt 34.028999 -24.899200
vt 34.030300 -24.906401
vt 33.960400 -24.895700
vt 34.125599 -24.870501
vt 33.960400 -24.888100
vt 34.049198 -24.905800
vt 33.958401 -24.889200
vt 33.957298 -24.896700
vt 34.050598 -24.898800
vt 33.988201 -24.920401
vt 34.053200 -24.907400
vt 34.142502 -24.907200
vt 34.053600 -24.900700
vt 34.070499 -24.958200
vt 34.070099 -24.956400
vt 33.991001 -24.920099
vt 34.072399 -24.957800
vt 34.145500 -24.909401
vt 34.218300 -24.936600
vt 34.152199 -25.000000
vt 34.151901 -24.997299
vt 34.154400 -25.000000
vt 34.221901 -24.940100
vt 34.025902 -25.094000
vt 33.928001 -25.079399
vt 34.025200 -25.101000
vt 33.928902 -25.073500
vt 34.029800 -25.093599
vt 33.928299 -25.072901
vt 34.029499 -25.092501
vt 33.932201 -25.073000
vt 34.111801 -25.085199
vt 34.013901 -25.039700
vt 34.109001 -25.090599
vt 34.025200 -24.899000
vt 33.928001 -24.920601
vt 34.025902 -24.906000
vt 33.928902 -24.926500
vt 33.928299 -24.927099
vt 34.029800 -24.906401
vt 33.932201 -24.927000
vt 34.029499 -24.907499
vt 34.109001 -24.909401
vt 34.013901 -24.960300
vt 34.111801 -24.914801
vt 34.013500 -24.961300
vt 34.009399 -24.961100
vt 33.928101 -24.928699
vt 33.829399 -24.952999
vt 33.916599 -25.000000
vt 33.916901 -24.998501
vt 33.913300 -25.000000
vt 33.826000 -25.047199
vt 33.826099 -24.954399
vt 33.826099 -25.045601
vt 33.772900 -25.000000
vt 33.708000 -25.030300
vt 33.770401 -25.001600
vt 33.783199 -25.065100
vt 33.783600 -25.066799
vt 33.823601 -25.046801
vt 33.780300 -25.065800
vt 33.706299 -25.031099
vt 33.776001 -25.070801
vt 33.701599 -25.036301
vt 33.725700 -25.072001
vt 33.683800 -25.047400
vt 33.721600 -25.078400
vt 33.688801 -25.041901
vt 33.710602 -25.058201
vt 33.664799 -25.050900
vt 33.709099 -25.065500
vt 33.666599 -25.043900
vt 33.760502 -24.918800
vt 33.850399 -24.927099
vt 33.764198 -24.917999
vt 33.901501 -24.879101
vt 33.897099 -24.880400
vt 33.815800 -24.898300
vt 33.897999 -24.886900
vt 33.817001 -24.905600
vt 33.954201 -24.888599
vt 33.857899 -24.886200
vt 33.953499 -24.896200
vt 33.857498 -24.878700
vt 33.787399 -25.034100
vt 33.861801 -25.000000
vt 33.787399 -24.965900
vt 33.787998 -25.030899
vt 33.787998 -24.969101
vt 33.758598 -25.000000
vt 33.756699 -25.000000
vt 33.785198 -24.966400
vt 33.785198 -25.033600
vt 33.756199 -25.002600
vt 33.721500 -25.022100
vt 33.743000 -25.049200
vt 33.744099 -25.046801
vt 33.718102 -25.021500
vt 33.744900 -25.049801
vt 33.786499 -25.036501
vt 33.846699 -25.072399
vt 33.762699 -25.079100
vt 33.845600 -25.067101
vt 33.762001 -25.073000
vt 33.760502 -25.081200
vt 33.764198 -25.082001
vt 33.897099 -25.119600
vt 33.897999 -25.113100
vt 33.815800 -25.101700
vt 33.817001 -25.094400
vt 33.953499 -25.103800
vt 33.857899 -25.113800
vt 33.954201 -25.111401
vt 33.857498 -25.121300
vt 34.105499 -25.000000
vt 34.013500 -24.962700
vt 33.920601 -25.000000
vt 34.013500 -25.037300
vt 34.009399 -25.038900
vt 33.928101 -25.071301
vt 33.829399 -25.047001
vt 33.916901 -25.001499
vt 33.824100 -25.053900
vt 33.923698 -25.077999
vt 33.826698 -25.048300
vt 33.924999 -25.072800
vt 33.786400 -25.066900
vt 33.857101 -25.114000
vt 33.856701 -25.112700
vt 33.854401 -25.113100
vt 33.780399 -25.073200
vt 33.851002 -25.119699
vt 33.784199 -25.067400
vt 33.727100 -25.080400
vt 33.810902 -25.101200
vt 33.729301 -25.073200
vt 33.812599 -25.093901
vt 33.758301 -25.073400
vt 33.713501 -25.066601
vt 33.758099 -25.080000
vt 33.714699 -25.059401
vt 33.740002 -25.047800
vt 33.716202 -25.024700
vt 33.687302 -25.027399
vt 33.696999 -25.048700
vt 33.713799 -25.020399
vt 33.685902 -25.024300
vt 33.693298 -25.002399
vt 33.664902 -25.008301
vt 33.696602 -25.000000
vt 33.718700 -25.017401
vt 33.753601 -25.000000
vt 33.718700 -24.982599
vt 33.721500 -24.977900
vt 33.756199 -24.997400
vt 33.744099 -24.953199
vt 33.744900 -24.950199
vt 33.786499 -24.963499
vt 33.846699 -24.927601
vt 33.845600 -24.932899
vt 33.762699 -24.920900
vt 33.762001 -24.927000
vt 34.221901 -25.059900
vt 34.218300 -25.063400
vt 34.151901 -25.002701
vt 34.072399 -25.042200
vt 34.145500 -25.090599
vt 34.149502 -25.000000
vt 34.070599 -25.039499
vt 34.070599 -24.960501
vt 34.003799 -25.000000
vt 34.001099 -25.000000
vt 34.068501 -24.958000
vt 33.985802 -24.927299
vt 34.065701 -24.960899
vt 33.988800 -24.922800
vt 34.000999 -24.997400
vt 33.938301 -24.950100
vt 33.934200 -24.949900
vt 33.985298 -24.920500
vt 33.901501 -24.887501
vt 33.982601 -24.925800
vt 33.932999 -24.946501
vt 33.903099 -24.882099
vt 33.853298 -24.926800
vt 33.929501 -24.950500
vt 33.850899 -24.929399
vt 33.790600 -24.965700
vt 33.865002 -24.997400
vt 33.868301 -25.000000
vt 33.934399 -24.954500
vt 33.998299 -25.000000
vt 33.934399 -25.045500
vt 34.000999 -25.002600
vt 34.065701 -25.039101
vt 33.985802 -25.072701
vt 33.705101 -25.079901
vt 33.775002 -25.069799
vt 33.703999 -25.072500
vt 33.636299 -25.090500
vt 33.775101 -25.062700
vt 33.634201 -25.083799
vt 33.633099 -24.998800
vt 33.634201 -25.087200
vt 33.634399 -25.002600
vt 33.704899 -25.034700
vt 33.887199 -24.847300
vt 33.989300 -24.866899
vt 33.986401 -24.865200
vt 34.073002 -24.920500
vt 33.992802 -24.867800
vt 33.890099 -24.818501
vt 33.983101 -24.871500
vt 33.814301 -24.765600
vt 33.810299 -24.771400
vt 33.893799 -24.812000
vt 33.809101 -24.762899
vt 33.799702 -24.852400
vt 33.884102 -24.846399
vt 33.800098 -24.849001
vt 33.720600 -24.814400
vt 33.717499 -24.813999
vt 33.720600 -24.819799
vt 33.808899 -24.766300
vt 33.807400 -24.771200
vt 33.881001 -24.851299
vt 33.804001 -24.763100
vt 33.719898 -24.777300
vt 33.805000 -24.770000
vt 33.635300 -24.782900
vt 33.635799 -24.775900
vt 33.719601 -24.769800
vt 33.632801 -24.868299
vt 33.714802 -24.814199
vt 33.633801 -24.864100
vt 33.632599 -24.776100
vt 33.635601 -24.782900
vt 33.716900 -24.769199
vt 33.633801 -24.775499
vt 33.717098 -24.776800
vt 33.809200 -24.762699
vt 33.722900 -24.769600
vt 33.807499 -24.770000
vt 33.890598 -24.810301
vt 33.723000 -24.777201
vt 33.887100 -24.816999
vt 33.717499 -24.818701
vt 33.717300 -24.812700
vt 33.632999 -24.783001
vt 33.717602 -24.819401
vt 33.635601 -24.784599
vt 33.635502 -24.869200
vt 33.714802 -24.819599
vt 33.635201 -24.992901
vt 33.632801 -24.871201
vt 33.632301 -24.995800
vt 33.712002 -24.923599
vt 33.635101 -24.871099
vt 33.635399 -24.873501
vt 33.709202 -24.923800
vt 33.795898 -24.855700
vt 33.711800 -24.922001
vt 33.717701 -24.821100
vt 33.807499 -24.769800
vt 33.798500 -24.854601
vt 33.883999 -24.851999
vt 33.887600 -24.846201
vt 33.884201 -24.851400
vt 34.362499 -25.223301
vt 34.359600 -25.217199
vt 34.356499 -25.220100
vt 34.367901 -25.219000
vt 34.362701 -25.226101
vt 34.365002 -25.219400
vt 34.352100 -25.193501
vt 34.358101 -25.194000
vt 34.356602 -25.183399
vt 34.336102 -25.198500
vt 34.359901 -25.224501
vt 34.358200 -25.218599
vt 34.338100 -25.197201
vt 34.340698 -25.168800
vt 34.339199 -25.164000
vt 34.349201 -25.183901
vt 34.354900 -25.184700
vt 34.319901 -25.102400
vt 34.341499 -25.161400
vt 34.353699 -25.148701
vt 34.314701 -25.104401
vt 34.355301 -25.180201
vt 34.349300 -25.180300
vt 34.359100 -25.147900
vt 34.361801 -25.146500
vt 34.317699 -25.097099
vt 34.216400 -24.997299
vt 34.142899 -24.980801
vt 34.145599 -24.982500
vt 34.183701 -25.055300
vt 34.184502 -25.053900
vt 34.269199 -25.066401
vt 34.215801 -24.998699
vt 34.271900 -25.068600
vt 34.294498 -25.033001
vt 34.219700 -25.000601
vt 34.187401 -25.057699
vt 34.238899 -25.120001
vt 34.270699 -25.069901
vt 34.239601 -25.118700
vt 34.284100 -25.128201
vt 34.286499 -25.130199
vt 34.241699 -25.121901
vt 34.258999 -25.163200
vt 34.285301 -25.131201
vt 34.303501 -25.183599
vt 34.260300 -25.162201
vt 34.306000 -25.185900
vt 34.285099 -25.202299
vt 34.262501 -25.165800
vt 34.259998 -25.170700
vt 34.304901 -25.186300
vt 34.285900 -25.201401
vt 34.314201 -25.206699
vt 34.303001 -25.191500
vt 34.316399 -25.208401
vt 34.314098 -25.214899
vt 34.288399 -25.203899
vt 34.286201 -25.210699
vt 34.338001 -25.228201
vt 34.335098 -25.234699
vt 34.315899 -25.208799
vt 34.341702 -25.230000
vt 34.325001 -25.213499
vt 34.342300 -25.228901
vt 34.344799 -25.229300
vt 34.349899 -25.235201
vt 34.347801 -25.228300
vt 34.351002 -25.228201
vt 34.346500 -25.236700
vt 34.323299 -25.219299
vt 34.345901 -25.226400
vt 34.348301 -25.227800
vt 34.346600 -25.226801
vt 34.344601 -25.233200
vt 34.352001 -25.232901
vt 34.351101 -25.226000
vt 34.349098 -25.226500
vt 34.355000 -25.231701
vt 34.351501 -25.223499
vt 34.347301 -25.226200
vt 34.352600 -25.225000
vt 34.338799 -25.203400
vt 34.348400 -25.224701
vt 34.355301 -25.220900
vt 34.353500 -25.221300
vt 34.333698 -25.195400
vt 34.344398 -25.223600
vt 34.354099 -25.223900
vt 34.357899 -25.229700
vt 34.359901 -25.227501
vt 34.364601 -25.225100
vt 34.358002 -25.221300
vt 34.356602 -25.224501
vt 34.359299 -25.219601
vt 34.362801 -25.228701
vt 34.363201 -25.226000
vt 34.357498 -25.221701
vt 34.365601 -25.223600
vt 34.355999 -25.219601
vt 34.362598 -25.220900
vt 34.356800 -25.222099
vt 34.360901 -25.217100
vt 34.350498 -25.183001
vt 34.353699 -25.217100
vt 34.335098 -25.194599
vt 34.336201 -25.166800
vt 34.334900 -25.163500
vt 34.335499 -25.162701
vt 34.354900 -25.148199
vt 34.312302 -25.099199
vt 34.357498 -25.182899
vt 34.355202 -25.152300
vt 34.351002 -25.182699
vt 34.360401 -25.212500
vt 34.362400 -25.152399
vt 34.367599 -25.212099
vt 34.360600 -25.216499
vt 34.365101 -25.188900
vt 34.357601 -25.189501
vt 34.368099 -25.217199
vt 34.365799 -25.221001
vt 34.364300 -25.177799
vt 34.356800 -25.178301
vt 34.363701 -25.173901
vt 34.354599 -25.148100
vt 34.356201 -25.175100
vt 34.331501 -25.089100
vt 34.324699 -25.092501
vt 34.361698 -25.145800
vt 34.296501 -25.036699
vt 34.318501 -25.096300
vt 34.303101 -25.034000
vt 34.359100 -25.141001
vt 34.352798 -25.144400
vt 34.312698 -25.098900
vt 34.310001 -25.096701
vt 34.293701 -25.033899
vt 34.272301 -25.067801
vt 34.223999 -24.996901
vt 34.277302 -25.064501
vt 34.274300 -25.071501
vt 34.287601 -25.129299
vt 34.332600 -25.160299
vt 34.311199 -25.100201
vt 34.289398 -25.134100
vt 34.333401 -25.164200
vt 34.307098 -25.184799
vt 34.332100 -25.193199
vt 34.308601 -25.188101
vt 34.332298 -25.196400
vt 34.317799 -25.207500
vt 34.306099 -25.189699
vt 34.334499 -25.195900
vt 34.309200 -25.193001
vt 34.314999 -25.214100
vt 34.344799 -25.228001
vt 34.316898 -25.212900
vt 34.334301 -25.199900
vt 34.348801 -25.232000
vt 34.341000 -25.237301
vt 34.347401 -25.233700
vt 34.342499 -25.234699
vt 34.350101 -25.234800
vt 34.341301 -25.229601
vt 34.344398 -25.235800
vt 34.344501 -25.228201
vt 34.339401 -25.236799
vt 34.315899 -25.224701
vt 34.319199 -25.217899
vt 34.348598 -25.236099
vt 34.347198 -25.228600
vt 34.352901 -25.235500
vt 34.352699 -25.227100
vt 34.351898 -25.233801
vt 34.355701 -25.233601
vt 34.349800 -25.226801
vt 34.356300 -25.230499
vt 34.354801 -25.228500
vt 34.340900 -25.206499
vt 34.352100 -25.228201
vt 34.355202 -25.226000
vt 34.355000 -25.225599
vt 34.359798 -25.230700
vt 34.361099 -25.227501
vt 34.328899 -25.083900
vt 34.322102 -25.087299
vt 34.294300 -25.033100
vt 34.238201 -24.971800
vt 34.232899 -24.977200
vt 34.326900 -25.080299
vt 34.320400 -25.084101
vt 34.300301 -25.028400
vt 34.176399 -24.924000
vt 34.221199 -24.992599
vt 34.181702 -24.919300
vt 34.296600 -25.025299
vt 34.292000 -25.030600
vt 34.216801 -24.996799
vt 34.174000 -24.921700
vt 34.213600 -24.995899
vt 34.173302 -24.922899
vt 34.075001 -24.927401
vt 34.146099 -24.974899
vt 34.143299 -24.979900
vt 34.011799 -25.065100
vt 34.061699 -25.127800
vt 34.065800 -25.129999
vt 33.929501 -25.059099
vt 33.931499 -25.060400
vt 34.008999 -25.064600
vt 33.931198 -25.051201
vt 33.929901 -25.057699
vt 33.857498 -25.027700
vt 33.946999 -25.002600
vt 33.946400 -25.004400
vt 33.854698 -25.026699
vt 33.944801 -25.002300
vt 33.855400 -25.024401
vt 33.791000 -24.980200
vt 33.871101 -24.935900
vt 33.870701 -24.938499
vt 33.786900 -24.979500
vt 33.709702 -25.034300
vt 33.786598 -24.983101
vt 33.852299 -25.026699
vt 33.778301 -25.066900
vt 33.777401 -25.061199
vt 33.850899 -25.021400
vt 33.783100 -24.979900
vt 33.707001 -25.031900
vt 33.707298 -25.034500
vt 33.636101 -24.998501
vt 33.712299 -24.923599
vt 33.712399 -24.926399
vt 33.715099 -24.923599
vt 33.787201 -24.975300
vt 33.868301 -24.935301
vt 33.709702 -24.923800
vt 33.633900 -24.993099
vt 33.634201 -24.873301
vt 33.635899 -24.868099
vt 33.712002 -24.920799
vt 33.795101 -24.852699
vt 33.717499 -24.816500
vt 33.799400 -24.857500
vt 33.804501 -24.854401
vt 33.871799 -24.933500
vt 33.969200 -24.921801
vt 33.971802 -24.923000
vt 33.883598 -24.853500
vt 33.966801 -24.924299
vt 33.886902 -24.849600
vt 33.874401 -24.937201
vt 33.971001 -24.925400
vt 34.039600 -24.991199
vt 33.947701 -25.000401
vt 34.042702 -24.992100
vt 33.949402 -25.003799
vt 34.041599 -24.994499
vt 34.012501 -25.062799
vt 34.093899 -25.065100
vt 34.098499 -25.067101
vt 34.014702 -25.066299
vt 34.096901 -25.070400
vt 34.146702 -25.118500
vt 34.149601 -25.119699
vt 34.136700 -25.138300
vt 34.070499 -25.131100
vt 34.134998 -25.145599
vt 34.209400 -25.163000
vt 34.071301 -25.124001
vt 33.634602 -25.083700
vt 33.702999 -25.080999
vt 33.701401 -25.073601
vt 33.634499 -25.091200
vt 33.707298 -25.035900
vt 33.777302 -25.062500
vt 33.706402 -25.029100
vt 33.631901 -25.084101
vt 33.634800 -25.081699
vt 33.634899 -24.997400
vt 33.703701 -25.029400
vt 33.634602 -24.995701
vt 33.706200 -25.027500
vt 33.783501 -24.976999
vt 33.785801 -24.976900
vt 33.712101 -24.925200
vt 33.709301 -25.028900
vt 33.853600 -25.021400
vt 33.788601 -24.976999
vt 33.854099 -25.019800
vt 33.943699 -24.999300
vt 33.868900 -24.935699
vt 33.868500 -24.937201
vt 33.947201 -24.999701
vt 33.866001 -24.935301
vt 33.785999 -24.975300
vt 33.714901 -24.923700
vt 33.798302 -24.855600
vt 33.798199 -24.857500
vt 33.801201 -24.856501
vt 33.869400 -24.934200
vt 33.970200 -24.925600
vt 33.873001 -24.936600
vt 33.969700 -24.927000
vt 33.947601 -24.998199
vt 34.039600 -24.991100
vt 34.043301 -24.992500
vt 33.950802 -25.001200
vt 34.042702 -24.993900
vt 34.096199 -25.063101
vt 34.014400 -25.060499
vt 34.014900 -25.059000
vt 34.099098 -25.064400
vt 34.010799 -25.059500
vt 33.946800 -25.000700
vt 33.857498 -25.022100
vt 33.930901 -25.052299
vt 33.927399 -25.052401
vt 33.854500 -25.028099
vt 33.927601 -25.059401
vt 33.779999 -25.062201
vt 33.853500 -25.021999
vt 33.781700 -25.069099
vt 33.844501 -25.057899
vt 33.778099 -25.069799
vt 33.845600 -25.065399
vt 33.707500 -25.080400
vt 33.707001 -25.072901
vt 33.777302 -25.062300
vt 34.144699 -24.978201
vt 34.139500 -24.976500
vt 34.043400 -24.989700
vt 33.974800 -24.924000
vt 34.071999 -24.922600
vt 34.069599 -24.919201
vt 33.972301 -24.921101
vt 33.890999 -24.848900
vt 33.986099 -24.874399
vt 34.067799 -24.924200
vt 33.988701 -24.868500
vt 34.180801 -25.054001
vt 34.139702 -24.979700
vt 34.043800 -24.990999
vt 33.974098 -24.926800
vt 34.071701 -24.925800
vt 34.071098 -24.927200
vt 33.888199 -24.853500
vt 33.970501 -24.924700
vt 33.986500 -24.873400
vt 34.073299 -24.919300
vt 33.990601 -24.874500
vt 34.071899 -24.925200
vt 34.170601 -24.920900
vt 34.171799 -24.913900
vt 34.086700 -24.900200
vt 34.173901 -24.921900
vt 34.088799 -24.892900
vt 34.231899 -24.966200
vt 34.227100 -24.972000
vt 34.177399 -24.915199
vt 34.177502 -24.915600
vt 34.220600 -24.993601
vt 34.234798 -24.968599
vt 34.229599 -24.974100
vt 34.300400 -25.028799
vt 34.315399 -25.094200
vt 34.298401 -25.031000
vt 34.275799 -25.067101
vt 34.288399 -25.131500
vt 34.278400 -25.071400
vt 34.316200 -25.098600
vt 34.290100 -25.129801
vt 34.336300 -25.159300
vt 34.290901 -25.135500
vt 34.335201 -25.166401
vt 34.309101 -25.186800
vt 34.235901 -25.118500
vt 34.150299 -25.114201
vt 34.151100 -25.112801
vt 34.102001 -25.065399
vt 34.182999 -25.056700
vt 34.099701 -25.062901
vt 34.046501 -24.993900
vt 34.142101 -24.982401
vt 34.211399 -25.156200
vt 34.212002 -25.163900
vt 34.140400 -25.140301
vt 34.138199 -25.147499
vt 34.214600 -25.156900
vt 34.244499 -25.176600
vt 34.241402 -25.183599
vt 34.214802 -25.165100
vt 34.247601 -25.177099
vt 34.217499 -25.158600
vt 34.243801 -25.183500
vt 34.282600 -25.200701
vt 34.278500 -25.206400
vt 34.257000 -25.168100
vt 34.212601 -25.163601
vt 34.281898 -25.208599
vt 34.255100 -25.167101
vt 34.215302 -25.156000
vt 34.213501 -25.161900
vt 34.153301 -25.121201
vt 34.239498 -25.122900
vt 34.237301 -25.125299
vt 34.235802 -25.121799
vt 34.150799 -25.117701
vt 34.102901 -25.069099
vt 34.185299 -25.056299
vt 34.184200 -25.058599
vt 34.182400 -25.054701
vt 34.100300 -25.062901
vt 34.045799 -24.993500
vt 34.142502 -24.982700
vt 33.894501 -24.819700
vt 33.989300 -24.866600
vt 33.897800 -24.812799
vt 33.986500 -24.873501
vt 34.081902 -24.889700
vt 34.079399 -24.896900
vt 34.083099 -24.899099
vt 34.084999 -24.891899
vt 34.076302 -24.922100
vt 34.217602 -24.991899
vt 34.175900 -24.918501
vt 34.148998 -24.981300
vt 34.186600 -25.054100
vt 34.271801 -25.064800
vt 34.219601 -24.995800
vt 34.189098 -25.058399
vt 34.272900 -25.070400
vt 34.241299 -25.120001
vt 34.286301 -25.129400
vt 34.241901 -25.125601
vt 34.258701 -25.166500
vt 34.302898 -25.186501
vt 34.286499 -25.133301
vt 34.312698 -25.212299
vt 34.283798 -25.206800
vt 34.309700 -25.213499
vt 34.306702 -25.220400
vt 34.285000 -25.202101
vt 34.303398 -25.219299
vt 34.306702 -25.212500
vt 34.246399 -25.186001
vt 34.250702 -25.179701
vt 34.281300 -25.208700
vt 34.255901 -25.169100
vt 34.258598 -25.163500
vt 34.214802 -25.157101
vt 34.256500 -25.161900
vt 34.154400 -25.115801
vt 34.237999 -25.120701
vt 33.847401 -25.056900
vt 33.848099 -25.064400
vt 33.929401 -25.059401
vt 33.851002 -25.058300
vt 33.850498 -25.065901
vt 33.930901 -25.052200
vt 33.998699 -25.088200
vt 33.996201 -25.095400
vt 33.934299 -25.054001
vt 34.011200 -25.066299
vt 34.065601 -25.122000
vt 34.014198 -25.061001
vt 34.068199 -25.123400
vt 34.017399 -25.061701
vt 34.068699 -25.122200
vt 34.147400 -25.113100
vt 34.149101 -25.120899
vt 34.150101 -25.114700
vt 34.131699 -25.145201
vt 34.068298 -25.123199
vt 34.065601 -25.130301
vt 34.001701 -25.096901
vt 34.133400 -25.137800
vt 34.005299 -25.090200
vt 34.002499 -25.088400
vt 33.999001 -25.094999
s 1
usemtl Meshpart1Mtl.003
f 3/1/1 1/2/2 2/3/3
f 6/4/4 5/5/5 4/6/6
f 7/7/7 9/8/8 8/9/9
f 10/10/10 9/8/11 12/11/12
f 13/12/13 9/8/8 7/7/7
f 5/5/5 14/13/14 4/6/6
f 4/6/6 14/13/14 11/14/15
f 17/15/16 15/16/17 16/17/18
f 23/18/19 22/19/20 20/20/21
f 22/19/20 23/18/19 24/21/22
f 19/22/23 25/23/24 18/24/25
f 18/24/25 25/23/24 26/25/26
f 25/23/24 28/26/27 26/25/26
f 27/27/28 29/28/29 30/29/30
f 30/29/30 29/28/29 31/30/31
f 28/26/27 25/23/24 32/31/32
f 32/31/32 33/32/33 28/26/27
f 37/33/34 35/34/35 36/35/36
f 38/36/37 39/37/38 40/38/39
f 39/37/38 38/36/37 41/39/40
f 40/38/39 42/40/41 38/36/37
f 44/41/42 42/40/43 43/42/44
f 45/43/45 39/37/46 43/42/47
f 40/38/39 46/44/48 42/40/41
f 46/44/48 40/38/39 48/45/49
f 50/46/50 46/44/51 49/47/52
f 47/48/53 51/49/54 48/45/49
f 46/44/51 50/46/50 52/50/55
f 52/50/55 50/46/50 53/51/56
f 50/46/50 54/52/57 53/51/56
f 50/46/50 55/53/58 54/52/57
f 59/54/59 61/55/60 58/56/61
f 61/55/60 59/54/59 60/57/62
f 57/58/63 62/59/64 63/60/65
f 65/61/66 67/62/67 66/63/68
f 66/63/68 67/62/67 68/64/69
f 69/65/70 71/66/71 70/67/72
f 71/66/71 69/65/70 72/68/73
f 76/69/74 75/70/75 73/71/76
f 75/70/75 76/69/74 74/72/77
f 79/73/78 81/74/79 82/75/80
f 83/76/81 85/77/82 84/78/83
f 83/76/81 84/78/83 86/79/84
f 88/80/85 87/81/86 89/82/87
f 90/83/88 88/80/85 89/82/87
f 77/84/89 93/85/90 94/86/91
f 95/87/92 93/85/93 97/88/94
f 97/88/94 99/89/95 95/87/92
f 99/89/95 97/88/94 96/90/96
f 98/91/97 99/89/95 96/90/96
f 91/92/98 92/93/99 103/94/100
f 104/95/101 92/93/102 105/96/103
f 92/93/102 106/97/104 105/96/103
f 80/98/105 106/97/104 92/93/102
f 106/97/106 100/99/107 101/100/108
f 106/97/104 80/98/105 107/101/109
f 106/97/104 107/101/109 108/102/110
f 80/98/105 109/103/111 107/101/109
f 109/103/111 80/98/105 110/104/112
f 80/98/105 39/37/46 110/104/112
f 110/104/112 39/37/46 111/105/113
f 39/37/46 112/106/114 111/105/113
f 39/37/46 45/43/45 112/106/114
f 45/43/45 109/103/111 112/106/114
f 110/104/112 113/107/115 109/103/111
f 112/106/114 109/103/111 113/107/115
f 114/108/116 107/101/109 109/103/111
f 109/103/111 115/109/117 114/108/116
f 115/109/117 106/97/104 108/102/110
f 115/109/117 109/103/111 116/110/118
f 116/110/118 106/97/104 115/109/117
f 117/111/119 116/110/118 109/103/111
f 45/43/45 117/111/119 109/103/111
f 118/112/120 106/97/106 119/113/121
f 100/99/107 106/97/106 118/112/120
f 120/114/122 106/97/104 116/110/118
f 121/115/123 100/99/107 118/112/120
f 121/115/124 122/116/125 120/114/126
f 123/117/127 100/99/107 121/115/123
f 100/99/107 123/117/127 125/118/128
f 126/119/129 124/120/130 125/118/128
f 123/117/131 128/121/132 127/122/133
f 128/121/132 130/123/134 129/124/135
f 130/123/134 128/121/132 123/117/131
f 131/125/136 128/121/132 129/124/135
f 133/126/137 128/121/132 131/125/136
f 132/127/138 123/117/139 134/128/140
f 134/128/140 123/117/139 135/129/141
f 123/117/139 136/130/142 135/129/141
f 123/117/139 116/110/118 136/130/142
f 137/131/143 136/130/142 138/132/144
f 134/128/140 137/131/143 138/132/144
f 116/110/118 138/132/144 136/130/142
f 138/132/144 132/127/138 134/128/140
f 138/132/144 116/110/118 139/133/145
f 139/133/145 116/110/118 140/134/146
f 116/110/118 117/111/119 140/134/146
f 117/111/119 45/43/45 141/135/147
f 45/43/45 139/133/145 141/135/147
f 45/43/45 138/132/144 139/133/145
f 142/136/148 138/132/144 45/43/45
f 45/43/45 46/44/48 142/136/148
f 143/137/149 142/136/148 46/44/48
f 46/44/48 144/138/150 143/137/149
f 46/44/48 56/139/151 144/138/150
f 56/139/151 138/132/144 144/138/150
f 138/132/144 142/136/148 145/140/152
f 144/138/150 138/132/144 145/140/152
f 138/132/144 56/139/151 146/141/153
f 146/141/153 132/127/138 138/132/144
f 146/141/153 56/139/151 147/142/154
f 56/139/151 148/143/155 147/142/154
f 56/139/151 149/144/156 148/143/155
f 149/144/156 132/127/138 148/143/155
f 132/127/138 146/141/153 150/145/157
f 148/143/155 132/127/138 150/145/157
f 132/127/138 149/144/156 151/146/158
f 133/126/159 132/127/138 151/146/158
f 152/147/160 151/146/158 149/144/156
f 153/148/161 152/147/160 149/144/156
f 149/144/156 64/149/162 153/148/161
f 64/149/162 133/126/159 153/148/161
f 133/126/159 151/146/158 154/150/163
f 153/148/161 133/126/159 154/150/163
f 157/151/164 159/152/165 156/153/166
f 62/59/167 155/154/168 158/155/169
f 155/154/168 62/59/167 133/126/170
f 133/126/170 62/59/167 160/156/171
f 162/157/172 164/158/173 161/159/174
f 164/158/173 162/157/172 163/160/175
f 128/121/132 133/126/137 163/160/176
f 165/161/177 166/162/178 167/163/179
f 167/163/179 166/162/178 168/164/180
f 170/165/181 78/166/182 169/167/183
f 78/166/182 170/165/181 102/168/184
f 175/169/185 173/170/186 174/171/187
f 172/172/188 173/170/186 175/169/185
f 177/173/189 179/174/190 178/175/191
f 179/174/190 177/173/189 180/176/192
f 182/177/193 183/178/194 181/179/195
f 184/180/196 186/181/197 185/182/198
f 186/181/197 184/180/196 187/183/199
f 189/184/200 176/185/201 190/186/202
f 192/187/203 194/188/204 189/184/205
f 194/188/204 192/187/203 195/189/206
f 191/190/207 195/189/206 193/191/208
f 195/189/206 191/190/207 194/188/204
f 198/192/209 188/193/210 197/194/211
f 199/195/212 200/196/213 198/192/214
f 39/37/46 198/192/214 200/196/213
f 39/37/46 80/98/105 198/192/214
f 40/38/39 39/37/38 196/197/215
f 56/139/151 55/53/216 201/198/217
f 202/199/218 201/198/217 55/53/216
f 55/53/216 203/200/219 202/199/218
f 55/53/216 204/201/220 203/200/219
f 149/144/156 201/198/217 205/202/221
f 203/200/219 149/144/156 205/202/221
f 201/198/217 149/144/156 56/139/151
f 204/201/220 149/144/156 203/200/219
f 204/201/220 206/203/222 207/204/223
f 149/144/156 204/201/220 207/204/223
f 208/205/224 204/201/225 209/206/226
f 64/149/162 207/204/223 210/207/227
f 209/206/226 64/149/228 208/205/224
f 207/204/223 64/149/162 149/144/156
f 209/206/229 212/208/230 211/209/231
f 212/208/232 57/58/233 213/210/234
f 217/211/235 215/212/236 216/213/237
f 214/214/238 215/212/236 217/211/235
f 219/215/239 218/216/240 220/217/241
f 223/218/242 221/219/243 222/220/244
f 221/219/243 223/218/242 224/221/245
f 227/222/246 225/223/247 226/224/248
f 14/13/14 21/225/249 11/14/15
f 229/226/250 11/14/15 21/225/249
f 19/22/23 229/226/250 21/225/249
f 229/226/250 19/22/23 18/24/25
f 231/227/251 228/228/252 230/229/253
f 228/228/252 231/227/251 232/230/254
f 233/231/255 235/232/256 234/233/257
f 236/234/258 234/233/257 235/232/256
f 239/235/259 238/236/260 237/237/261
f 240/238/262 238/236/260 239/235/259
f 241/239/263 5/5/5 6/4/4
f 243/240/264 242/241/265 244/242/266
f 6/4/4 34/243/267 241/239/263
f 34/243/267 6/4/4 33/32/33
f 245/244/268 247/245/269 246/246/270
f 247/245/269 245/244/268 249/247/271
f 248/248/272 247/245/273 250/249/274
f 252/250/275 253/251/276 251/252/277
f 33/32/33 32/31/32 34/243/267
f 254/253/278 255/254/279 256/255/280
f 257/256/281 256/255/280 255/254/279
f 260/257/282 258/258/283 259/259/284
f 261/260/285 258/258/283 260/257/282
f 263/261/286 264/262/287 262/263/288
f 264/262/287 263/261/286 265/264/289
f 266/265/290 267/266/291 268/267/292
f 269/268/293 270/269/294 271/270/295
f 274/271/296 272/272/297 273/273/298
f 272/272/297 274/271/296 275/274/299
f 278/275/300 279/276/301 277/277/302
f 279/276/301 278/275/300 280/278/303
f 282/279/304 209/206/305 281/280/306
f 284/281/307 282/279/308 283/282/309
f 286/283/310 284/281/311 285/284/312
f 289/285/313 286/283/314 288/286/315
f 287/287/316 291/288/317 290/289/318
f 55/53/319 286/283/314 289/285/313
f 286/283/314 55/53/319 293/290/320
f 296/291/321 295/292/322 292/293/323
f 295/292/322 296/291/321 294/294/324
f 55/53/58 50/46/50 294/294/325
f 298/295/326 171/296/327 297/297/328
f 171/296/327 298/295/326 299/298/329
f 300/299/330 302/300/331 301/301/332
f 302/300/331 300/299/330 303/302/333
f 305/303/334 304/304/335 276/305/336
f 306/306/337 304/304/335 305/303/334
f 307/307/338 308/308/339 309/309/340
f 311/310/341 312/311/342 310/312/343
f 310/312/343 312/311/342 313/313/344
f 315/314/345 316/315/346 314/316/347
f 317/317/348 314/316/347 316/315/346
f 318/318/349 320/319/350 319/320/351
f 320/319/350 318/318/349 321/321/352
f 323/322/353 324/323/354 322/324/355
f 324/323/354 323/322/353 325/325/356
f 329/326/357 327/327/358 328/328/359
f 327/327/358 329/326/357 326/329/360
f 331/330/361 332/331/362 330/332/363
f 332/331/362 331/330/361 333/333/364
f 334/334/365 337/335/366 336/336/367
f 335/337/368 336/336/367 337/335/366
f 341/338/369 340/339/370 338/340/371
f 339/341/372 340/339/370 341/338/369
f 343/342/373 342/343/374 344/344/375
f 346/345/376 347/346/377 345/347/378
f 347/346/377 346/345/376 348/348/379
f 351/349/380 349/350/381 350/351/382
f 353/352/383 354/353/384 352/354/385
f 354/353/384 353/352/383 355/355/386
f 357/356/387 360/357/388 356/358/389
f 360/357/388 358/359/390 356/358/389
f 361/360/391 357/356/392 359/361/393
f 358/359/390 361/360/391 359/361/393
f 362/362/394 360/357/388 357/356/387
f 358/359/390 360/357/388 363/363/395
f 363/363/395 361/360/391 358/359/390
f 364/364/396 360/357/388 365/365/397
f 361/360/398 366/366/399 367/367/400
f 369/368/401 361/360/402 368/369/403
f 370/370/404 371/371/405 372/372/406
f 373/373/407 374/374/408 376/375/409
f 377/376/410 373/373/407 376/375/409
f 376/375/411 378/377/412 379/378/413
f 374/374/414 381/379/415 380/380/416
f 377/376/417 380/380/416 381/379/415
f 381/379/415 374/374/414 370/370/418
f 381/379/415 382/381/419 377/376/417
f 384/382/420 385/383/421 383/384/422
f 385/383/421 384/382/420 386/385/423
f 387/386/424 373/373/425 385/383/426
f 387/386/427 388/387/428 389/388/429
f 382/381/430 388/387/431 390/389/432
f 385/383/433 382/381/430 390/389/432
f 389/388/434 391/390/435 392/391/436
f 393/392/437 389/388/434 392/391/436
f 391/390/438 395/393/439 394/394/440
f 393/392/437 394/394/440 395/393/439
f 395/393/439 391/390/438 382/381/419
f 389/388/434 393/392/437 396/395/23
f 395/393/439 396/395/23 393/392/437
f 396/395/23 397/396/441 389/388/434
f 397/396/441 396/395/23 399/397/442
f 396/395/23 398/398/443 399/397/442
f 396/395/23 401/399/444 400/400/24
f 401/399/444 396/395/23 402/401/445
f 396/395/23 403/402/446 402/401/445
f 403/402/446 400/400/24 401/399/444
f 396/395/23 395/393/439 403/402/446
f 400/400/24 403/402/446 395/393/439
f 395/393/439 404/403/447 400/400/24
f 404/403/447 395/393/439 405/404/448
f 395/393/439 406/405/449 405/404/448
f 395/393/439 407/406/450 406/405/449
f 407/406/450 395/393/439 408/407/451
f 382/381/419 408/407/451 395/393/439
f 408/407/451 382/381/419 409/408/452
f 382/381/419 410/409/453 409/408/452
f 382/381/419 381/379/415 410/409/453
f 407/406/450 410/409/453 381/379/415
f 410/409/453 407/406/450 411/410/454
f 408/407/451 411/410/454 407/406/450
f 406/405/455 413/411/456 412/412/457
f 404/403/447 412/412/457 413/411/456
f 413/411/456 400/400/24 404/403/447
f 415/413/458 400/400/24 414/414/459
f 400/400/24 416/415/460 414/414/459
f 400/400/24 413/411/456 416/415/460
f 421/416/461 418/417/462 420/418/463
f 418/417/462 421/416/461 422/419/464
f 423/420/465 426/421/466 424/422/467
f 426/421/466 425/423/468 424/422/467
f 413/411/469 427/424/470 425/423/471
f 425/423/468 426/421/466 428/425/472
f 426/421/466 423/420/465 419/426/473
f 427/424/470 413/411/469 429/427/474
f 427/424/475 431/428/476 432/429/477
f 433/430/478 431/428/35 430/431/479
f 431/428/35 433/430/478 434/432/480
f 431/428/481 435/433/482 407/406/450
f 429/427/483 407/406/450 435/433/482
f 436/434/484 437/435/485 438/436/486
f 439/437/487 438/436/488 432/429/489
f 381/379/415 439/437/490 407/406/450
f 440/438/491 432/429/489 438/436/488
f 439/437/490 381/379/415 441/439/492
f 381/379/415 440/438/493 441/439/492
f 443/440/494 447/441/495 446/442/496
f 443/440/494 448/443/497 447/441/495
f 451/444/498 449/445/53 450/446/499
f 453/447/500 455/448/501 454/449/502
f 455/448/501 453/447/500 452/450/503
f 461/451/504 459/452/505 460/453/506
f 459/452/505 461/451/504 458/454/59
f 465/455/507 466/456/508 464/457/509
f 466/456/508 465/455/507 467/458/69
f 471/459/510 472/460/511 469/461/512
f 472/460/511 471/459/510 470/462/513
f 474/463/514 473/464/515 468/465/516
f 473/464/515 474/463/514 476/466/517
f 476/466/517 477/467/518 473/464/515
f 478/468/519 473/464/515 477/467/518
f 479/469/520 478/468/521 475/470/522
f 475/470/522 480/471/523 479/469/520
f 479/469/520 480/471/523 481/472/524
f 480/471/523 482/473/525 481/472/524
f 480/471/523 483/474/526 482/473/525
f 478/468/521 479/469/520 484/475/527
f 482/473/525 478/468/521 484/475/527
f 483/474/526 478/468/521 482/473/525
f 487/476/528 478/468/529 485/477/530
f 483/474/526 488/478/531 486/479/532
f 478/468/529 487/476/528 489/480/533
f 488/478/531 483/474/526 490/481/534
f 483/474/526 491/482/535 490/481/534
f 490/481/534 491/482/535 492/483/536
f 491/482/535 493/484/537 492/483/536
f 491/482/535 494/485/105 493/484/537
f 490/481/534 495/486/538 488/478/531
f 493/484/537 488/478/531 495/486/538
f 494/485/105 488/478/531 493/484/537
f 487/476/528 485/477/530 496/487/539
f 487/476/528 496/487/539 497/488/540
f 488/478/531 487/476/528 497/488/540
f 487/476/528 488/478/531 498/489/541
f 498/489/541 488/478/531 499/490/542
f 488/478/531 500/491/543 499/490/542
f 488/478/531 494/485/105 500/491/543
f 501/492/544 500/491/543 502/493/545
f 502/493/545 498/489/541 501/492/544
f 494/485/105 502/493/545 500/491/543
f 502/493/545 487/476/528 498/489/541
f 502/493/545 494/485/105 503/494/546
f 506/495/547 505/496/548 504/497/549
f 505/496/548 506/495/547 507/498/550
f 502/493/551 508/499/552 504/497/553
f 508/499/552 502/493/551 509/500/554
f 509/500/554 502/493/551 510/501/555
f 502/493/551 512/502/556 510/501/555
f 514/503/557 510/501/558 513/504/559
f 516/505/560 517/506/561 442/507/562
f 515/508/563 518/509/564 519/510/565
f 524/511/120 522/512/566 523/513/567
f 522/512/566 524/511/120 525/514/568
f 526/515/130 528/516/569 527/517/570
f 531/518/571 529/519/572 530/520/573
f 529/519/572 531/518/571 532/521/134
f 521/522/574 533/523/575 520/524/576
f 534/525/577 521/522/574 520/524/576
f 536/526/578 535/527/579 538/528/580
f 537/529/581 538/528/580 535/527/579
f 542/530/582 540/531/583 541/532/584
f 540/531/583 542/530/582 539/533/172
f 545/534/585 543/535/178 544/536/586
f 543/535/178 545/534/585 546/537/587
f 473/464/515 478/468/519 547/538/588
f 511/539/589 548/540/590 489/480/591
f 551/541/592 552/542/593 550/543/594
f 555/544/595 554/545/596 553/546/597
f 556/547/598 552/542/599 555/544/600
f 552/542/599 556/547/598 557/548/601
f 557/548/601 556/547/598 560/549/602
f 556/547/598 561/550/603 560/549/602
f 561/550/603 556/547/598 562/551/604
f 559/552/605 562/551/604 558/553/606
f 558/553/606 564/554/607 563/555/608
f 563/555/608 566/556/609 558/553/606
f 483/474/526 566/556/609 565/557/610
f 564/554/607 483/474/526 565/557/610
f 480/471/523 558/553/606 566/556/609
f 483/474/526 480/471/523 566/556/609
f 564/554/607 558/553/606 491/482/535
f 491/482/535 483/474/526 564/554/607
f 491/482/535 558/553/606 567/558/611
f 558/553/606 562/551/604 567/558/611
f 491/482/535 567/558/611 568/559/612
f 569/560/613 567/558/611 562/551/604
f 570/561/614 569/560/613 562/551/604
f 570/561/614 491/482/535 568/559/612
f 494/485/105 491/482/535 570/561/614
f 562/551/604 494/485/105 570/561/614
f 494/485/105 562/551/604 571/562/615
f 562/551/604 572/563/616 571/562/615
f 562/551/604 573/564/617 572/563/616
f 562/551/604 556/547/598 573/564/617
f 571/562/615 574/565/618 575/566/619
f 573/564/617 575/566/619 574/565/618
f 556/547/598 575/566/619 573/564/617
f 575/566/619 494/485/105 571/562/615
f 577/567/620 578/568/621 576/569/200
f 578/568/621 577/567/620 579/570/622
f 576/569/623 580/571/624 575/566/625
f 445/572/39 575/566/625 580/571/624
f 581/573/626 575/566/625 445/572/39
f 575/566/625 581/573/626 582/574/627
f 494/485/105 575/566/619 583/575/628
f 444/576/629 584/577/630 581/573/631
f 587/578/632 585/579/633 586/580/634
f 587/578/635 589/581/636 463/582/637
f 588/583/638 463/582/637 591/584/639
f 588/583/638 591/584/639 592/585/640
f 588/583/641 593/586/642 594/587/643
f 591/584/644 456/588/645 595/589/646
f 596/590/647 590/591/648 595/589/649
f 598/592/650 594/587/651 599/593/652
f 601/594/653 597/595/654 600/596/655
f 597/595/654 601/594/653 602/597/656
f 456/588/657 457/598/658 600/596/659
f 603/599/660 604/600/661 605/601/662
f 607/602/663 606/603/664 605/601/240
f 604/600/665 608/604/666 607/602/667
f 608/604/666 604/600/665 609/605/668
f 608/604/669 611/606/670 610/607/671
f 615/608/672 613/609/673 612/610/674
f 613/609/673 615/608/672 616/611/675
f 613/609/676 617/612/677 614/613/678
f 611/606/679 609/605/680 615/608/681
f 621/614/245 618/615/682 609/605/683
f 618/615/682 621/614/245 620/616/684
f 620/616/684 619/617/685 618/615/682
f 361/360/686 618/615/682 619/617/685
f 624/618/687 361/360/402 369/368/401
f 623/619/688 624/618/689 625/620/690
f 622/621/247 625/620/691 626/622/692
f 627/623/693 625/620/690 624/618/689
f 631/624/694 628/625/695 629/626/696
f 629/626/696 630/627/697 631/624/694
f 633/628/698 632/629/699 634/630/700
f 635/631/701 634/630/700 632/629/699
f 638/632/702 639/633/703 636/634/704
f 639/633/703 638/632/702 640/635/705
f 637/636/706 639/633/703 641/637/707
f 640/635/705 641/637/707 639/633/703
f 389/388/429 641/637/708 387/386/427
f 628/625/695 631/624/694 642/638/709
f 643/639/254 631/624/694 630/627/697
f 645/640/710 646/641/711 644/642/712
f 648/643/713 647/644/714 646/641/711
f 647/644/714 648/643/713 649/645/715
f 650/646/716 373/373/717 649/645/718
f 652/647/719 651/648/720 654/649/721
f 654/649/721 653/650/722 652/647/719
f 655/651/723 654/649/721 651/648/720
f 653/650/722 654/649/721 656/652/724
f 658/653/725 659/654/726 657/655/727
f 659/654/726 658/653/725 660/656/728
f 603/599/729 661/657/730 662/658/731
f 662/658/731 661/657/730 664/659/261
f 666/660/732 667/661/733 665/662/734
f 661/657/730 667/661/735 664/659/261
f 667/661/733 666/660/732 668/663/736
f 667/661/735 661/657/730 669/664/737
f 663/665/738 669/664/739 670/666/740
f 670/666/740 671/667/741 663/665/738
f 671/667/741 670/666/740 672/668/742
f 673/669/743 670/666/740 669/664/739
f 364/364/396 363/363/395 675/670/744
f 675/670/744 363/363/395 676/671/745
f 363/363/395 360/357/388 676/671/745
f 360/357/388 364/364/396 675/670/744
f 676/671/745 360/357/388 677/672/746
f 360/357/388 675/670/744 677/672/746
f 365/365/397 360/357/388 678/673/747
f 360/357/388 679/674/748 678/673/747
f 681/675/749 365/365/397 680/676/750
f 679/674/748 681/675/749 680/676/750
f 365/365/397 681/675/749 364/364/396
f 679/674/748 360/357/388 682/677/751
f 683/678/752 682/677/751 360/357/388
f 360/357/388 362/362/394 683/678/752
f 684/679/753 681/675/754 685/680/755
f 681/675/756 417/681/757 686/682/758
f 417/681/757 681/675/756 688/683/759
f 691/684/760 688/683/761 689/685/277
f 688/683/761 691/684/760 687/686/762
f 692/687/763 691/684/764 690/688/765
f 694/689/766 693/690/767 681/675/768
f 693/690/767 694/689/766 695/691/767
f 696/692/769 693/690/767 695/691/767
f 697/693/770 693/690/767 696/692/769
f 700/694/771 701/695/772 699/696/773
f 698/697/774 701/695/775 702/698/776
f 703/699/777 701/695/772 700/694/771
f 697/693/778 704/700/779 700/694/780
f 708/701/781 705/702/283 706/703/782
f 707/704/783 708/701/781 706/703/782
f 705/702/283 708/701/781 709/705/784
f 708/701/781 707/704/783 710/706/785
f 712/707/786 713/708/787 711/709/788
f 714/710/789 715/711/790 713/708/791
f 715/711/790 714/710/789 716/712/792
f 432/429/793 717/713/794 716/712/795
f 720/714/796 718/715/797 719/716/798
f 721/717/799 720/714/796 719/716/798
f 718/715/797 720/714/796 722/718/800
f 723/719/801 720/714/796 721/717/799
f 724/720/802 728/721/803 726/722/804
f 725/723/805 728/721/803 724/720/802
f 704/700/806 733/724/807 732/725/808
f 730/726/809 734/727/810 731/728/811
f 733/724/812 735/729/813 734/727/814
f 697/693/815 735/729/813 733/724/812
f 731/728/816 735/729/817 727/730/818
f 736/731/819 697/693/815 737/732/820
f 697/693/815 738/733/821 737/732/820
f 735/729/813 697/693/815 736/731/819
f 738/733/822 740/734/823 739/735/824
f 740/734/823 736/731/819 739/735/824
f 682/677/751 740/734/823 738/733/822
f 736/731/819 740/734/823 735/729/813
f 682/677/751 683/678/752 742/736/825
f 741/737/826 682/677/751 742/736/825
f 740/734/823 682/677/751 741/737/826
f 683/678/752 362/362/394 743/738/827
f 362/362/394 741/737/826 743/738/827
f 741/737/826 362/362/394 740/734/823
f 749/739/828 744/740/829 747/741/830
f 744/740/829 749/739/828 746/742/831
f 747/741/830 750/743/832 749/739/828
f 750/743/832 747/741/830 748/744/833
f 372/372/834 650/646/835 750/743/836
f 745/745/837 372/372/838 746/742/839
f 754/746/840 751/747/841 752/748/842
f 752/748/842 753/749/843 754/746/840
f 751/747/841 754/746/840 371/371/844
f 370/370/404 755/750/845 756/751/846
f 371/371/405 370/370/404 756/751/846
f 370/370/404 373/373/847 755/750/845
f 758/752/848 759/753/849 761/754/850
f 761/754/850 759/753/849 762/755/851
f 759/753/849 760/756/852 762/755/851
f 762/755/851 760/756/852 763/757/853
f 764/758/854 760/756/855 717/713/856
f 764/758/857 457/598/858 758/752/859
f 768/759/860 767/760/861 766/761/862
f 765/762/863 768/759/860 766/761/862
f 768/759/860 765/762/863 770/763/864
f 769/764/865 772/765/866 771/766/867
f 772/765/866 770/763/868 771/766/867
f 772/765/866 764/758/869 770/763/868
f 774/767/752 773/768/870 772/765/871
f 773/768/872 775/769/873 764/758/874
f 776/770/875 764/758/874 775/769/873
f 773/768/870 774/767/752 777/771/876
f 774/767/752 776/770/877 777/771/876
f 774/767/752 594/587/643 776/770/877
f 457/598/858 764/758/857 598/592/878
f 782/772/879 780/773/880 779/774/881
f 778/775/882 782/772/879 779/774/881
f 782/772/879 778/775/882 774/767/752
f 594/587/643 774/767/752 778/775/882
f 778/775/882 781/776/883 594/587/643
f 780/773/880 594/587/643 781/776/883
f 782/772/879 588/583/641 780/773/880
f 594/587/643 780/773/880 588/583/641
f 588/583/641 782/772/879 783/777/884
f 786/778/885 588/583/886 785/779/887
f 784/780/888 786/778/889 787/781/890
f 588/583/886 786/778/885 585/579/891
f 787/781/890 788/782/892 789/783/309
f 793/784/893 791/785/894 790/786/895
f 791/785/894 793/784/893 792/787/896
f 794/788/897 796/789/898 795/790/899
f 796/789/898 794/788/897 797/791/322
f 549/792/900 799/793/901 798/794/902
f 800/795/903 799/793/901 549/792/900
f 801/796/904 804/797/905 803/798/906
f 805/799/907 804/797/905 801/796/904
f 807/800/335 806/801/908 757/802/909
f 806/801/908 807/800/335 808/803/910
f 674/804/911 671/667/741 672/668/742
f 669/664/739 674/804/911 673/669/743
f 809/805/912 671/667/741 674/804/911
f 669/664/739 809/805/912 674/804/911
f 671/667/741 809/805/912 810/806/913
f 811/807/914 671/667/741 810/806/913
f 812/808/915 810/806/913 809/805/912
f 811/807/914 810/806/913 813/809/916
f 809/805/912 814/810/917 812/808/915
f 814/810/917 811/807/914 813/809/916
f 815/811/918 811/807/914 814/810/917
f 814/810/917 809/805/912 815/811/918
f 811/807/914 815/811/918 816/812/919
f 817/813/920 815/811/918 809/805/912
f 815/811/918 817/813/920 818/814/921
f 820/815/922 817/813/923 821/816/924
f 821/816/925 809/805/926 822/817/927
f 824/818/928 823/819/929 822/817/927
f 809/805/912 669/664/739 825/820/930
f 825/820/931 827/821/932 826/822/933
f 830/823/934 828/824/935 829/825/936
f 828/824/935 830/823/934 831/826/937
f 833/827/938 832/828/349 834/829/939
f 835/830/940 834/829/939 832/828/349
f 381/379/415 772/765/871 440/438/493
f 772/765/871 381/379/415 836/831/941
f 381/379/415 370/370/418 836/831/941
f 432/429/942 772/765/866 769/764/865
f 836/831/941 370/370/418 837/832/943
f 370/370/418 838/833/944 837/832/943
f 836/831/941 839/834/945 772/765/871
f 838/833/944 772/765/871 839/834/945
f 370/370/418 774/767/752 838/833/944
f 772/765/871 838/833/944 774/767/752
f 375/835/946 372/372/947 840/836/948
f 372/372/947 841/837/949 840/836/948
f 375/835/950 842/838/951 774/767/752
f 841/837/952 774/767/752 842/838/951
f 774/767/752 370/370/418 375/835/950
f 774/767/752 841/837/952 782/772/879
f 745/745/837 843/839/953 372/372/838
f 782/772/954 843/839/955 844/840/956
f 846/841/356 847/842/957 845/843/958
f 745/745/959 784/780/960 845/843/961
f 847/842/957 846/841/356 848/844/962
f 851/845/963 850/846/964 849/847/965
f 850/846/964 851/845/963 852/848/966
f 853/849/967 855/850/968 854/851/969
f 856/852/970 854/851/969 855/850/968
f 857/853/971 858/854/972 859/855/973
f 860/856/974 859/855/973 858/854/972
f 821/816/924 550/543/594 861/857/975
f 862/858/976 815/811/977 819/859/338
f 861/857/975 550/543/594 863/860/978
f 550/543/594 864/861/979 863/860/978
f 864/861/979 550/543/594 552/542/593
f 862/858/976 552/542/980 865/862/981
f 866/863/982 865/862/981 552/542/980
f 867/864/983 866/863/982 552/542/980
f 480/471/523 865/862/981 868/865/984
f 480/471/523 862/858/976 865/862/981
f 867/864/983 480/471/523 868/865/984
f 558/553/606 480/471/523 867/864/983
f 552/542/980 558/553/606 867/864/983
f 869/866/985 862/858/976 480/471/523
f 862/858/976 869/866/985 870/867/986
f 870/867/986 871/868/987 862/858/976
f 815/811/977 862/858/976 871/868/987
f 869/866/985 475/470/522 872/869/988
f 475/470/522 871/868/987 872/869/988
f 871/868/987 475/470/522 815/811/977
f 480/471/523 475/470/522 869/866/985
f 873/870/989 815/811/977 475/470/522
f 816/812/919 815/811/918 874/871/990
f 468/465/991 816/812/992 875/872/993
f 876/873/994 877/874/995 878/875/376
f 878/875/996 811/807/997 468/465/516
f 802/876/998 811/807/914 879/877/999
f 462/878/1000 879/877/1001 880/879/1002
f 881/880/1003 740/734/823 362/362/394
f 740/734/823 881/880/1003 882/881/1004
f 883/882/1005 740/734/823 882/881/1004
f 884/883/1006 881/880/1007 609/605/668
f 609/605/668 883/882/1005 884/883/1006
f 886/884/1008 885/885/1009 604/600/665
f 604/600/665 888/886/1010 886/884/1008
f 735/729/813 885/885/1009 887/887/1011
f 888/886/1010 735/729/813 887/887/1011
f 885/885/1009 735/729/813 740/734/823
f 740/734/823 604/600/665 885/885/1009
f 604/600/665 740/734/823 883/882/1005
f 889/888/1012 735/729/813 888/886/1010
f 888/886/1010 604/600/665 889/888/1012
f 735/729/813 889/888/1012 890/889/1013
f 883/882/1005 609/605/668 604/600/665
f 727/730/1014 890/889/1015 891/890/1016
f 892/891/1017 727/730/1014 891/890/1016
f 889/888/1012 893/892/1018 890/889/1013
f 889/888/1012 892/891/1019 893/892/1018
f 892/891/1019 889/888/1012 894/893/1020
f 895/894/1021 729/895/1022 727/730/1023
f 729/895/1022 895/894/1021 897/896/1024
f 899/897/384 898/898/1025 896/899/1026
f 899/897/1027 729/895/1022 897/896/1024
f 900/900/386 898/898/1025 899/897/384
f 802/876/1028 729/895/1022 899/897/1027
f 802/876/998 894/893/1020 901/901/1029
f 802/876/998 901/901/1029 902/902/1030
f 903/903/1031 802/876/998 902/902/1030
f 811/807/914 802/876/998 903/903/1031
f 901/901/1029 671/667/741 904/904/1032
f 671/667/741 903/903/1031 904/904/1032
f 903/903/1031 671/667/741 811/807/914
f 894/893/1020 671/667/741 901/901/1029
f 906/905/1033 894/893/1020 905/906/1034
f 671/667/741 894/893/1020 906/905/1033
f 894/893/1020 907/907/1035 905/906/1034
f 907/907/1035 894/893/1020 889/888/1012
f 907/907/1035 663/665/738 908/908/1036
f 663/665/738 906/905/1033 908/908/1036
f 889/888/1012 663/665/738 907/907/1035
f 906/905/1033 663/665/738 671/667/741
f 910/909/1037 889/888/1012 909/910/1038
f 889/888/1012 911/911/1039 909/910/1038
f 663/665/738 889/888/1012 910/909/1037
f 911/911/1039 889/888/1012 604/600/665
f 603/599/1040 910/909/1041 912/912/1042
f 912/912/1042 911/911/1043 603/599/1040
f 913/913/1044 917/914/1045 915/915/1046
f 916/916/1047 917/914/1048 914/917/1049
f 915/915/387 918/918/1050 919/919/1051
f 918/918/1052 920/920/1053 923/921/1054
f 925/922/1055 918/918/1056 924/923/1057
f 923/921/1054 926/924/1058 925/922/1059
f 920/920/1053 926/924/1058 923/921/1054
f 931/925/1060 929/926/1061 927/927/408
f 932/928/413 933/929/1062 929/926/1063
f 930/930/1064 929/926/1063 933/929/1062
f 936/931/1065 934/932/1066 931/925/1067
f 937/933/1068 935/934/1069 934/932/1066
f 941/935/1070 935/934/1069 940/936/1071
f 940/936/1072 942/937/1073 939/938/1074
f 943/939/1075 942/937/1073 940/936/1072
f 940/936/1071 935/934/1069 944/940/1076
f 935/934/1069 937/933/1068 944/940/1076
f 949/941/1077 946/942/1078 947/943/1079
f 948/944/1080 949/941/1077 947/943/1079
f 946/942/1078 949/941/1077 945/945/438
f 950/946/1081 949/941/1077 948/944/1080
f 948/944/1082 941/935/1083 951/947/1084
f 941/935/1085 953/948/1086 952/949/1087
f 951/947/1084 941/935/1083 954/950/1088
f 958/951/1089 956/952/1090 957/953/1091
f 956/952/1090 958/951/1089 959/954/1092
f 963/955/1093 960/946/1094 961/956/1095
f 962/945/1096 963/955/1093 961/956/1095
f 960/946/1094 963/955/1093 964/944/1097
f 963/955/1093 962/945/1096 965/942/1098
f 970/957/1099 967/958/1100 968/959/1101
f 968/959/1101 969/960/1102 970/957/1099
f 967/958/1100 970/957/1099 971/961/1103
f 970/957/1099 969/960/1102 972/962/1104
f 973/963/1105 962/945/1106 966/964/1107
f 975/965/1108 976/966/1109 974/967/1110
f 955/968/24 974/967/1110 976/966/1109
f 976/966/1109 975/965/1108 973/963/1111
f 979/969/1112 976/966/1109 978/970/1113
f 976/966/1109 977/971/1114 978/970/1113
f 977/971/1114 980/972/1115 979/969/1112
f 976/966/1109 979/969/1112 980/972/1115
f 980/972/1115 977/971/1114 981/973/1116
f 976/966/1109 981/973/1116 977/971/1114
f 981/973/1116 976/966/1109 982/974/1117
f 973/963/1111 982/974/1117 976/966/1109
f 981/973/1116 982/974/1117 983/975/1118
f 984/976/1119 981/973/1116 983/975/1118
f 981/973/1116 984/976/1119 985/977/1120
f 984/976/1121 986/978/1122 973/963/1111
f 982/974/1117 973/963/1111 986/978/1122
f 966/964/1107 988/939/1123 973/963/1105
f 988/939/483 989/937/1124 985/977/1125
f 990/979/1126 985/977/1125 989/937/1124
f 966/964/1127 991/980/1128 990/979/1129
f 992/933/1130 993/940/1131 990/979/481
f 988/939/483 994/981/482 987/936/1132
f 991/980/1128 966/964/1127 997/930/1133
f 997/930/1134 999/982/1135 995/929/1136
f 999/982/1135 998/927/1137 996/925/1138
f 999/982/1135 997/930/1134 1000/983/1139
f 1000/983/1139 998/927/1137 999/982/1135
f 1001/984/1140 1007/985/1141 1006/986/1142
f 1007/985/1141 1001/984/1140 1005/987/41
f 1008/988/1143 1002/989/1144 1004/990/1145
f 1005/987/1146 1009/991/1147 1008/988/1148
f 1010/992/1149 1009/991/1147 1005/987/1146
f 1003/993/1150 1012/994/1151 1011/995/1152
f 1011/995/1152 1012/994/1151 1013/996/1153
f 1012/994/1151 1014/997/1154 1013/996/1153
f 1014/997/1154 1012/994/1151 1015/998/1155
f 1010/992/1156 1011/995/49 1016/999/1157
f 1016/999/1157 1014/997/1158 1010/992/1156
f 1020/1000/1159 1019/1001/1160 1018/1002/1161
f 1019/1001/1160 1020/1000/1159 1021/1003/57
f 1023/1004/1162 1021/1003/57 1024/1005/1163
f 1024/1005/1163 1017/1006/1164 1023/1004/1162
f 1022/1007/1165 1024/1005/1163 1021/1003/57
f 1025/1008/1166 1026/1009/1167 1027/1010/1168
f 1028/1011/1169 1027/1010/1168 1026/1009/1167
f 1026/1009/1167 1025/1008/1166 1029/1012/61
f 1030/1013/1170 1029/1012/61 1025/1008/1166
f 1028/1011/1169 1026/1009/1167 1031/1014/1171
f 1030/1013/1170 1028/1011/1169 1031/1014/1171
f 1032/1015/1172 1028/1011/1169 1030/1013/1170
f 1025/1008/1166 1032/1015/1172 1030/1013/1170
f 1025/1008/1173 1034/1016/637 1033/1017/1174
f 1032/1015/1172 1035/1018/1175 1028/1011/1169
f 1036/1019/1176 1028/1011/1169 1035/1018/1175
f 1035/1018/1175 1032/1015/1172 1037/1020/1177
f 1036/1019/1176 1035/1018/1175 1038/1021/1178
f 1039/1022/1179 1036/1019/1176 1038/1021/1178
f 1032/1015/1172 1039/1022/1179 1037/1020/1177
f 1036/1019/1176 1039/1022/1179 1040/1023/1180
f 1032/1015/1172 1040/1023/1180 1039/1022/1179
f 1040/1023/1180 1041/1024/1181 1036/1019/1176
f 1042/1025/1182 1036/1019/1176 1041/1024/1181
f 1041/1024/1181 1040/1023/1180 1043/1026/1183
f 1042/1025/1182 1041/1024/1181 1044/1027/1184
f 1045/1028/511 1042/1025/1182 1044/1027/1184
f 1040/1023/1180 1045/1028/511 1043/1026/1183
f 1046/1029/1185 1042/1025/1182 1045/1028/511
f 1040/1023/1180 1046/1029/1185 1045/1028/511
f 1048/1030/1186 1042/1025/1187 1047/1031/1188
f 1049/1032/1189 1051/1033/1190 1050/1034/1191
f 1051/1033/1190 1049/1032/1189 1052/1035/1192
f 1047/1031/1193 1046/1029/1194 1053/1036/1195
f 1048/1030/1196 1051/1033/1190 1055/1037/1197
f 1054/1038/1198 1057/1039/1199 1056/1040/1200
f 1056/1040/1200 1057/1039/1199 1059/1041/1201
f 1057/1039/1199 1058/1042/1202 1059/1041/1201
f 1059/1041/1201 1058/1042/1202 1060/1043/308
f 1066/1044/1203 1063/1045/1204 1064/1046/1205
f 1066/1044/1203 1064/1046/1205 1065/1047/1206
f 1065/1047/1206 1067/1048/1207 1066/1044/1203
f 1061/1049/1208 1069/1050/1209 1068/1051/1210
f 1061/1049/1211 1055/1037/1212 1071/1052/1213
f 1062/1053/1214 1069/1050/1215 1070/1054/1216
f 1069/1050/1215 1062/1053/1214 1072/1055/1217
f 1076/1056/1218 1074/1057/1219 1075/1058/1220
f 1075/1058/1220 1077/1059/1221 1076/1056/1218
f 1073/1060/1222 1081/1061/92 1078/1062/1223
f 1073/1060/1224 1083/1063/97 1082/1064/1225
f 1083/1063/97 1085/1065/1226 1084/1066/1227
f 1085/1065/1228 1078/1062/1223 1081/1061/92
f 1073/1060/1224 1086/1067/1229 1083/1063/97
f 1086/1067/1229 1085/1065/1226 1083/1063/97
f 1086/1067/1229 1073/1060/1224 1087/1068/1230
f 1079/1069/1231 1088/1070/1232 1080/1071/1233
f 1094/1072/1234 1091/1073/560 1092/1074/1235
f 1093/1075/1236 1094/1072/1234 1092/1074/1235
f 1094/1072/1234 1093/1075/1236 1095/1076/1237
f 1090/1073/1238 1097/1077/1239 1096/1078/564
f 1097/1077/1239 1090/1073/1238 1098/1079/1240
f 1097/1077/1239 1098/1079/1240 1099/1075/1241
f 1102/1080/1242 1100/1081/1243 1089/1082/1244
f 1105/988/1245 1102/1080/1246 1104/990/568
f 1102/1080/1246 1105/988/1245 1107/1083/1247
f 1103/985/1248 1107/1083/1249 1106/987/123
f 1108/1084/1250 1100/1081/1251 1103/985/1252
f 1086/1067/1229 1109/1085/1253 1085/1065/1226
f 1111/1086/1254 1109/1085/1253 1110/999/1255
f 1109/1085/1253 1111/1086/1254 1108/1084/1256
f 1109/1085/1253 1086/1067/1229 1112/1087/1257
f 1113/1088/1258 1112/1087/1257 1086/1067/1229
f 1086/1067/1229 1114/1089/1259 1113/1088/1258
f 1114/1089/1260 1117/1001/1261 1116/1002/1262
f 1118/1006/1263 1119/1004/1264 1115/1090/1265
f 1117/1001/1266 1119/1004/1267 1120/1003/1268
f 1115/1090/1265 1119/1004/1264 1121/1091/1269
f 1122/1092/1270 1108/1084/1271 1115/1090/572
f 1124/1093/1272 1127/1094/1273 1126/1095/1274
f 1127/1094/1273 1124/1093/1272 1128/1096/143
f 1128/1096/143 1125/1097/1275 1127/1094/1273
f 1125/1097/1275 1128/1096/143 1123/1098/1276
f 1130/1099/1277 1131/1100/147 1129/1101/1278
f 1101/1102/1279 1131/1100/147 1132/1103/1280
f 1131/1100/147 1130/1099/1277 1132/1103/1280
f 1136/1093/1281 1134/1104/1282 1133/1095/1283
f 1134/1104/1282 1136/1093/1281 1137/1105/1284
f 1137/1105/1284 1138/1098/1285 1134/1104/1282
f 1134/1104/1282 1138/1098/1285 1135/1097/1286
f 1141/1106/1287 1140/1107/1288 1143/1108/1289
f 1143/1108/1289 1142/1109/1290 1141/1106/1287
f 1139/1110/1291 1143/1108/1289 1140/1107/1288
f 1142/1109/1290 1143/1108/1289 1144/1111/1292
f 1147/1112/1293 1122/1092/1294 1117/1001/1295
f 1145/1113/1296 1148/1114/1297 1146/1115/1298
f 1150/1116/1299 1149/1117/1300 1148/1114/1297
f 1148/1114/1297 1145/1113/1296 1150/1116/1299
f 1149/1117/1300 1150/1116/1299 1151/1118/161
f 1152/1119/1301 1153/1120/1302 1155/1121/165
f 1033/1017/1174 1034/1016/637 1154/1122/164
f 1034/1016/1303 1147/1112/1304 1155/1121/165
f 1032/1015/1305 1033/1017/1306 1156/1123/1307
f 1040/1023/1180 1032/1015/1172 1157/1124/1308
f 1157/1124/1309 1147/1112/1310 1158/1125/1311
f 1147/1112/1310 1159/1126/1312 1158/1125/1311
f 1040/1023/1180 1157/1124/1308 1160/1127/1313
f 1159/1126/1314 1040/1023/1180 1160/1127/1313
f 1040/1023/1180 1159/1126/1314 1114/1089/1259
f 1114/1089/1259 1161/1128/1315 1040/1023/1180
f 1046/1029/1185 1040/1023/1180 1161/1128/1315
f 1161/1128/1315 1114/1089/1259 1162/1129/1316
f 1114/1089/1259 1163/1130/1317 1162/1129/1316
f 1114/1089/1259 1086/1067/1229 1163/1130/1317
f 1046/1029/1185 1163/1130/1317 1086/1067/1229
f 1046/1029/1185 1161/1128/1315 1164/1131/1318
f 1163/1130/1317 1046/1029/1185 1164/1131/1318
f 1086/1067/1229 1087/1068/1230 1166/1132/1319
f 1165/1133/1320 1087/1068/1321 1167/1134/1322
f 1087/1068/1321 1055/1037/1197 1167/1134/1322
f 1168/1135/1323 1086/1067/1229 1166/1132/1319
f 1086/1067/1229 1168/1135/1323 1046/1029/1185
f 1169/1136/1324 1012/994/1151 1170/1137/1325
f 1171/1138/1326 1170/1137/1327 1172/1133/1328
f 1170/1137/1325 1012/994/1151 1173/1139/1329
f 1174/1140/1330 1171/1138/1326 1172/1133/1328
f 1012/994/1151 1174/1140/1331 1173/1139/1329
f 1012/994/1151 1175/1141/598 1174/1140/1331
f 1178/1142/1332 1171/1138/1333 1177/1143/1334
f 1177/1143/1334 1179/1053/1335 1178/1142/1332
f 1177/1143/1336 1180/1144/189 1176/1052/1337
f 1181/1145/1338 1176/1052/1337 1180/1144/189
f 1183/1146/1339 1179/1053/1340 1182/1055/1341
f 1190/1147/1342 1187/1148/1343 1188/1149/1344
f 1189/1150/1345 1190/1147/1342 1188/1149/1344
f 1187/1148/1343 1190/1147/1342 1191/1151/1346
f 1192/1152/1347 1190/1147/1342 1189/1150/1345
f 1186/1153/1348 1193/1045/1349 1194/1154/1350
f 1193/1045/1349 1186/1153/1348 1184/1155/1351
f 1186/1153/1348 1194/1154/1350 1195/1047/1352
f 1185/1156/1353 1196/1157/1354 1197/1158/197
f 1197/1158/197 1198/1159/199 1185/1156/1353
f 1199/1160/1355 1175/1141/201 1200/1161/1356
f 1175/1141/598 1202/1162/1357 1201/1163/1358
f 1175/1141/598 1012/994/1151 1202/1162/1357
f 1203/1164/1359 1202/1162/1357 1003/993/1150
f 1012/994/1151 1003/993/1150 1202/1162/1357
f 1206/1165/1360 1204/1166/1361 1205/1167/1362
f 1017/1006/1164 1024/1005/1163 1010/992/1363
f 1211/1168/1364 1207/1113/1365 1208/1169/1366
f 1208/1169/1366 1209/1118/1367 1211/1168/1364
f 1212/1117/1368 1211/1168/1364 1209/1118/1367
f 1207/1113/1365 1211/1168/1364 1213/1115/1369
f 1215/1170/1370 1214/1171/1371 1217/1172/1372
f 1217/1172/1372 1216/1173/1373 1215/1170/1370
f 1218/1174/1374 1217/1172/1372 1214/1171/1371
f 1216/1173/1373 1217/1172/1372 1219/1175/1375
f 1222/1176/1376 1221/1177/1377 1225/1178/1378
f 1225/1178/1378 1223/1179/1379 1222/1176/1376
f 1220/1180/161 1225/1178/1378 1221/1177/1377
f 1223/1179/1379 1225/1178/1378 1226/1181/1380
f 1025/1008/1381 1224/1182/1382 1223/1179/1383
f 1034/1016/637 1025/1008/1173 1221/1177/1384
f 1224/1182/1382 1229/1183/1385 1228/1184/1386
f 1229/1183/1385 1224/1182/1382 1025/1008/1381
f 1227/1185/1387 1230/1186/653 1027/1010/1168
f 1229/1183/655 1027/1010/1168 1230/1186/653
f 1236/1187/1388 1235/1188/1389 1239/1189/1390
f 1240/1190/1391 1242/1191/1392 1238/1192/1393
f 1241/1193/1394 1243/1194/1395 1240/1190/1396
f 1243/1194/1397 1236/1187/1398 1242/1191/1399
f 1237/1195/1400 1244/1196/1401 1236/1187/1402
f 1236/1187/1398 1243/1194/1397 1234/1197/1403
f 1246/1198/1404 1245/1199/1405 1241/1193/1406
f 1241/1193/1406 1247/1200/1407 1246/1198/1404
f 1247/1200/1407 1241/1193/1406 1248/1201/1408
f 1247/1200/1407 1250/1202/1409 1249/1203/1410
f 1250/1202/1409 1245/1199/1411 1249/1203/1410
f 1248/1201/1408 1250/1202/1409 1247/1200/1407
f 1245/1199/1411 1250/1202/1409 1243/1194/1397
f 919/919/1051 1251/1204/1412 1252/1205/1413
f 1252/1205/1413 1253/1206/1414 919/919/1051
f 1241/1193/1415 919/919/1051 1253/1206/1414
f 1251/1204/1412 919/919/1051 918/918/1050
f 1248/1201/1408 918/918/1416 1254/1207/1417
f 1254/1207/1417 918/918/1416 1255/1208/1418
f 918/918/1416 1256/1209/1419 1255/1208/1418
f 1256/1209/1420 1258/1210/1421 1257/1211/1422
f 1258/1210/1421 1254/1207/1417 1257/1211/1422
f 926/924/1423 1258/1210/1421 1256/1209/1420
f 1254/1207/1417 1258/1210/1421 1248/1201/1408
f 1261/1212/1424 1258/1210/1421 1262/1213/1425
f 1258/1210/1421 1260/1214/1426 1262/1213/1425
f 1260/1214/1426 1263/1215/1427 1261/1212/1424
f 1263/1215/1427 1258/1210/1421 1261/1212/1424
f 1258/1210/1421 926/924/1423 1260/1214/1426
f 926/924/1423 1263/1215/1427 1260/1214/1426
f 1264/1216/1428 1258/1210/1421 1263/1215/1427
f 1263/1215/1427 941/935/1429 1264/1216/1428
f 1264/1216/1428 941/935/1429 1265/1217/1430
f 941/935/1429 1266/1218/1431 1265/1217/1430
f 1258/1210/1421 1264/1216/1428 1267/1219/1432
f 1266/1218/1433 1258/1210/1421 1267/1219/1432
f 938/1220/1434 1258/1210/1421 1266/1218/1433
f 1258/1210/1421 938/1220/1434 1269/1221/1435
f 1269/1221/1435 1248/1201/1408 1258/1210/1421
f 1248/1201/1408 1269/1221/1435 1259/1222/694
f 1269/1221/1435 938/1220/1434 1268/1223/1436
f 1259/1222/694 1270/1224/1437 1248/1201/1408
f 938/1220/1434 1270/1224/1437 1268/1223/1436
f 1250/1202/1409 1248/1201/1408 1270/1224/1437
f 1270/1224/1437 938/1220/1434 1250/1202/1409
f 1271/1225/1438 1250/1202/1409 938/1220/1434
f 1250/1202/1409 1271/1225/1438 1272/1226/1439
f 1272/1226/1439 1273/1227/1440 1250/1202/1409
f 1271/1225/1438 934/932/1441 1274/1228/1442
f 934/932/1441 1273/1227/1440 1274/1228/1442
f 938/1220/1434 934/932/1441 1271/1225/1438
f 1275/1229/1443 1250/1202/1409 1273/1227/1440
f 934/932/1441 1275/1229/1443 1273/1227/1440
f 1250/1202/1409 1275/1229/1443 1276/1230/1444
f 1276/1230/1444 1243/1194/1397 1250/1202/1409
f 1276/1230/1444 1275/1229/1443 1277/1231/1445
f 1243/1194/1397 1276/1230/1444 1278/1232/1446
f 1278/1232/1446 1279/1233/1447 1243/1194/1397
f 1275/1229/1443 1279/1233/1447 1277/1231/1445
f 1280/1234/1448 1243/1194/1397 1279/1233/1447
f 1275/1229/1443 1280/1234/1448 1279/1233/1447
f 1243/1194/1397 1280/1234/1448 1281/1235/1449
f 1234/1197/1403 1243/1194/1397 1281/1235/1449
f 1281/1235/1449 1280/1234/1448 1282/1236/255
f 1281/1235/1449 1283/1237/1450 1234/1197/1403
f 1283/1237/1450 1284/1238/1451 1234/1197/1403
f 1280/1234/1448 1284/1238/1451 1282/1236/255
f 1285/1239/730 1234/1197/1403 1284/1238/1451
f 1280/1234/1448 1285/1239/730 1284/1238/1451
f 1286/1240/1452 1287/1241/1453 1234/1197/1454
f 1287/1241/1453 1286/1240/1452 1288/1242/1455
f 1289/1243/1456 1287/1241/1453 1288/1242/1455
f 1290/1244/1457 1287/1241/1453 1289/1243/1456
f 1292/1245/1458 1294/1246/1459 1291/1247/1460
f 1294/1246/1459 1292/1245/1458 1295/1248/1461
f 1295/1248/1461 1296/1249/1462 1294/1246/1459
f 1294/1246/1459 1296/1249/1462 1293/1250/1463
f 1297/1251/1464 1298/1252/1465 921/1253/1466
f 1298/1252/1465 1297/1251/1464 1299/1254/1467
f 1301/1255/1468 1300/917/1469 1303/1256/1470
f 1303/1256/1470 1302/913/1471 1301/1255/1468
f 922/916/1472 1303/1256/1470 1300/917/1469
f 1302/913/1471 1303/1256/1470 1304/915/1473
f 1307/1257/1474 980/972/1115 1309/1258/1475
f 980/972/1115 1308/1259/1476 1309/1258/1475
f 980/972/1115 1305/1260/1477 1308/1259/1476
f 1305/1260/1477 980/972/1115 1310/1261/1478
f 1305/1260/1477 1310/1261/1478 1311/1262/1479
f 1312/1263/1480 1305/1260/1477 1311/1262/1479
f 1310/1261/1478 981/973/1116 1313/1264/1481
f 1312/1263/1480 1313/1264/1481 981/973/1116
f 981/973/1116 1310/1261/1478 980/972/1115
f 1305/1260/1477 1312/1263/1480 1314/1265/1482
f 981/973/1116 1314/1265/1482 1312/1263/1480
f 1315/1266/1483 1314/1265/1484 1318/1267/1485
f 1319/1205/1486 1320/1268/1487 1317/1269/1488
f 1320/1268/1489 1318/1267/1485 1314/1265/1484
f 1320/1268/1487 1319/1205/1486 1321/1206/1490
f 1322/1270/1491 1324/1271/1492 1323/1272/772
f 1325/1273/1493 1322/1270/1491 1323/1272/772
f 1324/1271/1494 1327/1274/1495 1326/1275/1496
f 1325/1273/1497 1326/1275/1496 1327/1274/1495
f 1327/1274/1495 1324/1271/1494 1314/1265/1482
f 1327/1274/1495 1328/1276/1498 1325/1273/1497
f 1314/1265/1482 1329/1277/1499 1327/1274/1495
f 1329/1277/1499 1314/1265/1482 1330/1278/1500
f 1314/1265/1482 1331/1279/1501 1330/1278/1500
f 1314/1265/1482 981/973/1116 1331/1279/1501
f 1331/1279/1501 985/977/1120 1332/1280/1502
f 1329/1277/1499 1332/1280/1502 985/977/1120
f 985/977/1120 1331/1279/1501 981/973/1116
f 985/977/1120 1327/1274/1495 1329/1277/1499
f 1327/1274/1495 985/977/1120 1333/1281/1503
f 1327/1274/1495 1333/1281/1503 1335/1282/1504
f 1336/1283/1505 1327/1274/1495 1335/1282/1504
f 1327/1274/1495 1336/1283/1505 1337/1284/1506
f 1333/1281/1503 991/980/1507 1338/1285/1508
f 1336/1283/1509 1338/1285/1508 991/980/1507
f 1338/1285/1508 1334/1227/1510 1339/1228/1511
f 991/980/1507 1333/1281/1503 985/977/1120
f 1328/1276/1498 1342/1286/1512 1341/1287/1513
f 1343/1288/1514 1328/1276/1498 1341/1287/1513
f 1342/1286/1512 1337/1284/1506 1340/1289/1515
f 1343/1288/1514 1340/1289/1515 1337/1284/1506
f 1328/1276/1498 1327/1274/1495 1342/1286/1512
f 1337/1284/1506 1342/1286/1512 1327/1274/1495
f 1344/1290/1516 1328/1276/1498 1343/1288/1514
f 1337/1284/1506 1344/1290/1516 1343/1288/1514
f 1346/1291/1517 1344/1290/1516 1345/1292/286
f 1347/1293/289 1345/1292/286 1344/1290/1516
f 1344/1290/1516 1346/1291/1517 1328/1276/1498
f 1349/1294/1518 1346/1291/1519 1348/1295/1520
f 1347/1293/289 1349/1294/1518 1348/1295/1520
f 1344/1290/1516 1350/1296/1521 1347/1293/289
f 1350/1296/1521 1349/1294/1518 1347/1293/289
f 1328/1276/1522 1349/1294/1523 1351/1195/1524
f 1351/1195/1524 1352/1196/1525 1328/1276/1522
f 1353/1192/1526 1328/1276/1522 1352/1196/1525
f 1328/1276/1522 1353/1192/1526 1322/1270/1527
f 1355/1297/1528 1353/1192/1529 1354/1189/1530
f 1354/1189/1530 1351/1195/1531 1355/1297/1528
f 1322/1270/1532 1356/1298/1533 1357/1299/1534
f 1357/1299/1535 1361/1300/1536 1359/1301/1537
f 1360/1302/1538 1361/1300/1536 1358/1303/1539
f 1361/1300/1536 1357/1299/1535 1362/1304/1540
f 1362/1304/1540 1358/1303/1539 1361/1300/1536
f 1306/1305/752 1365/1306/1541 1316/1307/1542
f 1363/1308/1543 1365/1306/1541 1364/1309/1544
f 1365/1306/1541 1306/1305/752 1366/1310/1545
f 1366/1310/1545 1364/1309/1544 1365/1306/1541
f 1367/1311/1546 1280/1234/1448 1368/1312/1547
f 1369/1313/1548 1368/1312/1547 1280/1234/1448
f 1280/1234/1448 1370/1314/1549 1369/1313/1548
f 1370/1314/1549 1280/1234/1448 1275/1229/1443
f 1372/1315/1550 1368/1312/1547 1371/1316/1551
f 1370/1314/1552 1372/1315/1550 1371/1316/1551
f 1372/1315/1550 1367/1311/1546 1368/1312/1547
f 1372/1315/1553 1275/1229/1554 1373/1317/1555
f 1375/1318/1556 1374/1319/842 1275/1229/1443
f 1275/1229/1443 934/932/1441 1375/1318/1556
f 1377/1320/1557 1376/1321/1558 1375/1318/843
f 1375/1318/1559 936/931/1560 1378/1322/1561
f 936/931/1560 1373/1317/1562 1378/1322/1561
f 1027/1010/1168 1344/1290/1516 1379/1323/1563
f 1379/1323/1563 1344/1290/1516 1380/1324/1564
f 1344/1290/1516 1381/1325/1565 1380/1324/1564
f 1344/1290/1516 1337/1284/1506 1381/1325/1565
f 1381/1325/1566 1382/1326/1567 1383/1327/1568
f 1379/1323/1569 1383/1327/1568 1382/1326/1567
f 1337/1284/1570 1386/1320/1571 1385/1321/1572
f 1387/1328/1573 1337/1284/1570 1385/1321/1572
f 1382/1326/1574 1337/1284/1570 1387/1328/1573
f 1387/1328/1575 1384/1317/863 1388/1322/1576
f 1388/1322/1576 1386/1320/1577 1389/1329/1578
f 1389/1329/1578 1387/1328/1575 1388/1322/1576
f 1382/1326/1579 1390/1330/1580 1392/1331/1581
f 1392/1331/1582 1394/1332/1583 1391/1333/1584
f 1394/1332/1583 1395/1334/1585 1393/1335/1586
f 1394/1332/1583 1392/1331/1582 1396/1336/1587
f 1396/1336/1587 1395/1334/1585 1394/1332/1583
f 1224/1182/651 1382/1326/1588 1395/1334/875
f 1224/1182/651 1227/1185/1589 1382/1326/1588
f 1400/1337/1590 1399/1338/1591 1397/1339/1592
f 1399/1338/1591 1400/1337/1590 1402/1340/881
f 1401/1341/1593 1399/1338/1591 1403/1342/1594
f 1402/1340/881 1403/1342/1594 1399/1338/1591
f 1404/1179/1595 1407/1343/1596 1406/1181/308
f 1408/1180/1597 1407/1343/1598 1405/1177/1599
f 1409/1344/309 1406/1181/308 1407/1343/1596
f 1410/1345/1600 1398/1346/1601 1406/1181/1602
f 1210/1347/1603 1410/1345/1604 1408/1180/1605
f 1410/1345/1604 1210/1347/1603 1411/1348/1606
f 1411/1348/1606 1210/1347/1603 1413/1120/1607
f 1412/1349/1608 1411/1348/1609 1414/1350/1610
f 1415/1017/1611 1414/1350/1610 1411/1348/1609
f 1210/1347/1603 1416/1119/894 1413/1120/1607
f 1414/1350/1610 1415/1017/1611 1417/1123/893
f 1210/1347/1603 1022/1007/1612 1416/1119/894
f 1418/1351/1613 1419/1352/1614 1412/1349/1615
f 1419/1352/1614 1418/1351/1613 1420/1353/1616
f 1421/1354/1617 1419/1352/1614 1420/1353/1616
f 1422/1355/1618 1418/1351/1619 1022/1007/1612
f 1022/1007/1612 1421/1354/1620 1422/1355/1618
f 1015/998/1155 1419/1352/1614 1421/1354/1617
f 1419/1352/1614 1015/998/1155 1423/1356/1621
f 1169/1136/1324 1419/1352/1614 1423/1356/1621
f 1169/1136/1324 1423/1356/1621 1424/1357/1622
f 1425/1358/1623 1423/1356/1621 1015/998/1155
f 1426/1359/1624 1169/1136/1324 1424/1357/1622
f 1015/998/1155 1426/1359/1624 1425/1358/1623
f 1012/994/1151 1169/1136/1324 1426/1359/1624
f 1426/1359/1624 1015/998/1155 1012/994/1151
f 1428/1360/1625 1429/1361/1626 1427/1362/1627
f 1429/1361/1626 1430/1363/1628 1427/1362/1627
f 1430/1363/1629 1028/1011/1169 1431/1364/331
f 1428/1360/1630 1431/1364/331 1028/1011/1169
f 1028/1011/1169 1430/1363/1629 1350/1296/1521
f 1028/1011/1169 1036/1019/1176 1428/1360/1630
f 1432/1365/335 1350/1296/1521 1433/1366/1631
f 1350/1296/1521 1434/1367/1632 1433/1366/1631
f 1350/1296/1521 1432/1365/335 1028/1011/1169
f 1350/1296/1521 1344/1290/1516 1434/1367/1632
f 1027/1010/1168 1432/1365/335 1435/1368/1633
f 1434/1367/1632 1027/1010/1168 1435/1368/1633
f 1432/1365/335 1027/1010/1168 1028/1011/1169
f 1027/1010/1168 1434/1367/1632 1344/1290/1516
f 1441/1369/1634 1439/1370/1635 1440/1371/1636
f 1439/1370/1635 1441/1369/1634 1437/1372/1637
f 1440/1371/1636 1442/1373/1638 1441/1369/1634
f 1441/1369/1634 1442/1373/1638 1443/1374/1639
f 1446/1375/1640 1450/1376/339 1447/1377/1641
f 1449/1378/1642 1450/1376/1643 1448/1379/1644
f 1450/1376/339 1446/1375/1640 1451/1380/1645
f 1436/1381/1646 1452/1382/1647 1446/1375/1648
f 1453/1383/1649 1436/1381/1650 1455/1384/1651
f 1436/1381/1650 1456/1385/1652 1455/1384/1651
f 1456/1385/1653 1457/1386/1654 1454/1387/1655
f 1459/1388/1656 1453/1383/1657 1458/1389/1658
f 1290/1244/1659 1459/1388/1656 1456/1385/1660
f 1453/1383/1657 1459/1388/1656 1452/1382/1661
f 1459/1388/1656 1290/1244/1659 1460/1390/1662
f 1460/1390/1662 1290/1244/1659 1461/1391/1663
f 1290/1244/1659 1462/1392/1664 1461/1391/1663
f 1462/1392/1664 1290/1244/1659 1285/1239/730
f 1464/1393/1665 1460/1390/1662 1463/1394/1666
f 1462/1392/1664 1464/1393/1665 1463/1394/1666
f 1464/1393/1665 1459/1388/1656 1460/1390/1662
f 1285/1239/730 1464/1393/1665 1462/1392/1664
f 1466/1395/1667 1285/1239/730 1465/1396/939
f 1464/1393/1665 1285/1239/730 1466/1395/1667
f 1285/1239/730 1467/1397/1668 1465/1396/939
f 1467/1397/1668 1285/1239/730 1280/1234/1448
f 1467/1397/1668 1367/1311/1546 1468/1398/1669
f 1367/1311/1546 1466/1395/1667 1468/1398/1669
f 1280/1234/1448 1367/1311/1546 1467/1397/1668
f 1466/1395/1667 1367/1311/1546 1464/1393/1665
f 1390/1330/1670 991/980/1671 998/927/1672
f 1337/1284/1570 991/980/1128 1386/1320/1571
f 1470/1399/1673 1471/1400/1674 1469/1401/1675
f 1469/1401/1675 1471/1400/1674 1473/1402/1676
f 1474/1403/1677 1471/1400/1674 1472/1404/1678
f 1471/1400/1674 1474/1403/1677 1473/1402/1676
f 1478/1405/1679 1476/1406/1680 1475/1333/1681
f 1478/1405/1679 1477/1335/1682 1476/1406/1680
f 928/1331/1683 1478/1405/1679 1475/1333/1681
f 1477/1335/1682 1478/1405/1679 1479/1334/949
f 1481/1407/1684 1483/1186/1685 1484/1408/1686
f 1398/1346/1601 1482/1409/1687 1480/1410/1688
f 1481/1407/1689 1398/1346/1601 1480/1410/1688
f 1372/1315/1690 1398/1346/1601 1481/1407/1689
f 1482/1409/1687 1398/1346/1601 1410/1345/1600
f 1367/1311/1546 1410/1345/1691 1485/1411/1692
f 1485/1411/1692 1464/1393/1665 1367/1311/1546
f 1464/1393/1665 1485/1411/1692 1486/1412/1693
f 1487/1413/360 1464/1393/1665 1486/1412/1693
f 1485/1411/1692 1410/1345/1691 1488/1414/1694
f 1410/1345/1691 1487/1413/360 1488/1414/1694
f 1410/1345/1691 1412/1349/1615 1487/1413/360
f 1412/1349/1615 1464/1393/1665 1487/1413/360
f 1464/1393/1665 1412/1349/1615 1489/1415/1695
f 1459/1388/1656 1464/1393/1665 1489/1415/1695
f 1489/1415/1695 1412/1349/1615 1490/1416/1696
f 1489/1415/1695 1491/1417/1697 1459/1388/1656
f 1492/1418/1698 1459/1388/1656 1491/1417/1697
f 1412/1349/1615 1492/1418/1698 1490/1416/1696
f 1419/1352/1614 1459/1388/1656 1492/1418/1698
f 1492/1418/1698 1412/1349/1615 1419/1352/1614
f 1459/1388/1656 1419/1352/1614 1493/1419/1699
f 1493/1419/1699 1452/1382/1661 1459/1388/1656
f 1493/1419/1699 1419/1352/1614 1494/1420/1700
f 1452/1382/1661 1493/1419/1699 1495/1421/1701
f 1496/1422/1702 1452/1382/1661 1495/1421/1701
f 1419/1352/1614 1496/1422/1702 1494/1420/1700
f 1169/1136/1324 1452/1382/1661 1496/1422/1702
f 1496/1422/1702 1419/1352/1614 1169/1136/1324
f 1498/1423/1703 1499/1424/976 1452/1382/1704
f 1448/1379/1705 1452/1382/1704 1499/1424/976
f 1498/1423/1706 1500/1425/1707 1497/1031/1708
f 1499/1424/976 1498/1423/1703 1501/1032/1709
f 1497/1031/1708 1500/1425/1707 1502/1036/1710
f 1503/1035/1711 1499/1424/976 1501/1032/1709
f 1171/1138/1712 1499/1424/976 1503/1035/1711
f 1506/1426/1713 1504/1038/1714 1505/1427/982
f 1505/1427/982 1507/1042/1715 1506/1426/1713
f 1504/1038/1714 1506/1426/1713 1508/1040/1716
f 1506/1426/1713 1507/1042/1715 1509/1043/1717
f 1513/1428/1718 1511/1429/1719 1510/1430/1720
f 1511/1429/1719 1513/1428/1718 1514/1431/1721
f 1511/1429/1719 1515/1432/1722 1512/1433/1723
f 1515/1432/1722 1511/1429/1719 1514/1431/1721
f 1517/1434/1724 1518/1379/374 1516/1378/1725
f 1445/1377/1726 1519/1435/1727 1517/1434/1724
f 1518/1379/374 1517/1434/1724 1519/1435/1727
f 1444/1375/1728 1519/1435/1727 1445/1377/1726
f 1042/1025/1187 1048/1030/1186 1516/1378/1729
f 1042/1025/1730 1445/1377/1731 1438/1436/1732
f 1523/1384/1733 1520/1437/1734 1521/1438/1735
f 1522/1387/1736 1523/1384/1733 1521/1438/1735
f 1036/1019/1176 1520/1437/1737 1524/1386/1738
f 1522/1387/1739 1036/1019/1176 1524/1386/1738
f 1520/1437/1737 1036/1019/1176 1042/1025/1182
f 1036/1019/1176 1522/1387/1739 1429/1361/1740
f 1525/1302/1741 1529/1439/1742 1526/1303/1743
f 1527/1299/1744 1529/1439/382 1528/1301/1745
f 1529/1439/1742 1525/1302/1741 1530/1440/1746
f 919/919/1051 1241/1193/1415 1525/1302/1747
f 1533/1441/1748 1532/1442/1749 1531/1443/1750
f 1532/1442/1749 1533/1441/1748 1534/1444/1751
f 1534/1444/1751 1535/1445/1752 1532/1442/1749
f 1532/1442/1749 1535/1445/1752 1536/1446/1753
f 1356/1298/1754 1349/1294/1755 1537/1447/1756
f 1538/1448/1757 1540/1449/1758 1537/1447/1759
f 1537/1447/1759 1540/1449/1758 1541/1450/1760
f 1540/1449/1758 1542/1451/1761 1541/1450/1760
f 1542/1451/1761 1540/1449/1758 1539/1452/1762
f 1349/1294/1763 1543/1453/1764 1542/1451/1765
f 1543/1453/1764 1349/1294/1763 1544/1454/1766
f 1544/1454/1767 1350/1296/1521 1545/1455/1768
f 1546/1456/1769 1545/1455/1768 1350/1296/1521
f 1429/1361/1770 1543/1453/1771 1546/1456/1772
f 1550/1250/1773 1551/1457/1774 1548/1249/1775
f 1547/1245/1776 1551/1457/1774 1549/1247/1777
f 1551/1457/1774 1550/1250/1773 1552/1458/1778
f 1552/1458/1778 1549/1247/1777 1551/1457/1774
f 1556/1459/1779 1557/1460/1036 1554/1461/1780
f 1553/1462/1781 1557/1460/1036 1555/1463/1782
f 1554/1461/1780 1557/1460/1036 1558/1464/1783
f 1557/1460/1036 1553/1462/1781 1558/1464/1783
f 1232/1465/1784 1559/1452/1041 1231/1451/1785
f 1560/1448/1786 1232/1465/1787 1233/1447/1788
f 1561/1466/1042 1559/1452/1041 1232/1465/1784
f 1559/1452/1789 1234/1197/1454 1287/1241/1453
f 1235/1188/1790 1234/1197/1791 1560/1448/1792
f 1563/240/1793 1562/1467/1047 1564/242/1794
f 1569/248/1795 1567/244/1796 1568/249/1797
f 1567/244/1796 1569/248/1795 1570/246/13
f 1573/27/1798 1572/1468/1799 1571/29/20
f 1572/1468/1799 1573/27/1798 1574/1469/1800
f 1577/1470/1801 1578/1471/1802 1576/1472/444
f 1578/1471/1802 1577/1470/1801 1575/1473/1803
f 1579/1474/1804 1580/21/1805 1581/1475/1806
f 1582/19/1807 1581/1475/1806 1580/21/1805
f 1583/1476/1808 1586/1477/1809 1585/1478/1810
f 1586/1477/1809 1583/1476/1808 1587/1479/464
f 1584/1480/1811 1588/1481/1812 1589/1482/1813
f 1590/1483/1814 1591/1484/1815 1592/1485/1816
f 1594/1486/1817 1590/1483/1818 1593/1487/1819
f 1593/1487/1819 1595/1488/1820 1594/1486/1817
f 1596/1489/1821 1594/1486/1817 1595/1488/1820
f 1593/1487/1822 1597/1490/1823 1598/116/1824
f 1596/1489/1825 1598/116/1824 1597/1490/1823
f 1599/1491/1826 1594/1486/1817 1596/1489/1821
f 1599/1491/1826 1600/120/53 1594/1486/1817
f 1600/120/53 1601/1492/1827 1603/1493/1828
f 1601/1492/1827 1602/122/1829 1603/1493/1828
f 1603/1493/1828 1602/122/1829 1604/1494/1830
f 1604/1494/1831 1606/1495/1832 1599/1491/1833
f 1599/1491/1833 1605/1496/1834 1604/1494/1831
f 1605/1496/1834 1599/1491/1833 1607/1497/1835
f 1605/1496/1834 1607/1497/1835 1608/1498/1161
f 1610/1499/1836 1605/1496/1834 1609/1500/1837
f 1609/1500/1838 1611/1501/1839 1612/1502/1840
f 1607/1497/1841 1612/1502/1840 1611/1501/1839
f 1613/1503/1842 1616/1504/1843 1615/1505/1844
f 1616/1504/1843 1613/1503/1842 1617/1506/1845
f 1618/1507/1846 1614/1508/1847 1620/1509/1848
f 1619/1510/1849 1623/1511/1178 1622/1512/1850
f 1623/1511/1178 1619/1510/1849 1624/1513/507
f 1625/1514/1851 1628/1515/512 1627/1516/1852
f 1628/1515/512 1625/1514/1851 1629/1517/1853
f 1631/1518/1854 1632/1519/1855 1630/1520/1856
f 1630/1520/1856 1632/1519/1855 1633/1521/1857
f 1636/1522/1858 1637/1523/1859 1638/1524/1860
f 1639/1525/1861 1640/1526/1862 1635/1527/1863
f 1634/1528/530 1635/1527/1863 1640/1526/1862
f 1643/1529/1864 1641/1530/1865 1642/1531/1866
f 1641/1530/1865 1643/1529/1864 1644/1532/1867
f 1650/1533/1868 1649/190/1869 1648/186/1870
f 1649/190/1869 1650/1533/1868 1651/191/97
f 1655/1534/1871 1653/197/1872 1654/194/1873
f 1654/194/1874 1647/1535/1875 1656/1536/1876
f 1647/1535/1875 1654/194/1874 1646/192/1877
f 1647/1535/1875 1645/1537/1878 1656/1536/1876
f 1658/1538/1879 1647/1535/1880 1657/195/1881
f 1658/1538/1882 1655/1534/1883 1652/1539/1884
f 1658/1538/1879 1591/1484/1815 1647/1535/1880
f 1590/1483/1814 1592/1485/1816 1659/1540/1885
f 1660/1541/1886 1590/1483/1814 1659/1540/1885
f 1590/1483/1814 1660/1541/1886 1597/1490/1823
f 1592/1485/1816 1662/1542/1887 1661/1543/1888
f 1662/1542/1887 1660/1541/1886 1661/1543/1888
f 1662/1542/1887 1597/1490/1823 1660/1541/1886
f 1662/1542/1887 1592/1485/1816 1591/1484/1815
f 1662/1542/1887 1591/1484/1815 1663/1544/1889
f 1658/1538/1879 1663/1544/1889 1591/1484/1815
f 1662/1542/1887 1663/1544/1889 1664/1545/1890
f 1663/1544/1889 1658/1538/1879 1665/1546/1891
f 1666/1547/1892 1662/1542/1887 1664/1545/1890
f 1666/1547/1892 1665/1546/1891 1658/1538/1879
f 1662/1542/1887 1666/1547/1892 1667/1548/1893
f 1658/1538/1879 1667/1548/1893 1666/1547/1892
f 1667/1548/1893 1668/1549/1894 1662/1542/1887
f 1597/1490/1823 1662/1542/1887 1668/1549/1894
f 1652/1539/1884 1669/1550/1895 1658/1538/1882
f 1668/1549/1894 1667/1548/1893 1670/1551/1896
f 1669/1550/1895 1652/1539/1884 1671/1552/1897
f 1652/1539/1884 1672/1553/1248 1671/1552/1897
f 1667/1548/1898 1669/1550/1899 1673/41/125
f 1672/1553/1900 1667/1548/1898 1673/41/125
f 1652/1539/1884 1674/1554/1256 1672/1553/1248
f 1674/1554/1256 1652/1539/1884 1675/48/130
f 1676/1555/569 1675/48/130 1678/1556/1257
f 1678/1556/1257 1679/47/1901 1676/1555/569
f 1679/47/1901 1678/1556/1257 1680/1557/1902
f 1680/1557/1903 1674/1554/1904 1677/1558/1905
f 1674/1554/1904 1680/1557/1903 1681/1559/1906
f 1681/1559/1906 1682/1560/1907 1674/1554/1904
f 1682/1560/1907 1681/1559/1906 1683/1561/1908
f 1686/1562/1909 1682/1560/1265 1685/1563/1269
f 1684/1564/1910 1686/1562/1909 1685/1563/1269
f 1688/1565/1911 1687/1566/1912 1674/1554/1256
f 1689/1567/1913 1674/1554/1256 1687/1566/1912
f 1667/1548/1893 1674/1554/1256 1689/1567/1913
f 1674/1554/1256 1686/1562/1914 1688/1565/1911
f 1690/1568/1915 1667/1548/1893 1689/1567/1913
f 1690/1568/1915 1689/1567/1913 1691/1569/1273
f 1688/1565/1911 1690/1568/1915 1691/1569/1273
f 1690/1568/1915 1688/1565/1911 1686/1562/1914
f 1667/1548/1893 1690/1568/1915 1692/1570/1916
f 1667/1548/1893 1692/1570/1916 1670/1551/1896
f 1597/1490/1823 1668/1549/1894 1693/1571/1917
f 1692/1570/1916 1597/1490/1823 1693/1571/1917
f 1690/1568/1915 1597/1490/1823 1692/1570/1916
f 1690/1568/1915 1694/1572/1918 1597/1490/1823
f 1599/1491/1919 1597/1490/1823 1694/1572/1918
f 1599/1491/1919 1694/1572/1918 1695/1573/1920
f 1696/1574/1921 1599/1491/1919 1695/1573/1920
f 1694/1572/1918 1690/1568/1915 1697/1575/1922
f 1696/1574/1921 1697/1575/1922 1690/1568/1915
f 1690/1568/1915 1612/1502/1923 1696/1574/1921
f 1612/1502/1923 1690/1568/1915 1698/1576/1924
f 1686/1562/1914 1698/1576/1924 1690/1568/1915
f 1612/1502/1923 1698/1576/1924 1699/1577/1925
f 1700/1578/1926 1612/1502/1923 1699/1577/1925
f 1701/1579/1927 1612/1502/1923 1700/1578/1926
f 1698/1576/1924 1686/1562/1914 1702/1580/1928
f 1700/1578/1926 1702/1580/1928 1686/1562/1914
f 1686/1562/1914 1701/1579/1927 1700/1578/1926
f 1701/1579/1927 1686/1562/1914 1703/1581/1929
f 1704/1582/1930 1703/1581/1929 1686/1562/1914
f 1701/1579/1927 1703/1581/1929 1705/1583/1931
f 1706/1584/1932 1701/1579/1927 1705/1583/1931
f 1681/1559/1933 1704/1582/1304 1684/1564/1266
f 1701/1579/1927 1706/1584/1932 1621/1585/1934
f 1704/1582/1930 1621/1585/1934 1706/1584/1932
f 1704/1582/1930 1706/1584/1932 1707/1586/1935
f 1703/1581/1929 1704/1582/1930 1707/1586/1935
f 1621/1585/1934 1709/288/581 1708/289/164
f 1709/288/1936 1618/1507/1937 1710/1587/1938
f 1618/1507/1937 1709/288/1936 1704/1582/1939
f 1618/1507/1937 1704/1582/1939 1712/1588/1940
f 1711/290/1941 1714/1589/1942 1712/1588/1943
f 1714/1589/1942 1711/290/1941 1715/1590/1944
f 1704/1582/1304 1681/1559/1933 1713/292/1945
f 1717/1591/1946 1718/1592/1947 1716/1593/1948
f 1718/1592/1947 1717/1591/1946 1719/1594/1949
f 1722/1595/1322 1720/1596/1950 1721/1597/1951
f 1720/1596/1950 1722/1595/1322 1723/1598/1952
f 1726/1599/1953 1725/1600/592 1724/1601/1954
f 1725/1600/592 1726/1599/1953 1727/1602/1955
f 1728/1603/1956 1730/1604/1957 1729/1605/1958
f 1730/1604/1957 1728/1603/1956 1731/1606/1959
f 1735/1607/1960 1734/1608/611 1732/1609/1961
f 1738/1610/1354 1736/1611/1962 1737/1612/1963
f 1736/1611/1962 1738/1610/1354 1733/1613/1964
f 1741/90/1965 1742/1614/1966 1740/86/1967
f 1742/1614/1966 1741/90/1965 1743/91/1968
f 1739/1615/1969 1747/1616/1970 1746/1617/1971
f 1747/1616/1970 1748/94/1972 1746/1617/1971
f 1745/1618/1973 1748/94/1974 1744/100/1975
f 1748/94/1972 1747/1616/1970 1749/93/1976
f 1747/1616/1977 1590/1483/1814 1750/95/1978
f 1590/1483/1814 1747/1616/1977 1591/1484/1815
f 1590/1483/1818 1594/1486/1817 1745/1618/1979
f 1612/1502/1923 1599/1491/1919 1696/1574/1921
f 1752/1619/1980 1610/1499/1981 1751/1620/1982
f 1610/1499/1981 1753/1621/1983 1751/1620/1982
f 1610/1499/1981 1612/1502/1923 1753/1621/1983
f 1755/1622/1984 1610/1499/1981 1752/1619/1980
f 1753/1621/1983 1701/1579/1927 1754/1623/1985
f 1701/1579/1927 1753/1621/1983 1612/1502/1923
f 1752/1619/1980 1754/1623/1985 1701/1579/1927
f 1701/1579/1927 1755/1622/1984 1752/1619/1980
f 1755/1622/1984 1701/1579/1927 1756/1624/1986
f 1755/1622/1984 1756/1624/1986 1757/1625/1987
f 1755/1622/1988 1758/1626/1989 1759/1627/1990
f 1756/1624/1986 1621/1585/1934 1760/1628/1991
f 1621/1585/1934 1759/1627/1990 1758/1626/1989
f 1621/1585/1934 1756/1624/1986 1701/1579/1927
f 1762/1629/1992 1759/1627/1990 1761/1630/1993
f 1614/1508/1994 1762/1629/1995 1763/1631/1996
f 1764/1632/1997 1766/1633/1998 1765/1634/1999
f 1767/1635/2000 1768/1636/2001 1769/1637/2002
f 1772/1638/2003 1773/1639/677 1771/1640/2004
f 1774/1641/2005 1776/1642/2006 1775/1643/2007
f 1776/1642/2006 1777/253/2008 1775/1643/2007
f 1776/1642/2006 1774/1641/2005 1778/1644/2009
f 1777/253/2008 1776/1642/2006 1779/255/684
f 1782/1645/700 1781/1646/2010 1780/1647/698
f 1781/1646/2010 1782/1645/700 1783/1648/1424
f 1786/1649/2011 1784/1650/2012 1785/1651/2013
f 1788/1652/711 1787/1653/2014 1789/1654/2015
f 1770/1655/2016 1791/1656/2017 1790/1657/2018
f 1791/1656/2017 1770/1655/2016 1792/1658/2019
f 1793/1659/2020 1795/1660/2021 1794/1661/2022
f 1795/1660/2021 1793/1659/2020 1796/1662/2023
f 1565/1663/1466 1797/1664/2024 1798/1665/2025
f 1797/1664/2024 1565/1663/1466 1799/1666/2026
f 1801/1/2027 1566/1667/2028 1800/3/2029
f 1803/12/2030 1804/11/2031 1802/7/2032
f 1805/10/2033 1802/7/2032 1804/11/2031
f 1808/1668/2034 1807/1669/2035 1806/1670/2036
f 1809/220/2037 1808/1668/2034 1806/1670/2036
f 1807/1669/2035 1808/1668/2034 1810/1671/2038
f 1811/218/2039 1808/1668/2034 1809/220/2037
f 1814/1672/772 1812/1673/2040 1813/1674/2041
f 1815/1675/788 1816/1676/791 1817/1677/2042
f 1820/1678/2043 1819/1679/2044 1818/1680/2045
f 1819/1679/2044 1820/1678/2043 1821/1681/2046
f 1823/1682/812 1824/1683/2047 1822/1684/2048
f 1825/1685/2049 1827/1686/2050 1759/1627/2051
f 1825/1685/2052 1826/1687/2053 1828/1688/2054
f 1831/152/2055 1755/1622/1984 1830/151/318
f 1833/1689/2056 1831/152/2055 1832/1690/2057
f 1826/1687/2058 1833/1689/2059 1829/1691/2060
f 1833/1689/2056 1610/1499/2061 1831/152/2055
f 1610/1499/2061 1833/1689/2056 1834/1692/2062
f 1834/1692/2063 1836/1693/897 1835/156/1613
f 1837/1694/899 1835/156/1613 1836/1693/897
f 1605/1496/1834 1610/1499/1836 1838/157/322
f 1839/1695/2064 1841/1696/2065 1840/1697/1621
f 1842/1698/2066 1840/1697/1621 1841/1696/2065
f 1845/1699/2067 1844/1700/2068 1843/1701/2069
f 1844/1700/2068 1845/1699/2067 1846/1702/2070
f 1847/1703/908 1850/1704/2071 1848/1705/2072
f 1849/1706/910 1850/1704/2071 1847/1703/908
f 1853/343/2073 1851/1707/2074 1852/1708/2075
f 1855/1709/2076 1853/343/2077 1854/344/2078
f 1856/1710/2079 1857/1711/2080 1858/1712/2081
f 1860/1713/2082 1861/1714/2083 1859/1715/936
f 1861/1714/2083 1860/1713/2082 1862/1716/2084
f 1865/1717/2085 1864/1718/2086 1863/1719/938
f 1864/1718/2086 1865/1717/2085 1866/1720/2087
f 1867/1721/2088 1869/1722/957 1868/1723/2089
f 1871/1724/1693 1870/1725/2090 1872/1726/963
f 1873/1727/2091 1872/1726/963 1870/1725/2090
f 1874/1728/2092 1876/1729/2093 1875/1730/2094
f 1877/1731/2095 1875/1730/2094 1876/1729/2093
f 1880/1732/971 1879/1733/2096 1878/1734/2097
f 1879/1733/2096 1880/1732/971 1881/1735/2098
f 1882/1736/2099 1884/1737/2100 1883/1738/2101
f 1884/1737/2100 1882/1736/2099 1885/1739/2102
f 1851/1707/2103 1886/307/2104 1887/1740/2105
f 1886/307/2106 1626/1741/2107 1888/309/2108
f 1891/1742/2109 1890/1743/1733 1889/1744/2110
f 1893/1745/1021 1894/1746/2111 1892/1747/2112
f 1892/1747/2112 1894/1746/2111 1895/1748/1025
f 1896/1749/2113 1897/1750/2114 1898/1751/2115
f 1899/1752/2116 1898/1751/2115 1897/1750/2114
f 1897/1750/2114 1900/1753/2117 1899/1752/2116
f 1901/1754/1049 1899/1752/2116 1900/1753/2117
f 1897/1750/2114 1896/1749/2113 1902/1755/2118
f 1896/1749/2113 1901/1754/1049 1902/1755/2118
f 1896/1749/2113 1903/1756/2119 1901/1754/1049
f 1899/1752/2116 1901/1754/1049 1903/1756/2119
f 1899/1752/2116 1903/1756/2119 1904/1757/2120
f 1906/1758/2121 1907/1759/1797 1905/1760/2122
f 1903/1756/2119 1906/1758/2123 1908/1761/2124
f 1908/1761/2124 1909/1762/2125 1903/1756/2119
f 1911/1763/2126 1910/1764/2127 1913/1765/2128
f 1913/1765/2128 1912/1766/2129 1911/1763/2126
f 1912/1766/2129 1915/1767/2130 1914/1768/2131
f 1915/1767/2130 1910/1764/2132 1914/1768/2131
f 1912/1766/2129 1913/1765/2128 1916/1769/2133
f 1916/1769/2133 1915/1767/2130 1912/1766/2129
f 1910/1764/2132 1915/1767/2130 1917/1770/2134
f 1913/1765/2135 1919/1771/2136 1918/1772/2137
f 1918/1772/2137 1919/1771/2136 1920/1773/2138
f 1919/1771/2136 1921/1774/2139 1920/1773/2138
f 1921/1774/2139 1919/1771/2136 1922/1775/2140
f 1923/1776/2141 1921/1774/2142 1924/1777/2143
f 1916/1769/2133 1922/1775/2144 1925/1778/2145
f 1926/1779/2146 1925/1778/2145 1922/1775/2144
f 1922/1775/2144 1927/1780/2147 1926/1779/2146
f 1929/1781/2148 1925/1778/2145 1928/1782/2149
f 1927/1780/2150 1929/1781/2148 1928/1782/2149
f 1925/1778/2145 1929/1781/2148 1916/1769/2133
f 1930/1783/2151 1929/1781/2148 1927/1780/2150
f 1931/1784/2152 1933/1785/2153 1932/1786/2154
f 1935/1787/2155 1932/1786/2154 1933/1785/2153
f 1935/1787/2155 1922/1775/2156 1932/1786/2154
f 1934/1788/2157 1930/1783/2158 1935/1787/1800
f 1930/1783/2151 1936/1789/2159 1937/1790/2160
f 1929/1781/2148 1930/1783/2151 1937/1790/2160
f 1937/1790/2160 1936/1789/2159 1938/1791/2161
f 1929/1781/2148 1937/1790/2160 1939/1792/2162
f 1938/1791/2161 1929/1781/2148 1939/1792/2162
f 1936/1789/2159 1929/1781/2148 1938/1791/2161
f 1929/1781/2148 1941/1793/2163 1940/1794/1093
f 1942/1795/2164 1929/1781/2148 1940/1794/1093
f 1941/1793/2163 1929/1781/2148 1936/1789/2159
f 1916/1769/2133 1944/1796/2165 1943/1797/2166
f 1946/1798/2167 1916/1769/2133 1943/1797/2166
f 1944/1796/2165 1916/1769/2133 1929/1781/2148
f 1915/1767/2130 1916/1769/2133 1946/1798/2167
f 1944/1796/2165 1947/1799/2168 1945/1800/2169
f 1929/1781/2148 1947/1799/2168 1944/1796/2165
f 1947/1799/2168 1946/1798/2167 1945/1800/2169
f 1946/1798/2167 1947/1799/2168 1915/1767/2130
f 1947/1799/2168 1929/1781/2148 1942/1795/2164
f 1942/1795/2164 1948/1801/2170 1947/1799/2168
f 1948/1801/2170 1942/1795/2164 1949/1802/2171
f 1941/1793/2172 1948/1801/2170 1949/1802/2171
f 1936/1789/2173 1951/1803/2174 1950/1804/2175
f 1951/1803/2174 1936/1789/2173 1952/1805/2176
f 1952/1805/2176 1948/1801/2177 1951/1803/2174
f 1948/1801/2178 1950/1804/2179 1954/1806/2180
f 1953/1807/2181 1954/1806/2180 1950/1804/2179
f 1954/1806/2180 1953/1807/2181 1955/1808/2182
f 1957/1809/2183 1959/1810/2184 1958/1811/2185
f 1959/1810/2184 1957/1809/2183 1960/1812/1809
f 1964/1813/2186 1965/1814/2187 1963/1815/2188
f 1962/1816/2189 1965/1814/2190 1956/1817/2191
f 1965/1814/2187 1964/1813/2186 1966/1818/2192
f 1967/1819/2193 1948/1801/2194 1964/1813/2195
f 1948/1801/2194 1967/1819/2193 1968/1820/2196
f 1968/1820/2196 1967/1819/2193 1969/1821/2197
f 1967/1819/2193 1970/1822/2198 1969/1821/2197
f 1970/1822/2198 1967/1819/2193 1971/1823/2199
f 1968/1820/2200 1973/1824/2201 1972/1825/1131
f 1947/1799/2168 1971/1823/2202 1974/1826/2203
f 1974/1826/2203 1915/1767/2130 1947/1799/2168
f 1974/1826/2203 1971/1823/2202 1975/1827/2204
f 1971/1823/2202 1976/1828/2205 1975/1827/2204
f 1915/1767/2130 1974/1826/2203 1977/1829/1135
f 1977/1829/1135 1976/1828/2206 1915/1767/2130
f 1984/1830/2207 1981/1831/2208 1983/1832/1157
f 1981/1831/2208 1984/1830/2207 1982/1833/2209
f 1987/1834/1839 1985/1835/2210 1986/1836/2211
f 1991/1837/2212 1992/1838/2213 1990/1839/2214
f 1992/1838/2213 1993/1840/60 1990/1839/2214
f 2001/1841/2215 1998/1842/2216 2000/1843/1177
f 1998/1842/2216 2001/1841/2215 1996/1844/1849
f 2003/1845/2217 2005/1846/2218 2002/1847/2219
f 2002/1847/2219 2005/1846/2218 2006/1848/2220
f 2004/1849/2221 2007/1850/2222 2008/1851/2223
f 2009/1852/2224 2008/1851/2225 2010/1853/2226
f 2011/1854/2227 2009/1852/2224 2010/1853/2226
f 2007/1850/1185 2011/1854/2228 2012/1855/2229
f 2011/1854/2228 2007/1850/1185 2013/1856/1212
f 2013/1856/2230 2014/1857/2231 2009/1852/2232
f 2015/1858/2233 2009/1852/2232 2014/1857/2231
f 2015/1858/2233 2014/1857/2231 2016/1859/2234
f 2017/1860/308 2015/1858/2233 2016/1859/2234
f 2015/1858/2233 2017/1860/308 2018/1861/1211
f 2013/1856/2230 2018/1861/1211 2017/1860/308
f 2014/1857/2231 2013/1856/2230 2019/1862/2235
f 2017/1860/308 2019/1862/2235 2013/1856/2230
f 2023/1863/2236 2022/1864/2237 2020/1865/2238
f 2024/1866/2239 2023/1863/2236 2020/1865/2238
f 2023/1863/2236 2018/1861/1211 2022/1864/2237
f 2022/1864/2237 2025/1867/2240 2021/1868/2241
f 2025/1867/2240 2024/1866/2239 2021/1868/2241
f 2025/1867/2240 2022/1864/2237 2018/1861/1211
f 2023/1863/2236 2024/1866/2239 1979/1869/1815
f 2025/1867/2240 1979/1869/1815 2024/1866/2239
f 2026/1870/81 2018/1861/1208 2027/1871/2242
f 2018/1861/1208 2028/1872/2243 2027/1871/2242
f 2028/1872/2244 2030/1873/1222 2029/1874/2245
f 2030/1873/1222 2026/1870/2246 2029/1874/2245
f 2013/1856/2247 2030/1873/1222 2028/1872/2244
f 2026/1870/2246 2030/1873/1222 2025/1867/2240
f 2031/1875/2248 2025/1867/2240 2032/1876/2249
f 2025/1867/2240 2030/1873/1222 2032/1876/2249
f 2033/1877/1221 2025/1867/2240 2031/1875/2248
f 2025/1867/2240 2033/1877/1221 1979/1869/1815
f 2035/1878/2250 2033/1877/1221 2034/1879/2251
f 2032/1876/2249 2035/1878/2250 2034/1879/2251
f 2035/1878/2250 1979/1869/1815 2033/1877/1221
f 2035/1878/2250 2032/1876/2249 2030/1873/1222
f 2035/1878/2250 2036/1880/2252 1979/1869/1815
f 2037/1881/92 2030/1873/1222 2038/1882/2253
f 2040/1883/2254 2037/1881/2255 2039/1884/2256
f 2030/1873/1222 2013/1856/2247 2042/1885/184
f 2035/1878/2257 2043/1886/2258 2044/1887/2259
f 2043/1886/2258 2035/1878/2257 2040/1883/2260
f 2043/1886/2261 2045/1888/2262 2041/1889/2263
f 2045/1888/2262 2046/1890/2264 2041/1889/2263
f 2043/1886/2261 2047/1891/2265 2045/1888/2262
f 2048/1892/2266 2050/1893/2267 2049/1894/2268
f 2051/1895/2269 2052/1896/2270 2053/1897/2271
f 2054/1898/2272 2056/1899/2273 2055/1900/2274
f 2057/1901/2275 2055/1900/2274 2056/1899/2273
f 2059/1902/1267 2058/1903/1261 2060/1904/2276
f 1997/1905/1306 2061/1906/2277 1994/1907/65
f 2061/1906/2277 1997/1905/1306 2062/1908/2278
f 2064/1909/2279 2065/1910/2280 2063/1911/2281
f 2066/1912/173 2063/1911/2281 2065/1910/2280
f 2067/1913/1948 2069/1914/2282 2068/1915/2283
f 2068/1915/2283 2069/1914/2282 2070/1916/2284
f 2071/1917/588 2073/1918/2285 2072/1919/2286
f 2075/1920/2287 2073/1918/2285 2071/1917/588
f 2075/1920/2288 2074/1921/2289 2013/1856/1212
f 2013/1856/1212 2007/1850/1185 2075/1920/2288
f 2078/1922/2290 2077/1923/2291 2076/1924/2292
f 2077/1923/2291 2078/1922/2290 2080/1925/2293
f 2079/1926/2294 2082/1927/2295 2077/1923/1954
f 2082/1927/2295 2079/1926/2294 2083/1928/2296
f 2078/1922/2297 2084/1929/2298 2081/1930/2299
f 2084/1929/2298 2078/1922/2297 2085/1931/2300
f 2085/1931/2300 2087/1932/2301 2084/1929/2298
f 2088/1933/2302 2084/1929/2298 2087/1932/2301
f 2085/1931/2303 2086/1934/2304 2089/1935/2305
f 2086/1934/2304 2088/1933/2302 2089/1935/2305
f 2084/1929/2298 2088/1933/2302 2090/1936/2306
f 2090/1936/2306 2086/1934/2307 2091/1937/2308
f 2090/1936/2306 2092/1938/1353 2084/1929/2298
f 2023/1863/2236 2091/1937/2308 2086/1934/2307
f 2090/1936/2306 2091/1937/2308 2093/1939/2309
f 2086/1934/2307 2094/1940/2310 2023/1863/2236
f 2094/1940/2310 2086/1934/2307 2095/1941/1344
f 2086/1934/2307 2096/1942/1345 2095/1941/1344
f 2086/1934/2307 2015/1858/2233 2096/1942/1345
f 2097/1943/2311 2018/1861/1211 2094/1940/2310
f 2096/1942/1345 2018/1861/1211 2097/1943/2311
f 2018/1861/1211 2023/1863/2236 2094/1940/2310
f 2015/1858/2233 2018/1861/1211 2096/1942/1345
f 2091/1937/2308 2023/1863/2236 2098/1944/2312
f 2023/1863/2236 2099/1945/2313 2098/1944/2312
f 2099/1945/2313 2090/1936/2306 2093/1939/2309
f 2090/1936/2306 2099/1945/2313 1979/1869/1815
f 2023/1863/2236 1979/1869/1815 2099/1945/2313
f 2090/1936/2306 1979/1869/1815 2100/1946/196
f 2090/1936/2306 2100/1946/196 2101/1947/2314
f 2092/1938/1353 2090/1936/2306 2101/1947/2314
f 2100/1946/196 2103/1948/2315 2102/1949/2316
f 2092/1938/1353 2102/1949/2316 2103/1948/2315
f 2103/1948/2315 2100/1946/196 1979/1869/1815
f 2103/1948/2315 2084/1929/2298 2092/1938/1353
f 2105/1950/2317 2084/1929/2318 2104/1951/2319
f 2104/1951/2320 1980/1952/2321 2106/1953/2322
f 2103/1948/2323 2108/1954/2324 1980/1952/2325
f 2108/1954/2324 2103/1948/2323 2109/1955/2326
f 2103/1948/2315 1979/1869/1815 2110/1956/1977
f 2107/1957/2327 2111/1958/2328 2108/1954/2329
f 2111/1958/2328 2107/1957/2327 2112/1959/2330
f 1978/1960/2331 2108/1954/2329 2111/1958/2328
f 2113/1961/2332 2115/1962/2333 2114/1963/2334
f 2115/1962/2335 1995/1964/2336 2117/1965/2337
f 1995/1964/2338 2116/1966/2339 2118/1967/2340
f 2119/1968/2341 2118/1967/2340 2116/1966/2339
f 2120/1969/2342 2116/1966/2343 2121/1970/2344
f 1988/1971/2345 2118/1967/2346 2122/1972/2347
f 2126/1973/2348 2124/1974/236 2125/1975/2349
f 2124/1974/236 2126/1973/2348 2127/1976/2350
f 2125/1975/2351 1989/1977/2352 2128/1978/2353
f 1989/1977/2352 2123/1979/2354 2128/1978/2353
f 2123/1979/2354 1989/1977/2352 1988/1971/2355
f 2129/1980/2356 2130/1981/2357 2131/1982/1787
f 2130/1981/2357 2132/1983/2358 2131/1982/1787
f 2134/1984/2359 2130/1981/2360 2135/1985/2361
f 2134/1984/2359 2135/1985/2361 2136/1986/2362
f 2137/1987/2363 2134/1984/2359 2136/1986/2362
f 2134/1984/2359 2137/1987/2363 2138/1988/2364
f 2140/1989/2365 2137/1987/2366 2139/1990/2367
f 2138/1988/2368 2141/1991/2369 2142/1992/2370
f 2141/1991/2371 2130/1981/2372 2143/1993/2373
f 2142/1992/2374 2147/1994/2375 2145/1995/2376
f 2146/1996/2377 2147/1994/2375 2144/1997/2378
f 2147/1994/2375 2142/1992/2374 2148/1998/2379
f 2148/1998/2379 2144/1997/2378 2147/1994/2375
f 2138/1988/2380 2144/1997/2381 2149/1999/2382
f 2149/1999/2382 2150/2000/2383 2138/1988/2380
f 1898/1751/2115 2138/1988/2380 2150/2000/2383
f 2150/2000/2383 2151/2001/2384 1898/1751/2115
f 2152/2002/2385 1898/1751/2115 2151/2001/2384
f 1898/1751/2115 2152/2002/2385 1896/1749/2113
f 2149/1999/2386 1896/1749/2113 2152/2002/2385
f 2155/2003/692 2157/2004/2387 2153/2005/2388
f 2154/2006/689 2157/2004/2387 2156/2007/2389
f 2157/2004/2387 2155/2003/692 2158/2008/2390
f 2158/2008/2390 2156/2007/2389 2157/2004/2387
f 2162/2009/2391 2160/2010/2392 2161/2011/2393
f 2160/2010/2392 2162/2009/2391 2163/2012/701
f 1922/1775/2394 2164/2013/2395 1934/1788/2157
f 2164/2013/2395 1930/1783/2158 1934/1788/2157
f 2166/2014/2396 2168/2015/706 2167/2016/2397
f 2165/2017/2012 2167/2016/2397 2169/2018/2398
f 2170/2019/708 2167/2016/2397 2168/2015/706
f 2168/2015/2399 1922/1775/2140 1919/1771/2136
f 2171/2020/2400 2159/2021/2401 2172/2022/1436
f 2173/2023/1435 2172/2022/1436 2159/2021/2401
f 2174/2024/1438 2178/2025/2402 2175/2026/710
f 2177/2027/2403 2178/2025/2404 2176/2028/2405
f 2178/2025/2402 2174/2024/1438 2179/2029/2406
f 2183/2030/2407 2181/2031/2408 2182/2032/2409
f 2182/2032/2409 2184/2033/722 2183/2030/2407
f 2181/2031/2408 2183/2030/2407 2185/2034/2410
f 2186/2035/2411 2183/2030/2407 2184/2033/722
f 2189/2036/2412 2187/2037/2413 2188/2038/2414
f 2187/2037/2413 2189/2036/2412 2143/1993/2016
f 2190/2039/2415 2130/1981/2416 2191/2040/2417
f 2192/2041/2418 2193/2042/2419 2191/2040/2417
f 2191/2040/2417 2193/2042/2419 2194/2043/2420
f 2191/2040/2421 2133/2044/2422 2195/2045/2023
f 2133/2044/2422 2196/2046/2423 2195/2045/2023
f 2190/2039/2424 2196/2046/2425 2197/2047/2426
f 2197/2047/2427 2133/2044/2428 2198/2048/2429
f 2199/2049/2430 2198/2048/2429 2133/2044/2428
f 2198/2048/2429 2199/2049/2430 2200/2050/2431
f 2201/2051/2432 2200/2050/2431 2199/2049/2430
f 2197/2047/2427 2198/2048/2429 2202/2052/2433
f 2201/2051/2432 2197/2047/2427 2202/2052/2433
f 1903/1756/2119 1896/1749/2113 1906/1758/2123
f 2203/2053/2434 1904/1757/2120 1903/1756/2119
f 1904/1757/2120 2203/2053/2434 2205/2054/2435
f 1899/1752/2116 1904/1757/2120 2204/2055/2436
f 2205/2054/2435 1899/1752/2116 2204/2055/2436
f 1899/1752/2116 2205/2054/2435 2203/2053/2434
f 1899/1752/2116 2203/2053/2434 2206/2056/2437
f 1899/1752/2116 2206/2056/2437 2207/2057/2438
f 2208/2058/2439 1899/1752/2116 2207/2057/2438
f 2206/2056/2437 2210/2059/2440 2209/2060/2441
f 2210/2059/2440 2206/2056/2437 2203/2053/2434
f 2208/2058/2439 2209/2060/2441 2210/2059/2440
f 1961/2061/2442 2211/2062/2443 2203/2053/2434
f 2212/2063/2444 2203/2053/2434 2211/2062/2443
f 2203/2053/2434 2212/2063/2444 2210/2059/2440
f 2213/2064/271 2214/2065/2445 2212/2063/2446
f 2215/2066/1478 2219/2067/2447 2216/2068/2448
f 2219/2067/2447 2218/2069/763 2217/2070/2449
f 2219/2067/2447 2215/2066/1478 2220/2071/2450
f 2218/2069/763 2219/2067/2447 2220/2071/2450
f 2221/2072/2451 2222/2073/2452 2210/2059/2440
f 2223/2074/2453 2210/2059/2440 2222/2073/2452
f 2210/2059/2440 2223/2074/2453 2208/2058/2439
f 1899/1752/2116 2208/2058/2439 2223/2074/2453
f 2223/2074/2453 2224/2075/2454 1899/1752/2116
f 1898/1751/2115 1899/1752/2116 2224/2075/2454
f 2223/2074/2453 2222/2073/2452 2225/2076/2455
f 2226/2077/2456 2223/2074/2453 2225/2076/2455
f 2221/2072/2457 2227/2078/2458 2226/2077/2456
f 2223/2074/2453 2226/2077/2456 2227/2078/2458
f 2227/2078/2458 2221/2072/2457 2230/2079/2459
f 2230/2079/2460 2232/2080/2461 2228/2081/2462
f 2232/2080/2461 2231/2082/2463 2229/2083/2464
f 2232/2080/2461 2230/2079/2460 2233/2084/2465
f 2233/2084/2465 2231/2082/2463 2232/2080/2461
f 2234/2085/1498 2227/2078/2466 2231/2082/2467
f 2235/2086/783 2237/2087/2468 2236/2088/2469
f 2237/2087/2468 2235/2086/783 2238/2089/1502
f 2239/2090/2470 2243/2091/2471 2240/2092/2472
f 2241/2093/2473 2243/2091/2471 2242/2094/1505
f 2244/2095/2474 2240/2092/2472 2243/2091/2471
f 2246/2096/2475 2248/2097/1515 2247/2098/2476
f 2248/2097/1515 2249/2099/2477 2247/2098/2476
f 2250/2100/800 2248/2097/1515 2246/2096/2475
f 2249/2099/2477 2248/2097/1515 2251/2101/801
f 2252/2102/2478 2254/2103/286 2253/2104/288
f 2254/2103/286 2252/2102/2478 2255/2105/2044
f 2256/2106/2479 2234/2085/2480 2255/2105/2481
f 2261/2107/292 2260/2108/2482 2259/2109/290
f 2263/2110/2483 2260/2108/2484 2262/2111/2485
f 2258/2112/2486 2263/2110/2483 2262/2111/2485
f 2263/2110/2483 2227/2078/2487 2260/2108/2484
f 2263/2110/2483 2258/2112/2486 2256/2106/2488
f 2264/2113/2489 2265/2114/382 2227/2078/2458
f 2266/2115/2490 2227/2078/2458 2265/2114/382
f 2227/2078/2458 2266/2115/2490 2223/2074/2453
f 2264/2113/2491 2268/2116/2492 2267/2117/2493
f 2268/2116/2492 2266/2115/2490 2267/2117/2493
f 2268/2116/2492 2223/2074/2453 2266/2115/2490
f 2268/2116/2492 2264/2113/2491 2263/2110/2494
f 2223/2074/2453 2268/2116/2492 2269/2118/2495
f 2269/2118/2495 2270/2119/2496 2223/2074/2453
f 2224/2075/2454 2223/2074/2453 2270/2119/2496
f 2273/2120/2497 2275/2121/2498 2274/2122/2499
f 2275/2121/2498 2273/2120/2497 2276/2123/2500
f 2180/2124/2501 2277/2125/2502 2273/2120/2503
f 2279/2126/2504 2278/2127/2505 2180/2124/2506
f 2280/2128/2507 2282/2129/2508 2281/2130/2509
f 1913/1765/2510 1917/1770/2511 2280/2128/2512
f 2278/2127/2513 1917/1770/2134 2277/2125/2514
f 2283/2131/2515 2285/2132/301 2284/2133/2516
f 2284/2133/2516 2285/2132/301 2286/2134/2517
f 2287/2135/2518 2245/2136/2519 2284/2133/2520
f 2245/2136/2521 2288/2137/2522 2289/2138/2523
f 2291/2139/2524 2292/2140/2525 2290/2141/2526
f 2287/2135/2527 2293/2142/2528 2288/2137/2529
f 2293/2142/2528 2287/2135/2527 2294/2143/2530
f 2294/2143/2530 2287/2135/2527 2295/2144/2531
f 2287/2135/2527 2296/2145/2532 2295/2144/2531
f 2298/2146/2533 2294/2143/2530 2297/2147/2534
f 2297/2147/2534 2296/2145/2532 2298/2146/2533
f 2121/1970/2344 2298/2146/2533 2296/2145/2532
f 2287/2135/2527 2121/1970/2344 2296/2145/2532
f 2287/2135/2535 1989/1977/2352 2125/1975/2351
f 2298/2146/2533 2121/1970/2344 2299/2148/2536
f 2299/2148/2536 2300/2149/2537 2298/2146/2533
f 2299/2148/2536 2121/1970/2344 2301/2150/2538
f 2300/2149/2537 2299/2148/2536 2302/2151/2539
f 2303/2152/2540 2300/2149/2537 2302/2151/2539
f 2121/1970/2344 2303/2152/2540 2301/2150/2538
f 2116/1966/2343 2300/2149/2537 2303/2152/2540
f 2303/2152/2540 2121/1970/2344 2116/1966/2343
f 2116/1966/2541 2306/2153/2542 2304/2154/2543
f 2307/2155/2544 2306/2153/2545 2308/2156/2546
f 2300/2149/2537 2116/1966/2343 2305/2157/2547
f 2306/2153/2542 2116/1966/2541 2113/1961/225
f 2309/2158/2548 2310/2159/2549 2311/2160/2060
f 2312/2161/2550 2311/2160/2060 2310/2159/2549
f 2315/2162/2551 2314/2163/2552 2313/2164/2553
f 2314/2163/2552 2315/2162/2551 2316/2165/2554
f 2318/2166/1621 2319/2167/2555 2317/2168/2064
f 2319/2167/2555 2318/2166/1621 2320/2169/2556
f 1999/2170/2557 2323/2171/2558 2322/2172/2559
f 2323/2171/2560 2257/2173/2561 2324/2174/2562
f 2324/2174/2563 2325/2175/2564 2321/2176/2565
f 2321/2176/2565 2325/2175/2564 2326/2177/2566
f 2328/2178/2567 2329/2179/334 2327/2180/2568
f 2329/2179/334 2328/2178/2567 2330/2181/2569
f 2199/2049/2430 2331/2182/2570 2201/2051/2432
f 2197/2047/2427 2201/2051/2432 2331/2182/2570
f 2331/2182/2570 2199/2049/2430 2332/2183/2571
f 2333/2184/2572 2332/2183/2571 2199/2049/2430
f 2331/2182/2570 2332/2183/2571 2334/2185/2573
f 2332/2183/2571 2333/2184/2572 2335/2186/2574
f 2336/2187/2575 2335/2186/2574 2333/2184/2572
f 2336/2187/2575 2331/2182/2570 2334/2185/2573
f 2333/2184/2572 2337/2188/2576 2336/2187/2575
f 2331/2182/2570 2336/2187/2575 2337/2188/2576
f 2337/2188/2576 2333/2184/2572 2338/2189/1726
f 2337/2188/2576 2339/2190/2577 2331/2182/2570
f 2339/2190/2577 2337/2188/2576 2340/2191/2578
f 2337/2188/2576 2341/2192/2579 2340/2191/2578
f 2343/2193/2580 2339/2190/2581 2342/2194/2582
f 2341/2192/2583 2343/2193/2580 2342/2194/2582
f 2337/2188/2576 2344/2195/2584 2341/2192/2579
f 2331/2182/2570 2343/2193/2585 2345/2196/2586
f 2331/2182/2570 2345/2196/2586 2346/2197/2587
f 2347/2198/2588 2331/2182/2570 2346/2197/2587
f 2197/2047/2427 2331/2182/2570 2347/2198/2588
f 2349/2199/2589 2348/2200/2590 2350/2201/2591
f 2197/2047/2592 2351/2202/2593 2353/2203/2594
f 2190/2039/2424 2197/2047/2426 2354/2204/2595
f 2352/2205/2596 2355/2206/2597 2354/2204/2598
f 2355/2206/2597 2352/2205/2596 2356/2207/2599
f 2358/2208/1668 2359/2209/350 2357/2210/2600
f 2360/2211/2601 2357/2210/2600 2359/2209/350
f 2293/2142/2528 1915/1767/2130 1976/1828/2206
f 1915/1767/2130 2293/2142/2528 2361/2212/1543
f 1917/1770/2134 1915/1767/2130 2361/2212/1543
f 2293/2142/2602 1971/1823/2603 2290/2141/2604
f 2361/2212/1543 2293/2142/2528 2363/2213/2605
f 2293/2142/2528 2364/2214/2606 2363/2213/2605
f 1917/1770/2134 2361/2212/1543 2362/2215/2607
f 2362/2215/2607 2364/2214/2606 1917/1770/2134
f 2298/2146/2533 1917/1770/2134 2364/2214/2606
f 2293/2142/2528 2298/2146/2533 2364/2214/2606
f 1917/1770/2134 2298/2146/2533 2365/2216/2608
f 2277/2125/2514 1917/1770/2134 2365/2216/2608
f 2298/2146/2533 2293/2142/2528 2294/2143/2530
f 2277/2125/2514 2365/2216/2608 2366/2217/2609
f 2366/2217/2609 2367/2218/2610 2277/2125/2514
f 2365/2216/2608 2298/2146/2533 2368/2219/2611
f 2298/2146/2533 2367/2218/2610 2368/2219/2611
f 2370/2220/355 2369/2221/955 2371/2222/2612
f 2372/2223/2613 2371/2222/2612 2369/2221/955
f 2373/2224/2614 2272/2225/2615 2374/2226/962
f 2272/2225/2615 2372/2223/2616 2374/2226/962
f 2372/2223/2616 2272/2225/2615 2277/2125/2617
f 2300/2149/2537 2277/2125/2514 2367/2218/2610
f 2308/2156/2618 2272/2225/2615 2373/2224/2614
f 2298/2146/2533 2300/2149/2537 2367/2218/2610
f 2375/2227/2619 2377/2228/359 2376/2229/2620
f 2377/2228/359 2375/2227/2619 2378/2230/2621
f 2381/2231/2622 2379/2232/2623 2382/2233/2624
f 2380/2234/2625 2382/2233/2624 2379/2232/2623
f 2384/2235/2626 2386/2236/2627 2383/2237/2628
f 2386/2236/2627 2384/2235/2626 2385/2238/2629
f 2076/1924/2630 2343/2193/2631 2387/2239/2632
f 2387/2239/2633 2344/2195/2634 2388/2240/2635
f 2344/2195/2634 2389/2241/2636 2388/2240/2635
f 2389/2241/2637 2076/1924/2292 2390/2242/2638
f 2076/1924/2292 2389/2241/2637 2078/1922/2290
f 2078/1922/2639 2392/2243/2640 2391/2244/2641
f 2078/1922/2639 2344/2195/2584 2392/2243/2640
f 2392/2243/2640 2015/1858/2233 2393/2245/2642
f 2015/1858/2233 2392/2243/2640 2344/2195/2584
f 2015/1858/2233 2394/2246/2643 2393/2245/2642
f 2394/2246/2643 2078/1922/2639 2391/2244/2641
f 2078/1922/2639 2394/2246/2643 2086/1934/2307
f 2015/1858/2233 2086/1934/2307 2394/2246/2643
f 2395/2247/2644 2344/2195/2584 2396/2248/1721
f 2344/2195/2584 2397/2249/2645 2396/2248/1721
f 2344/2195/2584 2395/2247/2644 2015/1858/2233
f 2344/2195/2584 2337/2188/2576 2397/2249/2645
f 2395/2247/2644 2398/2250/2646 2009/1852/2232
f 2397/2249/2645 2009/1852/2232 2398/2250/2646
f 2009/1852/2232 2397/2249/2645 2337/2188/2576
f 2009/1852/2232 2015/1858/2233 2395/2247/2644
f 2337/2188/2576 2399/2251/2647 2009/1852/2232
f 2399/2251/2647 2337/2188/2576 2400/2252/2648
f 2337/2188/2576 2338/2189/1726 2400/2252/2648
f 2399/2251/2649 2401/2253/2650 2004/1849/2651
f 2338/2189/2652 2004/1849/2651 2401/2253/2650
f 2333/2184/2572 2402/2254/2653 2004/1849/2654
f 2402/2254/2653 2333/2184/2572 2403/2255/2655
f 2333/2184/2572 2404/2256/2656 2403/2255/2655
f 2333/2184/2572 2323/2171/2657 2404/2256/2656
f 2405/2257/2658 2406/2258/2659 2407/2259/2660
f 1898/1751/2115 2224/2075/2454 2271/2260/2661
f 2269/2118/2495 1898/1751/2115 2271/2260/2661
f 1898/1751/2115 2269/2118/2495 2268/2116/2492
f 2268/2116/2492 2408/2261/2662 1898/1751/2115
f 2408/2261/2662 2268/2116/2492 2409/2262/2663
f 2410/2263/2664 2409/2262/2663 2268/2116/2492
f 2138/1988/2380 2408/2261/2662 2411/2264/2665
f 2410/2263/2666 2138/1988/2380 2411/2264/2665
f 2138/1988/2380 1898/1751/2115 2408/2261/2662
f 2268/2116/2492 2134/1984/2667 2410/2263/2664
f 2134/1984/2667 2268/2116/2492 2412/2265/2668
f 2263/2110/2494 2412/2265/2668 2268/2116/2492
f 2134/1984/2667 2412/2265/2668 2413/2266/2669
f 2412/2265/2668 2263/2110/2494 2414/2267/2670
f 2415/2268/2671 2414/2267/2670 2263/2110/2494
f 2415/2268/2671 2134/1984/2667 2413/2266/2669
f 2263/2110/2494 2416/2269/2672 2415/2268/2671
f 2134/1984/2667 2415/2268/2671 2416/2269/2672
f 2416/2269/2672 2263/2110/2494 2417/2270/2673
f 2419/2271/2674 2418/2272/2675 2420/2273/2676
f 2417/2270/2677 2256/2106/2678 2420/2273/2679
f 2416/2269/2672 2417/2270/2673 2421/2274/2680
f 2422/2275/2681 2420/2273/2679 2256/2106/2678
f 2422/2275/2682 2416/2269/2672 2421/2274/2680
f 2416/2269/2672 2422/2275/2682 2423/2276/2683
f 2257/2173/2684 2424/2277/2685 2256/2106/2686
f 2424/2277/1767 2426/2278/1024 2425/2279/2687
f 2423/2276/2688 2424/2277/2689 2427/2280/2690
f 2426/2278/1024 2424/2277/1767 2428/2281/2691
f 2429/2282/2692 2423/2276/2688 2427/2280/2690
f 2257/2173/2561 2323/2171/2560 2429/2282/2693
f 2431/2283/2694 2323/2171/2657 2430/2284/2695
f 2432/2285/2696 2430/2284/2695 2323/2171/2657
f 2432/2285/2696 2199/2049/2430 2433/2286/2697
f 2199/2049/2430 2431/2283/2694 2433/2286/2697
f 2199/2049/2430 2432/2285/2696 2333/2184/2572
f 2323/2171/2657 2333/2184/2572 2432/2285/2696
f 2199/2049/2430 2423/2276/2683 2431/2283/2694
f 2323/2171/2657 2431/2283/2694 2423/2276/2683
f 2423/2276/2683 2199/2049/2430 2434/2287/2698
f 2434/2287/2698 2435/2288/2699 2423/2276/2683
f 2436/2289/2700 2423/2276/2683 2435/2288/2699
f 2423/2276/2683 2436/2289/2700 2416/2269/2672
f 2133/2044/2428 2436/2289/2700 2437/2290/2701
f 2434/2287/2698 2133/2044/2428 2437/2290/2701
f 2133/2044/2428 2416/2269/2672 2436/2289/2700
f 2133/2044/2428 2434/2287/2698 2199/2049/2430
f 2416/2269/2672 2133/2044/2428 2129/1980/2702
f 2129/1980/2702 2438/2291/2703 2416/2269/2672
f 2132/1983/2704 2416/2269/2672 2438/2291/2703
f 2416/2269/2672 2132/1983/2704 2134/1984/2667
f 2131/1982/2705 2439/2292/2706 2440/2293/2707
f 2443/2294/2708 2442/2295/2709 2444/2296/2710
f 2444/2296/2710 2445/2297/2711 2443/2294/2708
f 2444/2296/2710 2442/2295/2709 2446/2298/1046
f 2445/2297/2711 2444/2296/2710 2447/2299/2712
f 2453/2300/2713 2452/2301/2714 2451/2302/2715
f 2450/2303/2121 2453/2300/2713 2451/2302/2715
f 2457/2304/2716 2454/2305/2717 2458/2306/2718
f 2454/2305/2719 2456/2307/2720 2459/2308/2721
f 2458/2306/2722 2463/2309/2723 2461/2310/1067
f 2463/2309/2723 2460/2311/2724 2462/2312/2725
f 2463/2309/2723 2458/2306/2722 2464/2313/2726
f 2464/2313/2726 2460/2311/2724 2463/2309/2723
f 2465/2314/2727 2457/2304/2728 2460/2311/1064
f 2470/2315/2729 2468/2316/2730 2469/2317/1073
f 2471/2318/2731 2470/2315/2729 2469/2317/1073
f 2465/2314/2727 2468/2316/2732 2457/2304/2728
f 2465/2314/2733 2472/2319/2734 2471/2318/2735
f 2467/2320/1072 2473/2321/2141 2471/2318/2731
f 2468/2316/17 2474/2322/2736 2466/2323/2737
f 2472/2319/2734 2465/2314/2733 2475/2324/2738
f 2475/2324/2739 2479/2325/2740 2476/2326/2741
f 2477/2327/2742 2479/2325/2740 2478/2328/437
f 2479/2325/2740 2475/2324/2739 2480/2329/2743
f 2480/2329/2743 2478/2328/437 2479/2325/2740
f 2483/2330/2744 2472/2319/2745 2482/2331/2746
f 2483/2330/2744 2482/2331/2746 2484/2332/2747
f 2484/2332/2747 2481/2333/2748 2483/2330/2744
f 2488/2334/2749 2487/2335/2750 2486/2336/2751
f 2487/2335/2750 2488/2334/2749 2489/2337/2752
f 2497/2338/2753 2494/2339/2754 2498/2340/2755
f 2498/2340/2755 2495/2341/453 2497/2338/2753
f 2496/2342/1103 2498/2340/2755 2494/2339/2754
f 2495/2341/453 2498/2340/2755 2499/2343/1104
f 2502/2344/2756 2493/2326/2164 2503/2345/457
f 2491/2324/2757 2503/2345/457 2493/2326/2164
f 2503/2345/457 2492/2327/2758 2502/2344/2756
f 2492/2327/2758 2503/2345/457 2490/2328/2759
f 2485/2346/2760 2501/2347/2761 2492/2327/2762
f 2501/2347/2761 2485/2346/2760 2504/2348/2763
f 2505/2349/2764 2501/2347/2765 2507/2350/2766
f 2509/2351/2767 2506/2352/2768 2508/2353/2769
f 2508/2353/2769 2510/2354/2770 2509/2351/2767
f 2506/2352/2768 2510/2354/2770 2511/2355/2771
f 2511/2355/2771 2501/2347/2772 2506/2352/2768
f 2510/2354/2770 2506/2352/2768 2512/2356/2773
f 2506/2352/2768 2509/2351/2767 2512/2356/2773
f 2510/2354/2770 2512/2356/2773 2513/2357/2774
f 2509/2351/2767 2510/2354/2770 2513/2357/2774
f 2510/2354/2770 2515/2358/2775 2514/2359/2776
f 2511/2355/2771 2510/2354/2770 2514/2359/2776
f 2501/2347/2772 2511/2355/2771 2516/2360/2777
f 2516/2360/2777 2515/2358/2778 2501/2347/2772
f 2518/2320/2779 2500/2361/2780 2501/2347/2781
f 2518/2320/2782 2520/2317/2783 2519/2318/2784
f 2520/2317/2783 2518/2320/2782 2521/2362/2197
f 2523/2363/2785 2500/2361/2780 2522/2323/2786
f 2522/2323/2786 2500/2361/2780 2524/2322/2787
f 2500/2361/2780 2518/2320/2779 2524/2322/2787
f 2528/2364/2788 2525/2312/2203 2526/2365/2789
f 2525/2312/2203 2528/2364/2788 2529/2311/487
f 2530/2306/2790 2528/2364/2791 2527/2310/2792
f 2535/2366/2793 2538/2367/2794 2533/2368/2795
f 2539/2369/2796 2535/2366/2797 2531/2370/1814
f 2538/2367/2794 2535/2366/2793 2540/2371/2798
f 2534/2372/2799 2540/2371/1824 2537/2373/1821
f 2539/2369/2800 2541/2374/2801 2537/2373/2802
f 2543/2375/2803 2536/2376/2804 2542/2377/2805
f 2543/2375/2803 2542/2377/2805 2544/2378/2806
f 2545/2379/1830 2543/2375/2803 2544/2378/2806
f 2543/2375/2803 2545/2379/1830 2546/2380/2807
f 2547/2381/2808 2542/2377/2809 2548/2382/2810
f 2542/2377/2809 2541/2374/1826 2548/2382/2810
f 2552/2383/1160 2546/2380/1834 2551/2384/1161
f 2555/2385/2811 2552/2383/2812 2554/2386/2813
f 2550/2387/2814 2555/2385/2815 2549/2388/2816
f 2555/2385/2815 2550/2387/2814 2556/2389/2817
f 2557/2390/2818 2553/2391/2819 2552/2383/2820
f 2557/2390/2821 2550/2387/1841 2541/2374/2822
f 2558/2392/2823 2559/2393/2824 2560/2394/2825
f 2559/2393/2824 2561/2395/2826 2560/2394/2825
f 2560/2394/2825 2561/2395/2826 2562/2396/2827
f 2561/2395/2826 2563/2397/2828 2562/2396/2827
f 2558/2392/2823 2560/2394/2825 2564/2398/2829
f 2563/2397/2828 2558/2392/2823 2564/2398/2829
f 2565/2399/2830 2558/2392/2823 2563/2397/2828
f 2563/2397/2828 2561/2395/2826 2565/2399/2830
f 2567/2400/2831 2558/2392/2832 2566/2401/2833
f 2565/2399/2830 2561/2395/2826 2568/2402/2834
f 2561/2395/2826 2569/2403/2835 2568/2402/2834
f 2565/2399/2830 2568/2402/2834 2571/2404/2836
f 2568/2402/2834 2569/2403/2835 2572/2405/2837
f 2569/2403/2835 2573/2406/2838 2572/2405/2837
f 2573/2406/2838 2565/2399/2830 2571/2404/2836
f 2573/2406/2838 2569/2403/2835 2574/2407/2839
f 2574/2407/2839 2565/2399/2830 2573/2406/2838
f 2574/2407/2839 2569/2403/2835 2575/2408/2840
f 2569/2403/2835 2576/2409/2841 2575/2408/2840
f 2574/2407/2839 2575/2408/2840 2577/2410/2842
f 2578/2411/71 2574/2407/2839 2577/2410/2842
f 2579/2412/1853 2575/2408/2840 2576/2409/2841
f 2576/2409/2841 2578/2411/71 2579/2412/1853
f 2576/2409/2841 2580/2413/2843 2578/2411/71
f 2580/2413/2843 2574/2407/2839 2578/2411/71
f 2576/2409/516 2583/2414/2844 2582/2415/514
f 2581/2416/2845 2584/2417/2846 2582/2415/514
f 2585/2418/1189 2582/2415/514 2583/2414/2844
f 2583/2414/2844 2586/2419/2847 2585/2418/1189
f 2584/2417/2846 2581/2416/2845 2587/2420/2848
f 2586/2419/2847 2583/2414/2844 2588/2421/2849
f 2594/2422/2235 2589/2423/2850 2590/2424/2231
f 2591/2425/1202 2594/2422/2235 2593/2426/2851
f 2589/2423/2850 2594/2422/2235 2595/2427/2852
f 2594/2422/2235 2591/2425/1202 2595/2427/2852
f 2588/2421/2853 2592/2428/2854 2596/2429/2855
f 2596/2429/2855 2592/2428/2854 2597/2430/2856
f 2601/2431/2857 2604/2432/2858 2603/2433/2859
f 2604/2432/2858 2602/2434/2860 2603/2433/2859
f 2601/2431/2857 2605/2435/2861 2604/2432/2858
f 2606/2436/2862 2607/2437/2863 2596/2429/530
f 2597/2430/2864 2599/2438/2865 2608/2439/2866
f 2607/2437/2863 2606/2436/2862 2609/2440/2867
f 2611/2441/2868 2612/2442/2869 2610/2443/2870
f 2612/2442/2869 2611/2441/2868 2613/2444/2871
f 2615/2445/2872 2598/2446/2873 2614/2447/2874
f 2617/2448/2875 2598/2446/528 2616/2449/548
f 2619/2450/2876 2617/2448/2875 2618/2451/2877
f 2620/2452/2878 2598/2446/528 2617/2448/2875
f 2619/2450/2876 2620/2452/2878 2617/2448/2875
f 2598/2446/528 2620/2452/2878 2600/2453/2879
f 2621/2454/2880 2623/2455/2881 2622/2456/2882
f 2630/2457/2883 2629/2458/2884 2627/2459/112
f 2630/2457/2883 2628/2460/2885 2629/2458/2884
f 2627/2459/112 2532/2461/2886 2630/2457/2883
f 2631/2462/2887 2626/2463/2888 2625/2459/2889
f 2631/2462/2887 2632/2460/2890 2626/2463/2888
f 2632/2460/2890 2631/2462/2887 2633/2464/2891
f 2638/2373/2892 2639/2465/2893 2637/2466/2894
f 2624/2467/2895 2641/2367/2896 2640/2368/2897
f 2642/2372/124 2639/2465/2893 2638/2373/2892
f 2642/2372/2898 2641/2367/126 2634/2468/2899
f 2634/2468/2899 2643/2469/2900 2642/2372/2898
f 2620/2452/2878 2619/2450/2876 2644/2470/2901
f 2644/2470/2902 2643/2469/2903 2645/2381/2904
f 2620/2452/2878 2644/2470/2901 2646/2471/2905
f 2647/2472/2906 2620/2452/2878 2646/2471/2905
f 2647/2472/2907 2645/2381/2904 2643/2469/2903
f 2648/2473/2908 2620/2452/2878 2647/2472/2906
f 2650/2383/1261 2651/2474/2909 2649/2384/2910
f 2651/2474/2909 2650/2383/1261 2654/2386/1268
f 2652/2388/2911 2655/2475/2912 2653/2385/2913
f 2655/2475/2912 2654/2386/2914 2653/2385/2913
f 2643/2469/139 2655/2475/2912 2652/2388/2911
f 2655/2475/2912 2656/2476/2915 2654/2386/2914
f 2660/2477/2916 2657/2478/140 2658/2479/2917
f 2658/2479/2917 2659/2480/2918 2660/2477/2916
f 2657/2478/140 2660/2477/2916 2661/2481/1275
f 2660/2477/2916 2659/2480/2918 2662/2482/2919
f 2664/2483/146 2665/2484/2920 2663/2485/2921
f 2665/2484/2920 2664/2483/146 2636/2486/2922
f 2664/2483/146 2635/2487/2923 2636/2486/2922
f 2670/2488/2924 2668/2480/2925 2666/2482/2926
f 2668/2480/2925 2670/2488/2924 2671/2489/2927
f 2667/2481/2928 2671/2489/2927 2670/2488/2924
f 2669/2478/2929 2671/2489/2927 2667/2481/2928
f 2673/2490/1288 2676/2491/2930 2672/2492/2931
f 2676/2491/2930 2674/2493/2932 2675/2494/2933
f 2676/2491/2930 2673/2490/1288 2677/2495/1928
f 2674/2493/2932 2676/2491/2930 2677/2495/1928
f 2681/2496/2934 2682/2497/1935 2680/2498/2935
f 2679/2499/1298 2682/2497/1935 2678/2500/2936
f 2678/2500/2936 2682/2497/1935 2683/2501/2937
f 2682/2497/1935 2681/2496/2934 2683/2501/2937
f 2656/2476/2938 2567/2400/2831 2684/2502/2939
f 2684/2502/2939 2567/2400/2831 2685/2503/2940
f 2567/2400/2831 2566/2401/2833 2685/2503/2940
f 2686/2504/2941 2570/2505/2942 2566/2401/65
f 2566/2401/65 2565/2399/2943 2686/2504/2941
f 2687/2506/2944 2570/2505/2942 2686/2504/2941
f 2565/2399/2830 2574/2407/2839 2688/2507/2945
f 2689/2508/2946 2688/2507/2945 2574/2407/2839
f 2574/2407/2839 2690/2509/2947 2689/2508/2946
f 2656/2476/2948 2688/2507/2949 2691/2510/2950
f 2690/2509/2951 2656/2476/2948 2691/2510/2950
f 2574/2407/2839 2648/2473/2908 2690/2509/2947
f 2648/2473/2908 2574/2407/2839 2692/2511/2952
f 2574/2407/2839 2580/2413/2843 2692/2511/2952
f 2648/2473/2908 2692/2511/2952 2693/2512/2953
f 2694/2513/2954 2692/2511/2952 2580/2413/2843
f 2695/2514/587 2648/2473/2908 2693/2512/2953
f 2580/2413/2843 2695/2514/587 2694/2513/2954
f 2620/2452/2878 2648/2473/2908 2695/2514/587
f 2695/2514/587 2580/2413/2843 2620/2452/2878
f 2620/2452/2878 2580/2413/2843 2696/2515/1950
f 2620/2452/2878 2696/2515/1950 2697/2516/2955
f 2600/2453/2879 2620/2452/2878 2697/2516/2955
f 2588/2421/521 2600/2453/2956 2698/2517/2957
f 2696/2515/2958 2588/2421/521 2698/2517/2957
f 2699/2518/2959 2543/2375/2803 2700/2519/2960
f 2546/2380/2807 2700/2519/2960 2543/2375/2803
f 2543/2375/2803 2699/2518/2959 2701/2520/2961
f 2702/2521/2962 2704/2522/188 2703/2523/2963
f 2701/2520/2961 2705/2524/2964 2543/2375/2803
f 2703/2523/2963 2704/2522/188 2706/2517/2965
f 2704/2522/2966 2543/2375/2803 2705/2524/2964
f 2543/2375/2803 2704/2522/2966 2707/2525/2298
f 2702/2521/2967 2709/2526/2968 2708/2436/2969
f 2711/2527/2970 2710/2430/2971 2712/2528/2972
f 2710/2430/2971 2711/2527/2970 2713/2439/2973
f 2709/2526/2974 2714/2529/2975 2711/2527/2976
f 2718/2530/2977 2715/2531/2978 2717/2532/2979
f 2715/2531/2978 2718/2530/2977 2719/2533/2980
f 2718/2530/2977 2716/2534/1345 2719/2533/2980
f 2716/2534/1345 2718/2530/2977 2720/2535/2981
f 2721/2431/2982 2723/2536/1960 2722/2537/2983
f 2723/2536/1960 2724/2434/2984 2722/2537/2983
f 2724/2434/2984 2723/2536/1960 2725/2538/2985
f 2727/2539/2986 2728/2540/2987 2726/2541/196
f 2728/2540/2987 2727/2539/2986 2729/2542/2988
f 2707/2525/2989 2730/2543/2990 2731/2544/2991
f 2733/2545/2992 2707/2525/2298 2732/2546/2993
f 2543/2375/2803 2707/2525/2298 2733/2545/2992
f 2733/2545/2992 2734/2547/2994 2536/2376/2804
f 2536/2376/2804 2543/2375/2803 2733/2545/2992
f 2536/2376/2995 2731/2544/2991 2730/2543/2990
f 2736/2548/2996 2735/2549/1970 2737/2550/2997
f 2742/2551/2998 2738/2500/2999 2741/2499/3000
f 2740/2498/3001 2744/2552/3002 2742/2551/2998
f 2738/2500/2999 2742/2551/2998 2744/2552/3002
f 2744/2552/3002 2740/2498/3001 2739/2496/3003
f 2749/2553/3004 2746/2554/3005 2748/2555/3006
f 2745/2556/3007 2749/2553/3004 2747/2557/3008
f 2750/2558/1991 2746/2554/3005 2749/2553/3004
f 2749/2553/3004 2745/2556/3007 2750/2558/1991
f 2754/2559/1380 2756/2560/3009 2753/2561/3010
f 2752/2562/1377 2756/2560/649 2751/2563/161
f 2756/2560/3009 2754/2559/1380 2757/2564/3011
f 2755/2565/3012 2558/2392/3013 2754/2559/3014
f 2558/2392/2832 2567/2400/2831 2751/2563/2340
f 2558/2392/3013 2755/2565/3012 2758/2566/3015
f 2758/2566/3015 2755/2565/3012 2759/2567/3016
f 2755/2565/3012 2760/2568/3017 2759/2567/3016
f 2761/2569/3018 2760/2568/3019 2762/2570/3020
f 2764/2571/3021 2763/2572/3022 2766/2573/3023
f 2764/2571/3024 2767/2574/3025 2765/2575/3026
f 2768/2576/2361 2772/2577/3027 2769/2578/3028
f 2772/2577/3027 2770/2579/3029 2769/2578/3028
f 2774/2580/3030 2770/2579/3031 2773/2581/1401
f 2768/2576/3032 2774/2580/3030 2773/2581/1401
f 2774/2580/3030 2771/2582/3033 2770/2579/3031
f 2774/2580/3030 2768/2576/3032 2764/2571/3034
f 2771/2582/3035 2775/2583/3036 2777/2584/3037
f 2778/2585/3038 2771/2582/3035 2777/2584/3037
f 2775/2583/3039 2780/2586/3040 2779/2587/3041
f 2780/2586/3040 2778/2585/3042 2779/2587/3041
f 2780/2586/3040 2775/2583/3039 2774/2580/3043
f 2780/2586/3040 2781/2588/3044 2778/2585/3042
f 2781/2588/3045 2784/2589/3046 2785/2590/3047
f 2782/2591/3048 2781/2588/3045 2785/2590/3047
f 2783/2592/3049 2782/2591/3050 2786/2593/3051
f 2786/2593/3051 2782/2591/3050 2787/2594/3052
f 2789/2595/692 2788/2596/246 2441/2597/3053
f 2790/2598/3054 2441/2597/3053 2788/2596/246
f 2441/2597/3053 2781/2588/3044 2789/2595/692
f 2441/2597/3053 2790/2598/3054 2453/2300/2713
f 2789/2595/692 2792/2599/3055 2791/2600/3056
f 2792/2599/3055 2790/2598/3054 2791/2600/3056
f 2792/2599/3055 2789/2595/692 2781/2588/3044
f 2792/2599/3055 2453/2300/2713 2790/2598/3054
f 2781/2588/3044 2793/2601/3057 2792/2599/3055
f 2793/2601/3057 2781/2588/3044 2794/2602/3058
f 2795/2603/3059 2794/2602/3058 2781/2588/3044
f 2781/2588/3044 2780/2586/3040 2795/2603/3059
f 2453/2300/2713 2792/2599/3055 2796/2604/3060
f 2483/2330/2744 2796/2604/3060 2792/2599/3055
f 2796/2604/3060 2797/2605/698 2453/2300/2713
f 2797/2605/698 2483/2330/2744 2453/2300/2713
f 2483/2330/2744 2797/2605/698 2798/2606/2393
f 2796/2604/3060 2483/2330/2744 2798/2606/2393
f 2800/2607/3061 2792/2599/3055 2801/2608/3062
f 2802/2609/3063 2801/2608/3062 2792/2599/3055
f 2472/2319/2745 2800/2607/3061 2799/2610/3064
f 2802/2609/3065 2472/2319/2745 2799/2610/3064
f 2792/2599/3055 2800/2607/3061 2483/2330/2744
f 2472/2319/2745 2483/2330/2744 2800/2607/3061
f 2792/2599/3055 2470/2315/3066 2802/2609/3063
f 2470/2315/3066 2792/2599/3055 2793/2601/3057
f 2470/2315/3066 2793/2601/3057 2803/2611/3067
f 2795/2603/3059 2470/2315/3066 2803/2611/3067
f 2470/2315/3066 2795/2603/3059 2780/2586/3040
f 2780/2586/3040 2804/2612/3068 2470/2315/3066
f 2804/2612/3068 2780/2586/3040 2806/2613/3069
f 2780/2586/3040 2807/2614/3070 2806/2613/3069
f 2780/2586/3040 2808/2615/3071 2807/2614/3070
f 2810/2616/2406 2805/2617/1440 2809/2618/3072
f 2807/2614/3073 2457/2304/3074 2809/2618/3075
f 2457/2304/3074 2804/2612/3068 2809/2618/3075
f 2457/2304/3074 2470/2315/3066 2804/2612/3068
f 2808/2615/3071 2813/2619/723 2811/2620/3076
f 2814/2621/3077 2808/2615/3071 2811/2620/3076
f 2813/2619/723 2774/2580/3043 2812/2622/721
f 2774/2580/3043 2814/2621/3077 2812/2622/721
f 2780/2586/3040 2774/2580/3043 2813/2619/723
f 2808/2615/3071 2780/2586/3040 2813/2619/723
f 2774/2580/3043 2815/2623/3078 2814/2621/3077
f 2808/2615/3071 2814/2621/3077 2815/2623/3078
f 2776/2624/3079 2815/2623/3078 2774/2580/3043
f 2815/2623/3078 2776/2624/3079 2816/2625/3080
f 2776/2624/3081 2764/2571/2416 2817/2626/3082
f 2764/2571/2416 2818/2627/258 2817/2626/3082
f 2818/2627/258 2815/2623/3078 2816/2625/3080
f 2764/2571/2416 2819/2628/2415 2818/2627/258
f 2815/2623/3078 2818/2627/258 2819/2628/2415
f 2766/2573/3023 2820/2629/3083 2764/2571/3021
f 2820/2629/3084 2821/2630/3085 2819/2628/2415
f 2822/2631/3086 2819/2628/2415 2821/2630/3085
f 2766/2573/3087 2823/2632/3088 2822/2631/3089
f 2828/2633/3090 2824/2634/3091 2826/2635/3092
f 2827/2636/3093 2828/2633/3090 2826/2635/3092
f 2824/2634/3091 2828/2633/3090 2825/2637/3094
f 2453/2300/2713 2450/2303/2121 2441/2597/3053
f 2830/2638/3095 2831/2639/3096 2832/2640/3097
f 2833/2641/3098 2831/2639/3096 2830/2638/3095
f 2834/2297/3099 2837/2642/3100 2449/2299/3101
f 2836/2298/3102 2837/2642/3103 2835/2295/1471
f 2839/2643/3104 2838/2644/3105 2836/2298/3106
f 2448/2645/3107 2838/2644/3108 2841/2646/3109
f 2841/2646/3109 2508/2353/2769 2448/2645/3107
f 2838/2644/3110 2843/2647/3111 2842/2648/3112
f 2508/2353/2769 2841/2646/3109 2843/2647/2445
f 2844/2649/3113 2838/2644/3114 2845/2650/3115
f 2838/2644/3114 2846/2651/3116 2845/2650/3115
f 2846/2651/3116 2838/2644/3114 2847/2652/767
f 2510/2354/2770 2844/2649/3117 2848/2653/3118
f 2846/2651/3116 2510/2354/2770 2848/2653/3118
f 2847/2652/767 2510/2354/2770 2846/2651/3116
f 2844/2649/3117 2510/2354/2770 2508/2353/2769
f 2850/2654/3119 2839/2643/3104 2851/2593/3120
f 2839/2643/3104 2852/2594/3121 2851/2593/3120
f 2838/2644/3105 2839/2643/3104 2850/2654/3119
f 2852/2594/3121 2839/2643/3104 2853/2655/3122
f 2847/2652/767 2853/2655/3123 2854/2656/3124
f 2854/2656/3124 2853/2655/3123 2855/2657/3125
f 2853/2655/3123 2856/2658/3126 2855/2657/3125
f 2859/2659/3127 2854/2656/3124 2858/2660/3128
f 2856/2658/3129 2859/2659/3127 2858/2660/3128
f 2854/2656/3124 2859/2659/3127 2847/2652/767
f 2857/2661/3130 2859/2659/3127 2856/2658/3129
f 2847/2652/767 2861/2662/3131 2860/2663/3132
f 2861/2662/3131 2847/2652/767 2859/2659/3127
f 2862/2664/3133 2847/2652/767 2860/2663/3132
f 2510/2354/2770 2847/2652/767 2862/2664/3133
f 2517/2665/3134 2862/2664/3133 2863/2666/2468
f 2861/2662/3131 2517/2665/3134 2863/2666/2468
f 2862/2664/3133 2517/2665/3134 2510/2354/2770
f 2859/2659/3127 2517/2665/3134 2861/2662/3131
f 2517/2665/3134 2859/2659/3127 2864/2667/3135
f 2515/2358/2775 2510/2354/2770 2517/2665/3134
f 2864/2667/3135 2859/2659/3127 2865/2668/3136
f 2859/2659/3127 2866/2617/3137 2865/2668/3136
f 2523/2363/3138 2864/2667/3135 2867/2616/3139
f 2866/2617/3137 2523/2363/3138 2867/2616/3139
f 2523/2363/3138 2517/2665/3134 2864/2667/3135
f 2868/2669/3140 2523/2363/3138 2866/2617/3137
f 2866/2617/3137 2859/2659/3127 2868/2669/3140
f 2868/2669/3140 2859/2659/3127 2869/2670/3141
f 2859/2659/3127 2857/2661/3130 2869/2670/3141
f 2868/2669/3140 2869/2670/3141 2870/2671/3142
f 2869/2670/3141 2857/2661/3130 2871/2672/3143
f 2872/2673/3144 2868/2669/3140 2870/2671/3142
f 2857/2661/3130 2872/2673/3144 2871/2672/3143
f 2872/2673/3144 2857/2661/3130 2873/2674/3145
f 2873/2674/3145 2868/2669/3140 2872/2673/3144
f 2873/2674/3145 2857/2661/3130 2874/2675/3146
f 2873/2674/3145 2874/2675/3146 2875/2676/3147
f 2876/2677/3148 2873/2674/3145 2875/2676/3147
f 2874/2675/3146 2878/2678/3149 2877/2679/3150
f 2857/2661/3130 2878/2678/3149 2874/2675/3146
f 2878/2678/3149 2876/2677/3148 2877/2679/3150
f 2876/2677/3148 2878/2678/3149 2879/2680/3151
f 2879/2680/3151 2873/2674/3145 2876/2677/3148
f 2883/2681/3152 2881/2581/290 2880/2576/809
f 2883/2681/3153 2857/2661/3130 2884/2682/3154
f 2878/2678/3149 2857/2661/3130 2883/2681/3153
f 2882/2579/3155 2884/2682/3156 2885/2683/3157
f 2857/2661/3158 2853/2655/3122 2885/2683/812
f 2887/2684/3159 2883/2681/3160 2886/2577/3161
f 2891/2685/294 2889/2686/293 2888/2687/2491
f 2893/2688/3162 2889/2686/1742 2892/2689/3163
f 2890/2690/3164 2889/2686/1742 2893/2688/3162
f 2893/2688/3165 2853/2655/3122 2839/2643/3104
f 2896/2691/1544 2895/2692/3166 2894/2693/3167
f 2849/2694/3168 2895/2692/3166 2840/2695/3169
f 2895/2692/3166 2896/2691/1544 2897/2696/3170
f 2840/2695/3169 2895/2692/3166 2897/2696/3170
f 2815/2623/3078 2898/2697/3171 2899/2698/3172
f 2815/2623/3078 2899/2698/3172 2900/2699/3173
f 2901/2700/3174 2815/2623/3078 2900/2699/3173
f 2808/2615/3071 2815/2623/3078 2901/2700/3174
f 2899/2698/3175 2456/2307/947 2902/2701/296
f 2456/2307/947 2901/2700/3176 2902/2701/296
f 2808/2615/3177 2456/2307/3178 2455/2702/3179
f 2808/2615/3177 2455/2702/3179 2904/2703/3180
f 2905/2704/3181 2808/2615/3177 2904/2703/3180
f 2457/2304/407 2808/2615/3177 2905/2704/3181
f 2455/2702/3182 2906/2705/3183 2903/2706/809
f 2907/2707/3184 2905/2704/3185 2906/2705/3183
f 2906/2705/3183 2455/2702/3182 2907/2707/3184
f 2561/2395/2826 2559/2393/2824 2908/2708/3186
f 2909/2709/3187 2873/2674/3145 2559/2393/2824
f 2873/2674/3145 2909/2709/3187 2910/2710/3188
f 2911/2711/3189 2873/2674/3145 2910/2710/3188
f 2868/2669/3140 2873/2674/3145 2911/2711/3189
f 2913/2712/3190 2911/2711/3191 2912/2713/3192
f 2909/2709/3187 2913/2712/3190 2912/2713/3192
f 2559/2393/2824 2913/2712/3190 2909/2709/3187
f 2914/2706/3032 2868/2669/3193 2913/2712/3194
f 2916/2714/3195 2868/2669/3140 2915/2715/3196
f 2916/2714/3197 2917/2703/3198 2918/2704/3199
f 2920/2716/3200 2916/2714/3201 2919/2705/3202
f 2919/2705/3202 2914/2706/3203 2920/2716/3200
f 2925/2717/3204 2921/2718/3205 2923/2719/3206
f 2923/2719/3206 2924/2720/3207 2925/2717/3204
f 2921/2718/3205 2925/2717/3204 2922/2308/3208
f 2926/2721/3209 2925/2717/3204 2924/2720/3207
f 2760/2568/3017 2755/2565/3012 2913/2712/3210
f 2927/2722/3211 2928/2723/3212 2929/2724/3213
f 2931/2725/3214 2928/2723/3212 2930/2726/1593
f 2928/2723/3212 2931/2725/3214 2932/2727/883
f 2932/2727/883 2929/2724/3213 2928/2723/3212
f 2933/2728/879 2935/2729/3215 2934/2561/3216
f 2936/2730/3217 2934/2561/3218 2937/2731/3219
f 2937/2731/3219 2938/2562/3220 2936/2730/3217
f 2937/2731/3219 2934/2561/3218 2939/2559/308
f 2938/2562/3220 2937/2731/3219 2940/2563/3221
f 2935/2729/3222 2743/2732/3223 2938/2562/3224
f 2945/2733/3225 2941/2503/2549 2943/2502/3226
f 2942/2505/3227 2944/2734/3228 2743/2732/3223
f 2942/2505/3229 2947/2735/3230 2946/2506/3231
f 2743/2732/3223 2935/2729/3222 2942/2505/3227
f 2743/2732/3232 2945/2733/317 2553/2391/3233
f 2947/2735/3230 2949/2736/3234 2948/2737/3235
f 2948/2737/3236 2950/2738/323 2553/2391/3237
f 2948/2737/3235 2949/2736/3234 2951/2739/3238
f 2949/2736/3234 2952/2740/3239 2951/2739/3238
f 2952/2740/322 2553/2391/3237 2950/2738/323
f 2949/2736/3234 2546/2380/2807 2952/2740/3239
f 2546/2380/2807 2949/2736/3234 2953/2741/3240
f 2949/2736/3234 2699/2518/2959 2953/2741/3240
f 2953/2741/3240 2954/2742/2555 2546/2380/2807
f 2953/2741/3240 2699/2518/2959 2955/2743/2065
f 2699/2518/2959 2700/2519/2960 2955/2743/2065
f 2700/2519/2960 2546/2380/2807 2954/2742/2555
f 2956/2744/3241 2957/2745/3242 2569/2403/2835
f 2957/2745/3242 2956/2744/3241 2958/2746/3243
f 2959/2747/3244 2957/2745/3242 2958/2746/3243
f 2879/2680/3151 2957/2745/3242 2959/2747/3244
f 2561/2395/2826 2959/2747/3244 2960/2748/3245
f 2956/2744/3241 2561/2395/2826 2960/2748/3245
f 2561/2395/2826 2879/2680/3151 2959/2747/3244
f 2569/2403/2835 2561/2395/2826 2956/2744/3241
f 2908/2708/3186 2879/2680/3151 2561/2395/2826
f 2879/2680/3151 2908/2708/3186 2961/2749/3246
f 2962/2750/3247 2879/2680/3151 2961/2749/3246
f 2873/2674/3145 2879/2680/3151 2962/2750/3247
f 2908/2708/3186 2559/2393/2824 2963/2751/3248
f 2559/2393/2824 2962/2750/3247 2963/2751/3248
f 2962/2750/3247 2559/2393/2824 2873/2674/3145
f 2828/2633/3090 2827/2636/3093 2829/2752/3249
f 2969/2753/3250 2966/2754/3251 2965/2755/3252
f 2966/2754/3251 2969/2753/3250 2968/2756/3253
f 2969/2753/3250 2970/2757/3254 2968/2756/3253
f 2970/2757/3254 2969/2753/3250 2971/2758/3255
f 2975/2759/3256 2976/2760/3257 2974/2761/3258
f 2976/2760/3257 2975/2759/3256 2978/2762/3259
f 2978/2762/3259 2977/2763/3260 2976/2760/3257
f 2977/2763/3260 2978/2762/3259 2979/2764/3261
f 2980/2765/3262 2964/2766/3263 2975/2759/3264
f 2980/2765/3265 2979/2764/3266 2981/2767/3267
f 2982/2768/3268 2985/2769/3269 2983/2770/3270
f 2985/2769/3269 2984/2771/2079 2983/2770/3270
f 2982/2768/3271 2987/2772/3272 2986/2773/3273
f 2984/2771/3274 2986/2773/3273 2987/2772/3272
f 2987/2772/3272 2982/2768/3271 2980/2765/3275
f 2987/2772/3272 2823/2632/3276 2984/2771/3274
f 2823/2632/3277 2989/2774/3278 2988/2775/3279
f 2990/2776/3280 2823/2632/3277 2988/2775/3279
f 2989/2774/3278 2992/2777/3281 2991/2778/3282
f 2992/2777/3281 2990/2776/3283 2991/2778/3282
f 2992/2777/3281 2989/2774/3278 2987/2772/3272
f 2990/2776/3283 2992/2777/3281 2819/2628/2415
f 2819/2628/2415 2992/2777/3281 2993/2779/3284
f 2819/2628/2415 2993/2779/3284 2994/2780/938
f 2995/2781/3285 2819/2628/2415 2994/2780/938
f 2819/2628/2415 2995/2781/3285 2815/2623/3078
f 2898/2697/3171 2995/2781/3285 2996/2782/3286
f 2993/2779/3284 2898/2697/3171 2996/2782/3286
f 2995/2781/3285 2898/2697/3171 2815/2623/3078
f 2898/2697/3171 2993/2779/3284 2992/2777/3281
f 2523/2363/3287 2920/2716/3288 2527/2310/2206
f 2523/2363/3138 2868/2669/3140 2916/2714/3195
f 2997/2783/1675 3000/2784/3289 2998/2785/3290
f 3000/2784/3289 2997/2783/1675 3001/2786/2605
f 2999/2787/3291 3000/2784/3289 3002/2788/3292
f 3001/2786/2605 3002/2788/3292 3000/2784/3289
f 3003/2718/3293 3006/2789/3294 2459/2308/3295
f 3005/2721/952 3006/2789/3294 3004/2720/3296
f 3007/2790/3297 2459/2308/3295 3006/2789/3294
f 3006/2789/3294 3005/2721/952 3007/2790/3297
f 2456/2307/3298 2933/2728/3299 3005/2721/3300
f 3008/2791/3301 2933/2728/3299 2456/2307/3298
f 3010/2792/3302 2933/2728/879 3009/2793/355
f 3008/2791/955 2898/2697/3303 3011/2569/3304
f 2898/2697/3303 3010/2792/3305 3011/2569/3304
f 2933/2728/879 3010/2792/3302 2935/2729/3215
f 3013/2794/3306 2992/2777/3281 3012/2795/3307
f 2992/2777/3281 3014/2796/966 3012/2795/3307
f 2992/2777/3281 3013/2794/3306 2898/2697/3171
f 2935/2729/3308 2898/2697/3171 3013/2794/3306
f 3013/2794/3306 3015/2797/3309 2935/2729/3308
f 3014/2796/966 2935/2729/3308 3015/2797/3309
f 2992/2777/3281 2947/2735/3230 3014/2796/966
f 2935/2729/3308 3014/2796/966 2947/2735/3230
f 2947/2735/3230 2992/2777/3281 3016/2798/3310
f 2992/2777/3281 2987/2772/3272 3016/2798/3310
f 3016/2798/3310 3017/2799/2622 2947/2735/3230
f 3016/2798/3310 2987/2772/3272 3018/2800/3311
f 2987/2772/3272 3019/2801/3312 3018/2800/3311
f 3019/2801/3312 2947/2735/3230 3017/2799/2622
f 2987/2772/3272 2949/2736/3234 3019/2801/3312
f 2947/2735/3230 3019/2801/3312 2949/2736/3234
f 2949/2736/3234 2987/2772/3272 3020/2802/3313
f 2987/2772/3272 2980/2765/3275 3020/2802/3313
f 3020/2802/3313 2980/2765/3275 3021/2803/3314
f 2980/2765/3275 3022/2804/368 3021/2803/3314
f 3020/2802/3313 3023/2805/3315 2949/2736/3234
f 3022/2804/368 2949/2736/3234 3023/2805/3315
f 2980/2765/3275 2699/2518/2959 3022/2804/368
f 2949/2736/3234 3022/2804/368 2699/2518/2959
f 2980/2765/3265 2981/2767/3267 3024/2416/3316
f 3027/2806/3317 3025/2418/3318 3026/2807/2635
f 3024/2416/3319 3028/2420/3320 2699/2518/3321
f 3025/2418/3318 3027/2806/3317 3029/2419/3322
f 2981/2767/3323 2702/2521/3324 3027/2806/3325
f 3032/2424/3326 3033/2808/3327 3030/2423/3328
f 3033/2808/3327 3032/2424/3326 3034/2809/3329
f 3034/2809/3329 3031/2425/3330 3033/2808/3327
f 3031/2425/3330 3034/2809/3329 3035/2426/3331
f 3040/2810/3332 3038/2811/3333 3036/2812/3334
f 3039/2813/3335 3040/2810/3332 3037/2814/3336
f 3038/2811/3333 3040/2810/3332 3041/2815/3337
f 3040/2810/3332 3039/2813/3335 3041/2815/3337
f 3043/2763/3338 3044/2816/3339 3042/2764/3340
f 3044/2816/3341 2972/2761/3342 2973/2759/1726
f 3045/2817/3343 2972/2761/3342 3044/2816/3341
f 2583/2414/2844 2576/2409/516 3043/2763/3344
f 2576/2409/3345 2967/2818/3346 2972/2761/3347
f 2967/2818/3346 3048/2819/3348 3047/2769/3349
f 3049/2820/3350 2967/2818/3346 3047/2769/3349
f 3050/2773/3351 3049/2820/3352 3046/2771/3353
f 3048/2819/3354 2569/2403/2835 3051/2821/3355
f 2576/2409/2841 2569/2403/2835 3048/2819/3354
f 2569/2403/2835 2957/2745/3242 3049/2820/3356
f 3056/2822/3357 3053/2690/3358 3054/2823/3359
f 3055/2687/3360 3056/2822/3357 3054/2823/3359
f 3053/2690/3358 3056/2822/3357 3052/2688/3361
f 3056/2822/3357 3055/2687/3360 3057/2685/381
f 2767/2574/3362 2771/2582/3363 3055/2687/3364
f 3059/2824/3365 3060/2825/3366 3058/2826/3367
f 3060/2825/3366 3059/2824/3365 3061/2827/3368
f 3059/2824/3365 3062/2828/3369 3061/2827/3368
f 3062/2828/3369 3059/2824/3365 3063/2829/3370
f 2878/2678/3371 2887/2684/3372 3065/2830/3373
f 3068/2831/3374 3067/2832/3375 3066/2833/2674
f 3068/2831/1787 3065/2830/3376 3064/2575/3377
f 3067/2832/3375 3068/2831/3374 3069/2572/2681
f 3070/2834/1020 2878/2678/3149 3067/2832/3378
f 2878/2678/3149 3070/2834/1020 3071/2835/1021
f 3071/2835/1021 3070/2834/1020 3072/2836/3379
f 3070/2834/1020 3073/2837/3380 3072/2836/3379
f 3073/2837/3380 3070/2834/1020 2957/2745/3381
f 3074/2637/3382 3077/2838/3383 3075/2839/3384
f 3077/2838/3383 3076/2752/3385 3075/2839/3384
f 3078/2634/3386 3077/2838/3383 3074/2637/3382
f 3076/2752/3385 3077/2838/3383 3079/2636/3387
f 3080/2840/3388 3083/2841/3389 3081/2842/3390
f 3083/2841/3389 3082/2843/3391 3081/2842/3390
f 3083/2841/3389 3080/2840/3388 3084/2844/3392
f 3082/2843/3391 3083/2841/3389 3085/2845/1779
f 2763/2572/3393 3087/2846/3394 3086/2847/3395
f 3087/2846/3394 2765/2575/3396 3086/2847/3395
f 3088/2832/3397 3087/2846/3394 2763/2572/3393
f 2765/2575/3396 3087/2846/3394 3089/2830/3398
