# Blender 5.2.0 LTS
# www.blender.org
mtllib bugtne.mtl
o 82643707021220
v -0.370561 -1.545952 -0.046301
v -0.478287 -1.561077 -0.001301
v -0.459818 -1.558475 -0.046261
v -0.415255 -1.552206 -0.064952
v -0.352053 -1.543368 -0.001089
v -0.370714 -1.545952 0.044061
v -0.459969 -1.558475 0.043720
v -0.415470 -1.552206 0.062562
v -0.380834 -0.877195 0.062620
v -0.363872 -0.584459 0.043875
v -0.425202 -0.869733 0.043801
v -0.319731 -0.592793 0.062722
v -0.336272 -0.884678 0.044082
v -0.275356 -0.601231 0.044213
v -0.256869 -0.604753 -0.000929
v -0.374590 -1.212081 0.044038
v -0.317719 -0.887787 -0.001032
v -0.336120 -0.884679 -0.046208
v -0.275204 -0.601232 -0.046134
v -0.319517 -0.592793 -0.064792
v -0.374439 -1.212081 -0.046292
v -0.380619 -0.877195 -0.064895
v -0.363721 -0.584459 -0.046093
v -0.355766 -1.212077 -0.001095
v -0.352053 -1.543368 -0.001089
v -0.370561 -1.545952 -0.046301
v -0.370714 -1.545952 0.044061
v -0.419571 -1.212122 -0.064960
v -0.415255 -1.552206 -0.064952
v -0.419785 -1.212122 0.062554
v -0.415470 -1.552206 0.062562
v -0.464743 -1.212204 0.043710
v -0.459969 -1.558475 0.043720
v -0.483243 -1.212251 -0.001310
v -0.478287 -1.561077 -0.001301
v -0.459818 -1.558475 -0.046261
v -0.443473 -0.866651 -0.001243
v -0.382039 -0.581038 -0.001140
v -0.425051 -0.869734 -0.046225
v -0.464592 -1.212205 -0.046267
v 0.339280 1.147129 0.184622
v 0.339901 1.147128 -0.184477
v 0.395357 1.124915 -0.193572
v 0.394705 1.124916 0.193904
v 0.450807 1.147065 -0.184290
v 0.395976 1.398900 -0.467557
v 0.450186 1.147065 0.184809
v 0.451397 1.408056 -0.445283
v 0.394401 1.398901 0.467889
v 0.471182 1.198837 -0.162806
v 0.471703 1.429496 -0.393464
v 0.470632 1.198838 0.163393
v 0.446288 1.246659 -0.143045
v 0.446746 1.449312 -0.345699
v 0.471890 1.755693 -0.393464
v 0.451610 1.777156 -0.445283
v 0.470376 1.429496 0.394051
v 0.396199 1.786374 -0.467557
v 0.340491 1.408121 -0.445470
v 0.471635 1.986352 -0.162806
v 0.340704 1.777220 -0.445470
v 0.395895 2.060362 -0.193571
v 0.451321 2.038151 -0.184290
v 0.320037 1.429582 -0.393719
v 0.320225 1.755781 -0.393719
v 0.319969 1.986440 -0.163061
v 0.340415 2.038214 -0.184477
v 0.339793 2.038215 0.184622
v 0.395243 2.060362 0.193904
v 0.345019 1.735965 -0.345870
v 0.450699 2.038151 0.184809
v 0.394625 1.786375 0.467889
v 0.319420 1.986439 0.163138
v 0.471086 1.986353 0.163393
v 0.339204 1.777221 0.445615
v 0.450110 1.777157 0.445802
v 0.338991 1.408122 0.445615
v 0.470564 1.755695 0.394050
v 0.449897 1.408058 0.445802
v 0.445746 1.735907 0.346202
v 0.318899 1.755781 0.393795
v 0.318711 1.429584 0.393796
v 0.160212 0.429920 -0.045297
v 0.059802 0.472143 -0.000398
v 0.077105 0.464894 -0.045468
v 0.118704 0.447400 -0.064057
v 0.177333 0.422684 -0.000200
v 0.160060 0.429919 0.044838
v 0.076953 0.464893 0.044731
v 0.118490 0.447400 0.063459
v 0.245099 0.907490 -0.000086
v 0.350243 1.187200 0.045485
v 0.331485 1.188281 0.000059
v 0.350395 1.187200 -0.045303
v 0.262355 0.900430 0.045070
v 0.262506 0.900430 -0.045184
v 0.059802 0.472143 -0.000398
v 0.076953 0.464893 0.044731
v 0.077105 0.464894 -0.045468
v 0.118490 0.447400 0.063459
v 0.118704 0.447400 -0.064057
v 0.304177 0.883398 0.063770
v 0.160060 0.429919 0.044838
v 0.395424 1.184718 0.063896
v 0.304392 0.883398 -0.063743
v 0.160212 0.429920 -0.045297
v 0.395639 1.184718 -0.063562
v 0.345917 0.866430 0.045061
v 0.439874 1.182526 0.044832
v 0.458045 1.181720 0.000272
v 0.346068 0.866429 -0.044893
v 0.440025 1.182526 -0.044348
v 0.363189 0.859430 0.000113
v 0.177333 0.422684 -0.000200
v 0.343855 1.735966 0.346031
v 0.318967 1.198925 0.163138
v 0.343690 1.449371 0.346031
v 0.319516 1.198926 -0.163061
v 0.343914 1.246717 0.143377
v 0.394670 1.456784 0.328148
v 0.344855 1.449371 -0.345870
v 0.344397 1.246718 -0.143216
v 0.394883 1.264656 0.136021
v 0.395774 1.456783 -0.327816
v 0.395341 1.264657 -0.135689
v 0.445805 1.246659 0.143549
v 0.445581 1.449312 0.346202
v 0.395931 1.728492 -0.327816
v 0.446910 1.735907 -0.345699
v 0.446686 1.938560 -0.143045
v 0.395718 1.920621 -0.135689
v 0.344795 1.938618 -0.143217
v 0.344313 1.938619 0.143377
v 0.395261 1.920622 0.136021
v 0.394826 1.728495 0.328148
v 0.446205 1.938560 0.143549
v -0.363721 -0.584459 -0.046093
v -0.256869 -0.604753 -0.000929
v -0.275204 -0.601232 -0.046134
v -0.319517 -0.592793 -0.064792
v -0.382039 -0.581038 -0.001140
v -0.363872 -0.584459 0.043875
v -0.275356 -0.601231 0.044213
v -0.319731 -0.592793 0.062722
vn 0.1389 -0.9903 -0.0004
vn 0.1389 -0.9903 0.0002
vn 0.1389 -0.9903 -0.0003
vn 0.1389 -0.9903 0.0005
vn 0.1389 -0.9903 0.0003
vn -0.0149 0.0021 0.9999
vn -0.6910 0.1483 0.7075
vn -0.7055 0.1161 0.6991
vn 0.0017 -0.0008 1.0000
vn 0.6897 -0.1144 0.7150
vn 0.6920 -0.1490 0.7063
vn 0.9777 -0.2102 0.0017
vn 0.6962 -0.0367 0.7169
vn 0.9866 -0.1634 0.0017
vn 0.6921 -0.1144 -0.7127
vn 0.6944 -0.1490 -0.7040
vn 0.0050 -0.0008 -1.0000
vn 0.6986 -0.0367 -0.7145
vn -0.0116 0.0021 -0.9999
vn -0.6886 0.1483 -0.7098
vn 0.9986 -0.0536 0.0017
vn 0.9999 0.0116 0.0017
vn 0.6930 0.0081 -0.7208
vn 0.6905 0.0081 0.7233
vn -0.0162 0.0016 -0.9999
vn -0.0318 -0.0006 -0.9995
vn -0.0196 0.0016 0.9998
vn -0.0352 -0.0006 0.9994
vn -0.7167 0.0364 0.6965
vn -0.7260 -0.0100 0.6876
vn -0.9988 0.0497 -0.0017
vn -0.9999 -0.0142 -0.0017
vn -0.7238 -0.0100 -0.6900
vn -0.9867 0.1625 -0.0017
vn -0.9776 0.2103 -0.0016
vn -0.7032 0.1161 -0.7015
vn -0.7143 0.0364 -0.6989
vn -0.6831 -0.6751 0.2786
vn -0.6822 -0.6751 -0.2809
vn 0.0001 -0.9239 -0.3827
vn -0.0012 -0.9239 0.3827
vn 0.6823 -0.6758 -0.2786
vn 0.0013 -0.3827 -0.9239
vn 0.6814 -0.6758 0.2809
vn 0.6832 -0.2802 -0.6743
vn -0.0018 -0.3827 0.9239
vn 0.9989 -0.0441 -0.0164
vn 0.9990 -0.0186 -0.0418
vn 0.9988 -0.0441 0.0197
vn 0.7255 0.6353 0.2645
vn 0.7247 0.2629 0.6369
vn 0.9990 0.0174 -0.0418
vn 0.6836 0.2794 -0.6743
vn 0.9988 -0.0186 0.0452
vn 0.0018 0.3827 -0.9239
vn -0.6813 -0.2794 -0.6766
vn 0.9989 0.0429 -0.0163
vn -0.6810 0.2802 -0.6766
vn 0.0012 0.9239 -0.3827
vn 0.6831 0.6751 -0.2786
vn -0.9988 -0.0174 -0.0452
vn -0.9988 0.0186 -0.0452
vn -0.9988 0.0441 -0.0197
vn -0.6814 0.6758 -0.2809
vn -0.6823 0.6759 0.2786
vn -0.0001 0.9239 0.3827
vn -0.7269 -0.2629 0.6345
vn 0.6822 0.6751 0.2809
vn -0.0013 0.3827 0.9239
vn -0.9989 0.0441 0.0163
vn 0.9989 0.0429 0.0197
vn -0.6832 0.2802 0.6743
vn 0.6813 0.2794 0.6766
vn -0.6836 -0.2794 0.6743
vn 0.9988 0.0174 0.0452
vn 0.6810 -0.2802 0.6766
vn 0.7265 -0.2637 -0.6345
vn -0.9990 0.0186 0.0418
vn -0.9990 -0.0174 0.0418
vn -0.3879 -0.9217 -0.0006
vn -0.3879 -0.9217 -0.0007
vn -0.9396 0.3422 -0.0016
vn -0.6517 0.1988 0.7320
vn -0.9559 0.2937 -0.0016
vn -0.6492 0.1989 -0.7341
vn -0.6598 0.2401 0.7121
vn -0.6574 0.2401 -0.7143
vn -0.9201 0.3917 -0.0015
vn -0.6521 0.2770 0.7057
vn -0.6497 0.2770 -0.7079
vn -0.0016 -0.0001 1.0000
vn 0.0017 -0.0000 -1.0000
vn 0.0149 -0.0048 0.9999
vn 0.6492 -0.2768 0.7084
vn 0.0621 -0.0181 0.9979
vn 0.0184 -0.0048 -0.9998
vn 0.6516 -0.2768 -0.7063
vn 0.0656 -0.0181 -0.9977
vn 0.6745 -0.2428 0.6972
vn 0.7129 -0.2115 0.6686
vn 0.9590 -0.2835 0.0016
vn 0.6768 -0.2427 -0.6950
vn 0.7152 -0.2115 -0.6662
vn 0.9411 -0.3381 0.0016
vn 0.9201 -0.3916 0.0016
vn -0.7247 -0.2629 -0.6369
vn -0.9989 -0.0429 0.0163
vn -0.7244 0.2637 -0.6369
vn -0.9989 -0.0429 -0.0197
vn -0.7248 0.6361 -0.2645
vn -0.7265 0.2637 0.6345
vn -0.7257 0.6361 0.2621
vn 0.7264 0.6353 -0.2621
vn 0.7268 0.2629 -0.6345
vn 0.7244 -0.2637 0.6369
vn 0.7248 -0.6361 0.2645
vn -0.7264 -0.6353 0.2621
vn -0.7256 -0.6353 -0.2645
vn 0.7257 -0.6361 -0.2621
vn 0.1862 0.9825 0.0008
vn 0.1862 0.9825 0.0003
vn 0.1862 0.9825 0.0004
vn 0.1862 0.9825 -0.0003
vn 0.1862 0.9825 0.0001
vt 0.000000 0.000000
s 1
f 1/1/1 2/1/2 3/1/3
f 1/1/1 3/1/3 4/1/2
f 5/1/2 2/1/2 1/1/1
f 6/1/4 2/1/2 5/1/2
f 2/1/2 6/1/4 7/1/4
f 7/1/4 6/1/4 8/1/5
f 9/1/6 10/1/7 11/1/8
f 10/1/7 9/1/6 12/1/9
f 13/1/10 12/1/9 9/1/6
f 12/1/9 13/1/10 14/1/11
f 14/1/11 13/1/10 15/1/12
f 9/1/6 16/1/13 13/1/10
f 17/1/14 15/1/12 13/1/10
f 13/1/10 16/1/13 17/1/14
f 18/1/15 15/1/12 17/1/14
f 15/1/12 18/1/15 19/1/16
f 18/1/15 20/1/17 19/1/16
f 17/1/14 21/1/18 18/1/15
f 20/1/17 18/1/15 22/1/19
f 21/1/18 22/1/19 18/1/15
f 22/1/19 23/1/20 20/1/17
f 21/1/18 17/1/14 24/1/21
f 24/1/21 17/1/14 16/1/13
f 24/1/21 25/1/22 21/1/18
f 16/1/13 25/1/22 24/1/21
f 26/1/23 21/1/18 25/1/22
f 25/1/22 16/1/13 27/1/24
f 26/1/23 28/1/25 21/1/18
f 22/1/19 21/1/18 28/1/25
f 28/1/25 26/1/23 29/1/26
f 30/1/27 27/1/24 16/1/13
f 16/1/13 9/1/6 30/1/27
f 27/1/24 30/1/27 31/1/28
f 11/1/8 30/1/27 9/1/6
f 32/1/29 31/1/28 30/1/27
f 30/1/27 11/1/8 32/1/29
f 31/1/28 32/1/29 33/1/30
f 34/1/31 33/1/30 32/1/29
f 11/1/8 34/1/31 32/1/29
f 33/1/30 34/1/31 35/1/32
f 34/1/31 36/1/33 35/1/32
f 34/1/31 11/1/8 37/1/34
f 10/1/7 37/1/34 11/1/8
f 37/1/34 10/1/7 38/1/35
f 23/1/20 37/1/34 38/1/35
f 37/1/34 23/1/20 39/1/36
f 39/1/36 34/1/31 37/1/34
f 23/1/20 22/1/19 39/1/36
f 28/1/25 39/1/36 22/1/19
f 34/1/31 39/1/36 40/1/37
f 39/1/36 28/1/25 40/1/37
f 36/1/33 34/1/31 40/1/37
f 29/1/26 40/1/37 28/1/25
f 40/1/37 29/1/26 36/1/33
f 41/1/38 42/1/39 43/1/40
f 43/1/40 44/1/41 41/1/38
f 44/1/41 43/1/40 45/1/42
f 46/1/43 43/1/40 42/1/39
f 46/1/43 45/1/42 43/1/40
f 45/1/42 47/1/44 44/1/41
f 45/1/42 46/1/43 48/1/45
f 49/1/46 44/1/41 47/1/44
f 49/1/46 41/1/38 44/1/41
f 47/1/44 45/1/42 50/1/47
f 45/1/42 51/1/48 50/1/47
f 51/1/48 45/1/42 48/1/45
f 47/1/44 50/1/47 52/1/49
f 51/1/48 53/1/50 50/1/47
f 52/1/49 50/1/47 53/1/50
f 53/1/50 51/1/48 54/1/51
f 48/1/45 55/1/52 51/1/48
f 55/1/52 54/1/51 51/1/48
f 48/1/45 56/1/53 55/1/52
f 57/1/54 47/1/44 52/1/49
f 58/1/55 48/1/45 46/1/43
f 48/1/45 58/1/55 56/1/53
f 58/1/55 46/1/43 59/1/56
f 60/1/57 55/1/52 56/1/53
f 42/1/39 59/1/56 46/1/43
f 59/1/56 61/1/58 58/1/55
f 62/1/59 56/1/53 58/1/55
f 61/1/58 62/1/59 58/1/55
f 56/1/53 63/1/60 60/1/57
f 56/1/53 62/1/59 63/1/60
f 42/1/39 64/1/61 59/1/56
f 59/1/56 65/1/62 61/1/58
f 65/1/62 59/1/56 64/1/61
f 66/1/63 61/1/58 65/1/62
f 62/1/59 61/1/58 67/1/64
f 61/1/58 66/1/63 67/1/64
f 68/1/65 62/1/59 67/1/64
f 66/1/63 68/1/65 67/1/64
f 62/1/59 68/1/65 69/1/66
f 66/1/63 65/1/62 70/1/67
f 71/1/68 62/1/59 69/1/66
f 62/1/59 71/1/68 63/1/60
f 72/1/69 69/1/66 68/1/65
f 72/1/69 71/1/68 69/1/66
f 68/1/65 66/1/63 73/1/70
f 63/1/60 71/1/68 74/1/71
f 68/1/65 75/1/72 72/1/69
f 75/1/72 68/1/65 73/1/70
f 63/1/60 74/1/71 60/1/57
f 71/1/68 72/1/69 76/1/73
f 76/1/73 74/1/71 71/1/68
f 77/1/74 72/1/69 75/1/72
f 74/1/71 76/1/73 78/1/75
f 79/1/76 76/1/73 72/1/69
f 79/1/76 78/1/75 76/1/73
f 72/1/69 49/1/46 79/1/76
f 72/1/69 77/1/74 49/1/46
f 47/1/44 79/1/76 49/1/46
f 41/1/38 49/1/46 77/1/74
f 47/1/44 57/1/54 79/1/76
f 78/1/75 79/1/76 57/1/54
f 74/1/71 78/1/75 80/1/77
f 57/1/54 80/1/77 78/1/75
f 77/1/74 75/1/72 81/1/78
f 73/1/70 81/1/78 75/1/72
f 82/1/79 41/1/38 77/1/74
f 77/1/74 81/1/78 82/1/79
f 83/1/80 84/1/81 85/1/81
f 83/1/80 85/1/81 86/1/80
f 87/1/81 84/1/81 83/1/80
f 88/1/81 84/1/81 87/1/81
f 84/1/81 88/1/81 89/1/81
f 89/1/81 88/1/81 90/1/80
f 91/1/82 92/1/83 93/1/84
f 94/1/85 91/1/82 93/1/84
f 92/1/83 91/1/82 95/1/86
f 91/1/82 94/1/85 96/1/87
f 97/1/88 95/1/86 91/1/82
f 96/1/87 97/1/88 91/1/82
f 95/1/86 97/1/88 98/1/89
f 97/1/88 96/1/87 99/1/90
f 100/1/91 95/1/86 98/1/89
f 96/1/87 101/1/92 99/1/90
f 95/1/86 100/1/91 102/1/93
f 102/1/93 92/1/83 95/1/86
f 103/1/94 102/1/93 100/1/91
f 92/1/83 102/1/93 104/1/95
f 101/1/92 96/1/87 105/1/96
f 94/1/85 105/1/96 96/1/87
f 105/1/96 106/1/97 101/1/92
f 107/1/98 105/1/96 94/1/85
f 108/1/99 104/1/95 102/1/93
f 102/1/93 103/1/94 108/1/99
f 104/1/95 108/1/99 109/1/100
f 109/1/100 108/1/99 110/1/101
f 107/1/98 111/1/102 105/1/96
f 106/1/97 105/1/96 111/1/102
f 112/1/103 111/1/102 107/1/98
f 110/1/101 111/1/102 112/1/103
f 113/1/104 106/1/97 111/1/102
f 111/1/102 110/1/101 113/1/104
f 113/1/104 110/1/101 108/1/99
f 108/1/99 103/1/94 113/1/104
f 106/1/97 113/1/104 114/1/105
f 114/1/105 113/1/104 103/1/94
f 73/1/70 115/1/106 81/1/78
f 82/1/79 81/1/78 115/1/106
f 41/1/38 82/1/79 116/1/107
f 42/1/39 41/1/38 116/1/107
f 117/1/108 116/1/107 82/1/79
f 82/1/79 115/1/106 117/1/108
f 116/1/107 118/1/109 42/1/39
f 64/1/61 42/1/39 118/1/109
f 116/1/107 117/1/108 119/1/110
f 118/1/109 116/1/107 119/1/110
f 115/1/106 120/1/55 117/1/108
f 119/1/110 117/1/108 120/1/55
f 118/1/109 121/1/111 64/1/61
f 65/1/62 64/1/61 121/1/111
f 119/1/110 122/1/112 118/1/109
f 121/1/111 118/1/109 122/1/112
f 65/1/62 121/1/111 70/1/67
f 122/1/112 119/1/110 123/1/59
f 120/1/55 123/1/59 119/1/110
f 122/1/112 124/1/69 121/1/111
f 124/1/69 70/1/67 121/1/111
f 123/1/59 125/1/66 122/1/112
f 124/1/69 122/1/112 125/1/66
f 125/1/66 123/1/59 126/1/113
f 120/1/55 126/1/113 123/1/59
f 126/1/113 53/1/50 125/1/66
f 52/1/49 53/1/50 126/1/113
f 54/1/51 125/1/66 53/1/50
f 125/1/66 54/1/51 124/1/69
f 127/1/114 52/1/49 126/1/113
f 126/1/113 120/1/55 127/1/114
f 52/1/49 127/1/114 57/1/54
f 80/1/77 57/1/54 127/1/114
f 120/1/55 80/1/77 127/1/114
f 54/1/51 128/1/46 124/1/69
f 70/1/67 124/1/69 128/1/46
f 128/1/46 54/1/51 129/1/115
f 54/1/51 55/1/52 129/1/115
f 60/1/57 129/1/115 55/1/52
f 130/1/116 128/1/46 129/1/115
f 129/1/115 60/1/57 130/1/116
f 131/1/41 70/1/67 128/1/46
f 128/1/46 130/1/116 131/1/41
f 70/1/67 131/1/41 132/1/117
f 70/1/67 132/1/117 66/1/63
f 132/1/117 73/1/70 66/1/63
f 73/1/70 132/1/117 133/1/118
f 131/1/41 133/1/118 132/1/117
f 115/1/106 73/1/70 133/1/118
f 130/1/116 134/1/40 131/1/41
f 133/1/118 131/1/41 134/1/40
f 133/1/118 135/1/43 115/1/106
f 135/1/43 133/1/118 134/1/40
f 120/1/55 115/1/106 135/1/43
f 80/1/77 120/1/55 135/1/43
f 136/1/119 135/1/43 134/1/40
f 136/1/119 80/1/77 135/1/43
f 134/1/40 130/1/116 136/1/119
f 60/1/57 136/1/119 130/1/116
f 74/1/71 80/1/77 136/1/119
f 60/1/57 74/1/71 136/1/119
f 137/1/120 138/1/121 139/1/122
f 137/1/120 139/1/122 140/1/122
f 141/1/121 138/1/121 137/1/120
f 142/1/123 138/1/121 141/1/121
f 138/1/121 142/1/123 143/1/121
f 143/1/121 142/1/123 144/1/124
o 92540756542356
v -0.418356 -1.549490 0.051634
v -0.364833 -1.898654 0.051728
v -0.381265 -1.544409 0.036295
v -0.327876 -1.893010 0.036311
v -0.312519 -1.890673 -0.001022
v -0.365801 -1.542310 -0.001112
v -0.381138 -1.544409 -0.038572
v -0.336141 -1.923073 0.023571
v -0.327751 -1.893010 -0.038406
v -0.360507 -1.926796 0.033732
v -0.364655 -1.898654 -0.053948
v -0.384839 -1.930518 0.023489
v -0.418179 -1.549491 -0.054035
v -0.336058 -1.923073 -0.025693
v -0.326015 -1.921533 -0.001044
v -0.360390 -1.926795 -0.035937
v -0.394882 -1.932059 -0.001160
v -0.384755 -1.930517 -0.025775
v -0.401617 -1.904302 -0.038538
v -0.455127 -1.554597 -0.038553
v -0.470444 -1.556719 -0.001288
v -0.416982 -1.906640 -0.001198
v -0.401743 -1.904301 0.036194
v -0.455252 -1.554597 0.036029
v 0.304459 1.969005 0.176918
v 0.304031 1.777560 0.368600
v 0.327453 1.813064 0.422420
v 0.327894 2.023353 0.211885
v 0.334981 1.920628 0.144994
v 0.392229 2.046311 0.226332
v 0.334571 1.745043 0.320762
v 0.391734 1.827609 0.445251
v 0.391917 1.733577 0.304104
v 0.456074 1.812990 0.422637
v 0.392302 1.903673 0.133846
v 0.456586 2.023279 0.212102
v 0.449604 1.920562 0.145187
v 0.480074 1.968904 0.177214
v 0.449220 1.744977 0.320955
v 0.479636 1.777460 0.368895
v 0.393239 1.821505 -0.450815
v 0.392997 2.040426 -0.232114
v 0.457270 2.017667 -0.217421
v 0.328649 2.017740 -0.217638
v 0.457538 1.807130 -0.427710
v 0.328846 1.807204 -0.427927
v 0.480887 1.772189 -0.373311
v 0.305272 1.772290 -0.373606
v 0.480670 1.963871 -0.181866
v 0.305066 1.963972 -0.182161
v 0.450291 1.740231 -0.325001
v 0.335669 1.740297 -0.325194
v 0.450110 1.915999 -0.149416
v 0.335462 1.916065 -0.149609
v 0.392757 1.899277 -0.138080
v 0.392946 1.729020 -0.308177
v 0.449030 1.450373 0.325516
v 0.455853 1.383465 0.428249
v 0.479426 1.418381 0.373928
v 0.391461 1.369165 0.451137
v 0.391754 1.461650 0.308499
v 0.334407 1.450439 0.325323
v 0.327162 1.383540 0.428032
v 0.303811 1.418482 0.373633
v 0.335479 1.445694 -0.320633
v 0.392966 1.363060 -0.444930
v 0.328625 1.377682 -0.422315
v 0.305063 1.413211 -0.368573
v 0.392782 1.457094 -0.303782
v 0.450127 1.445629 -0.320440
v 0.457247 1.377608 -0.422098
v 0.480667 1.413109 -0.368278
v 0.450110 1.915999 -0.149416
v 0.392997 2.040426 -0.232114
v 0.392757 1.899277 -0.138080
v 0.335462 1.916065 -0.149609
v 0.457270 2.017667 -0.217421
v 0.480670 1.963871 -0.181866
v 0.328649 2.017740 -0.217638
v 0.305066 1.963972 -0.182161
v 0.449604 1.920562 0.145187
v 0.392229 2.046311 0.226332
v 0.456586 2.023279 0.212102
v 0.480074 1.968904 0.177214
v 0.392302 1.903673 0.133846
v 0.334981 1.920628 0.144994
v 0.327894 2.023353 0.211885
v 0.304459 1.969005 0.176918
v 0.150056 0.435822 0.037134
v -0.147973 -0.221227 0.036608
v 0.164435 0.429893 -0.000221
v 0.115496 0.450124 0.052532
v -0.182482 -0.206855 0.052031
v 0.081018 0.464413 0.036982
v -0.285354 -0.595944 0.036275
v -0.322233 -0.590250 0.051805
v -0.133632 -0.227177 -0.000722
v -0.270072 -0.598291 -0.000952
v -0.285228 -0.595944 -0.038229
v -0.147848 -0.221227 -0.038100
v 0.150182 0.435822 -0.037626
v 0.115673 0.450123 -0.053141
v -0.182304 -0.206855 -0.053641
v -0.322055 -0.590250 -0.053883
v 0.081144 0.464412 -0.037706
v -0.216823 -0.192480 -0.038227
v -0.359190 -0.584488 -0.038621
v -0.374724 -0.582071 -0.001128
v -0.231173 -0.186525 -0.000887
v 0.066798 0.470328 -0.000386
v -0.216948 -0.192481 0.036501
v -0.359317 -0.584487 0.036417
v 0.334407 1.450439 0.325323
v 0.304028 1.226797 0.182188
v 0.303811 1.418482 0.373633
v 0.334588 1.274669 0.149738
v 0.327429 1.173005 0.217744
v 0.391942 1.291392 0.138402
v 0.327162 1.383540 0.428032
v 0.391754 1.461650 0.308499
v 0.391461 1.369165 0.451137
v 0.449030 1.450373 0.325516
v 0.391702 1.150243 0.232436
v 0.449237 1.274603 0.149931
v 0.456051 1.172931 0.217960
v 0.479633 1.226696 0.182484
v 0.455853 1.383465 0.428249
v 0.479426 1.418381 0.373928
v 0.328625 1.377682 -0.422315
v 0.304625 1.221764 -0.176891
v 0.305063 1.413211 -0.368573
v 0.328115 1.167393 -0.211780
v 0.335095 1.270109 -0.144865
v 0.392471 1.144358 -0.226010
v 0.335479 1.445694 -0.320633
v 0.392966 1.363060 -0.444930
v 0.392782 1.457094 -0.303782
v 0.457247 1.377608 -0.422098
v 0.392398 1.286995 -0.133525
v 0.456806 1.167318 -0.211563
v 0.449718 1.270042 -0.144672
v 0.480240 1.221663 -0.176596
v 0.450127 1.445629 -0.320440
v 0.480667 1.413109 -0.368278
v 0.449718 1.270042 -0.144672
v 0.392471 1.144358 -0.226010
v 0.456806 1.167318 -0.211563
v 0.480240 1.221663 -0.176596
v 0.392398 1.286995 -0.133525
v 0.335095 1.270109 -0.144865
v 0.328115 1.167393 -0.211780
v 0.304625 1.221764 -0.176891
v 0.334588 1.274669 0.149738
v 0.327429 1.173005 0.217744
v 0.304028 1.226797 0.182188
v 0.391702 1.150243 0.232436
v 0.391942 1.291392 0.138402
v 0.449237 1.274603 0.149931
v 0.456051 1.172931 0.217960
v 0.479633 1.226696 0.182484
v 0.334571 1.745043 0.320762
v 0.327453 1.813064 0.422420
v 0.304031 1.777560 0.368600
v 0.391734 1.827609 0.445251
v 0.391917 1.733577 0.304104
v 0.449220 1.744977 0.320955
v 0.456074 1.812990 0.422637
v 0.479636 1.777460 0.368895
v 0.335669 1.740297 -0.325194
v 0.393239 1.821505 -0.450815
v 0.392946 1.729020 -0.308177
v 0.450291 1.740231 -0.325001
v 0.328846 1.807204 -0.427927
v 0.305272 1.772290 -0.373606
v 0.457538 1.807130 -0.427710
v 0.480887 1.772189 -0.373311
vn -0.0067 -0.0007 1.0000
vn 0.0380 -0.2587 0.9652
vn 0.6954 0.1066 0.7107
vn 0.7131 -0.1555 0.6836
vn 0.9936 -0.1127 0.0017
vn 0.9885 0.1512 0.0017
vn 0.6975 0.1065 -0.7086
vn 0.5184 -0.7559 0.3998
vn 0.7151 -0.1555 -0.6815
vn 0.1238 -0.8162 0.5643
vn 0.0413 -0.2587 -0.9651
vn -0.2702 -0.8765 0.3985
vn -0.0032 -0.0007 -1.0000
vn 0.5198 -0.7559 -0.3980
vn 0.6824 -0.7310 0.0012
vn 0.1257 -0.8162 -0.5639
vn -0.4329 -0.9015 -0.0008
vn -0.2689 -0.8765 -0.3994
vn -0.6339 -0.3618 -0.6836
vn -0.7003 -0.1072 -0.7058
vn -0.9885 -0.1512 -0.0017
vn -0.9146 -0.4045 -0.0015
vn -0.6362 -0.3618 0.6814
vn -0.7025 -0.1072 0.7035
vn -0.9999 -0.0098 -0.0119
vn -0.9998 -0.0114 -0.0137
vn -0.6913 0.5119 0.5099
vn -0.6899 0.5129 0.5109
vn -0.6704 -0.5242 -0.5252
vn -0.0008 0.7075 0.7067
vn -0.6694 -0.5248 -0.5258
vn -0.0008 0.7075 0.7068
vn 0.0008 -0.7075 -0.7068
vn 0.6902 0.5111 0.5122
vn 0.0008 -0.7074 -0.7068
vn 0.6888 0.5121 0.5132
vn 0.6716 -0.5250 -0.5229
vn 0.9999 -0.0109 -0.0085
vn 0.6706 -0.5256 -0.5236
vn 0.9999 -0.0126 -0.0103
vn 0.0016 0.7067 -0.7075
vn 0.0016 0.7068 -0.7075
vn 0.6919 0.5106 -0.5104
vn -0.6896 0.5114 -0.5127
vn 0.6905 0.5116 -0.5113
vn -0.6882 0.5124 -0.5137
vn 0.9999 -0.0108 0.0120
vn -0.9999 -0.0096 0.0086
vn 0.9998 -0.0126 0.0137
vn -0.9999 -0.0115 0.0103
vn 0.6698 -0.5244 0.5257
vn -0.6721 -0.5236 0.5235
vn 0.6688 -0.5251 0.5263
vn -0.6712 -0.5243 0.5241
vn -0.0016 -0.7068 0.7075
vn -0.0016 -0.7068 0.7074
vn -0.0004 0.8386 0.5447
vn -0.0004 0.8385 0.5450
vn -0.0005 0.8387 0.5446
vn -0.0005 0.8386 0.5447
vn 0.0013 0.8318 -0.5551
vn 0.0014 0.8317 -0.5553
vn 0.0014 0.8318 -0.5551
vn 0.0014 0.8319 -0.5549
vn -0.0011 0.5551 0.8318
vn -0.0011 0.5553 0.8317
vn -0.0011 0.5544 0.8322
vn -0.0010 0.5551 0.8318
vn 0.0018 0.5447 -0.8386
vn 0.0017 0.5450 -0.8385
vn 0.0017 0.5447 -0.8386
vn 0.0018 0.5445 -0.8387
vn 0.6463 -0.2937 0.7043
vn 0.6503 -0.2668 0.7113
vn 0.9107 -0.4131 0.0015
vn 0.0052 -0.0031 1.0000
vn -0.0093 0.0030 1.0000
vn -0.6418 0.2906 0.7096
vn 0.6438 -0.2366 0.7277
vn -0.0447 0.0154 0.9989
vn 0.9254 -0.3789 0.0015
vn 0.9386 -0.3451 0.0016
vn 0.6462 -0.2366 -0.7255
vn 0.6526 -0.2668 -0.7092
vn 0.6487 -0.2937 -0.7021
vn 0.0085 -0.0031 -1.0000
vn -0.0064 0.0031 -1.0000
vn -0.0413 0.0153 -0.9990
vn -0.6395 0.2906 -0.7118
vn -0.6583 0.2690 -0.7031
vn -0.6871 0.2501 -0.6822
vn -0.9399 0.3415 -0.0016
vn -0.9260 0.3775 -0.0015
vn -0.9107 0.4131 -0.0015
vn -0.6606 0.2689 0.7010
vn -0.6894 0.2502 0.6799
vn -0.6698 0.5244 -0.5257
vn -0.9998 0.0126 -0.0137
vn -0.9999 0.0108 -0.0120
vn -0.6688 0.5251 -0.5263
vn -0.6919 -0.5106 0.5104
vn -0.6905 -0.5116 0.5113
vn 0.0016 0.7068 -0.7074
vn -0.0016 -0.7067 0.7075
vn 0.6722 0.5236 -0.5235
vn 0.6712 0.5243 -0.5241
vn 0.6896 -0.5114 0.5127
vn 0.9999 0.0115 -0.0103
vn 0.6882 -0.5124 0.5137
vn 0.9999 0.0096 -0.0087
vn -0.6902 -0.5111 -0.5122
vn -0.9999 0.0109 0.0085
vn -0.9999 0.0126 0.0103
vn -0.6888 -0.5121 -0.5132
vn -0.6715 0.5250 0.5229
vn 0.0008 -0.7075 -0.7067
vn -0.6706 0.5256 0.5236
vn 0.6914 -0.5119 -0.5099
vn -0.0008 0.7074 0.7068
vn 0.6899 -0.5129 -0.5109
vn 0.6704 0.5242 0.5252
vn 0.9999 0.0098 0.0119
vn 0.6694 0.5248 0.5258
vn 0.9998 0.0114 0.0137
vn -0.0017 -0.5447 0.8386
vn -0.0017 -0.5450 0.8385
vn -0.0017 -0.5444 0.8388
vn -0.0018 -0.5447 0.8386
vn 0.0011 -0.5551 -0.8318
vn 0.0011 -0.5553 -0.8317
vn 0.0010 -0.5552 -0.8317
vn -0.0014 -0.8318 0.5551
vn -0.0015 -0.8318 0.5551
vn -0.0014 -0.8317 0.5553
vn -0.0013 -0.8318 0.5551
vn 0.0004 -0.8386 -0.5447
vn 0.0004 -0.8385 -0.5450
vn 0.0005 -0.8386 -0.5447
vt 0.000000 0.000000
s 1
f 145/2/125 146/2/126 147/2/127
f 148/2/128 147/2/127 146/2/126
f 149/2/129 147/2/127 148/2/128
f 147/2/127 149/2/129 150/2/130
f 150/2/130 149/2/129 151/2/131
f 149/2/129 148/2/128 152/2/132
f 146/2/126 152/2/132 148/2/128
f 153/2/133 151/2/131 149/2/129
f 152/2/132 146/2/126 154/2/134
f 155/2/135 151/2/131 153/2/133
f 156/2/136 152/2/132 154/2/134
f 156/2/136 154/2/134 146/2/126
f 151/2/131 155/2/135 157/2/137
f 149/2/129 158/2/138 153/2/133
f 153/2/133 158/2/138 155/2/135
f 159/2/139 149/2/129 152/2/132
f 152/2/132 156/2/136 159/2/139
f 158/2/138 149/2/129 159/2/139
f 155/2/135 158/2/138 160/2/140
f 159/2/139 156/2/136 161/2/141
f 159/2/139 161/2/141 158/2/138
f 158/2/138 162/2/142 160/2/140
f 162/2/142 155/2/135 160/2/140
f 158/2/138 161/2/141 162/2/142
f 163/2/143 157/2/137 155/2/135
f 155/2/135 162/2/142 163/2/143
f 157/2/137 163/2/143 164/2/144
f 163/2/143 165/2/145 164/2/144
f 162/2/142 166/2/146 163/2/143
f 166/2/146 162/2/142 161/2/141
f 165/2/145 163/2/143 166/2/146
f 156/2/136 166/2/146 161/2/141
f 167/2/147 165/2/145 166/2/146
f 166/2/146 156/2/136 167/2/147
f 165/2/145 167/2/147 168/2/148
f 146/2/126 167/2/147 156/2/136
f 168/2/148 167/2/147 145/2/125
f 146/2/126 145/2/125 167/2/147
f 169/2/149 170/2/150 171/2/151
f 171/2/151 172/2/152 169/2/149
f 170/2/150 169/2/149 173/2/153
f 171/2/151 174/2/154 172/2/152
f 173/2/153 175/2/155 170/2/150
f 174/2/154 171/2/151 176/2/156
f 173/2/153 177/2/157 175/2/155
f 174/2/154 176/2/156 178/2/158
f 177/2/157 173/2/153 179/2/159
f 174/2/154 178/2/158 180/2/160
f 181/2/161 177/2/157 179/2/159
f 178/2/158 182/2/162 180/2/160
f 177/2/157 181/2/161 183/2/163
f 182/2/162 178/2/158 184/2/164
f 181/2/161 184/2/164 183/2/163
f 184/2/164 181/2/161 182/2/162
f 185/2/165 186/2/166 187/2/167
f 185/2/165 188/2/168 186/2/166
f 187/2/167 189/2/169 185/2/165
f 188/2/168 185/2/165 190/2/170
f 187/2/167 191/2/171 189/2/169
f 188/2/168 190/2/170 192/2/172
f 191/2/171 187/2/167 193/2/173
f 192/2/172 194/2/174 188/2/168
f 193/2/173 195/2/175 191/2/171
f 194/2/174 192/2/172 196/2/176
f 195/2/175 193/2/173 197/2/177
f 196/2/176 198/2/178 194/2/174
f 199/2/179 195/2/175 197/2/177
f 196/2/176 199/2/179 198/2/178
f 195/2/175 199/2/179 200/2/180
f 199/2/179 196/2/176 200/2/180
f 201/2/181 202/2/181 203/2/181
f 201/2/181 204/2/182 202/2/181
f 205/2/183 204/2/182 201/2/181
f 204/2/182 205/2/183 206/2/184
f 206/2/184 207/2/184 204/2/182
f 207/2/184 206/2/184 208/2/181
f 209/2/185 210/2/186 211/2/187
f 209/2/185 211/2/187 212/2/187
f 213/2/188 210/2/186 209/2/185
f 210/2/186 213/2/188 214/2/187
f 214/2/187 215/2/187 210/2/186
f 215/2/187 214/2/187 216/2/187
f 217/2/189 218/2/190 219/2/191
f 218/2/190 220/2/192 219/2/191
f 218/2/190 217/2/189 221/2/189
f 221/2/189 217/2/189 222/2/189
f 220/2/192 218/2/190 223/2/189
f 220/2/192 223/2/189 224/2/189
f 225/2/193 226/2/194 227/2/195
f 225/2/193 227/2/195 228/2/193
f 229/2/196 226/2/194 225/2/193
f 226/2/194 229/2/196 230/2/195
f 230/2/195 231/2/195 226/2/194
f 231/2/195 230/2/195 232/2/195
f 233/2/197 234/2/198 235/2/199
f 236/2/200 234/2/198 233/2/197
f 234/2/198 236/2/200 237/2/201
f 238/2/202 237/2/201 236/2/200
f 237/2/201 239/2/203 234/2/198
f 239/2/203 237/2/201 240/2/204
f 234/2/198 239/2/203 241/2/205
f 241/2/205 235/2/199 234/2/198
f 242/2/206 241/2/205 239/2/203
f 243/2/207 241/2/205 242/2/206
f 244/2/208 235/2/199 241/2/205
f 241/2/205 243/2/207 244/2/208
f 235/2/199 244/2/208 245/2/209
f 244/2/208 246/2/210 245/2/209
f 243/2/207 247/2/211 244/2/208
f 246/2/210 244/2/208 247/2/211
f 247/2/211 243/2/207 248/2/212
f 247/2/211 249/2/213 246/2/210
f 248/2/212 250/2/214 247/2/211
f 249/2/213 247/2/211 250/2/214
f 250/2/214 248/2/212 251/2/215
f 252/2/216 250/2/214 251/2/215
f 253/2/217 249/2/213 250/2/214
f 250/2/214 252/2/216 253/2/217
f 249/2/213 253/2/217 254/2/218
f 253/2/217 238/2/202 254/2/218
f 252/2/216 255/2/219 253/2/217
f 238/2/202 253/2/217 255/2/219
f 255/2/219 252/2/216 256/2/220
f 237/2/201 238/2/202 255/2/219
f 240/2/204 255/2/219 256/2/220
f 255/2/219 240/2/204 237/2/201
f 257/2/221 258/2/222 259/2/223
f 258/2/222 257/2/221 260/2/224
f 261/2/225 259/2/223 258/2/222
f 257/2/221 262/2/166 260/2/224
f 259/2/223 261/2/225 263/2/226
f 262/2/166 257/2/221 264/2/227
f 261/2/225 265/2/228 263/2/226
f 266/2/229 262/2/166 264/2/227
f 265/2/228 261/2/225 267/2/228
f 262/2/166 266/2/229 268/2/230
f 265/2/228 267/2/228 269/2/231
f 266/2/229 270/2/232 268/2/230
f 269/2/231 271/2/233 265/2/228
f 270/2/232 266/2/229 272/2/234
f 269/2/231 272/2/234 271/2/233
f 272/2/234 269/2/231 270/2/232
f 273/2/235 274/2/236 275/2/237
f 274/2/236 273/2/235 276/2/238
f 277/2/239 275/2/237 274/2/236
f 273/2/235 278/2/240 276/2/238
f 275/2/237 277/2/239 279/2/241
f 278/2/240 273/2/235 280/2/157
f 277/2/239 281/2/156 279/2/241
f 278/2/240 280/2/157 282/2/242
f 281/2/156 277/2/239 283/2/243
f 282/2/242 284/2/244 278/2/240
f 281/2/156 283/2/243 285/2/245
f 282/2/242 286/2/246 284/2/244
f 285/2/245 287/2/247 281/2/156
f 286/2/246 282/2/242 288/2/248
f 285/2/245 288/2/248 287/2/247
f 288/2/248 285/2/245 286/2/246
f 289/2/249 290/2/250 291/2/249
f 289/2/249 291/2/249 292/2/249
f 293/2/251 290/2/250 289/2/249
f 290/2/250 293/2/251 294/2/252
f 294/2/252 295/2/252 290/2/250
f 295/2/252 294/2/252 296/2/252
f 297/2/253 298/2/253 299/2/253
f 297/2/253 300/2/254 298/2/253
f 301/2/255 300/2/254 297/2/253
f 300/2/254 301/2/255 302/2/253
f 302/2/253 303/2/253 300/2/254
f 303/2/253 302/2/253 304/2/253
f 305/2/256 306/2/257 307/2/256
f 305/2/256 308/2/258 306/2/257
f 309/2/257 308/2/258 305/2/256
f 308/2/258 309/2/257 310/2/259
f 310/2/259 311/2/256 308/2/258
f 311/2/256 310/2/259 312/2/256
f 313/2/260 314/2/261 315/2/260
f 314/2/261 316/2/262 315/2/260
f 314/2/261 313/2/260 317/2/260
f 317/2/260 313/2/260 318/2/260
f 316/2/262 314/2/261 319/2/260
f 316/2/262 319/2/260 320/2/260
o 100928932717239
v 0.175213 1.343144 -0.301733
v -0.008761 1.247519 -0.174017
v -0.017247 1.248561 -0.173944
v 0.180113 1.217768 -0.000266
v 0.180381 1.220000 -0.007913
v 0.183366 1.240073 -0.004646
v 0.367331 1.191023 -0.176441
v -0.008867 1.266531 -0.166205
v 0.372997 1.209287 -0.168904
v 0.174987 1.339340 -0.294651
v 0.177454 1.355941 -0.282783
v 0.183062 1.238111 -0.000261
v 0.177434 1.357601 -0.287290
v -0.014981 1.267314 -0.165839
v 0.379098 1.208470 -0.169092
v 0.375425 1.189738 -0.176715
v 0.378528 1.208471 0.169228
v 0.372265 1.189084 -0.162093
v 0.372429 1.209288 0.169020
v 0.371499 1.214853 -0.174237
v 0.184886 1.356765 -0.287617
v 0.181618 1.342412 -0.301962
v 0.371489 1.443487 -0.402665
v 0.378667 1.447768 -0.408080
v 0.372975 1.429442 -0.417600
v 0.372904 1.199908 -0.188278
v 0.376626 1.439671 -0.426862
v -0.589422 1.797745 -0.114209
v -0.807157 1.656266 -0.214502
v -0.816347 1.652596 -0.213794
v -0.312462 1.850727 -0.247057
v -0.581621 1.802412 -0.115150
v -0.598941 1.795383 -0.114785
v -0.313585 1.853739 -0.240756
v -0.114912 2.072186 -0.172333
v -0.572737 1.785426 -0.107731
v -0.304452 1.839631 -0.228922
v -0.103925 2.056410 -0.165061
v -0.303681 1.838077 -0.233442
v -0.320660 1.928875 -0.005477
v -0.330772 1.946609 -0.007888
v -0.330766 1.948722 -0.001127
v -0.100779 2.079674 -0.173668
v -0.320848 1.930717 -0.001110
v -0.096384 2.060954 -0.166404
v -0.581977 1.780169 -0.106582
v -0.295574 1.840016 -0.234267
v -0.071308 1.828168 -0.400564
v -0.071709 1.830826 -0.397120
v 0.139314 1.925057 -0.282924
v 0.147360 1.926270 -0.283844
v -0.304028 1.853161 -0.247617
v -0.075955 1.846008 -0.410312
v -0.075035 1.836845 -0.418822
v 0.139479 1.939893 -0.297150
v 0.147798 1.940907 -0.298268
v -0.100263 2.070357 -0.184474
v -0.096076 2.056933 -0.169481
v -0.086764 2.079088 -0.173823
v -0.089579 2.060245 -0.166104
v 0.147766 1.928103 -0.279171
v 0.370357 2.025141 -0.169015
v 0.148309 1.944506 -0.291547
v 0.369188 2.044137 -0.176777
v 0.140752 2.040316 -0.005003
v 0.141668 2.060680 -0.007656
v 0.141403 2.062809 -0.000332
v 0.140588 2.042271 -0.000334
v 0.376699 2.024674 -0.168912
v 0.377819 2.043601 -0.176851
v 0.155181 1.940304 -0.298334
v 0.377619 1.793390 -0.426990
v 0.374926 1.804834 -0.417584
v 0.155160 1.925791 -0.283776
v 0.374313 2.035032 -0.187299
v 0.370286 1.791169 -0.402947
v 0.369585 2.020418 -0.173641
v 0.377224 2.043601 0.176981
v 0.376130 2.024675 0.169038
v 0.369595 2.025145 -0.162216
v 0.374102 2.045057 0.163010
v 0.374651 2.045057 -0.162891
v 0.148972 2.062242 -0.000320
v 0.369049 2.025146 0.162318
v 0.148438 2.041693 -0.000321
v 0.368593 2.044138 0.176877
v 0.141643 2.060680 0.006991
v -0.087346 2.079089 0.172388
v 0.140736 2.040317 0.004335
v 0.369787 2.025142 0.169119
v -0.090136 2.060246 0.164661
v -0.101360 2.079674 0.172186
v 0.132814 2.061139 -0.000347
v -0.101084 2.080221 -0.159969
v -0.321955 1.951228 -0.001112
v -0.096455 2.060276 -0.161790
v 0.132554 2.040585 -0.000347
v -0.101621 2.080220 0.158486
v -0.096998 2.060277 0.160324
v -0.312641 1.932904 -0.001096
v -0.096942 2.060954 0.164938
v 0.146406 1.926271 0.283198
v 0.146827 1.928104 0.278526
v 0.147329 1.944507 0.290904
v 0.146795 1.940908 0.297622
v 0.369000 2.020418 0.173742
v 0.368930 1.791170 0.403050
v 0.376284 1.785762 0.408032
v 0.373682 2.035032 0.187417
v 0.154205 1.925791 0.283157
v 0.373520 1.804835 0.417702
v 0.154177 1.940304 0.297713
v 0.376182 1.793391 0.427119
v 0.377293 1.447769 0.408212
v 0.369564 1.455744 0.407996
v 0.161327 1.643709 0.403164
v 0.370032 1.786055 0.408077
v 0.369045 1.779383 0.407868
v 0.168983 1.643240 0.403355
v 0.167449 1.643209 0.423852
v 0.372439 1.780038 0.428130
v 0.372834 1.455065 0.428278
v 0.375189 1.439671 0.426987
v 0.160530 1.643802 0.423704
v 0.367704 1.794013 0.426885
v 0.161266 1.651194 0.421483
v -0.063825 1.835983 0.417726
v 0.161887 1.648158 0.401163
v -0.076442 1.836845 0.417426
v -0.066062 1.828057 0.398892
v 0.146732 1.934129 0.301402
v 0.146320 1.921658 0.285067
v -0.072655 1.828169 0.399181
v 0.138363 1.925058 0.282250
v 0.138480 1.939894 0.296476
v -0.077334 1.846009 0.408913
v -0.304858 1.853162 0.245452
v -0.313290 1.850728 0.244864
v -0.073043 1.830827 0.395736
v -0.296358 1.840017 0.232130
v -0.304463 1.838077 0.231278
v -0.096645 2.056933 0.168016
v -0.100883 2.070356 0.182995
v -0.104478 2.056410 0.163569
v -0.305219 1.839632 0.226754
v -0.573095 1.785426 0.104661
v -0.314393 1.853741 0.238558
v -0.115490 2.072187 0.170804
v -0.582003 1.802413 0.112051
v -0.320675 1.928875 0.003257
v -0.330796 1.946609 0.005633
v -1.602555 0.824524 -0.024373
v -1.593825 0.803521 -0.003252
v -1.603006 0.817562 -0.010158
v -1.584327 0.842090 -0.031393
v -1.586682 0.835459 -0.017237
v -1.582415 0.838690 -0.034604
v -1.585748 0.840726 -0.019481
v -1.573883 0.912937 -0.048484
v -1.602140 0.832275 -0.028559
v -1.595062 0.829018 -0.047605
v -1.602416 0.838600 -0.040509
v -1.589980 0.911486 -0.061184
v -1.594121 0.848681 -0.019626
v -1.616782 0.843785 -0.021761
v -1.608761 0.842862 -0.032827
v -1.597663 0.848937 -0.016240
v -1.569324 0.941519 -0.060226
v -1.585849 0.940370 -0.072395
v -1.590383 0.844837 -0.056621
v -1.530451 0.899477 -0.102626
v -1.578255 0.848934 -0.040539
v -1.523840 0.907636 -0.084956
v -1.527533 0.909857 -0.082864
v -1.530558 0.985375 -0.116797
v -1.526853 0.994264 -0.122340
v -1.535679 0.902762 -0.100351
v -1.542785 0.979802 -0.132352
v -1.538500 0.992993 -0.139229
v -1.565782 0.939088 -0.062273
v -1.581327 0.936776 -0.075522
v -1.566059 0.948829 -0.061994
v -1.582456 0.949023 -0.074388
v -1.544782 0.999864 -0.131276
v -1.486317 1.159920 -0.125061
v -1.480171 1.174273 -0.127939
v -1.528581 0.996420 -0.119104
v -1.472020 1.154516 -0.111317
v -1.465486 1.168413 -0.114803
v -1.577949 1.034309 -0.054986
v -1.592646 1.036546 -0.069181
v -1.600050 1.040286 -0.058790
v -1.581186 1.035650 -0.052068
v -1.206059 1.444615 0.178403
v -1.006922 1.489207 0.306780
v -1.014087 1.484675 0.304237
v -1.117391 1.287267 0.255383
v -1.217227 1.454583 0.192489
v -1.023457 1.487858 0.322253
v -1.011824 1.496215 0.325471
v -1.121965 1.284742 0.275262
v -1.214536 1.448849 0.195915
v -1.356406 1.261775 0.216453
v -1.125460 1.290637 0.273171
v -1.119630 1.291084 0.253464
v -1.349244 1.257305 0.197712
v -1.204258 1.440795 0.180041
v -1.367105 1.255572 0.212778
v -1.356534 1.251325 0.195668
v -1.214994 1.435700 0.175710
v -1.417706 1.347980 0.078550
v -1.127661 1.280832 0.252017
v -1.267204 1.112050 0.198494
v -1.226544 1.445862 0.189344
v -1.433475 1.359438 0.085073
v -1.132132 1.279025 0.271998
v -1.268702 1.104048 0.217369
v -1.359412 1.246522 0.215088
v -1.353388 1.247935 0.195486
v -1.273674 1.112005 0.217990
v -1.269179 1.115452 0.198231
v -1.395761 1.086687 0.181334
v -1.389697 1.089746 0.161933
v -1.401292 1.080934 0.179188
v -1.396049 1.084371 0.159612
v -1.274742 1.106922 0.196201
v -1.321713 0.995041 0.116102
v -1.275354 1.096750 0.214053
v -1.316231 0.981553 0.130613
v -1.396197 1.076005 0.177635
v -1.320906 0.986017 0.133714
v -1.392935 1.081848 0.158199
v -1.442362 0.939734 0.120870
v -1.325013 0.997672 0.117289
v -1.440696 0.931900 0.139801
v -1.448961 0.933553 0.118133
v -1.449264 0.923182 0.135878
v -1.324229 0.974643 0.126900
v -1.383710 0.871937 0.055409
v -1.331023 0.987932 0.112768
v -1.392212 0.889056 0.047847
v -1.446107 0.932332 0.114978
v -1.394535 0.891368 0.050661
v -1.388747 0.876853 0.064014
v -1.467236 0.861791 0.071136
v -1.471335 0.877037 0.057975
v -1.440958 0.918236 0.129026
v -1.477313 0.872520 0.055792
v -1.401243 0.884742 0.045791
v -1.457367 0.857547 -0.003022
v -1.473439 0.856968 0.068664
v -1.395346 0.866202 0.052427
v -1.448900 0.838817 -0.003008
v -1.459013 0.858534 0.001193
v -1.535583 0.818915 0.012114
v -1.545656 0.813866 0.009853
v -1.450776 0.839828 0.003371
v -1.527969 0.801226 0.019300
v -1.543806 0.794041 0.014960
v -1.470934 0.854947 0.062766
v -1.475776 0.871464 0.051530
v -1.500489 0.858569 0.043579
v -1.547433 0.817051 0.013250
v -1.560962 0.824166 0.028215
v -1.563732 0.819872 0.010620
v -1.553158 0.831299 0.033893
v -1.554256 0.815765 0.006594
v -1.559011 0.816688 -0.003193
v -1.560599 0.817676 0.001709
v -1.571031 0.818760 0.000586
v -1.581889 0.820255 -0.003232
v -1.564409 0.797479 0.001543
v -1.562164 0.818657 0.005791
v -1.567934 0.799836 0.011708
v -1.558737 0.795936 0.009637
v -1.561693 0.796309 -0.003198
v -1.576202 0.799064 0.003383
v -1.568512 0.800984 0.017169
v -1.561187 0.804004 0.021357
v -1.547958 0.801257 0.026395
v -1.495967 0.842862 0.056044
v -1.557257 0.823708 0.025118
v -1.558937 0.822639 0.012983
v -1.553738 0.805218 0.033377
v -1.564957 0.808413 0.040803
v -1.565732 0.823474 0.020442
v -1.567671 0.822516 0.012885
v -1.575494 0.821763 0.005948
v -1.573282 0.803592 0.018622
v -1.573685 0.806082 0.027978
v -1.583840 0.804319 0.012915
v -1.571350 0.824816 0.014312
v -1.581854 0.809351 0.022854
v -1.585285 0.812542 0.026076
v -1.575166 0.827618 0.016441
v -1.581788 0.825997 0.005918
v -1.594953 0.811980 0.013182
v -1.572352 0.831666 0.019704
v -1.563958 0.828233 0.028350
v -1.581421 0.817923 0.032007
v -1.537810 0.886213 0.061783
v -1.573880 0.818977 0.043789
v -1.577795 0.837594 0.028342
v -1.543542 0.877568 0.079528
v -1.582447 0.824791 0.043735
v -1.595211 0.829018 0.041096
v -1.530787 0.899477 0.096334
v -1.582521 0.838691 0.028138
v -1.524116 0.907636 0.078687
v -1.582000 0.834413 0.020475
v -1.554140 0.819470 0.050674
v -1.579273 0.830385 0.014687
v -1.595156 0.820686 0.028283
v -1.589675 0.814859 0.023246
v -1.598391 0.820723 0.018857
v -1.582822 0.832586 0.012583
v -1.586729 0.835459 0.010756
v -1.602626 0.824523 0.017839
v -1.586210 0.828966 0.000540
v -1.588525 0.836604 0.005974
v -1.591548 0.838742 -0.003248
v -1.586197 0.828966 -0.007018
v -1.588494 0.836604 -0.012461
v -1.593504 0.842181 -0.013091
v -1.604065 0.824769 -0.018782
v -1.610564 0.831218 -0.016452
v -1.589933 0.837485 -0.008034
v -1.607749 0.827233 -0.008108
v -1.609969 0.829622 -0.003279
v -1.603029 0.817560 0.003624
v -1.607765 0.827233 0.001557
v -1.604117 0.824768 0.012243
v -1.589949 0.837485 0.001543
v -1.593537 0.842181 0.006588
v -1.610608 0.831218 0.009891
v -1.616845 0.843784 0.015181
v -1.597707 0.848936 0.009724
v -1.591372 0.844491 -0.003248
v -1.610987 0.838349 -0.003281
v -1.602225 0.832274 0.022026
v -1.617154 0.848600 0.002229
v -1.602542 0.838601 0.033976
v -1.590174 0.911486 0.054693
v -1.584422 0.842090 0.024920
v -1.585803 0.840727 0.013004
v -1.594175 0.848682 0.013121
v -1.574035 0.912937 0.042047
v -1.608861 0.842862 0.026273
v -1.569516 0.941518 0.053803
v -1.586082 0.940371 0.065916
v -1.590562 0.844837 0.050128
v -1.578381 0.848934 0.034087
v -1.565982 0.939088 0.055863
v -1.527802 0.909857 0.076582
v -1.581570 0.936776 0.069060
v -1.536006 0.902762 0.094043
v -1.530940 0.985375 0.110504
v -1.543219 0.979803 0.126018
v -1.527254 0.994265 0.116061
v -1.538958 0.992993 0.132911
v -1.582696 0.949023 0.067922
v -1.545213 0.999865 0.124935
v -1.486728 1.159922 0.118918
v -1.528971 0.996420 0.112819
v -1.566257 0.948829 0.055584
v -1.578124 1.034309 0.048535
v -1.472384 1.154516 0.105222
v -1.592869 1.036546 0.062680
v -1.600237 1.040286 0.052264
v -1.581350 1.035650 0.045606
v -1.465863 1.168413 0.108729
v -1.582273 1.024672 0.043185
v -1.571060 0.942314 0.049281
v -1.596391 0.861446 0.012251
v -1.588575 0.941670 0.060020
v -1.601815 1.024303 0.049545
v -1.615890 0.862456 0.018679
v -1.608426 0.956904 -0.003276
v -1.607005 0.955416 0.002924
v -1.586558 0.954154 0.001239
v -1.587937 0.955248 -0.003242
v -1.588727 0.923767 -0.003243
v -1.596890 0.850534 0.005073
v -1.609222 0.925342 -0.003278
v -1.596862 0.850535 -0.011587
v -1.617136 0.848600 -0.008811
v -1.615815 0.862456 -0.025257
v -1.588362 0.941670 -0.066506
v -1.601637 1.024303 -0.056075
v -1.596340 0.861446 -0.018763
v -1.570883 0.942315 -0.055708
v -1.582116 1.024672 -0.049650
v -1.606985 0.955416 -0.009473
v -1.586542 0.954154 -0.007720
v -1.585062 0.962957 -0.003237
v -1.605364 0.966156 -0.003271
v -1.599852 1.042327 -0.045883
v -1.517917 1.195863 -0.003124
v -1.511898 1.211448 -0.003114
v -1.580370 1.036042 -0.047743
v -1.499541 1.186652 -0.003093
v -1.493639 1.202008 -0.003083
v -1.580519 1.036042 0.041285
v -1.599995 1.042327 0.039358
v -1.575762 1.046044 0.046729
v -1.592773 1.055240 0.053698
v -1.480591 1.174273 0.121816
v -1.510732 1.210108 0.003342
v -1.440951 1.345358 0.083870
v -1.492495 1.200892 0.001110
v -1.423110 1.337868 0.076937
v -1.482761 1.176319 0.115757
v -1.467063 1.169305 0.104491
v -1.459786 1.175382 0.110137
v -1.415329 1.345437 0.081488
v -1.428181 1.353560 0.095323
v -1.357723 1.253587 0.192587
v -1.474468 1.182113 0.122852
v -1.371240 1.262486 0.205261
v -1.363165 1.243574 0.192304
v -1.374247 1.243988 0.209612
v -1.476541 1.170111 0.125490
v -1.531182 1.005554 0.136620
v -1.405996 1.085434 0.176760
v -1.399058 1.086783 0.157458
v -1.521213 1.003014 0.118823
v -1.462916 1.165858 0.110696
v -1.408074 1.069979 0.174523
v -1.404025 1.073944 0.154765
v -1.528269 0.986388 0.134929
v -1.526189 0.906345 0.099588
v -1.457532 0.931036 0.136793
v -1.523189 0.992283 0.115904
v -1.451970 0.936506 0.117775
v -1.519640 0.913692 0.081542
v -1.455987 0.927411 0.112960
v -1.520428 0.905169 0.077140
v -1.481085 0.874852 0.057292
v -1.525704 0.895590 0.094544
v -1.478531 0.860206 0.071485
v -1.457781 0.914333 0.128716
v -1.448797 0.923182 -0.141894
v -1.525843 0.906344 -0.105864
v -1.457337 0.914332 -0.134762
v -1.473198 0.856969 -0.074762
v -1.448553 0.933553 -0.124150
v -1.455597 0.927411 -0.118999
v -1.477114 0.872520 -0.061903
v -1.478280 0.860206 -0.077601
v -1.553959 0.819470 -0.057045
v -1.525375 0.895590 -0.100819
v -1.480880 0.874852 -0.063416
v -1.520157 0.905169 -0.083396
v -1.553033 0.831298 -0.040260
v -1.560855 0.824165 -0.034608
v -1.564808 0.808414 -0.047209
v -1.495767 0.842862 -0.062219
v -1.543744 0.794041 -0.021294
v -1.500333 0.858568 -0.049769
v -1.545611 0.813866 -0.016195
v -1.547377 0.817051 -0.019598
v -1.557163 0.823709 -0.031499
v -1.553615 0.805218 -0.039745
v -1.561104 0.804004 -0.027752
v -1.547858 0.801257 -0.032743
v -1.558883 0.822640 -0.019369
v -1.563685 0.819872 -0.017022
v -1.568444 0.800985 -0.023588
v -1.558693 0.795935 -0.016023
v -1.573579 0.806081 -0.034414
v -1.567884 0.799837 -0.018125
v -1.552939 0.798359 -0.003183
v -1.539549 0.795567 -0.008016
v -1.475843 0.828207 -0.003053
v -1.544601 0.815170 -0.011585
v -1.553372 0.818910 -0.003184
v -1.544631 0.815170 0.005247
v -1.539566 0.795567 0.001696
v -1.484595 0.846805 -0.003068
v -1.554222 0.815765 -0.012965
v -1.560583 0.817677 -0.008102
v -1.562134 0.818657 -0.012187
v -1.564394 0.797479 -0.007947
v -1.571018 0.818760 -0.007013
v -1.576180 0.799065 -0.009828
v -1.583783 0.804318 -0.019385
v -1.575462 0.821763 -0.012390
v -1.573209 0.803592 -0.025056
v -1.567616 0.822516 -0.019301
v -1.565653 0.823474 -0.026850
v -1.571290 0.824816 -0.020740
v -1.581766 0.809350 -0.029317
v -1.585187 0.812543 -0.032550
v -1.575101 0.827617 -0.022882
v -1.572275 0.831666 -0.026136
v -1.563851 0.828233 -0.034752
v -1.537592 0.886212 -0.068098
v -1.581303 0.817923 -0.038469
v -1.573723 0.818976 -0.050225
v -1.543264 0.877568 -0.085863
v -1.577688 0.837594 -0.034793
v -1.582288 0.824791 -0.050201
v -1.581920 0.834413 -0.026939
v -1.595049 0.820686 -0.034792
v -1.589585 0.814858 -0.029737
v -1.594897 0.811980 -0.019690
v -1.579212 0.830385 -0.021141
v -1.581757 0.825996 -0.012381
v -1.598316 0.820723 -0.025376
v -1.582768 0.832586 -0.019049
v -1.575594 1.046044 -0.053171
v -1.466701 1.169305 -0.110568
v -1.422841 1.337868 -0.082867
v -1.417432 1.347980 -0.084462
v -1.482360 1.176318 -0.121888
v -1.440660 1.345358 -0.089861
v -1.592582 1.055240 -0.060198
v -1.510711 1.210108 -0.009567
v -1.433179 1.359437 -0.091037
v -1.492481 1.200892 -0.007275
v -1.505378 1.219788 -0.003103
v -1.432972 1.360492 -0.078640
v -1.264688 1.513966 -0.002698
v -1.256031 1.524364 -0.002684
v -1.416853 1.347840 -0.080255
v -1.487607 1.209457 -0.003073
v -1.250401 1.499188 -0.002674
v -1.242137 1.509214 -0.002660
v -1.417113 1.347839 0.074345
v -1.433227 1.360493 0.072675
v -1.410674 1.354573 0.079169
v -1.423185 1.368868 0.087019
v -1.255359 1.522397 0.004161
v -1.111603 1.656183 0.132003
v -1.100208 1.666255 0.133235
v -1.241441 1.507475 0.001679
v -1.097316 1.643461 0.124487
v -1.090879 1.649582 0.125655
v -1.219085 1.457391 0.186195
v -1.207071 1.446130 0.173891
v -1.198461 1.448534 0.178807
v -1.089017 1.646278 0.128479
v -0.822440 1.634026 0.195305
v -0.826047 1.648399 0.209550
v -1.095947 1.658191 0.143729
v -1.209087 1.459218 0.192787
v -1.015448 1.505280 0.316709
v -1.007903 1.491704 0.303245
v -0.786242 1.090518 -0.137049
v -0.650794 1.260418 -0.217604
v -0.649031 1.257235 -0.211060
v -0.433099 1.273192 -0.115129
v -0.797426 1.084764 -0.137661
v -0.427696 1.276547 -0.114648
v -0.657784 1.273106 -0.203021
v -0.431387 1.295165 -0.106758
v -0.647950 1.275768 -0.203883
v -0.643187 1.261955 -0.218339
v -0.428771 1.280404 -0.119461
v -0.232280 1.361822 -0.252597
v -0.224598 1.364269 -0.253338
v -0.432389 1.298219 -0.109868
v -0.232325 1.376936 -0.238668
v -0.221701 1.378851 -0.239144
v -0.474208 1.434972 -0.252543
v -0.475226 1.437701 -0.255620
v -0.473252 1.424962 -0.270471
v -0.474865 1.429876 -0.274624
v -0.468939 1.430773 -0.277068
v -0.481413 1.426761 -0.275815
v -0.226424 1.370602 -0.256616
v -0.051491 1.490431 -0.415458
v -0.465842 1.438775 -0.258390
v -0.223052 1.383096 -0.240645
v -0.045074 1.499082 -0.397951
v -0.037525 1.499246 -0.400110
v -0.261703 1.607169 -0.331643
v -0.267587 1.603475 -0.350988
v -0.262766 1.611251 -0.333353
v -0.268708 1.610561 -0.353018
v -0.040353 1.492277 -0.419239
v -0.218165 1.364319 -0.254519
v -0.017672 1.255286 -0.182200
v 0.168589 1.343680 -0.301126
v 0.169671 1.358205 -0.286622
v -0.039749 1.482503 -0.411465
v -0.015266 1.270703 -0.168818
v -0.037150 1.495966 -0.396151
v -0.214230 1.378677 -0.240347
v -0.031236 1.499164 -0.400459
v 0.177943 1.362081 -0.289010
v 0.372509 1.448174 -0.407859
v 0.175901 1.350007 -0.305519
v -0.030028 1.491295 -0.419409
v 0.368363 1.440486 -0.426465
v 0.162538 1.639283 -0.401766
v 0.161646 1.636171 -0.422063
v 0.162685 1.643708 -0.403760
v 0.161958 1.643801 -0.424301
v 0.154414 1.643836 -0.423153
v -0.041266 1.503517 -0.420028
v -0.261224 1.612146 -0.354359
v -0.038017 1.503525 -0.399731
v 0.168877 1.643208 -0.424426
v 0.374276 1.455065 -0.428160
v 0.373881 1.780037 -0.428014
v 0.370938 1.455743 -0.407890
v 0.370417 1.779382 -0.407764
v 0.170342 1.643239 -0.403924
v 0.377657 1.785761 -0.407904
v 0.371405 1.786053 -0.407970
v 0.147281 1.921658 -0.285715
v 0.147748 1.934128 -0.302048
v -0.064717 1.828056 -0.400254
v 0.369139 1.794011 -0.426786
v 0.163239 1.648158 -0.401756
v 0.162686 1.651193 -0.422078
v -0.062418 1.835982 -0.419079
v -0.074186 1.823122 -0.420257
v -0.070822 1.822949 -0.399979
v 0.154717 1.643507 -0.402603
v -0.254954 1.612314 -0.334785
v -0.078942 1.825781 -0.397715
v -0.088027 1.831456 -0.415258
v -0.264190 1.615337 -0.331247
v -0.528283 1.642096 -0.258149
v -0.270592 1.617094 -0.350701
v -0.534867 1.648993 -0.276358
v -0.541880 1.645831 -0.274025
v -0.311565 1.844473 -0.250559
v -0.302765 1.833937 -0.235259
v -0.537595 1.638545 -0.255288
v -0.274016 1.608628 -0.332096
v -0.536231 1.634773 -0.255116
v -0.476555 1.441789 -0.255514
v -0.539713 1.639171 -0.274891
v -0.725786 1.461132 -0.284710
v -0.476605 1.435935 -0.275218
v -0.277632 1.607059 -0.352269
v -0.725729 1.461018 -0.305265
v -0.734104 1.458414 -0.304195
v -0.735901 1.457414 -0.283743
v -0.485064 1.433710 -0.256819
v -0.734310 1.453545 -0.281962
v -0.731115 1.451971 -0.302207
v -0.659157 1.277204 -0.204655
v -0.652629 1.266649 -0.221040
v -0.879451 1.266145 -0.309742
v -0.872990 1.260576 -0.328443
v -0.887117 1.262542 -0.310783
v -0.885418 1.255222 -0.329915
v -0.658656 1.257294 -0.217310
v -0.665979 1.269817 -0.202748
v -0.803851 1.102569 -0.129648
v -0.885714 1.259981 -0.307075
v -0.805255 1.105731 -0.132463
v -0.881087 1.246186 -0.321594
v -0.800539 1.092005 -0.147018
v -1.018486 1.130697 -0.186567
v -1.016564 1.115977 -0.200785
v -1.026275 1.127648 -0.186069
v -1.024284 1.112733 -0.200073
v -0.810074 1.081691 -0.136127
v -0.812132 1.100811 -0.128864
v -0.984002 1.040770 -0.002226
v -0.988634 1.060796 -0.002233
v -0.985246 1.042478 -0.009168
v -1.186852 0.995500 -0.095695
v -0.989647 1.062353 -0.006322
v -1.022961 1.109553 -0.193665
v -1.025708 1.126229 -0.181966
v -1.192107 1.013877 -0.088134
v 0.374831 1.189738 0.176839
v 0.371331 1.209626 0.161590
v 0.371875 1.209626 -0.161479
v 0.186279 1.216845 -0.000256
v 0.190401 1.236984 -0.000249
v 0.371719 1.189085 0.162206
v 0.366738 1.191024 0.176537
v 0.180355 1.220000 0.007381
v -0.009346 1.247519 0.172847
v 0.183352 1.240073 0.004123
v -0.009424 1.266532 0.165034
v 0.173996 1.339340 0.294098
v 0.174198 1.343144 0.301182
v 0.176503 1.355941 0.282240
v 0.176468 1.357601 0.286747
v -0.015537 1.267314 0.164648
v 0.175412 1.238942 -0.000274
v 0.370912 1.214854 0.174347
v 0.372270 1.199908 0.188392
v 0.180602 1.342412 0.301433
v 0.371569 1.429442 0.417713
v 0.183918 1.356766 0.287097
v 0.370133 1.443487 0.402774
v 0.366927 1.440487 0.426563
v 0.371136 1.448174 0.407970
v 0.176971 1.362082 0.288467
v -0.032582 1.499165 0.399211
v 0.174874 1.350008 0.304970
v -0.031438 1.491296 0.418166
v -0.038870 1.499246 0.398841
v 0.161187 1.639285 0.401170
v 0.160226 1.636171 0.421465
v -0.041762 1.492279 0.417961
v 0.167576 1.343680 0.300552
v -0.017830 1.248561 0.172745
v 0.173898 1.218442 -0.000277
v -0.018282 1.255287 0.180999
v 0.168708 1.358205 0.286052
v -0.041131 1.482503 0.410189
v -0.015832 1.270704 0.167626
v -0.219018 1.364320 0.252644
v -0.038481 1.495967 0.394884
v -0.215036 1.378678 0.238484
v -0.225447 1.364269 0.251441
v -0.222502 1.378851 0.237256
v -0.046412 1.499083 0.396657
v -0.223859 1.383098 0.238754
v -0.466707 1.438776 0.255680
v -0.227285 1.370603 0.254712
v -0.052888 1.490432 0.414143
v -0.469868 1.430773 0.274348
v -0.476081 1.437702 0.252878
v -0.262817 1.607170 0.329619
v -0.268765 1.603476 0.348945
v -0.269894 1.610563 0.350970
v -0.263884 1.611252 0.331325
v -0.475784 1.429877 0.271884
v -0.262413 1.612147 0.352337
v -0.042677 1.503517 0.418747
v 0.152990 1.643836 0.422530
v -0.039361 1.503526 0.398461
v -0.256078 1.612315 0.332784
v 0.153363 1.643508 0.401981
v -0.072166 1.822950 0.398598
v -0.075598 1.823123 0.418864
v -0.089423 1.831457 0.413819
v -0.080279 1.825781 0.396306
v -0.265301 1.615338 0.329216
v -0.529147 1.642097 0.255228
v -0.271769 1.617096 0.348648
v -0.535792 1.648993 0.273416
v -0.542797 1.645832 0.271059
v -0.312404 1.844473 0.248367
v -0.303554 1.833937 0.233097
v -0.538449 1.638546 0.252336
v -0.275131 1.608628 0.330030
v -0.537085 1.634774 0.252169
v -0.477410 1.441789 0.252769
v -0.540633 1.639171 0.271931
v -0.477527 1.435935 0.272472
v -0.726739 1.461132 0.281125
v -0.278814 1.607060 0.350192
v -0.726750 1.461018 0.301680
v -0.735122 1.458414 0.300581
v -0.736850 1.457414 0.280123
v -0.485923 1.433711 0.254044
v -0.735254 1.453546 0.278349
v -0.732127 1.451972 0.298603
v -0.880487 1.266146 0.305640
v -0.482336 1.426761 0.273053
v -0.874089 1.260576 0.324363
v -0.659840 1.277206 0.201296
v -0.658461 1.273107 0.199666
v -0.653367 1.266650 0.217703
v -0.651521 1.260418 0.214272
v -0.886522 1.255222 0.325793
v -0.888156 1.262542 0.306655
v -0.643916 1.261955 0.215034
v -0.474157 1.424963 0.267737
v -0.233128 1.361822 0.250674
v -0.648631 1.275769 0.200561
v -0.475054 1.434973 0.249805
v -0.233126 1.376938 0.236744
v -0.432754 1.298219 0.107271
v -0.431743 1.295166 0.104166
v -0.429168 1.280404 0.116877
v -0.428078 1.276548 0.112067
v -0.422845 1.275726 0.113119
v -0.225008 1.360636 0.244740
v -0.027425 1.249269 0.171180
v -0.422415 1.294710 0.105250
v -0.222025 1.377233 0.232989
v -0.022878 1.267977 0.163980
v -0.205399 1.282394 0.003284
v -0.207276 1.262147 0.006290
v -0.204831 1.280499 -0.000914
v -0.206406 1.260005 -0.000917
v -0.200461 1.259346 -0.000907
v -0.017691 1.247317 0.161675
v -0.197492 1.279686 -0.000902
v -0.015458 1.267665 0.159807
v -0.017145 1.247317 -0.162874
v -0.014918 1.267665 -0.160998
v -1.005882 1.489206 -0.311307
v -0.997227 1.492169 -0.309998
v -1.010721 1.496213 -0.330015
v -0.996564 1.500978 -0.328559
v -0.737204 1.461374 -0.281855
v -0.548219 1.635304 -0.256380
v -0.736179 1.465006 -0.302060
v -0.550141 1.643103 -0.275301
v -0.813681 1.646901 -0.217335
v -0.811348 1.634392 -0.201192
v -0.812977 1.638218 -0.199497
v -0.802432 1.642558 -0.199932
v -0.538414 1.641169 -0.252315
v -0.315283 1.833974 -0.232184
v -0.543313 1.650900 -0.269745
v -0.322673 1.846538 -0.246679
v -0.580985 1.777441 -0.109196
v -0.587954 1.793430 -0.120072
v -1.109691 1.290797 0.256025
v -0.997663 1.500978 0.324061
v -0.737190 1.465007 0.298441
v -0.551063 1.643104 0.272307
v -0.998263 1.492170 0.305499
v -0.738147 1.461375 0.278231
v -0.549077 1.635305 0.253392
v -0.817060 1.652596 0.209904
v -0.814406 1.646902 0.213454
v -0.812018 1.634392 0.197319
v -0.813642 1.638219 0.195618
v -0.803098 1.642558 0.196090
v -0.539258 1.641170 0.249361
v -0.316061 1.833975 0.229981
v -0.544215 1.650901 0.266774
v -0.323500 1.846538 0.244450
v -0.807873 1.656266 0.210643
v -0.581348 1.777442 0.106100
v -0.582331 1.780168 0.103482
v -0.588354 1.793431 0.116952
v -0.589801 1.797744 0.111083
v -0.593423 1.777297 0.103844
v -0.599322 1.795385 0.111627
v -0.850340 1.732000 -0.002001
v -0.814034 1.639814 0.191388
v -1.081441 1.651851 0.125063
v -0.817911 1.655873 0.203617
v -0.844037 1.710613 0.002144
v -1.084880 1.670630 0.132682
v -0.849283 1.730304 0.004837
v -0.844833 1.712196 -0.001992
v -0.853740 1.707813 -0.002007
v -1.090448 1.649582 -0.130468
v -1.090365 1.649074 0.121137
v -1.089950 1.649073 -0.125948
v -0.859515 1.727539 -0.002017
v -1.234575 1.513259 -0.002648
v -1.099578 1.667171 -0.124432
v -1.247710 1.529070 -0.002670
v -1.099989 1.667171 0.119590
v -1.099751 1.666255 -0.138079
v -1.111151 1.656182 -0.136885
v -1.216570 1.454582 -0.197726
v -1.255336 1.522397 -0.009528
v -1.241426 1.507474 -0.006997
v -1.422882 1.368867 -0.092950
v -1.096889 1.643461 -0.129321
v -1.218448 1.457390 -0.191437
v -1.410398 1.354572 -0.085058
v -1.206477 1.446129 -0.179094
v -1.205450 1.444615 -0.183602
v -1.214394 1.435699 -0.180940
v -1.355866 1.251324 -0.201373
v -1.415045 1.345436 -0.087392
v -1.357065 1.253587 -0.198297
v -1.225897 1.445862 -0.194611
v -1.459405 1.175382 -0.116190
v -1.427850 1.353559 -0.101269
v -1.474044 1.182112 -0.128954
v -1.370540 1.262486 -0.211016
v -1.366379 1.255572 -0.218518
v -1.373532 1.243988 -0.215377
v -1.400679 1.080932 -0.185043
v -1.476109 1.170111 -0.131598
v -1.362508 1.243573 -0.198032
v -1.395502 1.084371 -0.165450
v -1.405391 1.085434 -0.182631
v -1.398519 1.086783 -0.163307
v -1.520802 1.003014 -0.125083
v -1.530711 1.005554 -0.142912
v -1.462534 1.165858 -0.116760
v -1.407476 1.069979 -0.180402
v -1.403494 1.073944 -0.160630
v -1.527805 0.986388 -0.141212
v -1.457062 0.931036 -0.142837
v -1.451563 0.936506 -0.123802
v -1.522788 0.992282 -0.122170
v -1.519355 0.913693 -0.087797
v -1.258961 1.116218 0.201290
v -1.026894 1.127649 0.181474
v -1.029105 1.131381 0.183131
v -0.896081 1.259809 0.304474
v -1.028207 1.118202 0.198879
v -1.258752 1.107201 0.219760
v -1.024949 1.112735 0.195484
v -0.898678 1.249789 0.322231
v -1.118978 1.278469 0.273190
v -1.115692 1.283655 0.253574
v -0.889920 1.266535 0.306145
v -0.745357 1.453678 0.279702
v -1.114118 1.288884 0.276007
v -0.891437 1.266712 0.326643
v -0.743574 1.454766 0.300150
v -1.004667 1.485032 0.306152
v -1.005828 1.484019 0.326649
v -1.201505 1.011542 -0.086780
v -1.195464 0.993705 -0.095015
v -0.993900 1.037258 -0.002242
v -1.195774 0.993705 0.089850
v -0.999837 1.056937 -0.002252
v -1.201789 1.011543 0.081595
v -1.200886 1.012045 -0.082560
v -1.201155 1.012044 0.077378
v -1.193931 0.993084 -0.086388
v -1.194213 0.993084 0.081230
v -1.281979 0.958570 -0.002727
v -1.273819 0.939705 -0.002713
v -1.278757 0.938161 -0.002722
v -1.289021 0.955970 -0.002739
v -1.209048 1.007345 0.081113
v -1.201814 0.989601 0.088551
v -1.208766 1.007344 -0.086321
v -1.201506 0.989601 -0.093736
v -1.290567 0.957205 -0.006714
v -1.385225 0.893406 -0.054733
v -1.280170 0.939758 -0.009876
v -1.374305 0.877948 -0.062751
v -1.312844 0.979000 -0.129665
v -1.320034 0.994058 -0.117662
v -1.321314 0.995040 -0.121690
v -1.315782 0.981552 -0.136182
v -1.383513 0.871937 -0.061206
v -1.314520 0.998477 -0.123463
v -1.310603 0.984359 -0.137880
v -1.197900 0.998352 -0.101610
v -1.034404 1.108767 -0.198487
v -1.202751 1.014278 -0.089554
v -1.037365 1.123226 -0.184181
v -1.262153 1.097685 -0.217067
v -1.264120 1.110007 -0.200732
v -1.267961 1.104046 -0.222777
v -1.266528 1.112049 -0.203897
v -1.258275 1.116217 -0.206667
v -1.028481 1.131381 -0.187734
v -0.895049 1.259808 -0.308627
v -1.027530 1.118202 -0.203479
v -1.258004 1.107200 -0.225135
v -0.897587 1.249788 -0.326395
v -1.118050 1.278468 -0.278095
v -1.121030 1.284741 -0.280178
v -1.114830 1.283655 -0.258467
v -1.116524 1.287266 -0.260282
v -1.113182 1.288884 -0.280895
v -0.890331 1.266712 -0.330783
v -0.742558 1.454766 -0.303792
v -0.888882 1.266535 -0.310279
v -1.108821 1.290796 -0.260899
v -0.744409 1.453677 -0.283349
v -1.003629 1.485031 -0.310671
v -1.004721 1.484018 -0.331172
v -0.332536 1.925810 -0.001130
v -0.341509 1.944303 -0.001145
v -0.589555 1.798583 -0.106938
v -0.840792 1.736065 -0.001985
v -0.589910 1.798583 0.103812
v -0.581862 1.780004 -0.102677
v -0.582202 1.780004 0.099576
v -0.834062 1.716642 -0.001974
v -0.593068 1.777297 -0.106981
v -0.813383 1.639813 -0.195267
v -1.081013 1.651851 -0.129843
v -0.817219 1.655872 -0.207510
v -1.084425 1.670630 -0.137474
v -0.844023 1.710613 -0.006127
v -0.849260 1.730304 -0.008836
v -0.825336 1.648400 -0.213470
v -1.095455 1.658190 -0.148558
v -1.088577 1.646278 -0.133284
v -1.208429 1.459217 -0.197996
v -0.821776 1.634026 -0.199213
v -1.197850 1.448534 -0.183980
v -1.014373 1.505280 -0.321266
v -1.006875 1.491704 -0.307777
v -1.013056 1.484674 -0.308789
v -1.118769 1.291084 -0.258372
v -1.348570 1.257304 -0.203393
v -1.124532 1.290636 -0.278098
v -1.022365 1.487858 -0.326837
v -1.355668 1.261775 -0.222158
v -1.213868 1.448849 -0.201142
v -1.203643 1.440793 -0.185234
v -1.131207 1.279025 -0.276947
v -1.126804 1.280832 -0.256952
v -1.358679 1.246522 -0.220802
v -1.352720 1.247934 -0.201181
v -1.272930 1.112004 -0.223416
v -1.268503 1.115451 -0.203642
v -1.395141 1.086687 -0.187171
v -1.389142 1.089745 -0.167750
v -1.274624 1.096750 -0.219484
v -1.274072 1.106921 -0.201631
v -1.392392 1.081848 -0.164027
v -1.320447 0.986017 -0.139299
v -1.440216 0.931900 -0.145788
v -1.324609 0.997672 -0.122888
v -1.395589 1.076004 -0.183473
v -1.441946 0.939734 -0.126863
v -1.323792 0.974643 -0.132497
v -1.330634 0.987932 -0.118386
v -1.392041 0.889055 -0.053672
v -1.445709 0.932332 -0.120985
v -1.394355 0.891367 -0.056494
v -1.388522 0.876853 -0.069828
v -1.466986 0.861789 -0.077214
v -1.440514 0.918237 -0.135014
v -1.471130 0.877038 -0.064067
v -1.401080 0.884741 -0.051646
v -1.475592 0.871464 -0.057637
v -1.470711 0.854947 -0.068856
v -1.535531 0.818915 -0.018423
v -1.395160 0.866202 -0.058262
v -1.458999 0.858533 -0.007243
v -1.450754 0.839828 -0.009393
v -1.527893 0.801226 -0.025582
v -1.450727 0.861390 -0.003011
v -1.391895 0.889594 -0.049318
v -1.298847 0.950187 -0.002755
v -1.441980 0.842789 -0.002996
v -1.381761 0.871727 -0.050071
v -1.287396 0.933118 -0.002736
v -1.392052 0.889595 0.043493
v -1.381920 0.871727 0.044280
v -1.374507 0.877948 0.056985
v -1.280194 0.939757 0.004428
v -1.385400 0.893406 0.048930
v -1.290582 0.957205 0.001232
v -1.313271 0.979000 0.124106
v -1.320420 0.994058 0.112079
v -1.311058 0.984359 0.132329
v -1.198233 0.998352 0.096438
v -1.035064 1.108768 0.193865
v -1.203044 1.014279 0.084365
v -1.314927 0.998476 0.117898
v -1.037976 1.123227 0.179548
v -1.262875 1.097685 0.211677
v -1.264786 1.110007 0.195337
v -0.022324 1.267976 -0.165195
v -0.026847 1.249269 -0.172410
v -0.207251 1.262148 -0.008126
v -0.422460 1.275726 -0.115682
v -0.205385 1.282394 -0.005115
v -0.422057 1.294710 -0.107811
v -0.224181 1.360635 -0.246636
v -0.221237 1.377234 -0.234874
v -0.213594 1.258144 -0.000929
v -0.427432 1.275984 -0.108276
v -0.427792 1.275984 0.105698
v -0.215096 1.278644 -0.000932
v -0.431372 1.295259 -0.102323
v -0.431711 1.295260 0.099730
v -0.615530 1.197760 -0.001606
v -0.608853 1.178321 -0.001594
v -0.625272 1.195603 -0.001622
v -0.616152 1.177181 -0.001607
v -0.433483 1.273192 0.112531
v -0.440991 1.290625 0.104642
v -0.657761 1.271554 0.195361
v -0.797215 1.106365 0.125470
v -0.649736 1.257236 0.207735
v -0.625831 1.197410 0.002633
v -0.616422 1.179364 0.005521
v -0.786697 1.090517 0.133263
v -0.797883 1.084764 0.133836
v -0.659382 1.257294 0.213952
v -0.804280 1.102570 0.125802
v -0.666656 1.269817 0.199366
v -0.805694 1.105731 0.128612
v -0.886740 1.259981 0.302951
v -0.801028 1.092005 0.143184
v -0.882163 1.246186 0.317486
v -1.019107 1.130698 0.181999
v -1.017233 1.115977 0.196222
v -0.812559 1.100811 0.124990
v -1.026313 1.126230 0.177372
v -1.192395 1.013877 0.082982
v -1.023605 1.109554 0.189082
v -0.810525 1.081691 0.132260
v -1.187166 0.995500 0.090560
v -0.989660 1.062354 0.001852
v -0.985269 1.042478 0.004712
v -0.976296 1.043536 -0.002213
v -0.797288 1.083763 0.121456
v -0.623773 1.174309 -0.001619
v -0.804386 1.103052 0.121240
v -0.980806 1.063590 -0.002220
v -0.633338 1.192503 -0.001635
v -0.803972 1.103052 -0.125086
v -0.796873 1.083763 -0.125279
v -0.616398 1.179365 -0.008736
v -0.625817 1.197410 -0.005879
v -0.796786 1.106364 -0.129292
v -0.440634 1.290624 -0.107265
v -0.657097 1.271553 -0.198714
vn -0.1081 -0.7033 -0.7026
vn 0.3435 -0.8705 -0.3524
vn -0.1104 -0.9123 -0.3943
vn -0.1433 -0.9897 -0.0002
vn -0.1138 -0.7379 -0.6652
vn 0.1387 0.9583 -0.2497
vn -0.5648 -0.7602 -0.3211
vn 0.4275 0.8280 0.3628
vn -0.1270 0.9226 0.3642
vn -0.1143 -0.9921 -0.0514
vn 0.1027 0.5081 0.8552
vn 0.1450 0.9894 0.0002
vn 0.1100 0.7021 0.7035
vn 0.1111 0.9134 0.3916
vn 0.8989 0.4035 0.1710
vn 0.4909 -0.8091 -0.3231
vn 0.8994 0.4035 -0.1680
vn -0.0925 -0.9819 0.1654
vn -0.1258 0.9226 -0.3646
vn 0.0318 0.8489 0.5276
vn 0.4808 0.6023 0.6373
vn 0.2353 -0.7027 -0.6715
vn 0.0050 0.5000 0.8660
vn 0.8632 0.1872 0.4688
vn -0.0572 -0.8199 -0.5697
vn -0.0348 -0.5877 -0.8083
vn 0.5458 -0.3419 -0.7650
vn -0.3623 0.8550 -0.3710
vn -0.0360 0.7194 -0.6937
vn -0.1641 0.6995 -0.6956
vn -0.4272 0.6154 -0.6624
vn -0.2309 0.9002 -0.3693
vn -0.4686 0.8000 -0.3748
vn -0.4806 0.8745 0.0657
vn -0.7055 0.6346 -0.3154
vn 0.6475 -0.6855 0.3329
vn 0.3059 -0.3233 0.8955
vn 0.3438 -0.8666 0.3616
vn 0.4290 -0.6128 0.6637
vn 0.4309 -0.8194 -0.3781
vn -0.4104 0.5747 -0.7080
vn -0.4825 0.8759 -0.0008
vn -0.2137 0.9108 -0.3533
vn 0.4867 -0.8736 0.0008
vn 0.2114 -0.9131 0.3486
vn 0.3619 -0.8567 0.3675
vn 0.5916 -0.5352 0.6030
vn 0.1793 -0.4289 0.8854
vn 0.1509 -0.3111 0.9383
vn -0.2316 -0.6932 0.6825
vn -0.0250 -0.7136 0.7001
vn -0.0713 0.7310 -0.6786
vn -0.2117 0.9582 -0.1925
vn -0.1812 0.4221 -0.8882
vn -0.3616 0.6748 -0.6434
vn 0.0213 0.7121 -0.7018
vn -0.1609 0.2777 -0.9471
vn 0.2099 -0.8982 0.3862
vn 0.4105 0.8430 -0.3476
vn 0.1630 -0.9177 0.3624
vn -0.0486 -0.4764 0.8779
vn -0.3118 -0.8746 0.3714
vn 0.0350 0.9987 -0.0358
vn -0.3476 0.8699 -0.3500
vn -0.0773 -0.9540 -0.2898
vn 0.0330 0.7418 -0.6698
vn 0.0395 0.9992 0.0001
vn -0.0446 -0.9990 -0.0001
vn 0.7763 -0.5830 0.2398
vn 0.6518 0.6983 -0.2959
vn 0.3531 0.6484 -0.6745
vn 0.6130 0.2845 -0.7371
vn 0.1068 0.8106 -0.5758
vn 0.3031 -0.6881 0.6593
vn 0.0863 0.5618 -0.8227
vn -0.1386 -0.5056 0.8516
vn -0.1623 -0.8632 0.4781
vn 0.6508 0.6983 0.2981
vn 0.7771 -0.5830 -0.2372
vn -0.1767 -0.9496 0.2589
vn 0.1130 0.9776 -0.1775
vn 0.1124 0.9776 0.1779
vn 0.3702 0.9290 0.0006
vn -0.1758 -0.9496 -0.2595
vn 0.2732 -0.9620 0.0005
vn -0.3489 0.8698 0.3488
vn 0.0308 0.7417 0.6700
vn 0.4093 0.8430 0.3490
vn -0.0783 -0.9540 0.2895
vn -0.3105 -0.8746 -0.3724
vn 0.1642 -0.9177 -0.3618
vn -0.2150 0.9107 0.3526
vn -0.3609 0.9326 -0.0006
vn -0.2018 0.8244 0.5288
vn -0.1165 0.9932 -0.0002
vn 0.2020 -0.9001 0.3860
vn -0.2224 -0.9750 -0.0003
vn -0.1999 0.8244 -0.5295
vn 0.2033 -0.9001 -0.3853
vn 0.6193 -0.7852 0.0010
vn 0.2126 -0.9131 -0.3479
vn -0.0226 -0.7136 -0.7002
vn -0.0457 -0.4765 -0.8780
vn 0.0349 0.9987 0.0359
vn 0.0189 0.7121 0.7018
vn -0.1607 -0.8632 -0.4786
vn -0.1358 -0.5057 -0.8520
vn 0.8132 -0.2291 -0.5350
vn 0.0835 0.5619 0.8230
vn 0.3053 -0.6881 -0.6583
vn 0.1048 0.8106 0.5762
vn 0.3507 0.6484 0.6757
vn 0.6106 0.2844 0.7391
vn 0.8648 0.1873 -0.4659
vn -0.0533 0.2327 -0.9711
vn 0.0385 -0.0079 -0.9992
vn -0.2658 -0.3441 -0.9005
vn -0.0896 -0.2750 -0.9573
vn 0.3891 -0.0320 -0.9206
vn 0.2980 -0.0288 0.9541
vn 0.0212 -0.1840 0.9827
vn 0.0518 0.1560 0.9864
vn 0.5432 -0.3419 0.7668
vn -0.0388 0.0045 0.9992
vn -0.4055 0.3693 0.8362
vn 0.0020 0.6829 0.7305
vn 0.3978 0.3488 0.8486
vn 0.0212 0.2733 -0.9617
vn -0.1842 0.4221 0.8876
vn 0.2290 -0.4101 -0.8828
vn -0.0046 0.0606 0.9982
vn -0.0578 -0.8762 -0.4785
vn 0.1823 -0.4289 -0.8848
vn -0.2292 -0.6932 -0.6833
vn -0.3637 0.6748 0.6422
vn -0.2123 0.9582 0.1919
vn -0.0737 0.7310 0.6784
vn -0.4295 0.6154 0.6609
vn 0.1540 -0.3110 -0.9379
vn 0.5936 -0.5352 -0.6010
vn 0.4313 -0.6128 -0.6622
vn 0.2112 -0.8982 -0.3855
vn -0.1640 0.2777 0.9466
vn 0.3451 -0.8666 -0.3604
vn 0.3089 -0.3232 -0.8945
vn 0.6486 -0.6855 -0.3307
vn -0.4803 0.8745 -0.0673
vn -0.7066 0.6346 0.3130
vn -0.2321 0.9002 0.3685
vn 0.4296 -0.8194 0.3796
vn -0.4128 0.5747 0.7066
vn -0.7722 -0.5321 -0.3472
vn -0.5806 -0.8142 -0.0010
vn -0.9010 -0.3677 -0.2301
vn 0.5233 0.5121 0.6811
vn 0.7779 0.5106 0.3662
vn 0.6110 0.4844 0.6261
vn 0.7558 0.5766 0.3104
vn 0.7735 0.0465 0.6321
vn -0.7652 -0.0272 -0.6432
vn -0.6153 -0.4705 -0.6325
vn -0.9813 0.1873 -0.0442
vn -0.7916 -0.1182 -0.5995
vn 0.9668 0.2150 0.1382
vn -0.9301 -0.2506 -0.2686
vn -0.2289 -0.3053 -0.9243
vn 0.9265 0.2643 0.2678
vn 0.8003 0.0468 0.5977
vn -0.8039 -0.0558 -0.5921
vn -0.5300 -0.0607 -0.8458
vn -0.3216 -0.3970 -0.8597
vn 0.6110 0.3415 0.7142
vn 0.3142 0.3920 0.8646
vn -0.1267 0.5127 0.8492
vn 0.5502 0.0883 0.8303
vn 0.5698 0.0612 0.8195
vn -0.8721 0.0144 -0.4892
vn -0.6370 -0.4152 -0.6495
vn -0.5667 -0.0619 -0.8216
vn 0.9446 -0.2138 0.2489
vn -0.1975 -0.4524 -0.8697
vn 0.8257 0.1773 0.5355
vn -0.6745 0.3055 -0.6721
vn -0.8981 0.4305 -0.0894
vn -0.7581 0.1332 -0.6384
vn -0.7144 0.2851 -0.6390
vn 0.4201 0.1534 0.8944
vn 0.6400 -0.3302 0.6938
vn 0.7143 -0.2941 0.6350
vn 0.9438 -0.2404 0.2267
vn -0.2612 -0.0668 -0.9630
vn -0.9177 0.2255 -0.3271
vn 0.9187 -0.2243 0.3250
vn 0.5478 -0.4899 -0.6781
vn 0.2405 -0.3466 -0.9067
vn 0.2707 -0.3037 -0.9135
vn 0.2306 0.1107 -0.9667
vn -0.5433 0.4849 0.6853
vn -0.6172 0.0283 0.7863
vn -0.2385 0.3409 0.9093
vn -0.2225 -0.1229 0.9672
vn -0.1907 -0.1653 0.9676
vn -0.1658 0.3295 0.9295
vn -0.5573 0.5028 0.6608
vn 0.0023 0.4146 -0.9100
vn 0.5669 -0.1240 -0.8144
vn 0.6026 -0.7041 -0.3757
vn -0.5143 0.2066 0.8324
vn 0.5176 -0.2088 -0.8297
vn 0.4570 -0.5564 -0.6939
vn 0.7702 -0.5563 -0.3121
vn 0.0672 0.0489 -0.9965
vn 0.0665 0.3953 -0.9161
vn -0.6924 0.3685 0.6203
vn -0.7672 0.5574 0.3173
vn -0.3704 -0.1763 0.9120
vn -0.0728 -0.3892 0.9183
vn 0.0758 -0.4426 0.8935
vn 0.5471 -0.2673 -0.7932
vn -0.4938 0.3967 0.7738
vn -0.1203 0.6294 -0.7677
vn -0.0800 0.0547 0.9953
vn 0.4308 0.3381 -0.8367
vn -0.2551 -0.1672 0.9523
vn 0.2596 0.1574 -0.9528
vn -0.1246 0.2544 -0.9590
vn -0.2628 0.6547 -0.7088
vn -0.2027 -0.6150 0.7620
vn 0.2667 -0.6562 0.7059
vn 0.2928 -0.6658 0.6863
vn -0.2844 -0.1256 0.9504
vn 0.4670 -0.1234 -0.8756
vn 0.0846 0.5545 -0.8279
vn -0.5175 0.7363 -0.4359
vn 0.2300 -0.2208 0.9478
vn 0.0183 0.5045 -0.8632
vn -0.0147 -0.5046 0.8632
vn 0.1796 -0.7583 0.6267
vn 0.4135 -0.8329 0.3679
vn -0.4431 0.5521 -0.7063
vn -0.4108 0.8341 -0.3681
vn 0.1208 0.4163 -0.9012
vn -0.4877 0.8522 -0.1895
vn -0.0312 -0.3343 0.9419
vn 0.4480 -0.5273 0.7219
vn 0.0040 0.8543 -0.5198
vn 0.5799 -0.7793 0.2374
vn -0.1969 0.7531 -0.6277
vn -0.4873 0.7880 -0.3763
vn -0.4199 0.9076 -0.0007
vn 0.1886 -0.7566 0.6261
vn 0.0977 -0.9581 0.2693
vn 0.4116 -0.9113 0.0007
vn -0.4929 0.7709 0.4035
vn -0.2196 0.9288 -0.2985
vn -0.0793 0.9671 -0.2419
vn 0.1372 -0.6998 0.7011
vn 0.5193 -0.7654 0.3801
vn 0.0901 -0.9645 0.2484
vn 0.4267 -0.8989 -0.0997
vn -0.0218 0.4558 -0.8898
vn -0.2462 0.7517 -0.6118
vn -0.1515 0.9773 -0.1480
vn 0.1964 0.7753 -0.6003
vn 0.2115 0.9185 -0.3342
vn 0.1276 0.6843 -0.7179
vn 0.0413 0.9774 -0.2075
vn 0.1048 0.9945 0.0002
vn -0.0504 0.8635 0.5019
vn 0.3648 0.9263 -0.0943
vn 0.5840 0.8118 0.0010
vn -0.3698 -0.7530 0.5443
vn 0.3490 0.5806 -0.7356
vn -0.0912 -0.9457 -0.3119
vn -0.4280 -0.9015 0.0641
vn -0.1304 -0.9915 -0.0002
vn -0.0732 -0.9775 0.1979
vn -0.2326 -0.9189 0.3186
vn 0.2224 -0.7712 0.5965
vn -0.2315 -0.3416 0.9109
vn 0.1781 -0.7913 0.5849
vn 0.2983 0.6759 -0.6740
vn 0.2562 0.9200 -0.2966
vn 0.5406 -0.8411 -0.0196
vn -0.1943 -0.7663 0.6124
vn 0.2711 0.8090 -0.5216
vn -0.2048 0.9787 -0.0119
vn 0.4765 0.8493 -0.2274
vn -0.7011 -0.5256 0.4819
vn -0.5050 -0.8494 0.1534
vn -0.2927 -0.8168 0.4971
vn 0.7724 0.2826 -0.5688
vn -0.0263 -0.9945 0.1015
vn -0.4924 -0.7334 0.4687
vn 0.4833 0.7236 -0.4928
vn 0.6320 0.7420 -0.2236
vn -0.6345 -0.5654 0.5270
vn 0.5016 0.7517 -0.4282
vn 0.0963 0.8063 -0.5837
vn -0.2545 -0.4138 0.8741
vn 0.2573 0.4050 -0.8774
vn -0.7488 0.0143 0.6627
vn 0.7264 0.3828 -0.5708
vn -0.3026 -0.4587 0.8355
vn 0.3265 -0.6871 0.6491
vn -0.6173 -0.4705 0.6305
vn -0.3245 -0.3969 0.8586
vn 0.6131 0.4844 -0.6240
vn 0.3172 0.3921 -0.8635
vn 0.6296 0.5450 -0.5537
vn 0.0607 -0.4615 0.8851
vn -0.0127 0.8502 -0.5263
vn -0.6094 -0.7788 0.1490
vn -0.9094 -0.3851 0.1571
vn -0.2309 -0.8575 0.4598
vn 0.9878 0.1347 -0.0779
vn 0.7791 0.5107 -0.3636
vn -0.7734 -0.5321 0.3446
vn 0.7373 0.6696 -0.0898
vn 0.4320 0.5392 -0.7230
vn 0.9092 0.4164 0.0015
vn 0.7370 0.6695 0.0923
vn 0.4295 0.5392 0.7244
vn 0.9099 0.3369 0.2420
vn -0.8724 -0.4145 0.2592
vn -0.6789 -0.7316 -0.0617
vn 0.8536 0.2370 -0.4639
vn -0.5891 -0.6107 -0.5292
vn -0.8962 -0.4437 -0.0015
vn -0.9018 -0.3677 0.2271
vn -0.5909 -0.6106 0.5272
vn -0.8715 -0.4145 -0.2621
vn 0.8520 0.2370 0.4668
vn 0.9107 0.3369 -0.2390
vn -0.6791 -0.7316 0.0595
vn -0.9310 -0.2508 0.2654
vn 0.9274 0.2643 -0.2646
vn 0.8647 0.5023 0.0015
vn -0.9899 0.1417 -0.0017
vn -0.7674 -0.0271 0.6406
vn -0.7781 0.0626 -0.6250
vn -0.9815 0.1873 0.0409
vn -0.7936 -0.1182 0.5969
vn 0.5256 0.5121 -0.6793
vn 0.7568 0.5766 -0.3078
vn 0.9673 0.2150 -0.1349
vn 0.7755 0.0465 -0.6296
vn -0.2320 -0.3053 0.9236
vn 0.8025 0.0467 -0.5948
vn -0.8059 -0.0559 0.5894
vn -0.5329 -0.0608 0.8440
vn 0.6134 0.3415 -0.7122
vn 0.9455 -0.2137 -0.2457
vn -0.1238 0.5127 -0.8496
vn -0.2003 -0.4524 0.8690
vn -0.8737 0.0144 0.4863
vn 0.5530 0.0883 -0.8285
vn -0.6392 -0.4152 0.6473
vn 0.5726 0.0612 -0.8175
vn -0.5694 -0.0618 0.8197
vn -0.6768 0.3055 0.6698
vn -0.8984 0.4305 0.0864
vn -0.7603 0.1332 0.6358
vn 0.4231 0.1534 -0.8930
vn 0.8275 0.1773 -0.5327
vn 0.9446 -0.2403 -0.2235
vn 0.6423 -0.3303 -0.6917
vn -0.2644 -0.0668 0.9621
vn -0.9188 0.2255 0.3240
vn 0.9198 -0.2243 -0.3219
vn 0.7164 -0.2942 -0.6326
vn 0.9289 -0.1684 -0.3298
vn 0.4485 0.1208 -0.8856
vn 0.9509 0.1030 -0.2920
vn -0.9837 0.0972 -0.1513
vn -0.9443 -0.1924 0.2671
vn -0.9189 0.2038 0.3379
vn -0.9968 0.0805 -0.0017
vn -0.7098 -0.0936 0.6982
vn 0.8793 -0.1738 0.4435
vn 0.9957 -0.0924 0.0017
vn 0.9944 -0.1057 0.0017
vn 0.8858 0.2674 -0.3793
vn -0.9997 0.0253 -0.0017
vn 0.8845 0.2675 0.3823
vn -0.7802 0.0626 0.6224
vn -0.9177 0.2038 -0.3410
vn -0.9842 0.0973 0.1480
vn -0.9434 -0.1924 -0.2703
vn 0.9499 0.1030 0.2952
vn 0.4455 0.1208 0.8871
vn 0.9278 -0.1683 0.3329
vn -0.7075 -0.0936 -0.7005
vn 0.8808 -0.1738 -0.4405
vn 0.9994 0.0340 0.0017
vn -0.8835 0.4684 -0.0015
vn -0.7274 0.3143 0.6100
vn -0.9482 0.3178 -0.0016
vn -0.8883 0.4593 -0.0015
vn 0.8694 -0.1960 0.4535
vn 0.8547 -0.5192 0.0014
vn 0.8847 -0.4661 0.0014
vn 0.8710 -0.1960 -0.4505
vn -0.7253 0.3143 -0.6125
vn 0.9017 -0.2848 -0.3254
vn -0.7309 0.5874 0.3474
vn -0.7165 0.2852 0.6366
vn -0.6401 0.2480 0.7272
vn -0.9290 0.2031 0.3093
vn 0.7767 -0.4599 0.4303
vn 0.7783 -0.5323 -0.3330
vn -0.8718 0.4707 -0.1359
vn 0.4091 -0.1191 -0.9047
vn 0.7971 -0.1642 -0.5811
vn 0.7732 -0.5895 -0.2338
vn -0.2933 0.0740 0.9531
vn 0.3496 -0.0117 -0.9368
vn -0.5370 0.5388 0.6491
vn -0.7196 0.6918 0.0604
vn 0.4490 -0.2316 -0.8630
vn -0.6346 -0.1288 0.7620
vn -0.1832 -0.2042 0.9616
vn -0.3715 0.2694 0.8885
vn -0.7592 0.3404 0.5548
vn -0.1104 0.3656 -0.9242
vn 0.5792 0.0507 -0.8136
vn 0.8280 -0.4833 -0.2842
vn -0.2900 -0.3184 0.9025
vn 0.1113 0.1200 -0.9865
vn 0.2589 -0.5055 0.8231
vn -0.1403 -0.1019 0.9849
vn -0.6247 0.1655 0.7631
vn 0.6484 0.0089 -0.7612
vn -0.1537 0.6007 -0.7845
vn 0.4112 0.5217 -0.7475
vn -0.0321 0.4843 -0.8743
vn 0.5850 0.0396 -0.8101
vn -0.5226 0.7872 -0.3274
vn 0.2722 -0.7875 0.5530
vn -0.4158 -0.3118 0.8543
vn -0.2083 -0.7324 0.6483
vn -0.0119 -0.5046 -0.8633
vn -0.1369 -0.1019 -0.9853
vn -0.2062 -0.7324 -0.6489
vn 0.1907 -0.7566 -0.6254
vn 0.0153 0.5045 0.8633
vn -0.0350 0.4843 0.8742
vn -0.1990 0.7531 0.6271
vn -0.4129 -0.3119 -0.8557
vn 0.0637 -0.4614 -0.8849
vn 0.2741 -0.7875 -0.5520
vn -0.5238 0.7872 0.3255
vn 0.5822 0.0396 0.8121
vn 0.1252 0.6843 0.7184
vn 0.1943 0.7753 0.6009
vn -0.1923 -0.7663 -0.6130
vn 0.1800 -0.7913 -0.5843
vn 0.0909 -0.9644 -0.2482
vn -0.2482 0.7517 0.6110
vn -0.0802 0.9670 0.2417
vn -0.1520 0.9773 0.1475
vn 0.2960 0.6759 0.6750
vn 0.5405 -0.8411 0.0214
vn 0.2247 -0.7716 -0.5951
vn -0.2285 -0.3418 -0.9116
vn 0.2553 0.9200 0.2974
vn 0.2104 0.9185 0.3349
vn -0.2315 -0.9189 -0.3194
vn -0.4278 -0.9015 -0.0656
vn -0.5045 -0.8494 -0.1551
vn -0.0922 -0.9457 0.3116
vn 0.4112 -0.9115 0.0007
vn 0.2969 -0.6907 0.6594
vn 0.3753 -0.9269 0.0006
vn -0.0700 0.9240 0.3760
vn 0.1574 0.9875 0.0003
vn -0.0687 0.9240 -0.3762
vn 0.2991 -0.6907 -0.6584
vn -0.4516 0.8922 -0.0008
vn 0.0405 0.9774 0.2077
vn -0.0488 0.8634 -0.5021
vn 0.3465 0.5806 0.7368
vn -0.3679 -0.7529 -0.5457
vn 0.3646 0.9263 0.0955
vn -0.0725 -0.9775 -0.1981
vn -0.2910 -0.8169 -0.4980
vn 0.4758 0.8492 0.2290
vn -0.6994 -0.5256 -0.4843
vn -0.2048 0.9787 0.0113
vn 0.2693 0.8089 0.5226
vn 0.7705 0.2826 0.5714
vn -0.0259 -0.9945 -0.1015
vn -0.4908 -0.7334 -0.4704
vn 0.4816 0.7237 0.4943
vn 0.5001 0.7518 0.4298
vn 0.0944 0.8062 0.5841
vn 0.2544 0.4050 0.8782
vn -0.2516 -0.4138 -0.8749
vn -0.7465 0.0142 -0.6652
vn -0.2998 -0.4587 -0.8365
vn 0.7245 0.3828 0.5732
vn 0.3287 -0.6871 -0.6480
vn 0.6277 0.5450 0.5559
vn -0.6089 -0.7788 -0.1510
vn -0.9089 -0.3850 -0.1601
vn -0.6327 -0.5654 -0.5291
vn -0.0143 0.8502 0.5262
vn 0.6312 0.7420 0.2257
vn -0.2293 -0.8575 -0.4606
vn 0.9876 0.1347 0.0812
vn 0.9006 -0.2848 0.3284
vn 0.4061 -0.1191 0.9060
vn 0.7772 -0.5323 0.3356
vn 0.7691 -0.5563 0.3147
vn -0.8722 0.4707 0.1330
vn -0.9280 0.2032 -0.3124
vn -0.7297 0.5875 -0.3498
vn -0.6377 0.2480 -0.7293
vn -0.7661 0.5575 -0.3199
vn 0.7782 -0.4599 -0.4277
vn -0.6966 0.7175 -0.0012
vn -0.6010 0.5158 0.6105
vn -0.8175 0.5759 -0.0014
vn -0.6759 0.7370 -0.0011
vn 0.7143 -0.5136 0.4753
vn 0.9361 -0.3516 0.0016
vn 0.6082 -0.7938 0.0010
vn 0.6772 -0.7358 0.0011
vn 0.7159 -0.5136 -0.4729
vn -0.5990 0.5158 -0.6125
vn 0.7765 -0.5367 -0.3303
vn -0.4351 0.8122 0.3886
vn -0.5269 0.4586 0.7156
vn -0.8303 0.4496 0.3293
vn -0.4538 0.8112 0.3688
vn 0.5991 -0.7076 0.3746
vn 0.5214 -0.7669 -0.3742
vn 0.4538 -0.8126 -0.3658
vn -0.6775 0.7347 -0.0353
vn 0.3518 -0.2440 -0.9037
vn 0.6610 -0.3927 -0.6394
vn 0.4634 -0.8177 -0.3414
vn 0.0168 -0.7383 -0.6743
vn -0.4339 0.5836 0.6864
vn -0.1260 0.1947 0.9727
vn -0.2231 0.6844 0.6941
vn -0.4371 0.8798 0.1867
vn 0.1977 -0.2616 -0.9447
vn 0.7079 -0.6153 -0.3468
vn 0.3400 -0.6174 -0.7094
vn 0.4626 -0.8866 0.0032
vn 0.1282 -0.9175 -0.3764
vn 0.3126 -0.8663 -0.3896
vn 0.1796 -0.9058 -0.3838
vn -0.3355 0.6195 0.7097
vn -0.1763 0.9042 0.3891
vn 0.0709 0.7295 0.6803
vn 0.4462 -0.5780 -0.6832
vn 0.0297 -0.3846 -0.9226
vn -0.2156 -0.7476 -0.6282
vn -0.1409 -0.7094 -0.6906
vn -0.2310 0.9729 -0.0135
vn -0.2726 0.6316 0.7258
vn 0.1337 0.7136 0.6877
vn 0.0821 0.0070 0.9966
vn -0.0131 0.3686 0.9295
vn 0.1978 -0.9089 -0.3670
vn 0.0175 -0.3807 -0.9245
vn 0.0989 -0.3358 -0.9367
vn -0.0411 -0.4112 -0.9106
vn -0.3004 -0.0057 -0.9538
vn -0.5416 -0.4191 -0.7287
vn 0.4268 0.4412 0.7894
vn 0.0222 0.9055 0.4237
vn 0.0258 0.3495 0.9366
vn 0.1366 0.3401 0.9304
vn 0.3249 -0.2896 0.9003
vn -0.1394 -0.7213 -0.6784
vn 0.2852 0.0384 0.9577
vn -0.2891 -0.0335 -0.9567
vn -0.1377 -0.3391 -0.9306
vn 0.1843 -0.6669 -0.7220
vn -0.1302 -0.3209 -0.9381
vn -0.4135 -0.6413 -0.6464
vn -0.2624 0.7000 0.6642
vn -0.0915 -0.9143 -0.3945
vn 0.0793 0.9678 0.2390
vn 0.1366 0.3353 0.9322
vn 0.4893 0.6629 0.5667
vn 0.3363 0.3210 0.8854
vn 0.0964 0.8644 0.4935
vn -0.1926 0.4069 0.8929
vn -0.0582 -0.0445 -0.9973
vn 0.3742 -0.3645 -0.8527
vn -0.4938 -0.3181 -0.8093
vn 0.0136 -0.2600 0.9655
vn -0.0609 -0.6650 -0.7444
vn 0.0351 -0.0080 0.9994
vn -0.0354 0.0045 -0.9994
vn -0.3780 0.0196 -0.9256
vn -0.1820 0.5046 -0.8440
vn 0.0488 0.0548 -0.9973
vn 0.0953 0.5000 0.8608
vn 0.3013 -0.0288 -0.9531
vn 0.0552 0.1560 -0.9862
vn 0.0245 -0.1841 -0.9826
vn -0.0566 0.2327 0.9709
vn -0.0929 -0.2750 0.9569
vn 0.3859 -0.0320 0.9220
vn 0.8115 -0.2292 0.5376
vn -0.2688 -0.3442 0.8996
vn -0.0594 -0.8762 0.4783
vn -0.0012 0.0605 -0.9982
vn 0.2260 -0.4101 0.8836
vn -0.4026 0.3693 -0.8376
vn 0.0179 0.2733 0.9618
vn 0.0043 0.6829 -0.7305
vn 0.4007 0.3488 -0.8472
vn -0.1182 -0.4056 -0.9064
vn 0.1791 -0.3776 0.9085
vn -0.2488 0.0124 0.9685
vn 0.5311 0.0813 0.8434
vn 0.2201 -0.3832 0.8971
vn -0.6335 0.1902 -0.7500
vn 0.1398 0.3817 0.9137
vn 0.5548 -0.2181 0.8029
vn -0.4387 0.6496 -0.6209
vn -0.1024 0.4027 -0.9096
vn -0.2087 0.3544 -0.9115
vn -0.2725 -0.0745 -0.9593
vn 0.4414 -0.8209 0.3624
vn 0.2108 -0.3648 0.9069
vn -0.0488 -0.0439 0.9978
vn 0.2906 -0.6592 0.6936
vn -0.1505 0.7076 0.6904
vn 0.0546 -0.4233 -0.9043
vn 0.2576 0.0803 0.9629
vn -0.2020 0.3796 -0.9028
vn -0.3612 -0.1291 -0.9235
vn 0.2064 0.0652 -0.9763
vn 0.0874 0.0487 -0.9950
vn -0.0857 -0.0488 0.9951
vn -0.4209 0.2225 0.8794
vn 0.0368 -0.3718 0.9276
vn 0.3606 -0.6205 -0.6964
vn -0.4073 0.8140 0.4141
vn 0.0921 0.0770 -0.9928
vn -0.0710 0.3653 0.9282
vn 0.5119 -0.1632 -0.8434
vn -0.0812 0.3522 0.9324
vn 0.0826 -0.3561 -0.9308
vn 0.0631 -0.7176 -0.6936
vn -0.5408 0.5045 0.6730
vn -0.3124 0.8659 0.3908
vn -0.0595 0.3176 0.9464
vn -0.3359 0.8988 0.2817
vn 0.3502 -0.8934 -0.2814
vn 0.0557 -0.2490 -0.9669
vn 0.1239 0.7690 0.6271
vn 0.4014 -0.5798 -0.7090
vn -0.0938 0.7206 0.6870
vn 0.0969 -0.7255 -0.6813
vn -0.1332 -0.9404 -0.3128
vn -0.3546 0.8521 0.3850
vn 0.2253 -0.9743 0.0004
vn -0.2260 0.9741 -0.0004
vn 0.0837 -0.6942 -0.7149
vn 0.4691 -0.7989 -0.3764
vn -0.2452 0.9025 -0.3541
vn 0.2340 -0.9707 0.0552
vn -0.0019 0.4442 0.8959
vn 0.0260 0.9359 0.3512
vn 0.4899 -0.8091 0.3247
vn 0.0635 0.9695 -0.2366
vn 0.0626 0.9695 0.2368
vn 0.2027 -0.9792 0.0003
vn 0.5238 0.8518 0.0009
vn -0.0919 -0.9819 -0.1657
vn -0.5659 -0.7602 0.3191
vn -0.1162 -0.7379 0.6648
vn 0.3424 -0.8705 0.3536
vn 0.1378 0.9583 0.2502
vn 0.4288 0.8280 -0.3614
vn -0.1144 -0.9921 0.0510
vn -0.1104 -0.7033 0.7023
vn 0.1056 0.5081 -0.8548
vn 0.1122 0.7020 -0.7033
vn 0.1124 0.9134 -0.3912
vn -0.2659 0.9640 -0.0004
vn 0.0336 0.8489 -0.5275
vn -0.0375 -0.5877 0.8082
vn 0.2331 -0.7026 0.6723
vn -0.0592 -0.8199 0.5695
vn 0.4829 0.6022 -0.6357
vn 0.0078 0.5000 -0.8660
vn -0.4966 -0.3182 0.8076
vn -0.1896 0.4069 -0.8936
vn 0.0981 0.8644 -0.4931
vn 0.3392 0.3210 -0.8843
vn -0.0615 -0.0445 0.9971
vn 0.3713 -0.3645 0.8540
vn 0.1398 0.3401 -0.9299
vn 0.0169 -0.2598 -0.9655
vn -0.0634 -0.6650 0.7441
vn -0.1408 -0.3391 0.9302
vn -0.4157 -0.6412 0.6450
vn -0.1116 -0.9123 0.3939
vn -0.4342 -0.9008 -0.0007
vn -0.1334 -0.3209 0.9377
vn -0.2601 0.7000 -0.6651
vn -0.0929 -0.9143 0.3942
vn 0.0801 0.9678 -0.2387
vn 0.1819 -0.6668 0.7227
vn 0.1397 0.3353 -0.9317
vn 0.4913 0.6629 -0.5650
vn -0.1433 -0.7094 0.6901
vn 0.1359 0.7136 -0.6872
vn 0.0289 0.3496 -0.9365
vn 0.0236 0.9055 -0.4237
vn 0.4295 0.4412 -0.7880
vn -0.3037 -0.0058 0.9528
vn -0.5440 -0.4191 0.7269
vn 0.0957 -0.3358 0.9371
vn -0.0101 0.3686 -0.9295
vn 0.3279 -0.2896 -0.8992
vn -0.1417 -0.7213 0.6780
vn -0.2923 -0.0335 0.9557
vn 0.2882 0.0385 -0.9568
vn 0.0144 -0.3807 0.9246
vn 0.0454 0.0547 0.9975
vn -0.1849 0.5046 0.8433
vn -0.3812 0.0197 0.9243
vn 0.0981 0.5000 -0.8605
vn 0.5339 0.0813 -0.8416
vn -0.2455 0.0124 -0.9693
vn 0.1821 -0.3776 -0.9079
vn -0.1215 -0.4056 0.9059
vn -0.6361 0.1902 0.7478
vn 0.2231 -0.3831 -0.8964
vn 0.1429 0.3818 -0.9131
vn 0.5575 -0.2182 -0.8010
vn -0.4408 0.6497 0.6194
vn -0.1054 0.4028 0.9092
vn -0.2115 0.3544 0.9108
vn -0.2758 -0.0746 0.9583
vn 0.4425 -0.8209 -0.3610
vn 0.2140 -0.3648 -0.9062
vn -0.0455 -0.0438 -0.9980
vn 0.2928 -0.6592 -0.6926
vn -0.1482 0.7077 -0.6908
vn 0.0515 -0.4234 0.9045
vn -0.2050 0.3796 0.9021
vn 0.2609 0.0803 -0.9620
vn -0.3643 -0.1291 0.9223
vn 0.2032 0.0651 0.9770
vn 0.0840 0.0486 0.9953
vn -0.0824 -0.0488 -0.9954
vn -0.4176 0.2218 -0.8811
vn 0.0399 -0.3717 -0.9275
vn 0.3582 -0.6205 0.6976
vn -0.0679 0.3652 -0.9284
vn -0.0441 -0.4112 0.9105
vn 0.5090 -0.1632 0.8452
vn -0.4060 0.8140 -0.4154
vn -0.3332 0.6196 -0.7107
vn 0.0887 0.0770 0.9931
vn 0.3376 -0.6173 0.7106
vn 0.0795 -0.3561 0.9311
vn -0.0781 0.3523 -0.9326
vn 0.4439 -0.5780 0.6847
vn 0.1966 -0.9090 0.3676
vn -0.2179 -0.7476 0.6274
vn 0.0731 0.7295 -0.6801
vn 0.0854 0.0070 -0.9963
vn -0.2701 0.6316 -0.7267
vn -0.2311 0.9728 0.0128
vn -0.1750 0.9042 -0.3897
vn 0.0266 -0.3845 0.9227
vn 0.1783 -0.9058 0.3844
vn 0.2588 -0.8811 0.3959
vn -0.0837 -0.9965 0.0030
vn -0.4869 -0.8235 0.2911
vn 0.3455 0.8833 -0.3168
vn 0.1486 0.4654 -0.8725
vn -0.1279 0.9071 -0.4009
vn 0.0215 0.9512 0.3077
vn -0.1485 -0.7083 0.6901
vn 0.0701 0.9975 0.0001
vn -0.0765 -0.9971 -0.0001
vn 0.2424 -0.9702 0.0004
vn -0.0941 -0.9204 -0.3796
vn 0.4814 0.8765 0.0008
vn 0.1018 0.8717 -0.4793
vn -0.0954 -0.9204 0.3792
vn 0.1002 0.8717 0.4797
vn 0.2375 -0.3466 0.9075
vn 0.1839 -0.3581 0.9154
vn -0.2354 0.3409 -0.9101
vn 0.2318 0.4821 -0.8449
vn -0.2144 0.3038 0.9283
vn -0.1420 -0.4590 0.8770
vn -0.1656 0.7328 -0.6600
vn -0.2896 0.3024 -0.9081
vn 0.1113 0.0167 -0.9936
vn 0.2388 -0.8929 0.3818
vn 0.1620 -0.7012 0.6943
vn 0.4478 -0.5731 0.6863
vn 0.0623 0.0301 0.9976
vn 0.1609 -0.6962 0.6996
vn -0.3524 0.8875 -0.2970
vn -0.5200 0.5297 -0.6701
vn 0.3713 -0.9285 0.0012
vn -0.1569 0.2749 -0.9486
vn 0.3898 0.1933 -0.9004
vn 0.2290 0.4822 0.8456
vn -0.1678 0.7328 0.6594
vn -0.2927 0.3024 0.9071
vn 0.1870 -0.3581 -0.9148
vn -0.2113 0.3039 -0.9290
vn -0.1391 -0.4590 -0.8775
vn -0.1664 0.6995 0.6950
vn 0.1080 0.0166 0.9940
vn 0.2401 -0.8929 -0.3810
vn 0.1644 -0.7012 -0.6937
vn 0.4501 -0.5731 -0.6848
vn 0.0657 0.0301 -0.9974
vn 0.1633 -0.6962 -0.6990
vn -0.3534 0.8875 0.2958
vn -0.5222 0.5297 0.6684
vn -0.0384 0.7193 0.6936
vn 0.3713 -0.9285 0.0003
vn 0.3631 -0.8567 -0.3663
vn -0.1601 0.2749 0.9481
vn -0.3635 0.8551 0.3698
vn 0.0537 -0.9315 -0.3598
vn -0.4698 0.8000 0.3732
vn -0.2680 0.9634 -0.0005
vn 0.0560 -0.3958 -0.9166
vn 0.3651 -0.8528 -0.3735
vn -0.2603 0.9636 -0.0605
vn 0.2420 -0.8912 0.3837
vn 0.0331 0.9365 0.3492
vn -0.1458 0.6638 0.7336
vn 0.2639 -0.9645 0.0004
vn 0.1279 -0.9918 0.0002
vn 0.4526 -0.8125 0.3673
vn 0.4452 -0.7896 -0.4223
vn 0.4439 -0.7895 0.4238
vn -0.5349 0.8449 -0.0010
vn 0.7730 -0.6344 0.0013
vn -0.3730 0.7445 0.5537
vn -0.3462 0.9382 -0.0006
vn -0.3711 0.7445 -0.5550
vn -0.4526 0.8111 -0.3704
vn -0.8292 0.4495 -0.3321
vn -0.5411 0.4849 -0.6871
vn -0.5244 0.4586 -0.7174
vn 0.6003 -0.7077 -0.3726
vn -0.4338 0.8122 -0.3900
vn 0.5201 -0.7669 0.3760
vn -0.6776 0.7347 0.0330
vn 0.7754 -0.5366 0.3329
vn 0.3487 -0.2439 0.9049
vn 0.5455 -0.4900 0.6799
vn 0.4547 -0.5563 0.6955
vn 0.5149 -0.2087 0.8315
vn 0.7724 -0.5895 0.2364
vn 0.3464 -0.0117 0.9380
vn -0.6904 0.3684 -0.6226
vn 0.7952 -0.1642 0.5837
vn -0.2905 0.0736 -0.9540
vn -0.5348 0.5389 -0.6509
vn -0.7193 0.6919 -0.0628
vn -0.5115 0.2066 -0.8341
vn -0.6321 -0.1288 -0.7641
vn -0.2519 -0.1673 -0.9532
vn -0.1800 -0.2042 -0.9622
vn 0.4461 -0.2316 0.8645
vn 0.2564 0.1574 0.9537
vn -0.7573 0.3405 -0.5573
vn -0.1136 0.3656 0.9238
vn 0.5765 0.0507 0.8155
vn -0.3686 0.2694 -0.8897
vn 0.8271 -0.4833 0.2870
vn -0.2872 -0.3184 -0.9034
vn 0.1080 0.1199 0.9869
vn 0.2617 -0.5055 -0.8222
vn -0.6220 0.1656 -0.7653
vn -0.1564 0.6007 0.7840
vn 0.6459 0.0089 0.7634
vn 0.4087 0.5217 0.7489
vn 0.2557 0.4869 -0.8352
vn -0.0915 0.7206 -0.6873
vn -0.2441 0.8872 -0.3914
vn -0.0924 0.3678 -0.9253
vn -0.2433 -0.0862 0.9661
vn 0.2091 -0.3359 0.9184
vn 0.0945 -0.7256 0.6816
vn -0.3281 -0.5487 0.7689
vn 0.1253 -0.7575 0.6407
vn 0.3544 -0.2267 -0.9072
vn -0.1323 0.4521 -0.8821
vn -0.2596 -0.1162 -0.9587
vn 0.0835 0.0590 0.9948
vn -0.2646 0.4756 0.8389
vn -0.1860 -0.0625 0.9806
vn 0.2551 -0.3574 -0.8984
vn 0.1666 -0.4677 0.8681
vn -0.2977 0.8697 0.3936
vn 0.2939 -0.8678 -0.4006
vn 0.0968 -0.9953 0.0002
vn 0.2926 -0.8678 0.4016
vn -0.4793 0.8776 -0.0008
vn -0.2964 0.8697 -0.3946
vn -0.1990 0.7666 0.6105
vn -0.1969 0.7665 -0.6113
vn 0.4032 -0.8251 0.3958
vn 0.4045 -0.8251 -0.3944
vn 0.0141 0.9999 -0.0000
vn 0.7000 -0.7141 0.0012
vn 0.4994 -0.8664 0.0008
vn -0.4946 0.8691 -0.0008
vn -0.6289 0.6476 -0.4302
vn 0.0888 -0.9478 0.3063
vn -0.6304 0.6476 0.4280
vn 0.0899 -0.9478 -0.3060
vn -0.5508 0.7744 -0.3114
vn -0.2640 0.9040 0.3362
vn 0.2847 -0.6490 -0.7055
vn 0.7163 -0.5710 -0.4011
vn 0.5074 -0.8617 -0.0036
vn -0.1472 0.4299 0.8908
vn -0.2651 0.6546 0.7079
vn 0.2691 -0.6562 -0.7050
vn 0.4148 -0.8328 -0.3665
vn 0.1055 0.8303 0.5472
vn 0.4653 -0.4865 -0.7395
vn 0.0264 -0.2873 -0.9575
vn -0.0355 -0.7563 -0.6533
vn -0.3363 0.9384 0.0793
vn -0.3253 0.6436 0.6928
vn 0.3804 -0.8364 -0.3946
vn 0.1580 0.2755 0.9482
vn -0.0697 -0.3893 -0.9185
vn 0.0635 0.3954 0.9163
vn 0.2530 0.4868 0.8361
vn -0.2454 0.8873 0.3905
vn -0.0955 0.3677 0.9250
vn -0.2401 -0.0862 -0.9669
vn 0.2122 -0.3359 -0.9177
vn -0.3255 -0.5488 -0.7700
vn 0.1275 -0.7575 -0.6403
vn -0.2192 -0.1228 -0.9679
vn 0.3513 -0.2267 0.9084
vn 0.2273 0.1106 0.9675
vn 0.0868 0.0589 -0.9945
vn -0.2617 0.4756 -0.8398
vn -0.1826 -0.0625 -0.9812
vn -0.1352 0.4520 0.8817
vn 0.3868 0.1934 0.9017
vn -0.2627 -0.1163 0.9578
vn 0.2521 -0.3574 0.8993
vn 0.1694 -0.4676 -0.8676
vn 0.2471 -0.9690 0.0004
vn -0.5884 0.8086 -0.0010
vn -0.3268 0.8176 0.4740
vn -0.1370 0.9906 -0.0002
vn -0.3252 0.8176 -0.4751
vn 0.2800 -0.6550 0.7018
vn 0.2816 -0.6554 -0.7008
vn 0.5300 -0.8480 0.0009
vn 0.0525 -0.9315 0.3600
vn 0.0531 -0.3958 0.9168
vn 0.3638 -0.8528 0.3747
vn -0.2605 0.9636 0.0597
vn 0.0343 0.9365 -0.3490
vn 0.2433 -0.8911 -0.3830
vn -0.1434 0.6638 -0.7341
vn -0.4317 0.5836 -0.6878
vn -0.1228 0.1946 -0.9732
vn 0.4623 -0.8178 0.3428
vn -0.2206 0.6844 -0.6949
vn 0.0146 -0.7383 0.6743
vn 0.6589 -0.3927 0.6416
vn -0.4365 0.8798 -0.1882
vn 0.1945 -0.2616 0.9454
vn 0.2677 -0.3038 0.9144
vn -0.0008 0.4146 0.9100
vn 0.5642 -0.1241 0.8163
vn -0.5550 0.5027 -0.6627
vn -0.6146 0.0283 -0.7883
vn -0.1626 0.3294 -0.9301
vn -0.1875 -0.1652 -0.9683
vn 0.6013 -0.7041 0.3777
vn -0.3673 -0.1763 -0.9132
vn 0.0639 0.0488 0.9968
vn 0.0788 -0.4426 -0.8932
vn 0.5444 -0.2673 0.7951
vn -0.4911 0.3967 -0.7755
vn -0.1229 0.6294 0.7673
vn -0.0767 0.0547 -0.9956
vn 0.4280 0.3382 0.8381
vn -0.2001 -0.6150 -0.7627
vn -0.1279 0.2543 0.9586
vn 0.4640 -0.1234 0.8772
vn -0.2812 -0.1255 -0.9514
vn 0.2332 -0.2209 -0.9470
vn -0.5190 0.7363 0.4341
vn 0.2950 -0.6658 -0.6853
vn 0.0817 0.5545 0.8282
vn 0.1818 -0.7583 -0.6261
vn -0.4455 0.5521 0.7048
vn -0.4120 0.8341 0.3667
vn 0.1177 0.4163 0.9016
vn -0.4883 0.8522 0.1879
vn -0.0280 -0.3343 -0.9420
vn 0.4504 -0.5274 -0.7204
vn 0.5810 -0.7791 -0.2355
vn 0.0022 0.8543 0.5198
vn -0.4886 0.7880 0.3747
vn -0.0249 0.4558 0.8897
vn 0.4264 -0.8988 0.1012
vn -0.2205 0.9289 0.2977
vn 0.0986 -0.9581 -0.2689
vn -0.4914 0.7709 -0.4053
vn 0.1396 -0.6998 -0.7006
vn 0.5206 -0.7655 -0.3782
vn -0.1619 0.9868 -0.0003
vn -0.3713 0.7706 0.5180
vn -0.6877 0.7260 -0.0012
vn 0.7070 -0.7072 0.0012
vn 0.4760 -0.7226 0.5013
vn 0.3665 -0.9304 0.0006
vn -0.3697 0.7706 -0.5192
vn 0.4777 -0.7226 -0.4997
vn 0.7150 -0.5710 0.4035
vn 0.2823 -0.6490 0.7065
vn -0.2629 0.9040 -0.3371
vn -0.5518 0.7744 0.3094
vn 0.5074 -0.8617 0.0053
vn -0.1442 0.4298 -0.8913
vn 0.4628 -0.4864 0.7411
vn 0.0232 -0.2873 0.9576
vn -0.0378 -0.7563 0.6532
vn -0.3360 0.9384 -0.0804
vn 0.1073 0.8304 -0.5468
vn -0.3230 0.6436 -0.6939
vn 0.3790 -0.8364 0.3959
vn 0.1611 0.2755 -0.9477
vn -0.1293 0.9071 0.4006
vn -0.4859 -0.8236 -0.2927
vn -0.1462 -0.7083 -0.6906
vn 0.2601 -0.8810 -0.3951
vn 0.0225 0.9512 -0.3077
vn 0.3445 0.8833 0.3180
vn -0.0837 -0.9965 -0.0032
vn 0.1456 0.4655 0.8730
vn -0.1617 -0.9868 -0.0003
vn 0.1898 -0.9051 0.3805
vn 0.1911 -0.9051 -0.3799
vn -0.3723 0.9281 -0.0006
vn -0.1379 0.6894 0.7111
vn -0.1349 0.6894 -0.7117
vn -0.0065 1.0000 -0.0000
vn 0.5437 -0.8393 0.0011
vn -0.4380 0.8990 -0.0007
vn 0.4437 -0.8962 0.0007
vn 0.1269 -0.9176 0.3768
vn -0.6147 0.6998 -0.3639
vn -0.2362 0.3597 -0.9027
vn -0.2472 0.8882 -0.3873
vn 0.4626 -0.8866 -0.0016
vn -0.4190 0.8435 0.3360
vn 0.3529 -0.6058 0.7131
vn 0.7068 -0.6152 0.3492
vn 0.3112 -0.8662 0.3909
vn 0.0607 -0.7176 0.6938
vn -0.3110 0.8659 -0.3918
vn -0.5386 0.5045 -0.6748
vn -0.3349 0.8988 -0.2829
vn -0.0563 0.3177 -0.9465
vn 0.0526 -0.2490 0.9671
vn 0.3492 -0.8934 0.2826
vn 0.1261 0.7690 -0.6267
vn 0.3990 -0.5798 0.7104
vn -0.3533 0.8521 -0.3862
vn 0.0011 0.4443 -0.8959
vn 0.0272 0.9359 -0.3511
vn 0.2341 -0.9707 -0.0544
vn -0.1342 -0.9404 0.3124
vn 0.4679 -0.7989 0.3780
vn -0.2465 0.9024 0.3533
vn 0.0813 -0.6943 0.7151
vn 0.5322 -0.8466 0.0009
vn 0.3099 -0.8197 -0.4817
vn 0.1612 -0.9869 0.0003
vn -0.2979 0.8323 -0.4675
vn 0.0207 0.9998 -0.0000
vn -0.6537 0.7567 -0.0011
vn -0.2995 0.8323 0.4665
vn 0.3083 -0.8197 0.4827
vn 0.3553 -0.6058 -0.7119
vn -0.4178 0.8435 -0.3375
vn -0.2485 0.8882 0.3865
vn -0.6159 0.6998 0.3618
vn -0.2392 0.3597 0.9019
vt 0.000000 0.000000
s 1
f 321/3/263 322/3/264 323/3/265
f 324/3/266 323/3/265 322/3/264
f 322/3/264 325/3/267 324/3/266
f 325/3/267 322/3/264 326/3/268
f 327/3/269 324/3/266 325/3/267
f 326/3/268 327/3/269 325/3/267
f 326/3/268 322/3/264 328/3/270
f 327/3/269 326/3/268 329/3/271
f 322/3/264 321/3/263 330/3/272
f 322/3/264 330/3/272 328/3/270
f 321/3/263 327/3/269 330/3/272
f 329/3/271 330/3/272 327/3/269
f 331/3/273 328/3/270 330/3/272
f 330/3/272 329/3/271 331/3/273
f 328/3/270 332/3/274 326/3/268
f 332/3/274 329/3/271 326/3/268
f 333/3/275 328/3/270 331/3/273
f 329/3/271 333/3/275 331/3/273
f 334/3/276 332/3/274 328/3/270
f 328/3/270 333/3/275 334/3/276
f 329/3/271 332/3/274 335/3/277
f 335/3/277 333/3/275 329/3/271
f 321/3/263 336/3/278 327/3/269
f 324/3/266 327/3/269 336/3/278
f 337/3/279 336/3/278 335/3/277
f 324/3/266 336/3/278 338/3/280
f 337/3/279 332/3/274 339/3/281
f 333/3/275 335/3/277 340/3/282
f 333/3/275 340/3/282 341/3/283
f 340/3/282 342/3/284 341/3/283
f 343/3/285 333/3/275 341/3/283
f 342/3/284 343/3/285 341/3/283
f 344/3/286 333/3/275 343/3/285
f 340/3/282 344/3/286 343/3/285
f 335/3/277 344/3/286 340/3/282
f 345/3/287 340/3/282 343/3/285
f 343/3/285 342/3/284 345/3/287
f 340/3/282 345/3/287 346/3/288
f 346/3/288 342/3/284 340/3/282
f 336/3/278 342/3/284 346/3/288
f 347/3/289 346/3/288 345/3/287
f 342/3/284 347/3/289 345/3/287
f 346/3/288 347/3/289 336/3/278
f 336/3/278 347/3/289 335/3/277
f 335/3/277 347/3/289 344/3/286
f 348/3/290 349/3/291 350/3/292
f 351/3/293 348/3/290 352/3/294
f 348/3/290 350/3/292 353/3/295
f 351/3/293 352/3/294 354/3/296
f 355/3/297 351/3/293 354/3/296
f 356/3/298 354/3/296 352/3/294
f 354/3/296 356/3/298 357/3/299
f 357/3/299 358/3/300 354/3/296
f 355/3/297 354/3/296 358/3/300
f 357/3/299 356/3/298 359/3/301
f 359/3/301 358/3/300 357/3/299
f 352/3/294 360/3/302 356/3/298
f 360/3/302 355/3/297 358/3/300
f 360/3/302 352/3/294 361/3/303
f 361/3/303 355/3/297 360/3/302
f 352/3/294 362/3/304 361/3/303
f 355/3/297 361/3/303 362/3/304
f 362/3/304 352/3/294 348/3/290
f 363/3/305 351/3/293 355/3/297
f 362/3/304 363/3/305 355/3/297
f 358/3/300 364/3/306 360/3/302
f 364/3/306 356/3/298 360/3/302
f 358/3/300 359/3/301 365/3/307
f 365/3/307 364/3/306 358/3/300
f 366/3/308 359/3/301 356/3/298
f 356/3/298 364/3/306 366/3/308
f 367/3/309 365/3/307 359/3/301
f 359/3/301 368/3/310 367/3/309
f 367/3/309 368/3/310 369/3/311
f 368/3/310 370/3/312 369/3/311
f 370/3/312 368/3/310 371/3/313
f 369/3/311 372/3/314 367/3/309
f 371/3/313 365/3/307 370/3/312
f 372/3/314 369/3/311 373/3/315
f 370/3/312 373/3/315 369/3/311
f 374/3/316 372/3/314 373/3/315
f 374/3/316 351/3/293 372/3/314
f 375/3/317 374/3/316 373/3/315
f 375/3/317 373/3/315 370/3/312
f 374/3/316 375/3/317 376/3/318
f 363/3/305 372/3/314 351/3/293
f 363/3/305 376/3/318 375/3/317
f 370/3/312 377/3/319 375/3/317
f 363/3/305 375/3/317 377/3/319
f 372/3/314 363/3/305 377/3/319
f 377/3/319 370/3/312 378/3/320
f 378/3/320 372/3/314 377/3/319
f 372/3/314 378/3/320 367/3/309
f 370/3/312 365/3/307 378/3/320
f 365/3/307 367/3/309 378/3/320
f 376/3/318 363/3/305 379/3/321
f 365/3/307 371/3/313 380/3/322
f 381/3/323 380/3/322 371/3/313
f 371/3/313 382/3/324 381/3/323
f 383/3/325 380/3/322 381/3/323
f 382/3/324 383/3/325 381/3/323
f 380/3/322 383/3/325 379/3/321
f 376/3/318 379/3/321 383/3/325
f 384/3/326 376/3/318 383/3/325
f 384/3/326 383/3/325 382/3/324
f 379/3/321 385/3/327 380/3/322
f 382/3/324 385/3/327 384/3/326
f 385/3/327 379/3/321 386/3/328
f 386/3/328 384/3/326 385/3/327
f 379/3/321 387/3/329 386/3/328
f 384/3/326 386/3/328 387/3/329
f 387/3/329 379/3/321 363/3/305
f 388/3/330 380/3/322 385/3/327
f 382/3/324 388/3/330 385/3/327
f 380/3/322 388/3/330 365/3/307
f 382/3/324 371/3/313 389/3/331
f 389/3/331 388/3/330 382/3/324
f 376/3/318 384/3/326 390/3/332
f 387/3/329 390/3/332 384/3/326
f 390/3/332 391/3/333 376/3/318
f 392/3/334 376/3/318 391/3/333
f 392/3/334 391/3/333 393/3/335
f 393/3/335 390/3/332 392/3/334
f 394/3/336 393/3/335 391/3/333
f 391/3/333 390/3/332 395/3/337
f 391/3/333 395/3/337 394/3/336
f 390/3/332 393/3/335 395/3/337
f 393/3/335 394/3/336 396/3/338
f 396/3/338 395/3/337 393/3/335
f 371/3/313 396/3/338 394/3/336
f 395/3/337 396/3/338 397/3/339
f 397/3/339 394/3/336 395/3/337
f 397/3/339 371/3/313 394/3/336
f 396/3/338 389/3/331 397/3/339
f 389/3/331 371/3/313 397/3/339
f 390/3/332 398/3/340 389/3/331
f 389/3/331 398/3/340 399/3/341
f 389/3/331 399/3/341 400/3/342
f 388/3/330 389/3/331 400/3/342
f 390/3/332 401/3/343 398/3/340
f 401/3/343 390/3/332 402/3/344
f 390/3/332 403/3/345 402/3/344
f 403/3/345 398/3/340 401/3/343
f 403/3/345 400/3/342 402/3/344
f 402/3/344 404/3/346 401/3/343
f 404/3/346 402/3/344 400/3/342
f 404/3/346 403/3/345 401/3/343
f 400/3/342 399/3/341 404/3/346
f 400/3/342 403/3/345 405/3/347
f 388/3/330 400/3/342 405/3/347
f 403/3/345 404/3/346 405/3/347
f 404/3/346 388/3/330 405/3/347
f 399/3/341 388/3/330 404/3/346
f 390/3/332 387/3/329 403/3/345
f 398/3/340 403/3/345 387/3/329
f 387/3/329 406/3/348 398/3/340
f 406/3/348 387/3/329 407/3/349
f 387/3/329 408/3/350 407/3/349
f 409/3/351 406/3/348 407/3/349
f 408/3/350 409/3/351 407/3/349
f 406/3/348 409/3/351 410/3/352
f 388/3/330 410/3/352 409/3/351
f 409/3/351 408/3/350 411/3/353
f 411/3/353 388/3/330 409/3/351
f 387/3/329 412/3/354 408/3/350
f 410/3/352 388/3/330 399/3/341
f 412/3/354 387/3/329 413/3/355
f 363/3/305 413/3/355 387/3/329
f 413/3/355 363/3/305 414/3/356
f 363/3/305 415/3/357 414/3/356
f 363/3/305 362/3/304 415/3/357
f 416/3/358 413/3/355 414/3/356
f 414/3/356 415/3/357 416/3/358
f 412/3/354 415/3/357 362/3/304
f 413/3/355 416/3/358 417/3/359
f 415/3/357 412/3/354 418/3/360
f 413/3/355 418/3/360 412/3/354
f 418/3/360 413/3/355 419/3/361
f 419/3/361 415/3/357 418/3/360
f 417/3/359 419/3/361 413/3/355
f 416/3/358 415/3/357 420/3/362
f 415/3/357 419/3/361 420/3/362
f 365/3/307 417/3/359 416/3/358
f 420/3/362 365/3/307 416/3/358
f 417/3/359 365/3/307 388/3/330
f 364/3/306 365/3/307 420/3/362
f 417/3/359 421/3/363 419/3/361
f 388/3/330 421/3/363 417/3/359
f 421/3/363 420/3/362 419/3/361
f 420/3/362 421/3/363 364/3/306
f 421/3/363 388/3/330 411/3/353
f 411/3/353 422/3/364 421/3/363
f 422/3/364 411/3/353 423/3/365
f 423/3/365 411/3/353 424/3/366
f 408/3/350 424/3/366 411/3/353
f 424/3/366 410/3/352 423/3/365
f 410/3/352 422/3/364 423/3/365
f 410/3/352 424/3/366 406/3/348
f 408/3/350 425/3/367 424/3/366
f 406/3/348 424/3/366 425/3/367
f 425/3/367 408/3/350 412/3/354
f 425/3/367 398/3/340 406/3/348
f 399/3/341 422/3/364 410/3/352
f 422/3/364 399/3/341 426/3/368
f 399/3/341 427/3/369 426/3/368
f 398/3/340 428/3/370 399/3/341
f 427/3/369 399/3/341 428/3/370
f 428/3/370 422/3/364 427/3/369
f 426/3/368 427/3/369 429/3/371
f 422/3/364 426/3/368 430/3/372
f 429/3/371 430/3/372 426/3/368
f 427/3/369 422/3/364 430/3/372
f 431/3/373 429/3/371 427/3/369
f 427/3/369 430/3/372 431/3/373
f 431/3/373 398/3/340 429/3/371
f 430/3/372 429/3/371 432/3/374
f 431/3/373 430/3/372 432/3/374
f 398/3/340 432/3/374 429/3/371
f 398/3/340 425/3/367 432/3/374
f 432/3/374 433/3/375 431/3/373
f 398/3/340 431/3/373 433/3/375
f 433/3/375 432/3/374 425/3/367
f 428/3/370 398/3/340 433/3/375
f 433/3/375 434/3/376 428/3/370
f 435/3/377 428/3/370 434/3/376
f 434/3/376 436/3/378 435/3/377
f 428/3/370 436/3/378 437/3/379
f 437/3/379 422/3/364 428/3/370
f 436/3/378 428/3/370 438/3/380
f 428/3/370 435/3/377 438/3/380
f 436/3/378 438/3/380 439/3/381
f 435/3/377 436/3/378 439/3/381
f 438/3/380 440/3/382 439/3/381
f 440/3/382 435/3/377 439/3/381
f 435/3/377 441/3/383 438/3/380
f 440/3/382 438/3/380 441/3/383
f 441/3/383 435/3/377 442/3/384
f 435/3/377 440/3/382 442/3/384
f 442/3/384 433/3/375 441/3/383
f 433/3/375 440/3/382 441/3/383
f 440/3/382 443/3/385 442/3/384
f 433/3/375 442/3/384 443/3/385
f 443/3/385 440/3/382 444/3/386
f 433/3/375 444/3/386 440/3/382
f 444/3/386 433/3/375 445/3/387
f 425/3/367 445/3/387 433/3/375
f 444/3/386 445/3/387 446/3/388
f 447/3/389 444/3/386 446/3/388
f 445/3/387 448/3/390 446/3/388
f 448/3/390 447/3/389 446/3/388
f 444/3/386 447/3/389 449/3/391
f 425/3/367 449/3/391 447/3/389
f 447/3/389 448/3/390 450/3/392
f 436/3/378 450/3/392 448/3/390
f 437/3/379 436/3/378 448/3/390
f 448/3/390 445/3/387 437/3/379
f 450/3/392 451/3/393 447/3/389
f 447/3/389 451/3/393 425/3/367
f 445/3/387 425/3/367 451/3/393
f 445/3/387 451/3/393 437/3/379
f 437/3/379 451/3/393 452/3/394
f 451/3/393 450/3/392 452/3/394
f 422/3/364 437/3/379 452/3/394
f 452/3/394 450/3/392 422/3/364
f 453/3/395 422/3/364 450/3/392
f 422/3/364 453/3/395 454/3/396
f 454/3/396 421/3/363 422/3/364
f 449/3/391 425/3/367 455/3/397
f 412/3/354 455/3/397 425/3/367
f 455/3/397 456/3/398 449/3/391
f 454/3/396 456/3/398 455/3/397
f 457/3/399 449/3/391 456/3/398
f 449/3/391 457/3/399 458/3/400
f 456/3/398 454/3/396 459/3/401
f 459/3/401 457/3/399 456/3/398
f 454/3/396 453/3/395 459/3/401
f 453/3/395 460/3/402 459/3/401
f 457/3/399 459/3/401 460/3/402
f 460/3/402 453/3/395 461/3/403
f 412/3/354 458/3/400 457/3/399
f 461/3/403 421/3/363 460/3/402
f 460/3/402 462/3/404 457/3/399
f 460/3/402 421/3/363 462/3/404
f 421/3/363 454/3/396 462/3/404
f 463/3/405 457/3/399 462/3/404
f 454/3/396 463/3/405 462/3/404
f 457/3/399 463/3/405 412/3/354
f 455/3/397 463/3/405 454/3/396
f 455/3/397 412/3/354 463/3/405
f 421/3/363 461/3/403 464/3/406
f 464/3/406 364/3/306 421/3/363
f 464/3/406 461/3/403 465/3/407
f 461/3/403 466/3/408 465/3/407
f 467/3/409 464/3/406 465/3/407
f 465/3/407 466/3/408 467/3/409
f 464/3/406 467/3/409 468/3/410
f 458/3/400 412/3/354 468/3/410
f 468/3/410 467/3/409 458/3/400
f 362/3/304 468/3/410 412/3/354
f 469/3/411 458/3/400 467/3/409
f 469/3/411 467/3/409 466/3/408
f 468/3/410 470/3/412 464/3/406
f 364/3/306 464/3/406 470/3/412
f 470/3/412 466/3/408 364/3/306
f 470/3/412 469/3/411 466/3/408
f 470/3/412 468/3/410 471/3/413
f 471/3/413 469/3/411 470/3/412
f 468/3/410 362/3/304 471/3/413
f 362/3/304 469/3/411 471/3/413
f 472/3/414 473/3/415 474/3/416
f 475/3/417 476/3/418 477/3/419
f 476/3/418 475/3/417 478/3/420
f 477/3/419 479/3/421 475/3/417
f 475/3/417 480/3/422 478/3/420
f 481/3/423 472/3/414 480/3/422
f 475/3/417 482/3/424 480/3/422
f 480/3/422 482/3/424 481/3/423
f 475/3/417 483/3/425 482/3/424
f 483/3/425 481/3/423 482/3/424
f 483/3/425 475/3/417 479/3/421
f 480/3/422 484/3/426 478/3/420
f 484/3/426 476/3/418 478/3/420
f 485/3/427 480/3/422 472/3/414
f 484/3/426 480/3/422 486/3/428
f 480/3/422 485/3/427 486/3/428
f 486/3/428 479/3/421 484/3/426
f 479/3/421 486/3/428 483/3/425
f 483/3/425 486/3/428 485/3/427
f 479/3/421 487/3/429 484/3/426
f 487/3/429 476/3/418 484/3/426
f 477/3/419 488/3/430 479/3/421
f 488/3/430 487/3/429 479/3/421
f 489/3/431 481/3/423 483/3/425
f 485/3/427 489/3/431 483/3/425
f 489/3/431 490/3/432 481/3/423
f 491/3/433 481/3/423 490/3/432
f 488/3/430 477/3/419 492/3/434
f 477/3/419 493/3/435 492/3/434
f 492/3/434 493/3/435 494/3/436
f 494/3/436 490/3/432 492/3/434
f 493/3/435 495/3/437 494/3/436
f 495/3/437 493/3/435 496/3/438
f 490/3/432 494/3/436 497/3/439
f 494/3/436 495/3/437 497/3/439
f 491/3/433 490/3/432 497/3/439
f 498/3/440 491/3/433 497/3/439
f 497/3/439 495/3/437 498/3/440
f 491/3/433 498/3/440 499/3/441
f 496/3/438 488/3/430 495/3/437
f 490/3/432 500/3/442 492/3/434
f 488/3/430 492/3/434 500/3/442
f 500/3/442 495/3/437 488/3/430
f 500/3/442 490/3/432 501/3/443
f 501/3/443 495/3/437 500/3/442
f 495/3/437 501/3/443 498/3/440
f 490/3/432 489/3/431 501/3/443
f 498/3/440 501/3/443 489/3/431
f 489/3/431 499/3/441 498/3/440
f 488/3/430 496/3/438 502/3/444
f 499/3/441 489/3/431 503/3/445
f 499/3/441 503/3/445 504/3/446
f 505/3/447 499/3/441 504/3/446
f 506/3/448 499/3/441 505/3/447
f 503/3/445 507/3/449 504/3/446
f 507/3/449 505/3/447 504/3/446
f 502/3/444 496/3/438 507/3/449
f 507/3/449 503/3/445 502/3/444
f 496/3/438 508/3/450 507/3/449
f 505/3/447 507/3/449 508/3/450
f 496/3/438 509/3/451 508/3/450
f 510/3/452 505/3/447 508/3/450
f 503/3/445 510/3/452 502/3/444
f 511/3/453 505/3/447 510/3/452
f 510/3/452 503/3/445 511/3/453
f 505/3/447 511/3/453 512/3/454
f 503/3/445 512/3/454 511/3/453
f 512/3/454 506/3/448 505/3/447
f 512/3/454 503/3/445 489/3/431
f 510/3/452 508/3/450 513/3/455
f 513/3/455 502/3/444 510/3/452
f 509/3/451 513/3/455 508/3/450
f 514/3/456 515/3/457 516/3/458
f 515/3/457 517/3/459 516/3/458
f 518/3/460 519/3/461 520/3/462
f 521/3/463 520/3/462 519/3/461
f 519/3/461 518/3/460 522/3/464
f 519/3/461 522/3/464 516/3/458
f 523/3/465 522/3/464 518/3/460
f 521/3/463 519/3/461 524/3/466
f 516/3/458 524/3/466 519/3/461
f 523/3/465 521/3/463 524/3/466
f 524/3/466 516/3/458 525/3/467
f 516/3/458 517/3/459 525/3/467
f 526/3/468 524/3/466 525/3/467
f 517/3/459 526/3/468 525/3/467
f 524/3/466 526/3/468 523/3/465
f 522/3/464 527/3/469 516/3/458
f 523/3/465 527/3/469 522/3/464
f 514/3/456 516/3/458 527/3/469
f 527/3/469 523/3/465 526/3/468
f 526/3/468 514/3/456 527/3/469
f 528/3/470 521/3/463 523/3/465
f 518/3/460 528/3/470 523/3/465
f 529/3/471 514/3/456 526/3/468
f 526/3/468 517/3/459 529/3/471
f 514/3/456 529/3/471 530/3/472
f 531/3/473 514/3/456 530/3/472
f 529/3/471 517/3/459 532/3/474
f 517/3/459 533/3/475 532/3/474
f 528/3/470 518/3/460 534/3/476
f 518/3/460 535/3/477 534/3/476
f 528/3/470 536/3/478 521/3/463
f 537/3/479 521/3/463 536/3/478
f 536/3/478 528/3/470 538/3/480
f 539/3/481 536/3/478 538/3/480
f 536/3/478 539/3/481 532/3/474
f 529/3/471 532/3/474 539/3/481
f 532/3/474 540/3/482 536/3/478
f 537/3/479 536/3/478 540/3/482
f 540/3/482 532/3/474 541/3/483
f 532/3/474 533/3/475 541/3/483
f 542/3/484 537/3/479 540/3/482
f 541/3/483 542/3/484 540/3/482
f 538/3/480 542/3/484 539/3/481
f 528/3/470 542/3/484 538/3/480
f 542/3/484 541/3/483 543/3/485
f 533/3/475 543/3/485 541/3/483
f 539/3/481 542/3/484 543/3/485
f 543/3/485 529/3/471 539/3/481
f 537/3/479 542/3/484 544/3/486
f 528/3/470 544/3/486 542/3/484
f 543/3/485 533/3/475 545/3/487
f 545/3/487 529/3/471 543/3/485
f 545/3/487 533/3/475 546/3/488
f 533/3/475 547/3/489 546/3/488
f 544/3/486 548/3/490 537/3/479
f 549/3/491 537/3/479 548/3/490
f 548/3/490 544/3/486 550/3/492
f 548/3/490 550/3/492 546/3/488
f 549/3/491 548/3/490 551/3/493
f 546/3/488 551/3/493 548/3/490
f 546/3/488 550/3/492 552/3/494
f 545/3/487 546/3/488 552/3/494
f 550/3/492 553/3/495 552/3/494
f 553/3/495 545/3/487 552/3/494
f 551/3/493 546/3/488 554/3/496
f 554/3/496 546/3/488 547/3/489
f 547/3/489 553/3/495 554/3/496
f 554/3/496 555/3/497 551/3/493
f 555/3/497 554/3/496 553/3/495
f 555/3/497 549/3/491 551/3/493
f 553/3/495 550/3/492 555/3/497
f 544/3/486 555/3/497 550/3/492
f 547/3/489 556/3/498 553/3/495
f 556/3/498 545/3/487 553/3/495
f 557/3/499 549/3/491 555/3/497
f 544/3/486 557/3/499 555/3/497
f 549/3/491 557/3/499 558/3/500
f 559/3/501 549/3/491 558/3/500
f 560/3/502 556/3/498 547/3/489
f 547/3/489 561/3/503 560/3/502
f 556/3/498 560/3/502 562/3/504
f 558/3/500 562/3/504 560/3/502
f 563/3/505 560/3/502 561/3/503
f 560/3/502 563/3/505 558/3/500
f 558/3/500 563/3/505 564/3/506
f 559/3/501 558/3/500 564/3/506
f 563/3/505 565/3/507 564/3/506
f 565/3/507 559/3/501 564/3/506
f 561/3/503 566/3/508 563/3/505
f 565/3/507 563/3/505 566/3/508
f 562/3/504 566/3/508 556/3/498
f 562/3/504 558/3/500 567/3/509
f 567/3/509 566/3/508 562/3/504
f 558/3/500 557/3/499 567/3/509
f 566/3/508 567/3/509 565/3/507
f 557/3/499 565/3/507 567/3/509
f 566/3/508 561/3/503 568/3/510
f 568/3/510 556/3/498 566/3/508
f 569/3/511 568/3/510 561/3/503
f 561/3/503 570/3/512 569/3/511
f 559/3/501 565/3/507 571/3/513
f 565/3/507 557/3/499 571/3/513
f 571/3/513 572/3/514 559/3/501
f 573/3/515 559/3/501 572/3/514
f 569/3/511 570/3/512 574/3/516
f 569/3/511 574/3/516 572/3/514
f 570/3/512 575/3/517 574/3/516
f 570/3/512 576/3/518 575/3/517
f 572/3/514 574/3/516 577/3/519
f 574/3/516 575/3/517 577/3/519
f 573/3/515 572/3/514 577/3/519
f 578/3/520 573/3/515 577/3/519
f 577/3/519 575/3/517 578/3/520
f 573/3/515 578/3/520 579/3/521
f 571/3/513 579/3/521 578/3/520
f 580/3/522 569/3/511 572/3/514
f 572/3/514 571/3/513 580/3/522
f 575/3/517 580/3/522 578/3/520
f 578/3/520 580/3/522 571/3/513
f 569/3/511 580/3/522 581/3/523
f 580/3/522 575/3/517 581/3/523
f 568/3/510 569/3/511 581/3/523
f 575/3/517 568/3/510 581/3/523
f 576/3/518 568/3/510 575/3/517
f 568/3/510 576/3/518 582/3/524
f 582/3/524 576/3/518 583/3/525
f 584/3/526 568/3/510 582/3/524
f 576/3/518 585/3/527 583/3/525
f 568/3/510 584/3/526 586/3/528
f 585/3/527 576/3/518 587/3/529
f 576/3/518 588/3/530 587/3/529
f 587/3/529 588/3/530 589/3/531
f 588/3/530 590/3/532 589/3/531
f 588/3/530 591/3/533 590/3/532
f 592/3/534 587/3/529 589/3/531
f 592/3/534 589/3/531 590/3/532
f 587/3/529 593/3/535 585/3/527
f 590/3/532 585/3/527 593/3/535
f 591/3/533 585/3/527 590/3/532
f 587/3/529 594/3/536 593/3/535
f 594/3/536 590/3/532 593/3/535
f 587/3/529 592/3/534 595/3/537
f 587/3/529 595/3/537 594/3/536
f 596/3/538 595/3/537 592/3/534
f 590/3/532 597/3/539 592/3/534
f 597/3/539 596/3/538 592/3/534
f 590/3/532 594/3/536 597/3/539
f 596/3/538 579/3/521 595/3/537
f 595/3/537 598/3/540 594/3/536
f 598/3/540 597/3/539 594/3/536
f 598/3/540 595/3/537 579/3/521
f 596/3/538 597/3/539 473/3/415
f 598/3/540 473/3/415 597/3/539
f 579/3/521 599/3/541 598/3/540
f 599/3/541 579/3/521 600/3/542
f 579/3/521 601/3/543 600/3/542
f 579/3/521 571/3/513 601/3/543
f 583/3/525 599/3/541 600/3/542
f 600/3/542 601/3/543 583/3/525
f 582/3/524 583/3/525 601/3/543
f 601/3/543 602/3/544 582/3/524
f 599/3/541 583/3/525 603/3/545
f 599/3/541 603/3/545 602/3/544
f 583/3/525 585/3/527 603/3/545
f 584/3/526 582/3/524 602/3/544
f 584/3/526 602/3/544 603/3/545
f 585/3/527 584/3/526 603/3/545
f 602/3/544 601/3/543 604/3/546
f 599/3/541 602/3/544 604/3/546
f 601/3/543 605/3/547 604/3/546
f 605/3/547 599/3/541 604/3/546
f 571/3/513 605/3/547 601/3/543
f 599/3/541 605/3/547 598/3/540
f 584/3/526 585/3/527 606/3/548
f 606/3/548 585/3/527 607/3/549
f 585/3/527 608/3/550 607/3/549
f 585/3/527 591/3/533 608/3/550
f 609/3/551 606/3/548 607/3/549
f 609/3/551 607/3/549 608/3/550
f 606/3/548 609/3/551 610/3/552
f 609/3/551 598/3/540 610/3/552
f 598/3/540 605/3/547 610/3/552
f 611/3/553 598/3/540 609/3/551
f 608/3/550 611/3/553 609/3/551
f 598/3/540 611/3/553 473/3/415
f 611/3/553 608/3/550 612/3/554
f 610/3/552 612/3/554 606/3/548
f 613/3/555 611/3/553 612/3/554
f 612/3/554 610/3/552 613/3/555
f 614/3/556 611/3/553 613/3/555
f 610/3/552 614/3/556 613/3/555
f 614/3/556 473/3/415 611/3/553
f 614/3/556 610/3/552 605/3/547
f 612/3/554 608/3/550 615/3/557
f 615/3/557 606/3/548 612/3/554
f 591/3/533 615/3/557 608/3/550
f 615/3/557 584/3/526 606/3/548
f 615/3/557 591/3/533 616/3/558
f 614/3/556 617/3/559 473/3/415
f 618/3/560 584/3/526 615/3/557
f 584/3/526 618/3/560 619/3/561
f 620/3/562 619/3/561 618/3/560
f 621/3/563 584/3/526 619/3/561
f 619/3/561 620/3/562 622/3/564
f 622/3/564 621/3/563 619/3/561
f 620/3/562 618/3/560 623/3/565
f 615/3/557 623/3/565 618/3/560
f 620/3/562 605/3/547 622/3/564
f 605/3/547 620/3/562 614/3/556
f 605/3/547 624/3/566 622/3/564
f 621/3/563 622/3/564 624/3/566
f 623/3/565 625/3/567 620/3/562
f 625/3/567 623/3/565 621/3/563
f 624/3/566 625/3/567 621/3/563
f 626/3/568 620/3/562 625/3/567
f 624/3/566 626/3/568 625/3/567
f 626/3/568 614/3/556 620/3/562
f 605/3/547 627/3/569 624/3/566
f 627/3/569 626/3/568 624/3/566
f 628/3/570 621/3/563 623/3/565
f 623/3/565 615/3/557 628/3/570
f 629/3/571 584/3/526 621/3/563
f 628/3/570 629/3/571 621/3/563
f 584/3/526 629/3/571 586/3/528
f 628/3/570 615/3/557 630/3/572
f 627/3/569 605/3/547 631/3/573
f 605/3/547 571/3/513 631/3/573
f 615/3/557 632/3/574 630/3/572
f 615/3/557 616/3/558 632/3/574
f 633/3/575 630/3/572 632/3/574
f 632/3/574 634/3/576 633/3/575
f 632/3/574 617/3/559 634/3/576
f 617/3/559 632/3/574 616/3/558
f 617/3/559 614/3/556 634/3/576
f 614/3/556 633/3/575 634/3/576
f 633/3/575 614/3/556 626/3/568
f 616/3/558 635/3/577 617/3/559
f 633/3/575 635/3/577 630/3/572
f 635/3/577 616/3/558 636/3/578
f 635/3/577 636/3/578 630/3/572
f 616/3/558 637/3/579 636/3/578
f 637/3/579 630/3/572 636/3/578
f 638/3/580 617/3/559 635/3/577
f 633/3/575 638/3/580 635/3/577
f 638/3/580 633/3/575 626/3/568
f 638/3/580 473/3/415 617/3/559
f 591/3/533 637/3/579 616/3/558
f 637/3/579 628/3/570 630/3/572
f 637/3/579 591/3/533 639/3/581
f 637/3/579 639/3/581 640/3/582
f 591/3/533 641/3/583 639/3/581
f 641/3/583 591/3/533 642/3/584
f 591/3/533 476/3/418 642/3/584
f 642/3/584 476/3/418 643/3/585
f 476/3/418 644/3/586 643/3/585
f 476/3/418 487/3/429 644/3/586
f 645/3/587 642/3/584 643/3/585
f 644/3/586 645/3/587 643/3/585
f 487/3/429 641/3/583 644/3/586
f 642/3/584 645/3/587 474/3/416
f 472/3/414 474/3/416 645/3/587
f 646/3/588 472/3/414 645/3/587
f 645/3/587 644/3/586 646/3/588
f 472/3/414 646/3/588 485/3/427
f 642/3/584 647/3/589 641/3/583
f 644/3/586 641/3/583 647/3/589
f 648/3/590 647/3/589 642/3/584
f 648/3/590 644/3/586 647/3/589
f 642/3/584 474/3/416 648/3/590
f 644/3/586 648/3/590 646/3/588
f 474/3/416 649/3/591 648/3/590
f 649/3/591 646/3/588 648/3/590
f 649/3/591 485/3/427 646/3/588
f 649/3/591 474/3/416 473/3/415
f 649/3/591 473/3/415 650/3/592
f 638/3/580 650/3/592 473/3/415
f 649/3/591 650/3/592 651/3/593
f 650/3/592 638/3/580 652/3/594
f 639/3/581 651/3/593 650/3/592
f 639/3/581 650/3/592 652/3/594
f 651/3/593 639/3/581 653/3/595
f 652/3/594 640/3/582 639/3/581
f 653/3/595 639/3/581 641/3/583
f 652/3/594 654/3/596 640/3/582
f 651/3/593 653/3/595 654/3/596
f 641/3/583 654/3/596 653/3/595
f 655/3/597 649/3/591 651/3/593
f 655/3/597 652/3/594 638/3/580
f 651/3/593 654/3/596 655/3/597
f 654/3/596 652/3/594 655/3/597
f 654/3/596 637/3/579 640/3/582
f 649/3/591 655/3/597 656/3/598
f 638/3/580 656/3/598 655/3/597
f 654/3/596 641/3/583 657/3/599
f 657/3/599 637/3/579 654/3/596
f 658/3/600 657/3/599 641/3/583
f 487/3/429 658/3/600 641/3/583
f 656/3/598 659/3/601 649/3/591
f 485/3/427 649/3/591 659/3/601
f 660/3/602 656/3/598 638/3/580
f 626/3/568 660/3/602 638/3/580
f 659/3/601 656/3/598 661/3/603
f 660/3/602 626/3/568 662/3/604
f 626/3/568 663/3/605 662/3/604
f 664/3/606 660/3/602 662/3/604
f 663/3/605 664/3/606 662/3/604
f 660/3/602 664/3/606 665/3/607
f 664/3/606 637/3/579 665/3/607
f 666/3/608 660/3/602 665/3/607
f 637/3/579 666/3/608 665/3/607
f 628/3/570 637/3/579 664/3/606
f 666/3/608 637/3/579 657/3/599
f 667/3/609 628/3/570 664/3/606
f 667/3/609 664/3/606 663/3/605
f 667/3/609 666/3/608 657/3/599
f 660/3/602 666/3/608 668/3/610
f 667/3/609 668/3/610 666/3/608
f 656/3/598 660/3/602 668/3/610
f 663/3/605 668/3/610 667/3/609
f 663/3/605 656/3/598 668/3/610
f 669/3/611 628/3/570 667/3/609
f 657/3/599 669/3/611 667/3/609
f 626/3/568 670/3/612 663/3/605
f 670/3/612 656/3/598 663/3/605
f 670/3/612 626/3/568 671/3/613
f 627/3/569 671/3/613 626/3/568
f 628/3/570 669/3/611 672/3/614
f 629/3/571 628/3/570 672/3/614
f 672/3/614 669/3/611 673/3/615
f 673/3/615 671/3/613 672/3/614
f 629/3/571 672/3/614 674/3/616
f 671/3/613 674/3/616 672/3/614
f 675/3/617 671/3/613 673/3/615
f 671/3/613 675/3/617 670/3/612
f 674/3/616 671/3/613 676/3/618
f 671/3/613 627/3/569 676/3/618
f 676/3/618 677/3/619 674/3/616
f 673/3/615 677/3/619 675/3/617
f 677/3/619 629/3/571 674/3/616
f 677/3/619 673/3/615 669/3/611
f 677/3/619 676/3/618 678/3/620
f 678/3/620 675/3/617 677/3/619
f 678/3/620 676/3/618 627/3/569
f 678/3/620 670/3/612 675/3/617
f 669/3/611 679/3/621 677/3/619
f 679/3/621 629/3/571 677/3/619
f 670/3/612 678/3/620 680/3/622
f 627/3/569 680/3/622 678/3/620
f 680/3/622 681/3/623 670/3/612
f 681/3/623 680/3/622 682/3/624
f 680/3/622 683/3/625 682/3/624
f 684/3/626 681/3/623 682/3/624
f 683/3/625 684/3/626 682/3/624
f 681/3/623 684/3/626 685/3/627
f 679/3/621 685/3/627 684/3/626
f 685/3/627 679/3/621 669/3/611
f 685/3/627 686/3/628 681/3/623
f 687/3/629 679/3/621 684/3/626
f 684/3/626 683/3/625 687/3/629
f 683/3/625 686/3/628 687/3/629
f 681/3/623 686/3/628 688/3/630
f 686/3/628 683/3/625 688/3/630
f 689/3/631 681/3/623 688/3/630
f 683/3/625 689/3/631 688/3/630
f 689/3/631 670/3/612 681/3/623
f 685/3/627 690/3/632 686/3/628
f 690/3/632 687/3/629 686/3/628
f 669/3/611 690/3/632 685/3/627
f 690/3/632 691/3/633 687/3/629
f 691/3/633 679/3/621 687/3/629
f 690/3/632 669/3/611 692/3/634
f 692/3/634 669/3/611 693/3/635
f 669/3/611 694/3/636 693/3/635
f 669/3/611 657/3/599 694/3/636
f 695/3/637 692/3/634 693/3/635
f 693/3/635 694/3/636 695/3/637
f 692/3/634 695/3/637 696/3/638
f 696/3/638 695/3/637 670/3/612
f 697/3/639 670/3/612 695/3/637
f 695/3/637 694/3/636 697/3/639
f 656/3/598 670/3/612 697/3/639
f 670/3/612 689/3/631 696/3/638
f 698/3/640 656/3/598 697/3/639
f 694/3/636 699/3/641 697/3/639
f 698/3/640 697/3/639 699/3/641
f 696/3/638 698/3/640 699/3/641
f 699/3/641 694/3/636 700/3/642
f 700/3/642 696/3/638 699/3/641
f 696/3/638 700/3/642 692/3/634
f 698/3/640 696/3/638 689/3/631
f 700/3/642 694/3/636 701/3/643
f 692/3/634 700/3/642 701/3/643
f 657/3/599 701/3/643 694/3/636
f 701/3/643 690/3/632 692/3/634
f 701/3/643 657/3/599 702/3/644
f 702/3/644 657/3/599 703/3/645
f 657/3/599 658/3/600 703/3/645
f 703/3/645 704/3/646 702/3/644
f 656/3/598 698/3/640 704/3/646
f 656/3/598 704/3/646 661/3/603
f 704/3/646 703/3/645 661/3/603
f 703/3/645 659/3/601 661/3/603
f 659/3/601 703/3/645 658/3/600
f 705/3/647 659/3/601 658/3/600
f 704/3/646 705/3/647 702/3/644
f 659/3/601 705/3/647 706/3/648
f 705/3/647 704/3/646 706/3/648
f 485/3/427 659/3/601 706/3/648
f 704/3/646 485/3/427 706/3/648
f 698/3/640 485/3/427 704/3/646
f 658/3/600 487/3/429 705/3/647
f 487/3/429 702/3/644 705/3/647
f 487/3/429 701/3/643 702/3/644
f 698/3/640 707/3/649 485/3/427
f 489/3/431 485/3/427 707/3/649
f 489/3/431 707/3/649 708/3/650
f 709/3/651 489/3/431 708/3/650
f 710/3/652 708/3/650 707/3/649
f 710/3/652 701/3/643 487/3/429
f 487/3/429 488/3/430 710/3/652
f 708/3/650 710/3/652 711/3/653
f 711/3/653 710/3/652 488/3/430
f 711/3/653 712/3/654 708/3/650
f 488/3/430 712/3/654 711/3/653
f 708/3/650 712/3/654 709/3/651
f 488/3/430 513/3/455 712/3/654
f 513/3/455 701/3/643 712/3/654
f 713/3/655 710/3/652 707/3/649
f 707/3/649 698/3/640 713/3/655
f 709/3/651 713/3/655 698/3/640
f 710/3/652 713/3/655 714/3/656
f 709/3/651 714/3/656 713/3/655
f 701/3/643 710/3/652 714/3/656
f 712/3/654 714/3/656 709/3/651
f 712/3/654 701/3/643 714/3/656
f 698/3/640 512/3/454 709/3/651
f 701/3/643 513/3/455 715/3/657
f 512/3/454 698/3/640 716/3/658
f 689/3/631 716/3/658 698/3/640
f 715/3/657 690/3/632 701/3/643
f 512/3/454 716/3/658 717/3/659
f 718/3/660 512/3/454 717/3/659
f 719/3/661 512/3/454 718/3/660
f 717/3/659 716/3/658 720/3/662
f 720/3/662 718/3/660 717/3/659
f 715/3/657 720/3/662 716/3/658
f 715/3/657 513/3/455 720/3/662
f 513/3/455 721/3/663 720/3/662
f 718/3/660 720/3/662 721/3/663
f 513/3/455 722/3/664 721/3/663
f 722/3/664 690/3/632 721/3/663
f 716/3/658 723/3/665 715/3/657
f 690/3/632 715/3/657 723/3/665
f 723/3/665 718/3/660 721/3/663
f 721/3/663 690/3/632 723/3/665
f 723/3/665 716/3/658 724/3/666
f 718/3/660 723/3/665 724/3/666
f 716/3/658 689/3/631 724/3/666
f 718/3/660 724/3/666 689/3/631
f 689/3/631 719/3/661 718/3/660
f 690/3/632 722/3/664 725/3/667
f 691/3/633 690/3/632 725/3/667
f 719/3/661 689/3/631 726/3/668
f 727/3/669 726/3/668 689/3/631
f 727/3/669 689/3/631 683/3/625
f 719/3/661 726/3/668 728/3/670
f 725/3/667 728/3/670 726/3/668
f 729/3/671 719/3/661 728/3/670
f 680/3/622 727/3/669 683/3/625
f 719/3/661 729/3/671 535/3/477
f 727/3/669 535/3/477 729/3/671
f 730/3/672 729/3/671 728/3/670
f 728/3/670 725/3/667 730/3/672
f 730/3/672 725/3/667 722/3/664
f 731/3/673 730/3/672 722/3/664
f 729/3/671 730/3/672 731/3/673
f 722/3/664 531/3/473 731/3/673
f 531/3/473 691/3/633 731/3/673
f 731/3/673 732/3/674 729/3/671
f 727/3/669 729/3/671 732/3/674
f 726/3/668 732/3/674 725/3/667
f 726/3/668 727/3/669 732/3/674
f 725/3/667 732/3/674 733/3/675
f 732/3/674 731/3/673 733/3/675
f 691/3/633 725/3/667 733/3/675
f 731/3/673 691/3/633 733/3/675
f 691/3/633 531/3/473 734/3/676
f 734/3/676 531/3/473 735/3/677
f 531/3/473 530/3/472 735/3/677
f 534/3/476 735/3/677 530/3/472
f 735/3/677 534/3/476 736/3/678
f 737/3/679 534/3/476 530/3/472
f 736/3/678 738/3/680 735/3/677
f 734/3/676 735/3/677 738/3/680
f 534/3/476 535/3/477 736/3/678
f 535/3/477 738/3/680 736/3/678
f 535/3/477 727/3/669 738/3/680
f 530/3/472 529/3/471 737/3/679
f 529/3/471 734/3/676 737/3/679
f 734/3/676 529/3/471 691/3/633
f 739/3/681 534/3/476 737/3/679
f 737/3/679 734/3/676 739/3/681
f 738/3/680 739/3/681 734/3/676
f 528/3/470 534/3/476 739/3/681
f 738/3/680 528/3/470 739/3/681
f 528/3/470 738/3/680 727/3/669
f 691/3/633 529/3/471 740/3/682
f 528/3/470 727/3/669 741/3/683
f 529/3/471 545/3/487 740/3/682
f 544/3/486 528/3/470 741/3/683
f 741/3/683 727/3/669 742/3/684
f 741/3/683 742/3/684 740/3/682
f 727/3/669 743/3/685 742/3/684
f 740/3/682 744/3/686 741/3/683
f 544/3/486 741/3/683 744/3/686
f 743/3/685 544/3/486 744/3/686
f 744/3/686 740/3/682 745/3/687
f 745/3/687 740/3/682 545/3/487
f 746/3/688 744/3/686 745/3/687
f 545/3/487 746/3/688 745/3/687
f 744/3/686 746/3/688 743/3/685
f 727/3/669 680/3/622 743/3/685
f 544/3/486 743/3/685 680/3/622
f 747/3/689 740/3/682 742/3/684
f 743/3/685 747/3/689 742/3/684
f 747/3/689 743/3/685 746/3/688
f 691/3/633 740/3/682 747/3/689
f 746/3/688 691/3/633 747/3/689
f 679/3/621 691/3/633 746/3/688
f 545/3/487 679/3/621 746/3/688
f 680/3/622 748/3/690 544/3/486
f 679/3/621 545/3/487 749/3/691
f 545/3/487 556/3/498 749/3/691
f 557/3/499 544/3/486 748/3/690
f 748/3/690 680/3/622 750/3/692
f 748/3/690 750/3/692 749/3/691
f 680/3/622 751/3/693 750/3/692
f 680/3/622 627/3/569 751/3/693
f 557/3/499 751/3/693 627/3/569
f 557/3/499 748/3/690 752/3/694
f 749/3/691 752/3/694 748/3/690
f 751/3/693 557/3/499 752/3/694
f 749/3/691 750/3/692 753/3/695
f 750/3/692 751/3/693 753/3/695
f 679/3/621 749/3/691 753/3/695
f 752/3/694 749/3/691 754/3/696
f 754/3/696 751/3/693 752/3/694
f 754/3/696 749/3/691 556/3/498
f 753/3/695 751/3/693 755/3/697
f 751/3/693 754/3/696 755/3/697
f 755/3/697 679/3/621 753/3/695
f 556/3/498 755/3/697 754/3/696
f 629/3/571 679/3/621 755/3/697
f 755/3/697 556/3/498 629/3/571
f 629/3/571 556/3/498 756/3/698
f 556/3/498 568/3/510 756/3/698
f 629/3/571 756/3/698 757/3/699
f 586/3/528 629/3/571 757/3/699
f 568/3/510 586/3/528 758/3/700
f 756/3/698 568/3/510 758/3/700
f 759/3/701 586/3/528 757/3/699
f 756/3/698 759/3/701 757/3/699
f 586/3/528 759/3/701 631/3/573
f 631/3/573 758/3/700 586/3/528
f 627/3/569 631/3/573 759/3/701
f 758/3/700 631/3/573 760/3/702
f 760/3/702 756/3/698 758/3/700
f 631/3/573 571/3/513 760/3/702
f 761/3/703 759/3/701 756/3/698
f 761/3/703 627/3/569 759/3/701
f 756/3/698 760/3/702 761/3/703
f 761/3/703 760/3/702 571/3/513
f 627/3/569 761/3/703 557/3/499
f 571/3/513 557/3/499 761/3/703
f 762/3/704 491/3/433 763/3/705
f 499/3/441 763/3/705 491/3/433
f 491/3/433 762/3/704 764/3/706
f 765/3/707 764/3/706 762/3/704
f 766/3/708 493/3/435 767/3/709
f 767/3/709 768/3/710 766/3/708
f 764/3/706 765/3/707 769/3/711
f 769/3/711 767/3/709 764/3/706
f 765/3/707 770/3/712 769/3/711
f 767/3/709 771/3/713 764/3/706
f 764/3/706 771/3/713 491/3/433
f 767/3/709 769/3/711 772/3/714
f 769/3/711 770/3/712 772/3/714
f 768/3/710 767/3/709 772/3/714
f 771/3/713 767/3/709 773/3/715
f 767/3/709 493/3/435 773/3/715
f 770/3/712 491/3/433 771/3/713
f 774/3/716 771/3/713 773/3/715
f 770/3/712 771/3/713 774/3/716
f 774/3/716 768/3/710 772/3/714
f 774/3/716 772/3/714 770/3/712
f 493/3/435 774/3/716 773/3/715
f 775/3/717 768/3/710 774/3/716
f 493/3/435 775/3/717 774/3/716
f 765/3/707 776/3/718 770/3/712
f 491/3/433 770/3/712 776/3/718
f 776/3/718 765/3/707 777/3/719
f 765/3/707 778/3/720 777/3/719
f 768/3/710 775/3/717 779/3/721
f 780/3/722 768/3/710 779/3/721
f 777/3/719 781/3/723 779/3/721
f 779/3/721 781/3/723 780/3/722
f 779/3/721 782/3/724 777/3/719
f 779/3/721 775/3/717 782/3/724
f 783/3/725 777/3/719 782/3/724
f 777/3/719 783/3/725 776/3/718
f 782/3/724 784/3/726 783/3/725
f 784/3/726 776/3/718 783/3/725
f 781/3/723 777/3/719 785/3/727
f 777/3/719 778/3/720 785/3/727
f 784/3/726 781/3/723 785/3/727
f 778/3/720 784/3/726 785/3/727
f 784/3/726 782/3/724 786/3/728
f 781/3/723 784/3/726 786/3/728
f 775/3/717 786/3/728 782/3/724
f 787/3/729 781/3/723 786/3/728
f 786/3/728 775/3/717 787/3/729
f 781/3/723 787/3/729 780/3/722
f 778/3/720 788/3/730 784/3/726
f 776/3/718 784/3/726 788/3/730
f 788/3/730 778/3/720 789/3/731
f 788/3/730 790/3/732 776/3/718
f 596/3/538 789/3/731 778/3/720
f 788/3/730 789/3/731 791/3/733
f 778/3/720 792/3/734 596/3/538
f 792/3/734 778/3/720 793/3/735
f 778/3/720 794/3/736 793/3/735
f 778/3/720 573/3/515 794/3/736
f 795/3/737 792/3/734 793/3/735
f 794/3/736 795/3/737 793/3/735
f 792/3/734 795/3/737 796/3/738
f 780/3/722 796/3/738 795/3/737
f 797/3/739 792/3/734 796/3/738
f 792/3/734 797/3/739 798/3/740
f 797/3/739 794/3/736 798/3/740
f 798/3/740 579/3/521 792/3/734
f 794/3/736 579/3/521 798/3/740
f 579/3/521 596/3/538 792/3/734
f 799/3/741 795/3/737 794/3/736
f 794/3/736 797/3/739 799/3/741
f 795/3/737 799/3/741 780/3/722
f 573/3/515 579/3/521 794/3/736
f 576/3/518 799/3/741 797/3/739
f 796/3/738 576/3/518 797/3/739
f 570/3/512 780/3/722 799/3/741
f 576/3/518 570/3/512 799/3/741
f 796/3/738 780/3/722 588/3/530
f 588/3/530 576/3/518 796/3/738
f 588/3/530 780/3/722 800/3/742
f 780/3/722 787/3/729 800/3/742
f 588/3/530 800/3/742 801/3/743
f 802/3/744 800/3/742 787/3/729
f 800/3/742 803/3/745 801/3/743
f 791/3/733 800/3/742 802/3/744
f 800/3/742 791/3/733 789/3/731
f 803/3/745 800/3/742 789/3/731
f 791/3/733 802/3/744 804/3/746
f 803/3/745 804/3/746 801/3/743
f 804/3/746 802/3/744 787/3/729
f 804/3/746 588/3/530 801/3/743
f 789/3/731 596/3/538 803/3/745
f 804/3/746 805/3/747 791/3/733
f 804/3/746 803/3/745 805/3/747
f 596/3/538 805/3/747 803/3/745
f 805/3/747 788/3/730 791/3/733
f 788/3/730 805/3/747 473/3/415
f 596/3/538 473/3/415 805/3/747
f 591/3/533 588/3/530 804/3/746
f 787/3/729 591/3/533 804/3/746
f 788/3/730 473/3/415 806/3/748
f 591/3/533 787/3/729 807/3/749
f 788/3/730 806/3/748 808/3/750
f 790/3/732 788/3/730 808/3/750
f 807/3/749 808/3/750 806/3/748
f 787/3/729 809/3/751 807/3/749
f 808/3/750 807/3/749 809/3/751
f 787/3/729 810/3/752 809/3/751
f 810/3/752 808/3/750 809/3/751
f 808/3/750 810/3/752 790/3/732
f 787/3/729 775/3/717 810/3/752
f 806/3/748 811/3/753 807/3/749
f 790/3/732 810/3/752 811/3/753
f 811/3/753 806/3/748 812/3/754
f 811/3/753 812/3/754 790/3/732
f 806/3/748 813/3/755 812/3/754
f 790/3/732 812/3/754 813/3/755
f 813/3/755 806/3/748 473/3/415
f 807/3/749 811/3/753 814/3/756
f 810/3/752 814/3/756 811/3/753
f 775/3/717 814/3/756 810/3/752
f 814/3/756 591/3/533 807/3/749
f 813/3/755 776/3/718 790/3/732
f 814/3/756 775/3/717 815/3/757
f 815/3/757 775/3/717 816/3/758
f 775/3/717 817/3/759 816/3/758
f 775/3/717 493/3/435 817/3/759
f 816/3/758 818/3/760 815/3/757
f 776/3/718 813/3/755 818/3/760
f 817/3/759 819/3/761 816/3/758
f 818/3/760 816/3/758 819/3/761
f 819/3/761 776/3/718 818/3/760
f 820/3/762 776/3/718 819/3/761
f 819/3/761 817/3/759 820/3/762
f 491/3/433 776/3/718 820/3/762
f 818/3/760 821/3/763 815/3/757
f 815/3/757 821/3/763 814/3/756
f 821/3/763 818/3/760 822/3/764
f 817/3/759 822/3/764 820/3/762
f 822/3/764 817/3/759 821/3/763
f 820/3/762 822/3/764 481/3/423
f 818/3/760 481/3/423 822/3/764
f 481/3/423 491/3/433 820/3/762
f 481/3/423 818/3/760 813/3/755
f 821/3/763 817/3/759 477/3/419
f 477/3/419 814/3/756 821/3/763
f 493/3/435 477/3/419 817/3/759
f 823/3/765 814/3/756 477/3/419
f 813/3/755 824/3/766 481/3/423
f 824/3/766 813/3/755 825/3/767
f 813/3/755 826/3/768 825/3/767
f 813/3/755 473/3/415 826/3/768
f 827/3/769 824/3/766 825/3/767
f 826/3/768 827/3/769 825/3/767
f 824/3/766 827/3/769 823/3/765
f 814/3/756 823/3/765 827/3/769
f 828/3/770 814/3/756 827/3/769
f 827/3/769 826/3/768 828/3/770
f 591/3/533 814/3/756 828/3/770
f 828/3/770 826/3/768 829/3/771
f 823/3/765 829/3/771 824/3/766
f 829/3/771 830/3/772 828/3/770
f 829/3/771 823/3/765 830/3/772
f 476/3/418 828/3/770 830/3/772
f 476/3/418 830/3/772 823/3/765
f 476/3/418 591/3/533 828/3/770
f 826/3/768 472/3/414 829/3/771
f 472/3/414 824/3/766 829/3/771
f 472/3/414 826/3/768 473/3/415
f 472/3/414 481/3/423 824/3/766
f 477/3/419 476/3/418 823/3/765
f 502/3/444 513/3/455 488/3/430
f 512/3/454 489/3/431 709/3/651
f 513/3/455 509/3/451 831/3/773
f 832/3/774 831/3/773 509/3/451
f 509/3/451 833/3/775 832/3/774
f 509/3/451 834/3/776 833/3/775
f 835/3/777 831/3/773 832/3/774
f 832/3/774 833/3/775 835/3/777
f 836/3/778 835/3/777 833/3/775
f 836/3/778 506/3/448 835/3/777
f 506/3/448 837/3/779 835/3/777
f 831/3/773 835/3/777 837/3/779
f 506/3/448 512/3/454 837/3/779
f 838/3/780 831/3/773 837/3/779
f 839/3/781 506/3/448 836/3/778
f 837/3/779 719/3/661 838/3/780
f 719/3/661 837/3/779 512/3/454
f 836/3/778 838/3/780 719/3/661
f 719/3/661 839/3/781 836/3/778
f 836/3/778 840/3/782 838/3/780
f 831/3/773 838/3/780 840/3/782
f 840/3/782 836/3/778 833/3/775
f 722/3/664 831/3/773 840/3/782
f 833/3/775 722/3/664 840/3/782
f 831/3/773 722/3/664 513/3/455
f 834/3/776 722/3/664 833/3/775
f 839/3/781 719/3/661 841/3/783
f 839/3/781 841/3/783 842/3/784
f 843/3/785 839/3/781 842/3/784
f 839/3/781 843/3/785 844/3/786
f 842/3/784 841/3/783 845/3/787
f 845/3/787 843/3/785 842/3/784
f 834/3/776 845/3/787 846/3/788
f 846/3/788 845/3/787 841/3/783
f 722/3/664 834/3/776 846/3/788
f 834/3/776 847/3/789 845/3/787
f 843/3/785 845/3/787 847/3/789
f 847/3/789 834/3/776 848/3/790
f 849/3/791 843/3/785 847/3/789
f 841/3/783 849/3/791 846/3/788
f 850/3/792 843/3/785 849/3/791
f 849/3/791 841/3/783 850/3/792
f 843/3/785 850/3/792 535/3/477
f 841/3/783 535/3/477 850/3/792
f 535/3/477 844/3/786 843/3/785
f 535/3/477 841/3/783 719/3/661
f 847/3/789 531/3/473 849/3/791
f 531/3/473 846/3/788 849/3/791
f 848/3/790 531/3/473 847/3/789
f 846/3/788 531/3/473 722/3/664
f 531/3/473 848/3/790 851/3/793
f 844/3/786 535/3/477 852/3/794
f 844/3/786 852/3/794 853/3/795
f 854/3/796 844/3/786 853/3/795
f 844/3/786 854/3/796 855/3/797
f 853/3/795 852/3/794 856/3/798
f 856/3/798 854/3/796 853/3/795
f 851/3/793 856/3/798 852/3/794
f 856/3/798 851/3/793 848/3/790
f 848/3/790 857/3/799 856/3/798
f 854/3/796 856/3/798 857/3/799
f 857/3/799 848/3/790 858/3/800
f 518/3/460 855/3/797 854/3/796
f 857/3/799 859/3/801 854/3/796
f 518/3/460 854/3/796 859/3/801
f 852/3/794 859/3/801 851/3/793
f 852/3/794 518/3/460 859/3/801
f 535/3/477 518/3/460 852/3/794
f 860/3/802 851/3/793 859/3/801
f 859/3/801 857/3/799 860/3/802
f 514/3/456 851/3/793 860/3/802
f 857/3/799 514/3/456 860/3/802
f 858/3/800 514/3/456 857/3/799
f 514/3/456 531/3/473 851/3/793
f 514/3/456 858/3/800 861/3/803
f 861/3/803 858/3/800 862/3/804
f 858/3/800 863/3/805 862/3/804
f 864/3/806 862/3/804 863/3/805
f 862/3/804 864/3/806 865/3/807
f 864/3/806 855/3/797 865/3/807
f 866/3/808 862/3/804 865/3/807
f 855/3/797 866/3/808 865/3/807
f 861/3/803 862/3/804 866/3/808
f 866/3/808 855/3/797 518/3/460
f 863/3/805 867/3/809 864/3/806
f 867/3/809 861/3/803 866/3/808
f 867/3/809 863/3/805 868/3/810
f 861/3/803 867/3/809 868/3/810
f 863/3/805 515/3/457 868/3/810
f 515/3/457 861/3/803 868/3/810
f 861/3/803 515/3/457 514/3/456
f 864/3/806 867/3/809 520/3/462
f 866/3/808 520/3/462 867/3/809
f 518/3/460 520/3/462 866/3/808
f 869/3/811 870/3/812 871/3/813
f 870/3/812 872/3/814 871/3/813
f 870/3/812 869/3/811 873/3/815
f 870/3/812 874/3/816 872/3/814
f 875/3/817 876/3/818 877/3/819
f 874/3/816 870/3/812 878/3/820
f 874/3/816 878/3/820 879/3/821
f 880/3/822 874/3/816 879/3/821
f 874/3/816 880/3/822 881/3/823
f 878/3/820 882/3/824 879/3/821
f 882/3/824 880/3/822 879/3/821
f 882/3/824 878/3/820 877/3/819
f 877/3/819 876/3/818 882/3/824
f 876/3/818 883/3/825 882/3/824
f 880/3/822 882/3/824 883/3/825
f 883/3/825 876/3/818 884/3/826
f 883/3/825 885/3/827 880/3/822
f 883/3/825 886/3/828 885/3/827
f 884/3/826 886/3/828 883/3/825
f 886/3/828 877/3/819 885/3/827
f 887/3/829 880/3/822 885/3/827
f 885/3/827 877/3/819 887/3/829
f 878/3/820 887/3/829 877/3/819
f 888/3/830 880/3/822 887/3/829
f 878/3/820 888/3/830 887/3/829
f 888/3/830 881/3/823 880/3/822
f 888/3/830 878/3/820 870/3/812
f 877/3/819 886/3/828 875/3/817
f 881/3/823 888/3/830 889/3/831
f 888/3/830 870/3/812 890/3/832
f 881/3/823 889/3/831 891/3/833
f 892/3/834 881/3/823 891/3/833
f 893/3/835 891/3/833 889/3/831
f 891/3/833 893/3/835 894/3/836
f 894/3/836 895/3/837 891/3/833
f 891/3/833 895/3/837 892/3/834
f 894/3/836 893/3/835 884/3/826
f 884/3/826 895/3/837 894/3/836
f 886/3/828 884/3/826 893/3/835
f 895/3/837 884/3/826 896/3/838
f 889/3/831 897/3/839 893/3/835
f 895/3/837 897/3/839 892/3/834
f 897/3/839 889/3/831 898/3/840
f 898/3/840 892/3/834 897/3/839
f 895/3/837 899/3/841 897/3/839
f 899/3/841 893/3/835 897/3/839
f 896/3/838 899/3/841 895/3/837
f 893/3/835 899/3/841 886/3/828
f 889/3/831 900/3/842 898/3/840
f 900/3/842 892/3/834 898/3/840
f 900/3/842 889/3/831 888/3/830
f 881/3/823 892/3/834 901/3/843
f 900/3/842 901/3/843 892/3/834
f 901/3/843 902/3/844 881/3/823
f 323/3/265 881/3/823 902/3/844
f 902/3/844 903/3/845 323/3/265
f 904/3/846 323/3/265 903/3/845
f 323/3/265 904/3/846 321/3/263
f 901/3/843 321/3/263 904/3/846
f 903/3/845 905/3/847 904/3/846
f 901/3/843 904/3/846 906/3/848
f 905/3/847 906/3/848 904/3/846
f 902/3/844 901/3/843 906/3/848
f 903/3/845 902/3/844 907/3/849
f 905/3/847 903/3/845 907/3/849
f 908/3/850 902/3/844 906/3/848
f 906/3/848 905/3/847 908/3/850
f 902/3/844 908/3/850 909/3/851
f 907/3/849 902/3/844 909/3/851
f 334/3/276 905/3/847 907/3/849
f 907/3/849 909/3/851 334/3/276
f 884/3/826 334/3/276 909/3/851
f 909/3/851 896/3/838 884/3/826
f 896/3/838 909/3/851 908/3/850
f 908/3/850 905/3/847 896/3/838
f 905/3/847 334/3/276 333/3/275
f 333/3/275 896/3/838 905/3/847
f 896/3/838 333/3/275 910/3/852
f 910/3/852 333/3/275 911/3/853
f 333/3/275 912/3/854 911/3/853
f 912/3/854 333/3/275 344/3/286
f 913/3/855 910/3/852 911/3/853
f 911/3/853 912/3/854 913/3/855
f 910/3/852 913/3/855 914/3/856
f 915/3/857 913/3/855 912/3/854
f 914/3/856 913/3/855 321/3/263
f 915/3/857 321/3/263 913/3/855
f 321/3/263 901/3/843 914/3/856
f 321/3/263 915/3/857 347/3/289
f 914/3/856 916/3/858 910/3/852
f 912/3/854 916/3/858 915/3/857
f 916/3/858 914/3/856 917/3/859
f 917/3/859 915/3/857 916/3/858
f 912/3/854 918/3/860 916/3/858
f 918/3/860 910/3/852 916/3/858
f 344/3/286 918/3/860 912/3/854
f 910/3/852 918/3/860 896/3/838
f 914/3/856 919/3/861 917/3/859
f 919/3/861 915/3/857 917/3/859
f 919/3/861 914/3/856 901/3/843
f 919/3/861 347/3/289 915/3/857
f 347/3/289 392/3/334 344/3/286
f 901/3/843 920/3/862 919/3/861
f 920/3/862 901/3/843 921/3/863
f 922/3/864 921/3/863 901/3/843
f 901/3/843 900/3/842 922/3/864
f 923/3/865 920/3/862 921/3/863
f 921/3/863 922/3/864 923/3/865
f 347/3/289 919/3/861 924/3/866
f 392/3/334 924/3/866 919/3/861
f 924/3/866 925/3/867 347/3/289
f 925/3/867 392/3/334 347/3/289
f 392/3/334 925/3/867 926/3/868
f 924/3/866 392/3/334 926/3/868
f 927/3/869 926/3/868 925/3/867
f 925/3/867 924/3/866 927/3/869
f 928/3/870 924/3/866 926/3/868
f 926/3/868 927/3/869 928/3/870
f 924/3/866 928/3/870 929/3/871
f 929/3/871 927/3/869 924/3/866
f 928/3/870 918/3/860 929/3/871
f 918/3/860 927/3/869 929/3/871
f 927/3/869 930/3/872 928/3/870
f 930/3/872 918/3/860 928/3/870
f 918/3/860 344/3/286 927/3/869
f 344/3/286 930/3/872 927/3/869
f 930/3/872 344/3/286 392/3/334
f 931/3/873 918/3/860 930/3/872
f 390/3/332 930/3/872 392/3/334
f 930/3/872 371/3/313 931/3/873
f 930/3/872 390/3/332 389/3/331
f 371/3/313 930/3/872 396/3/338
f 930/3/872 389/3/331 396/3/338
f 931/3/873 371/3/313 932/3/874
f 933/3/875 931/3/873 932/3/874
f 371/3/313 934/3/876 932/3/874
f 932/3/874 934/3/876 933/3/875
f 931/3/873 933/3/875 935/3/877
f 935/3/877 936/3/878 931/3/873
f 918/3/860 931/3/873 936/3/878
f 934/3/876 918/3/860 936/3/878
f 936/3/878 935/3/877 937/3/879
f 934/3/876 936/3/878 938/3/880
f 937/3/879 938/3/880 936/3/878
f 938/3/880 933/3/875 934/3/876
f 935/3/877 919/3/861 937/3/879
f 938/3/880 937/3/879 919/3/861
f 376/3/318 935/3/877 933/3/875
f 938/3/880 376/3/318 933/3/875
f 919/3/861 935/3/877 392/3/334
f 376/3/318 392/3/334 935/3/877
f 919/3/861 374/3/316 938/3/880
f 376/3/318 938/3/880 374/3/316
f 374/3/316 919/3/861 920/3/862
f 368/3/310 918/3/860 934/3/876
f 934/3/876 371/3/313 368/3/310
f 374/3/316 920/3/862 939/3/881
f 939/3/881 920/3/862 940/3/882
f 922/3/864 374/3/316 939/3/881
f 940/3/882 922/3/864 939/3/881
f 941/3/883 940/3/882 920/3/862
f 918/3/860 368/3/310 941/3/883
f 920/3/862 923/3/865 941/3/883
f 941/3/883 896/3/838 918/3/860
f 896/3/838 941/3/883 923/3/865
f 941/3/883 368/3/310 940/3/882
f 923/3/865 942/3/884 896/3/838
f 942/3/884 923/3/865 922/3/864
f 922/3/864 940/3/882 942/3/884
f 368/3/310 942/3/884 940/3/882
f 899/3/841 896/3/838 942/3/884
f 942/3/884 368/3/310 899/3/841
f 374/3/316 922/3/864 900/3/842
f 943/3/885 899/3/841 368/3/310
f 900/3/842 944/3/886 374/3/316
f 899/3/841 943/3/885 945/3/887
f 944/3/886 945/3/887 943/3/885
f 945/3/887 946/3/888 899/3/841
f 945/3/887 944/3/886 947/3/889
f 947/3/889 946/3/888 945/3/887
f 944/3/886 900/3/842 947/3/889
f 900/3/842 948/3/890 947/3/889
f 946/3/888 947/3/889 948/3/890
f 900/3/842 949/3/891 948/3/890
f 943/3/885 950/3/892 944/3/886
f 948/3/890 950/3/892 946/3/888
f 950/3/892 943/3/885 951/3/893
f 951/3/893 946/3/888 950/3/892
f 948/3/890 351/3/293 950/3/892
f 351/3/293 944/3/886 950/3/892
f 949/3/891 351/3/293 948/3/890
f 351/3/293 374/3/316 944/3/886
f 943/3/885 359/3/301 951/3/893
f 359/3/301 946/3/888 951/3/893
f 368/3/310 359/3/301 943/3/885
f 952/3/894 899/3/841 946/3/888
f 359/3/301 952/3/894 946/3/888
f 899/3/841 952/3/894 953/3/895
f 953/3/895 886/3/828 899/3/841
f 953/3/895 952/3/894 954/3/896
f 886/3/828 953/3/895 955/3/897
f 956/3/898 953/3/895 954/3/896
f 955/3/897 957/3/899 886/3/828
f 954/3/896 957/3/899 956/3/898
f 952/3/894 957/3/899 954/3/896
f 955/3/897 953/3/895 958/3/900
f 958/3/900 957/3/899 955/3/897
f 953/3/895 956/3/898 959/3/901
f 959/3/901 958/3/900 953/3/895
f 960/3/902 956/3/898 957/3/899
f 957/3/899 958/3/900 960/3/902
f 949/3/891 959/3/901 956/3/898
f 960/3/902 949/3/891 956/3/898
f 959/3/901 888/3/830 958/3/900
f 888/3/830 960/3/902 958/3/900
f 900/3/842 888/3/830 959/3/901
f 949/3/891 900/3/842 959/3/901
f 888/3/830 961/3/903 960/3/902
f 949/3/891 960/3/902 961/3/903
f 890/3/832 961/3/903 888/3/830
f 962/3/904 886/3/828 957/3/899
f 952/3/894 962/3/904 957/3/899
f 886/3/828 962/3/904 963/3/905
f 875/3/817 886/3/828 963/3/905
f 963/3/905 962/3/904 964/3/906
f 965/3/907 963/3/905 964/3/906
f 963/3/905 965/3/907 890/3/832
f 961/3/903 890/3/832 965/3/907
f 890/3/832 966/3/908 963/3/905
f 963/3/905 966/3/908 875/3/817
f 966/3/908 890/3/832 967/3/909
f 890/3/832 870/3/812 967/3/909
f 966/3/908 968/3/910 875/3/817
f 967/3/909 968/3/910 966/3/908
f 964/3/906 968/3/910 965/3/907
f 962/3/904 968/3/910 964/3/906
f 968/3/910 967/3/909 969/3/911
f 870/3/812 969/3/911 967/3/909
f 969/3/911 965/3/907 968/3/910
f 969/3/911 961/3/903 965/3/907
f 970/3/912 875/3/817 968/3/910
f 962/3/904 970/3/912 968/3/910
f 870/3/812 971/3/913 969/3/911
f 961/3/903 969/3/911 971/3/913
f 971/3/913 870/3/812 972/3/914
f 873/3/815 972/3/914 870/3/812
f 875/3/817 970/3/912 973/3/915
f 973/3/915 974/3/916 875/3/817
f 973/3/915 970/3/912 975/3/917
f 973/3/915 975/3/917 972/3/914
f 974/3/916 973/3/915 976/3/918
f 972/3/914 976/3/918 973/3/915
f 972/3/914 975/3/917 977/3/919
f 972/3/914 977/3/919 971/3/913
f 976/3/918 972/3/914 978/3/920
f 972/3/914 873/3/815 978/3/920
f 979/3/921 974/3/916 976/3/918
f 978/3/920 979/3/921 976/3/918
f 979/3/921 977/3/919 975/3/917
f 970/3/912 979/3/921 975/3/917
f 979/3/921 978/3/920 980/3/922
f 873/3/815 980/3/922 978/3/920
f 980/3/922 977/3/919 979/3/921
f 980/3/922 971/3/913 977/3/919
f 981/3/923 974/3/916 979/3/921
f 979/3/921 970/3/912 981/3/923
f 873/3/815 982/3/924 980/3/922
f 971/3/913 980/3/922 982/3/924
f 982/3/924 873/3/815 983/3/925
f 974/3/916 981/3/923 984/3/926
f 985/3/927 983/3/925 873/3/815
f 984/3/926 986/3/928 974/3/916
f 983/3/925 985/3/927 987/3/929
f 988/3/930 987/3/929 985/3/927
f 989/3/931 983/3/925 987/3/929
f 988/3/930 989/3/931 987/3/929
f 983/3/925 989/3/931 984/3/926
f 986/3/928 984/3/926 989/3/931
f 984/3/926 990/3/932 983/3/925
f 982/3/924 983/3/925 990/3/932
f 990/3/932 984/3/926 991/3/933
f 991/3/933 984/3/926 981/3/923
f 988/3/930 982/3/924 990/3/932
f 991/3/933 992/3/934 990/3/932
f 990/3/932 992/3/934 988/3/930
f 336/3/278 321/3/263 342/3/284
f 347/3/289 342/3/284 321/3/263
f 993/3/935 336/3/278 337/3/279
f 993/3/935 338/3/280 336/3/278
f 337/3/279 335/3/277 994/3/936
f 994/3/936 335/3/277 995/3/937
f 335/3/277 332/3/274 995/3/937
f 338/3/280 994/3/936 995/3/937
f 332/3/274 337/3/279 994/3/936
f 995/3/937 996/3/938 338/3/280
f 995/3/937 332/3/274 997/3/939
f 996/3/938 995/3/937 997/3/939
f 994/3/936 996/3/938 997/3/939
f 332/3/274 994/3/936 997/3/939
f 998/3/940 996/3/938 994/3/936
f 994/3/936 338/3/280 998/3/940
f 338/3/280 993/3/935 998/3/940
f 324/3/266 338/3/280 996/3/938
f 998/3/940 324/3/266 996/3/938
f 324/3/266 998/3/940 993/3/935
f 324/3/266 993/3/935 999/3/941
f 324/3/266 999/3/941 1000/3/942
f 1001/3/943 324/3/266 1000/3/942
f 1000/3/942 999/3/941 1002/3/944
f 1002/3/944 1001/3/943 1000/3/942
f 339/3/281 1002/3/944 999/3/941
f 339/3/281 332/3/274 1002/3/944
f 332/3/274 1003/3/945 1002/3/944
f 1001/3/943 1002/3/944 1003/3/945
f 999/3/941 1004/3/946 339/3/281
f 1003/3/945 1004/3/946 1001/3/943
f 999/3/941 1005/3/947 1004/3/946
f 1005/3/947 999/3/941 993/3/935
f 1001/3/943 1004/3/946 1005/3/947
f 1006/3/948 339/3/281 1004/3/946
f 1004/3/946 1003/3/945 1006/3/948
f 1007/3/949 339/3/281 1006/3/948
f 1003/3/945 1007/3/949 1006/3/948
f 339/3/281 1007/3/949 337/3/279
f 1003/3/945 332/3/274 1008/3/950
f 1008/3/950 1007/3/949 1003/3/945
f 1009/3/951 1008/3/950 332/3/274
f 332/3/274 334/3/276 1009/3/951
f 337/3/279 443/3/385 993/3/935
f 337/3/279 1007/3/949 1010/3/952
f 443/3/385 337/3/279 434/3/376
f 1010/3/952 434/3/376 337/3/279
f 443/3/385 1011/3/953 993/3/935
f 1012/3/954 993/3/935 1011/3/953
f 1010/3/952 1012/3/954 1011/3/953
f 993/3/935 1012/3/954 1005/3/947
f 1011/3/953 1013/3/955 1010/3/952
f 1011/3/953 443/3/385 1013/3/955
f 443/3/385 1012/3/954 1013/3/955
f 1012/3/954 1010/3/952 1014/3/956
f 1010/3/952 1007/3/949 1014/3/956
f 443/3/385 1005/3/947 1012/3/954
f 1015/3/957 1010/3/952 1013/3/955
f 1013/3/955 1012/3/954 1015/3/957
f 1014/3/956 1015/3/957 1012/3/954
f 1007/3/949 1015/3/957 1014/3/956
f 434/3/376 1010/3/952 1015/3/957
f 1007/3/949 434/3/376 1015/3/957
f 1005/3/947 443/3/385 1016/3/958
f 434/3/376 1007/3/949 1017/3/959
f 1017/3/959 1007/3/949 1018/3/960
f 1007/3/949 1019/3/961 1018/3/960
f 1020/3/962 1017/3/959 1018/3/960
f 1019/3/961 1020/3/962 1018/3/960
f 1017/3/959 1020/3/962 1016/3/958
f 1005/3/947 1016/3/958 1020/3/962
f 1021/3/963 1020/3/962 1019/3/961
f 1021/3/963 1005/3/947 1020/3/962
f 1019/3/961 1007/3/949 1022/3/964
f 1016/3/958 1023/3/965 1017/3/959
f 1023/3/965 1021/3/963 1019/3/961
f 1023/3/965 1016/3/958 1024/3/966
f 1021/3/963 1023/3/965 1024/3/966
f 1016/3/958 444/3/386 1024/3/966
f 1021/3/963 1024/3/966 444/3/386
f 444/3/386 1016/3/958 443/3/385
f 436/3/378 1017/3/959 1023/3/965
f 1019/3/961 436/3/378 1023/3/965
f 1022/3/964 436/3/378 1019/3/961
f 1017/3/959 436/3/378 434/3/376
f 1005/3/947 1021/3/963 1025/3/967
f 444/3/386 1025/3/967 1021/3/963
f 434/3/376 433/3/375 443/3/385
f 1025/3/967 1026/3/968 1005/3/947
f 1027/3/969 1005/3/947 1026/3/968
f 1005/3/947 1027/3/969 1001/3/943
f 324/3/266 1001/3/943 1027/3/969
f 1027/3/969 1028/3/970 324/3/266
f 323/3/265 324/3/266 1028/3/970
f 1027/3/969 1026/3/968 1029/3/971
f 1030/3/972 1029/3/971 1026/3/968
f 1031/3/973 1030/3/972 1026/3/968
f 1026/3/968 1025/3/967 1031/3/973
f 1029/3/971 1030/3/972 1032/3/974
f 1032/3/974 1033/3/975 1029/3/971
f 1033/3/975 1027/3/969 1029/3/971
f 1033/3/975 1031/3/973 1025/3/967
f 1034/3/976 1030/3/972 1031/3/973
f 1031/3/973 1033/3/975 1034/3/976
f 1030/3/972 1008/3/950 1032/3/974
f 1033/3/975 1032/3/974 1035/3/977
f 1008/3/950 1035/3/977 1032/3/974
f 1035/3/977 1034/3/976 1033/3/975
f 1007/3/949 1008/3/950 1030/3/972
f 1030/3/972 1022/3/964 1007/3/949
f 1022/3/964 1030/3/972 1034/3/976
f 1035/3/977 1022/3/964 1034/3/976
f 1025/3/967 1036/3/978 1033/3/975
f 1027/3/969 1033/3/975 1036/3/978
f 1037/3/979 1022/3/964 1035/3/977
f 1035/3/977 1008/3/950 1037/3/979
f 1022/3/964 1037/3/979 1038/3/980
f 1038/3/980 1037/3/979 1039/3/981
f 1037/3/979 1040/3/982 1039/3/981
f 1041/3/983 1038/3/980 1039/3/981
f 1040/3/982 1041/3/983 1039/3/981
f 1038/3/980 1041/3/983 1042/3/984
f 1036/3/978 1042/3/984 1041/3/983
f 1043/3/985 1041/3/983 1040/3/982
f 1043/3/985 1036/3/978 1041/3/983
f 1037/3/979 1044/3/986 1040/3/982
f 1036/3/978 1025/3/967 1042/3/984
f 1042/3/984 1045/3/987 1038/3/980
f 1045/3/987 1043/3/985 1040/3/982
f 1045/3/987 1042/3/984 1046/3/988
f 1046/3/988 1043/3/985 1045/3/987
f 1042/3/984 1047/3/989 1046/3/988
f 1043/3/985 1046/3/988 1047/3/989
f 1047/3/989 1042/3/984 1025/3/967
f 1048/3/990 1038/3/980 1045/3/987
f 1040/3/982 1048/3/990 1045/3/987
f 1038/3/980 1048/3/990 1022/3/964
f 1044/3/986 1048/3/990 1040/3/982
f 1047/3/989 1049/3/991 1043/3/985
f 1049/3/991 1036/3/978 1043/3/985
f 1025/3/967 1050/3/992 1047/3/989
f 1050/3/992 1025/3/967 1051/3/993
f 1025/3/967 1052/3/994 1051/3/993
f 1025/3/967 444/3/386 1052/3/994
f 1053/3/995 1050/3/992 1051/3/993
f 1052/3/994 1053/3/995 1051/3/993
f 1050/3/992 1053/3/995 1054/3/996
f 1022/3/964 1054/3/996 1053/3/995
f 1054/3/996 1022/3/964 1048/3/990
f 1055/3/997 1022/3/964 1053/3/995
f 1053/3/995 1052/3/994 1055/3/997
f 436/3/378 1022/3/964 1055/3/997
f 1052/3/994 1056/3/998 1055/3/997
f 1056/3/998 1050/3/992 1054/3/996
f 1056/3/998 1052/3/994 1057/3/999
f 1057/3/999 1050/3/992 1056/3/998
f 1052/3/994 449/3/391 1057/3/999
f 1050/3/992 1057/3/999 449/3/391
f 449/3/391 1052/3/994 444/3/386
f 449/3/391 1047/3/989 1050/3/992
f 453/3/395 1055/3/997 1056/3/998
f 1054/3/996 453/3/395 1056/3/998
f 1055/3/997 453/3/395 436/3/378
f 1048/3/990 453/3/395 1054/3/996
f 1047/3/989 449/3/391 1058/3/1000
f 453/3/395 1048/3/990 1059/3/1001
f 450/3/392 436/3/378 453/3/395
f 1059/3/1001 1048/3/990 1060/3/1002
f 1059/3/1001 1060/3/1002 1058/3/1000
f 1048/3/990 1061/3/1003 1060/3/1002
f 1061/3/1003 1062/3/1004 1060/3/1002
f 1058/3/1000 1060/3/1002 1062/3/1004
f 1047/3/989 1058/3/1000 1062/3/1004
f 1063/3/1005 1047/3/989 1062/3/1004
f 1062/3/1004 1061/3/1003 1063/3/1005
f 1047/3/989 1063/3/1005 1064/3/1006
f 1058/3/1000 1065/3/1007 1059/3/1001
f 1061/3/1003 1065/3/1007 1063/3/1005
f 1058/3/1000 458/3/400 1065/3/1007
f 1063/3/1005 1065/3/1007 458/3/400
f 458/3/400 1064/3/1006 1063/3/1005
f 1066/3/1008 1059/3/1001 1065/3/1007
f 1065/3/1007 1061/3/1003 1066/3/1008
f 461/3/403 1059/3/1001 1066/3/1008
f 1061/3/1003 461/3/403 1066/3/1008
f 461/3/403 453/3/395 1059/3/1001
f 458/3/400 1058/3/1000 449/3/391
f 1067/3/1009 461/3/403 1061/3/1003
f 1061/3/1003 1048/3/990 1067/3/1009
f 1067/3/1009 1048/3/990 1068/3/1010
f 1048/3/990 1044/3/986 1068/3/1010
f 1067/3/1009 1068/3/1010 1069/3/1011
f 1068/3/1010 1044/3/986 1070/3/1012
f 1068/3/1010 1071/3/1013 1069/3/1011
f 1072/3/1014 1068/3/1010 1070/3/1012
f 1071/3/1013 1073/3/1015 1069/3/1011
f 1073/3/1015 1067/3/1009 1069/3/1011
f 1073/3/1015 1072/3/1014 1070/3/1012
f 1044/3/986 1073/3/1015 1070/3/1012
f 1068/3/1010 1072/3/1014 1074/3/1016
f 1074/3/1016 1071/3/1013 1068/3/1010
f 1075/3/1017 1072/3/1014 1073/3/1015
f 1073/3/1015 1071/3/1013 1075/3/1017
f 1049/3/991 1074/3/1016 1072/3/1014
f 1075/3/1017 1049/3/991 1072/3/1014
f 1074/3/1016 1064/3/1006 1071/3/1013
f 1075/3/1017 1071/3/1013 1064/3/1006
f 1049/3/991 1047/3/989 1074/3/1016
f 1064/3/1006 1074/3/1016 1047/3/989
f 1076/3/1018 1049/3/991 1075/3/1017
f 1064/3/1006 1076/3/1018 1075/3/1017
f 1073/3/1015 1044/3/986 1077/3/1019
f 1077/3/1019 1067/3/1009 1073/3/1015
f 1077/3/1019 1044/3/986 1078/3/1020
f 1077/3/1019 1078/3/1020 1079/3/1021
f 1078/3/1020 1080/3/1022 1079/3/1021
f 1081/3/1023 1077/3/1019 1079/3/1021
f 1080/3/1022 1081/3/1023 1079/3/1021
f 1080/3/1022 1078/3/1020 1082/3/1024
f 1082/3/1024 1076/3/1018 1080/3/1022
f 1081/3/1023 1080/3/1022 1083/3/1025
f 1083/3/1025 1080/3/1022 1076/3/1018
f 1076/3/1018 1082/3/1024 1049/3/991
f 1084/3/1026 1082/3/1024 1078/3/1020
f 1078/3/1020 1085/3/1027 1084/3/1026
f 1044/3/986 1085/3/1027 1078/3/1020
f 1085/3/1027 1081/3/1023 1084/3/1026
f 1082/3/1024 1084/3/1026 1086/3/1028
f 1081/3/1023 1086/3/1028 1084/3/1026
f 1083/3/1025 1086/3/1028 1081/3/1023
f 1087/3/1029 1082/3/1024 1086/3/1028
f 1083/3/1025 1087/3/1029 1086/3/1028
f 1087/3/1029 1049/3/991 1082/3/1024
f 1076/3/1018 1088/3/1030 1083/3/1025
f 1088/3/1030 1087/3/1029 1083/3/1025
f 1081/3/1023 1085/3/1027 1089/3/1031
f 1089/3/1031 1077/3/1019 1081/3/1023
f 1049/3/991 1087/3/1029 1090/3/1032
f 1090/3/1032 1091/3/1033 1049/3/991
f 1092/3/1034 1049/3/991 1091/3/1033
f 1049/3/991 1092/3/1034 1036/3/978
f 1093/3/1035 1091/3/1033 1090/3/1032
f 1094/3/1036 1092/3/1034 1091/3/1033
f 1091/3/1033 1093/3/1035 1094/3/1036
f 1093/3/1035 1044/3/986 1094/3/1036
f 1085/3/1027 1044/3/986 1093/3/1035
f 1044/3/986 1095/3/1037 1094/3/1036
f 1092/3/1034 1094/3/1036 1095/3/1037
f 1044/3/986 1037/3/979 1095/3/1037
f 1095/3/1037 1096/3/1038 1092/3/1034
f 1090/3/1032 1096/3/1038 1093/3/1035
f 1095/3/1037 1097/3/1039 1096/3/1038
f 1097/3/1039 1093/3/1035 1096/3/1038
f 1037/3/979 1097/3/1039 1095/3/1037
f 1093/3/1035 1097/3/1039 1085/3/1027
f 1098/3/1040 1092/3/1034 1096/3/1038
f 1096/3/1038 1090/3/1032 1098/3/1040
f 1099/3/1041 1092/3/1034 1098/3/1040
f 1090/3/1032 1099/3/1041 1098/3/1040
f 1099/3/1041 1036/3/978 1092/3/1034
f 1099/3/1041 1090/3/1032 1087/3/1029
f 1036/3/978 1099/3/1041 1100/3/1042
f 1100/3/1042 1101/3/1043 1036/3/978
f 1102/3/1044 1036/3/978 1101/3/1043
f 1036/3/978 1102/3/1044 1027/3/969
f 1103/3/1045 1101/3/1043 1100/3/1042
f 1101/3/1043 1103/3/1045 1104/3/1046
f 1105/3/1047 1101/3/1043 1104/3/1046
f 1102/3/1044 1101/3/1043 1105/3/1047
f 1103/3/1045 1037/3/979 1104/3/1046
f 1037/3/979 1105/3/1047 1104/3/1046
f 1097/3/1039 1037/3/979 1103/3/1045
f 1105/3/1047 1037/3/979 1008/3/950
f 1100/3/1042 1106/3/1048 1103/3/1045
f 1105/3/1047 1106/3/1048 1102/3/1044
f 1106/3/1048 1100/3/1042 1107/3/1049
f 1107/3/1049 1102/3/1044 1106/3/1048
f 1105/3/1047 1108/3/1050 1106/3/1048
f 1108/3/1050 1103/3/1045 1106/3/1048
f 1008/3/950 1108/3/1050 1105/3/1047
f 1103/3/1045 1108/3/1050 1097/3/1039
f 1100/3/1042 1109/3/1051 1107/3/1049
f 1109/3/1051 1102/3/1044 1107/3/1049
f 1109/3/1051 1027/3/969 1102/3/1044
f 1109/3/1051 1100/3/1042 1099/3/1041
f 1027/3/969 1109/3/1051 1110/3/1052
f 1110/3/1052 1111/3/1053 1027/3/969
f 1028/3/970 1027/3/969 1111/3/1053
f 1112/3/1054 1111/3/1053 1110/3/1052
f 1028/3/970 1111/3/1053 1009/3/951
f 1111/3/1053 1112/3/1054 1113/3/1055
f 1009/3/951 1111/3/1053 1113/3/1055
f 1008/3/950 1009/3/951 1113/3/1055
f 1112/3/1054 1008/3/950 1113/3/1055
f 1108/3/1050 1008/3/950 1112/3/1054
f 1009/3/951 1114/3/1056 1028/3/970
f 1110/3/1052 1114/3/1056 1112/3/1054
f 1114/3/1056 1009/3/951 1115/3/1057
f 1115/3/1057 1112/3/1054 1114/3/1056
f 1009/3/951 334/3/276 1115/3/1057
f 334/3/276 1112/3/1054 1115/3/1057
f 1112/3/1054 334/3/276 1108/3/1050
f 1116/3/1058 962/3/904 1117/3/1059
f 961/3/903 1118/3/1060 1119/3/1061
f 1120/3/1062 1117/3/1059 962/3/904
f 962/3/904 1121/3/1063 1120/3/1062
f 1121/3/1063 962/3/904 952/3/894
f 1122/3/1064 1117/3/1059 1120/3/1062
f 961/3/903 1119/3/1061 1122/3/1064
f 1117/3/1059 1122/3/1064 1119/3/1061
f 1123/3/1065 961/3/903 1122/3/1064
f 1120/3/1062 1123/3/1065 1122/3/1064
f 1123/3/1065 1120/3/1062 1121/3/1063
f 949/3/891 961/3/903 1123/3/1065
f 1124/3/1066 1117/3/1059 1119/3/1061
f 1121/3/1063 1124/3/1066 1123/3/1065
f 1117/3/1059 1124/3/1066 1125/3/1067
f 1124/3/1066 1121/3/1063 1125/3/1067
f 1126/3/1068 1117/3/1059 1125/3/1067
f 1121/3/1063 1126/3/1068 1125/3/1067
f 1126/3/1068 1116/3/1058 1117/3/1059
f 952/3/894 1126/3/1068 1121/3/1063
f 1119/3/1061 350/3/292 1124/3/1066
f 350/3/292 1123/3/1065 1124/3/1066
f 350/3/292 949/3/891 1123/3/1065
f 1118/3/1060 350/3/292 1119/3/1061
f 949/3/891 350/3/292 349/3/291
f 1126/3/1068 952/3/894 1127/3/1069
f 1128/3/1070 1127/3/1069 952/3/894
f 1129/3/1071 1128/3/1070 952/3/894
f 952/3/894 359/3/301 1129/3/1071
f 1130/3/1072 1127/3/1069 1128/3/1070
f 1128/3/1070 1129/3/1071 1130/3/1072
f 1127/3/1069 1130/3/1072 349/3/291
f 949/3/891 349/3/291 1130/3/1072
f 1131/3/1073 949/3/891 1130/3/1072
f 1131/3/1073 1130/3/1072 1129/3/1071
f 351/3/293 949/3/891 1131/3/1073
f 1129/3/1071 1132/3/1074 1131/3/1073
f 349/3/291 1132/3/1074 1127/3/1069
f 1129/3/1071 366/3/308 1132/3/1074
f 366/3/308 1127/3/1069 1132/3/1074
f 359/3/301 366/3/308 1129/3/1071
f 1127/3/1069 366/3/308 1126/3/1068
f 1133/3/1075 1131/3/1073 1132/3/1074
f 1132/3/1074 349/3/291 1133/3/1075
f 348/3/290 1131/3/1073 1133/3/1075
f 349/3/291 348/3/290 1133/3/1075
f 348/3/290 351/3/293 1131/3/1073
f 517/3/459 515/3/457 1134/3/1076
f 520/3/462 1076/3/1018 1135/3/1077
f 1135/3/1077 1076/3/1018 1136/3/1078
f 1076/3/1018 1137/3/1079 1136/3/1078
f 1135/3/1077 1136/3/1078 1138/3/1080
f 1138/3/1080 1077/3/1019 515/3/457
f 1076/3/1018 1064/3/1006 1137/3/1079
f 1138/3/1080 1136/3/1078 1139/3/1081
f 1136/3/1078 1137/3/1079 1139/3/1081
f 1077/3/1019 1138/3/1080 1139/3/1081
f 1140/3/1082 1077/3/1019 1139/3/1081
f 1139/3/1081 1137/3/1079 1140/3/1082
f 1067/3/1009 1077/3/1019 1140/3/1082
f 1141/3/1083 1137/3/1079 1064/3/1006
f 1137/3/1079 1142/3/1084 1140/3/1082
f 1137/3/1079 1141/3/1083 1142/3/1084
f 1138/3/1080 1142/3/1084 1135/3/1077
f 1135/3/1077 1142/3/1084 1141/3/1083
f 1142/3/1084 1138/3/1080 1143/3/1085
f 1140/3/1082 1142/3/1084 1143/3/1085
f 1141/3/1083 520/3/462 1135/3/1077
f 1144/3/1086 1140/3/1082 1143/3/1085
f 1138/3/1080 1144/3/1086 1143/3/1085
f 1144/3/1086 1067/3/1009 1140/3/1082
f 515/3/457 1144/3/1086 1138/3/1080
f 1145/3/1087 1067/3/1009 1144/3/1086
f 1067/3/1009 1145/3/1087 1146/3/1088
f 1147/3/1089 1067/3/1009 1146/3/1088
f 1148/3/1090 1147/3/1089 1146/3/1088
f 1145/3/1087 1148/3/1090 1146/3/1088
f 1147/3/1089 1148/3/1090 1149/3/1091
f 1064/3/1006 1149/3/1091 1148/3/1090
f 1150/3/1092 1064/3/1006 1148/3/1090
f 1148/3/1090 1145/3/1087 1150/3/1092
f 1141/3/1083 1064/3/1006 1150/3/1092
f 1149/3/1091 1151/3/1093 1147/3/1089
f 1150/3/1092 1145/3/1087 1151/3/1093
f 1152/3/1094 1147/3/1089 1151/3/1093
f 1151/3/1093 1145/3/1087 1152/3/1094
f 1144/3/1086 1152/3/1094 1145/3/1087
f 1151/3/1093 1149/3/1091 1153/3/1095
f 1153/3/1095 1150/3/1092 1151/3/1093
f 1149/3/1091 1154/3/1096 1153/3/1095
f 1154/3/1096 1150/3/1092 1153/3/1095
f 1154/3/1096 1141/3/1083 1150/3/1092
f 1152/3/1094 1144/3/1086 1155/3/1097
f 1141/3/1083 1154/3/1096 1156/3/1098
f 1157/3/1099 1156/3/1098 1154/3/1096
f 1155/3/1097 1144/3/1086 1158/3/1100
f 1144/3/1086 1159/3/1101 1158/3/1100
f 1160/3/1102 1155/3/1097 1158/3/1100
f 1158/3/1100 1159/3/1101 1160/3/1102
f 1155/3/1097 1160/3/1102 1156/3/1098
f 1156/3/1098 1160/3/1102 1141/3/1083
f 1156/3/1098 1161/3/1103 1155/3/1097
f 1162/3/1104 1141/3/1083 1160/3/1102
f 1162/3/1104 1160/3/1102 1159/3/1101
f 1161/3/1103 1162/3/1104 1159/3/1101
f 1161/3/1103 1156/3/1098 1163/3/1105
f 1156/3/1098 1157/3/1099 1163/3/1105
f 1163/3/1105 1162/3/1104 1161/3/1103
f 1157/3/1099 1162/3/1104 1163/3/1105
f 1164/3/1106 1155/3/1097 1161/3/1103
f 1161/3/1103 1159/3/1101 1164/3/1106
f 1157/3/1099 855/3/797 1162/3/1104
f 855/3/797 1141/3/1083 1162/3/1104
f 858/3/800 1164/3/1106 1159/3/1101
f 1144/3/1086 858/3/800 1159/3/1101
f 855/3/797 864/3/806 1141/3/1083
f 863/3/805 858/3/800 1144/3/1086
f 520/3/462 1141/3/1083 864/3/806
f 1144/3/1086 515/3/457 863/3/805
f 1164/3/1106 858/3/800 1165/3/1107
f 1165/3/1107 1166/3/1108 1164/3/1106
f 1165/3/1107 858/3/800 1167/3/1109
f 1166/3/1108 1165/3/1107 1168/3/1110
f 1165/3/1107 1167/3/1109 1169/3/1111
f 1169/3/1111 1168/3/1110 1165/3/1107
f 1170/3/1112 1166/3/1108 1168/3/1110
f 858/3/800 1170/3/1112 1167/3/1109
f 1168/3/1110 1169/3/1111 1171/3/1113
f 1170/3/1112 1168/3/1110 1172/3/1114
f 1171/3/1113 1172/3/1114 1168/3/1110
f 1172/3/1114 1167/3/1109 1170/3/1112
f 848/3/790 1166/3/1108 1170/3/1112
f 1170/3/1112 858/3/800 848/3/790
f 1167/3/1109 1172/3/1114 1173/3/1115
f 1173/3/1115 1169/3/1111 1167/3/1109
f 1174/3/1116 1172/3/1114 1171/3/1113
f 1169/3/1111 1174/3/1116 1171/3/1113
f 1174/3/1116 1169/3/1111 1157/3/1099
f 855/3/797 1157/3/1099 1169/3/1111
f 1169/3/1111 1173/3/1115 855/3/797
f 1172/3/1114 855/3/797 1173/3/1115
f 1174/3/1116 844/3/786 1172/3/1114
f 855/3/797 1172/3/1114 844/3/786
f 844/3/786 1174/3/1116 1175/3/1117
f 1174/3/1116 1176/3/1118 1175/3/1117
f 1175/3/1117 1177/3/1119 844/3/786
f 1177/3/1119 1175/3/1117 1178/3/1120
f 1179/3/1121 844/3/786 1177/3/1119
f 1178/3/1120 1179/3/1121 1177/3/1119
f 1178/3/1120 1175/3/1117 1180/3/1122
f 1175/3/1117 1176/3/1118 1181/3/1123
f 1175/3/1117 1181/3/1123 1180/3/1122
f 1176/3/1118 1179/3/1121 1181/3/1123
f 1179/3/1121 1178/3/1120 1182/3/1124
f 1182/3/1124 1181/3/1123 1179/3/1121
f 1176/3/1118 839/3/781 1179/3/1121
f 844/3/786 1179/3/1121 839/3/781
f 1181/3/1123 1182/3/1124 1183/3/1125
f 1183/3/1125 1180/3/1122 1181/3/1123
f 848/3/790 1182/3/1124 1178/3/1120
f 1180/3/1122 848/3/790 1178/3/1120
f 1183/3/1125 1182/3/1124 1184/3/1126
f 1184/3/1126 1180/3/1122 1183/3/1125
f 1184/3/1126 1166/3/1108 1180/3/1122
f 1166/3/1108 848/3/790 1180/3/1122
f 834/3/776 1184/3/1126 1182/3/1124
f 1182/3/1124 848/3/790 834/3/776
f 1184/3/1126 834/3/776 1185/3/1127
f 1186/3/1128 1184/3/1126 1185/3/1127
f 1185/3/1127 834/3/776 1187/3/1129
f 1186/3/1128 1185/3/1127 1188/3/1130
f 1189/3/1131 1188/3/1130 1185/3/1127
f 1185/3/1127 1187/3/1129 1189/3/1131
f 1190/3/1132 1186/3/1128 1188/3/1130
f 834/3/776 1190/3/1132 1187/3/1129
f 1191/3/1133 1189/3/1131 1187/3/1129
f 1187/3/1129 1192/3/1134 1191/3/1133
f 1192/3/1134 1187/3/1129 1190/3/1132
f 1193/3/1135 1190/3/1132 1188/3/1130
f 1188/3/1130 1189/3/1131 1193/3/1135
f 1190/3/1132 1193/3/1135 1192/3/1134
f 509/3/451 1186/3/1128 1190/3/1132
f 834/3/776 509/3/451 1190/3/1132
f 1189/3/1131 1191/3/1133 839/3/781
f 1192/3/1134 839/3/781 1191/3/1133
f 1189/3/1131 1194/3/1136 1193/3/1135
f 1194/3/1136 1192/3/1134 1193/3/1135
f 1176/3/1118 1194/3/1136 1189/3/1131
f 839/3/781 1176/3/1118 1189/3/1131
f 1194/3/1136 506/3/448 1192/3/1134
f 839/3/781 1192/3/1134 506/3/448
f 506/3/448 1194/3/1136 1195/3/1137
f 1194/3/1136 1196/3/1138 1195/3/1137
f 1195/3/1137 1197/3/1139 506/3/448
f 1198/3/1140 1197/3/1139 1195/3/1137
f 1186/3/1128 509/3/451 1198/3/1140
f 1198/3/1140 1199/3/1141 1186/3/1128
f 1195/3/1137 1200/3/1142 1198/3/1140
f 1195/3/1137 1196/3/1138 1200/3/1142
f 1201/3/1143 1198/3/1140 1200/3/1142
f 1199/3/1141 1198/3/1140 1201/3/1143
f 1200/3/1142 1202/3/1144 1201/3/1143
f 1202/3/1144 1199/3/1141 1201/3/1143
f 1196/3/1138 1203/3/1145 1200/3/1142
f 1202/3/1144 1200/3/1142 1203/3/1145
f 1197/3/1139 1198/3/1140 1204/3/1146
f 1204/3/1146 1198/3/1140 509/3/451
f 1204/3/1146 1203/3/1145 1197/3/1139
f 1203/3/1145 1204/3/1146 1202/3/1144
f 509/3/451 1202/3/1144 1204/3/1146
f 1203/3/1145 506/3/448 1197/3/1139
f 496/3/438 1199/3/1141 1202/3/1144
f 509/3/451 496/3/438 1202/3/1144
f 1196/3/1138 499/3/441 1203/3/1145
f 499/3/441 506/3/448 1203/3/1145
f 499/3/441 1196/3/1138 1205/3/1147
f 1196/3/1138 762/3/704 1205/3/1147
f 1199/3/1141 496/3/438 1206/3/1148
f 766/3/708 1199/3/1141 1206/3/1148
f 1205/3/1147 1207/3/1149 499/3/441
f 1206/3/1148 1207/3/1149 1205/3/1147
f 1205/3/1147 762/3/704 1208/3/1150
f 1205/3/1147 1208/3/1150 1206/3/1148
f 762/3/704 763/3/705 1208/3/1150
f 763/3/705 499/3/441 1207/3/1149
f 1209/3/1151 1206/3/1148 1208/3/1150
f 763/3/705 1209/3/1151 1208/3/1150
f 766/3/708 1206/3/1148 1209/3/1151
f 1207/3/1149 1206/3/1148 1210/3/1152
f 1210/3/1152 763/3/705 1207/3/1149
f 1210/3/1152 1206/3/1148 496/3/438
f 1211/3/1153 1209/3/1151 763/3/705
f 1211/3/1153 766/3/708 1209/3/1151
f 763/3/705 1210/3/1152 1211/3/1153
f 496/3/438 1211/3/1153 1210/3/1152
f 493/3/435 766/3/708 1211/3/1153
f 1211/3/1153 496/3/438 493/3/435
f 1212/3/1154 1213/3/1155 533/3/475
f 1213/3/1155 1212/3/1154 1214/3/1156
f 1215/3/1157 1213/3/1155 1214/3/1156
f 1089/3/1031 1213/3/1155 1215/3/1157
f 1212/3/1154 1216/3/1158 1214/3/1156
f 1216/3/1158 1215/3/1157 1214/3/1156
f 1217/3/1159 1218/3/1160 1216/3/1158
f 1217/3/1159 1216/3/1158 1212/3/1154
f 537/3/479 1218/3/1160 1217/3/1159
f 1218/3/1160 1219/3/1161 1216/3/1158
f 1215/3/1157 1216/3/1158 1219/3/1161
f 1218/3/1160 1088/3/1030 1219/3/1161
f 1219/3/1161 1220/3/1162 1215/3/1157
f 1212/3/1154 1220/3/1162 1217/3/1159
f 1219/3/1161 521/3/463 1220/3/1162
f 1217/3/1159 1220/3/1162 521/3/463
f 521/3/463 1219/3/1161 1088/3/1030
f 521/3/463 537/3/479 1217/3/1159
f 1215/3/1157 1220/3/1162 1221/3/1163
f 1220/3/1162 1212/3/1154 1221/3/1163
f 517/3/459 1215/3/1157 1221/3/1163
f 1212/3/1154 517/3/459 1221/3/1163
f 517/3/459 1089/3/1031 1215/3/1157
f 533/3/475 517/3/459 1212/3/1154
f 1134/3/1076 1089/3/1031 517/3/459
f 1089/3/1031 1134/3/1076 1222/3/1164
f 1223/3/1165 1089/3/1031 1222/3/1164
f 1077/3/1019 1089/3/1031 1223/3/1165
f 1224/3/1166 1222/3/1164 1134/3/1076
f 1222/3/1164 1224/3/1166 1225/3/1167
f 1222/3/1164 1226/3/1168 1223/3/1165
f 1225/3/1167 1226/3/1168 1222/3/1164
f 1224/3/1166 1088/3/1030 1225/3/1167
f 1088/3/1030 1226/3/1168 1225/3/1167
f 1088/3/1030 1224/3/1166 521/3/463
f 1088/3/1030 1076/3/1018 1226/3/1168
f 1227/3/1169 1224/3/1166 1134/3/1076
f 1226/3/1168 1227/3/1169 1223/3/1165
f 1228/3/1170 1224/3/1166 1227/3/1169
f 1227/3/1169 1226/3/1168 1228/3/1170
f 520/3/462 1224/3/1166 1228/3/1170
f 1226/3/1168 520/3/462 1228/3/1170
f 1224/3/1166 520/3/462 521/3/463
f 520/3/462 1226/3/1168 1076/3/1018
f 1134/3/1076 515/3/457 1227/3/1169
f 515/3/457 1223/3/1165 1227/3/1169
f 1223/3/1165 515/3/457 1077/3/1019
f 989/3/931 988/3/930 992/3/934
f 992/3/934 986/3/928 989/3/931
f 981/3/923 992/3/934 991/3/933
f 1229/3/1171 986/3/928 992/3/934
f 981/3/923 1229/3/1171 992/3/934
f 985/3/927 1230/3/1172 988/3/930
f 982/3/924 988/3/930 1230/3/1172
f 1230/3/1172 985/3/927 1231/3/1173
f 1232/3/1174 1231/3/1173 985/3/927
f 986/3/928 1229/3/1171 1233/3/1175
f 1234/3/1176 986/3/928 1233/3/1175
f 1235/3/1177 1233/3/1175 1229/3/1171
f 1234/3/1176 1233/3/1175 1236/3/1178
f 1237/3/1179 1233/3/1175 1235/3/1177
f 1233/3/1175 1237/3/1179 1231/3/1173
f 1230/3/1172 1231/3/1173 1237/3/1179
f 1238/3/1180 1233/3/1175 1231/3/1173
f 1233/3/1175 1238/3/1180 1236/3/1178
f 1231/3/1173 1232/3/1174 1238/3/1180
f 1235/3/1177 1239/3/1181 1237/3/1179
f 1238/3/1180 1239/3/1181 1236/3/1178
f 1229/3/1171 1239/3/1181 1235/3/1177
f 1239/3/1181 1234/3/1176 1236/3/1178
f 1239/3/1181 1238/3/1180 1240/3/1182
f 1237/3/1179 1239/3/1181 1240/3/1182
f 1240/3/1182 1238/3/1180 1232/3/1174
f 1240/3/1182 1230/3/1172 1237/3/1179
f 1232/3/1174 1241/3/1183 1240/3/1182
f 1230/3/1172 1240/3/1182 1241/3/1183
f 1242/3/1184 1234/3/1176 1239/3/1181
f 1239/3/1181 1229/3/1171 1242/3/1184
f 1234/3/1176 1242/3/1184 1243/3/1185
f 1241/3/1183 1232/3/1174 1244/3/1186
f 1245/3/1187 1242/3/1184 1229/3/1171
f 1241/3/1183 1246/3/1188 1230/3/1172
f 1242/3/1184 1245/3/1187 1247/3/1189
f 1246/3/1188 1247/3/1189 1245/3/1187
f 1248/3/1190 1242/3/1184 1247/3/1189
f 1247/3/1189 1246/3/1188 1249/3/1191
f 1249/3/1191 1248/3/1190 1247/3/1189
f 1246/3/1188 1241/3/1183 1249/3/1191
f 1248/3/1190 1249/3/1191 1250/3/1192
f 1241/3/1183 1250/3/1192 1249/3/1191
f 1245/3/1187 1251/3/1193 1246/3/1188
f 1250/3/1192 1251/3/1193 1248/3/1190
f 1251/3/1193 1245/3/1187 1252/3/1194
f 1248/3/1190 1251/3/1193 1252/3/1194
f 1252/3/1194 1245/3/1187 1253/3/1195
f 1253/3/1195 1248/3/1190 1252/3/1194
f 1229/3/1171 1253/3/1195 1245/3/1187
f 1254/3/1196 1246/3/1188 1251/3/1193
f 1250/3/1192 1254/3/1196 1251/3/1193
f 1254/3/1196 1230/3/1172 1246/3/1188
f 1241/3/1183 1255/3/1197 1250/3/1192
f 1254/3/1196 1250/3/1192 1255/3/1197
f 1253/3/1195 1229/3/1171 1256/3/1198
f 1230/3/1172 1254/3/1196 1257/3/1199
f 1230/3/1172 1257/3/1199 1258/3/1200
f 1259/3/1201 1230/3/1172 1258/3/1200
f 982/3/924 1230/3/1172 1259/3/1201
f 1257/3/1199 1260/3/1202 1258/3/1200
f 1260/3/1202 1259/3/1201 1258/3/1200
f 1260/3/1202 1257/3/1199 1256/3/1198
f 1256/3/1198 1229/3/1171 1260/3/1202
f 1229/3/1171 1261/3/1203 1260/3/1202
f 1259/3/1201 1260/3/1202 1261/3/1203
f 1229/3/1171 981/3/923 1261/3/1203
f 1261/3/1203 1262/3/1204 1259/3/1201
f 1257/3/1199 1262/3/1204 1256/3/1198
f 1262/3/1204 1261/3/1203 1263/3/1205
f 1256/3/1198 1262/3/1204 1263/3/1205
f 1257/3/1199 1264/3/1206 1262/3/1204
f 1259/3/1201 1262/3/1204 1264/3/1206
f 1264/3/1206 1257/3/1199 1254/3/1196
f 1264/3/1206 982/3/924 1259/3/1201
f 1261/3/1203 1265/3/1207 1263/3/1205
f 1265/3/1207 1256/3/1198 1263/3/1205
f 981/3/923 1265/3/1207 1261/3/1203
f 1256/3/1198 1265/3/1207 1253/3/1195
f 1265/3/1207 981/3/923 1266/3/1208
f 1266/3/1208 981/3/923 1267/3/1209
f 981/3/923 1268/3/1210 1267/3/1209
f 1268/3/1210 981/3/923 970/3/912
f 1269/3/1211 1266/3/1208 1267/3/1209
f 1268/3/1210 1269/3/1211 1267/3/1209
f 1266/3/1208 1269/3/1211 1270/3/1212
f 982/3/924 1270/3/1212 1269/3/1211
f 982/3/924 1264/3/1206 1270/3/1212
f 1271/3/1213 982/3/924 1269/3/1211
f 1269/3/1211 1268/3/1210 1271/3/1213
f 971/3/913 982/3/924 1271/3/1213
f 1270/3/1212 1272/3/1214 1266/3/1208
f 1268/3/1210 1272/3/1214 1271/3/1213
f 1270/3/1212 1273/3/1215 1272/3/1214
f 1273/3/1215 1271/3/1213 1272/3/1214
f 1273/3/1215 1270/3/1212 1264/3/1206
f 1271/3/1213 1273/3/1215 971/3/913
f 1274/3/1216 1266/3/1208 1272/3/1214
f 1272/3/1214 1268/3/1210 1274/3/1216
f 1275/3/1217 1266/3/1208 1274/3/1216
f 1268/3/1210 1275/3/1217 1274/3/1216
f 1275/3/1217 1265/3/1207 1266/3/1208
f 970/3/912 1275/3/1217 1268/3/1210
f 971/3/913 1273/3/1215 1276/3/1218
f 971/3/913 1276/3/1218 1277/3/1219
f 1278/3/1220 971/3/913 1277/3/1219
f 971/3/913 1278/3/1220 961/3/903
f 1277/3/1219 1276/3/1218 1279/3/1221
f 1279/3/1221 1278/3/1220 1277/3/1219
f 1280/3/1222 970/3/912 1279/3/1221
f 1280/3/1222 1279/3/1221 1276/3/1218
f 1275/3/1217 970/3/912 1280/3/1222
f 970/3/912 1281/3/1223 1279/3/1221
f 1278/3/1220 1279/3/1221 1281/3/1223
f 1281/3/1223 970/3/912 962/3/904
f 1281/3/1223 1282/3/1224 1278/3/1220
f 1276/3/1218 1282/3/1224 1280/3/1222
f 1281/3/1223 1116/3/1058 1282/3/1224
f 1116/3/1058 1280/3/1222 1282/3/1224
f 962/3/904 1116/3/1058 1281/3/1223
f 1280/3/1222 1116/3/1058 1275/3/1217
f 1283/3/1225 1278/3/1220 1282/3/1224
f 1282/3/1224 1276/3/1218 1283/3/1225
f 1118/3/1060 1278/3/1220 1283/3/1225
f 1276/3/1218 1118/3/1060 1283/3/1225
f 1278/3/1220 1118/3/1060 961/3/903
f 1118/3/1060 1276/3/1218 1273/3/1215
f 1154/3/1096 458/3/400 469/3/411
f 362/3/304 1154/3/1096 469/3/411
f 1152/3/1094 364/3/306 466/3/408
f 461/3/403 1152/3/1094 466/3/408
f 364/3/306 1152/3/1094 1284/3/1226
f 366/3/308 364/3/306 1284/3/1226
f 1152/3/1094 461/3/403 1147/3/1089
f 461/3/403 1067/3/1009 1147/3/1089
f 1154/3/1096 362/3/304 1285/3/1227
f 362/3/304 348/3/290 1285/3/1227
f 458/3/400 1154/3/1096 1149/3/1091
f 1064/3/1006 458/3/400 1149/3/1091
f 1285/3/1227 348/3/290 1286/3/1228
f 1285/3/1227 1286/3/1228 1284/3/1226
f 348/3/290 1287/3/1229 1286/3/1228
f 1284/3/1226 1288/3/1230 1285/3/1227
f 1285/3/1227 1288/3/1230 1154/3/1096
f 1284/3/1226 1286/3/1228 1289/3/1231
f 1287/3/1229 1154/3/1096 1288/3/1230
f 1288/3/1230 1284/3/1226 1290/3/1232
f 348/3/290 1157/3/1099 1287/3/1229
f 1154/3/1096 1287/3/1229 1157/3/1099
f 1287/3/1229 1288/3/1230 1291/3/1233
f 1291/3/1233 1286/3/1228 1287/3/1229
f 1290/3/1232 1291/3/1233 1288/3/1230
f 1286/3/1228 1291/3/1233 1289/3/1231
f 1284/3/1226 1152/3/1094 1290/3/1232
f 1152/3/1094 1291/3/1233 1290/3/1232
f 366/3/308 1284/3/1226 1289/3/1231
f 1289/3/1231 1291/3/1233 366/3/308
f 1164/3/1106 366/3/308 1291/3/1233
f 1152/3/1094 1164/3/1106 1291/3/1233
f 366/3/308 1164/3/1106 1292/3/1234
f 1126/3/1068 366/3/308 1292/3/1234
f 1164/3/1106 1152/3/1094 1155/3/1097
f 1126/3/1068 1292/3/1234 1293/3/1235
f 1293/3/1235 1294/3/1236 1126/3/1068
f 1295/3/1237 1293/3/1235 1292/3/1234
f 1295/3/1237 1294/3/1236 1293/3/1235
f 353/3/295 1295/3/1237 1292/3/1234
f 1294/3/1236 1295/3/1237 1296/3/1238
f 353/3/295 350/3/292 1295/3/1237
f 350/3/292 1296/3/1238 1295/3/1237
f 1292/3/1234 1297/3/1239 353/3/295
f 1292/3/1234 1164/3/1106 1297/3/1239
f 1164/3/1106 1294/3/1236 1297/3/1239
f 1296/3/1238 1297/3/1239 1294/3/1236
f 1298/3/1240 353/3/295 1297/3/1239
f 1297/3/1239 1296/3/1238 1298/3/1240
f 353/3/295 1298/3/1240 1157/3/1099
f 1296/3/1238 1157/3/1099 1298/3/1240
f 1157/3/1099 348/3/290 353/3/295
f 350/3/292 1174/3/1116 1296/3/1238
f 1157/3/1099 1296/3/1238 1174/3/1116
f 1299/3/1241 1174/3/1116 350/3/292
f 1118/3/1060 1299/3/1241 350/3/292
f 1174/3/1116 1299/3/1241 1300/3/1242
f 1300/3/1242 1299/3/1241 1301/3/1243
f 1302/3/1244 1174/3/1116 1300/3/1242
f 1301/3/1243 1302/3/1244 1300/3/1242
f 1303/3/1245 1301/3/1243 1299/3/1241
f 1302/3/1244 1301/3/1243 1304/3/1246
f 1299/3/1241 1305/3/1247 1303/3/1245
f 1299/3/1241 1118/3/1060 1305/3/1247
f 1118/3/1060 1302/3/1244 1305/3/1247
f 1304/3/1246 1305/3/1247 1302/3/1244
f 1118/3/1060 1176/3/1118 1302/3/1244
f 1174/3/1116 1302/3/1244 1176/3/1118
f 1305/3/1247 1304/3/1246 1306/3/1248
f 1303/3/1245 1305/3/1247 1306/3/1248
f 1166/3/1108 1304/3/1246 1301/3/1243
f 1303/3/1245 1166/3/1108 1301/3/1243
f 1304/3/1246 1116/3/1058 1306/3/1248
f 1116/3/1058 1303/3/1245 1306/3/1248
f 1303/3/1245 1116/3/1058 1126/3/1068
f 1126/3/1068 1166/3/1108 1303/3/1245
f 1166/3/1108 1126/3/1068 1294/3/1236
f 1184/3/1126 1116/3/1058 1304/3/1246
f 1304/3/1246 1166/3/1108 1184/3/1126
f 1164/3/1106 1166/3/1108 1294/3/1236
f 1116/3/1058 1184/3/1126 1307/3/1249
f 1307/3/1249 1275/3/1217 1116/3/1058
f 1275/3/1217 1307/3/1249 1308/3/1250
f 1309/3/1251 1275/3/1217 1308/3/1250
f 1308/3/1250 1307/3/1249 1310/3/1252
f 1310/3/1252 1309/3/1251 1308/3/1250
f 1311/3/1253 1310/3/1252 1307/3/1249
f 1309/3/1251 1310/3/1252 1312/3/1254
f 1311/3/1253 1273/3/1215 1310/3/1252
f 1273/3/1215 1312/3/1254 1310/3/1252
f 1273/3/1215 1311/3/1253 1118/3/1060
f 1176/3/1118 1118/3/1060 1311/3/1253
f 1307/3/1249 1313/3/1255 1311/3/1253
f 1311/3/1253 1313/3/1255 1176/3/1118
f 1312/3/1254 1176/3/1118 1313/3/1255
f 1313/3/1255 1307/3/1249 1314/3/1256
f 1314/3/1256 1312/3/1254 1313/3/1255
f 1312/3/1254 1314/3/1256 1309/3/1251
f 1307/3/1249 1184/3/1126 1314/3/1256
f 1184/3/1126 1309/3/1251 1314/3/1256
f 1273/3/1215 1194/3/1136 1312/3/1254
f 1176/3/1118 1312/3/1254 1194/3/1136
f 1194/3/1136 1273/3/1215 1315/3/1257
f 1273/3/1215 1264/3/1206 1315/3/1257
f 1184/3/1126 1186/3/1128 1309/3/1251
f 1186/3/1128 1275/3/1217 1309/3/1251
f 1275/3/1217 1186/3/1128 1316/3/1258
f 1265/3/1207 1275/3/1217 1316/3/1258
f 1315/3/1257 1317/3/1259 1194/3/1136
f 1317/3/1259 1315/3/1257 1318/3/1260
f 1316/3/1258 1318/3/1260 1315/3/1257
f 1316/3/1258 1186/3/1128 1318/3/1260
f 1315/3/1257 1319/3/1261 1316/3/1258
f 1315/3/1257 1264/3/1206 1319/3/1261
f 1320/3/1262 1316/3/1258 1319/3/1261
f 1316/3/1258 1320/3/1262 1265/3/1207
f 1264/3/1206 1321/3/1263 1319/3/1261
f 1319/3/1261 1321/3/1263 1320/3/1262
f 1318/3/1260 1321/3/1263 1317/3/1259
f 1321/3/1263 1194/3/1136 1317/3/1259
f 1321/3/1263 1318/3/1260 1322/3/1264
f 1322/3/1264 1265/3/1207 1320/3/1262
f 1322/3/1264 1320/3/1262 1321/3/1263
f 1186/3/1128 1322/3/1264 1318/3/1260
f 1199/3/1141 1265/3/1207 1322/3/1264
f 1322/3/1264 1186/3/1128 1199/3/1141
f 1264/3/1206 1196/3/1138 1321/3/1263
f 1194/3/1136 1321/3/1263 1196/3/1138
f 1196/3/1138 1264/3/1206 1323/3/1265
f 1264/3/1206 1254/3/1196 1323/3/1265
f 1265/3/1207 1199/3/1141 1324/3/1266
f 1324/3/1266 1253/3/1195 1265/3/1207
f 1324/3/1266 1199/3/1141 1325/3/1267
f 1323/3/1265 1254/3/1196 1326/3/1268
f 1326/3/1268 1324/3/1266 1323/3/1265
f 1254/3/1196 1327/3/1269 1326/3/1268
f 1324/3/1266 1326/3/1268 1328/3/1270
f 1326/3/1268 1327/3/1269 1328/3/1270
f 1253/3/1195 1324/3/1266 1328/3/1270
f 1324/3/1266 1329/3/1271 1323/3/1265
f 1329/3/1271 1324/3/1266 1325/3/1267
f 1323/3/1265 1329/3/1271 1196/3/1138
f 1327/3/1269 1196/3/1138 1329/3/1271
f 1325/3/1267 1330/3/1272 1329/3/1271
f 1327/3/1269 1329/3/1271 1330/3/1272
f 1330/3/1272 1328/3/1270 1327/3/1269
f 1330/3/1272 1253/3/1195 1328/3/1270
f 1199/3/1141 1330/3/1272 1325/3/1267
f 766/3/708 1253/3/1195 1330/3/1272
f 1330/3/1272 1199/3/1141 766/3/708
f 1254/3/1196 762/3/704 1327/3/1269
f 1196/3/1138 1327/3/1269 762/3/704
f 762/3/704 1254/3/1196 1331/3/1273
f 1254/3/1196 1255/3/1197 1331/3/1273
f 1253/3/1195 766/3/708 1332/3/1274
f 1332/3/1274 1333/3/1275 1253/3/1195
f 1248/3/1190 1253/3/1195 1333/3/1275
f 1333/3/1275 1242/3/1184 1248/3/1190
f 1332/3/1274 1334/3/1276 1331/3/1273
f 1332/3/1274 766/3/708 1334/3/1276
f 1331/3/1273 1335/3/1277 1332/3/1274
f 1333/3/1275 1332/3/1274 1335/3/1277
f 1335/3/1277 1331/3/1273 1336/3/1278
f 1331/3/1273 1255/3/1197 1336/3/1278
f 1337/3/1279 1335/3/1277 1336/3/1278
f 1255/3/1197 1337/3/1279 1336/3/1278
f 1331/3/1273 1334/3/1276 1338/3/1280
f 1331/3/1273 1338/3/1280 762/3/704
f 1339/3/1281 1338/3/1280 1334/3/1276
f 1335/3/1277 1337/3/1279 1339/3/1281
f 1337/3/1279 762/3/704 1338/3/1280
f 1337/3/1279 1338/3/1280 1339/3/1281
f 1339/3/1281 1333/3/1275 1335/3/1277
f 766/3/708 1339/3/1281 1334/3/1276
f 768/3/710 1333/3/1275 1339/3/1281
f 1339/3/1281 766/3/708 768/3/710
f 762/3/704 1337/3/1279 765/3/707
f 1255/3/1197 765/3/707 1337/3/1279
f 1333/3/1275 768/3/710 1340/3/1282
f 1341/3/1283 1340/3/1282 768/3/710
f 1342/3/1284 1340/3/1282 1341/3/1283
f 1343/3/1285 1341/3/1283 768/3/710
f 1341/3/1283 1343/3/1285 1342/3/1284
f 1340/3/1282 1342/3/1284 1344/3/1286
f 765/3/707 1344/3/1286 1342/3/1284
f 765/3/707 1255/3/1197 1344/3/1286
f 1344/3/1286 1345/3/1287 1340/3/1282
f 570/3/512 1340/3/1282 1345/3/1287
f 570/3/512 1333/3/1275 1340/3/1282
f 1343/3/1285 570/3/512 1345/3/1287
f 1345/3/1287 1344/3/1286 1346/3/1288
f 1346/3/1288 1343/3/1285 1345/3/1287
f 1344/3/1286 573/3/515 1346/3/1288
f 573/3/515 1344/3/1286 1255/3/1197
f 1343/3/1285 1346/3/1288 1347/3/1289
f 573/3/515 1347/3/1289 1346/3/1288
f 1342/3/1284 1343/3/1285 1347/3/1289
f 1347/3/1289 765/3/707 1342/3/1284
f 780/3/722 570/3/512 1343/3/1285
f 768/3/710 780/3/722 1343/3/1285
f 765/3/707 1347/3/1289 778/3/720
f 573/3/515 778/3/720 1347/3/1289
f 1348/3/1290 1333/3/1275 570/3/512
f 1333/3/1275 1348/3/1290 1349/3/1291
f 1349/3/1291 1350/3/1292 1333/3/1275
f 1242/3/1184 1333/3/1275 1350/3/1292
f 1351/3/1293 1349/3/1291 1348/3/1290
f 1349/3/1291 1351/3/1293 1352/3/1294
f 1349/3/1291 1353/3/1295 1350/3/1292
f 1353/3/1295 1349/3/1291 1352/3/1294
f 1351/3/1293 1255/3/1197 1352/3/1294
f 1255/3/1197 1353/3/1295 1352/3/1294
f 1255/3/1197 1351/3/1293 573/3/515
f 1255/3/1197 1241/3/1183 1353/3/1295
f 1354/3/1296 1351/3/1293 1348/3/1290
f 1353/3/1295 1354/3/1296 1350/3/1292
f 1351/3/1293 1354/3/1296 1355/3/1297
f 1354/3/1296 1353/3/1295 1355/3/1297
f 1351/3/1293 1355/3/1297 559/3/501
f 1353/3/1295 559/3/501 1355/3/1297
f 559/3/501 1353/3/1295 1241/3/1183
f 559/3/501 573/3/515 1351/3/1293
f 1348/3/1290 561/3/503 1354/3/1296
f 561/3/503 1350/3/1292 1354/3/1296
f 1350/3/1292 561/3/503 1242/3/1184
f 570/3/512 561/3/503 1348/3/1290
f 1241/3/1183 1356/3/1298 559/3/501
f 1356/3/1298 1241/3/1183 1357/3/1299
f 1241/3/1183 1244/3/1186 1357/3/1299
f 1357/3/1299 1358/3/1300 1356/3/1298
f 1358/3/1300 1242/3/1184 561/3/503
f 1244/3/1186 1359/3/1301 1357/3/1299
f 1358/3/1300 1357/3/1299 1359/3/1301
f 1242/3/1184 1358/3/1300 1359/3/1301
f 1243/3/1185 1242/3/1184 1359/3/1301
f 1243/3/1185 1359/3/1301 1244/3/1186
f 1358/3/1300 1360/3/1302 1356/3/1298
f 1360/3/1302 1243/3/1185 1244/3/1186
f 1360/3/1302 1358/3/1300 1361/3/1303
f 1361/3/1303 1243/3/1185 1360/3/1302
f 1358/3/1300 547/3/489 1361/3/1303
f 547/3/489 1243/3/1185 1361/3/1303
f 561/3/503 547/3/489 1358/3/1300
f 1356/3/1298 1360/3/1302 549/3/491
f 1244/3/1186 549/3/491 1360/3/1302
f 549/3/491 559/3/501 1356/3/1298
f 549/3/491 1244/3/1186 1232/3/1174
f 547/3/489 1234/3/1176 1243/3/1185
f 1232/3/1174 1362/3/1304 549/3/491
f 1362/3/1304 1232/3/1174 1363/3/1305
f 1232/3/1174 1364/3/1306 1363/3/1305
f 1232/3/1174 1218/3/1160 1364/3/1306
f 1365/3/1307 1362/3/1304 1363/3/1305
f 1364/3/1306 1365/3/1307 1363/3/1305
f 1362/3/1304 1365/3/1307 1366/3/1308
f 1234/3/1176 1366/3/1308 1365/3/1307
f 1367/3/1309 1365/3/1307 1364/3/1306
f 1367/3/1309 1234/3/1176 1365/3/1307
f 1366/3/1308 1234/3/1176 547/3/489
f 1213/3/1155 1234/3/1176 1367/3/1309
f 1366/3/1308 1368/3/1310 1362/3/1304
f 1368/3/1310 1367/3/1309 1364/3/1306
f 1368/3/1310 1366/3/1308 1369/3/1311
f 1367/3/1309 1368/3/1310 1369/3/1311
f 1366/3/1308 533/3/475 1369/3/1311
f 533/3/475 1367/3/1309 1369/3/1311
f 547/3/489 533/3/475 1366/3/1308
f 533/3/475 1213/3/1155 1367/3/1309
f 537/3/479 1362/3/1304 1368/3/1310
f 1364/3/1306 537/3/479 1368/3/1310
f 1362/3/1304 537/3/479 549/3/491
f 537/3/479 1364/3/1306 1218/3/1160
f 323/3/265 1028/3/970 1114/3/1056
f 1110/3/1052 323/3/265 1114/3/1056
f 323/3/265 1110/3/1052 1109/3/1051
f 1370/3/1312 1108/3/1050 334/3/276
f 1109/3/1051 1371/3/1313 323/3/265
f 1371/3/1313 1109/3/1051 1372/3/1314
f 1373/3/1315 1372/3/1314 1109/3/1051
f 1374/3/1316 1371/3/1313 1372/3/1314
f 1373/3/1315 1374/3/1316 1372/3/1314
f 1371/3/1313 1374/3/1316 1370/3/1312
f 1108/3/1050 1370/3/1312 1374/3/1316
f 1375/3/1317 1108/3/1050 1374/3/1316
f 1374/3/1316 1373/3/1315 1375/3/1317
f 1370/3/1312 1376/3/1318 1371/3/1313
f 1373/3/1315 1376/3/1318 1375/3/1317
f 1376/3/1318 1370/3/1312 1377/3/1319
f 1377/3/1319 1375/3/1317 1376/3/1318
f 1377/3/1319 1370/3/1312 884/3/826
f 884/3/826 1375/3/1317 1377/3/1319
f 334/3/276 884/3/826 1370/3/1312
f 881/3/823 1371/3/1313 1376/3/1318
f 1373/3/1315 881/3/823 1376/3/1318
f 881/3/823 323/3/265 1371/3/1313
f 1109/3/1051 874/3/816 1373/3/1315
f 874/3/816 881/3/823 1373/3/1315
f 874/3/816 1109/3/1051 1378/3/1320
f 1099/3/1041 1378/3/1320 1109/3/1051
f 874/3/816 1378/3/1320 1379/3/1321
f 1378/3/1320 1099/3/1041 1380/3/1322
f 1381/3/1323 1379/3/1321 1378/3/1320
f 1380/3/1322 1381/3/1323 1378/3/1320
f 1379/3/1321 1381/3/1323 1382/3/1324
f 1381/3/1323 1380/3/1322 1383/3/1325
f 1382/3/1324 1384/3/1326 1379/3/1321
f 1380/3/1322 1384/3/1326 1383/3/1325
f 1382/3/1324 1381/3/1323 876/3/818
f 876/3/818 1384/3/1326 1382/3/1324
f 1097/3/1039 1381/3/1323 1383/3/1325
f 1384/3/1326 1097/3/1039 1383/3/1325
f 1381/3/1323 1097/3/1039 1108/3/1050
f 1108/3/1050 876/3/818 1381/3/1323
f 876/3/818 1108/3/1050 1375/3/1317
f 1384/3/1326 1380/3/1322 1385/3/1327
f 1385/3/1327 1380/3/1322 1099/3/1041
f 1379/3/1321 1384/3/1326 1385/3/1327
f 1385/3/1327 874/3/816 1379/3/1321
f 1386/3/1328 1097/3/1039 1384/3/1326
f 1384/3/1326 876/3/818 1386/3/1328
f 1099/3/1041 1387/3/1329 1385/3/1327
f 874/3/816 1385/3/1327 1387/3/1329
f 1387/3/1329 1099/3/1041 1388/3/1330
f 1097/3/1039 1386/3/1328 1389/3/1331
f 1099/3/1041 1087/3/1029 1388/3/1330
f 1085/3/1027 1097/3/1039 1389/3/1331
f 1375/3/1317 884/3/826 876/3/818
f 1085/3/1027 1389/3/1331 1390/3/1332
f 1391/3/1333 1085/3/1027 1390/3/1332
f 1390/3/1332 1389/3/1331 1392/3/1334
f 1392/3/1334 1391/3/1333 1390/3/1332
f 1392/3/1334 1389/3/1331 1388/3/1330
f 1388/3/1330 1087/3/1029 1392/3/1334
f 1389/3/1331 1393/3/1335 1388/3/1330
f 1386/3/1328 1393/3/1335 1389/3/1331
f 1388/3/1330 1393/3/1335 1394/3/1336
f 1387/3/1329 1388/3/1330 1394/3/1336
f 1386/3/1328 1391/3/1333 1393/3/1335
f 1393/3/1335 1395/3/1337 1394/3/1336
f 1395/3/1337 1393/3/1335 1391/3/1333
f 1395/3/1337 1392/3/1334 1087/3/1029
f 1391/3/1333 1392/3/1334 1395/3/1337
f 1395/3/1337 1387/3/1329 1394/3/1336
f 1087/3/1029 1396/3/1338 1395/3/1337
f 1387/3/1329 1395/3/1337 1396/3/1338
f 1396/3/1338 1087/3/1029 1397/3/1339
f 1088/3/1030 1397/3/1339 1087/3/1029
f 1398/3/1340 1085/3/1027 1391/3/1333
f 1391/3/1333 1386/3/1328 1398/3/1340
f 1085/3/1027 1398/3/1340 1399/3/1341
f 1399/3/1341 1089/3/1031 1085/3/1027
f 1399/3/1341 1398/3/1340 1400/3/1342
f 1399/3/1341 1400/3/1342 1397/3/1339
f 1089/3/1031 1399/3/1341 1401/3/1343
f 1397/3/1339 1401/3/1343 1399/3/1341
f 1397/3/1339 1400/3/1342 1402/3/1344
f 1396/3/1338 1397/3/1339 1402/3/1344
f 1401/3/1343 1397/3/1339 1403/3/1345
f 1397/3/1339 1088/3/1030 1403/3/1345
f 1403/3/1345 1404/3/1346 1401/3/1343
f 1404/3/1346 1402/3/1344 1400/3/1342
f 1404/3/1346 1089/3/1031 1401/3/1343
f 1398/3/1340 1404/3/1346 1400/3/1342
f 1405/3/1347 1402/3/1344 1404/3/1346
f 1404/3/1346 1403/3/1345 1405/3/1347
f 1405/3/1347 1396/3/1338 1402/3/1344
f 1405/3/1347 1403/3/1345 1088/3/1030
f 1218/3/1160 1396/3/1338 1405/3/1347
f 1088/3/1030 1218/3/1160 1405/3/1347
f 1404/3/1346 1398/3/1340 1213/3/1155
f 1213/3/1155 1089/3/1031 1404/3/1346
f 1213/3/1155 1398/3/1340 1406/3/1348
f 1213/3/1155 1406/3/1348 1407/3/1349
f 1408/3/1350 1213/3/1155 1407/3/1349
f 1406/3/1348 1409/3/1351 1407/3/1349
f 1409/3/1351 1408/3/1350 1407/3/1349
f 1410/3/1352 1409/3/1351 1406/3/1348
f 1410/3/1352 1218/3/1160 1409/3/1351
f 1408/3/1350 1409/3/1351 1411/3/1353
f 1411/3/1353 1409/3/1351 1218/3/1160
f 1234/3/1176 1213/3/1155 1408/3/1350
f 1411/3/1353 1412/3/1354 1408/3/1350
f 1406/3/1348 1412/3/1354 1410/3/1352
f 1412/3/1354 1411/3/1353 1413/3/1355
f 1413/3/1355 1410/3/1352 1412/3/1354
f 1406/3/1348 986/3/928 1412/3/1354
f 986/3/928 1408/3/1350 1412/3/1354
f 1408/3/1350 986/3/928 1234/3/1176
f 1398/3/1340 986/3/928 1406/3/1348
f 1411/3/1353 985/3/927 1413/3/1355
f 985/3/927 1410/3/1352 1413/3/1355
f 985/3/927 1411/3/1353 1232/3/1174
f 1218/3/1160 1232/3/1174 1411/3/1353
f 985/3/927 1396/3/1338 1410/3/1352
f 1218/3/1160 1410/3/1352 1396/3/1338
f 1396/3/1338 985/3/927 1414/3/1356
f 1414/3/1356 1415/3/1357 1396/3/1338
f 1416/3/1358 1396/3/1338 1415/3/1357
f 1396/3/1338 1416/3/1358 1387/3/1329
f 1414/3/1356 1417/3/1359 1415/3/1357
f 1417/3/1359 1416/3/1358 1415/3/1357
f 1417/3/1359 1414/3/1356 1418/3/1360
f 1418/3/1360 1398/3/1340 1417/3/1359
f 986/3/928 1398/3/1340 1418/3/1360
f 1398/3/1340 1419/3/1361 1417/3/1359
f 1416/3/1358 1417/3/1359 1419/3/1361
f 1419/3/1361 1398/3/1340 1386/3/1328
f 1419/3/1361 1420/3/1362 1416/3/1358
f 1414/3/1356 1420/3/1362 1418/3/1360
f 1419/3/1361 974/3/916 1420/3/1362
f 974/3/916 1418/3/1360 1420/3/1362
f 1386/3/1328 974/3/916 1419/3/1361
f 1418/3/1360 974/3/916 986/3/928
f 1416/3/1358 1420/3/1362 1421/3/1363
f 1420/3/1362 1414/3/1356 1421/3/1363
f 873/3/815 1416/3/1358 1421/3/1363
f 1414/3/1356 873/3/815 1421/3/1363
f 873/3/815 1387/3/1329 1416/3/1358
f 873/3/815 1414/3/1356 985/3/927
f 1387/3/1329 873/3/815 869/3/811
f 869/3/811 1422/3/1364 1387/3/1329
f 872/3/814 1387/3/1329 1422/3/1364
f 1387/3/1329 872/3/814 874/3/816
f 869/3/811 1423/3/1365 1422/3/1364
f 1423/3/1365 872/3/814 1422/3/1364
f 1424/3/1366 1423/3/1365 869/3/811
f 872/3/814 1423/3/1365 1425/3/1367
f 1424/3/1366 1386/3/1328 1423/3/1365
f 1386/3/1328 1425/3/1367 1423/3/1365
f 974/3/916 1386/3/1328 1424/3/1366
f 1425/3/1367 1386/3/1328 876/3/818
f 871/3/813 1424/3/1366 869/3/811
f 1425/3/1367 871/3/813 872/3/814
f 1426/3/1368 1424/3/1366 871/3/813
f 871/3/813 1425/3/1367 1426/3/1368
f 875/3/817 1424/3/1366 1426/3/1368
f 1426/3/1368 1425/3/1367 875/3/817
f 1424/3/1366 875/3/817 974/3/916
f 876/3/818 875/3/817 1425/3/1367
