# Blender 5.2.0 LTS
# www.blender.org
mtllib ka.mtl
o THE_NET
v 0.836996 0.056238 -0.105978
v 1.000049 0.112303 -0.188372
v 1.002289 0.125182 -0.180782
v 1.181072 0.010297 -0.108255
v 1.177769 -0.004234 -0.113135
v 1.181072 0.010297 0.108261
v 1.174338 0.015263 -0.111530
v 1.008876 0.125792 -0.183883
v 1.005928 0.114678 -0.193079
v 1.174412 0.192657 -0.257711
v 1.180781 0.195975 -0.261203
v 1.175683 0.181765 -0.267275
v 1.175535 0.003661 -0.120530
v 1.178928 0.189698 -0.273218
v 0.576112 0.512066 -0.157770
v 0.757386 0.680123 -0.117581
v 0.761097 0.669697 -0.107995
v 1.180468 0.643616 -0.108125
v 1.181487 0.658287 -0.113222
v 0.983593 0.578637 -0.190715
v 1.180469 0.464146 -0.273283
v 1.178115 0.473041 -0.267275
v 0.983570 0.567382 -0.181410
v 1.173993 0.462431 -0.257906
v 1.181487 0.658287 0.113228
v 1.180468 0.643616 0.108153
v 1.173993 0.462431 0.257913
v 1.180517 0.458228 0.261079
v 0.983570 0.567382 0.181417
v 1.178115 0.473041 0.267282
v 0.983593 0.578637 0.190721
v 1.180469 0.464146 0.273312
v 1.180781 0.195975 0.261209
v 1.178928 0.189698 0.273225
v 0.576112 0.512066 0.157777
v 0.761097 0.669697 0.108002
v 0.757386 0.680123 0.117587
v -0.561292 -0.269523 -0.018009
v -0.563372 -0.274671 -0.008943
v -0.559608 -0.272158 -0.020069
v -0.562537 -0.270571 -0.010396
v -0.551919 -0.214567 -0.028961
v -0.569950 -0.264395 -0.010483
v -0.582969 -0.268879 -0.018898
v -0.573089 -0.264174 -0.008293
v -0.547839 -0.192412 -0.036488
v -0.566697 -0.267376 -0.034145
v -0.555905 -0.264227 -0.023865
v -0.513449 -0.158464 -0.072729
v -0.510155 -0.151584 -0.076286
v -0.544704 -0.194314 -0.037789
v -0.544931 -0.186740 -0.037616
v -0.511678 -0.149897 -0.074204
v -0.461193 -0.027354 -0.069281
v -0.455376 -0.016590 -0.071515
v -0.558175 -0.119356 -0.031239
v -0.224266 0.197121 0.115831
v -0.231755 0.200432 0.127066
v -0.357935 0.055585 0.140361
v -0.351616 0.052121 0.128346
v -0.222673 0.194145 0.116894
v -0.358098 0.047486 0.127044
v -0.232216 0.190230 0.114118
v -0.412364 0.122622 0.052175
v -0.360632 0.043761 0.139472
v -0.355313 0.044848 0.126936
v -0.393228 -0.080179 0.117913
v -0.387872 -0.077802 0.105507
v -0.393641 -0.088462 0.115549
v -0.390765 -0.083920 0.103121
v -0.434935 -0.194072 0.079286
v -0.433444 -0.200178 0.091388
v -0.438280 -0.199820 0.075512
v -0.457222 -0.254512 0.047469
v -0.460850 -0.242666 0.039054
v -0.433718 -0.210774 0.084491
v -0.540507 -0.283472 0.020098
v -0.533562 -0.277970 0.023742
v -0.549492 -0.287652 0.002443
v -0.559127 -0.286464 0.000014
v -0.546763 -0.302334 0.009558
v -0.554112 -0.302915 0.004244
v -0.540754 -0.299116 0.015716
v -0.537226 -0.283849 0.018124
v -0.538736 -0.284659 0.010359
v -0.534126 -0.298191 0.023394
v -0.553437 -0.285324 0.005870
v -0.560863 -0.298818 0.010338
v -0.549743 -0.282944 0.011227
v -0.559078 -0.294933 0.016693
v -0.553120 -0.280777 0.012594
v -0.559014 -0.282021 0.005870
v -0.550611 -0.277629 0.014676
v -0.543157 -0.280334 0.020206
v -0.558665 -0.288280 0.022549
v -0.519802 -0.235386 0.041570
v -0.555415 -0.273038 0.020206
v -0.524877 -0.242077 0.052934
v -0.559544 -0.282940 0.030053
v -0.559608 -0.272158 0.020077
v -0.559164 -0.275498 0.015175
v -0.534430 -0.287146 0.034477
v -0.556761 -0.278609 0.011465
v -0.573734 -0.286079 0.014155
v -0.559908 -0.276890 0.010121
v -0.563372 -0.274671 0.008972
v -0.562938 -0.279696 0.002422
v -0.564970 -0.273771 0.005914
v -0.567662 -0.272108 0.000014
v -0.562938 -0.279696 -0.002415
v -0.564970 -0.273771 -0.005885
v -0.569406 -0.269420 -0.006297
v -0.566239 -0.273085 -0.003065
v -0.566239 -0.273085 0.003072
v -0.569405 -0.269420 0.006304
v -0.573089 -0.264174 0.008321
v -0.567494 -0.267636 0.000014
v -0.561292 -0.269523 0.018016
v -0.562537 -0.270571 0.010403
v -0.569950 -0.264395 0.010490
v -0.551919 -0.214567 0.028968
v -0.582969 -0.268879 0.018927
v -0.547839 -0.192412 0.036495
v -0.566697 -0.267376 0.034174
v -0.555905 -0.264227 0.023893
v -0.544704 -0.194314 0.037817
v -0.513449 -0.158464 0.072736
v -0.510155 -0.151584 0.076293
v -0.511678 -0.149897 0.074211
v -0.544931 -0.186740 0.037622
v -0.461193 -0.027354 0.069287
v -0.558175 -0.119356 0.031267
v -0.455376 -0.016590 0.071521
v -0.559017 -0.127874 0.029706
v -0.549213 -0.191776 0.033610
v -0.571894 -0.254476 0.009926
v -0.563013 -0.182557 0.002877
v -0.564242 -0.181711 0.000014
v -0.565001 -0.206139 0.000014
v -0.572367 -0.262941 0.005328
v -0.572367 -0.262941 -0.005321
v -0.571894 -0.254476 -0.009919
v -0.549213 -0.191776 -0.033581
v -0.559017 -0.127874 -0.029699
v -0.563013 -0.182557 -0.002870
v -0.561675 -0.175750 0.000014
v -0.557444 -0.119043 -0.028485
v -0.485388 -0.002376 0.000014
v -0.480122 0.009547 0.000014
v -0.557444 -0.119043 0.028492
v -0.553196 -0.111298 0.031961
v -0.479104 0.008675 0.002682
v -0.417178 0.114800 0.051135
v -0.456446 -0.015903 0.068810
v -0.449970 -0.011190 0.072432
v -0.410253 0.120643 0.054040
v -0.421620 0.126963 0.062911
v -0.359154 0.049251 0.125070
v -0.462964 -0.005942 0.080587
v -0.364000 0.041482 0.124897
v -0.464821 -0.015245 0.082279
v -0.513587 -0.142817 0.089458
v -0.504775 -0.144816 0.078050
v -0.452764 -0.018596 0.072780
v -0.511042 -0.157681 0.088374
v -0.509397 -0.219799 0.065752
v -0.506551 -0.153120 0.076184
v -0.503601 -0.214109 0.054192
v -0.504322 -0.220733 0.051373
v -0.508995 -0.228136 0.062521
v -0.509397 -0.219799 -0.065746
v -0.534430 -0.287146 -0.034471
v -0.508995 -0.228136 -0.062514
v -0.504322 -0.220733 -0.051366
v -0.533562 -0.277970 -0.023713
v -0.540507 -0.283472 -0.020091
v -0.537226 -0.283849 -0.018117
v -0.534126 -0.298191 -0.023388
v -0.540754 -0.299116 -0.015710
v -0.538736 -0.284659 -0.010353
v -0.546763 -0.302334 -0.009550
v -0.549492 -0.287652 -0.002437
v -0.554112 -0.302915 -0.004215
v -0.560862 -0.298818 -0.010331
v -0.553437 -0.285324 -0.005863
v -0.549743 -0.282944 -0.011221
v -0.559078 -0.294933 -0.016686
v -0.553121 -0.280777 -0.012586
v -0.550611 -0.277629 -0.014669
v -0.543157 -0.280334 -0.020177
v -0.519802 -0.235386 -0.041563
v -0.558665 -0.288280 -0.022542
v -0.524877 -0.242077 -0.052906
v -0.555415 -0.273038 -0.020200
v -0.559544 -0.282940 -0.030046
v -0.559164 -0.275498 -0.015168
v -0.556761 -0.278609 -0.011459
v -0.559014 -0.282021 -0.005842
v -0.573734 -0.286079 -0.014149
v -0.559908 -0.276890 -0.010114
v -0.553196 -0.111298 -0.031955
v -0.456446 -0.015903 -0.068803
v -0.417178 0.114800 -0.051127
v -0.412364 0.122622 -0.052146
v -0.479104 0.008675 -0.002675
v -0.411844 0.122516 -0.049457
v -0.474757 0.015288 0.000014
v -0.263773 0.239580 0.000014
v -0.256425 0.247315 0.000014
v -0.411844 0.122516 0.049464
v -0.255804 0.245971 0.002791
v -0.127503 0.351159 0.081216
v -0.225171 0.198308 0.112947
v -0.217519 0.200152 0.116092
v -0.120130 0.353319 0.083775
v -0.126232 0.362593 0.093536
v -0.226904 0.208465 0.125049
v 0.269982 0.064837 -0.129401
v 0.424347 0.187983 -0.160741
v 0.425150 0.180225 -0.172214
v 0.651365 0.132592 -0.162281
v 0.809637 0.223881 -0.262916
v 0.811990 0.234314 -0.253113
v 0.654902 0.143706 -0.153216
v 0.817236 0.236796 -0.255867
v 1.002722 0.129939 -0.184772
v 1.000865 0.120584 -0.195335
v 0.613478 0.324960 -0.226132
v 1.180517 0.458228 -0.261073
v 0.779706 0.488250 -0.268490
v 0.782721 0.488109 -0.255520
v 0.619068 0.325075 -0.213596
v 0.193582 0.202970 -0.179285
v 0.196383 0.201752 -0.192233
v 0.064427 0.057895 -0.196896
v 0.070121 0.053564 -0.208890
v 0.058862 0.053125 -0.195182
v 0.062922 0.042436 -0.204487
v -0.058990 -0.046886 -0.117928
v -0.057332 -0.058304 -0.127037
v 1.177769 -0.004234 0.113141
v 0.836996 0.056238 0.106006
v 1.000049 0.112303 0.188400
v 1.002289 0.125182 0.180809
v 1.174338 0.015263 0.111537
v 1.175535 0.003661 0.120538
v 1.005928 0.114678 0.193086
v 1.175683 0.181765 0.267282
v 1.008876 0.125792 0.183911
v 1.174412 0.192657 0.257739
v 1.002722 0.129939 0.184779
v 0.817236 0.236796 0.255874
v 1.000865 0.120584 0.195341
v 0.809637 0.223881 0.262923
v 0.651365 0.132592 0.162288
v 0.811990 0.234314 0.253119
v 0.654902 0.143706 0.153222
v 0.613478 0.324960 0.226139
v 0.619068 0.325075 0.213625
v 0.782721 0.488109 0.255527
v 0.779706 0.488250 0.268518
v 0.193582 0.202970 0.179291
v 0.196383 0.201752 0.192262
v 0.064427 0.057895 0.196925
v 0.070121 0.053564 0.208897
v 0.425150 0.180225 0.172222
v 0.269983 0.064837 0.129430
v 0.424347 0.187983 0.160748
v 0.646032 0.129744 0.157234
v 0.470569 0.079029 0.068181
v 0.648693 0.142619 0.149709
v -0.039637 0.233555 -0.196940
v -0.039060 0.240391 -0.208825
v 0.123625 0.353177 -0.137839
v 0.125697 0.343466 -0.127514
v -0.138945 0.077555 0.165411
v -0.039060 0.240391 0.208831
v -0.039637 0.233555 0.196946
v 0.123625 0.353177 0.137845
v 0.125697 0.343466 0.127521
v -0.255804 0.245971 -0.002762
v -0.127503 0.351159 -0.081210
v -0.225171 0.198308 -0.112939
v -0.224266 0.197121 -0.115824
v -0.232216 0.190230 -0.114111
v -0.358098 0.047486 -0.127037
v -0.410253 0.120643 -0.054034
v -0.359154 0.049251 -0.125063
v -0.449970 -0.011190 -0.072426
v -0.421620 0.126963 -0.062904
v -0.462964 -0.005942 -0.080558
v -0.464821 -0.015245 -0.082250
v -0.364000 0.041482 -0.124890
v -0.504775 -0.144816 -0.078042
v -0.513587 -0.142817 -0.089429
v -0.452764 -0.018596 -0.072772
v -0.511042 -0.157681 -0.088345
v -0.506551 -0.153120 -0.076178
v -0.503601 -0.214109 -0.054186
v -0.271779 -0.057568 0.130536
v -0.271581 -0.064564 0.142356
v -0.147179 0.068009 0.176407
v -0.144284 0.072024 0.163850
v -0.142846 0.076068 0.178208
v -0.045334 0.228025 0.197380
v -0.046335 0.227238 0.210502
v -0.384595 -0.230146 -0.033169
v -0.320332 -0.163920 -0.081188
v -0.326664 -0.152198 -0.073510
v -0.321774 -0.148795 -0.077218
v -0.318347 -0.159743 -0.086458
v -0.275269 -0.071942 -0.137187
v -0.276968 -0.062365 -0.126734
v -0.271779 -0.057568 -0.130529
v -0.271581 -0.064564 -0.142349
v -0.147179 0.068009 -0.176401
v -0.144284 0.072024 -0.163843
v -0.142846 0.076068 -0.178201
v -0.138945 0.077555 -0.165404
v -0.045334 0.228025 -0.197373
v -0.046335 0.227238 -0.210495
v -0.126232 0.362593 -0.093529
v -0.120130 0.353319 -0.083747
v -0.226904 0.208465 -0.125042
v -0.217519 0.200152 -0.116084
v -0.351616 0.052121 -0.128339
v -0.357935 0.055585 -0.140332
v -0.231755 0.200432 -0.127037
v -0.222673 0.194145 -0.116865
v -0.360632 0.043761 -0.139465
v -0.355313 0.044848 -0.126929
v -0.393228 -0.080179 -0.117907
v -0.387872 -0.077802 -0.105479
v -0.390765 -0.083920 -0.103093
v -0.433444 -0.200178 -0.091381
v -0.393641 -0.088462 -0.115542
v -0.434935 -0.194072 -0.079257
v -0.438280 -0.199820 -0.075505
v -0.457222 -0.254512 -0.047462
v -0.433718 -0.210774 -0.084484
v -0.460850 -0.242666 -0.039047
v -0.384595 -0.230146 0.033176
v -0.320332 -0.163920 0.081216
v -0.326664 -0.152198 0.073517
v -0.318347 -0.159743 0.086465
v -0.321774 -0.148795 0.077225
v -0.275269 -0.071942 0.137194
v -0.276968 -0.062365 0.126740
v 0.470569 0.079029 -0.068175
v 0.646032 0.129744 -0.157228
v 0.648693 0.142619 -0.149702
v 0.058862 0.053125 0.195211
v 0.062922 0.042436 0.204494
v -0.058990 -0.046886 0.117935
v -0.057332 -0.058304 0.127044
v 1.007732 0.035258 -0.002806
v 0.836996 0.056238 -0.105978
v 1.175665 0.010946 -0.108125
v 1.002289 0.125182 -0.180782
v 1.007466 0.033734 0.000014
v 1.002266 0.126470 -0.183666
v 0.831574 0.056861 -0.105739
v 1.181072 0.010297 -0.108255
v 1.181072 0.010297 0.108261
v 1.175665 0.010946 0.108132
v 1.174338 0.015263 -0.111530
v 1.008876 0.125792 -0.183883
v 1.174412 0.192657 -0.257711
v 1.180781 0.195975 -0.261203
v 0.323015 0.469717 -0.072078
v 0.129435 0.360444 -0.136038
v 0.121275 0.357602 -0.135561
v 0.568626 0.510197 -0.157401
v 0.329942 0.473323 -0.072685
v 0.314564 0.467901 -0.072447
v 0.567644 0.512539 -0.153367
v 0.744410 0.681583 -0.109795
v 0.337803 0.460126 -0.067958
v 0.575737 0.501576 -0.145798
v 0.552918 0.584636 -0.004324
v 0.552935 0.586267 0.000014
v 0.756960 0.687355 -0.110663
v 0.583607 0.501841 -0.149225
v 0.781952 0.494212 -0.253699
v 0.576112 0.512066 -0.157770
v 0.778194 0.506004 -0.262135
v 0.778981 0.498902 -0.267579
v 0.969665 0.578365 -0.189935
v 0.977046 0.579131 -0.190672
v 0.757386 0.680123 -0.117581
v 0.769394 0.686869 -0.110771
v 0.977514 0.581916 -0.186377
v 1.173827 0.658732 -0.113157
v 0.972264 0.672076 -0.004670
v 0.972043 0.673732 0.000014
v 1.181487 0.658287 -0.113222
v 0.983593 0.578637 -0.190715
v 1.178115 0.473041 -0.267275
v 1.178343 0.651644 -0.119902
v 1.181487 0.658287 0.113228
v 1.178697 0.659427 0.104293
v 1.178697 0.659427 -0.104286
v 0.978756 0.673266 0.000014
v 1.173827 0.658732 0.113164
v 0.972264 0.672076 0.004698
v 0.769394 0.686869 0.110777
v 0.756960 0.687355 0.110669
v 0.964420 0.672441 0.000014
v 0.756711 0.687777 -0.101900
v 0.560759 0.588189 0.000014
v 0.756711 0.687777 0.101907
v 0.977514 0.581916 0.186384
v 0.977046 0.579131 0.190678
v 1.178343 0.651644 0.119908
v 1.178115 0.473041 0.267282
v 0.983593 0.578637 0.190721
v 1.180781 0.195975 0.261209
v 1.173939 0.202178 0.261079
v 1.174970 0.458481 0.261122
v 0.996333 0.348111 0.258325
v 0.995004 0.348089 0.271446
v 1.176869 0.201641 0.274049
v 1.172947 0.464643 0.273159
v 0.989529 0.354311 0.269928
v 0.790173 0.498183 0.267759
v 0.990042 0.351945 0.256915
v 0.778981 0.498902 0.267586
v 0.788146 0.492064 0.255722
v 0.969665 0.578365 0.189963
v 0.778194 0.506004 0.262142
v 0.576112 0.512066 0.157777
v 0.568626 0.510197 0.157408
v 0.781952 0.494212 0.253705
v 0.583607 0.501841 0.149253
v 0.757386 0.680123 0.117587
v 0.575737 0.501576 0.145804
v 0.337803 0.460126 0.067964
v 0.567644 0.512539 0.153374
v 0.744410 0.681583 0.109801
v 0.329942 0.473323 0.072714
v 0.552918 0.584636 0.004330
v -0.577877 -0.288512 -0.004411
v -0.561292 -0.269523 -0.018009
v -0.563372 -0.274671 -0.008943
v -0.559608 -0.272158 -0.020069
v -0.562537 -0.270571 -0.010396
v -0.577108 -0.277100 -0.016187
v -0.577360 -0.272182 -0.023821
v -0.566697 -0.267376 -0.034145
v -0.555905 -0.264227 -0.023865
v -0.510856 -0.217060 -0.051019
v -0.544931 -0.186740 -0.037616
v -0.559497 -0.186565 -0.045532
v -0.526063 -0.147196 -0.081968
v -0.511678 -0.149897 -0.074204
v -0.234134 0.204884 0.124875
v -0.051633 0.236722 0.209742
v -0.357935 0.055585 0.140361
v -0.152908 0.077467 0.176407
v -0.147766 0.077793 0.163784
v -0.351616 0.052121 0.128346
v -0.279104 -0.060781 0.128758
v -0.426321 0.131554 0.056361
v -0.284814 -0.060790 0.141250
v -0.280849 -0.058146 0.128605
v -0.393228 -0.080179 0.117913
v -0.387872 -0.077802 0.105507
v -0.327804 -0.151433 0.076097
v -0.327077 -0.158455 0.087354
v -0.434935 -0.194072 0.079286
v -0.330723 -0.149397 0.076857
v -0.433444 -0.200178 0.091388
v -0.440805 -0.198867 0.077529
v -0.336080 -0.156928 0.073972
v -0.390649 -0.233520 0.032482
v -0.438280 -0.199820 0.075512
v -0.460850 -0.242666 0.039054
v -0.466165 -0.246149 0.037665
v -0.398672 -0.236836 0.031180
v -0.448585 -0.257825 0.000014
v -0.450038 -0.257058 0.002704
v -0.518025 -0.287615 0.009774
v -0.526975 -0.291506 0.008343
v -0.464810 -0.246967 0.034933
v -0.486771 -0.256919 0.029879
v -0.528540 -0.289030 0.010512
v -0.540507 -0.283472 0.020098
v -0.542998 -0.286803 0.008841
v -0.533562 -0.277970 0.023742
v -0.534605 -0.290010 0.006261
v -0.538837 -0.289287 0.000014
v -0.540237 -0.288520 0.003137
v -0.549492 -0.287652 0.002443
v -0.559127 -0.286464 0.000014
v -0.541617 -0.287754 0.005762
v -0.537226 -0.283849 0.018124
v -0.538736 -0.284659 0.010359
v -0.544752 -0.284011 0.015131
v -0.546485 -0.284742 0.010295
v -0.553437 -0.285324 0.005870
v -0.549743 -0.282944 0.011227
v -0.553120 -0.280777 0.012594
v -0.559014 -0.282021 0.005870
v -0.550611 -0.277629 0.014676
v -0.543157 -0.280334 0.020206
v -0.558665 -0.288280 0.022549
v -0.551955 -0.287486 0.030097
v -0.555415 -0.273038 0.020206
v -0.559608 -0.272158 0.020077
v -0.559164 -0.275498 0.015175
v -0.534430 -0.287146 0.034477
v -0.556761 -0.278609 0.011465
v -0.559908 -0.276890 0.010121
v -0.563372 -0.274671 0.008972
v -0.562938 -0.279696 0.002422
v -0.562938 -0.279696 -0.002415
v -0.578816 -0.282907 -0.009919
v -0.577877 -0.288512 0.004417
v -0.578816 -0.282907 0.009926
v -0.567494 -0.267636 0.000014
v -0.584909 -0.272370 0.000014
v -0.577108 -0.277100 0.016194
v -0.577360 -0.272182 0.023850
v -0.561292 -0.269523 0.018016
v -0.562537 -0.270571 0.010403
v -0.566697 -0.267376 0.034174
v -0.555905 -0.264227 0.023893
v -0.510856 -0.217060 0.051025
v -0.559497 -0.186565 0.045538
v -0.526063 -0.147196 0.081997
v -0.511678 -0.149897 0.074211
v -0.544931 -0.186740 0.037622
v -0.572367 -0.262941 0.005328
v -0.572367 -0.262941 -0.005321
v -0.449970 -0.011190 0.072432
v -0.359154 0.049251 0.125070
v -0.462964 -0.005942 0.080587
v -0.371111 0.056177 0.133204
v -0.513587 -0.142817 0.089458
v -0.402317 -0.081125 0.115007
v -0.396189 -0.080092 0.102645
v -0.504775 -0.144816 0.078050
v -0.509397 -0.219799 0.065752
v -0.448386 -0.200788 0.089480
v -0.443469 -0.196570 0.077312
v -0.503601 -0.214109 0.054192
v -0.447057 -0.203607 0.074233
v -0.469505 -0.244349 0.038620
v -0.509397 -0.219799 -0.065746
v -0.440805 -0.198867 -0.077522
v -0.447057 -0.203607 -0.074226
v -0.466164 -0.246149 -0.037659
v -0.534430 -0.287146 -0.034471
v -0.469504 -0.244349 -0.038613
v -0.533562 -0.277970 -0.023713
v -0.540507 -0.283472 -0.020091
v -0.486771 -0.256919 -0.029872
v -0.526975 -0.291506 -0.008336
v -0.528540 -0.289030 -0.010505
v -0.537226 -0.283849 -0.018117
v -0.538736 -0.284659 -0.010353
v -0.542998 -0.286803 -0.008834
v -0.526069 -0.290510 -0.005386
v -0.533831 -0.287567 0.000014
v -0.526069 -0.290510 0.005393
v -0.472761 -0.266087 0.000014
v -0.534605 -0.290010 -0.006254
v -0.540237 -0.288520 -0.003131
v -0.541617 -0.287754 -0.005755
v -0.549492 -0.287652 -0.002437
v -0.553437 -0.285324 -0.005863
v -0.546485 -0.284742 -0.010288
v -0.544752 -0.284011 -0.015124
v -0.549743 -0.282944 -0.011221
v -0.553121 -0.280777 -0.012586
v -0.550611 -0.277629 -0.014669
v -0.543157 -0.280334 -0.020177
v -0.558665 -0.288280 -0.022542
v -0.551955 -0.287486 -0.030068
v -0.555415 -0.273038 -0.020200
v -0.559164 -0.275498 -0.015168
v -0.556761 -0.278609 -0.011459
v -0.559014 -0.282021 -0.005842
v -0.559908 -0.276890 -0.010114
v -0.426321 0.131554 -0.056354
v -0.426117 0.132368 -0.048417
v -0.276420 0.251058 0.000014
v -0.268723 0.259108 0.000014
v -0.426117 0.132368 0.048423
v -0.406112 0.127730 0.052566
v -0.417173 0.138835 0.057597
v -0.268120 0.257579 0.004395
v -0.140145 0.361058 0.086053
v -0.130013 0.368864 0.086812
v -0.235787 0.207071 0.120841
v -0.225171 0.198308 0.112947
v -0.217519 0.200152 0.116092
v 0.113295 0.354366 0.135372
v -0.126232 0.362593 0.093536
v -0.226904 0.208465 0.125049
v -0.054844 0.243753 0.204147
v -0.048195 0.233214 0.195515
v 0.261257 0.062814 -0.128838
v 0.462293 0.079396 -0.067481
v 0.269982 0.064837 -0.129401
v 0.274162 0.054123 -0.138663
v 0.461404 0.081766 -0.069476
v 0.638849 0.142413 -0.152110
v 0.648279 0.143857 -0.152435
v 0.424347 0.187983 -0.160741
v 0.423445 0.190091 -0.162693
v 0.428976 0.184709 -0.176444
v 0.644044 0.137480 -0.163604
v 0.799226 0.230040 -0.265454
v 0.431767 0.190906 -0.164493
v 0.647083 0.147148 -0.153389
v 0.804962 0.236755 -0.254262
v 0.811658 0.236865 -0.255650
v 0.995382 0.126965 -0.183232
v 0.811990 0.234314 -0.253113
v 0.654902 0.143706 -0.153216
v 0.817236 0.236796 -0.255867
v 1.002722 0.129939 -0.184772
v 1.175319 0.196309 -0.261051
v 1.000865 0.120584 -0.195335
v 0.818263 0.230666 -0.267991
v 1.171599 0.190350 -0.272936
v 0.982176 0.348602 -0.270594
v 0.808316 0.240190 -0.268382
v 0.613478 0.324960 -0.226132
v 0.811230 0.240181 -0.255390
v 0.995004 0.348089 -0.271418
v 1.176869 0.201641 -0.274042
v 1.173939 0.202178 -0.261073
v 0.996333 0.348111 -0.258318
v 1.174970 0.458481 -0.261116
v 0.788146 0.492064 -0.255716
v 1.172947 0.464643 -0.273153
v 0.990042 0.351945 -0.256909
v 0.989529 0.354311 -0.269921
v 0.790173 0.498183 -0.267753
v 0.982473 0.348365 -0.257451
v 0.619068 0.325075 -0.213596
v 0.775524 0.490314 -0.254068
v 0.767450 0.494730 -0.265280
v 0.610888 0.327440 -0.211319
v 0.376750 0.348825 -0.164255
v 0.605182 0.328825 -0.223768
v 0.370895 0.354181 -0.175902
v 0.364672 0.351755 -0.174405
v 0.602155 0.322260 -0.211861
v 0.422273 0.193276 -0.162629
v 0.201155 0.208837 -0.181042
v 0.422187 0.188726 -0.175251
v 0.598913 0.321060 -0.224766
v 0.201176 0.208757 -0.194207
v 0.260043 0.065999 -0.129900
v 0.265791 0.057778 -0.140376
v 0.064427 0.057895 -0.196896
v 0.070121 0.053564 -0.208890
v 0.057618 0.055127 -0.197568
v 0.253979 0.060260 -0.128664
v 0.131460 -0.069191 -0.081730
v 0.058862 0.053125 -0.195182
v 0.130217 -0.066741 -0.083530
v 0.134355 -0.077403 -0.092856
v -0.058990 -0.046886 -0.117928
v -0.057332 -0.058304 -0.127037
v -0.065904 -0.049232 -0.117603
v 0.124111 -0.070534 -0.081231
v -0.032361 -0.101190 0.000014
v -0.033262 -0.099978 -0.002610
v -0.065399 -0.050337 -0.114979
v -0.213091 -0.137110 -0.054749
v 1.174680 0.011211 0.103382
v 1.174680 0.011211 -0.103375
v 1.013973 0.032845 0.000014
v 1.007732 0.035258 0.002812
v 0.836996 0.056238 0.106006
v 1.002289 0.125182 0.180809
v 1.002266 0.126470 0.183694
v 0.831574 0.056861 0.105745
v 1.000679 0.034411 0.000014
v 1.174338 0.015263 0.111537
v 1.008876 0.125792 0.183911
v 1.174412 0.192657 0.257739
v 1.171599 0.190350 0.272964
v 1.175319 0.196309 0.261058
v 1.002722 0.129939 0.184779
v 0.817236 0.236796 0.255874
v 1.000865 0.120584 0.195341
v 0.818263 0.230666 0.268020
v 0.811658 0.236865 0.255657
v 0.995382 0.126965 0.183261
v 0.811990 0.234314 0.253119
v 0.654902 0.143706 0.153222
v 0.648279 0.143857 0.152441
v 0.804962 0.236755 0.254269
v 0.647083 0.147148 0.153395
v 0.431767 0.190906 0.164500
v 0.644044 0.137480 0.163611
v 0.799226 0.230040 0.265460
v 0.428976 0.184709 0.176450
v 0.423445 0.190091 0.162722
v 0.613478 0.324960 0.226139
v 0.808316 0.240190 0.268388
v 0.982176 0.348602 0.270600
v 0.811230 0.240181 0.255419
v 0.619068 0.325075 0.213625
v 0.982473 0.348365 0.257457
v 0.767450 0.494730 0.265287
v 0.775524 0.490314 0.254074
v 0.610888 0.327440 0.211347
v 0.376750 0.348825 0.164283
v 0.605182 0.328825 0.223775
v 0.370895 0.354181 0.175930
v 0.364672 0.351755 0.174412
v 0.602155 0.322260 0.211868
v 0.422273 0.193276 0.162657
v 0.422187 0.188726 0.175258
v 0.201155 0.208837 0.181070
v 0.598913 0.321060 0.224773
v 0.201176 0.208757 0.194213
v 0.064427 0.057895 0.196925
v 0.070121 0.053564 0.208897
v 0.260043 0.065999 0.129907
v 0.261257 0.062814 0.128866
v 0.265791 0.057778 0.140404
v 0.057618 0.055127 0.197575
v 0.274162 0.054123 0.138669
v 0.269983 0.064837 0.129430
v 0.424347 0.187983 0.160748
v 0.638849 0.142413 0.152138
v 0.461404 0.081766 0.069483
v 0.462293 0.079396 0.067487
v 0.470569 0.079029 0.068181
v 0.648693 0.142619 0.149709
v 0.825063 0.057380 0.105333
v 0.662924 0.068973 0.002704
v 0.663415 0.067499 0.000014
v 0.669926 0.066875 0.000014
v 0.831638 0.057123 0.102666
v 0.831638 0.057123 -0.102638
v -0.039637 0.233555 -0.196940
v -0.051633 0.236722 -0.209735
v -0.039060 0.240391 -0.208825
v 0.191030 0.209051 -0.179220
v 0.359052 0.343594 -0.163105
v 0.191916 0.211889 -0.192146
v 0.357336 0.349648 -0.175208
v 0.133621 0.349806 -0.126712
v 0.367770 0.348116 -0.160525
v 0.566115 0.497214 -0.147880
v 0.363416 0.355677 -0.171672
v 0.559560 0.506962 -0.157141
v 0.324301 0.466372 -0.075831
v -0.138945 0.077555 0.165411
v -0.039060 0.240391 0.208831
v 0.191916 0.211889 0.192153
v 0.357336 0.349648 0.175236
v -0.039637 0.233555 0.196946
v 0.191030 0.209051 0.179227
v 0.359052 0.343594 0.163112
v 0.121275 0.357602 0.135589
v 0.133621 0.349806 0.126719
v 0.367770 0.348116 0.160531
v 0.566115 0.497214 0.147887
v 0.363416 0.355677 0.171679
v 0.559560 0.506962 0.157148
v 0.129435 0.360444 0.136045
v 0.324301 0.466372 0.075859
v 0.323015 0.469717 0.072086
v 0.314564 0.467901 0.072454
v 0.091584 0.419304 0.000014
v 0.120516 0.360154 0.131556
v -0.116407 0.372214 0.086443
v 0.092527 0.417987 0.004373
v 0.083434 0.415858 0.000014
v -0.129837 0.369573 -0.078086
v -0.261333 0.262740 0.000014
v -0.129837 0.369573 0.078093
v -0.130013 0.368864 -0.086805
v -0.140145 0.361058 -0.086024
v -0.234134 0.204884 -0.124847
v -0.268120 0.257579 -0.004367
v -0.417173 0.138835 -0.057590
v -0.235787 0.207071 -0.120834
v -0.406112 0.127730 -0.052537
v -0.225171 0.198308 -0.112939
v -0.359154 0.049251 -0.125063
v -0.449970 -0.011190 -0.072426
v -0.462964 -0.005942 -0.080558
v -0.371111 0.056177 -0.133197
v -0.402317 -0.081125 -0.115000
v -0.396189 -0.080092 -0.102638
v -0.504775 -0.144816 -0.078042
v -0.513587 -0.142817 -0.089429
v -0.448386 -0.200788 -0.089472
v -0.443469 -0.196570 -0.077284
v -0.503601 -0.214109 -0.054186
v -0.271779 -0.057568 0.130536
v -0.065904 -0.049232 0.117610
v -0.067855 -0.046333 0.118672
v -0.067060 -0.056539 0.128758
v -0.271581 -0.064564 0.142356
v 0.056061 0.058236 0.197250
v -0.142846 0.076068 0.178208
v 0.054744 0.058370 0.210372
v -0.221431 -0.138924 -0.053882
v -0.042307 -0.104157 0.000014
v -0.221431 -0.138924 0.053889
v -0.220874 -0.138533 -0.051171
v -0.220874 -0.138533 0.051178
v -0.292797 -0.179834 0.000014
v -0.299051 -0.181839 0.000014
v -0.227879 -0.142141 0.053585
v -0.227879 -0.142141 -0.053578
v -0.300425 -0.180862 -0.002545
v -0.384595 -0.230146 -0.033169
v -0.326664 -0.152198 -0.073510
v -0.327804 -0.151433 -0.076091
v -0.321774 -0.148795 -0.077218
v -0.318347 -0.159743 -0.086458
v -0.222534 -0.136792 -0.055639
v -0.075749 -0.052621 -0.116388
v -0.276968 -0.062365 -0.126734
v -0.279104 -0.060781 -0.128751
v -0.271779 -0.057568 -0.130529
v -0.067855 -0.046333 -0.118665
v -0.067060 -0.056539 -0.128751
v -0.271581 -0.064564 -0.142349
v -0.142846 0.076068 -0.178201
v 0.054744 0.058370 -0.210364
v 0.056061 0.058236 -0.197243
v -0.138945 0.077555 -0.165404
v 0.543397 0.582878 0.000014
v 0.322909 0.470373 -0.067438
v 0.100060 0.422434 0.000014
v 0.322909 0.470373 0.067444
v 0.120516 0.360154 -0.131548
v -0.116407 0.372214 -0.086436
v 0.092527 0.417987 -0.004367
v 0.113295 0.354366 -0.135344
v -0.126232 0.362593 -0.093529
v -0.226904 0.208465 -0.125042
v -0.217519 0.200152 -0.116084
v -0.054844 0.243753 -0.204140
v -0.048196 0.233214 -0.195508
v -0.147766 0.077793 -0.163778
v -0.351616 0.052121 -0.128339
v -0.152908 0.077467 -0.176379
v -0.357935 0.055585 -0.140332
v -0.284814 -0.060790 -0.141243
v -0.280849 -0.058146 -0.128577
v -0.393228 -0.080179 -0.117907
v -0.387872 -0.077802 -0.105479
v -0.327077 -0.158455 -0.087347
v -0.433444 -0.200178 -0.091381
v -0.330723 -0.149397 -0.076850
v -0.434935 -0.194072 -0.079257
v -0.336080 -0.156928 -0.073965
v -0.390649 -0.233520 -0.032475
v -0.438280 -0.199820 -0.075505
v -0.460850 -0.242666 -0.039047
v -0.398672 -0.236836 -0.031174
v -0.464810 -0.246967 -0.034926
v -0.518025 -0.287615 -0.009768
v -0.450038 -0.257058 -0.002697
v -0.442687 -0.254845 0.000014
v -0.390509 -0.233099 -0.029699
v -0.307778 -0.186310 0.000014
v -0.390509 -0.233099 0.029706
v -0.384595 -0.230146 0.033176
v -0.300425 -0.180862 0.002552
v -0.326664 -0.152198 0.073517
v -0.318347 -0.159743 0.086465
v -0.222534 -0.136792 0.055645
v -0.321774 -0.148795 0.077225
v -0.075749 -0.052621 0.116395
v -0.276968 -0.062365 0.126740
v 0.825063 0.057380 -0.105327
v 0.662924 0.068973 -0.002675
v 0.470569 0.079029 -0.068175
v 0.648693 0.142619 -0.149702
v 0.654307 0.066106 0.000014
v 0.462314 0.079474 -0.064639
v 0.462314 0.079474 0.064667
v 0.298902 0.004243 0.000014
v 0.290255 0.002586 0.000014
v 0.454080 0.075898 0.067812
v 0.261870 0.061602 0.126112
v 0.137735 -0.066265 0.081520
v 0.289770 0.004008 0.002725
v 0.131460 -0.069191 0.081737
v 0.253979 0.060260 0.128671
v 0.130217 -0.066741 0.083537
v 0.058862 0.053125 0.195211
v 0.134355 -0.077403 0.092863
v -0.058990 -0.046886 0.117935
v -0.057332 -0.058304 0.127044
v 0.124111 -0.070534 0.081238
v -0.065399 -0.050337 0.114985
v -0.213091 -0.137110 0.054756
v -0.033262 -0.099978 0.002617
v 0.131362 -0.068821 0.078830
v -0.025409 -0.099029 0.000014
v 0.283092 0.000214 0.000014
v 0.131362 -0.068821 -0.078824
v 0.289770 0.004008 -0.002719
v 0.137735 -0.066265 -0.081513
v 0.454080 0.075898 -0.067806
v 0.261870 0.061602 -0.126083
v 0.837044 0.041486 -0.110988
v 1.170592 -0.003213 -0.112939
v 0.836996 0.056238 -0.105978
v 1.175665 0.010946 -0.108125
v 1.000049 0.112303 -0.188372
v 1.002266 0.126470 -0.183666
v 0.831574 0.056861 -0.105739
v 1.181072 0.010297 -0.108255
v 1.174986 -0.004725 -0.103766
v 1.175665 0.010946 0.108132
v 1.174338 0.015263 -0.111530
v 1.008876 0.125792 -0.183883
v 1.174412 0.192657 -0.257711
v 1.180781 0.195975 -0.261203
v 0.329942 0.473323 -0.072685
v 0.314564 0.467901 -0.072447
v 0.567644 0.512539 -0.153367
v 0.744410 0.681583 -0.109795
v 0.337803 0.460126 -0.067958
v 0.575737 0.501576 -0.145798
v 0.754138 0.669325 -0.105153
v 0.576413 0.500364 -0.148704
v 0.760836 0.672828 -0.106021
v 0.329597 0.456074 -0.067220
v 0.583607 0.501841 -0.149225
v 0.782298 0.492161 -0.255889
v 0.781952 0.494212 -0.253699
v 0.969512 0.566847 -0.180847
v 0.976650 0.567770 -0.181432
v 0.778194 0.506004 -0.262135
v 0.969665 0.578365 -0.189935
v 0.761097 0.669697 -0.107995
v 0.769394 0.686869 -0.110771
v 0.766872 0.672258 -0.105826
v 0.977021 0.569190 -0.178439
v 1.174843 0.643977 -0.108190
v 0.977514 0.581916 -0.186377
v 1.173827 0.658732 -0.113157
v 1.180468 0.643616 -0.108125
v 0.983570 0.567382 -0.181410
v 1.173993 0.462431 -0.257906
v 1.174141 0.640323 -0.111140
v 1.181487 0.658287 0.113228
v 1.174176 0.643979 -0.103830
v 1.178697 0.659427 -0.104286
v 0.978756 0.673266 0.000014
v 0.978244 0.657332 0.000014
v 1.173827 0.658732 0.113164
v 0.972264 0.672076 0.004698
v 0.769394 0.686869 0.110777
v 0.971419 0.656274 0.002986
v 1.174843 0.643977 0.108197
v 0.766872 0.672258 0.105854
v 0.756960 0.687355 0.110669
v 0.964420 0.672441 0.000014
v 0.756711 0.687777 -0.101900
v 0.560759 0.588189 0.000014
v 0.760777 0.672302 -0.103072
v 0.964152 0.656507 0.000014
v 0.568987 0.573964 0.000014
v 0.977046 0.579131 0.190678
v 1.178115 0.473041 0.267282
v 0.983593 0.578637 0.190721
v 1.180469 0.464146 0.273312
v 0.995004 0.348089 0.271446
v 1.177124 0.453794 0.273962
v 1.176869 0.201641 0.274049
v 1.178928 0.189698 0.273225
v 0.988866 0.348582 0.271360
v 1.172947 0.464643 0.273159
v 0.989529 0.354311 0.269928
v 0.790173 0.498183 0.267759
v 0.778981 0.498902 0.267586
v 0.976981 0.573870 0.193107
v 0.969512 0.566847 0.180853
v 0.969665 0.578365 0.189963
v 0.778194 0.506004 0.262142
v 0.576112 0.512066 0.157777
v 0.568626 0.510197 0.157408
v 0.583607 0.501841 0.149253
v 0.761097 0.669697 0.108002
v 0.757386 0.680123 0.117587
v 0.754138 0.669325 0.105161
v 0.337803 0.460126 0.067964
v 0.744410 0.681583 0.109801
v 0.329942 0.473323 0.072714
v 0.561857 0.570856 0.002791
v 0.552918 0.584636 0.004330
v -0.561292 -0.269523 -0.018009
v -0.563372 -0.274671 -0.008943
v -0.559608 -0.272158 -0.020069
v -0.562537 -0.270571 -0.010396
v -0.551919 -0.214567 -0.028961
v -0.577360 -0.272182 -0.023821
v -0.566222 -0.215655 -0.037073
v -0.569950 -0.264395 -0.010483
v -0.573089 -0.264174 -0.008293
v -0.547839 -0.192412 -0.036488
v -0.555905 -0.264227 -0.023865
v -0.507587 -0.218805 -0.052364
v -0.510856 -0.217060 -0.051019
v -0.513449 -0.158464 -0.072729
v -0.510155 -0.151584 -0.076286
v -0.544704 -0.194314 -0.037789
v -0.544931 -0.186740 -0.037616
v -0.526063 -0.147196 -0.081968
v -0.473887 -0.023134 -0.078065
v -0.511678 -0.149897 -0.074204
v -0.461193 -0.027354 -0.069281
v -0.455376 -0.016590 -0.071515
v -0.555311 -0.120390 -0.033125
v -0.558175 -0.119356 -0.031239
v -0.234134 0.204884 0.124875
v -0.061972 0.230259 0.207704
v -0.051633 0.236722 0.209742
v -0.149816 0.072882 0.177730
v -0.231755 0.200432 0.127066
v -0.357935 0.055585 0.140361
v -0.152908 0.077467 0.176407
v -0.367444 0.050801 0.138018
v -0.242421 0.198124 0.122859
v -0.426321 0.131554 0.056361
v -0.158850 0.068466 0.175648
v -0.280419 -0.066983 0.140838
v -0.360632 0.043761 0.139472
v -0.284814 -0.060790 0.141250
v -0.393228 -0.080179 0.117913
v -0.398148 -0.084608 0.116547
v -0.286338 -0.072644 0.138734
v -0.322944 -0.161912 0.085380
v -0.393641 -0.088462 0.115549
v -0.327077 -0.158455 0.087354
v -0.433444 -0.200178 0.091388
v -0.441067 -0.206911 0.088894
v -0.330056 -0.167255 0.083017
v -0.383125 -0.246822 0.037319
v -0.392700 -0.231726 0.034282
v -0.387572 -0.242997 0.042827
v -0.457222 -0.254512 0.047469
v -0.460850 -0.242666 0.039054
v -0.433718 -0.210774 0.084491
v -0.398672 -0.236836 0.031180
v -0.462738 -0.258229 0.045907
v -0.393463 -0.251235 0.035431
v -0.450038 -0.257058 0.002704
v -0.518025 -0.287615 0.009774
v -0.442761 -0.271569 0.004091
v -0.511293 -0.301363 0.014372
v -0.525363 -0.306895 0.011596
v -0.528540 -0.289030 0.010512
v -0.534605 -0.290010 0.006261
v -0.540237 -0.288520 0.003137
v -0.549492 -0.287652 0.002443
v -0.543655 -0.304183 0.003050
v -0.554112 -0.302915 0.004244
v -0.547265 -0.301463 0.013049
v -0.540754 -0.299116 0.015716
v -0.529016 -0.301282 0.018927
v -0.482769 -0.269132 0.037839
v -0.538736 -0.284659 0.010359
v -0.544062 -0.295689 0.028166
v -0.546485 -0.284742 0.010295
v -0.553437 -0.285324 0.005870
v -0.551490 -0.299426 0.013981
v -0.560863 -0.298818 0.010338
v -0.562112 -0.292452 0.018775
v -0.559014 -0.282021 0.005870
v -0.570708 -0.292871 0.010533
v -0.558665 -0.288280 0.022549
v -0.551955 -0.287486 0.030097
v -0.524877 -0.242077 0.052934
v -0.559544 -0.282940 0.030053
v -0.570864 -0.279643 0.028383
v -0.513494 -0.225123 0.063670
v -0.534430 -0.287146 0.034477
v -0.573734 -0.286079 0.014155
v -0.577485 -0.283122 0.013505
v -0.562938 -0.279696 0.002422
v -0.562938 -0.279696 -0.002415
v -0.564970 -0.273771 -0.005885
v -0.569406 -0.269420 -0.006297
v -0.578816 -0.282907 -0.009919
v -0.584566 -0.277892 -0.008422
v -0.577877 -0.288512 0.004417
v -0.582064 -0.281003 0.003094
v -0.566239 -0.273085 0.003072
v -0.569405 -0.269420 0.006304
v -0.590067 -0.268147 0.011834
v -0.584909 -0.272370 0.000014
v -0.577108 -0.277100 0.016194
v -0.566221 -0.215655 0.037080
v -0.562537 -0.270571 0.010403
v -0.569950 -0.264395 0.010490
v -0.551919 -0.214567 0.028968
v -0.582969 -0.268879 0.018927
v -0.562521 -0.193260 0.044259
v -0.566697 -0.267376 0.034174
v -0.544704 -0.194314 0.037817
v -0.558519 -0.196061 0.046276
v -0.518123 -0.222559 0.062217
v -0.524331 -0.162768 0.082669
v -0.520516 -0.152552 0.087094
v -0.559497 -0.186565 0.045538
v -0.526063 -0.147196 0.081997
v -0.473887 -0.023134 0.078071
v -0.544931 -0.186740 0.037622
v -0.555311 -0.120390 0.033133
v -0.461193 -0.027354 0.069287
v -0.568366 -0.118614 0.042198
v -0.574912 -0.115701 0.035540
v -0.559017 -0.127874 0.029706
v -0.571894 -0.254476 0.009926
v -0.576346 -0.128109 0.033805
v -0.589180 -0.253661 0.014068
v -0.581149 -0.181529 0.003961
v -0.563013 -0.182557 0.002877
v -0.565001 -0.206139 0.000014
v -0.583181 -0.204873 0.000014
v -0.572367 -0.262941 -0.005321
v -0.590352 -0.264384 -0.003521
v -0.589180 -0.253661 -0.014062
v -0.564738 -0.192254 -0.040478
v -0.576346 -0.128109 -0.033798
v -0.571894 -0.254476 -0.009919
v -0.549213 -0.191776 -0.033581
v -0.559017 -0.127874 -0.029699
v -0.561675 -0.175750 0.000014
v -0.579682 -0.173224 0.000014
v -0.574713 -0.114125 -0.027270
v -0.501673 0.004826 0.000014
v -0.557444 -0.119043 -0.028485
v -0.485388 -0.002376 0.000014
v -0.553196 -0.111298 0.031961
v -0.568260 -0.104126 0.036451
v -0.468413 -0.012026 0.079915
v -0.495263 0.015851 0.004135
v -0.432982 0.120634 0.055602
v -0.479104 0.008675 0.002682
v -0.417178 0.114800 0.051135
v -0.449970 -0.011190 0.072432
v -0.410253 0.120643 0.054040
v -0.421620 0.126963 0.062911
v -0.462964 -0.005942 0.080587
v -0.371111 0.056177 0.133204
v -0.373807 0.041829 0.136001
v -0.464821 -0.015245 0.082279
v -0.513587 -0.142817 0.089458
v -0.402317 -0.081125 0.115007
v -0.404194 -0.093110 0.113576
v -0.511042 -0.157681 0.088374
v -0.509397 -0.219799 0.065752
v -0.448386 -0.200788 0.089480
v -0.469505 -0.244349 0.038620
v -0.508995 -0.228136 0.062521
v -0.467246 -0.255717 0.047708
v -0.448650 -0.213752 0.084318
v -0.440805 -0.198867 -0.077522
v -0.447057 -0.203607 -0.074226
v -0.466164 -0.246149 -0.037659
v -0.469504 -0.244349 -0.038613
v -0.504322 -0.220733 -0.051366
v -0.533562 -0.277970 -0.023713
v -0.540507 -0.283472 -0.020091
v -0.482769 -0.269132 -0.037832
v -0.486771 -0.256919 -0.029872
v -0.526975 -0.291506 -0.008336
v -0.528540 -0.289030 -0.010505
v -0.537226 -0.283849 -0.018117
v -0.534126 -0.298191 -0.023388
v -0.538736 -0.284659 -0.010353
v -0.542998 -0.286803 -0.008834
v -0.538613 -0.305382 -0.008206
v -0.551827 -0.297479 -0.019961
v -0.546763 -0.302334 -0.009550
v -0.533484 -0.303530 0.000014
v -0.521618 -0.305723 -0.003109
v -0.465031 -0.280547 0.000014
v -0.526069 -0.290510 -0.005386
v -0.533831 -0.287567 0.000014
v -0.472761 -0.266087 0.000014
v -0.534605 -0.290010 -0.006254
v -0.541617 -0.287754 -0.005755
v -0.549492 -0.287652 -0.002437
v -0.544752 -0.284011 -0.015124
v -0.549743 -0.282944 -0.011221
v -0.559078 -0.294933 -0.016686
v -0.553121 -0.280777 -0.012586
v -0.550611 -0.277629 -0.014669
v -0.543157 -0.280334 -0.020177
v -0.519802 -0.235386 -0.041563
v -0.555415 -0.273038 -0.020200
v -0.570850 -0.286114 -0.020177
v -0.566005 -0.290650 -0.016946
v -0.556761 -0.278609 -0.011459
v -0.553196 -0.111298 -0.031955
v -0.456446 -0.015903 -0.068803
v -0.417178 0.114800 -0.051127
v -0.412364 0.122622 -0.052146
v -0.470342 -0.010417 -0.076025
v -0.432983 0.120634 -0.055596
v -0.568260 -0.104126 -0.036444
v -0.490503 0.023358 0.000014
v -0.426117 0.132368 -0.048417
v -0.276420 0.251058 0.000014
v -0.411844 0.122516 -0.049457
v -0.474757 0.015288 0.000014
v -0.263773 0.239580 0.000014
v -0.406112 0.127730 0.052566
v -0.417173 0.138835 0.057597
v -0.268120 0.257579 0.004395
v -0.140145 0.361058 0.086053
v -0.130013 0.368864 0.086812
v -0.255804 0.245971 0.002791
v -0.127503 0.351159 0.081216
v 0.113295 0.354366 0.135372
v -0.126232 0.362593 0.093536
v -0.226904 0.208465 0.125049
v -0.054844 0.243753 0.204147
v 0.147048 -0.078573 -0.086480
v 0.268979 0.050458 -0.134000
v 0.460719 0.062362 -0.072838
v 0.261257 0.062814 -0.128838
v 0.462293 0.079396 -0.067481
v 0.269982 0.064837 -0.129401
v 0.274162 0.054123 -0.138663
v 0.638840 0.130684 -0.161023
v 0.461404 0.081766 -0.069476
v 0.638849 0.142413 -0.152110
v 0.648279 0.143857 -0.152435
v 0.424347 0.187983 -0.160741
v 0.423445 0.190091 -0.162693
v 0.425150 0.180225 -0.172214
v 0.431767 0.190906 -0.164493
v 0.647083 0.147148 -0.153389
v 0.804962 0.236755 -0.254262
v 0.811658 0.236865 -0.255650
v 0.613075 0.321095 -0.211579
v 0.612141 0.324280 -0.212685
v 0.995382 0.126965 -0.183232
v 0.831323 0.059492 -0.107648
v 0.654902 0.143706 -0.153216
v 0.817236 0.236796 -0.255867
v 1.002722 0.129939 -0.184772
v 1.175319 0.196309 -0.261051
v 0.989405 0.345057 -0.256909
v 0.989542 0.348501 -0.258188
v 0.811230 0.240181 -0.255390
v 1.173939 0.202178 -0.261073
v 1.174082 0.453304 -0.260986
v 0.996333 0.348111 -0.258318
v 1.180517 0.458228 -0.261073
v 1.174970 0.458481 -0.261116
v 0.976570 0.564196 -0.182625
v 0.788146 0.492064 -0.255716
v 0.990042 0.351945 -0.256909
v 0.782721 0.488109 -0.255520
v 0.982473 0.348365 -0.257451
v 0.619068 0.325075 -0.213596
v 0.775524 0.490314 -0.254068
v 0.610888 0.327440 -0.211319
v 0.376750 0.348825 -0.164255
v 0.577215 0.497154 -0.149853
v 0.368489 0.346089 -0.162433
v 0.602155 0.322260 -0.211861
v 0.369691 0.343141 -0.162325
v 0.422273 0.193276 -0.162629
v 0.201155 0.208837 -0.181042
v 0.192175 0.205998 -0.180412
v 0.414708 0.187014 -0.163453
v 0.193582 0.202970 -0.179285
v 0.260043 0.065999 -0.129900
v 0.064427 0.057895 -0.196896
v 0.057618 0.055127 -0.197568
v 0.253979 0.060260 -0.128664
v 0.131460 -0.069191 -0.081730
v 0.130217 -0.066741 -0.083530
v -0.058990 -0.046886 -0.117928
v -0.065904 -0.049232 -0.117603
v 0.125890 -0.085372 -0.085873
v 0.124111 -0.070534 -0.081231
v -0.208475 -0.151403 -0.059586
v -0.063009 -0.063257 -0.122461
v -0.065399 -0.050337 -0.114979
v -0.213091 -0.137110 -0.054749
v 1.174680 0.011211 -0.103375
v 1.010278 0.017238 0.000014
v 1.013973 0.032845 0.000014
v 1.170592 -0.003213 0.112947
v 1.005042 0.019700 0.004894
v 0.837044 0.041486 0.110994
v 1.007732 0.035258 0.002812
v 0.836996 0.056238 0.106006
v 1.000247 0.115247 0.192934
v 1.000679 0.034411 0.000014
v 1.175535 0.003661 0.120538
v 1.005928 0.114678 0.193086
v 1.175683 0.181765 0.267282
v 1.171599 0.190350 0.272964
v 1.000865 0.120584 0.195341
v 0.818263 0.230666 0.268020
v 0.988577 0.342640 0.269928
v 0.809107 0.231456 0.267889
v 0.994373 0.115687 0.192521
v 0.999298 0.018507 0.000014
v 0.829140 0.047533 0.116221
v 0.809637 0.223881 0.262923
v 0.831323 0.059492 0.107654
v 0.651365 0.132592 0.162288
v 0.654902 0.143706 0.153222
v 0.645659 0.132557 0.161529
v 0.644044 0.137480 0.163611
v 0.799226 0.230040 0.265460
v 0.428976 0.184709 0.176450
v 0.607820 0.318246 0.223970
v 0.606835 0.323744 0.225271
v 0.423721 0.184041 0.174867
v 0.613478 0.324960 0.226139
v 0.808316 0.240190 0.268388
v 0.982176 0.348602 0.270600
v 0.779706 0.488250 0.268518
v 0.767450 0.494730 0.265287
v 0.376750 0.348825 0.164283
v 0.605182 0.328825 0.223775
v 0.370895 0.354181 0.175930
v 0.364672 0.351755 0.174412
v 0.569405 0.505355 0.159642
v 0.577215 0.497154 0.149860
v 0.366581 0.346569 0.174976
v 0.422187 0.188726 0.175258
v 0.598913 0.321060 0.224773
v 0.201176 0.208757 0.194213
v 0.193741 0.206755 0.193519
v 0.196383 0.201752 0.192262
v 0.417905 0.181613 0.175626
v 0.070121 0.053564 0.208897
v 0.265791 0.057778 0.140404
v 0.267411 0.052934 0.138192
v 0.059083 0.049443 0.209829
v 0.274162 0.054123 0.138669
v 0.425150 0.180225 0.172222
v 0.638840 0.130684 0.161052
v 0.461404 0.081766 0.069483
v 0.464567 0.067951 0.075621
v 0.465520 0.064949 0.072541
v 0.470163 0.064305 0.073213
v 0.821005 0.042877 0.109953
v 0.470569 0.079029 0.068181
v 0.825063 0.057380 0.105333
v 0.662924 0.068973 0.002704
v 0.661225 0.053279 0.004612
v 0.667253 0.051078 0.000014
v 0.669926 0.066875 0.000014
v 0.829623 0.041352 -0.103853
v 0.831638 0.057123 -0.102638
v -0.047324 0.231265 -0.197764
v -0.039637 0.233555 -0.196940
v 0.191030 0.209051 -0.179220
v 0.359052 0.343594 -0.163105
v 0.125697 0.343466 -0.127514
v 0.124260 0.346444 -0.126430
v 0.133621 0.349806 -0.126712
v 0.367770 0.348116 -0.160525
v 0.566115 0.497214 -0.147880
v 0.363416 0.355677 -0.171672
v 0.559560 0.506962 -0.157141
v 0.330469 0.453941 -0.068890
v -0.039060 0.240391 0.208831
v 0.191916 0.211889 0.192153
v 0.357336 0.349648 0.175236
v 0.121275 0.357602 0.135589
v 0.123625 0.353177 0.137845
v 0.133621 0.349806 0.126719
v 0.363416 0.355677 0.171679
v 0.559560 0.506962 0.157148
v 0.129435 0.360444 0.136045
v 0.330469 0.453941 0.068897
v 0.324301 0.466372 0.075859
v 0.323015 0.469717 0.072086
v 0.319753 0.453869 0.067466
v 0.314564 0.467901 0.072454
v -0.113405 0.357636 0.081563
v 0.097140 0.402696 0.002660
v -0.116407 0.372214 0.086443
v 0.092527 0.417987 0.004373
v 0.088520 0.400539 0.000014
v -0.121778 0.355900 -0.081947
v -0.121332 0.355504 -0.079063
v 0.083434 0.415858 0.000014
v -0.249708 0.250451 0.000014
v -0.129837 0.369573 -0.078086
v -0.261333 0.262740 0.000014
v -0.140145 0.361058 -0.086024
v -0.417173 0.138835 -0.057590
v -0.127503 0.351159 -0.081210
v -0.235787 0.207071 -0.120834
v -0.406112 0.127730 -0.052537
v -0.225171 0.198308 -0.112939
v -0.224266 0.197121 -0.115824
v -0.232216 0.190230 -0.114111
v -0.358098 0.047486 -0.127037
v -0.410253 0.120643 -0.054034
v -0.359154 0.049251 -0.125063
v -0.242421 0.198124 -0.122851
v -0.449970 -0.011190 -0.072426
v -0.371111 0.056177 -0.133197
v -0.364000 0.041482 -0.124890
v -0.393519 -0.081966 -0.104004
v -0.396189 -0.080092 -0.102638
v -0.504775 -0.144816 -0.078042
v -0.452764 -0.018596 -0.072772
v -0.400622 -0.090043 -0.100925
v -0.443469 -0.196570 -0.077284
v -0.506551 -0.153120 -0.076178
v -0.503601 -0.214109 -0.054186
v -0.067060 -0.056539 0.128758
v -0.271581 -0.064564 0.142356
v -0.064186 -0.060807 0.126567
v 0.048282 0.045243 0.207552
v -0.147179 0.068009 0.176407
v -0.142846 0.076068 0.178208
v 0.054744 0.058370 0.210372
v 0.186236 0.203938 0.193259
v -0.046335 0.227238 0.210502
v -0.221431 -0.138924 -0.053882
v -0.037077 -0.119426 0.000014
v -0.216116 -0.152774 0.059159
v -0.042307 -0.104157 0.000014
v -0.220874 -0.138533 -0.051171
v -0.214746 -0.153251 -0.053622
v -0.292797 -0.179834 0.000014
v -0.285593 -0.194477 0.000014
v -0.227879 -0.142141 0.053585
v -0.221484 -0.155939 0.058335
v -0.227879 -0.142141 -0.053578
v -0.221484 -0.155939 -0.058328
v -0.384595 -0.230146 -0.033169
v -0.374947 -0.242167 -0.038310
v -0.320332 -0.163920 -0.081188
v -0.326664 -0.152198 -0.073510
v -0.327804 -0.151433 -0.076091
v -0.321774 -0.148795 -0.077218
v -0.073171 -0.063857 -0.125541
v -0.222534 -0.136792 -0.055639
v -0.075749 -0.052621 -0.116388
v -0.275269 -0.071942 -0.137187
v -0.276968 -0.062365 -0.126734
v -0.279104 -0.060781 -0.128751
v -0.271779 -0.057568 -0.130529
v -0.067855 -0.046333 -0.118665
v 0.050579 0.053018 -0.196180
v -0.144284 0.072024 -0.163843
v -0.145784 0.074841 -0.164992
v 0.056061 0.058236 -0.197243
v -0.138945 0.077555 -0.165404
v 0.184622 0.203102 -0.180153
v -0.045334 0.228025 -0.197373
v 0.551324 0.568495 0.000014
v 0.543397 0.582878 0.000014
v 0.322909 0.470373 -0.067438
v 0.100060 0.422434 0.000014
v 0.329705 0.455943 -0.064705
v 0.105994 0.407349 0.000014
v 0.319753 0.453869 -0.067459
v 0.123909 0.347681 -0.123719
v -0.113405 0.357636 -0.081556
v 0.120516 0.360154 -0.131548
v -0.116407 0.372214 -0.086436
v -0.120130 0.353319 -0.083747
v 0.116444 0.343206 -0.126235
v -0.217519 0.200152 -0.116084
v -0.054844 0.243753 -0.204140
v -0.048196 0.233214 -0.195508
v -0.053693 0.227762 -0.196159
v -0.147766 0.077793 -0.163778
v -0.351616 0.052121 -0.128339
v -0.222673 0.194145 -0.116865
v -0.154910 0.069874 -0.162845
v -0.355313 0.044848 -0.126929
v -0.280849 -0.058146 -0.128577
v -0.387872 -0.077802 -0.105479
v -0.285803 -0.064731 -0.127297
v -0.390765 -0.083920 -0.103093
v -0.330723 -0.149397 -0.076850
v -0.434935 -0.194072 -0.079257
v -0.330056 -0.167255 -0.082988
v -0.336080 -0.156928 -0.073965
v -0.390649 -0.233520 -0.032475
v -0.438280 -0.199820 -0.075505
v -0.392700 -0.231726 -0.034276
v -0.433718 -0.210774 -0.084484
v -0.460850 -0.242666 -0.039047
v -0.398672 -0.236836 -0.031174
v -0.464810 -0.246967 -0.034926
v -0.460527 -0.259812 -0.042105
v -0.518025 -0.287615 -0.009768
v -0.393463 -0.251235 -0.035403
v -0.511292 -0.301363 -0.014365
v -0.442687 -0.254845 0.000014
v -0.390509 -0.233099 -0.029699
v -0.307778 -0.186310 0.000014
v -0.434961 -0.269306 0.000014
v -0.381556 -0.246986 -0.030176
v -0.297650 -0.199568 0.000014
v -0.374947 -0.242167 0.038316
v -0.291239 -0.194434 0.004590
v -0.384595 -0.230146 0.033176
v -0.300425 -0.180862 0.002552
v -0.318347 -0.159743 0.086465
v -0.218279 -0.149164 0.063366
v -0.073170 -0.063857 0.125547
v -0.222534 -0.136792 0.055645
v -0.275269 -0.071942 0.137194
v 0.825063 0.057380 -0.105327
v 0.821005 0.042877 -0.109947
v 0.470163 0.064305 -0.073207
v 0.470569 0.079029 -0.068175
v 0.646032 0.129744 -0.157228
v 0.648693 0.142619 -0.149702
v 0.655599 0.050195 0.000014
v 0.465762 0.064501 -0.068457
v 0.654307 0.066106 0.000014
v 0.462314 0.079474 -0.064639
v 0.298902 0.004243 0.000014
v 0.304791 -0.010844 0.000014
v 0.460719 0.062362 0.072844
v 0.454080 0.075898 0.067812
v 0.137735 -0.066265 0.081520
v 0.289770 0.004008 0.002725
v 0.298088 -0.010033 0.004569
v 0.147048 -0.078573 0.086508
v 0.137115 -0.083013 0.086877
v 0.260432 0.050536 0.137997
v 0.062922 0.042436 0.204494
v -0.057332 -0.058304 0.127044
v 0.124111 -0.070534 0.081238
v -0.213091 -0.137110 0.054756
v 0.125890 -0.085372 0.085879
v -0.208475 -0.151403 0.059593
v -0.033262 -0.099978 0.002617
v -0.029401 -0.115399 0.004439
v -0.021446 -0.114609 0.000014
v 0.291546 -0.013931 0.000014
v -0.025409 -0.099029 0.000014
v 0.283092 0.000214 0.000014
v 0.131362 -0.068821 -0.078824
v 0.137624 -0.083803 -0.078953
v 0.137735 -0.066265 -0.081513
v 0.454080 0.075898 -0.067806
v 0.261870 0.061602 -0.126083
v 1.175665 0.010946 -0.108125
v 1.000049 0.112303 -0.188372
v 1.002289 0.125182 -0.180782
v 1.174986 -0.004725 -0.103766
v 1.175665 0.010946 0.108132
v 1.174338 0.015263 -0.111530
v 1.174412 0.192657 -0.257711
v 1.175683 0.181765 -0.267275
v 1.175535 0.003661 -0.120530
v 1.178115 0.473041 -0.267275
v 1.178343 0.651644 -0.119902
v 1.173993 0.462431 -0.257906
v 1.174141 0.640323 -0.111140
v 1.174176 0.643979 -0.103830
v 1.178697 0.659427 0.104293
v 1.178697 0.659427 -0.104286
v 1.174176 0.643979 0.103859
v 1.174141 0.640323 0.111168
v 1.173993 0.462431 0.257913
v 1.178343 0.651644 0.119908
v 1.178115 0.473041 0.267282
v 1.173939 0.202178 0.261079
v 1.174970 0.458481 0.261122
v 1.174082 0.453304 0.260992
v 1.177124 0.453794 0.273962
v 1.176869 0.201641 0.274049
v 0.976981 0.573870 0.193107
v 0.976570 0.564196 0.182654
v -0.577485 -0.283122 -0.013497
v -0.569748 -0.299422 0.000014
v -0.577877 -0.288512 -0.004411
v -0.577108 -0.277100 -0.016187
v -0.570864 -0.279643 -0.028376
v -0.577360 -0.272182 -0.023821
v -0.566222 -0.215655 -0.037073
v -0.590067 -0.268147 -0.011806
v -0.582969 -0.268879 -0.018898
v -0.562521 -0.193260 -0.044252
v -0.566697 -0.267376 -0.034145
v -0.510856 -0.217060 -0.051019
v -0.513449 -0.158464 -0.072729
v -0.518123 -0.222559 -0.062189
v -0.524331 -0.162768 -0.082662
v -0.520516 -0.152552 -0.087066
v -0.558519 -0.196061 -0.046247
v -0.559497 -0.186565 -0.045532
v -0.526063 -0.147196 -0.081968
v -0.473887 -0.023134 -0.078065
v -0.468413 -0.012026 -0.079908
v -0.568366 -0.118614 -0.042192
v -0.574912 -0.115701 -0.035533
v -0.053693 0.227762 0.196165
v -0.234134 0.204884 0.124875
v -0.061972 0.230259 0.207704
v -0.152908 0.077467 0.176407
v -0.147766 0.077793 0.163784
v -0.367444 0.050801 0.138018
v -0.154910 0.069874 0.162873
v -0.242421 0.198124 0.122859
v -0.426321 0.131554 0.056361
v -0.158850 0.068466 0.175648
v -0.284814 -0.060790 0.141250
v -0.280849 -0.058146 0.128605
v -0.285803 -0.064731 0.127305
v -0.327804 -0.151433 0.076097
v -0.286338 -0.072644 0.138734
v -0.327077 -0.158455 0.087354
v -0.330723 -0.149397 0.076857
v -0.330056 -0.167255 0.083017
v -0.336080 -0.156928 0.073972
v -0.392700 -0.231726 0.034282
v -0.387572 -0.242997 0.042827
v -0.486771 -0.256919 0.029879
v -0.528540 -0.289030 0.010512
v -0.534605 -0.290010 0.006261
v -0.543655 -0.304183 0.003050
v -0.538613 -0.305382 0.008212
v -0.529016 -0.301282 0.018927
v -0.482769 -0.269132 0.037839
v -0.544752 -0.284011 0.015131
v -0.546485 -0.284742 0.010295
v -0.551490 -0.299426 0.013981
v -0.551828 -0.297479 0.019967
v -0.562112 -0.292452 0.018775
v -0.559014 -0.282021 0.005870
v -0.570708 -0.292871 0.010533
v -0.543157 -0.280334 0.020206
v -0.519802 -0.235386 0.041570
v -0.551955 -0.287486 0.030097
v -0.524877 -0.242077 0.052934
v -0.570864 -0.279643 0.028383
v -0.559164 -0.275498 0.015175
v -0.556761 -0.278609 0.011465
v -0.570850 -0.286114 0.020185
v -0.566005 -0.290650 0.016953
v -0.573734 -0.286079 0.014155
v -0.577485 -0.283122 0.013505
v -0.578816 -0.282907 -0.009919
v -0.584566 -0.277892 -0.008422
v -0.582064 -0.281003 -0.003087
v -0.584022 -0.279132 0.000014
v -0.577877 -0.288512 0.004417
v -0.582064 -0.281003 0.003094
v -0.578816 -0.282907 0.009926
v -0.584566 -0.277892 0.008429
v -0.590067 -0.268147 0.011834
v -0.584909 -0.272370 0.000014
v -0.577108 -0.277100 0.016194
v -0.590352 -0.264384 0.003528
v -0.577360 -0.272182 0.023850
v -0.566221 -0.215655 0.037080
v -0.582969 -0.268879 0.018927
v -0.562521 -0.193260 0.044259
v -0.566697 -0.267376 0.034174
v -0.510856 -0.217060 0.051025
v -0.558519 -0.196061 0.046276
v -0.518123 -0.222559 0.062217
v -0.513449 -0.158464 0.072736
v -0.524331 -0.162768 0.082669
v -0.520516 -0.152552 0.087094
v -0.559497 -0.186565 0.045538
v -0.526063 -0.147196 0.081997
v -0.473887 -0.023134 0.078071
v -0.568366 -0.118614 0.042198
v -0.574912 -0.115701 0.035540
v -0.564738 -0.192254 0.040485
v -0.576346 -0.128109 0.033805
v -0.589180 -0.253661 0.014068
v -0.582415 -0.180394 0.000014
v -0.581149 -0.181529 0.003961
v -0.583181 -0.204873 0.000014
v -0.590352 -0.264384 -0.003521
v -0.589180 -0.253661 -0.014062
v -0.564738 -0.192254 -0.040478
v -0.576346 -0.128109 -0.033798
v -0.581149 -0.181529 -0.003955
v -0.579682 -0.173224 0.000014
v -0.574713 -0.114125 -0.027270
v -0.501673 0.004826 0.000014
v -0.496304 0.016905 0.000014
v -0.574713 -0.114125 0.027277
v -0.568260 -0.104126 0.036451
v -0.468413 -0.012026 0.079915
v -0.495263 0.015851 0.004135
v -0.432982 0.120634 0.055602
v -0.470342 -0.010417 0.076054
v -0.421620 0.126963 0.062911
v -0.462964 -0.005942 0.080587
v -0.371111 0.056177 0.133204
v -0.364000 0.041482 0.124897
v -0.373807 0.041829 0.136001
v -0.513587 -0.142817 0.089458
v -0.402317 -0.081125 0.115007
v -0.396189 -0.080092 0.102645
v -0.404194 -0.093110 0.113576
v -0.400622 -0.090043 0.100931
v -0.448386 -0.200788 0.089480
v -0.443469 -0.196570 0.077312
v -0.447057 -0.203607 0.074233
v -0.469505 -0.244349 0.038620
v -0.467246 -0.255717 0.047708
v -0.448650 -0.213752 0.084318
v -0.448650 -0.213752 -0.084310
v -0.447057 -0.203607 -0.074226
v -0.467246 -0.255717 -0.047700
v -0.469504 -0.244349 -0.038613
v -0.482769 -0.269132 -0.037832
v -0.486771 -0.256919 -0.029872
v -0.528540 -0.289030 -0.010505
v -0.529016 -0.301282 -0.018920
v -0.538613 -0.305382 -0.008206
v -0.551827 -0.297479 -0.019961
v -0.534605 -0.290010 -0.006254
v -0.543655 -0.304183 -0.003022
v -0.551490 -0.299426 -0.013975
v -0.546485 -0.284742 -0.010288
v -0.544752 -0.284011 -0.015124
v -0.562112 -0.292452 -0.018746
v -0.543157 -0.280334 -0.020177
v -0.519802 -0.235386 -0.041563
v -0.551955 -0.287486 -0.030068
v -0.524877 -0.242077 -0.052906
v -0.559164 -0.275498 -0.015168
v -0.570850 -0.286114 -0.020177
v -0.566005 -0.290650 -0.016946
v -0.570708 -0.292871 -0.010505
v -0.556761 -0.278609 -0.011459
v -0.559014 -0.282021 -0.005842
v -0.573734 -0.286079 -0.014149
v -0.470342 -0.010417 -0.076025
v -0.432983 0.120634 -0.055596
v -0.568260 -0.104126 -0.036444
v -0.495263 0.015851 -0.004128
v -0.426321 0.131554 -0.056354
v -0.490503 0.023358 0.000014
v -0.426117 0.132368 -0.048417
v -0.276420 0.251058 0.000014
v -0.268723 0.259108 0.000014
v -0.426117 0.132368 0.048423
v -0.268120 0.257579 0.004395
v -0.140145 0.361058 0.086053
v -0.235787 0.207071 0.120841
v 0.116445 0.343206 0.126242
v 0.113295 0.354366 0.135372
v -0.054844 0.243753 0.204147
v 0.638840 0.130684 -0.161023
v 0.461404 0.081766 -0.069476
v 0.638849 0.142413 -0.152110
v 0.417905 0.181639 -0.175620
v 0.644044 0.137480 -0.163604
v 0.647083 0.147148 -0.153389
v 0.804962 0.236755 -0.254262
v 0.829140 0.047533 -0.116215
v 0.994373 0.115687 -0.192515
v 0.995382 0.126965 -0.183232
v 0.809637 0.223881 -0.262916
v 0.831323 0.059492 -0.107648
v 0.811990 0.234314 -0.253113
v 1.176869 0.201641 -0.274042
v 1.177124 0.453794 -0.273934
v 1.173939 0.202178 -0.261073
v 1.174082 0.453304 -0.260986
v 1.174970 0.458481 -0.261116
v 0.976570 0.564196 -0.182625
v 0.976981 0.573870 -0.193079
v 0.767450 0.494730 -0.265280
v 0.610888 0.327440 -0.211319
v 0.605182 0.328825 -0.223768
v 0.414708 0.187014 -0.163453
v 0.260043 0.065999 -0.129900
v 0.265791 0.057778 -0.140376
v 0.260432 0.050536 -0.137990
v 0.253979 0.060260 -0.128664
v 0.130217 -0.066741 -0.083530
v 0.134355 -0.077403 -0.092856
v 1.174680 0.011211 0.103382
v 1.174680 0.011211 -0.103375
v 1.174986 -0.004725 0.103772
v 1.000049 0.112303 0.188400
v 1.002289 0.125182 0.180809
v 1.174338 0.015263 0.111537
v 1.175535 0.003661 0.120538
v 1.175683 0.181765 0.267282
v 1.174412 0.192657 0.257739
v 0.994373 0.115687 0.192521
v 0.829140 0.047533 0.116221
v 0.995382 0.126965 0.183261
v 0.809637 0.223881 0.262923
v 0.831323 0.059492 0.107654
v 0.811990 0.234314 0.253119
v 0.804962 0.236755 0.254269
v 0.647083 0.147148 0.153395
v 0.644044 0.137480 0.163611
v 0.767450 0.494730 0.265287
v 0.610888 0.327440 0.211347
v 0.605182 0.328825 0.223775
v 0.414708 0.187014 0.163481
v 0.417905 0.181613 0.175626
v 0.260043 0.065999 0.129907
v 0.265791 0.057778 0.140404
v 0.638840 0.130684 0.161052
v 0.638849 0.142413 0.152138
v 0.461404 0.081766 0.069483
v -0.140145 0.361058 -0.086024
v -0.234134 0.204884 -0.124847
v -0.268120 0.257579 -0.004367
v -0.235787 0.207071 -0.120834
v -0.242421 0.198124 -0.122851
v -0.421620 0.126963 -0.062904
v -0.462964 -0.005942 -0.080558
v -0.371111 0.056177 -0.133197
v -0.367444 0.050801 -0.137990
v -0.373807 0.041829 -0.135973
v -0.364000 0.041482 -0.124890
v -0.402317 -0.081125 -0.115000
v -0.396189 -0.080092 -0.102638
v -0.513587 -0.142817 -0.089429
v -0.404194 -0.093110 -0.113569
v -0.400622 -0.090043 -0.100925
v -0.448386 -0.200788 -0.089472
v -0.443469 -0.196570 -0.077284
v -0.067855 -0.046333 0.118672
v 0.050579 0.053018 0.196187
v -0.067060 -0.056539 0.128758
v 0.048282 0.045243 0.207552
v 0.056061 0.058236 0.197250
v 0.184622 0.203102 0.180181
v 0.054744 0.058370 0.210372
v 0.186236 0.203938 0.193259
v -0.299051 -0.181839 0.000014
v -0.300425 -0.180862 -0.002545
v -0.384595 -0.230146 -0.033169
v -0.326664 -0.152198 -0.073510
v -0.327804 -0.151433 -0.076091
v -0.073171 -0.063857 -0.125541
v -0.222534 -0.136792 -0.055639
v -0.075749 -0.052621 -0.116388
v -0.067855 -0.046333 -0.118665
v 0.050579 0.053018 -0.196180
v -0.067060 -0.056539 -0.128751
v 0.048282 0.045243 -0.207545
v 0.054744 0.058370 -0.210364
v 0.186236 0.203938 -0.193252
v 0.056061 0.058236 -0.197243
v 0.184622 0.203102 -0.180153
v 0.113295 0.354366 -0.135344
v 0.116444 0.343206 -0.126235
v -0.054844 0.243753 -0.204140
v -0.053693 0.227762 -0.196159
v -0.147766 0.077793 -0.163778
v -0.152908 0.077467 -0.176379
v -0.061972 0.230259 -0.207697
v -0.158850 0.068466 -0.175641
v -0.154910 0.069874 -0.162845
v -0.284814 -0.060790 -0.141243
v -0.280849 -0.058146 -0.128577
v -0.286338 -0.072644 -0.138727
v -0.285803 -0.064731 -0.127297
v -0.327077 -0.158455 -0.087347
v -0.330723 -0.149397 -0.076850
v -0.330056 -0.167255 -0.082988
v -0.336080 -0.156928 -0.073965
v -0.392700 -0.231726 -0.034276
v -0.387572 -0.242997 -0.042820
v -0.384595 -0.230146 0.033176
v -0.300425 -0.180862 0.002552
v -0.326664 -0.152198 0.073517
v -0.073170 -0.063857 0.125547
v -0.222534 -0.136792 0.055645
v -0.075749 -0.052621 0.116395
v 0.260432 0.050536 0.137997
v 0.253979 0.060260 0.128671
v 0.130217 -0.066741 0.083537
v 0.134355 -0.077403 0.092863
v 1.000247 0.115247 -0.192906
v 0.837044 0.041486 -0.110988
v 0.829518 0.042298 -0.110922
v 1.004811 0.017963 0.000014
v 1.005042 0.019700 -0.004887
v 1.170592 -0.003213 -0.112939
v 1.000049 0.112303 -0.188372
v 1.177769 -0.004234 -0.113135
v 1.174986 -0.004725 -0.103766
v 1.008876 0.125792 -0.183883
v 1.005928 0.114678 -0.193079
v 1.174412 0.192657 -0.257711
v 1.175535 0.003661 -0.120530
v 1.178928 0.189698 -0.273218
v 0.337803 0.460126 -0.067958
v 0.575737 0.501576 -0.145798
v 0.754138 0.669325 -0.105153
v 0.576413 0.500364 -0.148704
v 0.561857 0.570856 -0.002783
v 0.561702 0.572277 0.000014
v 0.760836 0.672828 -0.106021
v 0.329597 0.456074 -0.067220
v 0.583607 0.501841 -0.149225
v 0.782298 0.492161 -0.255889
v 0.781952 0.494212 -0.253699
v 0.969512 0.566847 -0.180847
v 0.976650 0.567770 -0.181432
v 0.757386 0.680123 -0.117581
v 0.761097 0.669697 -0.107995
v 0.766872 0.672258 -0.105826
v 0.977021 0.569190 -0.178439
v 1.174843 0.643977 -0.108190
v 0.971419 0.656274 -0.002979
v 0.971282 0.657799 0.000014
v 1.180468 0.643616 -0.108125
v 0.983593 0.578637 -0.190715
v 0.983570 0.567382 -0.181410
v 1.178343 0.651644 -0.119902
v 1.173993 0.462431 -0.257906
v 1.174141 0.640323 -0.111140
v 1.180468 0.643616 0.108153
v 1.174176 0.643979 -0.103830
v 1.174176 0.643979 0.103859
v 0.978244 0.657332 0.000014
v 0.971419 0.656274 0.002986
v 1.174843 0.643977 0.108197
v 0.766872 0.672258 0.105854
v 0.760777 0.672302 -0.103072
v 0.964152 0.656507 0.000014
v 0.760777 0.672302 0.103078
v 0.568987 0.573964 0.000014
v 0.760836 0.672828 0.106028
v 0.976650 0.567770 0.181439
v 0.977021 0.569190 0.178467
v 1.174141 0.640323 0.111168
v 1.173993 0.462431 0.257913
v 1.180517 0.458228 0.261079
v 1.178343 0.651644 0.119908
v 0.983570 0.567382 0.181417
v 0.983593 0.578637 0.190721
v 1.174970 0.458481 0.261122
v 1.174082 0.453304 0.260992
v 0.996333 0.348111 0.258325
v 0.995004 0.348089 0.271446
v 1.177124 0.453794 0.273962
v 1.178928 0.189698 0.273225
v 1.172947 0.464643 0.273159
v 0.790173 0.498183 0.267759
v 0.788146 0.492064 0.255722
v 0.976981 0.573870 0.193107
v 0.976570 0.564196 0.182654
v 0.782298 0.492161 0.255917
v 0.969512 0.566847 0.180853
v 0.781952 0.494212 0.253705
v 0.583607 0.501841 0.149253
v 0.576413 0.500364 0.148711
v 0.761097 0.669697 0.108002
v 0.757386 0.680123 0.117587
v 0.754138 0.669325 0.105161
v 0.575737 0.501576 0.145804
v 0.337803 0.460126 0.067964
v 0.561857 0.570856 0.002791
v -0.577485 -0.283122 -0.013497
v -0.569748 -0.299422 0.000014
v -0.570864 -0.279643 -0.028376
v -0.513449 -0.158464 -0.072729
v -0.524331 -0.162768 -0.082662
v -0.544704 -0.194314 -0.037789
v -0.558519 -0.196061 -0.046247
v -0.473887 -0.023134 -0.078065
v -0.555311 -0.120390 -0.033125
v -0.568366 -0.118614 -0.042192
v -0.224266 0.197121 0.115831
v -0.047324 0.231265 0.197770
v -0.053693 0.227762 0.196165
v -0.061972 0.230259 0.207704
v -0.231755 0.200432 0.127066
v -0.222673 0.194145 0.116894
v -0.232216 0.190230 0.114118
v -0.412364 0.122622 0.052175
v -0.154910 0.069874 0.162873
v -0.242421 0.198124 0.122859
v -0.158850 0.068466 0.175648
v -0.280419 -0.066983 0.140838
v -0.360632 0.043761 0.139472
v -0.355313 0.044848 0.126936
v -0.285803 -0.064731 0.127305
v -0.286338 -0.072644 0.138734
v -0.322944 -0.161912 0.085380
v -0.393641 -0.088462 0.115549
v -0.390765 -0.083920 0.103121
v -0.441067 -0.206911 0.088894
v -0.330056 -0.167255 0.083017
v -0.383125 -0.246822 0.037319
v -0.387572 -0.242997 0.042827
v -0.457222 -0.254512 0.047469
v -0.433718 -0.210774 0.084491
v -0.462738 -0.258229 0.045907
v -0.393463 -0.251235 0.035431
v -0.441109 -0.272363 0.000014
v -0.442761 -0.271569 0.004091
v -0.511293 -0.301363 0.014372
v -0.525363 -0.306895 0.011596
v -0.460528 -0.259812 0.042111
v -0.543655 -0.304183 0.003050
v -0.546763 -0.302334 0.009558
v -0.538613 -0.305382 0.008212
v -0.541255 -0.305085 0.000014
v -0.554112 -0.302915 0.004244
v -0.547265 -0.301463 0.013049
v -0.540754 -0.299116 0.015716
v -0.529016 -0.301282 0.018927
v -0.482769 -0.269132 0.037839
v -0.534126 -0.298191 0.023394
v -0.544062 -0.295689 0.028166
v -0.551490 -0.299426 0.013981
v -0.551828 -0.297479 0.019967
v -0.560863 -0.298818 0.010338
v -0.559078 -0.294933 0.016693
v -0.562112 -0.292452 0.018775
v -0.570708 -0.292871 0.010533
v -0.558665 -0.288280 0.022549
v -0.551955 -0.287486 0.030097
v -0.559544 -0.282940 0.030053
v -0.570864 -0.279643 0.028383
v -0.559164 -0.275498 0.015175
v -0.534430 -0.287146 0.034477
v -0.570850 -0.286114 0.020185
v -0.566005 -0.290650 0.016953
v -0.573734 -0.286079 0.014155
v -0.559908 -0.276890 0.010121
v -0.577485 -0.283122 0.013505
v -0.569406 -0.269420 -0.006297
v -0.584566 -0.277892 -0.008422
v -0.582064 -0.281003 -0.003087
v -0.582064 -0.281003 0.003094
v -0.569405 -0.269420 0.006304
v -0.584566 -0.277892 0.008429
v -0.544704 -0.194314 0.037817
v -0.558519 -0.196061 0.046276
v -0.513449 -0.158464 0.072736
v -0.524331 -0.162768 0.082669
v -0.473887 -0.023134 0.078071
v -0.555311 -0.120390 0.033133
v -0.568366 -0.118614 0.042198
v -0.410253 0.120643 0.054040
v -0.421620 0.126963 0.062911
v -0.364000 0.041482 0.124897
v -0.373807 0.041829 0.136001
v -0.464821 -0.015245 0.082279
v -0.452764 -0.018596 0.072780
v -0.404194 -0.093110 0.113576
v -0.400622 -0.090043 0.100931
v -0.511042 -0.157681 0.088374
v -0.506551 -0.153120 0.076184
v -0.447057 -0.203607 0.074233
v -0.504322 -0.220733 0.051373
v -0.508995 -0.228136 0.062521
v -0.467246 -0.255717 0.047708
v -0.448650 -0.213752 0.084318
v -0.441067 -0.206911 -0.088865
v -0.448650 -0.213752 -0.084310
v -0.462738 -0.258229 -0.045878
v -0.447057 -0.203607 -0.074226
v -0.467246 -0.255717 -0.047700
v -0.534430 -0.287146 -0.034471
v -0.508995 -0.228136 -0.062514
v -0.504322 -0.220733 -0.051366
v -0.544062 -0.295689 -0.028159
v -0.482769 -0.269132 -0.037832
v -0.525363 -0.306895 -0.011590
v -0.534126 -0.298191 -0.023388
v -0.540754 -0.299116 -0.015710
v -0.529016 -0.301282 -0.018920
v -0.547265 -0.301463 -0.013042
v -0.538613 -0.305382 -0.008206
v -0.551827 -0.297479 -0.019961
v -0.546763 -0.302334 -0.009550
v -0.533484 -0.303530 0.000014
v -0.521618 -0.305723 -0.003109
v -0.465031 -0.280547 0.000014
v -0.521618 -0.305723 0.003116
v -0.543655 -0.304183 -0.003022
v -0.554112 -0.302915 -0.004215
v -0.560862 -0.298818 -0.010331
v -0.551490 -0.299426 -0.013975
v -0.559078 -0.294933 -0.016686
v -0.562112 -0.292452 -0.018746
v -0.558665 -0.288280 -0.022542
v -0.551955 -0.287486 -0.030068
v -0.559544 -0.282940 -0.030046
v -0.559164 -0.275498 -0.015168
v -0.570850 -0.286114 -0.020177
v -0.566005 -0.290650 -0.016946
v -0.570708 -0.292871 -0.010505
v -0.573734 -0.286079 -0.014149
v -0.559908 -0.276890 -0.010114
v -0.412364 0.122622 -0.052146
v -0.411844 0.122516 -0.049457
v -0.263773 0.239580 0.000014
v -0.256425 0.247315 0.000014
v -0.411844 0.122516 0.049464
v -0.406112 0.127730 0.052566
v -0.255804 0.245971 0.002791
v -0.127503 0.351159 0.081216
v -0.121778 0.355900 0.081953
v -0.225171 0.198308 0.112947
v -0.217519 0.200152 0.116092
v -0.120130 0.353319 0.083775
v 0.116445 0.343206 0.126242
v 0.113295 0.354366 0.135372
v -0.126232 0.362593 0.093536
v -0.048195 0.233214 0.195515
v 0.147048 -0.078573 -0.086480
v 0.267411 0.052934 -0.138185
v 0.268979 0.050458 -0.134000
v 0.460719 0.062362 -0.072838
v 0.137115 -0.083013 -0.086870
v 0.465520 0.064949 -0.072534
v 0.274162 0.054123 -0.138663
v 0.464567 0.067951 -0.075613
v 0.638840 0.130684 -0.161023
v 0.645659 0.132557 -0.161522
v 0.424347 0.187983 -0.160741
v 0.425150 0.180225 -0.172214
v 0.423721 0.184041 -0.174861
v 0.428976 0.184709 -0.176444
v 0.417905 0.181639 -0.175620
v 0.799226 0.230040 -0.265454
v 0.431767 0.190906 -0.164493
v 0.804962 0.236755 -0.254262
v 0.613075 0.321095 -0.211579
v 0.607820 0.318246 -0.223963
v 0.809107 0.231456 -0.267883
v 0.651365 0.132592 -0.162281
v 0.829140 0.047533 -0.116215
v 0.994373 0.115687 -0.192515
v 0.817236 0.236796 -0.255867
v 1.175319 0.196309 -0.261051
v 0.818263 0.230666 -0.267991
v 1.171599 0.190350 -0.272936
v 0.989405 0.345057 -0.256909
v 0.988577 0.342640 -0.269900
v 0.982176 0.348602 -0.270594
v 0.995004 0.348089 -0.271418
v 1.177124 0.453794 -0.273934
v 1.174082 0.453304 -0.260986
v 0.996333 0.348111 -0.258318
v 1.180517 0.458228 -0.261073
v 1.174970 0.458481 -0.261116
v 0.976570 0.564196 -0.182625
v 0.976981 0.573870 -0.193079
v 0.788146 0.492064 -0.255716
v 1.172947 0.464643 -0.273153
v 0.790173 0.498183 -0.267753
v 0.779706 0.488250 -0.268490
v 0.782721 0.488109 -0.255520
v 0.982473 0.348365 -0.257451
v 0.775524 0.490314 -0.254068
v 0.767450 0.494730 -0.265280
v 0.376750 0.348825 -0.164255
v 0.370895 0.354181 -0.175902
v 0.569405 0.505355 -0.159635
v 0.577215 0.497154 -0.149853
v 0.368489 0.346089 -0.162433
v 0.602155 0.322260 -0.211861
v 0.369691 0.343141 -0.162325
v 0.366581 0.346569 -0.174969
v 0.201155 0.208837 -0.181042
v 0.598913 0.321060 -0.224766
v 0.201176 0.208757 -0.194207
v 0.414708 0.187014 -0.163453
v 0.193582 0.202970 -0.179285
v 0.196383 0.201752 -0.192233
v 0.059083 0.049443 -0.209801
v 0.260432 0.050536 -0.137990
v 0.253979 0.060260 -0.128664
v 0.058862 0.053125 -0.195182
v 0.062922 0.042436 -0.204487
v 0.134355 -0.077403 -0.092856
v -0.057332 -0.058304 -0.127037
v -0.064186 -0.060807 -0.126560
v 0.125890 -0.085372 -0.085873
v -0.028289 -0.116717 0.000014
v -0.029401 -0.115399 -0.004432
v -0.208475 -0.151403 -0.059586
v -0.063009 -0.063257 -0.122461
v 1.177769 -0.004234 0.113141
v 1.010278 0.017238 0.000014
v 1.174986 -0.004725 0.103772
v 1.170592 -0.003213 0.112947
v 1.005042 0.019700 0.004894
v 0.837044 0.041486 0.110994
v 1.000049 0.112303 0.188400
v 1.000247 0.115247 0.192934
v 1.175535 0.003661 0.120538
v 1.005928 0.114678 0.193086
v 1.008876 0.125792 0.183911
v 1.174412 0.192657 0.257739
v 1.171599 0.190350 0.272964
v 1.175319 0.196309 0.261058
v 0.817236 0.236796 0.255874
v 0.818263 0.230666 0.268020
v 0.989405 0.345057 0.256937
v 0.988577 0.342640 0.269928
v 0.809107 0.231456 0.267889
v 0.994373 0.115687 0.192521
v 0.829518 0.042298 0.110930
v 0.999298 0.018507 0.000014
v 0.829140 0.047533 0.116221
v 0.651365 0.132592 0.162288
v 0.645659 0.132557 0.161529
v 0.804962 0.236755 0.254269
v 0.431767 0.190906 0.164500
v 0.799226 0.230040 0.265460
v 0.428976 0.184709 0.176450
v 0.613075 0.321095 0.211586
v 0.607820 0.318246 0.223970
v 0.423721 0.184041 0.174867
v 0.982176 0.348602 0.270600
v 0.982473 0.348365 0.257457
v 0.782721 0.488109 0.255527
v 0.779706 0.488250 0.268518
v 0.767450 0.494730 0.265287
v 0.775524 0.490314 0.254074
v 0.376750 0.348825 0.164283
v 0.370895 0.354181 0.175930
v 0.569405 0.505355 0.159642
v 0.577215 0.497154 0.149860
v 0.368489 0.346089 0.162440
v 0.602155 0.322260 0.211868
v 0.369691 0.343141 0.162331
v 0.366581 0.346569 0.174976
v 0.201155 0.208837 0.181070
v 0.598913 0.321060 0.224773
v 0.201176 0.208757 0.194213
v 0.414708 0.187014 0.163481
v 0.193582 0.202970 0.179291
v 0.196383 0.201752 0.192262
v 0.417905 0.181613 0.175626
v 0.267411 0.052934 0.138192
v 0.059083 0.049443 0.209829
v 0.274162 0.054123 0.138669
v 0.425150 0.180225 0.172222
v 0.638840 0.130684 0.161052
v 0.424347 0.187983 0.160748
v 0.464567 0.067951 0.075621
v 0.465520 0.064949 0.072541
v 0.470163 0.064305 0.073213
v 0.646032 0.129744 0.157234
v 0.821005 0.042877 0.109953
v 0.661225 0.053279 0.004612
v 0.661981 0.051620 0.000014
v 0.667253 0.051078 0.000014
v 0.829623 0.041352 0.103859
v 0.829623 0.041352 -0.103853
v -0.047324 0.231265 -0.197764
v 0.359052 0.343594 -0.163105
v 0.357336 0.349648 -0.175208
v 0.123625 0.353177 -0.137839
v 0.125697 0.343466 -0.127514
v 0.124260 0.346444 -0.126430
v 0.133621 0.349806 -0.126712
v 0.367770 0.348116 -0.160525
v 0.566115 0.497214 -0.147880
v 0.559560 0.506962 -0.157141
v 0.330469 0.453941 -0.068890
v 0.357336 0.349648 0.175236
v 0.359052 0.343594 0.163112
v 0.123625 0.353177 0.137845
v 0.125697 0.343466 0.127521
v 0.124260 0.346444 0.126437
v 0.133621 0.349806 0.126719
v 0.367770 0.348116 0.160531
v 0.566115 0.497214 0.147887
v 0.559560 0.506962 0.157148
v 0.330469 0.453941 0.068897
v 0.329597 0.456074 0.067227
v 0.319753 0.453869 0.067466
v 0.123909 0.347681 0.123726
v -0.113405 0.357636 0.081563
v 0.097140 0.402696 0.002660
v 0.096432 0.403934 0.000014
v 0.088520 0.400539 0.000014
v -0.121778 0.355900 -0.081947
v -0.121332 0.355504 0.079069
v -0.121332 0.355504 -0.079063
v -0.249708 0.250451 0.000014
v -0.255804 0.245971 -0.002762
v -0.127503 0.351159 -0.081210
v -0.406112 0.127730 -0.052537
v -0.225171 0.198308 -0.112939
v -0.224266 0.197121 -0.115824
v -0.232216 0.190230 -0.114111
v -0.410253 0.120643 -0.054034
v -0.242421 0.198124 -0.122851
v -0.421620 0.126963 -0.062904
v -0.373807 0.041829 -0.135973
v -0.464821 -0.015245 -0.082250
v -0.364000 0.041482 -0.124890
v -0.452764 -0.018596 -0.072772
v -0.404194 -0.093110 -0.113569
v -0.400622 -0.090043 -0.100925
v -0.511042 -0.157681 -0.088345
v -0.506551 -0.153120 -0.076178
v 0.050579 0.053018 0.196187
v -0.271581 -0.064564 0.142356
v -0.064186 -0.060807 0.126567
v 0.048282 0.045243 0.207552
v -0.147179 0.068009 0.176407
v -0.144284 0.072024 0.163850
v 0.184622 0.203102 0.180181
v 0.186236 0.203938 0.193259
v -0.045334 0.228025 0.197380
v -0.046335 0.227238 0.210502
v -0.216116 -0.152774 -0.059152
v -0.037077 -0.119426 0.000014
v -0.216116 -0.152774 0.059159
v -0.214746 -0.153251 -0.053622
v -0.214746 -0.153251 0.053650
v -0.285593 -0.194477 0.000014
v -0.289977 -0.195674 0.000014
v -0.221484 -0.155939 0.058335
v -0.221484 -0.155939 -0.058328
v -0.291239 -0.194434 -0.004562
v -0.374947 -0.242167 -0.038310
v -0.320332 -0.163920 -0.081188
v -0.322944 -0.161912 -0.085374
v -0.383125 -0.246822 -0.037312
v -0.318347 -0.159743 -0.086458
v -0.218279 -0.149164 -0.063359
v -0.073171 -0.063857 -0.125541
v -0.075749 -0.052621 -0.116388
v -0.275269 -0.071942 -0.137187
v -0.276968 -0.062365 -0.126734
v -0.280419 -0.066983 -0.140831
v 0.050579 0.053018 -0.196180
v -0.271581 -0.064564 -0.142349
v 0.048282 0.045243 -0.207545
v -0.147179 0.068009 -0.176401
v -0.144284 0.072024 -0.163843
v 0.186236 0.203938 -0.193252
v 0.184622 0.203102 -0.180153
v -0.045334 0.228025 -0.197373
v -0.046335 0.227238 -0.210495
v 0.551324 0.568495 0.000014
v 0.329705 0.455943 -0.064705
v 0.329705 0.455943 0.064733
v 0.105994 0.407349 0.000014
v 0.319753 0.453869 -0.067459
v 0.123909 0.347681 -0.123719
v -0.113405 0.357636 -0.081556
v 0.097140 0.402696 -0.002632
v 0.113295 0.354366 -0.135344
v -0.126232 0.362593 -0.093529
v -0.120130 0.353319 -0.083747
v 0.116444 0.343206 -0.126235
v -0.217519 0.200152 -0.116084
v -0.048196 0.233214 -0.195508
v -0.053693 0.227762 -0.196159
v -0.061972 0.230259 -0.207697
v -0.231755 0.200432 -0.127037
v -0.222673 0.194145 -0.116865
v -0.158850 0.068466 -0.175641
v -0.154910 0.069874 -0.162845
v -0.360632 0.043761 -0.139465
v -0.355313 0.044848 -0.126929
v -0.286338 -0.072644 -0.138727
v -0.285803 -0.064731 -0.127297
v -0.390765 -0.083920 -0.103093
v -0.393641 -0.088462 -0.115542
v -0.330056 -0.167255 -0.082988
v -0.387572 -0.242997 -0.042820
v -0.457222 -0.254512 -0.047462
v -0.433718 -0.210774 -0.084484
v -0.460527 -0.259812 -0.042105
v -0.393463 -0.251235 -0.035403
v -0.442761 -0.271569 -0.004085
v -0.511292 -0.301363 -0.014365
v -0.434961 -0.269306 0.000014
v -0.381556 -0.246986 -0.030176
v -0.297650 -0.199568 0.000014
v -0.381556 -0.246986 0.030205
v -0.374947 -0.242167 0.038316
v -0.291239 -0.194434 0.004590
v -0.320332 -0.163920 0.081216
v -0.318347 -0.159743 0.086465
v -0.218279 -0.149164 0.063366
v -0.073170 -0.063857 0.125547
v -0.075749 -0.052621 0.116395
v -0.275269 -0.071942 0.137194
v -0.276968 -0.062365 0.126740
v 0.821005 0.042877 -0.109947
v 0.661225 0.053279 -0.004605
v 0.470163 0.064305 -0.073207
v 0.646032 0.129744 -0.157228
v 0.655599 0.050195 0.000014
v 0.465762 0.064501 -0.068457
v 0.465762 0.064501 0.068463
v 0.304791 -0.010844 0.000014
v 0.298312 -0.011717 0.000014
v 0.460719 0.062362 0.072844
v 0.454080 0.075898 0.067812
v 0.261870 0.061602 0.126112
v 0.268979 0.050458 0.134006
v 0.298088 -0.010033 0.004569
v 0.147048 -0.078573 0.086508
v 0.137115 -0.083013 0.086877
v 0.260432 0.050536 0.137997
v 0.253979 0.060260 0.128671
v 0.058862 0.053125 0.195211
v 0.134355 -0.077403 0.092863
v 0.062922 0.042436 0.204494
v -0.057332 -0.058304 0.127044
v -0.063009 -0.063257 0.122468
v 0.125890 -0.085372 0.085879
v -0.208475 -0.151403 0.059593
v -0.029401 -0.115399 0.004439
v -0.021446 -0.114609 0.000014
v 0.137624 -0.083803 0.078961
v 0.291546 -0.013931 0.000014
v 0.137624 -0.083803 -0.078953
v 0.298088 -0.010033 -0.004562
v 0.454080 0.075898 -0.067806
v 0.261870 0.061602 -0.126083
v 1.000247 0.115247 -0.192906
v 0.837044 0.041486 -0.110988
v 1.005042 0.019700 -0.004887
v 1.007732 0.035258 -0.002806
v 1.170592 -0.003213 -0.112939
v 0.836996 0.056238 -0.105978
v 1.175665 0.010946 -0.108125
v 1.181072 0.010297 0.108261
v 1.175665 0.010946 0.108132
v 1.005928 0.114678 -0.193079
v 1.175683 0.181765 -0.267275
v 1.175535 0.003661 -0.120530
v 1.178928 0.189698 -0.273218
v 0.323015 0.469717 -0.072078
v 0.129435 0.360444 -0.136038
v 0.121275 0.357602 -0.135561
v 0.568626 0.510197 -0.157401
v 0.329942 0.473323 -0.072685
v 0.314564 0.467901 -0.072447
v 0.744410 0.681583 -0.109795
v 0.337803 0.460126 -0.067958
v 0.754138 0.669325 -0.105153
v 0.561857 0.570856 -0.002783
v 0.552918 0.584636 -0.004324
v 0.756960 0.687355 -0.110663
v 0.583607 0.501841 -0.149225
v 0.969512 0.566847 -0.180847
v 0.576112 0.512066 -0.157770
v 0.778194 0.506004 -0.262135
v 0.778981 0.498902 -0.267579
v 0.969665 0.578365 -0.189935
v 0.977046 0.579131 -0.190672
v 0.757386 0.680123 -0.117581
v 0.761097 0.669697 -0.107995
v 0.769394 0.686869 -0.110771
v 0.766872 0.672258 -0.105826
v 1.174843 0.643977 -0.108190
v 1.173827 0.658732 -0.113157
v 0.971419 0.656274 -0.002979
v 0.972264 0.672076 -0.004670
v 1.181487 0.658287 -0.113222
v 0.983593 0.578637 -0.190715
v 1.180469 0.464146 -0.273283
v 1.178115 0.473041 -0.267275
v 1.180468 0.643616 0.108153
v 1.178697 0.659427 0.104293
v 0.978756 0.673266 0.000014
v 1.174176 0.643979 0.103859
v 0.978244 0.657332 0.000014
v 1.173827 0.658732 0.113164
v 0.769394 0.686869 0.110777
v 1.174843 0.643977 0.108197
v 0.766872 0.672258 0.105854
v 0.964420 0.672441 0.000014
v 0.560759 0.588189 0.000014
v 0.964152 0.656507 0.000014
v 0.756711 0.687777 0.101907
v 0.760777 0.672302 0.103078
v 0.568987 0.573964 0.000014
v 0.760836 0.672828 0.106028
v 0.976650 0.567770 0.181439
v 0.977021 0.569190 0.178467
v 0.977514 0.581916 0.186384
v 1.174141 0.640323 0.111168
v 1.173993 0.462431 0.257913
v 1.180517 0.458228 0.261079
v 0.983570 0.567382 0.181417
v 1.180781 0.195975 0.261209
v 1.173939 0.202178 0.261079
v 0.989542 0.348501 0.258194
v 1.174970 0.458481 0.261122
v 1.174082 0.453304 0.260992
v 0.996333 0.348111 0.258325
v 0.990042 0.351945 0.256915
v 0.788146 0.492064 0.255722
v 0.976570 0.564196 0.182654
v 0.782298 0.492161 0.255917
v 0.969512 0.566847 0.180853
v 0.969665 0.578365 0.189963
v 0.778194 0.506004 0.262142
v 0.781952 0.494212 0.253705
v 0.583607 0.501841 0.149253
v 0.576413 0.500364 0.148711
v 0.761097 0.669697 0.108002
v 0.754138 0.669325 0.105161
v 0.575737 0.501576 0.145804
v 0.337803 0.460126 0.067964
v 0.567644 0.512539 0.153374
v 0.744410 0.681583 0.109801
v 0.329942 0.473323 0.072714
v -0.577485 -0.283122 -0.013497
v -0.577877 -0.288512 -0.004411
v -0.562537 -0.270571 -0.010396
v -0.551919 -0.214567 -0.028961
v -0.577108 -0.277100 -0.016187
v -0.570864 -0.279643 -0.028376
v -0.566222 -0.215655 -0.037073
v -0.569950 -0.264395 -0.010483
v -0.590067 -0.268147 -0.011806
v -0.582969 -0.268879 -0.018898
v -0.562521 -0.193260 -0.044252
v -0.566697 -0.267376 -0.034145
v -0.513494 -0.225123 -0.063663
v -0.518123 -0.222559 -0.062189
v -0.524331 -0.162768 -0.082662
v -0.520516 -0.152552 -0.087066
v -0.544704 -0.194314 -0.037789
v -0.558519 -0.196061 -0.046247
v -0.544931 -0.186740 -0.037616
v -0.559497 -0.186565 -0.045532
v -0.526063 -0.147196 -0.081968
v -0.473887 -0.023134 -0.078065
v -0.468413 -0.012026 -0.079908
v -0.461193 -0.027354 -0.069281
v -0.555311 -0.120390 -0.033125
v -0.568366 -0.118614 -0.042192
v -0.574912 -0.115701 -0.035533
v -0.224266 0.197121 0.115831
v -0.047324 0.231265 0.197770
v -0.053693 0.227762 0.196165
v -0.145781 0.074841 0.164999
v -0.147766 0.077793 0.163784
v -0.351616 0.052121 0.128346
v -0.222673 0.194145 0.116894
v -0.358098 0.047486 0.127044
v -0.232216 0.190230 0.114118
v -0.412364 0.122622 0.052175
v -0.154910 0.069874 0.162873
v -0.279104 -0.060781 0.128758
v -0.242421 0.198124 0.122859
v -0.355313 0.044848 0.126936
v -0.280849 -0.058146 0.128605
v -0.387872 -0.077802 0.105507
v -0.393519 -0.081966 0.104011
v -0.285803 -0.064731 0.127305
v -0.327804 -0.151433 0.076097
v -0.390765 -0.083920 0.103121
v -0.434935 -0.194072 0.079286
v -0.330723 -0.149397 0.076857
v -0.440805 -0.198867 0.077529
v -0.330056 -0.167255 0.083017
v -0.336080 -0.156928 0.073972
v -0.390649 -0.233520 0.032482
v -0.438280 -0.199820 0.075512
v -0.392700 -0.231726 0.034282
v -0.460850 -0.242666 0.039054
v -0.433718 -0.210774 0.084491
v -0.466165 -0.246149 0.037665
v -0.398672 -0.236836 0.031180
v -0.393463 -0.251235 0.035431
v -0.518025 -0.287615 0.009774
v -0.526975 -0.291506 0.008343
v -0.511293 -0.301363 0.014372
v -0.460528 -0.259812 0.042111
v -0.464810 -0.246967 0.034933
v -0.486771 -0.256919 0.029879
v -0.528540 -0.289030 0.010512
v -0.540507 -0.283472 0.020098
v -0.542998 -0.286803 0.008841
v -0.533562 -0.277970 0.023742
v -0.534605 -0.290010 0.006261
v -0.549492 -0.287652 0.002443
v -0.541617 -0.287754 0.005762
v -0.546763 -0.302334 0.009558
v -0.538613 -0.305382 0.008212
v -0.482769 -0.269132 0.037839
v -0.537226 -0.283849 0.018124
v -0.538736 -0.284659 0.010359
v -0.534126 -0.298191 0.023394
v -0.544752 -0.284011 0.015131
v -0.551828 -0.297479 0.019967
v -0.549743 -0.282944 0.011227
v -0.559078 -0.294933 0.016693
v -0.553120 -0.280777 0.012594
v -0.550611 -0.277629 0.014676
v -0.543157 -0.280334 0.020206
v -0.519802 -0.235386 0.041570
v -0.555415 -0.273038 0.020206
v -0.559608 -0.272158 0.020077
v -0.507587 -0.218805 0.052371
v -0.556761 -0.278609 0.011465
v -0.570850 -0.286114 0.020185
v -0.566005 -0.290650 0.016953
v -0.563372 -0.274671 0.008972
v -0.562938 -0.279696 0.002422
v -0.564970 -0.273771 0.005914
v -0.562938 -0.279696 -0.002415
v -0.569406 -0.269420 -0.006297
v -0.566239 -0.273085 -0.003065
v -0.582064 -0.281003 -0.003087
v -0.578816 -0.282907 0.009926
v -0.569405 -0.269420 0.006304
v -0.584566 -0.277892 0.008429
v -0.573089 -0.264174 0.008321
v -0.584909 -0.272370 0.000014
v -0.590352 -0.264384 0.003528
v -0.577360 -0.272182 0.023850
v -0.566221 -0.215655 0.037080
v -0.561292 -0.269523 0.018016
v -0.562537 -0.270571 0.010403
v -0.569950 -0.264395 0.010490
v -0.551919 -0.214567 0.028968
v -0.547839 -0.192412 0.036495
v -0.555905 -0.264227 0.023893
v -0.544704 -0.194314 0.037817
v -0.510856 -0.217060 0.051025
v -0.513449 -0.158464 0.072736
v -0.510155 -0.151584 0.076293
v -0.526063 -0.147196 0.081997
v -0.473887 -0.023134 0.078071
v -0.511678 -0.149897 0.074211
v -0.544931 -0.186740 0.037622
v -0.555311 -0.120390 0.033133
v -0.461193 -0.027354 0.069287
v -0.558175 -0.119356 0.031267
v -0.455376 -0.016590 0.071521
v -0.559017 -0.127874 0.029706
v -0.549213 -0.191776 0.033610
v -0.571894 -0.254476 0.009926
v -0.564738 -0.192254 0.040485
v -0.576346 -0.128109 0.033805
v -0.589180 -0.253661 0.014068
v -0.565001 -0.206139 0.000014
v -0.572367 -0.262941 0.005328
v -0.583181 -0.204873 0.000014
v -0.589180 -0.253661 -0.014062
v -0.576346 -0.128109 -0.033798
v -0.571894 -0.254476 -0.009919
v -0.559017 -0.127874 -0.029699
v -0.581149 -0.181529 -0.003955
v -0.563013 -0.182557 -0.002870
v -0.561675 -0.175750 0.000014
v -0.579682 -0.173224 0.000014
v -0.501673 0.004826 0.000014
v -0.485388 -0.002376 0.000014
v -0.557444 -0.119043 0.028492
v -0.574713 -0.114125 0.027277
v -0.553196 -0.111298 0.031961
v -0.568260 -0.104126 0.036451
v -0.432982 0.120634 0.055602
v -0.417178 0.114800 0.051135
v -0.470342 -0.010417 0.076054
v -0.456446 -0.015903 0.068810
v -0.449970 -0.011190 0.072432
v -0.410253 0.120643 0.054040
v -0.359154 0.049251 0.125070
v -0.371111 0.056177 0.133204
v -0.364000 0.041482 0.124897
v -0.396189 -0.080092 0.102645
v -0.504775 -0.144816 0.078050
v -0.452764 -0.018596 0.072780
v -0.400622 -0.090043 0.100931
v -0.506551 -0.153120 0.076184
v -0.443469 -0.196570 0.077312
v -0.503601 -0.214109 0.054192
v -0.447057 -0.203607 0.074233
v -0.504322 -0.220733 0.051373
v -0.469505 -0.244349 0.038620
v -0.441067 -0.206911 -0.088865
v -0.509397 -0.219799 -0.065746
v -0.448650 -0.213752 -0.084310
v -0.462738 -0.258229 -0.045878
v -0.467246 -0.255717 -0.047700
v -0.534430 -0.287146 -0.034471
v -0.508995 -0.228136 -0.062514
v -0.469504 -0.244349 -0.038613
v -0.544062 -0.295689 -0.028159
v -0.482769 -0.269132 -0.037832
v -0.525363 -0.306895 -0.011590
v -0.528540 -0.289030 -0.010505
v -0.540754 -0.299116 -0.015710
v -0.529016 -0.301282 -0.018920
v -0.538736 -0.284659 -0.010353
v -0.547265 -0.301463 -0.013042
v -0.533484 -0.303530 0.000014
v -0.465031 -0.280547 0.000014
v -0.533831 -0.287567 0.000014
v -0.526069 -0.290510 0.005393
v -0.521618 -0.305723 0.003116
v -0.472761 -0.266087 0.000014
v -0.534605 -0.290010 -0.006254
v -0.540237 -0.288520 -0.003131
v -0.543655 -0.304183 -0.003022
v -0.549492 -0.287652 -0.002437
v -0.554112 -0.302915 -0.004215
v -0.560862 -0.298818 -0.010331
v -0.553437 -0.285324 -0.005863
v -0.551490 -0.299426 -0.013975
v -0.546485 -0.284742 -0.010288
v -0.562112 -0.292452 -0.018746
v -0.558665 -0.288280 -0.022542
v -0.551955 -0.287486 -0.030068
v -0.524877 -0.242077 -0.052906
v -0.559544 -0.282940 -0.030046
v -0.570708 -0.292871 -0.010505
v -0.559014 -0.282021 -0.005842
v -0.573734 -0.286079 -0.014149
v -0.553196 -0.111298 -0.031955
v -0.417178 0.114800 -0.051127
v -0.432983 0.120634 -0.055596
v -0.568260 -0.104126 -0.036444
v -0.495263 0.015851 -0.004128
v -0.426321 0.131554 -0.056354
v -0.479104 0.008675 -0.002675
v -0.490503 0.023358 0.000014
v -0.276420 0.251058 0.000014
v -0.474757 0.015288 0.000014
v -0.263773 0.239580 0.000014
v -0.411844 0.122516 0.049464
v -0.426117 0.132368 0.048423
v -0.406112 0.127730 0.052566
v -0.417173 0.138835 0.057597
v -0.140145 0.361058 0.086053
v -0.127503 0.351159 0.081216
v -0.121778 0.355900 0.081953
v -0.235787 0.207071 0.120841
v -0.225171 0.198308 0.112947
v -0.217519 0.200152 0.116092
v -0.120130 0.353319 0.083775
v 0.116445 0.343206 0.126242
v -0.054844 0.243753 0.204147
v -0.048195 0.233214 0.195515
v 0.147048 -0.078573 -0.086480
v 0.267411 0.052934 -0.138185
v 0.460719 0.062362 -0.072838
v 0.137115 -0.083013 -0.086870
v 0.465520 0.064949 -0.072534
v 0.274162 0.054123 -0.138663
v 0.464567 0.067951 -0.075613
v 0.638840 0.130684 -0.161023
v 0.645659 0.132557 -0.161522
v 0.461404 0.081766 -0.069476
v 0.425150 0.180225 -0.172214
v 0.423721 0.184041 -0.174861
v 0.428976 0.184709 -0.176444
v 0.417905 0.181639 -0.175620
v 0.644044 0.137480 -0.163604
v 0.799226 0.230040 -0.265454
v 0.607820 0.318246 -0.223963
v 0.606835 0.323744 -0.225265
v 0.809107 0.231456 -0.267883
v 0.651365 0.132592 -0.162281
v 0.829140 0.047533 -0.116215
v 0.994373 0.115687 -0.192515
v 0.809637 0.223881 -0.262916
v 0.831323 0.059492 -0.107648
v 0.654902 0.143706 -0.153216
v 1.000865 0.120584 -0.195335
v 0.818263 0.230666 -0.267991
v 1.171599 0.190350 -0.272936
v 0.988577 0.342640 -0.269900
v 0.988866 0.348582 -0.271331
v 0.982176 0.348602 -0.270594
v 0.808316 0.240190 -0.268382
v 0.613478 0.324960 -0.226132
v 0.995004 0.348089 -0.271418
v 1.176869 0.201641 -0.274042
v 1.177124 0.453794 -0.273934
v 0.976981 0.573870 -0.193079
v 1.172947 0.464643 -0.273153
v 0.989529 0.354311 -0.269921
v 0.790173 0.498183 -0.267753
v 0.779706 0.488250 -0.268490
v 0.767450 0.494730 -0.265280
v 0.376750 0.348825 -0.164255
v 0.605182 0.328825 -0.223768
v 0.370895 0.354181 -0.175902
v 0.364672 0.351755 -0.174405
v 0.569405 0.505355 -0.159635
v 0.577215 0.497154 -0.149853
v 0.366581 0.346569 -0.174969
v 0.422187 0.188726 -0.175251
v 0.598913 0.321060 -0.224766
v 0.201176 0.208757 -0.194207
v 0.193741 0.206755 -0.193513
v 0.196383 0.201752 -0.192233
v 0.265791 0.057778 -0.140376
v 0.070121 0.053564 -0.208890
v 0.059083 0.049443 -0.209801
v 0.260432 0.050536 -0.137990
v 0.062922 0.042436 -0.204487
v -0.057332 -0.058304 -0.127037
v -0.064186 -0.060807 -0.126560
v 0.125890 -0.085372 -0.085873
v 0.124111 -0.070534 -0.081231
v -0.029401 -0.115399 -0.004432
v -0.208475 -0.151403 -0.059586
v -0.033262 -0.099978 -0.002610
v -0.213091 -0.137110 -0.054749
v 1.174680 0.011211 0.103382
v 1.010278 0.017238 0.000014
v 1.013973 0.032845 0.000014
v 1.174986 -0.004725 0.103772
v 1.170592 -0.003213 0.112947
v 0.837044 0.041486 0.110994
v 0.836996 0.056238 0.106006
v 1.000049 0.112303 0.188400
v 1.002266 0.126470 0.183694
v 0.831574 0.056861 0.105745
v 1.000679 0.034411 0.000014
v 1.174338 0.015263 0.111537
v 1.008876 0.125792 0.183911
v 1.174412 0.192657 0.257739
v 1.175319 0.196309 0.261058
v 1.002722 0.129939 0.184779
v 0.817236 0.236796 0.255874
v 0.811658 0.236865 0.255657
v 0.989405 0.345057 0.256937
v 0.999298 0.018507 0.000014
v 0.995382 0.126965 0.183261
v 0.831323 0.059492 0.107654
v 0.654902 0.143706 0.153222
v 0.648279 0.143857 0.152441
v 0.804962 0.236755 0.254269
v 0.647083 0.147148 0.153395
v 0.431767 0.190906 0.164500
v 0.423445 0.190091 0.162722
v 0.613075 0.321095 0.211586
v 0.612141 0.324280 0.212692
v 0.811230 0.240181 0.255419
v 0.619068 0.325075 0.213625
v 0.982473 0.348365 0.257457
v 0.782721 0.488109 0.255527
v 0.775524 0.490314 0.254074
v 0.610888 0.327440 0.211347
v 0.376750 0.348825 0.164283
v 0.577215 0.497154 0.149860
v 0.368489 0.346089 0.162440
v 0.602155 0.322260 0.211868
v 0.369691 0.343141 0.162331
v 0.422273 0.193276 0.162657
v 0.201155 0.208837 0.181070
v 0.192175 0.205998 0.180441
v 0.414708 0.187014 0.163481
v 0.193582 0.202970 0.179291
v 0.064427 0.057895 0.196925
v 0.260043 0.065999 0.129907
v 0.261257 0.062814 0.128866
v 0.057618 0.055127 0.197575
v 0.274162 0.054123 0.138669
v 0.425150 0.180225 0.172222
v 0.638840 0.130684 0.161052
v 0.269983 0.064837 0.129430
v 0.424347 0.187983 0.160748
v 0.638849 0.142413 0.152138
v 0.461404 0.081766 0.069483
v 0.462293 0.079396 0.067487
v 0.470163 0.064305 0.073213
v 0.646032 0.129744 0.157234
v 0.821005 0.042877 0.109953
v 0.470569 0.079029 0.068181
v 0.648693 0.142619 0.149709
v 0.825063 0.057380 0.105333
v 0.667253 0.051078 0.000014
v 0.829623 0.041352 0.103859
v 0.669926 0.066875 0.000014
v 0.831638 0.057123 0.102666
v -0.051633 0.236722 -0.209735
v -0.039060 0.240391 -0.208825
v 0.191916 0.211889 -0.192146
v 0.357336 0.349648 -0.175208
v 0.123625 0.353177 -0.137839
v 0.133621 0.349806 -0.126712
v 0.363416 0.355677 -0.171672
v 0.559560 0.506962 -0.157141
v 0.330469 0.453941 -0.068890
v 0.324301 0.466372 -0.075831
v -0.138945 0.077555 0.165411
v -0.039637 0.233555 0.196946
v 0.191030 0.209051 0.179227
v 0.359052 0.343594 0.163112
v 0.125697 0.343466 0.127521
v 0.124260 0.346444 0.126437
v 0.133621 0.349806 0.126719
v 0.367770 0.348116 0.160531
v 0.566115 0.497214 0.147887
v 0.363416 0.355677 0.171679
v 0.559560 0.506962 0.157148
v 0.330469 0.453941 0.068897
v 0.329597 0.456074 0.067227
v 0.319753 0.453869 0.067466
v 0.314564 0.467901 0.072454
v 0.123909 0.347681 0.123726
v -0.113405 0.357636 0.081563
v 0.120516 0.360154 0.131556
v -0.116407 0.372214 0.086443
v 0.088520 0.400539 0.000014
v -0.121332 0.355504 0.079069
v 0.083434 0.415858 0.000014
v -0.249708 0.250451 0.000014
v -0.261333 0.262740 0.000014
v -0.129837 0.369573 0.078093
v -0.130013 0.368864 -0.086805
v -0.140145 0.361058 -0.086024
v -0.234134 0.204884 -0.124847
v -0.268120 0.257579 -0.004367
v -0.255804 0.245971 -0.002762
v -0.417173 0.138835 -0.057590
v -0.127503 0.351159 -0.081210
v -0.406112 0.127730 -0.052537
v -0.410253 0.120643 -0.054034
v -0.242421 0.198124 -0.122851
v -0.449970 -0.011190 -0.072426
v -0.421620 0.126963 -0.062904
v -0.462964 -0.005942 -0.080558
v -0.371111 0.056177 -0.133197
v -0.367444 0.050801 -0.137990
v -0.373807 0.041829 -0.135973
v -0.398148 -0.084608 -0.116540
v -0.464821 -0.015245 -0.082250
v -0.402317 -0.081125 -0.115000
v -0.513587 -0.142817 -0.089429
v -0.404194 -0.093110 -0.113569
v -0.511042 -0.157681 -0.088345
v -0.448386 -0.200788 -0.089472
v -0.271779 -0.057568 0.130536
v -0.065904 -0.049232 0.117610
v -0.067855 -0.046333 0.118672
v 0.050579 0.053018 0.196187
v -0.144284 0.072024 0.163850
v 0.056061 0.058236 0.197250
v 0.184622 0.203102 0.180181
v -0.045334 0.228025 0.197380
v -0.216116 -0.152774 -0.059152
v -0.037077 -0.119426 0.000014
v -0.042307 -0.104157 0.000014
v -0.221431 -0.138924 0.053889
v -0.220874 -0.138533 0.051178
v -0.214746 -0.153251 0.053650
v -0.292797 -0.179834 0.000014
v -0.285593 -0.194477 0.000014
v -0.227879 -0.142141 0.053585
v -0.221484 -0.155939 0.058335
v -0.227879 -0.142141 -0.053578
v -0.221484 -0.155939 -0.058328
v -0.300425 -0.180862 -0.002545
v -0.384595 -0.230146 -0.033169
v -0.291239 -0.194434 -0.004562
v -0.374947 -0.242167 -0.038310
v -0.322944 -0.161912 -0.085374
v -0.383125 -0.246822 -0.037312
v -0.318347 -0.159743 -0.086458
v -0.218279 -0.149164 -0.063359
v -0.073171 -0.063857 -0.125541
v -0.222534 -0.136792 -0.055639
v -0.275269 -0.071942 -0.137187
v -0.280419 -0.066983 -0.140831
v -0.067060 -0.056539 -0.128751
v -0.271581 -0.064564 -0.142349
v 0.048282 0.045243 -0.207545
v -0.147179 0.068009 -0.176401
v -0.149816 0.072882 -0.177724
v -0.142846 0.076068 -0.178201
v 0.054744 0.058370 -0.210364
v 0.186236 0.203938 -0.193252
v -0.046335 0.227238 -0.210495
v 0.551324 0.568495 0.000014
v 0.543397 0.582878 0.000014
v 0.100060 0.422434 0.000014
v 0.322909 0.470373 0.067444
v 0.329705 0.455943 0.064733
v 0.105994 0.407349 0.000014
v 0.319753 0.453869 -0.067459
v -0.113405 0.357636 -0.081556
v -0.116407 0.372214 -0.086436
v 0.097140 0.402696 -0.002632
v 0.092527 0.417987 -0.004367
v 0.113295 0.354366 -0.135344
v -0.126232 0.362593 -0.093529
v -0.226904 0.208465 -0.125042
v -0.054844 0.243753 -0.204140
v -0.152908 0.077467 -0.176379
v -0.061972 0.230259 -0.207697
v -0.357935 0.055585 -0.140332
v -0.231755 0.200432 -0.127037
v -0.158850 0.068466 -0.175641
v -0.360632 0.043761 -0.139465
v -0.284814 -0.060790 -0.141243
v -0.393228 -0.080179 -0.117907
v -0.286338 -0.072644 -0.138727
v -0.327077 -0.158455 -0.087347
v -0.433444 -0.200178 -0.091381
v -0.393641 -0.088462 -0.115542
v -0.330056 -0.167255 -0.082988
v -0.392700 -0.231726 -0.034276
v -0.387572 -0.242997 -0.042820
v -0.457222 -0.254512 -0.047462
v -0.433718 -0.210774 -0.084484
v -0.460850 -0.242666 -0.039047
v -0.398672 -0.236836 -0.031174
v -0.518025 -0.287615 -0.009768
v -0.393463 -0.251235 -0.035403
v -0.450038 -0.257058 -0.002697
v -0.442761 -0.271569 -0.004085
v -0.511292 -0.301363 -0.014365
v -0.442687 -0.254845 0.000014
v -0.307778 -0.186310 0.000014
v -0.434961 -0.269306 0.000014
v -0.297650 -0.199568 0.000014
v -0.390509 -0.233099 0.029706
v -0.381556 -0.246986 0.030205
v -0.374947 -0.242167 0.038316
v -0.384595 -0.230146 0.033176
v -0.320332 -0.163920 0.081216
v -0.326664 -0.152198 0.073517
v -0.073170 -0.063857 0.125547
v -0.222534 -0.136792 0.055645
v -0.321774 -0.148795 0.077225
v -0.075749 -0.052621 0.116395
v -0.275269 -0.071942 0.137194
v -0.276968 -0.062365 0.126740
v 0.825063 0.057380 -0.105327
v 0.821005 0.042877 -0.109947
v 0.661225 0.053279 -0.004605
v 0.470163 0.064305 -0.073207
v 0.662924 0.068973 -0.002675
v 0.470569 0.079029 -0.068175
v 0.655599 0.050195 0.000014
v 0.465762 0.064501 0.068463
v 0.654307 0.066106 0.000014
v 0.462314 0.079474 0.064667
v 0.298902 0.004243 0.000014
v 0.304791 -0.010844 0.000014
v 0.460719 0.062362 0.072844
v 0.454080 0.075898 0.067812
v 0.261870 0.061602 0.126112
v 0.137735 -0.066265 0.081520
v 0.268979 0.050458 0.134006
v 0.147048 -0.078573 0.086508
v 0.131460 -0.069191 0.081737
v 0.253979 0.060260 0.128671
v 0.130217 -0.066741 0.083537
v -0.058990 -0.046886 0.117935
v 0.124111 -0.070534 0.081238
v -0.065399 -0.050337 0.114985
v -0.213091 -0.137110 0.054756
v -0.063009 -0.063257 0.122468
v 0.125890 -0.085372 0.085879
v -0.208475 -0.151403 0.059593
v -0.021446 -0.114609 0.000014
v 0.137624 -0.083803 0.078961
v 0.291546 -0.013931 0.000014
v 0.131362 -0.068821 0.078830
v -0.025409 -0.099029 0.000014
v 0.283092 0.000214 0.000014
v 0.298088 -0.010033 -0.004562
v 0.289770 0.004008 -0.002719
v 0.137735 -0.066265 -0.081513
v 0.454080 0.075898 -0.067806
vn 0.0786 0.4343 0.8973
vn 0.3717 0.8197 0.4358
vn -0.0996 -0.9934 -0.0573
vn 0.8695 0.4414 -0.2217
vn 0.4259 -0.8151 -0.3927
vn 0.8674 0.4404 0.2317
vn 0.0283 0.7988 0.6009
vn 0.1872 -0.6424 -0.7432
vn 0.3948 0.5661 0.7236
vn 0.0072 0.4326 0.9016
vn -0.0474 -0.7650 -0.6423
vn -0.0316 -0.5146 -0.8568
vn 0.4332 -0.3107 -0.8461
vn 0.7874 0.1939 0.5851
vn 0.1780 -0.8728 0.4544
vn -0.0542 0.6648 -0.7451
vn -0.1211 0.2325 -0.9650
vn 0.2448 -0.6302 0.7368
vn 0.0857 0.7555 -0.6495
vn 0.2862 0.5918 -0.7536
vn -0.1029 -0.4365 0.8938
vn 0.5888 0.7174 -0.3724
vn 0.5888 0.7174 0.3723
vn 0.7222 -0.6212 0.3042
vn 0.7222 -0.6211 -0.3042
vn 0.7170 -0.2332 -0.6569
vn -0.1028 -0.4365 -0.8938
vn 0.2448 -0.6301 -0.7369
vn 0.0857 0.7555 0.6495
vn 0.2862 0.5918 0.7536
vn 0.4965 0.2601 0.8282
vn 0.7874 0.1939 -0.5851
vn -0.1210 0.2326 0.9650
vn -0.0542 0.6648 0.7450
vn 0.1781 -0.8727 -0.4546
vn 0.4319 0.4762 0.7660
vn 0.7126 0.5315 0.4579
vn 0.5146 0.4648 0.7205
vn 0.6963 0.6017 0.3912
vn 0.6616 0.0443 0.7486
vn -0.1707 -0.2608 -0.9502
vn 0.6615 0.0442 0.7486
vn 0.9543 0.2363 0.1827
vn 0.8889 0.2898 0.3547
vn 0.7126 0.5316 0.4579
vn 0.9543 0.2364 0.1827
vn 0.6950 0.0446 0.7176
vn 0.5002 0.3131 0.8074
vn 0.4512 0.0551 0.8907
vn 0.6950 0.0446 0.7177
vn 0.4323 0.0763 0.8985
vn -0.4112 -0.0549 -0.9099
vn 0.9142 -0.2382 0.3277
vn 0.5001 0.3131 0.8074
vn 0.7321 0.1810 0.6568
vn 0.3210 0.1280 0.9384
vn 0.5247 -0.3132 0.7916
vn 0.6076 -0.2847 0.7415
vn -0.1215 0.2799 0.9523
vn 0.5279 -0.7114 -0.4640
vn -0.1385 -0.1377 0.9808
vn 0.4436 -0.1142 -0.8889
vn 0.4492 -0.4577 -0.7673
vn 0.4049 -0.1909 -0.8942
vn 0.3665 -0.5163 -0.7741
vn 0.0579 -0.3778 0.9241
vn -0.0570 0.0458 0.9973
vn 0.4282 -0.2430 -0.8704
vn 0.3354 0.2981 -0.8937
vn 0.2305 -0.6111 0.7573
vn 0.0615 0.4808 -0.8746
vn 0.3555 -0.1114 -0.9280
vn 0.1681 -0.1868 0.9679
vn 0.5206 -0.8016 0.2939
vn 0.0025 0.8061 -0.5917
vn 0.0894 0.3564 -0.9300
vn 0.3563 -0.4820 0.8005
vn 0.3234 0.9391 -0.1158
vn -0.0837 -0.9238 -0.3736
vn -0.0645 -0.9693 0.2371
vn 0.1769 -0.7173 0.6740
vn 0.2200 0.9076 -0.3576
vn 0.2407 0.6171 -0.7491
vn 0.4884 -0.8721 -0.0296
vn -0.2457 -0.7810 0.5742
vn 0.4220 0.8619 -0.2810
vn 0.6730 0.2803 -0.6845
vn -0.0237 -0.9920 0.1240
vn 0.1626 0.7186 -0.6762
vn 0.4363 0.7430 -0.5076
vn 0.0793 0.7484 -0.6585
vn -0.1911 -0.3592 0.9135
vn 0.4362 0.7430 -0.5076
vn 0.6237 0.3772 -0.6847
vn 0.2659 -0.6352 0.7251
vn 0.1919 0.3473 -0.9179
vn -0.2306 -0.3996 0.8872
vn 0.4096 0.7013 -0.5834
vn 0.5743 0.7666 -0.2874
vn -0.0105 0.7991 -0.6011
vn -0.1944 -0.8241 0.5321
vn 0.5742 0.7666 -0.2874
vn 0.9827 0.1497 -0.1089
vn 0.7126 0.5316 -0.4579
vn 0.5347 0.8451 -0.0000
vn 0.7126 0.5315 -0.4580
vn 0.5146 0.4648 -0.7205
vn 0.5405 0.5298 -0.6536
vn 0.6922 0.7113 -0.1221
vn 0.3470 0.4874 -0.8013
vn 0.8861 0.4635 -0.0000
vn 0.6922 0.7113 0.1222
vn 0.3458 0.4928 0.7985
vn 0.8725 0.3667 0.3228
vn 0.7735 0.2431 -0.5853
vn 0.7735 0.2431 0.5853
vn 0.8725 0.3667 -0.3228
vn 0.8889 0.2898 -0.3547
vn 0.8343 0.5513 -0.0000
vn 0.4319 0.4762 -0.7660
vn 0.6964 0.6017 -0.3911
vn 0.9543 0.2364 -0.1827
vn 0.6616 0.0443 -0.7485
vn 0.6616 0.0443 -0.7486
vn -0.1707 -0.2607 0.9502
vn 0.6950 0.0446 -0.7177
vn 0.5002 0.3131 -0.8073
vn 0.9142 -0.2382 -0.3277
vn -0.4112 -0.0548 0.9099
vn 0.5001 0.3132 -0.8074
vn 0.4512 0.0551 -0.8907
vn 0.4323 0.0763 -0.8985
vn 0.7321 0.1810 -0.6567
vn 0.3210 0.1280 -0.9384
vn 0.5247 -0.3132 -0.7916
vn 0.6034 -0.2828 -0.7456
vn 0.8727 -0.2417 -0.4242
vn 0.6950 0.0446 -0.7176
vn 0.8817 -0.1822 -0.4353
vn 0.3404 0.1013 -0.9348
vn 0.9152 0.1096 -0.3878
vn 0.8076 -0.1840 0.5602
vn 0.9938 -0.1113 -0.0000
vn 0.9928 -0.1201 -0.0000
vn 0.8246 0.2835 -0.4895
vn 0.8247 0.2835 0.4895
vn 0.9152 0.1095 0.3878
vn 0.3404 0.1013 0.9348
vn 0.8817 -0.1822 0.4353
vn 0.8727 -0.2417 0.4243
vn 0.8076 -0.1840 -0.5603
vn 0.9995 0.0329 -0.0000
vn 0.7967 -0.2078 0.5676
vn 0.8205 -0.5717 -0.0000
vn 0.8550 -0.5186 -0.0000
vn 0.7967 -0.2077 -0.5676
vn 0.8506 -0.3101 -0.4246
vn 0.6983 -0.4709 0.5390
vn 0.7121 -0.5627 -0.4198
vn 0.7042 -0.5870 -0.3994
vn 0.3081 -0.1027 -0.9458
vn -0.2148 0.0605 0.9748
vn -0.4383 0.5042 0.7441
vn 0.7150 -0.6294 -0.3042
vn 0.6915 -0.1666 -0.7029
vn 0.2577 -0.0074 -0.9662
vn 0.3425 -0.2006 -0.9179
vn -0.2789 0.2321 0.9319
vn 0.7729 -0.5168 -0.3681
vn -0.1333 -0.1712 0.9762
vn 0.4549 0.0414 -0.8896
vn 0.4549 0.0413 -0.8896
vn 0.1972 -0.4408 0.8757
vn -0.1032 -0.0847 0.9910
vn 0.5207 0.0056 -0.8537
vn 0.3255 0.4693 -0.8209
vn 0.2250 -0.7432 0.6301
vn 0.1010 0.6159 -0.7813
vn 0.4599 0.0341 -0.8873
vn 0.0460 -0.3982 0.9162
vn 0.1010 0.6158 0.7814
vn 0.2250 -0.7432 -0.6301
vn 0.4600 0.0341 0.8873
vn 0.0459 -0.3983 -0.9161
vn 0.2407 0.6171 0.7492
vn 0.1769 -0.7173 -0.6739
vn 0.4884 -0.8721 0.0296
vn 0.2200 0.9076 0.3577
vn 0.3234 0.9392 0.1159
vn -0.0645 -0.9694 -0.2370
vn -0.0837 -0.9238 0.3736
vn -0.2456 -0.7810 -0.5742
vn 0.6730 0.2803 0.6845
vn 0.4220 0.8619 0.2810
vn -0.0237 -0.9920 -0.1241
vn 0.4367 0.7359 0.5175
vn 0.1626 0.7186 0.6761
vn 0.0793 0.7484 0.6585
vn -0.1911 -0.3592 -0.9135
vn 0.6236 0.3771 0.6847
vn 0.4366 0.7359 0.5175
vn 0.2659 -0.6352 -0.7251
vn 0.1920 0.3473 0.9179
vn -0.2306 -0.3996 -0.8872
vn 0.5759 0.7687 0.2783
vn 0.4096 0.7013 0.5834
vn -0.0105 0.7992 0.6010
vn -0.1944 -0.8240 -0.5321
vn 0.9827 0.1497 0.1089
vn 0.5759 0.7687 0.2782
vn 0.5405 0.5298 0.6536
vn 0.8469 -0.3087 0.4330
vn 0.3081 -0.1027 0.9458
vn 0.7091 -0.5604 0.4280
vn 0.7042 -0.5870 0.3994
vn 0.7020 -0.4734 -0.5320
vn 0.6306 -0.5182 0.5778
vn 0.9166 -0.3997 -0.0000
vn 0.5523 -0.8337 -0.0000
vn 0.7042 -0.5870 0.3995
vn 0.6265 -0.7794 -0.0000
vn 0.6305 -0.5182 -0.5778
vn 0.7042 -0.5870 -0.3995
vn 0.4522 -0.7652 -0.4583
vn 0.5272 -0.7184 0.4539
vn 0.4522 -0.7652 -0.4582
vn 0.4492 -0.4576 -0.7673
vn 0.2595 -0.2103 -0.9426
vn -0.1732 0.6227 0.7630
vn 0.4030 -0.8184 -0.4097
vn -0.0909 0.1637 0.9823
vn 0.5535 -0.3793 -0.7415
vn 0.0624 0.0063 0.9980
vn 0.0584 0.6645 0.7450
vn 0.1653 -0.8838 -0.4377
vn 0.1057 0.2859 0.9524
vn 0.1402 -0.6004 -0.7873
vn -0.0826 -0.8832 -0.4617
vn 0.4104 0.6316 0.6577
vn -0.0455 -0.0387 -0.9982
vn 0.2572 0.2786 0.9253
vn 0.0807 0.8186 0.5686
vn 0.4965 0.2600 -0.8282
vn 0.7170 -0.2333 0.6569
vn 0.1341 -0.3230 0.9368
vn 0.0342 0.0453 -0.9984
vn -0.0890 -0.3419 -0.9355
vn 0.4159 0.0686 0.9068
vn 0.0281 -0.3121 0.9496
vn -0.0514 0.3058 0.9507
vn 0.2864 -0.5665 -0.7727
vn 0.3965 -0.1479 -0.9060
vn 0.1031 0.7068 0.6999
vn 0.3001 -0.8899 -0.3434
vn -0.0397 0.2650 0.9634
vn 0.3189 -0.5326 -0.7840
vn 0.4259 -0.8151 0.3928
vn -0.0996 -0.9928 0.0668
vn 0.3717 0.8197 -0.4359
vn 0.0783 0.4398 -0.8947
vn 0.4332 -0.3107 0.8461
vn 0.0283 0.7988 -0.6009
vn 0.1873 -0.6424 0.7432
vn -0.0315 -0.5146 0.8568
vn 0.3964 0.5612 -0.7266
vn -0.0473 -0.7650 0.6423
vn 0.1872 -0.6423 0.7432
vn 0.0073 0.4271 -0.9042
vn 0.2572 0.2786 -0.9253
vn -0.0455 -0.0387 0.9982
vn 0.0807 0.8186 -0.5686
vn -0.0826 -0.8832 0.4617
vn 0.1401 -0.6005 0.7873
vn 0.1057 0.2860 -0.9524
vn 0.4105 0.6316 -0.6577
vn 0.1342 -0.3229 -0.9369
vn 0.0342 0.0453 0.9984
vn 0.4159 0.0686 -0.9068
vn -0.0891 -0.3420 0.9355
vn 0.2863 -0.5666 0.7727
vn -0.0514 0.3059 -0.9507
vn 0.0281 -0.3120 -0.9497
vn 0.3965 -0.1478 0.9060
vn 0.1652 -0.8838 0.4377
vn 0.0583 0.6644 -0.7451
vn 0.0624 0.0063 -0.9980
vn -0.0786 -0.9969 -0.0001
vn 0.3034 0.8743 -0.3789
vn 0.1137 0.3986 -0.9100
vn 0.0799 0.0128 -0.9967
vn 0.1394 -0.3082 0.9410
vn 0.1755 0.4185 -0.8911
vn 0.1995 -0.8713 0.4484
vn 0.1398 -0.3020 -0.9430
vn 0.0799 0.0128 0.9967
vn 0.1754 0.4185 0.8911
vn 0.1995 -0.8713 -0.4484
vn 0.4522 -0.7652 0.4582
vn 0.5272 -0.7184 -0.4539
vn 0.4440 -0.4590 0.7695
vn 0.2595 -0.2103 0.9426
vn 0.4018 -0.1894 0.8959
vn 0.3665 -0.5163 0.7741
vn 0.6915 -0.1667 0.7029
vn 0.4019 -0.1895 0.8959
vn 0.2576 -0.0075 0.9662
vn 0.7150 -0.6295 0.3042
vn -0.4383 0.5042 -0.7441
vn -0.2148 0.0605 -0.9748
vn 0.3425 -0.2006 0.9179
vn 0.7729 -0.5168 0.3681
vn -0.2789 0.2321 -0.9318
vn -0.1333 -0.1711 -0.9762
vn 0.4549 0.0413 0.8896
vn 0.5207 0.0057 0.8537
vn -0.1032 -0.0847 -0.9910
vn 0.1986 -0.4440 -0.8737
vn 0.3255 0.4694 0.8208
vn 0.1938 0.4258 -0.8838
vn 0.0992 -0.6958 0.7114
vn 0.1564 -0.2870 0.9451
vn 0.2658 -0.1971 -0.9437
vn 0.1882 -0.3046 -0.9337
vn 0.0629 0.0455 0.9970
vn 0.2923 0.1693 -0.9412
vn 0.1238 -0.4017 0.9074
vn -0.2265 0.8872 0.4019
vn 0.4597 -0.8880 -0.0099
vn -0.1107 0.3706 0.9222
vn 0.3682 -0.4452 -0.8162
vn 0.3226 -0.8219 -0.4695
vn 0.0868 0.7790 0.6210
vn 0.1168 0.2319 0.9657
vn 0.1564 -0.2870 -0.9451
vn 0.0992 -0.6957 -0.7114
vn 0.1937 0.4258 0.8839
vn 0.2658 -0.1971 0.9437
vn 0.0629 0.0455 -0.9970
vn 0.1882 -0.3046 0.9337
vn 0.2923 0.1693 0.9412
vn 0.1238 -0.4017 -0.9074
vn 0.4014 -0.8152 0.4174
vn -0.1732 0.6228 -0.7630
vn -0.0909 0.1636 -0.9823
vn 0.5535 -0.3792 0.7415
vn 0.5279 -0.7113 0.4641
vn -0.1215 0.2799 -0.9523
vn -0.1384 -0.1376 -0.9808
vn 0.4436 -0.1141 0.8889
vn 0.4282 -0.2430 0.8704
vn -0.0570 0.0458 -0.9973
vn 0.0579 -0.3778 -0.9241
vn 0.3300 0.2986 0.8955
vn 0.3555 -0.1115 0.9280
vn 0.0615 0.4808 0.8747
vn 0.2305 -0.6110 -0.7573
vn 0.1681 -0.1868 -0.9679
vn 0.0024 0.8060 0.5919
vn 0.5206 -0.8016 -0.2939
vn 0.0894 0.3563 0.9301
vn 0.3563 -0.4818 -0.8006
vn 0.4597 -0.8880 0.0098
vn -0.2265 0.8872 -0.4019
vn -0.1106 0.3706 -0.9222
vn 0.0868 0.7791 -0.6209
vn 0.3226 -0.8219 0.4695
vn 0.3682 -0.4452 0.8162
vn 0.1169 0.2320 -0.9657
vn 0.1137 0.3986 0.9101
vn 0.3034 0.8743 0.3789
vn -0.0786 -0.9969 -0.0000
vn 0.3001 -0.8899 0.3434
vn 0.1031 0.7068 -0.6999
vn -0.0397 0.2651 -0.9634
vn 0.3188 -0.5327 0.7840
vn 0.3717 0.8196 0.4360
vn 0.1270 0.9919 0.0001
vn 0.1249 0.9455 -0.3008
vn -0.1045 0.8978 0.4278
vn 0.0892 0.6336 0.7685
vn 0.0785 0.4343 0.8973
vn 0.0959 0.8821 0.4611
vn 0.8674 0.4403 0.2318
vn 0.8695 0.4414 -0.2216
vn -0.1046 0.8978 -0.4278
vn 0.0891 0.6336 0.7685
vn 0.0283 0.7988 0.6010
vn 0.3948 0.5662 0.7236
vn 0.0072 0.4327 0.9015
vn -0.3083 0.8432 -0.4404
vn -0.0292 0.6487 -0.7605
vn -0.1291 0.6355 -0.7612
vn -0.3437 0.5717 -0.7450
vn -0.1925 0.8778 -0.4385
vn -0.4291 0.8998 0.0785
vn -0.6383 0.6609 -0.3946
vn -0.4292 0.8998 0.0785
vn 0.5775 -0.7050 0.4116
vn 0.2294 -0.2774 0.9330
vn -0.1925 0.8779 -0.4385
vn -0.4304 0.9026 -0.0000
vn -0.3257 0.5264 -0.7854
vn -0.6384 0.6609 -0.3945
vn -0.3083 0.8433 -0.4403
vn -0.1784 0.8905 -0.4185
vn 0.1097 -0.2597 0.9594
vn -0.0542 0.6647 -0.7451
vn 0.4954 -0.5168 0.6982
vn -0.1820 0.9565 -0.2280
vn -0.1343 0.3637 -0.9218
vn -0.1342 0.3638 -0.9218
vn -0.2907 0.6265 -0.7232
vn 0.0206 0.6404 -0.7678
vn -0.1784 0.8905 -0.4186
vn 0.3581 0.8354 -0.4171
vn 0.0306 0.9984 -0.0477
vn -0.2976 0.8592 -0.4163
vn 0.0375 0.9993 -0.0000
vn 0.0271 0.6736 -0.7386
vn 0.5889 0.7174 -0.3723
vn 0.0674 0.4859 -0.8714
vn 0.0858 0.7555 -0.6495
vn 0.0989 0.9709 -0.2183
vn 0.0989 0.9708 0.2184
vn 0.3318 0.9433 -0.0000
vn -0.2976 0.8592 0.4162
vn 0.0271 0.6736 0.7386
vn 0.3581 0.8354 0.4171
vn -0.1784 0.8905 0.4185
vn -0.3198 0.9475 -0.0000
vn -0.1664 0.7801 0.6031
vn -0.1005 0.9949 -0.0000
vn -0.1664 0.7801 -0.6031
vn 0.0206 0.6404 0.7678
vn 0.0306 0.9984 0.0477
vn 0.0858 0.7555 0.6495
vn 0.0674 0.4859 0.8714
vn 0.2208 -0.0273 0.9749
vn -0.0396 0.1972 -0.9796
vn 0.2890 -0.0279 -0.9569
vn 0.0404 0.1305 0.9906
vn -0.3089 0.3275 0.8929
vn 0.0179 0.2302 -0.9730
vn 0.0018 0.6109 0.7917
vn 0.3082 0.3022 0.9021
vn 0.0206 0.6403 0.7678
vn -0.1342 0.3638 0.9218
vn 0.3082 0.3021 0.9021
vn 0.1707 -0.3528 -0.9200
vn -0.2018 -0.2965 -0.9335
vn -0.2907 0.6265 0.7232
vn -0.1342 0.3637 0.9218
vn -0.0542 0.6648 0.7451
vn -0.3437 0.5717 0.7450
vn 0.1097 -0.2597 -0.9594
vn -0.0542 0.6647 0.7451
vn -0.1820 0.9565 0.2280
vn 0.4954 -0.5168 -0.6982
vn -0.1211 0.2325 0.9650
vn -0.1784 0.8904 0.4186
vn -0.2907 0.6264 0.7232
vn 0.2294 -0.2774 -0.9330
vn 0.5775 -0.7049 -0.4117
vn -0.4291 0.8999 -0.0784
vn -0.6383 0.6609 0.3946
vn -0.4291 0.8998 -0.0785
vn -0.3438 0.5717 0.7450
vn -0.1925 0.8778 0.4385
vn -0.3257 0.5264 0.7854
vn -0.1925 0.8779 0.4385
vn 0.4319 0.4762 0.7659
vn -0.6490 -0.0211 -0.7605
vn 0.6964 0.6017 0.3911
vn -0.9747 0.2171 -0.0541
vn -0.0939 0.4429 0.8917
vn 0.5002 0.3131 0.8073
vn -0.5629 0.2940 -0.7725
vn 0.3211 0.1281 0.9384
vn -0.8682 0.4824 -0.1164
vn 0.7321 0.1810 0.6567
vn -0.4573 0.4742 0.7524
vn 0.0011 0.3527 -0.9357
vn -0.1214 0.2799 0.9523
vn -0.0895 0.5564 -0.8261
vn -0.0569 0.0459 0.9973
vn -0.3919 0.3578 0.8475
vn 0.3354 0.2980 -0.8937
vn -0.4456 0.7307 -0.5173
vn 0.1682 -0.1868 0.9679
vn -0.2089 -0.1054 0.9722
vn 0.0615 0.4807 -0.8747
vn -0.3574 0.5051 -0.7856
vn 0.0131 0.4326 -0.9015
vn -0.2101 0.5923 -0.7778
vn 0.0894 0.3563 -0.9301
vn 0.0024 0.8061 -0.5918
vn -0.1561 0.6951 -0.7018
vn -0.4219 0.7839 -0.4554
vn -0.1561 0.6951 -0.7017
vn -0.3510 0.8250 -0.4429
vn -0.3710 0.9286 -0.0000
vn -0.4271 0.7651 0.4819
vn -0.1870 0.9151 -0.3571
vn -0.0649 0.9544 -0.2915
vn -0.0164 0.3898 -0.9208
vn 0.1626 0.7186 -0.6761
vn -0.1961 0.6953 -0.6915
vn 0.1847 0.9011 -0.3924
vn -0.1277 0.9752 -0.1811
vn 0.1010 0.6158 -0.7814
vn 0.0371 0.9685 -0.2462
vn 0.0929 0.9957 -0.0000
vn -0.0365 0.8166 0.5760
vn 0.3234 0.9391 -0.1159
vn 0.5346 0.8451 -0.0000
vn 0.2741 0.5231 -0.8070
vn 0.2201 0.9075 -0.3577
vn 0.2247 0.7693 -0.5981
vn -0.1773 0.9840 -0.0192
vn 0.4220 0.8619 -0.2811
vn 0.6730 0.2802 -0.6846
vn 0.4096 0.7014 -0.5833
vn -0.1910 -0.3592 0.9135
vn 0.4363 0.7429 -0.5077
vn -0.6320 0.0172 0.7748
vn 0.6922 0.7113 0.1220
vn -0.8268 -0.4480 0.3402
vn -0.8630 -0.4037 -0.3038
vn 0.6923 0.7112 -0.1221
vn -0.8630 -0.4037 0.3039
vn -0.8268 -0.4480 -0.3402
vn -0.6490 -0.0210 0.7605
vn -0.9746 0.2171 0.0541
vn 0.6964 0.6017 -0.3912
vn -0.4111 -0.0549 0.9099
vn -0.0939 0.4429 -0.8917
vn 0.5002 0.3130 -0.8074
vn -0.5628 0.2941 0.7725
vn -0.8682 0.4824 0.1163
vn 0.7321 0.1809 -0.6567
vn -0.9864 0.1642 -0.0001
vn 0.8247 0.2834 -0.4895
vn 0.8343 0.5513 0.0001
vn 0.8247 0.2834 0.4895
vn 0.2577 -0.0075 -0.9662
vn 0.6915 -0.1667 -0.7029
vn -0.6663 0.7412 0.0815
vn -0.4382 0.5042 0.7442
vn -0.6564 0.3387 0.6741
vn -0.0809 0.3077 -0.9480
vn -0.2788 0.2321 0.9319
vn -0.1198 0.5275 -0.8410
vn -0.1032 -0.0847 0.9911
vn -0.5002 0.1537 0.8522
vn 0.3255 0.4693 -0.8208
vn -0.0224 0.4184 -0.9080
vn 0.0460 -0.3982 0.9161
vn -0.4621 0.7944 -0.3942
vn -0.0223 0.4184 0.9080
vn -0.1561 0.6951 0.7018
vn 0.0131 0.4326 0.9015
vn 0.1011 0.6158 0.7814
vn -0.4622 0.7943 0.3942
vn 0.0460 -0.3982 -0.9161
vn 0.1010 0.6159 0.7814
vn -0.1961 0.6952 0.6915
vn 0.2407 0.6171 0.7491
vn 0.2201 0.9076 0.3576
vn 0.1847 0.9011 0.3924
vn -0.1276 0.9752 0.1810
vn -0.0649 0.9544 0.2915
vn 0.1416 0.9899 -0.0000
vn -0.0574 0.8939 0.4446
vn -0.4008 0.9162 -0.0000
vn -0.0574 0.8939 -0.4446
vn 0.0371 0.9685 0.2462
vn -0.0365 0.8166 -0.5760
vn 0.2760 0.5267 0.8040
vn -0.1774 0.9841 0.0096
vn 0.2247 0.7693 0.5981
vn 0.6730 0.2802 0.6845
vn 0.4096 0.7014 0.5833
vn 0.0793 0.7484 0.6584
vn -0.1911 -0.3593 -0.9135
vn -0.6320 0.0172 -0.7748
vn 0.6237 0.3771 0.6847
vn 0.4096 0.7014 0.5834
vn 0.9827 0.1497 0.1090
vn -0.7780 0.6283 -0.0000
vn -0.7005 0.5900 -0.4015
vn -0.4978 0.4973 0.7105
vn -0.7779 0.6284 -0.0000
vn -0.4997 0.4917 -0.7132
vn -0.7005 0.5900 0.4015
vn -0.6224 0.7827 0.0001
vn -0.3726 0.8042 0.4632
vn -0.4241 0.4224 0.8011
vn -0.6223 0.7827 -0.0000
vn -0.7671 0.4794 0.4262
vn -0.3933 0.8048 0.4445
vn -0.3726 0.8041 0.4632
vn -0.4410 0.4558 0.7732
vn -0.6260 0.7788 -0.0405
vn 0.7121 -0.5628 -0.4197
vn -0.6259 0.7789 -0.0404
vn -0.3480 0.5391 0.7669
vn -0.3933 0.8048 0.4446
vn -0.0909 0.1636 0.9823
vn -0.3870 0.8925 0.2316
vn 0.5535 -0.3792 -0.7415
vn -0.1732 0.6227 0.7631
vn 0.1443 -0.2193 -0.9649
vn -0.4409 0.4559 0.7732
vn -0.1747 0.2884 0.9414
vn -0.1733 0.6227 0.7630
vn -0.2672 0.5657 0.7802
vn -0.1444 0.8793 0.4540
vn 0.0583 0.6644 0.7451
vn -0.1974 0.9801 -0.0191
vn 0.3606 -0.5316 -0.7664
vn 0.0584 0.6644 0.7451
vn -0.1443 0.8793 0.4540
vn -0.2159 0.5695 0.7931
vn -0.1973 0.9801 -0.0192
vn 0.1081 0.6492 0.7529
vn -0.0049 0.3121 0.9500
vn 0.3347 0.3943 0.8559
vn -0.2210 -0.0060 -0.9753
vn 0.0687 -0.2852 -0.9560
vn 0.0226 0.8688 0.4947
vn -0.2210 -0.0059 -0.9753
vn 0.0241 0.2915 0.9563
vn -0.4402 -0.3842 -0.8116
vn -0.0048 0.3121 0.9500
vn 0.3346 0.3943 0.8559
vn -0.2067 0.6442 0.7364
vn -0.1407 0.3517 0.9255
vn 0.0806 0.8187 0.5686
vn -0.0455 -0.0388 -0.9982
vn 0.2572 0.2785 0.9253
vn 0.2830 -0.3186 -0.9047
vn -0.3882 -0.2800 -0.8780
vn 0.0728 0.4290 0.9004
vn -0.2837 0.0144 -0.9588
vn -0.1364 0.4386 -0.8883
vn 0.0404 0.1305 -0.9906
vn 0.2207 -0.0272 -0.9750
vn -0.0396 0.1972 0.9796
vn 0.2890 -0.0279 0.9569
vn -0.3088 0.3275 -0.8929
vn 0.0180 0.2302 0.9730
vn -0.2017 -0.2965 0.9335
vn 0.0019 0.6109 -0.7917
vn 0.1707 -0.3528 0.9200
vn 0.3082 0.3022 -0.9021
vn -0.1788 0.0138 0.9838
vn -0.5152 0.1764 -0.8387
vn 0.1061 0.3269 0.9391
vn 0.1638 -0.3300 0.9296
vn -0.3603 0.6073 -0.7081
vn 0.4392 -0.1997 0.8759
vn -0.0748 0.3401 -0.9374
vn -0.1570 0.3014 -0.9405
vn -0.1162 0.6406 0.7590
vn -0.0341 -0.0388 0.9987
vn -0.1514 0.3222 -0.9345
vn 0.1913 0.0656 0.9793
vn -0.2715 -0.1071 -0.9565
vn 0.1494 0.0521 -0.9874
vn 0.0629 0.0650 -0.9959
vn -0.0513 0.3058 0.9507
vn -0.3483 0.7956 0.4957
vn -0.2672 0.5657 0.7801
vn -0.0573 0.2997 0.9523
vn -0.4409 0.4705 0.7643
vn 0.0395 -0.2098 -0.9770
vn -0.2916 0.8934 0.3417
vn 0.1031 0.7068 0.6998
vn 0.3188 -0.5327 -0.7840
vn -0.0728 0.6557 0.7515
vn -0.2657 0.8445 0.4649
vn -0.3016 0.8356 0.4591
vn -0.1973 0.9803 -0.0001
vn -0.2057 0.8843 -0.4193
vn 0.0012 0.3755 0.9268
vn 0.0574 0.9574 -0.2831
vn 0.0574 0.9574 0.2831
vn 0.4740 0.8805 -0.0000
vn 0.1249 0.9455 0.3008
vn 0.3717 0.8196 -0.4360
vn 0.0891 0.6336 -0.7685
vn 0.3717 0.8196 -0.4359
vn 0.0958 0.8821 -0.4611
vn -0.2338 0.9723 -0.0000
vn 0.0892 0.6336 -0.7685
vn 0.3964 0.5611 -0.7266
vn 0.7874 0.1938 -0.5851
vn -0.1407 0.3517 -0.9255
vn -0.1408 0.3517 -0.9255
vn 0.0806 0.8186 -0.5686
vn -0.3882 -0.2800 0.8780
vn 0.2830 -0.3186 0.9047
vn 0.2571 0.2786 -0.9253
vn -0.2067 0.6442 -0.7364
vn 0.1057 0.2859 -0.9524
vn 0.4104 0.6316 -0.6577
vn 0.1081 0.6492 -0.7529
vn 0.3346 0.3943 -0.8559
vn -0.2209 -0.0060 0.9753
vn 0.0225 0.8688 -0.4946
vn 0.0241 0.2915 -0.9563
vn -0.2210 -0.0059 0.9753
vn -0.4401 -0.3842 0.8116
vn 0.0686 -0.2851 0.9560
vn -0.0048 0.3121 -0.9500
vn 0.0726 0.4345 -0.8977
vn -0.1364 0.4386 0.8883
vn -0.2837 0.0144 0.9588
vn -0.1788 0.0137 -0.9838
vn 0.1637 -0.3301 -0.9296
vn 0.1063 0.3209 -0.9411
vn -0.5152 0.1763 0.8387
vn 0.4391 -0.1997 -0.8760
vn -0.3602 0.6073 0.7081
vn -0.0753 0.3427 0.9364
vn -0.1570 0.3014 0.9405
vn -0.1514 0.3221 0.9345
vn -0.0342 -0.0388 -0.9987
vn -0.1163 0.6406 -0.7590
vn 0.1912 0.0656 -0.9794
vn -0.2715 -0.1070 0.9565
vn 0.1495 0.0520 0.9874
vn -0.0514 0.3058 -0.9507
vn 0.0630 0.0650 0.9959
vn -0.3484 0.7956 -0.4956
vn 0.3965 -0.1479 0.9060
vn -0.2159 0.5695 -0.7931
vn 0.0624 0.0062 -0.9980
vn 0.3606 -0.5316 0.7664
vn -0.1974 0.9801 0.0191
vn -0.1443 0.8793 -0.4540
vn -0.1973 0.9801 0.0192
vn -0.1444 0.8792 -0.4540
vn -0.2671 0.5657 -0.7802
vn 0.3033 0.8743 -0.3790
vn 0.1136 0.3986 -0.9101
vn -0.1039 0.8760 -0.4709
vn -0.1039 0.8761 -0.4709
vn 0.0649 0.9979 -0.0000
vn 0.0231 0.9311 0.3640
vn 0.0875 0.8289 -0.5525
vn 0.4359 0.9000 -0.0000
vn 0.0875 0.8289 0.5525
vn -0.1299 0.6688 -0.7320
vn 0.1395 -0.3082 0.9410
vn -0.1564 0.2602 0.9528
vn 0.1755 0.4184 -0.8911
vn -0.2177 0.2572 -0.9415
vn -0.1079 -0.3932 0.9131
vn -0.1291 0.6354 -0.7613
vn -0.2177 0.2573 -0.9415
vn -0.1747 0.2884 -0.9414
vn -0.3042 0.8822 -0.3594
vn 0.3607 -0.5316 0.7664
vn 0.0455 0.0258 0.9986
vn 0.1289 -0.6269 0.7684
vn -0.4235 0.4947 -0.7589
vn -0.1154 0.2326 -0.9657
vn -0.3438 0.5717 -0.7450
vn 0.1755 0.4184 0.8911
vn -0.1300 0.6688 0.7320
vn 0.1398 -0.3022 -0.9429
vn -0.1565 0.2602 -0.9528
vn -0.2177 0.2572 0.9415
vn -0.1080 -0.3933 -0.9131
vn -0.1291 0.6354 0.7613
vn -0.2177 0.2573 0.9415
vn 0.1755 0.4185 0.8911
vn -0.3042 0.8822 0.3594
vn 0.1288 -0.6270 -0.7683
vn 0.0455 0.0258 -0.9986
vn -0.0293 0.6487 0.7605
vn -0.4235 0.4947 0.7589
vn -0.3083 0.8432 0.4404
vn -0.1154 0.2327 0.9657
vn -0.0292 0.6487 0.7605
vn -0.1291 0.6355 0.7612
vn -0.4072 0.7976 0.4449
vn -0.3083 0.8433 0.4403
vn -0.2266 0.9709 -0.0772
vn -0.1291 0.6355 0.7613
vn 0.0296 0.9121 0.4090
vn -0.1094 0.5941 0.7969
vn -0.3481 0.5391 0.7669
vn -0.3933 0.8048 -0.4445
vn -0.3048 0.9524 -0.0000
vn -0.3049 0.7106 0.6341
vn -0.4831 0.8756 -0.0000
vn -0.3049 0.7106 -0.6341
vn -0.7671 0.4794 -0.4262
vn -0.3726 0.8042 -0.4632
vn -0.6224 0.7827 -0.0000
vn -0.4241 0.4224 -0.8011
vn -0.4410 0.4558 -0.7731
vn -0.3726 0.8041 -0.4632
vn -0.6260 0.7788 0.0405
vn 0.7122 -0.5628 0.4197
vn -0.6662 0.7413 -0.0815
vn 0.2577 -0.0075 0.9662
vn -0.4383 0.5041 -0.7442
vn -0.6564 0.3387 -0.6741
vn 0.4550 0.0413 0.8895
vn -0.0809 0.3077 0.9480
vn -0.2789 0.2321 -0.9319
vn -0.1197 0.5276 0.8410
vn -0.5001 0.1537 -0.8522
vn 0.3256 0.4693 0.8208
vn 0.1937 0.4258 -0.8839
vn -0.1786 -0.0718 0.9813
vn -0.2041 0.8628 -0.4625
vn 0.0630 0.0455 0.9970
vn -0.0993 0.3854 -0.9174
vn 0.2924 0.1693 -0.9412
vn -0.1966 0.4121 0.8897
vn 0.0228 0.9088 0.4167
vn -0.2532 0.8475 0.4666
vn -0.2532 0.8475 -0.4666
vn -0.1571 0.7073 0.6892
vn -0.1572 0.7073 -0.6892
vn 0.0168 0.9999 -0.0000
vn -0.4451 0.8955 -0.0000
vn -0.5528 0.6519 -0.5191
vn -0.5500 0.6486 0.5261
vn -0.4880 0.7864 -0.3788
vn -0.1107 0.3705 0.9222
vn -0.2101 0.5923 0.7778
vn -0.2102 0.5923 0.7778
vn -0.2532 0.8474 0.4666
vn 0.0868 0.7791 0.6209
vn -0.2970 0.9500 0.0967
vn 0.3681 -0.4452 -0.8163
vn 0.0869 0.7791 0.6209
vn -0.2557 0.5897 0.7661
vn -0.2556 0.5896 0.7662
vn 0.0478 0.3345 0.9412
vn 0.1169 0.2319 0.9657
vn -0.1786 -0.0718 -0.9813
vn 0.1938 0.4258 0.8838
vn -0.2042 0.8628 0.4625
vn -0.1966 0.4121 -0.8897
vn -0.0992 0.3854 0.9174
vn 0.2924 0.1693 0.9412
vn -0.5345 0.8451 -0.0000
vn -0.2756 0.7880 0.5506
vn -0.1142 0.9935 -0.0000
vn -0.2695 0.7894 -0.5516
vn -0.4055 0.7942 -0.4525
vn -0.1291 0.6355 -0.7613
vn -0.2265 0.9709 0.0771
vn 0.0296 0.9121 -0.4090
vn -0.4055 0.7943 -0.4524
vn -0.1095 0.5940 -0.7970
vn 0.0296 0.9121 -0.4089
vn -0.3481 0.5391 -0.7669
vn -0.3933 0.8048 -0.4446
vn 0.5535 -0.3793 0.7415
vn -0.3870 0.8925 -0.2315
vn -0.1732 0.6227 -0.7630
vn -0.1748 0.2883 -0.9415
vn -0.4409 0.4559 -0.7732
vn 0.1444 -0.2193 0.9649
vn -0.4573 0.4742 -0.7523
vn 0.4436 -0.1142 0.8889
vn 0.0011 0.3527 0.9357
vn -0.3920 0.3579 -0.8475
vn -0.0569 0.0459 -0.9973
vn -0.0901 0.5603 0.8234
vn -0.2090 -0.1054 -0.9722
vn 0.1681 -0.1869 -0.9679
vn -0.4455 0.7307 0.5173
vn 0.0616 0.4807 0.8747
vn -0.3519 0.5062 0.7874
vn -0.3510 0.8250 0.4429
vn 0.0024 0.8061 0.5918
vn -0.1561 0.6951 0.7017
vn -0.4219 0.7839 0.4555
vn -0.0164 0.3898 0.9207
vn -0.1870 0.9152 0.3571
vn -0.4271 0.7651 -0.4820
vn -0.1424 0.9898 -0.0000
vn -0.3067 0.7376 0.6016
vn -0.6349 0.7726 -0.0000
vn -0.3067 0.7376 -0.6016
vn -0.4879 0.7864 0.3788
vn -0.2102 0.5923 -0.7778
vn -0.1107 0.3705 -0.9222
vn -0.2971 0.9500 -0.0967
vn -0.2532 0.8474 -0.4667
vn -0.0728 0.6557 -0.7515
vn -0.2557 0.5896 -0.7661
vn 0.0478 0.3345 -0.9412
vn -0.2556 0.5896 -0.7661
vn 0.1169 0.2319 -0.9657
vn -0.1039 0.8761 0.4708
vn 0.0230 0.9311 -0.3639
vn 0.3033 0.8743 0.3790
vn 0.1136 0.3986 0.9101
vn -0.1039 0.8761 0.4709
vn -0.1035 0.6245 0.7741
vn -0.3261 0.9454 -0.0000
vn -0.0039 1.0000 -0.0000
vn -0.1036 0.6245 -0.7741
vn -0.3919 0.9200 -0.0000
vn -0.5425 0.7123 -0.4453
vn -0.2672 0.5657 -0.7802
vn -0.1750 0.3089 -0.9349
vn -0.2115 0.8653 -0.4545
vn -0.3603 0.8388 0.4082
vn -0.2658 0.8445 -0.4649
vn -0.4409 0.4705 -0.7643
vn -0.0573 0.2997 -0.9523
vn -0.2672 0.5657 -0.7801
vn -0.0397 0.2650 -0.9634
vn 0.0395 -0.2097 0.9770
vn -0.2917 0.8934 -0.3416
vn 0.3189 -0.5327 0.7839
vn -0.3016 0.8356 -0.4591
vn 0.0011 0.3755 -0.9268
vn 0.0228 0.9088 -0.4167
vn -0.2056 0.8843 0.4193
vn 0.0237 0.9997 -0.0000
vn -0.2491 0.8030 -0.5414
vn -0.6007 0.7995 -0.0000
vn -0.2491 0.8030 0.5414
vn -0.2115 0.8653 0.4545
vn -0.3603 0.8388 -0.4082
vn -0.5425 0.7123 0.4453
vn -0.2115 0.8652 0.4546
vn -0.1749 0.3089 0.9349
vn 0.2944 -0.8578 -0.4212
vn -0.0997 -0.9934 -0.0573
vn -0.1046 0.8978 0.4278
vn -0.0996 -0.9934 -0.0574
vn -0.5026 -0.7691 -0.3949
vn 0.0959 0.8821 0.4612
vn 0.8674 0.4404 0.2316
vn 0.0073 0.4326 0.9015
vn 0.7875 0.1939 0.5850
vn 0.0072 0.4326 0.9015
vn 0.5776 -0.7050 0.4115
vn -0.4291 0.8998 0.0786
vn 0.2953 -0.8523 0.4317
vn -0.6383 0.6610 -0.3946
vn 0.3083 -0.8432 0.4404
vn 0.3494 -0.5704 0.7433
vn 0.4955 -0.5167 0.6982
vn 0.1791 -0.8939 0.4109
vn 0.3493 -0.5704 0.7434
vn -0.0206 -0.6445 0.7643
vn -0.1835 -0.6294 0.7551
vn -0.1822 0.9565 -0.2280
vn 0.1780 -0.8728 0.4546
vn 0.1376 -0.8942 0.4260
vn -0.0367 -0.4124 0.9102
vn -0.2663 -0.8573 0.4406
vn 0.3580 0.8354 -0.4170
vn -0.2976 0.8592 -0.4162
vn 0.7223 -0.6211 0.3043
vn -0.1028 -0.4366 0.8938
vn 0.2448 -0.6302 0.7369
vn -0.1333 -0.8223 0.5532
vn 0.3318 0.9434 0.0001
vn -0.1521 -0.9384 0.3104
vn 0.0988 0.9708 0.2184
vn 0.2404 -0.9707 -0.0000
vn -0.0704 -0.9353 0.3468
vn -0.2976 0.8592 0.4163
vn 0.0272 0.6736 0.7386
vn 0.3580 0.8354 0.4171
vn -0.2662 -0.8574 -0.4405
vn 0.1376 -0.8941 -0.4261
vn 0.1715 -0.8737 0.4552
vn -0.3199 0.9475 -0.0001
vn -0.1967 -0.9805 -0.0000
vn 0.5659 -0.8245 -0.0000
vn 0.3581 0.8354 0.4170
vn -0.1784 0.8905 0.4186
vn 0.5888 0.7174 0.3724
vn 0.0404 0.1306 0.9906
vn 0.0167 -0.1501 0.9885
vn 0.2207 -0.0273 0.9750
vn 0.4332 -0.3106 0.8461
vn -0.0284 0.0066 0.9996
vn 0.0019 0.6109 0.7917
vn 0.3082 0.3022 0.9020
vn 0.0002 0.0519 0.9987
vn -0.1821 0.9565 0.2280
vn -0.3437 0.5716 0.7450
vn 0.4954 -0.5167 -0.6982
vn 0.1780 -0.8728 -0.4546
vn -0.2908 0.6265 0.7231
vn -0.1212 0.2326 0.9650
vn -0.1834 -0.6294 -0.7551
vn -0.6383 0.6609 0.3945
vn -0.6384 0.6610 0.3945
vn 0.3718 -0.8104 0.4529
vn 0.2953 -0.8523 -0.4317
vn 0.5775 -0.7050 -0.4117
vn -0.3257 0.5264 0.7853
vn -0.6876 -0.1145 -0.7170
vn 0.6616 0.0443 0.7485
vn 0.9543 0.2364 0.1826
vn 0.2396 0.3402 0.9093
vn -0.0940 0.4429 0.8916
vn 0.4323 0.0764 0.8985
vn 0.6949 0.0446 0.7177
vn 0.9143 -0.2382 0.3276
vn -0.6438 0.1325 -0.7536
vn -0.8682 0.4824 -0.1163
vn 0.9144 -0.2644 0.3066
vn 0.5246 -0.3132 0.7916
vn 0.6075 -0.2847 0.7415
vn -0.4409 0.4558 0.7732
vn -0.4900 0.0303 0.8712
vn -0.1747 0.2883 0.9414
vn -0.1615 -0.1048 0.9813
vn -0.3972 0.1831 0.8993
vn -0.7005 0.5899 0.4015
vn -0.5839 0.3590 0.7281
vn -0.2779 -0.1476 0.9492
vn -0.0534 -0.3259 0.9439
vn 0.0578 -0.3779 0.9240
vn -0.3920 0.3579 0.8475
vn -0.1860 -0.1387 0.9727
vn -0.1607 -0.5452 0.8228
vn 0.2101 -0.5923 0.7779
vn 0.2305 -0.6110 0.7573
vn -0.2090 -0.1054 0.9722
vn -0.0132 -0.4325 0.9015
vn 0.3569 -0.8230 0.4419
vn 0.2101 -0.5923 0.7778
vn 0.1437 -0.6963 0.7032
vn -0.4336 0.8702 -0.2340
vn 0.3563 -0.4819 0.8005
vn -0.0239 -0.2772 0.9605
vn -0.0131 -0.4326 0.9015
vn 0.1508 -0.7000 0.6980
vn -0.4219 0.7839 -0.4555
vn 0.0851 -0.9440 0.3189
vn 0.1099 -0.6327 0.7666
vn -0.3095 -0.7165 0.6252
vn -0.0645 -0.9694 0.2370
vn 0.0790 -0.9527 0.2934
vn 0.1769 -0.7173 0.6739
vn -0.1984 -0.9020 0.3835
vn 0.0791 -0.9527 0.2934
vn 0.1458 -0.7365 0.6605
vn -0.1276 0.9752 -0.1810
vn -0.1708 -0.2876 0.9424
vn 0.2200 0.9075 -0.3577
vn -0.6166 -0.5275 0.5844
vn -0.2456 -0.7810 0.5742
vn -0.1615 -0.7064 0.6891
vn -0.4195 -0.7145 0.5599
vn -0.1615 -0.7064 0.6892
vn -0.2307 -0.3997 0.8872
vn -0.5147 -0.4499 0.7298
vn 0.2660 -0.6353 0.7250
vn -0.5147 -0.4499 0.7299
vn -0.2470 -0.3422 0.9066
vn -0.5435 -0.5559 0.6290
vn -0.8267 -0.4481 0.3402
vn 0.6921 0.7114 0.1221
vn 0.3458 0.4929 0.7984
vn 0.8725 0.3667 0.3229
vn -0.6292 -0.7730 -0.0808
vn -0.5051 -0.5970 0.6233
vn 0.8725 0.3666 -0.3229
vn -0.8932 -0.2740 0.3564
vn -0.7059 -0.5565 0.4383
vn 0.9543 0.2365 -0.1827
vn 0.6963 0.6018 -0.3912
vn -0.6876 -0.1146 0.7169
vn -0.6994 -0.0527 0.7128
vn -0.8933 -0.2739 0.3564
vn -0.6876 -0.1146 0.7170
vn -0.1502 -0.3881 0.9093
vn -0.4111 -0.0548 0.9099
vn 0.9143 -0.2382 -0.3276
vn -0.7905 0.0187 0.6122
vn -0.5335 -0.3966 0.7471
vn -0.4462 -0.0553 0.8932
vn -0.4463 -0.0553 0.8932
vn -0.6438 0.1325 0.7536
vn 0.7321 0.1809 -0.6568
vn 0.9144 -0.2644 -0.3066
vn -0.5629 0.2940 0.7725
vn -0.6439 0.1324 0.7536
vn 0.9144 -0.2644 -0.3065
vn -0.1914 -0.0590 0.9797
vn -0.8708 0.2497 0.4234
vn -0.5628 0.2940 0.7725
vn 0.9152 0.1095 -0.3879
vn -0.5872 -0.0876 0.8047
vn -0.8684 0.2234 0.4427
vn -0.9094 -0.2136 0.3569
vn 0.8817 -0.1821 -0.4353
vn -0.9995 0.0301 0.0001
vn -0.9864 0.1643 -0.0001
vn -0.6691 0.0639 0.7404
vn -0.9726 0.1098 0.2050
vn -0.8684 0.2234 -0.4428
vn 0.3405 0.1013 0.9348
vn 0.8817 -0.1821 0.4353
vn -0.9093 -0.2137 -0.3570
vn -0.6159 0.3085 0.7249
vn -0.8550 0.5186 -0.0001
vn -0.9333 0.3590 -0.0000
vn -0.6047 0.2757 0.7472
vn -0.6438 0.1324 0.7536
vn 0.8506 -0.3100 -0.4247
vn -0.5212 0.2300 0.8218
vn -0.6604 0.6126 0.4343
vn 0.6984 -0.4709 0.5390
vn -0.8817 0.2251 0.4147
vn 0.7121 -0.5627 -0.4199
vn 0.7149 -0.6296 -0.3041
vn -0.4383 0.5041 0.7441
vn -0.2148 0.0604 0.9748
vn -0.4382 0.5041 0.7442
vn -0.3972 0.1832 0.8993
vn -0.5839 0.3591 0.7281
vn -0.6663 0.7412 0.0814
vn -0.5082 -0.1146 0.8536
vn -0.2789 0.2321 0.9318
vn -0.2186 -0.2685 0.9382
vn -0.5002 0.1537 0.8521
vn 0.2250 -0.7431 0.6302
vn -0.4622 0.7943 -0.3942
vn -0.3191 -0.2736 0.9074
vn -0.1668 -0.6733 0.7203
vn 0.0132 0.4325 0.9015
vn -0.1560 0.6951 0.7018
vn -0.4623 0.7943 0.3942
vn -0.0649 0.9543 0.2916
vn -0.1961 0.6953 0.6915
vn -0.1276 0.9752 0.1811
vn 0.1458 -0.7366 -0.6604
vn -0.1275 0.9752 0.1811
vn 0.2200 0.9076 0.3576
vn 0.3622 -0.9321 -0.0001
vn 0.2378 -0.6355 0.7346
vn 0.3323 -0.9432 -0.0000
vn -0.0836 -0.9239 0.3735
vn 0.0371 0.9685 0.2463
vn 0.2760 0.5268 0.8040
vn -0.3815 -0.9211 -0.0778
vn 0.3234 0.9391 0.1159
vn -0.4539 -0.8693 -0.1956
vn 0.2246 0.7692 0.5982
vn 0.6729 0.2802 0.6845
vn -0.0105 0.7991 0.6011
vn -0.5549 -0.8102 -0.1890
vn -0.8799 -0.4254 -0.2117
vn -0.8355 0.5200 0.1777
vn 0.8469 -0.3088 0.4330
vn 0.3082 -0.1027 0.9458
vn -0.8854 0.2260 -0.4061
vn -0.6604 0.6126 -0.4343
vn -0.4978 0.4974 0.7105
vn -0.6477 0.7619 -0.0000
vn 0.6305 -0.5182 0.5778
vn -0.7779 0.6283 -0.0001
vn 0.9166 -0.3997 -0.0001
vn -0.4241 0.4224 0.8010
vn -0.3726 0.8042 0.4631
vn -0.7671 0.4795 0.4262
vn 0.7121 -0.5628 -0.4198
vn -0.3871 0.8925 0.2315
vn -0.1748 0.2884 0.9414
vn -0.1444 0.8792 0.4540
vn -0.1973 0.9802 -0.0192
vn -0.2160 0.5695 0.7931
vn 0.0623 0.0064 0.9980
vn -0.1734 -0.6888 -0.7039
vn 0.0624 0.0062 0.9980
vn 0.3605 -0.5316 -0.7664
vn 0.1652 -0.8839 -0.4376
vn 0.0582 0.6644 0.7451
vn -0.2671 0.5656 0.7802
vn 0.0225 0.8688 0.4946
vn 0.0241 0.2916 0.9562
vn 0.2082 0.0324 0.9775
vn 0.2423 -0.2516 0.9370
vn 0.0710 0.9565 0.2829
vn 0.4105 0.6316 0.6577
vn 0.2571 0.2786 0.9254
vn 0.0806 0.8186 0.5686
vn -0.1407 0.3518 0.9254
vn 0.0284 -0.0066 0.9996
vn 0.0108 -0.2161 0.9763
vn 0.7875 0.1938 0.5851
vn -0.0696 -0.2295 0.9708
vn -0.0396 0.1971 0.9796
vn 0.7170 -0.2332 0.6569
vn -0.0484 -0.8312 0.5539
vn 0.1707 -0.3529 0.9200
vn 0.1352 -0.3665 0.9206
vn 0.1342 -0.3229 0.9369
vn 0.1637 -0.3301 0.9296
vn 0.3494 -0.5704 0.7434
vn 0.3808 -0.8152 0.4364
vn 0.1578 -0.3098 0.9376
vn 0.2300 -0.6025 0.7643
vn -0.1163 0.6406 0.7590
vn -0.0629 -0.0390 0.9973
vn -0.3164 0.1925 0.9289
vn -0.3484 0.7956 0.4956
vn -0.4409 0.4705 0.7644
vn -0.2657 0.8445 0.4650
vn -0.2917 0.8934 0.3417
vn 0.2051 -0.9764 0.0673
vn -0.1178 -0.9195 -0.3749
vn 0.0011 0.3755 0.9268
vn 0.4080 -0.7914 -0.4553
vn 0.0574 0.9574 0.2832
vn 0.1774 -0.9841 0.0001
vn -0.0850 -0.9763 0.1988
vn 0.4740 0.8805 0.0001
vn -0.0963 -0.6749 0.7316
vn -0.5026 -0.7691 0.3949
vn 0.2944 -0.8578 0.4212
vn -0.1047 0.8978 -0.4278
vn -0.0316 -0.5145 0.8569
vn -0.0474 -0.7650 0.6423
vn 0.1872 -0.6424 0.7432
vn -0.0891 -0.6335 0.7686
vn -0.0455 -0.0388 0.9982
vn 0.2830 -0.3187 0.9046
vn -0.0512 -0.5924 0.8040
vn -0.1057 -0.2859 0.9524
vn -0.3403 -0.5977 0.7259
vn -0.1057 -0.2860 0.9524
vn -0.0827 -0.8832 0.4617
vn 0.0710 0.9565 -0.2829
vn 0.1402 -0.6004 0.7873
vn -0.0994 -0.2717 0.9572
vn 0.1401 -0.6004 0.7873
vn -0.1140 -0.6403 0.7596
vn -0.4402 -0.3843 0.8115
vn -0.2210 -0.0060 0.9753
vn 0.0687 -0.2851 0.9560
vn -0.4402 -0.3842 0.8115
vn -0.2154 -0.0260 0.9762
vn -0.1145 -0.6571 0.7451
vn 0.0687 -0.2852 0.9560
vn 0.0107 -0.3205 0.9472
vn 0.0341 0.0453 0.9984
vn -0.1364 0.4386 0.8882
vn -0.0891 -0.3419 0.9355
vn -0.2024 -0.0654 0.9771
vn -0.2024 -0.0655 0.9771
vn 0.4392 -0.1997 -0.8759
vn 0.3809 -0.8151 -0.4365
vn -0.2716 -0.1070 0.9565
vn -0.1514 0.3222 0.9345
vn 0.1495 0.0521 0.9874
vn 0.0398 -0.3610 0.9317
vn 0.0629 0.0390 0.9973
vn -0.0302 -0.3465 0.9375
vn 0.2683 -0.5607 0.7833
vn -0.0302 -0.3466 0.9375
vn 0.0629 0.0650 0.9959
vn 0.0573 -0.2997 0.9523
vn 0.0107 -0.3206 0.9472
vn 0.2682 -0.5608 0.7833
vn 0.3606 -0.5315 0.7664
vn -0.1735 -0.6889 0.7038
vn -0.1140 -0.6404 0.7596
vn 0.0223 -0.3265 0.9449
vn -0.1735 -0.6888 0.7039
vn -0.1974 0.9801 0.0192
vn 0.3605 -0.5315 0.7665
vn -0.1141 -0.6404 0.7596
vn 0.1509 -0.8784 0.4535
vn 0.2184 -0.8584 0.4642
vn 0.2183 -0.8584 0.4643
vn 0.0230 0.9311 0.3639
vn 0.3034 0.8743 -0.3790
vn -0.4315 -0.8294 0.3549
vn -0.1202 -0.6399 0.7590
vn -0.0828 -0.8922 0.4439
vn -0.3916 -0.9201 -0.0000
vn 0.2123 -0.9772 -0.0000
vn 0.1757 -0.2967 0.9387
vn -0.1565 0.2602 0.9528
vn -0.1080 -0.3931 0.9131
vn 0.1291 -0.6354 0.7613
vn 0.1995 -0.8713 0.4483
vn -0.1080 -0.3932 0.9131
vn 0.3606 -0.5315 0.7665
vn 0.1289 -0.6269 0.7683
vn -0.3043 0.8822 -0.3593
vn 0.1289 -0.6270 0.7683
vn 0.3261 -0.9453 -0.0000
vn -0.3043 0.8822 0.3593
vn 0.3606 -0.5315 -0.7665
vn -0.4236 0.4946 0.7589
vn -0.3083 0.8432 0.4403
vn -0.4073 0.7976 0.4449
vn -0.4072 0.7977 0.4449
vn 0.2051 -0.8664 0.4552
vn 0.0442 -0.9032 -0.4269
vn 0.0295 0.9121 0.4089
vn 0.3090 -0.8374 -0.4508
vn 0.0296 0.9121 0.4089
vn -0.3481 0.5391 0.7670
vn 0.3826 -0.7733 0.5056
vn 0.1074 -0.9942 -0.0000
vn 0.7289 -0.6846 -0.0001
vn -0.7671 0.4794 -0.4263
vn 0.7121 -0.5628 0.4198
vn -0.6259 0.7789 0.0406
vn 0.4440 -0.4590 0.7696
vn 0.3933 -0.8048 0.4446
vn 0.4522 -0.7652 0.4583
vn 0.4440 -0.4589 0.7696
vn 0.7121 -0.5628 0.4199
vn 0.3665 -0.5162 0.7741
vn 0.4018 -0.1895 0.8959
vn 0.3664 -0.5163 0.7741
vn -0.5839 0.3590 -0.7281
vn 0.6915 -0.1666 0.7029
vn -0.6663 0.7412 -0.0815
vn 0.1917 0.1320 0.9725
vn 0.4549 0.0414 0.8896
vn 0.7729 -0.5168 0.3680
vn 0.0805 0.0979 0.9919
vn 0.3255 0.4693 0.8208
vn 0.0727 -0.6557 0.7515
vn -0.1786 -0.0719 0.9813
vn -0.2589 -0.4897 0.8326
vn 0.0993 -0.6957 0.7114
vn 0.1564 -0.2869 0.9451
vn -0.1967 0.4121 0.8897
vn -0.1315 -0.0518 0.9900
vn 0.1237 -0.4018 0.9073
vn 0.3428 -0.8138 0.4692
vn -0.1572 0.7073 0.6892
vn 0.0800 -0.9968 -0.0000
vn 0.0169 0.9999 -0.0000
vn 0.6477 -0.7619 -0.0000
vn 0.0716 -0.9280 -0.3656
vn 0.6407 -0.5833 -0.4992
vn 0.4597 -0.8880 -0.0098
vn -0.2266 0.8872 0.4020
vn -0.1108 0.3705 0.9222
vn -0.2971 0.9500 0.0966
vn -0.2557 0.5896 0.7661
vn -0.0335 -0.6898 -0.7232
vn 0.0479 0.3344 0.9412
vn 0.0867 0.7790 0.6209
vn -0.0727 0.6557 0.7515
vn -0.2043 0.8628 0.4625
vn -0.0686 0.3116 0.9477
vn 0.1672 0.0916 0.9816
vn -0.0993 0.3854 0.9174
vn -0.1908 -0.0984 0.9767
vn 0.1881 -0.3046 0.9337
vn -0.5345 0.8452 -0.0000
vn 0.2235 -0.5947 0.7723
vn 0.4743 -0.8804 -0.0001
vn -0.1143 0.9935 -0.0000
vn 0.0400 -0.3348 0.9414
vn 0.0441 -0.9033 0.4268
vn 0.3104 -0.8410 0.4432
vn 0.0295 0.9121 -0.4090
vn 0.0104 -0.6695 0.7427
vn -0.3871 0.8925 -0.2316
vn 0.1443 -0.2192 0.9649
vn 0.4014 -0.8152 0.4175
vn 0.1989 -0.2624 0.9442
vn 0.0011 0.3526 0.9358
vn 0.4435 -0.1142 0.8889
vn 0.0455 0.0388 0.9982
vn -0.0902 0.5604 0.8233
vn -0.0914 0.2108 0.9732
vn 0.3555 -0.1114 0.9280
vn -0.4456 0.7306 0.5173
vn -0.3518 0.5062 0.7874
vn -0.3510 0.8250 0.4430
vn -0.2101 0.5923 0.7779
vn 0.1437 -0.6963 -0.7032
vn -0.4336 0.8702 0.2341
vn 0.0025 0.8061 0.5918
vn 0.3768 -0.9176 0.1267
vn -0.4220 0.7839 0.4554
vn 0.0851 -0.9440 -0.3189
vn 0.4521 -0.7652 -0.4583
vn 0.6560 -0.7548 -0.0000
vn -0.3067 0.7376 0.6015
vn 0.4031 -0.7000 0.5894
vn 0.3262 -0.9453 -0.0000
vn 0.2230 -0.5861 0.7790
vn -0.2266 0.8872 -0.4019
vn 0.6407 -0.5833 0.4992
vn 0.0715 -0.9280 0.3656
vn -0.4880 0.7864 0.3788
vn -0.5528 0.6518 -0.5192
vn 0.6408 -0.5832 0.4992
vn 0.2102 -0.5923 0.7778
vn 0.0716 -0.9280 0.3656
vn 0.2458 -0.8451 0.4747
vn -0.2970 0.9500 -0.0967
vn 0.3682 -0.4452 0.8163
vn 0.0165 -0.2365 0.9715
vn -0.0335 -0.6898 0.7233
vn -0.0335 -0.6898 0.7232
vn 0.0728 -0.6556 0.7516
vn -0.4314 -0.8294 -0.3549
vn 0.2184 -0.8584 -0.4643
vn 0.1135 0.3986 0.9101
vn -0.3261 0.9453 -0.0000
vn 0.1580 -0.8811 0.4457
vn -0.1416 -0.9899 -0.0001
vn -0.1036 0.6246 0.7741
vn 0.4885 -0.8726 -0.0000
vn 0.1038 -0.8906 0.4428
vn -0.5426 0.7122 -0.4454
vn 0.2809 -0.5539 0.7837
vn 0.6381 -0.6362 0.4337
vn -0.2115 0.8652 -0.4546
vn 0.2682 -0.5607 0.7834
vn 0.2657 -0.8445 0.4650
vn 0.0478 -0.6483 0.7599
vn 0.0479 -0.6483 0.7599
vn 0.3000 -0.8900 0.3434
vn 0.3188 -0.5326 0.7840
vn 0.2657 -0.8445 0.4649
vn 0.4081 -0.7914 0.4552
vn 0.0227 0.9088 -0.4167
vn -0.3016 0.8356 -0.4592
vn -0.1177 -0.9196 0.3749
vn 0.0661 -0.6224 0.7799
vn -0.2490 0.8030 0.5414
vn 0.1424 -0.9898 -0.0000
vn 0.4797 -0.8774 -0.0000
vn 0.0237 0.9997 -0.0001
vn 0.2558 -0.7881 0.5599
vn 0.4126 -0.9109 -0.0000
vn -0.2116 0.8652 0.4545
vn 0.6380 -0.6362 -0.4338
vn 0.1038 -0.8906 -0.4428
vn 0.0785 0.4344 0.8973
vn -0.0474 -0.7650 -0.6422
vn -0.0316 -0.5145 -0.8569
vn 0.0858 0.7556 -0.6494
vn -0.1522 -0.9383 -0.3104
vn -0.1523 -0.9383 0.3104
vn -0.1334 -0.8224 -0.5531
vn -0.1028 -0.4366 -0.8938
vn 0.0674 0.4858 0.8715
vn -0.0396 0.1971 -0.9796
vn 0.0167 -0.1500 0.9885
vn -0.0697 -0.2295 -0.9708
vn -0.2018 -0.2964 -0.9335
vn 0.0001 0.0519 0.9987
vn -0.0484 -0.8312 -0.5538
vn -0.7059 -0.5565 -0.4382
vn -0.5346 -0.8451 -0.0000
vn -0.8630 -0.4037 -0.3039
vn -0.5147 -0.4499 -0.7298
vn -0.7059 -0.5564 -0.4383
vn -0.6490 -0.0209 -0.7605
vn -0.9746 0.2172 -0.0541
vn -0.6877 -0.1146 -0.7169
vn -0.8932 -0.2740 -0.3565
vn -0.1707 -0.2607 -0.9502
vn -0.6876 -0.1146 -0.7170
vn -0.6995 -0.0527 -0.7127
vn -0.4112 -0.0548 -0.9099
vn -0.0939 0.4429 0.8916
vn -0.7905 0.0187 -0.6122
vn 0.4324 0.0764 0.8985
vn -0.5335 -0.3965 -0.7471
vn -0.5335 -0.3966 -0.7470
vn -0.1502 -0.3882 -0.9093
vn -0.6994 -0.0527 -0.7128
vn -0.4463 -0.0553 -0.8932
vn -0.5629 0.2941 -0.7725
vn -0.6047 0.2758 -0.7472
vn -0.4462 -0.0553 -0.8932
vn -0.6439 0.1324 -0.7536
vn -0.6438 0.1324 -0.7536
vn -0.1913 -0.0590 -0.9797
vn -0.8708 0.2496 -0.4235
vn 0.1988 -0.2625 -0.9442
vn -0.4572 0.4742 0.7524
vn -0.4901 0.0302 0.8712
vn 0.0010 0.3526 -0.9358
vn -0.4410 0.4558 0.7731
vn 0.0455 0.0387 -0.9982
vn -0.3920 0.3578 0.8475
vn -0.2778 -0.1476 0.9492
vn -0.0914 0.2108 -0.9733
vn -0.4456 0.7306 -0.5173
vn -0.3573 0.5051 -0.7856
vn -0.4336 0.8702 -0.2341
vn 0.1437 -0.6964 0.7031
vn -0.0240 -0.2772 0.9605
vn 0.0371 0.9685 -0.2463
vn -0.3094 -0.7165 0.6253
vn -0.3815 -0.9211 0.0778
vn -0.1709 -0.2876 0.9424
vn 0.1457 -0.7366 0.6605
vn -0.1277 0.9751 -0.1811
vn -0.1961 0.6952 -0.6915
vn -0.6167 -0.5274 0.5844
vn 0.2246 0.7693 -0.5981
vn -0.1774 0.9840 -0.0192
vn -0.4539 -0.8693 0.1956
vn -0.6321 0.0171 0.7747
vn 0.1920 0.3472 -0.9179
vn 0.0793 0.7483 -0.6586
vn -0.5548 -0.8103 0.1890
vn 0.5405 0.5297 -0.6537
vn -0.0105 0.7992 -0.6010
vn -0.8799 -0.4253 0.2119
vn -0.4196 -0.7145 0.5599
vn -0.5548 -0.8102 0.1890
vn -0.6292 -0.7730 -0.0809
vn -0.8933 -0.2740 -0.3564
vn -0.8734 -0.4870 -0.0000
vn -0.5052 -0.5969 -0.6233
vn -0.8630 -0.4036 0.3039
vn -0.5051 -0.5969 0.6233
vn -0.8268 -0.4481 -0.3401
vn -0.6292 -0.7730 0.0808
vn -0.8933 -0.2740 0.3564
vn -0.9864 0.1642 -0.0000
vn -0.6691 0.0639 -0.7404
vn -0.6877 -0.1146 0.7169
vn -0.8932 -0.2740 0.3565
vn -0.6490 -0.0209 0.7605
vn -0.1706 -0.2607 0.9502
vn -0.6994 -0.0527 0.7127
vn -0.4112 -0.0549 0.9099
vn -0.0939 0.4429 -0.8916
vn -0.7905 0.0186 0.6122
vn -0.6994 -0.0528 0.7128
vn -0.1503 -0.3882 0.9093
vn -0.5629 0.2940 0.7724
vn -0.8708 0.2497 0.4235
vn -0.1913 -0.0590 0.9798
vn -0.9094 -0.2136 0.3570
vn -0.9726 0.1097 -0.2050
vn -0.8709 0.2497 0.4234
vn -0.9957 0.0927 -0.0000
vn -0.5872 -0.0877 0.8047
vn -0.9995 0.0301 -0.0000
vn -0.8683 0.2234 -0.4428
vn -0.9094 -0.2136 -0.3569
vn -0.5872 -0.0877 -0.8047
vn -0.8709 0.2497 -0.4234
vn -0.8550 0.5186 -0.0000
vn -0.6158 0.3085 0.7250
vn -0.8609 0.5088 -0.0000
vn -0.6158 0.3085 -0.7250
vn -0.6047 0.2758 0.7472
vn -0.8817 0.2250 0.4147
vn -0.7006 0.5899 0.4015
vn -0.8355 0.5199 -0.1778
vn -0.7005 0.5899 0.4016
vn -0.3973 0.1832 0.8992
vn -0.6662 0.7413 0.0815
vn -0.5082 -0.1145 0.8536
vn 0.3425 -0.2007 -0.9178
vn -0.6564 0.3388 0.6741
vn -0.5081 -0.1146 0.8536
vn -0.0809 0.3076 -0.9481
vn 0.0805 0.0980 -0.9919
vn -0.2185 -0.2684 0.9382
vn -0.1198 0.5275 -0.8411
vn -0.0223 0.4184 -0.9080
vn -0.4622 0.7944 -0.3941
vn -0.3191 -0.2737 -0.9073
vn -0.1667 -0.6733 -0.7204
vn -0.1709 -0.2876 -0.9424
vn -0.3094 -0.7165 -0.6253
vn 0.0372 0.9685 0.2462
vn -0.3815 -0.9211 -0.0779
vn 0.2246 0.7693 0.5981
vn -0.6167 -0.5275 -0.5843
vn -0.1774 0.9841 0.0097
vn -0.4539 -0.8693 -0.1955
vn 0.1920 0.3472 0.9179
vn -0.6321 0.0171 -0.7747
vn -0.2306 -0.3997 -0.8872
vn -0.4196 -0.7145 -0.5599
vn -0.5435 -0.5558 -0.6290
vn -0.8799 -0.4253 -0.2118
vn -0.5548 -0.8103 -0.1890
vn -0.0104 0.7991 0.6011
vn -0.5435 -0.5559 -0.6290
vn -0.1944 -0.8241 -0.5321
vn -0.5548 -0.8102 -0.1889
vn -0.8855 0.2260 -0.4060
vn -0.6603 0.6126 -0.4343
vn -0.7006 0.5899 -0.4015
vn -0.5203 0.2369 -0.8204
vn -0.7005 0.5899 -0.4015
vn -0.4997 0.4917 -0.7131
vn -0.6259 0.7788 -0.0405
vn 0.0104 -0.6696 -0.7426
vn -0.1734 -0.6889 -0.7038
vn -0.1973 0.9802 -0.0191
vn -0.2159 0.5695 0.7932
vn 0.0224 0.8688 0.4947
vn -0.0995 -0.2717 -0.9572
vn -0.2067 0.6441 0.7365
vn -0.3418 -0.5930 -0.7291
vn -0.0827 -0.8832 -0.4617
vn 0.0709 0.9565 0.2829
vn 0.0167 -0.1501 -0.9885
vn 0.0404 0.1306 -0.9906
vn -0.0696 -0.2294 0.9708
vn 0.0001 0.0518 -0.9987
vn -0.2018 -0.2966 0.9334
vn -0.0485 -0.8311 0.5539
vn -0.5153 0.1764 -0.8387
vn -0.3602 0.6073 -0.7081
vn -0.0302 -0.3466 -0.9375
vn -0.3484 0.7955 0.4957
vn -0.3165 0.1925 0.9289
vn 0.0478 -0.6483 -0.7599
vn 0.0394 -0.2098 -0.9770
vn 0.0574 0.9573 -0.2832
vn -0.0850 -0.9763 -0.1988
vn -0.1047 0.8978 -0.4277
vn -0.0996 -0.9928 0.0669
vn -0.0473 -0.7650 0.6422
vn 0.0283 0.7987 -0.6010
vn 0.0072 0.4270 -0.9042
vn -0.2068 0.6442 -0.7364
vn -0.0995 -0.2716 0.9572
vn -0.3403 -0.5977 0.7260
vn 0.0709 0.9565 -0.2829
vn 0.0240 0.2915 -0.9563
vn 0.0224 0.8688 -0.4947
vn -0.5153 0.1764 0.8387
vn -0.3602 0.6074 0.7081
vn -0.0302 -0.3465 0.9376
vn -0.3165 0.1925 -0.9289
vn -0.2159 0.5694 -0.7932
vn -0.1973 0.9802 0.0191
vn -0.1734 -0.6888 0.7039
vn -0.7671 0.4795 -0.4262
vn -0.4242 0.4223 -0.8011
vn -0.4410 0.4558 -0.7732
vn -0.6259 0.7788 0.0405
vn -0.3972 0.1832 -0.8992
vn -0.6662 0.7413 -0.0814
vn -0.3973 0.1831 -0.8993
vn -0.5840 0.3591 -0.7280
vn -0.5082 -0.1145 -0.8536
vn -0.5081 -0.1146 -0.8536
vn 0.3425 -0.2006 0.9178
vn -0.0809 0.3077 0.9481
vn -0.2185 -0.2684 -0.9382
vn -0.5002 0.1537 -0.8522
vn 0.0805 0.0980 0.9919
vn -0.0686 0.3115 -0.9478
vn -0.2043 0.8628 -0.4625
vn -0.1908 -0.0985 -0.9767
vn -0.2266 0.8872 0.4019
vn -0.4879 0.7864 -0.3788
vn -0.2102 0.5923 0.7779
vn -0.2265 0.8872 0.4020
vn -0.0685 0.3116 0.9477
vn -0.1787 -0.0719 -0.9813
vn -0.2531 -0.4905 -0.8339
vn -0.1316 -0.0519 -0.9899
vn -0.1967 0.4121 -0.8897
vn -0.3481 0.5390 -0.7670
vn 0.0104 -0.6696 0.7426
vn 0.1989 -0.2625 0.9442
vn -0.4572 0.4742 -0.7524
vn -0.4900 0.0302 -0.8712
vn -0.2779 -0.1476 -0.9492
vn -0.3919 0.3579 -0.8475
vn 0.0455 0.0387 0.9982
vn -0.0901 0.5603 0.8233
vn -0.1607 -0.5452 -0.8228
vn -0.4456 0.7306 0.5174
vn 0.1437 -0.6964 -0.7031
vn -0.4336 0.8702 0.2340
vn -0.0240 -0.2772 -0.9605
vn -0.2557 0.5896 -0.7662
vn -0.4409 0.4705 -0.7644
vn -0.2917 0.8934 -0.3417
vn 0.0479 -0.6482 0.7599
vn -0.0892 -0.6336 -0.7685
vn -0.0958 -0.8821 -0.4612
vn -0.1271 -0.9919 -0.0000
vn -0.0963 -0.6749 -0.7316
vn -0.0850 -0.9763 0.1989
vn 0.1873 -0.6424 -0.7431
vn -0.0316 -0.5146 -0.8569
vn 0.4332 -0.3107 -0.8460
vn 0.4362 -0.8999 -0.0000
vn 0.3718 -0.8103 -0.4529
vn 0.1791 -0.8940 0.4108
vn 0.3083 -0.8433 0.4403
vn 0.1352 -0.3665 0.9205
vn 0.4954 -0.5167 0.6982
vn -0.1212 0.2325 -0.9650
vn -0.1834 -0.6295 0.7551
vn 0.1779 -0.8727 0.4546
vn 0.1375 -0.8942 0.4260
vn -0.0368 -0.4124 0.9103
vn -0.0443 -0.9990 -0.0000
vn -0.0705 -0.9353 -0.3469
vn -0.2663 -0.8573 0.4405
vn 0.7223 -0.6211 0.3042
vn 0.2863 0.5918 -0.7536
vn 0.2449 -0.6302 0.7368
vn -0.0205 -0.6445 0.7643
vn 0.7223 -0.6211 -0.3042
vn -0.1521 -0.9384 -0.3104
vn -0.2663 -0.8573 -0.4405
vn -0.0705 -0.9353 0.3469
vn 0.1375 -0.8942 -0.4260
vn 0.1715 -0.8738 0.4551
vn 0.1791 -0.8940 -0.4108
vn 0.1715 -0.8738 -0.4551
vn -0.0206 -0.6445 -0.7643
vn -0.0365 -0.4094 -0.9116
vn -0.2663 -0.8573 -0.4406
vn 0.7222 -0.6212 -0.3042
vn -0.1333 -0.8223 -0.5532
vn 0.7170 -0.2333 -0.6569
vn -0.1334 -0.8223 -0.5532
vn 0.2448 -0.6302 -0.7368
vn 0.0673 0.4859 0.8714
vn -0.0696 -0.2295 -0.9708
vn 0.2891 -0.0278 -0.9569
vn 0.0166 -0.1500 0.9885
vn 0.1708 -0.3528 -0.9200
vn 0.3081 0.3021 0.9021
vn -0.2017 -0.2966 -0.9335
vn -0.0484 -0.8312 -0.5539
vn 0.1352 -0.3665 -0.9205
vn -0.0206 -0.6446 -0.7643
vn -0.1835 -0.6294 -0.7551
vn 0.4955 -0.5168 -0.6982
vn 0.3493 -0.5704 -0.7434
vn -0.1835 -0.6295 -0.7551
vn -0.1212 0.2325 0.9650
vn 0.1780 -0.8728 -0.4545
vn 0.3494 -0.5704 -0.7434
vn 0.5775 -0.7050 -0.4116
vn -0.1502 -0.3881 -0.9093
vn 0.9143 -0.2382 0.3277
vn -0.5335 -0.3966 -0.7471
vn -0.6438 0.1324 -0.7537
vn -0.1385 -0.1377 0.9807
vn 0.1988 -0.2624 -0.9442
vn 0.5279 -0.7114 -0.4641
vn 0.4283 -0.2430 -0.8704
vn 0.0455 0.0388 -0.9982
vn -0.1608 -0.5452 0.8228
vn -0.0914 0.2109 -0.9732
vn 0.1437 -0.6964 0.7032
vn 0.5206 -0.8017 0.2939
vn 0.3569 -0.8231 0.4418
vn 0.3622 -0.9321 -0.0000
vn 0.1099 -0.6326 0.7666
vn 0.4521 -0.7652 0.4583
vn 0.3769 -0.9176 -0.1267
vn -0.1134 -0.9935 -0.0000
vn -0.3094 -0.7165 0.6252
vn -0.0836 -0.9239 -0.3735
vn 0.0790 -0.9527 0.2935
vn -0.1708 -0.2875 0.9424
vn 0.1459 -0.7366 0.6605
vn 0.1458 -0.7366 0.6604
vn 0.1508 -0.7001 0.6980
vn -0.2457 -0.7810 0.5741
vn -0.0237 -0.9920 0.1241
vn -0.1911 -0.3591 0.9135
vn -0.1615 -0.7063 0.6892
vn -0.8799 -0.4254 0.2118
vn -0.5547 -0.8103 0.1890
vn -0.1944 -0.8241 0.5320
vn 0.5406 0.5298 -0.6536
vn 0.9827 0.1497 -0.1091
vn -0.7058 -0.5565 0.4383
vn -0.5051 -0.5969 -0.6233
vn -0.6292 -0.7731 -0.0809
vn -0.6292 -0.7730 0.0809
vn 0.9142 -0.2383 -0.3277
vn 0.4323 0.0764 -0.8985
vn -0.5335 -0.3965 0.7471
vn -0.1914 -0.0591 0.9797
vn 0.7150 -0.6295 -0.3041
vn 0.3665 -0.5162 -0.7741
vn -0.5081 -0.1145 0.8536
vn 0.3424 -0.2006 -0.9179
vn 0.5207 0.0057 -0.8537
vn 0.2250 -0.7432 0.6302
vn -0.1668 -0.6732 0.7204
vn 0.1508 -0.7000 -0.6980
vn -0.1668 -0.6733 -0.7203
vn -0.0131 -0.4326 -0.9015
vn -0.3191 -0.2736 -0.9074
vn -0.0224 0.4184 0.9080
vn 0.2250 -0.7431 -0.6302
vn -0.1668 -0.6732 -0.7204
vn 0.1508 -0.7001 -0.6980
vn -0.1615 -0.7064 -0.6891
vn 0.1459 -0.7366 -0.6605
vn 0.0788 -0.9500 -0.3021
vn -0.1708 -0.2876 -0.9424
vn 0.1769 -0.7173 -0.6740
vn -0.1991 -0.9052 -0.3755
vn 0.0788 -0.9500 -0.3020
vn 0.3621 -0.9321 -0.0000
vn 0.2378 -0.6354 0.7346
vn 0.2378 -0.6354 -0.7346
vn -0.3094 -0.7165 -0.6252
vn -0.2457 -0.7810 -0.5742
vn -0.6166 -0.5275 -0.5844
vn -0.4195 -0.7145 -0.5599
vn -0.1615 -0.7064 -0.6892
vn -0.5147 -0.4499 -0.7299
vn 0.2660 -0.6352 -0.7251
vn -0.4196 -0.7145 -0.5598
vn -0.5548 -0.8102 -0.1890
vn -0.5147 -0.4500 -0.7298
vn 0.5405 0.5297 0.6536
vn -0.1944 -0.8241 -0.5320
vn -0.5547 -0.8103 -0.1890
vn -0.7058 -0.5565 -0.4382
vn 0.5522 -0.8337 -0.0000
vn 0.6306 -0.5182 -0.5778
vn 0.6264 -0.7795 -0.0000
vn 0.3933 -0.8048 -0.4445
vn 0.4491 -0.4577 -0.7673
vn 0.4029 -0.8184 -0.4096
vn 0.0104 -0.6695 -0.7427
vn -0.0910 0.1636 0.9823
vn 0.1757 -0.2968 -0.9386
vn 0.4491 -0.4577 -0.7674
vn 0.2683 -0.5608 -0.7833
vn 0.1038 -0.8906 -0.4429
vn 0.1509 -0.8784 -0.4536
vn 0.2683 -0.5607 -0.7833
vn 0.0223 -0.3265 -0.9449
vn -0.1735 -0.6888 -0.7039
vn -0.1141 -0.6404 -0.7596
vn -0.1140 -0.6404 -0.7595
vn 0.0107 -0.3205 -0.9472
vn 0.0686 -0.2851 -0.9560
vn -0.0302 -0.3465 -0.9376
vn 0.0686 -0.2852 -0.9560
vn -0.1145 -0.6570 -0.7451
vn -0.4402 -0.3842 -0.8115
vn -0.1057 -0.2859 -0.9524
vn 0.1401 -0.6004 -0.7873
vn -0.3417 -0.5930 -0.7291
vn 0.2830 -0.3187 -0.9046
vn 0.0108 -0.2162 0.9763
vn -0.3882 -0.2801 -0.8780
vn -0.0509 -0.5884 -0.8070
vn 0.2208 -0.0273 -0.9749
vn 0.0167 -0.1500 -0.9885
vn 0.2890 -0.0278 0.9569
vn -0.0483 -0.8312 0.5539
vn 0.0002 0.0519 -0.9987
vn -0.2018 -0.2965 0.9335
vn 0.0002 0.0518 -0.9987
vn -0.3088 0.3275 -0.8930
vn 0.1708 -0.3528 0.9200
vn -0.0891 -0.3419 -0.9355
vn 0.1341 -0.3229 0.9369
vn -0.1788 0.0137 0.9838
vn 0.1637 -0.3301 0.9297
vn -0.2024 -0.0655 -0.9771
vn 0.3808 -0.8151 0.4365
vn 0.0398 -0.3609 -0.9317
vn -0.0342 -0.0388 0.9987
vn 0.1912 0.0656 0.9793
vn -0.2716 -0.1070 -0.9564
vn 0.1495 0.0521 -0.9874
vn 0.2864 -0.5666 -0.7726
vn -0.3165 0.1925 0.9288
vn 0.0280 -0.3121 0.9496
vn 0.0573 -0.2997 -0.9523
vn 0.2682 -0.5608 -0.7833
vn 0.0479 -0.6483 -0.7599
vn -0.0398 0.2650 0.9634
vn 0.3001 -0.8900 -0.3434
vn 0.2657 -0.8445 -0.4650
vn 0.0395 -0.2097 -0.9770
vn 0.0728 -0.6557 -0.7515
vn 0.2657 -0.8445 -0.4649
vn -0.1177 -0.9196 -0.3749
vn 0.1974 -0.9803 -0.0000
vn 0.0661 -0.6223 -0.7800
vn 0.4080 -0.7914 -0.4552
vn 0.4259 -0.8151 0.3927
vn 0.1773 -0.9842 -0.0000
vn -0.5026 -0.7690 0.3949
vn 0.2944 -0.8579 0.4212
vn -0.0891 -0.6336 0.7685
vn -0.0316 -0.5146 0.8569
vn 0.3965 0.5611 -0.7266
vn 0.0108 -0.2161 -0.9763
vn -0.3402 -0.5977 0.7259
vn -0.0958 -0.8821 0.4612
vn -0.3915 -0.9202 -0.0000
vn -0.0995 -0.2717 0.9572
vn -0.1140 -0.6404 0.7595
vn 0.2424 -0.2516 -0.9370
vn 0.0686 -0.2852 0.9560
vn 0.3346 0.3944 -0.8559
vn 0.1342 -0.3230 -0.9368
vn -0.5152 0.1764 0.8387
vn 0.1638 -0.3301 -0.9296
vn -0.0754 0.3428 0.9364
vn 0.3808 -0.8151 -0.4365
vn -0.0341 -0.0388 -0.9987
vn 0.0398 -0.3609 0.9317
vn 0.2300 -0.6024 -0.7643
vn 0.1913 0.0657 -0.9793
vn 0.2864 -0.5666 0.7727
vn 0.0280 -0.3121 -0.9496
vn 0.2683 -0.5608 0.7833
vn 0.1509 -0.8784 0.4536
vn 0.2184 -0.8583 0.4643
vn -0.0718 -0.9974 -0.0000
vn -0.0828 -0.8922 -0.4439
vn -0.1081 -0.3931 0.9131
vn 0.1994 -0.8713 0.4484
vn 0.3606 -0.5316 0.7665
vn 0.1288 -0.6269 0.7683
vn 0.3083 -0.8432 0.4403
vn -0.1080 -0.3931 -0.9131
vn 0.1291 -0.6354 -0.7613
vn 0.1578 -0.3099 -0.9376
vn -0.1080 -0.3932 -0.9131
vn 0.1578 -0.3098 -0.9376
vn 0.1289 -0.6269 -0.7684
vn 0.3083 -0.8433 -0.4403
vn 0.0441 -0.9032 -0.4269
vn 0.0400 -0.3348 -0.9415
vn 0.3090 -0.8375 -0.4507
vn 0.2338 -0.9723 -0.0000
vn 0.2051 -0.8664 0.4553
vn 0.1291 -0.6355 -0.7613
vn 0.3933 -0.8048 0.4445
vn 0.3768 -0.7753 -0.5069
vn 0.7289 -0.6846 -0.0000
vn 0.6265 -0.7795 -0.0000
vn 0.5271 -0.7184 -0.4539
vn 0.7120 -0.5628 0.4198
vn 0.7149 -0.6295 0.3042
vn -0.5839 0.3591 -0.7281
vn -0.2148 0.0604 -0.9748
vn 0.3424 -0.2006 0.9179
vn -0.1333 -0.1712 -0.9762
vn 0.1986 -0.4441 -0.8737
vn 0.5206 0.0056 0.8538
vn 0.0728 -0.6557 0.7515
vn 0.1565 -0.2870 0.9451
vn -0.2588 -0.4897 0.8326
vn 0.0992 -0.6957 0.7114
vn -0.0685 0.3116 -0.9477
vn 0.2657 -0.1971 -0.9437
vn -0.1316 -0.0518 0.9900
vn -0.1908 -0.0984 -0.9767
vn 0.1236 -0.4018 0.9073
vn 0.2458 -0.8452 -0.4746
vn 0.2458 -0.8452 0.4746
vn 0.3428 -0.8138 -0.4692
vn 0.4508 -0.8926 0.0001
vn 0.0715 -0.9280 -0.3657
vn 0.2230 -0.5861 -0.7790
vn 0.6408 -0.5833 -0.4992
vn 0.2102 -0.5923 -0.7778
vn 0.6408 -0.5833 -0.4993
vn 0.3569 -0.8230 -0.4418
vn 0.2101 -0.5923 -0.7778
vn 0.0165 -0.2365 -0.9715
vn 0.3226 -0.8219 -0.4694
vn -0.2558 0.5896 0.7661
vn -0.0534 -0.3259 -0.9439
vn -0.2532 -0.4905 -0.8339
vn 0.0993 -0.6957 -0.7114
vn 0.2657 -0.1971 0.9437
vn -0.1909 -0.0984 0.9767
vn -0.1315 -0.0518 -0.9900
vn 0.1237 -0.4018 -0.9073
vn 0.3083 -0.8432 -0.4403
vn 0.1289 -0.6270 -0.7683
vn 0.2235 -0.5947 -0.7723
vn 0.4742 -0.8804 -0.0000
vn 0.0441 -0.9032 0.4268
vn 0.0399 -0.3348 0.9415
vn 0.3103 -0.8410 0.4432
vn 0.2051 -0.8664 -0.4552
vn -0.0910 0.1636 -0.9823
vn 0.4013 -0.8152 0.4175
vn 0.0105 -0.6695 0.7427
vn 0.1757 -0.2967 0.9386
vn 0.1443 -0.2193 0.9649
vn 0.0104 -0.6696 0.7427
vn 0.1988 -0.2624 0.9443
vn -0.1384 -0.1377 -0.9808
vn -0.4900 0.0303 -0.8712
vn 0.0579 -0.3779 -0.9240
vn -0.2778 -0.1476 -0.9492
vn 0.4281 -0.2430 0.8704
vn -0.0915 0.2108 0.9732
vn 0.3554 -0.1115 0.9280
vn 0.3569 -0.8230 -0.4419
vn -0.0239 -0.2772 -0.9605
vn 0.3562 -0.4819 -0.8005
vn 0.3563 -0.4820 -0.8005
vn 0.5205 -0.8017 -0.2939
vn 0.1099 -0.6326 -0.7666
vn 0.4521 -0.7652 -0.4582
vn 0.4031 -0.7001 0.5894
vn 0.4031 -0.7000 -0.5894
vn 0.6407 -0.5833 0.4993
vn 0.4597 -0.8880 0.0099
vn -0.2556 0.5896 -0.7662
vn 0.3225 -0.8219 0.4695
vn 0.1168 0.2319 -0.9657
vn -0.4315 -0.8294 -0.3549
vn -0.1202 -0.6399 -0.7590
vn 0.2184 -0.8583 -0.4643
vn 0.1509 -0.8784 -0.4535
vn -0.1416 -0.9899 -0.0000
vn 0.1580 -0.8811 -0.4457
vn 0.4886 -0.8725 -0.0000
vn 0.3919 -0.9200 0.0005
vn 0.1037 -0.8906 0.4428
vn -0.1750 0.3089 -0.9348
vn 0.1038 -0.8906 0.4429
vn 0.2810 -0.5539 0.7837
vn 0.6381 -0.6362 0.4338
vn 0.0478 -0.6482 0.7599
vn -0.4408 0.4705 -0.7644
vn 0.2052 -0.9764 -0.0673
vn 0.4080 -0.7914 0.4553
vn 0.0661 -0.6223 0.7800
vn 0.4796 -0.8775 -0.0000
vn 0.2558 -0.7881 -0.5599
vn 0.6381 -0.6362 -0.4337
vn 0.2810 -0.5539 -0.7837
vn 0.1037 -0.8906 -0.4429
vn -0.5426 0.7123 0.4453
vn -0.1750 0.3089 0.9349
vn 0.2945 -0.8578 -0.4212
vn -0.5026 -0.7690 -0.3950
vn 0.3717 0.8197 0.4359
vn -0.3083 0.8432 -0.4403
vn 0.3717 -0.8104 -0.4528
vn -0.6383 0.6610 -0.3945
vn 0.2952 -0.8523 0.4317
vn -0.3258 0.5264 -0.7853
vn -0.1785 0.8905 -0.4186
vn -0.3437 0.5716 -0.7450
vn -0.1342 0.3637 -0.9218
vn -0.1821 0.9565 -0.2280
vn 0.0206 0.6403 -0.7678
vn -0.2907 0.6264 -0.7232
vn -0.2907 0.6264 -0.7233
vn 0.1779 -0.8728 0.4545
vn 0.3581 0.8354 -0.4170
vn 0.4965 0.2601 -0.8281
vn 0.5888 0.7174 -0.3723
vn 0.3319 0.9433 0.0001
vn 0.2403 -0.9707 -0.0001
vn -0.1665 0.7801 -0.6032
vn -0.1004 0.9949 0.0001
vn -0.1967 -0.9805 0.0001
vn 0.1375 -0.8942 -0.4261
vn 0.0305 0.9984 0.0477
vn 0.3580 0.8354 0.4170
vn -0.2975 0.8592 0.4162
vn 0.7223 -0.6212 -0.3042
vn 0.2448 -0.6302 -0.7369
vn 0.7875 0.1938 -0.5851
vn 0.0284 -0.0066 -0.9996
vn 0.0180 0.2302 -0.9730
vn 0.1791 -0.8939 -0.4108
vn -0.0205 -0.6445 -0.7643
vn -0.1821 0.9565 0.2279
vn 0.1780 -0.8727 -0.4546
vn -0.4291 0.8999 -0.0786
vn 0.2952 -0.8524 -0.4316
vn -0.6383 0.6610 0.3946
vn -0.4290 0.8999 -0.0785
vn 0.5775 -0.7051 -0.4116
vn -0.6490 -0.0210 -0.7605
vn 0.6964 0.6017 0.3912
vn -0.8933 -0.2739 -0.3564
vn -0.7059 -0.5565 -0.4383
vn 0.6616 0.0442 0.7485
vn -0.6994 -0.0528 -0.7128
vn -0.2470 -0.3422 -0.9066
vn 0.9143 -0.2383 0.3277
vn -0.4111 -0.0549 -0.9099
vn -0.1503 -0.3881 -0.9093
vn 0.9144 -0.2644 0.3065
vn -0.6439 0.1325 -0.7536
vn -0.5629 0.2941 -0.7724
vn 0.7320 0.1810 0.6568
vn -0.1913 -0.0590 -0.9798
vn -0.6047 0.2757 -0.7472
vn 0.4491 -0.4576 -0.7674
vn 0.1757 -0.2967 -0.9387
vn 0.1989 -0.2624 -0.9442
vn 0.1672 0.0916 -0.9816
vn 0.5278 -0.7114 -0.4640
vn 0.3664 -0.5162 -0.7741
vn 0.0478 0.3344 -0.9412
vn -0.0895 0.5565 -0.8260
vn 0.1917 0.1320 -0.9725
vn -0.0914 0.2108 -0.9732
vn -0.2101 0.5923 -0.7779
vn 0.3555 -0.1115 -0.9280
vn 0.0132 0.4325 -0.9015
vn -0.3510 0.8250 -0.4430
vn 0.5205 -0.8017 0.2939
vn 0.0850 -0.9440 0.3189
vn -0.0164 0.3898 -0.9207
vn -0.1277 0.9751 -0.1812
vn -0.4539 -0.8693 0.1955
vn 0.6729 0.2803 -0.6846
vn -0.0238 -0.9920 0.1241
vn 0.4096 0.7014 -0.5834
vn 0.6236 0.3772 -0.6847
vn 0.2396 0.3402 -0.9093
vn -0.8799 -0.4253 0.2118
vn -0.5548 -0.8102 0.1889
vn 0.7736 0.2430 -0.5853
vn 0.8726 0.3666 0.3229
vn 0.6921 0.7114 -0.1221
vn 0.8725 0.3667 -0.3229
vn -0.6291 -0.7731 0.0809
vn -0.6876 -0.1147 0.7169
vn 0.4319 0.4761 -0.7660
vn -0.9747 0.2170 0.0541
vn 0.7126 0.5315 -0.4579
vn 0.6949 0.0446 -0.7177
vn 0.5001 0.3131 -0.8074
vn 0.9143 -0.2383 -0.3276
vn 0.7321 0.1810 -0.6568
vn 0.8727 -0.2416 -0.4243
vn 0.9144 -0.2645 -0.3065
vn 0.5246 -0.3132 -0.7916
vn -0.9726 0.1098 -0.2050
vn 0.8816 -0.1822 -0.4353
vn 0.3405 0.1012 -0.9348
vn 0.9152 0.1095 -0.3878
vn -0.8683 0.2235 0.4428
vn 0.8247 0.2835 -0.4895
vn -0.9995 0.0301 -0.0001
vn 0.9928 -0.1202 -0.0000
vn -0.5872 -0.0877 -0.8046
vn 0.9152 0.1096 0.3879
vn -0.8684 0.2235 -0.4427
vn 0.8076 -0.1841 -0.5602
vn 0.8816 -0.1822 0.4354
vn -0.8550 0.5186 0.0001
vn 0.9995 0.0329 0.0001
vn -0.6159 0.3085 -0.7249
vn -0.8355 0.5199 -0.1777
vn 0.3082 -0.1027 -0.9458
vn 0.7150 -0.6295 -0.3042
vn 0.6034 -0.2827 -0.7456
vn 0.3425 -0.2006 -0.9178
vn 0.7729 -0.5169 -0.3680
vn 0.0804 0.0980 -0.9919
vn -0.1197 0.5276 -0.8410
vn 0.4600 0.0341 -0.8873
vn -0.1560 0.6950 -0.7018
vn -0.0132 -0.4326 -0.9015
vn -0.4622 0.7944 0.3941
vn 0.0460 -0.3982 -0.9162
vn 0.0789 -0.9500 -0.3020
vn 0.1458 -0.7366 -0.6605
vn 0.1768 -0.7173 -0.6739
vn -0.0573 0.8939 -0.4446
vn 0.1416 0.9899 0.0001
vn 0.2378 -0.6355 -0.7346
vn 0.0370 0.9685 0.2463
vn -0.0364 0.8166 -0.5760
vn 0.3234 0.9392 0.1158
vn -0.0646 -0.9694 -0.2369
vn 0.4220 0.8620 0.2809
vn -0.2456 -0.7810 -0.5741
vn -0.1773 0.9841 0.0096
vn -0.2307 -0.3997 -0.8872
vn 0.2660 -0.6353 -0.7250
vn 0.5758 0.7687 0.2783
vn -0.5204 0.2370 -0.8204
vn 0.8468 -0.3087 0.4331
vn 0.7021 -0.4734 -0.5320
vn 0.7090 -0.5604 0.4280
vn -0.6476 0.7619 0.0001
vn -0.6259 0.7788 -0.0406
vn 0.3933 -0.8048 -0.4446
vn 0.7120 -0.5628 -0.4198
vn 0.4030 -0.8184 -0.4096
vn -0.3870 0.8925 0.2315
vn 0.0105 -0.6695 -0.7427
vn 0.2682 -0.5607 -0.7834
vn 0.3607 -0.5315 -0.7664
vn 0.0107 -0.3206 -0.9472
vn 0.1652 -0.8838 -0.4377
vn 0.3606 -0.5315 -0.7664
vn -0.1140 -0.6404 -0.7596
vn -0.1140 -0.6403 -0.7596
vn -0.2209 -0.0060 -0.9753
vn -0.4402 -0.3843 -0.8115
vn 0.0687 -0.2851 -0.9560
vn -0.2154 -0.0260 -0.9762
vn -0.1145 -0.6571 -0.7451
vn -0.1057 -0.2860 -0.9524
vn 0.1401 -0.6003 -0.7874
vn 0.0711 0.9565 0.2829
vn 0.2830 -0.3186 -0.9046
vn -0.0891 -0.6335 -0.7685
vn -0.0284 0.0066 -0.9996
vn -0.0508 -0.5884 -0.8070
vn -0.1364 0.4387 -0.8882
vn 0.0341 0.0453 -0.9984
vn -0.3089 0.3275 -0.8929
vn 0.3082 0.3022 -0.9020
vn -0.0747 0.3402 -0.9374
vn 0.3809 -0.8151 0.4365
vn 0.4392 -0.1996 0.8759
vn -0.2024 -0.0654 -0.9771
vn -0.0748 0.3402 -0.9374
vn -0.3438 0.5716 -0.7451
vn 0.0398 -0.3610 -0.9317
vn 0.0629 0.0390 -0.9973
vn 0.2863 -0.5666 -0.7727
vn 0.0479 -0.6482 -0.7599
vn 0.3000 -0.8900 -0.3434
vn 0.0573 -0.2998 -0.9523
vn 0.0728 -0.6556 -0.7516
vn 0.3188 -0.5326 -0.7840
vn -0.2056 0.8843 -0.4193
vn 0.4081 -0.7914 -0.4552
vn -0.3015 0.8356 0.4591
vn 0.0575 0.9574 -0.2831
vn 0.1773 -0.9842 -0.0001
vn 0.4741 0.8805 -0.0000
vn -0.0850 -0.9763 -0.1989
vn -0.0995 -0.9928 0.0668
vn 0.2945 -0.8578 0.4212
vn 0.0959 0.8821 -0.4612
vn 0.7875 0.1939 -0.5851
vn 0.0072 0.4271 -0.9042
vn -0.1407 0.3518 -0.9254
vn 0.0241 0.2916 -0.9563
vn 0.2083 0.0324 -0.9775
vn 0.2423 -0.2516 -0.9370
vn -0.0049 0.3121 -0.9500
vn 0.1352 -0.3665 -0.9206
vn 0.3808 -0.8152 -0.4365
vn 0.1579 -0.3098 -0.9376
vn 0.2300 -0.6025 -0.7643
vn -0.1162 0.6406 -0.7590
vn 0.1913 0.0656 -0.9793
vn -0.0629 -0.0390 -0.9973
vn 0.0281 -0.3121 -0.9496
vn -0.2671 0.5656 -0.7802
vn -0.3483 0.7956 -0.4956
vn 0.1652 -0.8838 0.4376
vn -0.2158 0.5695 -0.7931
vn -0.1443 0.8792 -0.4540
vn -0.0787 -0.9969 -0.0001
vn -0.0787 -0.9969 -0.0000
vn 0.1135 0.3986 -0.9101
vn 0.4360 0.9000 -0.0000
vn -0.0828 -0.8922 -0.4440
vn 0.2122 -0.9772 -0.0000
vn 0.0874 0.8289 -0.5526
vn -0.1747 0.2883 -0.9414
vn -0.3042 0.8822 -0.3593
vn -0.4236 0.4947 -0.7589
vn -0.3438 0.5716 -0.7450
vn 0.3260 -0.9454 -0.0000
vn -0.1154 0.2327 -0.9657
vn 0.1398 -0.3022 -0.9430
vn -0.1565 0.2603 -0.9528
vn 0.0454 0.0258 -0.9986
vn -0.3042 0.8823 0.3593
vn 0.3083 -0.8432 -0.4404
vn 0.3260 -0.9454 0.0001
vn -0.2266 0.9709 -0.0771
vn 0.0440 -0.9033 -0.4268
vn 0.0399 -0.3348 -0.9414
vn -0.4831 0.8755 0.0001
vn -0.3049 0.7107 -0.6341
vn -0.4409 0.4558 -0.7732
vn -0.4242 0.4224 -0.8010
vn -0.7671 0.4795 -0.4261
vn 0.7120 -0.5628 0.4199
vn -0.6663 0.7413 -0.0814
vn -0.4382 0.5042 -0.7442
vn -0.3972 0.1831 -0.8993
vn -0.1860 -0.1387 -0.9727
vn -0.5082 -0.1146 -0.8536
vn -0.6564 0.3388 -0.6741
vn -0.2186 -0.2684 -0.9382
vn 0.1937 0.4258 -0.8838
vn -0.0727 0.6556 -0.7516
vn -0.2042 0.8628 -0.4625
vn 0.1881 -0.3046 -0.9337
vn 0.0228 0.9087 0.4167
vn 0.0169 0.9999 0.0001
vn -0.5500 0.6486 0.5262
vn 0.2230 -0.5860 -0.7790
vn 0.2458 -0.8451 -0.4747
vn 0.3682 -0.4452 -0.8163
vn -0.0336 -0.6898 -0.7232
vn 0.2101 -0.5923 -0.7779
vn -0.1615 -0.1048 -0.9813
vn 0.2122 -0.9772 0.0001
vn -0.2695 0.7894 -0.5515
vn -0.5346 0.8451 -0.0000
vn 0.4742 -0.8804 0.0001
vn 0.0441 -0.9032 0.4269
vn 0.3103 -0.8409 0.4433
vn -0.1095 0.5941 -0.7969
vn -0.3481 0.5391 -0.7670
vn -0.1733 0.6227 -0.7630
vn -0.4573 0.4742 -0.7524
vn -0.1214 0.2799 -0.9523
vn -0.1385 -0.1377 -0.9807
vn 0.0578 -0.3779 -0.9240
vn -0.0570 0.0459 -0.9973
vn 0.3563 -0.4819 -0.8005
vn -0.4335 0.8702 0.2341
vn 0.0851 -0.9440 -0.3188
vn -0.4271 0.7651 -0.4819
vn 0.1100 -0.6326 -0.7666
vn -0.1869 0.9152 0.3571
vn -0.3068 0.7376 -0.6016
vn -0.1423 0.9898 -0.0000
vn 0.3261 -0.9454 0.0001
vn 0.4031 -0.7001 -0.5894
vn 0.4596 -0.8880 0.0098
vn 0.6408 -0.5833 0.4992
vn -0.5527 0.6519 -0.5191
vn -0.1108 0.3705 -0.9222
vn -0.2102 0.5923 -0.7779
vn -0.2532 0.8474 -0.4666
vn -0.2970 0.9500 -0.0966
vn 0.3226 -0.8219 0.4694
vn 0.0231 0.9311 -0.3639
vn 0.2183 -0.8584 -0.4643
vn -0.1038 0.8761 0.4708
vn 0.3034 0.8742 0.3790
vn 0.2184 -0.8584 -0.4642
vn 0.1581 -0.8811 -0.4456
vn -0.3260 0.9454 -0.0000
vn -0.1416 -0.9899 0.0001
vn -0.1035 0.6246 -0.7741
vn -0.0038 1.0000 0.0001
vn 0.4126 -0.9109 -0.0001
vn -0.2114 0.8653 -0.4545
vn -0.1749 0.3090 -0.9348
vn 0.6380 -0.6362 0.4338
vn -0.2658 0.8445 -0.4650
vn -0.3015 0.8356 -0.4591
vn 0.0012 0.3755 -0.9268
vn 0.0228 0.9088 -0.4166
vn 0.4080 -0.7914 0.4552
vn 0.1423 -0.9898 0.0001
vt 34.104198 -25.029699
vt 34.061100 -25.062700
vt 34.108601 -25.035900
vt 33.937599 -25.084101
vt 34.065201 -25.091000
vt 34.062401 -25.084101
vt 34.064301 -25.081699
vt 34.111301 -25.034700
vt 34.105999 -25.029400
vt 34.148499 -24.997400
vt 34.153999 -25.002600
vt 34.069500 -25.087200
vt 34.157501 -24.998800
vt 34.150501 -24.995800
vt 34.062199 -24.771200
vt 34.090900 -24.846399
vt 34.067799 -24.766300
vt 34.104599 -24.819599
vt 34.153999 -24.864100
vt 34.109901 -24.814199
vt 34.148602 -24.869200
vt 34.065300 -24.776100
vt 33.934700 -24.776100
vt 34.062302 -24.783001
vt 33.937698 -24.783001
vt 33.849499 -24.871201
vt 33.851398 -24.869200
vt 33.895401 -24.819599
vt 33.846001 -24.864100
vt 33.890099 -24.814199
vt 33.842499 -24.868299
vt 33.849499 -24.995800
vt 33.932201 -24.766300
vt 33.909100 -24.846399
vt 33.937801 -24.771200
vt 34.010399 -25.219601
vt 34.005199 -25.222099
vt 34.011600 -25.220900
vt 34.006001 -25.220100
vt 34.016701 -25.193501
vt 34.010899 -25.219400
vt 34.006001 -25.217199
vt 34.004799 -25.217100
vt 34.021000 -25.183001
vt 34.013802 -25.217100
vt 34.043999 -25.163500
vt 34.041901 -25.166800
vt 34.019699 -25.218599
vt 34.021801 -25.183901
vt 34.021702 -25.180300
vt 34.042801 -25.162701
vt 34.039902 -25.104401
vt 34.041199 -25.099199
vt 33.919102 -25.064800
vt 33.932598 -24.998699
vt 33.926800 -24.995800
vt 33.925999 -25.066401
vt 33.933201 -24.997299
vt 33.926800 -25.068600
vt 33.934200 -25.000601
vt 33.919601 -25.070400
vt 33.931999 -25.129400
vt 33.926800 -25.069901
vt 33.939201 -25.128201
vt 33.933399 -25.133301
vt 33.954300 -25.183599
vt 33.940601 -25.131201
vt 33.947300 -25.186501
vt 33.951302 -25.191500
vt 33.977501 -25.206699
vt 33.956501 -25.186300
vt 33.972599 -25.212299
vt 33.998600 -25.228201
vt 33.994499 -25.235201
vt 33.997601 -25.235500
vt 33.990898 -25.233700
vt 33.993999 -25.226801
vt 33.989601 -25.226400
vt 33.986500 -25.233200
vt 33.993999 -25.233601
vt 33.996601 -25.227100
vt 33.993500 -25.226000
vt 33.990398 -25.231701
vt 33.988400 -25.226200
vt 33.991501 -25.223499
vt 33.988400 -25.224701
vt 33.987000 -25.228500
vt 33.988400 -25.221300
vt 33.982700 -25.226000
vt 33.976002 -25.203400
vt 33.969501 -25.206499
vt 33.992699 -25.225000
vt 33.996601 -25.225599
vt 33.993401 -25.223900
vt 33.991798 -25.227501
vt 33.994202 -25.223101
vt 33.994801 -25.222099
vt 34.000000 -25.227699
vt 33.988400 -25.220900
vt 33.991299 -25.222500
vt 33.998600 -25.224501
vt 33.996601 -25.221701
vt 34.000000 -25.220900
vt 34.001400 -25.224501
vt 34.003399 -25.221701
vt 34.003601 -25.219601
vt 34.001801 -25.221300
vt 33.998199 -25.221300
vt 33.996399 -25.219601
vt 33.995201 -25.217100
vt 34.000000 -25.218700
vt 33.989601 -25.219601
vt 33.993999 -25.220100
vt 33.993999 -25.217199
vt 33.983299 -25.193501
vt 33.989101 -25.219400
vt 33.979000 -25.183001
vt 33.986198 -25.217100
vt 33.978199 -25.183901
vt 33.980301 -25.218599
vt 33.956001 -25.163500
vt 33.958099 -25.166800
vt 33.978298 -25.180300
vt 33.957199 -25.162701
vt 33.960098 -25.104401
vt 33.958801 -25.099199
vt 33.981998 -25.148199
vt 33.982899 -25.152300
vt 33.980598 -25.182699
vt 33.994301 -25.212500
vt 33.998299 -25.178301
vt 34.000000 -25.177900
vt 34.000000 -25.189501
vt 33.996899 -25.216499
vt 34.003101 -25.216499
vt 34.005699 -25.212500
vt 34.019402 -25.182699
vt 34.017101 -25.152300
vt 34.018002 -25.148199
vt 34.001701 -25.178301
vt 34.000000 -25.175100
vt 34.016399 -25.148100
vt 34.000000 -25.092501
vt 34.000000 -25.086901
vt 33.983601 -25.148100
vt 33.981602 -25.144400
vt 33.998501 -25.087299
vt 33.970501 -25.036699
vt 33.969898 -25.033001
vt 33.960300 -25.098900
vt 33.963699 -25.031000
vt 33.953602 -25.094200
vt 33.968899 -25.033899
vt 33.958302 -25.096701
vt 33.927898 -25.067801
vt 33.928001 -25.071501
vt 33.948399 -25.159300
vt 33.958099 -25.100201
vt 33.952599 -25.098600
vt 33.955002 -25.160299
vt 33.949100 -25.166401
vt 33.962101 -25.195900
vt 33.956100 -25.164200
vt 33.968800 -25.193199
vt 33.964001 -25.199900
vt 33.986301 -25.223600
vt 33.970402 -25.196400
vt 33.980099 -25.228001
vt 34.013699 -25.223600
vt 34.035999 -25.199900
vt 34.029598 -25.196400
vt 34.019901 -25.228001
vt 34.010399 -25.226400
vt 34.009102 -25.233700
vt 34.013500 -25.233200
vt 34.006001 -25.226801
vt 34.001400 -25.228201
vt 34.002399 -25.235500
vt 34.005501 -25.235201
vt 34.006001 -25.233601
vt 34.006500 -25.226000
vt 34.003399 -25.227100
vt 34.009602 -25.231701
vt 34.008499 -25.223499
vt 34.011600 -25.226200
vt 34.011600 -25.224701
vt 34.013000 -25.228500
vt 34.011600 -25.221300
vt 34.017300 -25.226000
vt 34.023998 -25.203400
vt 34.030499 -25.206499
vt 34.003399 -25.225599
vt 34.007301 -25.225000
vt 34.006599 -25.223900
vt 34.008202 -25.227501
vt 34.005798 -25.223101
vt 34.008701 -25.222500
vt 34.018398 -25.144400
vt 34.039700 -25.098900
vt 34.029499 -25.036699
vt 34.030102 -25.033001
vt 34.001499 -25.087299
vt 34.028500 -25.033100
vt 34.000000 -25.084101
vt 34.000000 -24.977200
vt 34.000000 -24.973499
vt 33.971500 -25.033100
vt 33.953201 -24.924000
vt 33.998402 -24.974100
vt 33.934898 -24.996799
vt 33.927898 -24.991899
vt 33.951698 -24.922899
vt 33.946098 -24.918501
vt 33.933102 -24.995899
vt 34.092602 -25.000700
vt 34.074600 -25.059500
vt 34.099300 -25.004400
vt 34.145901 -24.978100
vt 34.093498 -25.026699
vt 34.151501 -24.983101
vt 34.088299 -25.021400
vt 34.112598 -25.031900
vt 34.147499 -24.976999
vt 34.106499 -25.027500
vt 34.157501 -24.868299
vt 34.150501 -24.871201
vt 34.147301 -24.857500
vt 34.130299 -24.935301
vt 34.154701 -24.857500
vt 34.123100 -24.935301
vt 34.103298 -24.993900
vt 34.113499 -25.063101
vt 34.110802 -24.994499
vt 34.120399 -25.065100
vt 34.068001 -25.113100
vt 34.117901 -25.070400
vt 34.112499 -25.065399
vt 34.073200 -25.118500
vt 33.934799 -25.091000
vt 33.891399 -25.035900
vt 33.938900 -25.062700
vt 33.895802 -25.029699
vt 33.842499 -24.998800
vt 33.935699 -25.081699
vt 33.888699 -25.034700
vt 33.930500 -25.087200
vt 33.894001 -25.029400
vt 33.846001 -25.002600
vt 33.851501 -24.997400
vt 33.852501 -24.976999
vt 33.887402 -25.031900
vt 33.893501 -25.027500
vt 33.848499 -24.983101
vt 33.906502 -25.026699
vt 33.854099 -24.978100
vt 33.911701 -25.021400
vt 33.852699 -24.857500
vt 33.869701 -24.935301
vt 33.876900 -24.935301
vt 33.845299 -24.857500
vt 33.889198 -24.994499
vt 33.886501 -25.063101
vt 33.896702 -24.993900
vt 33.879601 -25.065100
vt 33.900700 -25.004400
vt 33.925400 -25.059500
vt 33.907398 -25.000700
vt 33.909401 -25.028099
vt 33.960701 -25.052401
vt 33.913700 -25.021999
vt 34.079399 -24.922600
vt 34.113499 -24.979700
vt 34.120399 -24.976500
vt 34.073502 -24.927200
vt 33.886501 -24.979700
vt 33.920601 -24.922600
vt 33.879601 -24.976500
vt 33.926498 -24.927200
vt 34.046799 -24.924000
vt 34.001598 -24.974100
vt 34.066799 -24.997299
vt 34.065102 -24.996799
vt 34.073200 -25.068600
vt 34.065800 -25.000601
vt 34.041698 -25.096701
vt 34.072102 -25.067801
vt 34.031101 -25.033899
vt 34.046398 -25.094200
vt 34.036301 -25.031000
vt 34.071999 -25.071501
vt 34.041901 -25.100201
vt 34.051601 -25.159300
vt 34.047401 -25.098600
vt 34.044998 -25.160299
vt 34.043900 -25.164200
vt 34.037899 -25.195900
vt 34.050900 -25.166401
vt 34.031200 -25.193199
vt 33.924801 -25.118500
vt 33.898300 -25.058599
vt 33.917999 -25.121799
vt 33.905602 -25.056700
vt 33.886200 -24.982401
vt 33.897301 -25.054701
vt 33.904701 -25.054001
vt 33.878700 -24.982700
vt 34.019100 -25.200701
vt 34.046799 -25.169100
vt 34.042400 -25.163500
vt 34.049801 -25.167101
vt 34.079102 -25.125299
vt 34.044498 -25.161900
vt 34.073002 -25.120701
vt 34.082001 -25.121799
vt 34.101700 -25.058599
vt 34.075199 -25.118500
vt 34.094398 -25.056700
vt 34.102699 -25.054701
vt 34.113800 -24.982401
vt 34.095299 -25.054001
vt 34.121300 -24.982700
vt 34.048302 -24.922899
vt 34.072102 -24.991899
vt 34.053902 -24.918501
vt 34.066898 -24.995899
vt 34.067402 -24.998699
vt 34.080898 -25.064800
vt 34.073200 -24.995800
vt 34.074001 -25.066401
vt 34.073200 -25.069901
vt 34.068001 -25.129400
vt 34.080399 -25.070400
vt 34.060799 -25.128201
vt 34.059399 -25.131201
vt 34.045700 -25.183599
vt 34.066601 -25.133301
vt 34.052700 -25.186501
vt 34.022499 -25.206699
vt 34.048698 -25.191500
vt 34.043499 -25.186300
vt 34.027401 -25.212299
vt 33.953201 -25.169100
vt 33.980900 -25.200701
vt 33.957600 -25.163500
vt 33.955502 -25.161900
vt 33.920898 -25.125299
vt 33.950199 -25.167101
vt 33.926998 -25.120701
vt 34.086300 -25.021999
vt 34.039299 -25.052401
vt 34.090599 -25.028099
vt 33.882099 -25.070400
vt 33.931999 -25.113100
vt 33.887501 -25.065399
vt 33.926800 -25.118500
vt 33.775101 -25.061100
vt 33.704201 -25.000000
vt 33.703999 -25.001600
vt 33.634201 -25.062300
vt 33.706402 -25.105900
vt 33.706402 -25.104200
vt 33.777302 -25.060900
vt 33.631901 -25.062401
vt 33.631901 -24.937599
vt 33.634201 -24.937700
vt 33.634800 -25.064301
vt 33.703701 -25.106001
vt 33.632301 -25.150499
vt 33.634899 -25.148500
vt 33.989300 -25.041500
vt 34.069599 -25.078400
vt 34.073002 -25.078100
vt 33.887199 -25.090700
vt 33.986401 -25.041901
vt 33.887600 -25.088400
vt 33.814301 -25.063299
vt 33.983101 -25.039200
vt 33.884201 -25.084000
vt 33.893799 -25.000000
vt 33.893799 -25.002501
vt 33.809101 -25.063801
vt 33.798500 -25.146200
vt 33.884102 -25.090900
vt 33.881001 -25.086000
vt 33.800098 -25.151100
vt 33.799702 -25.154200
vt 33.720600 -25.109501
vt 33.717499 -25.109900
vt 33.808899 -25.067801
vt 33.804001 -25.063801
vt 33.717300 -25.107401
vt 33.635799 -25.065201
vt 33.719700 -25.000000
vt 33.719601 -25.002701
vt 33.632599 -25.065300
vt 33.714802 -25.109900
vt 33.633900 -25.069099
vt 33.633801 -25.153999
vt 33.633801 -24.939899
vt 33.632599 -24.934700
vt 33.633801 -25.060101
vt 33.716900 -25.000000
vt 33.635799 -24.934799
vt 33.719601 -24.997299
vt 33.804001 -24.936199
vt 33.809101 -24.936199
vt 33.722900 -25.000000
vt 33.809200 -25.058701
vt 33.890598 -25.000000
vt 33.809200 -24.941299
vt 33.717499 -24.890100
vt 33.717300 -24.892599
vt 33.633801 -24.846001
vt 33.633900 -24.930901
vt 33.714802 -24.890100
vt 33.709702 -24.843599
vt 33.635201 -24.849501
vt 33.709202 -24.851101
vt 33.633900 -24.842100
vt 33.635899 -24.842600
vt 33.711800 -24.851900
vt 33.712002 -24.844400
vt 33.795101 -24.845699
vt 33.799702 -24.845800
vt 33.795898 -24.852600
vt 33.635101 -24.849501
vt 33.720600 -24.890499
vt 33.884102 -24.909100
vt 33.887199 -24.909300
vt 33.798500 -24.853800
vt 33.800098 -24.848900
vt 33.881001 -24.914000
vt 33.808899 -24.932199
vt 33.884201 -24.916000
vt 33.983101 -24.960800
vt 33.887600 -24.911600
vt 33.814301 -24.936701
vt 33.986401 -24.958099
vt 33.893799 -24.997499
vt 34.355999 -25.010401
vt 34.362499 -25.009300
vt 34.356499 -25.006001
vt 34.362598 -25.013700
vt 34.335098 -25.029400
vt 34.358200 -25.019699
vt 34.353699 -25.013800
vt 34.355301 -25.026199
vt 34.335499 -25.042801
vt 34.341499 -25.047300
vt 34.349300 -25.021700
vt 34.269199 -24.926001
vt 34.186600 -24.898300
vt 34.184502 -24.905600
vt 34.271801 -24.919100
vt 34.239601 -24.925900
vt 34.286301 -24.931999
vt 34.241299 -24.918600
vt 34.284100 -24.939199
vt 34.260300 -24.955700
vt 34.302898 -24.947300
vt 34.258701 -24.949699
vt 34.303501 -24.954300
vt 34.262501 -24.957399
vt 34.306000 -24.955299
vt 34.258999 -24.956100
vt 34.304901 -24.956499
vt 34.314201 -24.977501
vt 34.316399 -24.978300
vt 34.288399 -24.982000
vt 34.285099 -24.981300
vt 34.309101 -25.000000
vt 34.309700 -24.998400
vt 34.338001 -24.994400
vt 34.341702 -24.995199
vt 34.315899 -24.979900
vt 34.347301 -24.988400
vt 34.325001 -24.982800
vt 34.348301 -24.994900
vt 34.342300 -24.993900
vt 34.344398 -24.986300
vt 34.344799 -24.996401
vt 34.346600 -25.000000
vt 34.347198 -24.998199
vt 34.351002 -24.998600
vt 34.355000 -25.000000
vt 34.347801 -24.996700
vt 34.345901 -24.989599
vt 34.346600 -24.993999
vt 34.349098 -24.991301
vt 34.349800 -24.994101
vt 34.352699 -24.996599
vt 34.351101 -24.993500
vt 34.352600 -24.992701
vt 34.355000 -24.996599
vt 34.354801 -24.987000
vt 34.348400 -24.988400
vt 34.351501 -24.991501
vt 34.352100 -24.982700
vt 34.353500 -24.988400
vt 34.355301 -24.988400
vt 34.355099 -24.991301
vt 34.354099 -24.993401
vt 34.356800 -24.994801
vt 34.355400 -24.994200
vt 34.356602 -25.001400
vt 34.363201 -25.005699
vt 34.362801 -25.002501
vt 34.356602 -24.998600
vt 34.362801 -24.997499
vt 34.363201 -24.994301
vt 34.355999 -24.989599
vt 34.362499 -24.990700
vt 34.362598 -24.986300
vt 34.356499 -24.993999
vt 34.358200 -24.980301
vt 34.335098 -24.970600
vt 34.353699 -24.986200
vt 34.335499 -24.957199
vt 34.355301 -24.973801
vt 34.341499 -24.952801
vt 34.349300 -24.978300
vt 34.365799 -25.000000
vt 34.360600 -24.996901
vt 34.358501 -25.000000
vt 34.360600 -25.003099
vt 34.272301 -24.927900
vt 34.310001 -24.958300
vt 34.277302 -24.923201
vt 34.315399 -24.953600
vt 34.332600 -24.955000
vt 34.290100 -24.933701
vt 34.287601 -24.940800
vt 34.336300 -24.948500
vt 34.307098 -24.955500
vt 34.334499 -24.962099
vt 34.309101 -24.948400
vt 34.332100 -24.968800
vt 34.308601 -24.957199
vt 34.344799 -24.980101
vt 34.317799 -24.977699
vt 34.308601 -25.042801
vt 34.316399 -25.021700
vt 34.306000 -25.044701
vt 34.344398 -25.013700
vt 34.317799 -25.022301
vt 34.344799 -25.019899
vt 34.347301 -25.011600
vt 34.325001 -25.017200
vt 34.345901 -25.010401
vt 34.346600 -25.006001
vt 34.348301 -25.005100
vt 34.342300 -25.006100
vt 34.341702 -25.004801
vt 34.344501 -25.000000
vt 34.341301 -25.003099
vt 34.319199 -25.000000
vt 34.341301 -24.996901
vt 34.344799 -25.003599
vt 34.347198 -25.001801
vt 34.347801 -25.003300
vt 34.351002 -25.001400
vt 34.352699 -25.003401
vt 34.349800 -25.005899
vt 34.349098 -25.008699
vt 34.351101 -25.006500
vt 34.352600 -25.007299
vt 34.348400 -25.011600
vt 34.354801 -25.013000
vt 34.351501 -25.008499
vt 34.352100 -25.017300
vt 34.353500 -25.011600
vt 34.355301 -25.011600
vt 34.355099 -25.008699
vt 34.354099 -25.006599
vt 34.355000 -25.003401
vt 34.356800 -25.005199
vt 34.355400 -25.005800
vt 34.238201 -25.000000
vt 34.300400 -25.032499
vt 34.300301 -25.027901
vt 34.300301 -24.972099
vt 34.300400 -24.967501
vt 34.235001 -25.000000
vt 34.296600 -24.966801
vt 34.234798 -24.997499
vt 34.181702 -24.950399
vt 34.177502 -24.950001
vt 34.220600 -24.927999
vt 34.221199 -24.930401
vt 34.216801 -24.934900
vt 34.292000 -24.969700
vt 34.076302 -24.922001
vt 34.175900 -24.946100
vt 34.146099 -24.882299
vt 34.213600 -24.933100
vt 34.217602 -24.927900
vt 34.143299 -24.887300
vt 34.144699 -24.879101
vt 34.014400 -25.074301
vt 33.930901 -25.038900
vt 34.010799 -25.074600
vt 33.931198 -25.040001
vt 34.008999 -25.079901
vt 33.857498 -25.087700
vt 33.853600 -25.087900
vt 33.947201 -25.093800
vt 33.946800 -25.092600
vt 33.943699 -25.094801
vt 33.855400 -25.094299
vt 33.944801 -25.101700
vt 33.854099 -25.088400
vt 33.788601 -25.146500
vt 33.791000 -25.153000
vt 33.850899 -25.088301
vt 33.785801 -25.147301
vt 33.785702 -25.145901
vt 33.709301 -25.105600
vt 33.634602 -25.150499
vt 33.706200 -25.106501
vt 33.707001 -25.112600
vt 33.783501 -25.147499
vt 33.783100 -25.154499
vt 33.636101 -25.157301
vt 33.785999 -25.147200
vt 33.715099 -25.156000
vt 33.787201 -25.154699
vt 33.868301 -25.130301
vt 33.633900 -25.157900
vt 33.709702 -25.156401
vt 33.635201 -25.150499
vt 33.709202 -25.148899
vt 33.635899 -25.157400
vt 33.711800 -25.148100
vt 33.635101 -25.150499
vt 33.712002 -25.155600
vt 33.795898 -25.147400
vt 33.795101 -25.154301
vt 33.714901 -25.148399
vt 33.866001 -25.123100
vt 33.804501 -25.152901
vt 33.869400 -25.121799
vt 33.801201 -25.146400
vt 33.871799 -25.129000
vt 33.966801 -25.094700
vt 33.969200 -25.101400
vt 33.971802 -25.100500
vt 33.947601 -25.093700
vt 33.873001 -25.122101
vt 33.947701 -25.101000
vt 34.039600 -25.104300
vt 33.874401 -25.129499
vt 34.039600 -25.111900
vt 34.012501 -25.080900
vt 34.096199 -25.113501
vt 34.014900 -25.074900
vt 34.093899 -25.120399
vt 34.099098 -25.113899
vt 34.017399 -25.074200
vt 34.098499 -25.112499
vt 34.067001 -25.053499
vt 34.147400 -25.068001
vt 34.068699 -25.048100
vt 34.146702 -25.073200
vt 34.150299 -25.067801
vt 34.068199 -25.047100
vt 34.071301 -25.046801
vt 34.136299 -25.000000
vt 34.136700 -25.001499
vt 34.150101 -25.066299
vt 33.634602 -24.940399
vt 33.634602 -25.059601
vt 33.701401 -25.000000
vt 33.703999 -24.998400
vt 33.775101 -24.938900
vt 33.706402 -24.894100
vt 33.706402 -24.895800
vt 33.777302 -24.939100
vt 33.707001 -25.000000
vt 33.634800 -24.935699
vt 33.703701 -24.893999
vt 33.632301 -24.849501
vt 33.634899 -24.851500
vt 33.634602 -24.849501
vt 33.707001 -24.887400
vt 33.706200 -24.893499
vt 33.636101 -24.842699
vt 33.783100 -24.845501
vt 33.783501 -24.852501
vt 33.709301 -24.894400
vt 33.785801 -24.852699
vt 33.785702 -24.854099
vt 33.850899 -24.911699
vt 33.853600 -24.912100
vt 33.943699 -24.905199
vt 33.855400 -24.905701
vt 33.854099 -24.911600
vt 33.788601 -24.853500
vt 33.791000 -24.847000
vt 33.944801 -24.898300
vt 33.947201 -24.906200
vt 33.785999 -24.852800
vt 33.868301 -24.869699
vt 33.787201 -24.845301
vt 33.715099 -24.844000
vt 33.866001 -24.876900
vt 33.714901 -24.851601
vt 33.801201 -24.853600
vt 33.869400 -24.878201
vt 33.804501 -24.847099
vt 33.966801 -24.905300
vt 33.871799 -24.871000
vt 33.969200 -24.898600
vt 33.971802 -24.899500
vt 33.947701 -24.899000
vt 33.873001 -24.877899
vt 33.947601 -24.906300
vt 34.039600 -24.895700
vt 33.874401 -24.870501
vt 34.039600 -24.888100
vt 34.096199 -24.886499
vt 34.012501 -24.919100
vt 34.014900 -24.925100
vt 34.093899 -24.879601
vt 33.857498 -24.912300
vt 33.946800 -24.907400
vt 34.008999 -24.920099
vt 33.931198 -24.959999
vt 34.010799 -24.925400
vt 33.930901 -24.961100
vt 34.014400 -24.925699
vt 33.927399 -24.960699
vt 33.853500 -24.913700
vt 33.779999 -24.939301
vt 33.847198 -25.000000
vt 33.847401 -24.998501
vt 33.777302 -24.940800
vt 33.844501 -25.000000
vt 33.777302 -25.059200
vt 34.043400 -25.110701
vt 34.139702 -25.113501
vt 34.043800 -25.103300
vt 34.139500 -25.120399
vt 33.974800 -25.101000
vt 33.974098 -25.094000
vt 34.144699 -25.120899
vt 33.972301 -25.098900
vt 34.067799 -25.073000
vt 33.970501 -25.092501
vt 33.888199 -25.085199
vt 33.890999 -25.090599
vt 33.988701 -25.043699
vt 34.139500 -24.879601
vt 34.043400 -24.889299
vt 34.139702 -24.886499
vt 34.043800 -24.896700
vt 33.974800 -24.899000
vt 33.974098 -24.906000
vt 34.073002 -24.921900
vt 33.972301 -24.901100
vt 33.888199 -24.914801
vt 33.970501 -24.907499
vt 34.067799 -24.927000
vt 34.069599 -24.921600
vt 33.890999 -24.909401
vt 33.989300 -24.958500
vt 33.988701 -24.956301
vt 34.085400 -25.000000
vt 33.992802 -24.958200
vt 34.073299 -24.924200
vt 34.171799 -24.950199
vt 34.084999 -24.997499
vt 34.177502 -25.049999
vt 34.231899 -25.000000
vt 34.177399 -25.045000
vt 34.088799 -25.000000
vt 34.177399 -24.955000
vt 34.181702 -25.049601
vt 34.296600 -25.033199
vt 34.234798 -25.002501
vt 34.220600 -25.072001
vt 34.221199 -25.069599
vt 34.292000 -25.030300
vt 34.216801 -25.065100
vt 34.277302 -25.076799
vt 34.310001 -25.041700
vt 34.272301 -25.072100
vt 34.315399 -25.046400
vt 34.290100 -25.066299
vt 34.332600 -25.045000
vt 34.287601 -25.059200
vt 34.336300 -25.051500
vt 34.334499 -25.037901
vt 34.307098 -25.044600
vt 34.309101 -25.051600
vt 34.332100 -25.031200
vt 34.235901 -24.924801
vt 34.150799 -24.925800
vt 34.151100 -24.931601
vt 34.235802 -24.917999
vt 34.182400 -24.897301
vt 34.099701 -24.886299
vt 34.180801 -24.904699
vt 34.100300 -24.878799
vt 34.211399 -25.031601
vt 34.214802 -25.031099
vt 34.140400 -25.000000
vt 34.214802 -24.968901
vt 34.214600 -25.029499
vt 34.214600 -24.970501
vt 34.244499 -25.000000
vt 34.247101 -25.000000
vt 34.217499 -24.969101
vt 34.217499 -25.030899
vt 34.247601 -25.001499
vt 34.258598 -25.042400
vt 34.258999 -25.043900
vt 34.256500 -25.044500
vt 34.215302 -25.032101
vt 34.255100 -25.049801
vt 34.154400 -25.067101
vt 34.238899 -25.074200
vt 34.237999 -25.073000
vt 34.150799 -25.074200
vt 34.235901 -25.075199
vt 34.151100 -25.068399
vt 34.235802 -25.082001
vt 34.100300 -25.121201
vt 34.182400 -25.102699
vt 34.099701 -25.113701
vt 34.180801 -25.095301
vt 33.897800 -25.000000
vt 33.989300 -25.038900
vt 34.081902 -25.000000
vt 33.989300 -24.961100
vt 33.992802 -25.041800
vt 34.073299 -25.075800
vt 34.171799 -25.049801
vt 34.084999 -25.002501
vt 34.076302 -25.077999
vt 34.175900 -25.053900
vt 34.213600 -25.066900
vt 34.146099 -25.117701
vt 34.217602 -25.072100
vt 34.143299 -25.112700
vt 34.186600 -25.101700
vt 34.269199 -25.073999
vt 34.184502 -25.094400
vt 34.271801 -25.080900
vt 34.241299 -25.081400
vt 34.286301 -25.068001
vt 34.239601 -25.074100
vt 34.284100 -25.060801
vt 34.258701 -25.050301
vt 34.302898 -25.052700
vt 34.260300 -25.044300
vt 34.303501 -25.045700
vt 34.262501 -25.042601
vt 34.285099 -25.018700
vt 34.282600 -25.019100
vt 34.304901 -25.043501
vt 34.314201 -25.022499
vt 34.288399 -25.018000
vt 34.315899 -25.020100
vt 34.338001 -25.005600
vt 34.309700 -25.001600
vt 34.306702 -25.000000
vt 34.285000 -25.017099
vt 34.250702 -25.000000
vt 34.285000 -24.982901
vt 34.282600 -24.980900
vt 34.247601 -24.998501
vt 34.258598 -24.957600
vt 34.255100 -24.950199
vt 34.215302 -24.967899
vt 34.256500 -24.955500
vt 34.150299 -24.932199
vt 34.154400 -24.932899
vt 34.238899 -24.925800
vt 34.237999 -24.927000
vt 33.779999 -25.060699
vt 33.847401 -25.001499
vt 33.927399 -25.039301
vt 33.853500 -25.086300
vt 33.930901 -25.037300
vt 33.851002 -25.000000
vt 33.998699 -25.000000
vt 33.930901 -24.962700
vt 34.002300 -25.000000
vt 33.934299 -24.960899
vt 34.014198 -24.927299
vt 34.065601 -24.952999
vt 34.002499 -24.998400
vt 34.068199 -24.952900
vt 34.017399 -24.925800
vt 34.099098 -24.886101
vt 34.098499 -24.887501
vt 34.147400 -24.931999
vt 34.067001 -24.946501
vt 34.068699 -24.951900
vt 34.146702 -24.926800
vt 34.071301 -24.953199
vt 34.150101 -24.933701
vt 34.211399 -24.968399
vt 34.136700 -24.998501
vt 34.133400 -25.000000
vt 34.068298 -24.954599
vt 34.005299 -25.000000
vt 34.068298 -25.045401
vt 34.065601 -25.047001
vt 34.002499 -25.001600
vt 33.934299 -25.039101
vt 34.014198 -25.072701
vt 34.224998 -25.069799
vt 34.292702 -25.035900
vt 34.224899 -25.062700
vt 34.365799 -25.083799
vt 34.363701 -25.090500
vt 34.293598 -25.029100
vt 34.222698 -25.062500
vt 34.368099 -25.084101
vt 34.365200 -25.081699
vt 34.365101 -24.997400
vt 34.296299 -25.029400
vt 34.367699 -24.995800
vt 34.016899 -24.871500
vt 34.112400 -24.846201
vt 34.013599 -24.865200
vt 34.115799 -24.851400
vt 34.189701 -24.771400
vt 34.185699 -24.765600
vt 34.013500 -24.873400
vt 34.116001 -24.851999
vt 34.118999 -24.851299
vt 34.192501 -24.769800
vt 34.282398 -24.819401
vt 34.279400 -24.819799
vt 34.199902 -24.849001
vt 34.201500 -24.854601
vt 34.279400 -24.814400
vt 34.192600 -24.771200
vt 34.282700 -24.812700
vt 34.195000 -24.770000
vt 34.282501 -24.818701
vt 34.364700 -24.782900
vt 34.195999 -24.763100
vt 34.364201 -24.775900
vt 34.367001 -24.783001
vt 34.364498 -24.869200
vt 34.285198 -24.819599
vt 34.364399 -24.784599
vt 34.283100 -24.769199
vt 34.364399 -24.782900
vt 34.366199 -24.775499
vt 34.282902 -24.776800
vt 34.280102 -24.777300
vt 34.280399 -24.769800
vt 34.192501 -24.770000
vt 34.277100 -24.769600
vt 34.190800 -24.762699
vt 34.109402 -24.810301
vt 34.277000 -24.777201
vt 34.112900 -24.816999
vt 34.282501 -24.813999
vt 34.190899 -24.762899
vt 34.285198 -24.814199
vt 34.367199 -24.868299
vt 34.366199 -24.864100
vt 34.367401 -24.776100
vt 34.366100 -24.993099
vt 34.365799 -24.873301
vt 34.290298 -24.923800
vt 34.366901 -24.998800
vt 34.287701 -24.923599
vt 34.364101 -24.868099
vt 34.287998 -24.920799
vt 34.204899 -24.852699
vt 34.200298 -24.852400
vt 34.282501 -24.816500
vt 34.115898 -24.846399
vt 34.112801 -24.847300
vt 34.191101 -24.766300
vt 34.109901 -24.818501
vt 34.106201 -24.812000
vt 33.644001 -25.219601
vt 33.641899 -25.194000
vt 33.637402 -25.220900
vt 33.647900 -25.193501
vt 33.640400 -25.217199
vt 33.643200 -25.222099
vt 33.643501 -25.220100
vt 33.639099 -25.217100
vt 33.649502 -25.183001
vt 33.644699 -25.220900
vt 33.666302 -25.195400
vt 33.646301 -25.217100
vt 33.664902 -25.194599
vt 33.663799 -25.166800
vt 33.665100 -25.163500
vt 33.650799 -25.183901
vt 33.664501 -25.162701
vt 33.680099 -25.102400
vt 33.658501 -25.161400
vt 33.685299 -25.104401
vt 33.646301 -25.148701
vt 33.645100 -25.148199
vt 33.650700 -25.180300
vt 33.687698 -25.099199
vt 33.779400 -24.993601
vt 33.851002 -24.981300
vt 33.855301 -24.978201
vt 33.814701 -25.056299
vt 33.780399 -24.995800
vt 33.728199 -25.064800
vt 33.813400 -25.054100
vt 33.724201 -25.067101
vt 33.699600 -25.028799
vt 33.776001 -24.996901
vt 33.810902 -25.058399
vt 33.760502 -25.122900
vt 33.727100 -25.070400
vt 33.758701 -25.120001
vt 33.713699 -25.129400
vt 33.711601 -25.131500
vt 33.758099 -25.125601
vt 33.743000 -25.168100
vt 33.713501 -25.133301
vt 33.741299 -25.166500
vt 33.697102 -25.186501
vt 33.693901 -25.189699
vt 33.718102 -25.208599
vt 33.740002 -25.170700
vt 33.714100 -25.201401
vt 33.687302 -25.212299
vt 33.716202 -25.206800
vt 33.685799 -25.206699
vt 33.696999 -25.191500
vt 33.685001 -25.214100
vt 33.711601 -25.203899
vt 33.690300 -25.213499
vt 33.713799 -25.210699
vt 33.693298 -25.220400
vt 33.661999 -25.228201
vt 33.664902 -25.234699
vt 33.651402 -25.236099
vt 33.655201 -25.229300
vt 33.652802 -25.228600
vt 33.648998 -25.228201
vt 33.647099 -25.235500
vt 33.659000 -25.237301
vt 33.652599 -25.233700
vt 33.649899 -25.234800
vt 33.676701 -25.219299
vt 33.657700 -25.228901
vt 33.657501 -25.234699
vt 33.653400 -25.226801
vt 33.648102 -25.233801
vt 33.650200 -25.226801
vt 33.647301 -25.227100
vt 33.644299 -25.233601
vt 33.651199 -25.232000
vt 33.645199 -25.228500
vt 33.643700 -25.230499
vt 33.659100 -25.206499
vt 33.647900 -25.228201
vt 33.640099 -25.224501
vt 33.644798 -25.226000
vt 33.663898 -25.198500
vt 33.655201 -25.228001
vt 33.645000 -25.225599
vt 33.638901 -25.227501
vt 33.640202 -25.230700
vt 33.636799 -25.226000
vt 33.643398 -25.224501
vt 33.642502 -25.221701
vt 33.640701 -25.219601
vt 33.634399 -25.223600
vt 33.635399 -25.225100
vt 33.637199 -25.228701
vt 33.641998 -25.221300
vt 33.637501 -25.223301
vt 33.632099 -25.219000
vt 33.637299 -25.226101
vt 33.634998 -25.219400
vt 33.643398 -25.183399
vt 33.641800 -25.218599
vt 33.645100 -25.184700
vt 33.661900 -25.197201
vt 33.659302 -25.168800
vt 33.660801 -25.164000
vt 33.644699 -25.180201
vt 33.640900 -25.147900
vt 33.638199 -25.146500
vt 33.639599 -25.212500
vt 33.635700 -25.177799
vt 33.632401 -25.212099
vt 33.643200 -25.178301
vt 33.637600 -25.152399
vt 33.644798 -25.152300
vt 33.634899 -25.188900
vt 33.639400 -25.216499
vt 33.642399 -25.189501
vt 33.634201 -25.221001
vt 33.631901 -25.217199
vt 33.642502 -25.182899
vt 33.648998 -25.182699
vt 33.638302 -25.145800
vt 33.636299 -25.173901
vt 33.645401 -25.148100
vt 33.668499 -25.089100
vt 33.643799 -25.175100
vt 33.675301 -25.092501
vt 33.682301 -25.097099
vt 33.647202 -25.144400
vt 33.671101 -25.083900
vt 33.640900 -25.141001
vt 33.677898 -25.087299
vt 33.696899 -25.034000
vt 33.703499 -25.036699
vt 33.689999 -25.096701
vt 33.706299 -25.033899
vt 33.684601 -25.094200
vt 33.701599 -25.031000
vt 33.722698 -25.064501
vt 33.721600 -25.071400
vt 33.683800 -25.098600
vt 33.663700 -25.159300
vt 33.709900 -25.129801
vt 33.709099 -25.135500
vt 33.664799 -25.166401
vt 33.665501 -25.195900
vt 33.690899 -25.186800
vt 33.665699 -25.199900
vt 33.682201 -25.207500
vt 33.683102 -25.212900
vt 33.690800 -25.193001
vt 33.694000 -25.185900
vt 33.691399 -25.188101
vt 33.683601 -25.208401
vt 33.667702 -25.196400
vt 33.655602 -25.223600
vt 33.652699 -25.226200
vt 33.658298 -25.230000
vt 33.674999 -25.213499
vt 33.654099 -25.226400
vt 33.655399 -25.233200
vt 33.651699 -25.227800
vt 33.658699 -25.229601
vt 33.655602 -25.235800
vt 33.660599 -25.236799
vt 33.684101 -25.224701
vt 33.655499 -25.228201
vt 33.680801 -25.217899
vt 33.650101 -25.235201
vt 33.652199 -25.228300
vt 33.653500 -25.236700
vt 33.647999 -25.232901
vt 33.650902 -25.226500
vt 33.648899 -25.226000
vt 33.645000 -25.231701
vt 33.647400 -25.225000
vt 33.648499 -25.223499
vt 33.661201 -25.203400
vt 33.651600 -25.224701
vt 33.646500 -25.221300
vt 33.645901 -25.223900
vt 33.640099 -25.227501
vt 33.642101 -25.229700
vt 33.681499 -25.096300
vt 33.687302 -25.098900
vt 33.699699 -25.028400
vt 33.673100 -25.080299
vt 33.705700 -25.033100
vt 33.761799 -24.971800
vt 33.679600 -25.084101
vt 33.767101 -24.977200
vt 33.765202 -24.968599
vt 33.703400 -25.025299
vt 33.770401 -24.974100
vt 33.818298 -24.919300
vt 33.708000 -25.030600
vt 33.823601 -24.924000
vt 33.822498 -24.915600
vt 33.782398 -24.991899
vt 33.824100 -24.918501
vt 33.923698 -24.922100
vt 33.853901 -24.974899
vt 33.989201 -25.059500
vt 34.069099 -25.052299
vt 34.068802 -25.051201
vt 34.142502 -25.022100
vt 34.053200 -25.000700
vt 34.142502 -25.027700
vt 34.146400 -25.021400
vt 34.052799 -24.999701
vt 33.991001 -25.064600
vt 34.053600 -25.004400
vt 33.985600 -25.060499
vt 34.145901 -25.019800
vt 34.056301 -24.999300
vt 34.211399 -24.976999
vt 34.214199 -24.976900
vt 34.131100 -24.935699
vt 34.131500 -24.937201
vt 34.290699 -25.028900
vt 34.222599 -25.061199
vt 34.149101 -25.021400
vt 34.216499 -24.976999
vt 34.293800 -25.027500
vt 34.365398 -24.995701
vt 34.287998 -24.923599
vt 34.287899 -24.925200
vt 34.364601 -24.873501
vt 34.290798 -24.923800
vt 34.364799 -24.992901
vt 34.367199 -24.871201
vt 34.364899 -24.871099
vt 34.282299 -24.821100
vt 34.204102 -24.855700
vt 34.288200 -24.922001
vt 34.201698 -24.855600
vt 34.285099 -24.923700
vt 34.214001 -24.975300
vt 34.201801 -24.857500
vt 34.133999 -24.935301
vt 34.198799 -24.856501
vt 34.130600 -24.934200
vt 34.033199 -24.924299
vt 34.116402 -24.853500
vt 34.029800 -24.925600
vt 34.126999 -24.936600
vt 34.030300 -24.927000
vt 34.052399 -24.998199
vt 33.960400 -24.991100
vt 33.956699 -24.992500
vt 34.049198 -25.001200
vt 33.957298 -24.993900
vt 33.985100 -25.059000
vt 33.903801 -25.063101
vt 33.900902 -25.064400
vt 33.982601 -25.061701
vt 33.931801 -25.123400
vt 33.931301 -25.122200
vt 33.852600 -25.113100
vt 33.849701 -25.114201
vt 33.928699 -25.124001
vt 33.850899 -25.120899
vt 33.929501 -25.131100
vt 33.849899 -25.114700
vt 33.788601 -25.156200
vt 33.790600 -25.163000
vt 34.365398 -25.083700
vt 34.297001 -25.080999
vt 34.365501 -25.091200
vt 34.298599 -25.073601
vt 34.294899 -25.079901
vt 34.296001 -25.072500
vt 34.365799 -25.087200
vt 34.365601 -25.002600
vt 34.295101 -25.034700
vt 34.292702 -25.034500
vt 34.363899 -24.998501
vt 34.292999 -25.031900
vt 34.216900 -24.979900
vt 34.287601 -24.926399
vt 34.213100 -24.979500
vt 34.290298 -25.034300
vt 34.213402 -24.983101
vt 34.147701 -25.026699
vt 34.221699 -25.066900
vt 34.145302 -25.026699
vt 34.209000 -24.980200
vt 34.144600 -25.024401
vt 34.055199 -25.002300
vt 34.128899 -24.935900
vt 34.129299 -24.938499
vt 34.053001 -25.002600
vt 34.131699 -24.935301
vt 34.212799 -24.975300
vt 34.284901 -24.923599
vt 34.200600 -24.857500
vt 34.195499 -24.854401
vt 34.128201 -24.933500
vt 34.030800 -24.921801
vt 34.028198 -24.923000
vt 34.113098 -24.849600
vt 34.125599 -24.937201
vt 34.052299 -25.000401
vt 33.960400 -24.991199
vt 34.028999 -24.925400
vt 33.957298 -24.992100
vt 34.050598 -25.003799
vt 33.958401 -24.994499
vt 33.906101 -25.065100
vt 33.988201 -25.065100
vt 33.987499 -25.062799
vt 33.901501 -25.067101
vt 34.070099 -25.057699
vt 34.070499 -25.059099
vt 34.072399 -25.059401
vt 34.152599 -25.056900
vt 34.072601 -25.052401
vt 34.220001 -25.062201
vt 34.218300 -25.069099
vt 34.151901 -25.064400
vt 34.292999 -25.072901
vt 34.221901 -25.069799
vt 34.292500 -25.080400
vt 34.154400 -25.065399
vt 34.155499 -25.057899
vt 34.222698 -25.062300
vt 33.857101 -24.980801
vt 33.860298 -24.979700
vt 33.956200 -24.990999
vt 34.025902 -24.926800
vt 33.928299 -24.925800
vt 33.928902 -24.927200
vt 33.932201 -24.924200
vt 34.111801 -24.853500
vt 34.029499 -24.924700
vt 34.109001 -24.848900
vt 34.027699 -24.921101
vt 34.013901 -24.874399
vt 33.860500 -24.976500
vt 33.956600 -24.989700
vt 34.025200 -24.924000
vt 33.926998 -24.920500
vt 33.928001 -24.922600
vt 33.930401 -24.919201
vt 34.011299 -24.868500
vt 34.010700 -24.866899
vt 34.007198 -24.867800
vt 33.916901 -24.899099
vt 34.009399 -24.874500
vt 33.828201 -24.913900
vt 33.829399 -24.920900
vt 33.915001 -24.891899
vt 33.911201 -24.892900
vt 33.826099 -24.921900
vt 33.913300 -24.900200
vt 33.822601 -24.915199
vt 33.772900 -24.972000
vt 33.768101 -24.966200
vt 33.778801 -24.992599
vt 33.783199 -24.996799
vt 33.783600 -24.997299
vt 33.826000 -24.921700
vt 33.705502 -25.033001
vt 33.780300 -25.000601
vt 33.728100 -25.068600
vt 33.727699 -25.067801
vt 33.725700 -25.071501
vt 33.713501 -25.130199
vt 33.712399 -25.129299
vt 33.667400 -25.160299
vt 33.688801 -25.100201
vt 33.710602 -25.134100
vt 33.692902 -25.184799
vt 33.666599 -25.164200
vt 33.667900 -25.193199
vt 33.764198 -25.121799
vt 33.850399 -25.119699
vt 33.849201 -25.117701
vt 33.897099 -25.069099
vt 33.815800 -25.058599
vt 33.817600 -25.054701
vt 33.899700 -25.062901
vt 33.954201 -24.993500
vt 33.857498 -24.982700
vt 33.787998 -25.163900
vt 33.859600 -25.140301
vt 33.785400 -25.156900
vt 33.861801 -25.147499
vt 33.755501 -25.176600
vt 33.758598 -25.183599
vt 33.782501 -25.158600
vt 33.744099 -25.169100
vt 33.785198 -25.165100
vt 33.721500 -25.206400
vt 33.717400 -25.200701
vt 33.741402 -25.163500
vt 33.785198 -25.157101
vt 33.741001 -25.163200
vt 33.743500 -25.161900
vt 33.784698 -25.156000
vt 33.845600 -25.115801
vt 33.762699 -25.125299
vt 33.846699 -25.121201
vt 33.761101 -25.120001
vt 33.762001 -25.120701
vt 33.764099 -25.118500
vt 33.848900 -25.112801
vt 33.897999 -25.065399
vt 33.816299 -25.055300
vt 33.817001 -25.056700
vt 33.819199 -25.054001
vt 33.900299 -25.062901
vt 33.953499 -24.993900
vt 33.857899 -24.982401
vt 34.102200 -24.812799
vt 34.010700 -24.866600
vt 34.105499 -24.819700
vt 34.013500 -24.873501
vt 33.920601 -24.896900
vt 33.918098 -24.889700
vt 33.926701 -24.919300
vt 33.928101 -24.925200
vt 33.924999 -24.927401
vt 33.856701 -24.979900
vt 33.786400 -24.995899
vt 33.826698 -24.922899
vt 33.854401 -24.982500
vt 33.815498 -25.053900
vt 33.730801 -25.066401
vt 33.784199 -24.998699
vt 33.812599 -25.057699
vt 33.729301 -25.069901
vt 33.760399 -25.118700
vt 33.715900 -25.128201
vt 33.758301 -25.121901
vt 33.714699 -25.131201
vt 33.739700 -25.162201
vt 33.696499 -25.183599
vt 33.737499 -25.165800
vt 33.714901 -25.202299
vt 33.695099 -25.186300
vt 33.685902 -25.214899
vt 33.684101 -25.208799
vt 33.696602 -25.219299
vt 33.715000 -25.202101
vt 33.693298 -25.212500
vt 33.718700 -25.208700
vt 33.753601 -25.186001
vt 33.749298 -25.179701
vt 33.756199 -25.183500
vt 33.752399 -25.177099
vt 33.787399 -25.163601
vt 33.744900 -25.167101
vt 33.786499 -25.161900
vt 34.145500 -25.028099
vt 34.146500 -25.021999
vt 34.148998 -25.058300
vt 34.070599 -25.059401
vt 34.149502 -25.065901
vt 34.069099 -25.052200
vt 34.001301 -25.088200
vt 34.003799 -25.095400
vt 34.068501 -25.060400
vt 34.065701 -25.054001
vt 33.997501 -25.088400
vt 34.000999 -25.094999
vt 33.938301 -25.127800
vt 33.934399 -25.122000
vt 33.934200 -25.129999
vt 33.985298 -25.066299
vt 33.903099 -25.070400
vt 33.853298 -25.118500
vt 33.863300 -25.138300
vt 33.865002 -25.145599
vt 33.994701 -25.090200
vt 33.931702 -25.123199
vt 33.998299 -25.096901
vt 33.868301 -25.145201
vt 33.866600 -25.137800
vt 33.934399 -25.130301
vt 33.988800 -25.066299
vt 33.985802 -25.061001
vt 33.937698 -25.083799
vt 33.930901 -24.779200
vt 33.935902 -24.784599
vt 33.939899 -24.775499
vt 34.059799 -24.782900
vt 34.060101 -24.775499
vt 33.940201 -24.782900
vt 34.064098 -24.784599
vt 34.069099 -24.779200
vt 34.150501 -24.992901
vt 34.157902 -24.873301
vt 34.150398 -24.873501
vt 34.157902 -24.993099
vt 34.150501 -24.871099
vt 34.111301 -24.816500
vt 34.105301 -24.821100
vt 33.992199 -25.226101
vt 34.000000 -25.233900
vt 33.997501 -25.228701
vt 33.983601 -25.224501
vt 33.990700 -25.223301
vt 33.986301 -25.220900
vt 33.978600 -25.194000
vt 33.993198 -25.219000
vt 33.974499 -25.183399
vt 33.970600 -25.194599
vt 33.964100 -25.197201
vt 33.952400 -25.168800
vt 33.973301 -25.184700
vt 33.949799 -25.164000
vt 33.973801 -25.180201
vt 33.952801 -25.161400
vt 33.953899 -25.097099
vt 33.955002 -25.102400
vt 33.975700 -25.147900
vt 33.979500 -25.146500
vt 34.113098 -24.982500
vt 34.101700 -25.054100
vt 34.119701 -24.981300
vt 34.094398 -25.053900
vt 34.079498 -25.067101
vt 34.071999 -24.993601
vt 34.070801 -24.996901
vt 34.093899 -25.057699
vt 34.081402 -25.120001
vt 34.101200 -25.058399
vt 34.074100 -25.118700
vt 34.073399 -25.121901
vt 34.050301 -25.166500
vt 34.080002 -25.125601
vt 34.044300 -25.162201
vt 34.042599 -25.165800
vt 34.019798 -25.201401
vt 34.047798 -25.170700
vt 34.024700 -25.206800
vt 34.003601 -25.229300
vt 34.001801 -25.236099
vt 34.004700 -25.236700
vt 34.010899 -25.234699
vt 34.021801 -25.219299
vt 34.006100 -25.228901
vt 34.017200 -25.213499
vt 34.008099 -25.233801
vt 34.008701 -25.226500
vt 34.005901 -25.226801
vt 34.011501 -25.232901
vt 34.017300 -25.228201
vt 34.011600 -25.227501
vt 34.006100 -25.230700
vt 34.009800 -25.229700
vt 34.010799 -25.230499
vt 34.007801 -25.226101
vt 34.016399 -25.224501
vt 33.994301 -25.226000
vt 33.995098 -25.223600
vt 34.000000 -25.224199
vt 33.998199 -25.225100
vt 34.002499 -25.228701
vt 34.001801 -25.225100
vt 34.005699 -25.226000
vt 34.004902 -25.223600
vt 34.006802 -25.219000
vt 34.000000 -25.221001
vt 34.009300 -25.223301
vt 34.001999 -25.217199
vt 34.013699 -25.220900
vt 34.021400 -25.194000
vt 34.025501 -25.183399
vt 34.029400 -25.194599
vt 34.035900 -25.197201
vt 34.047600 -25.168800
vt 34.026699 -25.184700
vt 34.050201 -25.164000
vt 34.026199 -25.180201
vt 34.047199 -25.161400
vt 34.020500 -25.146500
vt 34.024300 -25.147900
vt 34.044998 -25.102400
vt 34.019501 -25.152399
vt 34.023300 -25.182899
vt 34.008099 -25.212099
vt 34.000000 -25.177299
vt 34.002300 -25.177799
vt 34.000000 -25.188900
vt 33.998001 -25.217199
vt 33.991901 -25.212099
vt 33.976700 -25.182899
vt 33.980499 -25.152399
vt 33.997700 -25.177799
vt 34.000000 -25.173901
vt 33.984299 -25.145800
vt 34.000000 -25.089100
vt 34.000000 -25.083401
vt 34.015701 -25.145800
vt 34.021000 -25.141001
vt 34.046101 -25.097099
vt 34.002399 -25.083900
vt 34.032001 -25.034000
vt 34.032501 -25.028799
vt 34.043800 -25.096300
vt 34.076801 -25.064501
vt 34.078400 -25.071400
vt 34.066299 -25.129801
vt 34.059200 -25.129299
vt 34.058201 -25.134100
vt 34.051601 -25.186800
vt 34.065498 -25.135500
vt 34.044601 -25.184799
vt 34.027500 -25.212900
vt 34.042801 -25.188101
vt 34.022301 -25.207500
vt 34.048599 -25.193001
vt 33.972500 -25.212900
vt 33.957199 -25.188101
vt 33.951401 -25.193001
vt 33.977699 -25.207500
vt 33.978199 -25.219299
vt 33.993900 -25.228901
vt 33.982800 -25.213499
vt 33.989101 -25.234699
vt 33.998199 -25.236099
vt 33.996399 -25.229300
vt 33.995300 -25.236700
vt 33.991299 -25.226500
vt 33.991901 -25.233801
vt 33.994099 -25.226801
vt 33.988499 -25.232901
vt 33.982700 -25.228201
vt 33.989201 -25.230499
vt 33.993900 -25.230700
vt 33.990200 -25.229700
vt 33.988400 -25.227501
vt 33.967999 -25.034000
vt 33.956200 -25.096300
vt 33.979000 -25.141001
vt 33.967499 -25.028799
vt 33.997601 -25.083900
vt 34.000000 -25.080299
vt 33.972099 -25.028400
vt 34.000000 -24.971800
vt 34.000000 -24.967899
vt 34.027901 -25.028400
vt 34.049599 -24.919300
vt 34.002499 -24.968599
vt 34.069599 -24.992599
vt 34.072800 -24.927401
vt 34.117699 -24.974899
vt 34.077999 -24.922100
vt 33.907200 -25.027700
vt 33.959999 -25.051201
vt 33.912300 -25.022100
vt 33.911598 -25.019800
vt 33.853500 -24.976999
vt 33.905701 -25.024401
vt 33.932999 -25.066900
vt 33.894402 -25.028900
vt 33.889000 -25.034300
vt 33.938000 -25.061199
vt 33.849499 -24.992901
vt 33.842098 -24.873301
vt 33.842098 -24.993099
vt 33.849602 -24.873501
vt 33.888699 -24.816500
vt 33.849499 -24.871099
vt 33.894699 -24.821100
vt 33.878201 -24.934200
vt 33.847099 -24.854401
vt 33.870998 -24.933500
vt 33.898800 -25.003799
vt 33.925098 -25.059000
vt 33.905800 -25.001200
vt 33.919102 -25.062799
vt 33.920502 -25.066299
vt 33.951900 -25.122200
vt 33.925800 -25.061701
vt 33.946499 -25.127300
vt 33.940201 -25.091200
vt 34.059601 -25.083700
vt 33.940399 -25.083700
vt 34.059799 -25.091200
vt 34.062302 -25.083799
vt 34.105598 -25.028900
vt 34.067001 -25.066900
vt 34.111000 -25.034300
vt 34.062000 -25.061199
vt 34.094299 -25.024401
vt 34.146500 -24.976999
vt 34.088402 -25.019800
vt 34.152901 -24.854401
vt 34.121799 -24.934200
vt 34.129002 -24.933500
vt 34.074902 -25.059000
vt 34.101200 -25.003799
vt 34.094200 -25.001200
vt 34.080898 -25.062799
vt 34.087700 -25.022100
vt 34.040001 -25.051201
vt 34.092800 -25.027700
vt 33.950401 -24.919300
vt 33.997501 -24.968599
vt 33.928001 -24.993601
vt 33.930401 -24.992599
vt 33.920502 -25.067101
vt 33.923199 -25.064501
vt 33.929199 -24.996901
vt 33.921600 -25.071400
vt 33.933701 -25.129801
vt 33.940800 -25.129299
vt 33.934502 -25.135500
vt 33.948399 -25.186800
vt 33.941799 -25.134100
vt 33.955399 -25.184799
vt 34.074200 -25.117701
vt 34.113098 -25.065399
vt 34.068401 -25.112801
vt 34.119598 -25.069099
vt 34.113701 -25.062901
vt 34.111401 -24.993500
vt 34.103802 -24.993900
vt 34.121201 -25.062901
vt 34.000000 -25.177601
vt 33.998501 -25.177099
vt 33.956100 -25.163200
vt 33.927601 -25.121201
vt 33.967899 -25.156000
vt 33.932899 -25.115801
vt 33.886902 -25.065399
vt 33.925800 -25.117701
vt 33.931599 -25.112801
vt 33.880402 -25.069099
vt 33.886299 -25.062901
vt 33.888599 -24.993500
vt 33.878799 -25.062901
vt 33.896198 -24.993900
vt 33.922001 -24.922100
vt 33.882301 -24.974899
vt 33.927200 -24.927401
vt 33.905602 -25.053900
vt 33.886902 -24.982500
vt 33.898300 -25.054100
vt 33.880299 -24.981300
vt 33.898800 -25.058399
vt 33.918598 -25.120001
vt 33.906101 -25.057699
vt 33.925900 -25.118700
vt 33.949600 -25.166500
vt 33.926601 -25.121901
vt 33.919998 -25.125601
vt 33.955700 -25.162201
vt 33.952202 -25.170700
vt 33.980202 -25.201401
vt 33.957401 -25.165800
vt 33.975300 -25.206800
vt 34.001499 -25.177099
vt 34.043900 -25.163200
vt 34.067101 -25.115801
vt 34.032101 -25.156000
vt 34.072399 -25.121201
vt 34.074200 -25.061701
vt 34.048100 -25.122200
vt 34.079498 -25.066299
vt 34.053501 -25.127300
vt 34.292702 -25.111200
vt 34.224998 -25.063999
vt 34.221901 -25.063900
vt 34.294800 -25.000000
vt 34.294899 -25.002800
vt 34.363701 -25.065100
vt 34.292702 -25.108601
vt 34.366699 -25.065201
vt 34.365501 -25.059799
vt 34.295101 -25.111300
vt 34.365101 -25.148500
vt 34.296299 -25.106001
vt 34.365799 -25.069500
vt 34.366901 -25.157499
vt 34.115799 -25.084000
vt 34.016899 -25.039200
vt 34.116001 -25.085699
vt 34.189701 -25.060600
vt 34.109798 -25.000000
vt 34.109901 -25.001600
vt 34.192501 -25.061100
vt 34.013500 -25.038700
vt 34.201698 -25.147499
vt 34.118999 -25.086000
vt 34.201500 -25.146200
vt 34.279400 -25.104200
vt 34.282398 -25.104601
vt 34.191101 -25.067801
vt 34.192600 -25.062201
vt 34.195000 -25.061001
vt 34.282501 -25.102800
vt 34.364700 -25.062401
vt 34.279999 -25.000000
vt 34.280102 -25.001699
vt 34.367001 -25.062300
vt 34.285198 -25.109900
vt 34.366100 -25.069099
vt 34.285198 -25.104601
vt 34.364399 -25.064100
vt 34.364498 -25.148600
vt 34.367001 -24.937700
vt 34.364399 -25.059900
vt 34.364399 -24.940100
vt 34.282902 -25.000000
vt 34.364700 -24.937599
vt 34.280102 -24.998301
vt 34.195000 -24.938999
vt 34.277000 -25.000000
vt 34.192501 -25.059401
vt 34.112900 -25.000000
vt 34.192501 -24.938900
vt 34.192501 -24.940599
vt 34.282398 -24.895399
vt 34.282501 -24.897200
vt 34.364498 -24.851400
vt 34.364399 -24.935900
vt 34.367199 -24.849501
vt 34.285198 -24.895399
vt 34.366100 -24.930901
vt 34.285198 -24.890100
vt 34.364601 -24.849600
vt 34.290298 -24.843599
vt 34.290798 -24.851101
vt 34.365799 -24.842100
vt 34.204102 -24.852600
vt 34.282501 -24.888700
vt 34.204899 -24.845699
vt 34.364101 -24.842600
vt 34.364899 -24.849501
vt 34.282299 -24.894699
vt 34.201698 -24.852501
vt 34.279400 -24.895800
vt 34.201500 -24.853800
vt 34.118999 -24.914000
vt 34.116001 -24.914301
vt 34.191101 -24.932199
vt 34.192600 -24.937799
vt 34.189701 -24.939400
vt 34.115799 -24.916000
vt 34.016899 -24.960800
vt 34.109901 -24.998400
vt 33.645100 -25.026699
vt 33.663799 -25.041901
vt 33.650799 -25.021799
vt 33.659302 -25.047600
vt 33.640900 -25.024300
vt 33.680099 -25.045000
vt 33.646301 -25.019100
vt 33.851002 -24.880301
vt 33.780399 -24.926800
vt 33.854401 -24.886900
vt 33.784199 -24.932600
vt 33.729301 -24.926800
vt 33.810902 -24.898800
vt 33.727100 -24.919600
vt 33.812599 -24.906099
vt 33.758099 -24.920000
vt 33.713501 -24.933399
vt 33.758301 -24.926600
vt 33.714699 -24.940599
vt 33.743000 -24.950800
vt 33.693901 -24.948799
vt 33.740002 -24.952200
vt 33.718102 -24.978500
vt 33.716202 -24.975300
vt 33.687302 -24.972601
vt 33.696999 -24.951300
vt 33.685001 -24.973499
vt 33.713799 -24.979601
vt 33.694000 -25.000000
vt 33.693298 -24.997601
vt 33.664902 -24.991699
vt 33.659000 -24.993299
vt 33.685902 -24.975700
vt 33.652401 -25.000000
vt 33.653500 -24.995300
vt 33.651402 -24.998199
vt 33.647099 -24.997601
vt 33.649899 -24.992500
vt 33.650101 -24.994499
vt 33.640598 -25.000000
vt 33.652599 -24.990900
vt 33.657501 -24.989100
vt 33.676701 -24.978201
vt 33.651199 -24.983801
vt 33.655399 -24.986500
vt 33.648102 -24.991899
vt 33.647999 -24.988501
vt 33.644299 -24.993999
vt 33.643700 -24.989201
vt 33.645000 -24.990400
vt 33.640202 -24.993900
vt 33.645199 -24.987000
vt 33.647900 -24.982700
vt 33.640099 -24.983601
vt 33.644798 -24.982700
vt 33.655201 -24.980101
vt 33.640099 -24.988400
vt 33.642101 -24.990200
vt 33.638901 -24.991800
vt 33.644901 -24.991301
vt 33.644600 -24.994200
vt 33.637299 -24.992201
vt 33.640701 -25.003599
vt 33.635399 -25.001801
vt 33.634399 -25.004900
vt 33.635399 -24.998199
vt 33.640701 -24.996401
vt 33.634399 -24.995100
vt 33.650799 -24.978201
vt 33.663799 -24.958099
vt 33.645100 -24.973301
vt 33.659302 -24.952400
vt 33.646301 -24.980900
vt 33.680099 -24.955000
vt 33.640900 -24.975700
vt 33.776001 -24.929199
vt 33.706299 -24.968901
vt 33.780300 -24.934200
vt 33.701599 -24.963699
vt 33.721600 -24.921600
vt 33.683800 -24.952600
vt 33.725700 -24.927999
vt 33.688801 -24.958099
vt 33.709099 -24.934500
vt 33.664799 -24.949100
vt 33.710602 -24.941799
vt 33.666599 -24.956100
vt 33.691399 -24.957199
vt 33.665699 -24.964001
vt 33.667702 -24.970400
vt 33.690800 -24.951401
vt 33.683102 -24.972500
vt 33.685001 -25.026501
vt 33.690800 -25.048599
vt 33.693901 -25.051201
vt 33.683102 -25.027500
vt 33.691399 -25.042801
vt 33.665699 -25.035999
vt 33.667702 -25.029600
vt 33.651199 -25.016199
vt 33.655201 -25.019899
vt 33.676701 -25.021799
vt 33.655399 -25.013500
vt 33.652599 -25.009100
vt 33.659000 -25.006701
vt 33.657501 -25.010900
vt 33.649899 -25.007500
vt 33.653500 -25.004700
vt 33.647999 -25.011499
vt 33.650101 -25.005501
vt 33.655602 -25.000000
vt 33.660599 -25.001801
vt 33.684101 -25.000000
vt 33.660599 -24.998199
vt 33.651402 -25.001801
vt 33.647099 -25.002399
vt 33.644299 -25.006001
vt 33.648102 -25.008101
vt 33.643700 -25.010799
vt 33.645000 -25.009600
vt 33.647900 -25.017300
vt 33.645199 -25.013000
vt 33.640099 -25.016399
vt 33.644798 -25.017300
vt 33.640099 -25.011600
vt 33.642101 -25.009800
vt 33.640202 -25.006100
vt 33.644901 -25.008699
vt 33.638901 -25.008200
vt 33.644600 -25.005800
vt 33.637299 -25.007799
vt 33.705502 -25.030100
vt 33.767101 -25.000000
vt 33.705700 -25.028500
vt 33.705502 -24.969900
vt 33.705700 -24.971500
vt 33.770100 -25.000000
vt 33.708000 -24.969700
vt 33.770401 -24.998400
vt 33.823601 -24.953199
vt 33.826000 -24.952801
vt 33.783600 -24.933201
vt 33.783199 -24.934900
vt 33.923698 -24.922001
vt 33.826698 -24.951700
vt 33.924999 -24.927200
vt 33.824100 -24.946100
vt 33.857101 -24.886000
vt 33.856701 -24.887300
vt 33.786400 -24.933100
vt 33.938301 -25.049900
vt 33.988201 -25.079599
vt 33.988800 -25.077200
vt 34.068501 -25.042000
vt 34.070499 -25.041800
vt 33.991001 -25.079901
vt 34.070099 -25.043600
vt 34.142502 -25.092800
vt 34.145302 -25.093100
vt 34.053600 -25.099300
vt 34.053200 -25.092600
vt 34.053001 -25.100800
vt 34.055199 -25.101700
vt 34.050598 -25.101200
vt 34.131500 -25.121901
vt 34.056301 -25.094801
vt 34.211399 -25.146500
vt 34.209000 -25.153000
vt 34.129299 -25.129101
vt 34.213100 -25.154400
vt 34.147701 -25.093500
vt 34.221699 -25.066999
vt 34.290298 -25.111000
vt 34.216900 -25.154499
vt 34.287899 -25.148100
vt 34.216499 -25.147499
vt 34.365398 -25.150499
vt 34.363899 -25.157301
vt 34.287601 -25.155600
vt 34.364601 -25.150400
vt 34.290298 -25.156401
vt 34.365799 -25.157900
vt 34.290798 -25.148899
vt 34.367199 -25.150499
vt 34.282299 -25.105301
vt 34.204102 -25.147400
vt 34.282501 -25.111300
vt 34.364899 -25.150499
vt 34.364101 -25.157400
vt 34.204899 -25.154301
vt 34.200600 -25.154699
vt 34.284901 -25.156000
vt 34.201801 -25.147301
vt 34.285099 -25.148399
vt 34.198799 -25.146400
vt 34.113098 -25.091999
vt 34.195499 -25.152901
vt 34.030800 -25.101400
vt 34.033199 -25.094700
vt 34.116402 -25.086399
vt 34.028999 -25.100800
vt 34.126999 -25.122101
vt 34.030300 -25.093599
vt 33.960400 -25.104300
vt 34.125599 -25.129499
vt 33.960400 -25.111900
vt 33.958401 -25.110800
vt 34.049198 -25.094200
vt 33.957298 -25.103300
vt 33.901501 -25.120899
vt 33.985298 -25.079500
vt 33.982601 -25.074200
vt 33.901501 -25.112499
vt 33.903099 -25.117901
vt 33.934200 -25.050100
vt 33.932999 -25.053499
vt 33.853298 -25.073200
vt 33.850399 -25.072901
vt 33.929501 -25.049500
vt 33.865398 -25.000000
vt 33.865002 -25.002600
vt 33.790600 -25.034300
vt 33.850899 -25.070601
vt 34.366699 -24.934799
vt 34.365501 -24.940201
vt 34.297001 -25.000000
vt 34.363701 -24.934900
vt 34.294899 -24.997200
vt 34.224998 -24.936001
vt 34.292702 -24.888800
vt 34.292702 -24.891399
vt 34.366901 -24.842501
vt 34.365799 -24.930500
vt 34.295101 -24.888700
vt 34.296299 -24.893999
vt 34.365101 -24.851500
vt 34.363899 -24.842699
vt 34.287899 -24.851900
vt 34.365398 -24.849501
vt 34.216900 -24.845501
vt 34.216499 -24.852501
vt 34.287601 -24.844400
vt 34.213100 -24.845600
vt 34.290298 -24.889000
vt 34.221901 -24.936100
vt 34.292500 -25.000000
vt 34.221699 -24.933001
vt 34.147701 -24.906500
vt 34.145302 -24.906900
vt 34.209000 -24.847000
vt 34.131500 -24.878099
vt 34.211399 -24.853500
vt 34.055199 -24.898300
vt 34.056301 -24.905199
vt 34.129299 -24.870899
vt 34.053001 -24.899200
vt 34.284901 -24.844000
vt 34.201801 -24.852699
vt 34.285099 -24.851601
vt 34.200600 -24.845301
vt 34.195499 -24.847099
vt 34.113098 -24.908001
vt 34.198799 -24.853600
vt 34.033199 -24.905300
vt 34.030800 -24.898600
vt 34.116402 -24.913601
vt 34.126999 -24.877899
vt 34.028999 -24.899200
vt 34.030300 -24.906401
vt 33.960400 -24.895700
vt 34.125599 -24.870501
vt 33.960400 -24.888100
vt 34.049198 -24.905800
vt 33.958401 -24.889200
vt 33.957298 -24.896700
vt 34.050598 -24.898800
vt 33.988201 -24.920401
vt 34.053200 -24.907400
vt 34.142502 -24.907200
vt 34.053600 -24.900700
vt 34.070499 -24.958200
vt 34.070099 -24.956400
vt 33.991001 -24.920099
vt 34.072399 -24.957800
vt 34.145500 -24.909401
vt 34.218300 -24.936600
vt 34.152199 -25.000000
vt 34.151901 -24.997299
vt 34.154400 -25.000000
vt 34.221901 -24.940100
vt 34.025902 -25.094000
vt 33.928001 -25.079399
vt 34.025200 -25.101000
vt 33.928902 -25.073500
vt 34.029800 -25.093599
vt 33.928299 -25.072901
vt 34.029499 -25.092501
vt 33.932201 -25.073000
vt 34.111801 -25.085199
vt 34.013901 -25.039700
vt 34.109001 -25.090599
vt 34.025200 -24.899000
vt 33.928001 -24.920601
vt 34.025902 -24.906000
vt 33.928902 -24.926500
vt 33.928299 -24.927099
vt 34.029800 -24.906401
vt 33.932201 -24.927000
vt 34.029499 -24.907499
vt 34.109001 -24.909401
vt 34.013901 -24.960300
vt 34.111801 -24.914801
vt 34.013500 -24.961300
vt 34.009399 -24.961100
vt 33.928101 -24.928699
vt 33.829399 -24.952999
vt 33.916599 -25.000000
vt 33.916901 -24.998501
vt 33.913300 -25.000000
vt 33.826000 -25.047199
vt 33.826099 -24.954399
vt 33.826099 -25.045601
vt 33.772900 -25.000000
vt 33.708000 -25.030300
vt 33.770401 -25.001600
vt 33.783199 -25.065100
vt 33.783600 -25.066799
vt 33.823601 -25.046801
vt 33.780300 -25.065800
vt 33.706299 -25.031099
vt 33.776001 -25.070801
vt 33.701599 -25.036301
vt 33.725700 -25.072001
vt 33.683800 -25.047400
vt 33.721600 -25.078400
vt 33.688801 -25.041901
vt 33.710602 -25.058201
vt 33.664799 -25.050900
vt 33.709099 -25.065500
vt 33.666599 -25.043900
vt 33.760502 -24.918800
vt 33.850399 -24.927099
vt 33.764198 -24.917999
vt 33.901501 -24.879101
vt 33.897099 -24.880400
vt 33.815800 -24.898300
vt 33.897999 -24.886900
vt 33.817001 -24.905600
vt 33.954201 -24.888599
vt 33.857899 -24.886200
vt 33.953499 -24.896200
vt 33.857498 -24.878700
vt 33.787399 -25.034100
vt 33.861801 -25.000000
vt 33.787399 -24.965900
vt 33.787998 -25.030899
vt 33.787998 -24.969101
vt 33.758598 -25.000000
vt 33.756699 -25.000000
vt 33.785198 -24.966400
vt 33.785198 -25.033600
vt 33.756199 -25.002600
vt 33.721500 -25.022100
vt 33.743000 -25.049200
vt 33.744099 -25.046801
vt 33.718102 -25.021500
vt 33.744900 -25.049801
vt 33.786499 -25.036501
vt 33.846699 -25.072399
vt 33.762699 -25.079100
vt 33.845600 -25.067101
vt 33.762001 -25.073000
vt 33.760502 -25.081200
vt 33.764198 -25.082001
vt 33.897099 -25.119600
vt 33.897999 -25.113100
vt 33.815800 -25.101700
vt 33.817001 -25.094400
vt 33.953499 -25.103800
vt 33.857899 -25.113800
vt 33.954201 -25.111401
vt 33.857498 -25.121300
vt 34.105499 -25.000000
vt 34.013500 -24.962700
vt 33.920601 -25.000000
vt 34.013500 -25.037300
vt 34.009399 -25.038900
vt 33.928101 -25.071301
vt 33.829399 -25.047001
vt 33.916901 -25.001499
vt 33.824100 -25.053900
vt 33.923698 -25.077999
vt 33.826698 -25.048300
vt 33.924999 -25.072800
vt 33.786400 -25.066900
vt 33.857101 -25.114000
vt 33.856701 -25.112700
vt 33.854401 -25.113100
vt 33.780399 -25.073200
vt 33.851002 -25.119699
vt 33.784199 -25.067400
vt 33.727100 -25.080400
vt 33.810902 -25.101200
vt 33.729301 -25.073200
vt 33.812599 -25.093901
vt 33.758301 -25.073400
vt 33.713501 -25.066601
vt 33.758099 -25.080000
vt 33.714699 -25.059401
vt 33.740002 -25.047800
vt 33.716202 -25.024700
vt 33.687302 -25.027399
vt 33.696999 -25.048700
vt 33.713799 -25.020399
vt 33.685902 -25.024300
vt 33.693298 -25.002399
vt 33.664902 -25.008301
vt 33.696602 -25.000000
vt 33.718700 -25.017401
vt 33.753601 -25.000000
vt 33.718700 -24.982599
vt 33.721500 -24.977900
vt 33.756199 -24.997400
vt 33.744099 -24.953199
vt 33.744900 -24.950199
vt 33.786499 -24.963499
vt 33.846699 -24.927601
vt 33.845600 -24.932899
vt 33.762699 -24.920900
vt 33.762001 -24.927000
vt 34.221901 -25.059900
vt 34.218300 -25.063400
vt 34.151901 -25.002701
vt 34.072399 -25.042200
vt 34.145500 -25.090599
vt 34.149502 -25.000000
vt 34.070599 -25.039499
vt 34.070599 -24.960501
vt 34.003799 -25.000000
vt 34.001099 -25.000000
vt 34.068501 -24.958000
vt 33.985802 -24.927299
vt 34.065701 -24.960899
vt 33.988800 -24.922800
vt 34.000999 -24.997400
vt 33.938301 -24.950100
vt 33.934200 -24.949900
vt 33.985298 -24.920500
vt 33.901501 -24.887501
vt 33.982601 -24.925800
vt 33.932999 -24.946501
vt 33.903099 -24.882099
vt 33.853298 -24.926800
vt 33.929501 -24.950500
vt 33.850899 -24.929399
vt 33.790600 -24.965700
vt 33.865002 -24.997400
vt 33.868301 -25.000000
vt 33.934399 -24.954500
vt 33.998299 -25.000000
vt 33.934399 -25.045500
vt 34.000999 -25.002600
vt 34.065701 -25.039101
vt 33.985802 -25.072701
vt 33.705101 -25.079901
vt 33.775002 -25.069799
vt 33.703999 -25.072500
vt 33.636299 -25.090500
vt 33.775101 -25.062700
vt 33.634201 -25.083799
vt 33.633099 -24.998800
vt 33.634201 -25.087200
vt 33.634399 -25.002600
vt 33.704899 -25.034700
vt 33.887199 -24.847300
vt 33.989300 -24.866899
vt 33.986401 -24.865200
vt 34.073002 -24.920500
vt 33.992802 -24.867800
vt 33.890099 -24.818501
vt 33.983101 -24.871500
vt 33.814301 -24.765600
vt 33.810299 -24.771400
vt 33.893799 -24.812000
vt 33.809101 -24.762899
vt 33.799702 -24.852400
vt 33.884102 -24.846399
vt 33.800098 -24.849001
vt 33.720600 -24.814400
vt 33.717499 -24.813999
vt 33.720600 -24.819799
vt 33.808899 -24.766300
vt 33.807400 -24.771200
vt 33.881001 -24.851299
vt 33.804001 -24.763100
vt 33.719898 -24.777300
vt 33.805000 -24.770000
vt 33.635300 -24.782900
vt 33.635799 -24.775900
vt 33.719601 -24.769800
vt 33.632801 -24.868299
vt 33.714802 -24.814199
vt 33.633801 -24.864100
vt 33.632599 -24.776100
vt 33.635601 -24.782900
vt 33.716900 -24.769199
vt 33.633801 -24.775499
vt 33.717098 -24.776800
vt 33.809200 -24.762699
vt 33.722900 -24.769600
vt 33.807499 -24.770000
vt 33.890598 -24.810301
vt 33.723000 -24.777201
vt 33.887100 -24.816999
vt 33.717499 -24.818701
vt 33.717300 -24.812700
vt 33.632999 -24.783001
vt 33.717602 -24.819401
vt 33.635601 -24.784599
vt 33.635502 -24.869200
vt 33.714802 -24.819599
vt 33.635201 -24.992901
vt 33.632801 -24.871201
vt 33.632301 -24.995800
vt 33.712002 -24.923599
vt 33.635101 -24.871099
vt 33.635399 -24.873501
vt 33.709202 -24.923800
vt 33.795898 -24.855700
vt 33.711800 -24.922001
vt 33.717701 -24.821100
vt 33.807499 -24.769800
vt 33.798500 -24.854601
vt 33.883999 -24.851999
vt 33.887600 -24.846201
vt 33.884201 -24.851400
vt 34.362499 -25.223301
vt 34.359600 -25.217199
vt 34.356499 -25.220100
vt 34.367901 -25.219000
vt 34.362701 -25.226101
vt 34.365002 -25.219400
vt 34.352100 -25.193501
vt 34.358101 -25.194000
vt 34.356602 -25.183399
vt 34.336102 -25.198500
vt 34.359901 -25.224501
vt 34.358200 -25.218599
vt 34.338100 -25.197201
vt 34.340698 -25.168800
vt 34.339199 -25.164000
vt 34.349201 -25.183901
vt 34.354900 -25.184700
vt 34.319901 -25.102400
vt 34.341499 -25.161400
vt 34.353699 -25.148701
vt 34.314701 -25.104401
vt 34.355301 -25.180201
vt 34.349300 -25.180300
vt 34.359100 -25.147900
vt 34.361801 -25.146500
vt 34.317699 -25.097099
vt 34.216400 -24.997299
vt 34.142899 -24.980801
vt 34.145599 -24.982500
vt 34.183701 -25.055300
vt 34.184502 -25.053900
vt 34.269199 -25.066401
vt 34.215801 -24.998699
vt 34.271900 -25.068600
vt 34.294498 -25.033001
vt 34.219700 -25.000601
vt 34.187401 -25.057699
vt 34.238899 -25.120001
vt 34.270699 -25.069901
vt 34.239601 -25.118700
vt 34.284100 -25.128201
vt 34.286499 -25.130199
vt 34.241699 -25.121901
vt 34.258999 -25.163200
vt 34.285301 -25.131201
vt 34.303501 -25.183599
vt 34.260300 -25.162201
vt 34.306000 -25.185900
vt 34.285099 -25.202299
vt 34.262501 -25.165800
vt 34.259998 -25.170700
vt 34.304901 -25.186300
vt 34.285900 -25.201401
vt 34.314201 -25.206699
vt 34.303001 -25.191500
vt 34.316399 -25.208401
vt 34.314098 -25.214899
vt 34.288399 -25.203899
vt 34.286201 -25.210699
vt 34.338001 -25.228201
vt 34.335098 -25.234699
vt 34.315899 -25.208799
vt 34.341702 -25.230000
vt 34.325001 -25.213499
vt 34.342300 -25.228901
vt 34.344799 -25.229300
vt 34.349899 -25.235201
vt 34.347801 -25.228300
vt 34.351002 -25.228201
vt 34.346500 -25.236700
vt 34.323299 -25.219299
vt 34.345901 -25.226400
vt 34.348301 -25.227800
vt 34.346600 -25.226801
vt 34.344601 -25.233200
vt 34.352001 -25.232901
vt 34.351101 -25.226000
vt 34.349098 -25.226500
vt 34.355000 -25.231701
vt 34.351501 -25.223499
vt 34.347301 -25.226200
vt 34.352600 -25.225000
vt 34.338799 -25.203400
vt 34.348400 -25.224701
vt 34.355301 -25.220900
vt 34.353500 -25.221300
vt 34.333698 -25.195400
vt 34.344398 -25.223600
vt 34.354099 -25.223900
vt 34.357899 -25.229700
vt 34.359901 -25.227501
vt 34.364601 -25.225100
vt 34.358002 -25.221300
vt 34.356602 -25.224501
vt 34.359299 -25.219601
vt 34.362801 -25.228701
vt 34.363201 -25.226000
vt 34.357498 -25.221701
vt 34.365601 -25.223600
vt 34.355999 -25.219601
vt 34.362598 -25.220900
vt 34.356800 -25.222099
vt 34.360901 -25.217100
vt 34.350498 -25.183001
vt 34.353699 -25.217100
vt 34.335098 -25.194599
vt 34.336201 -25.166800
vt 34.334900 -25.163500
vt 34.335499 -25.162701
vt 34.354900 -25.148199
vt 34.312302 -25.099199
vt 34.357498 -25.182899
vt 34.355202 -25.152300
vt 34.351002 -25.182699
vt 34.360401 -25.212500
vt 34.362400 -25.152399
vt 34.367599 -25.212099
vt 34.360600 -25.216499
vt 34.365101 -25.188900
vt 34.357601 -25.189501
vt 34.368099 -25.217199
vt 34.365799 -25.221001
vt 34.364300 -25.177799
vt 34.356800 -25.178301
vt 34.363701 -25.173901
vt 34.354599 -25.148100
vt 34.356201 -25.175100
vt 34.331501 -25.089100
vt 34.324699 -25.092501
vt 34.361698 -25.145800
vt 34.296501 -25.036699
vt 34.318501 -25.096300
vt 34.303101 -25.034000
vt 34.359100 -25.141001
vt 34.352798 -25.144400
vt 34.312698 -25.098900
vt 34.310001 -25.096701
vt 34.293701 -25.033899
vt 34.272301 -25.067801
vt 34.223999 -24.996901
vt 34.277302 -25.064501
vt 34.274300 -25.071501
vt 34.287601 -25.129299
vt 34.332600 -25.160299
vt 34.311199 -25.100201
vt 34.289398 -25.134100
vt 34.333401 -25.164200
vt 34.307098 -25.184799
vt 34.332100 -25.193199
vt 34.308601 -25.188101
vt 34.332298 -25.196400
vt 34.317799 -25.207500
vt 34.306099 -25.189699
vt 34.334499 -25.195900
vt 34.309200 -25.193001
vt 34.314999 -25.214100
vt 34.344799 -25.228001
vt 34.316898 -25.212900
vt 34.334301 -25.199900
vt 34.348801 -25.232000
vt 34.341000 -25.237301
vt 34.347401 -25.233700
vt 34.342499 -25.234699
vt 34.350101 -25.234800
vt 34.341301 -25.229601
vt 34.344398 -25.235800
vt 34.344501 -25.228201
vt 34.339401 -25.236799
vt 34.315899 -25.224701
vt 34.319199 -25.217899
vt 34.348598 -25.236099
vt 34.347198 -25.228600
vt 34.352901 -25.235500
vt 34.352699 -25.227100
vt 34.351898 -25.233801
vt 34.355701 -25.233601
vt 34.349800 -25.226801
vt 34.356300 -25.230499
vt 34.354801 -25.228500
vt 34.340900 -25.206499
vt 34.352100 -25.228201
vt 34.355202 -25.226000
vt 34.355000 -25.225599
vt 34.359798 -25.230700
vt 34.361099 -25.227501
vt 34.328899 -25.083900
vt 34.322102 -25.087299
vt 34.294300 -25.033100
vt 34.238201 -24.971800
vt 34.232899 -24.977200
vt 34.326900 -25.080299
vt 34.320400 -25.084101
vt 34.300301 -25.028400
vt 34.176399 -24.924000
vt 34.221199 -24.992599
vt 34.181702 -24.919300
vt 34.296600 -25.025299
vt 34.292000 -25.030600
vt 34.216801 -24.996799
vt 34.174000 -24.921700
vt 34.213600 -24.995899
vt 34.173302 -24.922899
vt 34.075001 -24.927401
vt 34.146099 -24.974899
vt 34.143299 -24.979900
vt 34.011799 -25.065100
vt 34.061699 -25.127800
vt 34.065800 -25.129999
vt 33.929501 -25.059099
vt 33.931499 -25.060400
vt 34.008999 -25.064600
vt 33.931198 -25.051201
vt 33.929901 -25.057699
vt 33.857498 -25.027700
vt 33.946999 -25.002600
vt 33.946400 -25.004400
vt 33.854698 -25.026699
vt 33.944801 -25.002300
vt 33.855400 -25.024401
vt 33.791000 -24.980200
vt 33.871101 -24.935900
vt 33.870701 -24.938499
vt 33.786900 -24.979500
vt 33.709702 -25.034300
vt 33.786598 -24.983101
vt 33.852299 -25.026699
vt 33.778301 -25.066900
vt 33.777401 -25.061199
vt 33.850899 -25.021400
vt 33.783100 -24.979900
vt 33.707001 -25.031900
vt 33.707298 -25.034500
vt 33.636101 -24.998501
vt 33.712299 -24.923599
vt 33.712399 -24.926399
vt 33.715099 -24.923599
vt 33.787201 -24.975300
vt 33.868301 -24.935301
vt 33.709702 -24.923800
vt 33.633900 -24.993099
vt 33.634201 -24.873301
vt 33.635899 -24.868099
vt 33.712002 -24.920799
vt 33.795101 -24.852699
vt 33.717499 -24.816500
vt 33.799400 -24.857500
vt 33.804501 -24.854401
vt 33.871799 -24.933500
vt 33.969200 -24.921801
vt 33.971802 -24.923000
vt 33.883598 -24.853500
vt 33.966801 -24.924299
vt 33.886902 -24.849600
vt 33.874401 -24.937201
vt 33.971001 -24.925400
vt 34.039600 -24.991199
vt 33.947701 -25.000401
vt 34.042702 -24.992100
vt 33.949402 -25.003799
vt 34.041599 -24.994499
vt 34.012501 -25.062799
vt 34.093899 -25.065100
vt 34.098499 -25.067101
vt 34.014702 -25.066299
vt 34.096901 -25.070400
vt 34.146702 -25.118500
vt 34.149601 -25.119699
vt 34.136700 -25.138300
vt 34.070499 -25.131100
vt 34.134998 -25.145599
vt 34.209400 -25.163000
vt 34.071301 -25.124001
vt 33.634602 -25.083700
vt 33.702999 -25.080999
vt 33.701401 -25.073601
vt 33.634499 -25.091200
vt 33.707298 -25.035900
vt 33.777302 -25.062500
vt 33.706402 -25.029100
vt 33.631901 -25.084101
vt 33.634800 -25.081699
vt 33.634899 -24.997400
vt 33.703701 -25.029400
vt 33.634602 -24.995701
vt 33.706200 -25.027500
vt 33.783501 -24.976999
vt 33.785801 -24.976900
vt 33.712101 -24.925200
vt 33.709301 -25.028900
vt 33.853600 -25.021400
vt 33.788601 -24.976999
vt 33.854099 -25.019800
vt 33.943699 -24.999300
vt 33.868900 -24.935699
vt 33.868500 -24.937201
vt 33.947201 -24.999701
vt 33.866001 -24.935301
vt 33.785999 -24.975300
vt 33.714901 -24.923700
vt 33.798302 -24.855600
vt 33.798199 -24.857500
vt 33.801201 -24.856501
vt 33.869400 -24.934200
vt 33.970200 -24.925600
vt 33.873001 -24.936600
vt 33.969700 -24.927000
vt 33.947601 -24.998199
vt 34.039600 -24.991100
vt 34.043301 -24.992500
vt 33.950802 -25.001200
vt 34.042702 -24.993900
vt 34.096199 -25.063101
vt 34.014400 -25.060499
vt 34.014900 -25.059000
vt 34.099098 -25.064400
vt 34.010799 -25.059500
vt 33.946800 -25.000700
vt 33.857498 -25.022100
vt 33.930901 -25.052299
vt 33.927399 -25.052401
vt 33.854500 -25.028099
vt 33.927601 -25.059401
vt 33.779999 -25.062201
vt 33.853500 -25.021999
vt 33.781700 -25.069099
vt 33.844501 -25.057899
vt 33.778099 -25.069799
vt 33.845600 -25.065399
vt 33.707500 -25.080400
vt 33.707001 -25.072901
vt 33.777302 -25.062300
vt 34.144699 -24.978201
vt 34.139500 -24.976500
vt 34.043400 -24.989700
vt 33.974800 -24.924000
vt 34.071999 -24.922600
vt 34.069599 -24.919201
vt 33.972301 -24.921101
vt 33.890999 -24.848900
vt 33.986099 -24.874399
vt 34.067799 -24.924200
vt 33.988701 -24.868500
vt 34.180801 -25.054001
vt 34.139702 -24.979700
vt 34.043800 -24.990999
vt 33.974098 -24.926800
vt 34.071701 -24.925800
vt 34.071098 -24.927200
vt 33.888199 -24.853500
vt 33.970501 -24.924700
vt 33.986500 -24.873400
vt 34.073299 -24.919300
vt 33.990601 -24.874500
vt 34.071899 -24.925200
vt 34.170601 -24.920900
vt 34.171799 -24.913900
vt 34.086700 -24.900200
vt 34.173901 -24.921900
vt 34.088799 -24.892900
vt 34.231899 -24.966200
vt 34.227100 -24.972000
vt 34.177399 -24.915199
vt 34.177502 -24.915600
vt 34.220600 -24.993601
vt 34.234798 -24.968599
vt 34.229599 -24.974100
vt 34.300400 -25.028799
vt 34.315399 -25.094200
vt 34.298401 -25.031000
vt 34.275799 -25.067101
vt 34.288399 -25.131500
vt 34.278400 -25.071400
vt 34.316200 -25.098600
vt 34.290100 -25.129801
vt 34.336300 -25.159300
vt 34.290901 -25.135500
vt 34.335201 -25.166401
vt 34.309101 -25.186800
vt 34.235901 -25.118500
vt 34.150299 -25.114201
vt 34.151100 -25.112801
vt 34.102001 -25.065399
vt 34.182999 -25.056700
vt 34.099701 -25.062901
vt 34.046501 -24.993900
vt 34.142101 -24.982401
vt 34.211399 -25.156200
vt 34.212002 -25.163900
vt 34.140400 -25.140301
vt 34.138199 -25.147499
vt 34.214600 -25.156900
vt 34.244499 -25.176600
vt 34.241402 -25.183599
vt 34.214802 -25.165100
vt 34.247601 -25.177099
vt 34.217499 -25.158600
vt 34.243801 -25.183500
vt 34.282600 -25.200701
vt 34.278500 -25.206400
vt 34.257000 -25.168100
vt 34.212601 -25.163601
vt 34.281898 -25.208599
vt 34.255100 -25.167101
vt 34.215302 -25.156000
vt 34.213501 -25.161900
vt 34.153301 -25.121201
vt 34.239498 -25.122900
vt 34.237301 -25.125299
vt 34.235802 -25.121799
vt 34.150799 -25.117701
vt 34.102901 -25.069099
vt 34.185299 -25.056299
vt 34.184200 -25.058599
vt 34.182400 -25.054701
vt 34.100300 -25.062901
vt 34.045799 -24.993500
vt 34.142502 -24.982700
vt 33.894501 -24.819700
vt 33.989300 -24.866600
vt 33.897800 -24.812799
vt 33.986500 -24.873501
vt 34.081902 -24.889700
vt 34.079399 -24.896900
vt 34.083099 -24.899099
vt 34.084999 -24.891899
vt 34.076302 -24.922100
vt 34.217602 -24.991899
vt 34.175900 -24.918501
vt 34.148998 -24.981300
vt 34.186600 -25.054100
vt 34.271801 -25.064800
vt 34.219601 -24.995800
vt 34.189098 -25.058399
vt 34.272900 -25.070400
vt 34.241299 -25.120001
vt 34.286301 -25.129400
vt 34.241901 -25.125601
vt 34.258701 -25.166500
vt 34.302898 -25.186501
vt 34.286499 -25.133301
vt 34.312698 -25.212299
vt 34.283798 -25.206800
vt 34.309700 -25.213499
vt 34.306702 -25.220400
vt 34.285000 -25.202101
vt 34.303398 -25.219299
vt 34.306702 -25.212500
vt 34.246399 -25.186001
vt 34.250702 -25.179701
vt 34.281300 -25.208700
vt 34.255901 -25.169100
vt 34.258598 -25.163500
vt 34.214802 -25.157101
vt 34.256500 -25.161900
vt 34.154400 -25.115801
vt 34.237999 -25.120701
vt 33.847401 -25.056900
vt 33.848099 -25.064400
vt 33.929401 -25.059401
vt 33.851002 -25.058300
vt 33.850498 -25.065901
vt 33.930901 -25.052200
vt 33.998699 -25.088200
vt 33.996201 -25.095400
vt 33.934299 -25.054001
vt 34.011200 -25.066299
vt 34.065601 -25.122000
vt 34.014198 -25.061001
vt 34.068199 -25.123400
vt 34.017399 -25.061701
vt 34.068699 -25.122200
vt 34.147400 -25.113100
vt 34.149101 -25.120899
vt 34.150101 -25.114700
vt 34.131699 -25.145201
vt 34.068298 -25.123199
vt 34.065601 -25.130301
vt 34.001701 -25.096901
vt 34.133400 -25.137800
vt 34.005299 -25.090200
vt 34.002499 -25.088400
vt 33.999001 -25.094999
s 1
usemtl Meshpart1Mtl.003
f 3/1/1 1/2/2 2/3/3
f 6/4/4 5/5/5 4/6/6
f 7/7/7 9/8/8 8/9/9
f 10/10/10 9/8/8 12/11/11
f 13/12/12 9/8/8 7/7/7
f 5/5/5 14/13/13 4/6/6
f 4/6/6 14/13/13 11/14/14
f 17/15/15 15/16/16 16/17/17
f 23/18/18 22/19/19 20/20/20
f 22/19/19 23/18/18 24/21/21
f 19/22/22 25/23/23 18/24/24
f 18/24/24 25/23/23 26/25/25
f 25/23/23 28/26/26 26/25/25
f 27/27/27 29/28/28 30/29/29
f 30/29/29 29/28/28 31/30/30
f 28/26/26 25/23/23 32/31/31
f 32/31/31 33/32/32 28/26/26
f 37/33/33 35/34/34 36/35/35
f 38/36/36 39/37/37 40/38/38
f 39/37/37 38/36/36 41/39/39
f 40/38/38 42/40/40 38/36/36
f 44/41/41 42/40/42 43/42/43
f 45/43/44 39/37/45 43/42/46
f 40/38/38 46/44/47 42/40/40
f 46/44/47 40/38/38 48/45/48
f 50/46/49 46/44/50 49/47/51
f 47/48/52 51/49/53 48/45/54
f 46/44/50 50/46/49 52/50/55
f 52/50/55 50/46/49 53/51/56
f 50/46/49 54/52/57 53/51/56
f 50/46/49 55/53/58 54/52/57
f 59/54/59 61/55/60 58/56/61
f 61/55/60 59/54/59 60/57/62
f 57/58/63 62/59/64 63/60/65
f 65/61/66 67/62/67 66/63/68
f 66/63/68 67/62/67 68/64/69
f 69/65/70 71/66/71 70/67/72
f 71/66/71 69/65/70 72/68/73
f 76/69/74 75/70/75 73/71/76
f 75/70/75 76/69/74 74/72/77
f 79/73/78 81/74/79 82/75/80
f 83/76/81 85/77/82 84/78/83
f 83/76/81 84/78/83 86/79/84
f 88/80/85 87/81/86 89/82/87
f 90/83/88 88/80/85 89/82/87
f 77/84/89 93/85/90 94/86/91
f 95/87/92 93/85/93 97/88/94
f 97/88/94 99/89/95 95/87/92
f 99/89/95 97/88/94 96/90/96
f 98/91/97 99/89/95 96/90/96
f 91/92/98 92/93/99 103/94/100
f 104/95/101 92/93/102 105/96/103
f 92/93/102 106/97/104 105/96/103
f 80/98/105 106/97/104 92/93/102
f 106/97/106 100/99/107 101/100/108
f 106/97/104 80/98/105 107/101/109
f 106/97/104 107/101/109 108/102/110
f 80/98/105 109/103/111 107/101/109
f 109/103/111 80/98/105 110/104/112
f 80/98/105 39/37/45 110/104/112
f 110/104/112 39/37/45 111/105/113
f 39/37/45 112/106/114 111/105/113
f 39/37/45 45/43/44 112/106/114
f 45/43/44 109/103/111 112/106/114
f 110/104/112 113/107/115 109/103/111
f 112/106/114 109/103/111 113/107/115
f 114/108/116 107/101/109 109/103/111
f 109/103/111 115/109/117 114/108/116
f 115/109/117 106/97/104 108/102/110
f 115/109/117 109/103/111 116/110/118
f 116/110/118 106/97/104 115/109/117
f 117/111/119 116/110/118 109/103/111
f 45/43/44 117/111/119 109/103/111
f 118/112/120 106/97/106 119/113/121
f 100/99/107 106/97/106 118/112/120
f 120/114/122 106/97/104 116/110/118
f 121/115/123 100/99/107 118/112/120
f 121/115/124 122/116/125 120/114/122
f 123/117/126 100/99/107 121/115/123
f 100/99/107 123/117/126 125/118/127
f 126/119/128 124/120/129 125/118/130
f 123/117/126 128/121/131 127/122/132
f 128/121/131 130/123/133 129/124/134
f 130/123/133 128/121/131 123/117/126
f 131/125/135 128/121/131 129/124/134
f 133/126/136 128/121/131 131/125/135
f 132/127/137 123/117/138 134/128/139
f 134/128/139 123/117/138 135/129/140
f 123/117/138 136/130/141 135/129/140
f 123/117/138 116/110/118 136/130/141
f 137/131/142 136/130/141 138/132/143
f 134/128/139 137/131/142 138/132/143
f 116/110/118 138/132/143 136/130/141
f 138/132/143 132/127/137 134/128/139
f 138/132/143 116/110/118 139/133/144
f 139/133/144 116/110/118 140/134/145
f 116/110/118 117/111/119 140/134/145
f 117/111/119 45/43/44 141/135/146
f 45/43/44 139/133/144 141/135/146
f 45/43/44 138/132/143 139/133/144
f 142/136/147 138/132/143 45/43/44
f 45/43/44 46/44/47 142/136/147
f 143/137/148 142/136/147 46/44/47
f 46/44/47 144/138/149 143/137/148
f 46/44/47 56/139/150 144/138/149
f 56/139/150 138/132/143 144/138/149
f 138/132/143 142/136/147 145/140/151
f 144/138/149 138/132/143 145/140/151
f 138/132/143 56/139/150 146/141/152
f 146/141/152 132/127/137 138/132/143
f 146/141/152 56/139/150 147/142/153
f 56/139/150 148/143/154 147/142/153
f 56/139/150 149/144/155 148/143/154
f 149/144/155 132/127/137 148/143/154
f 132/127/137 146/141/152 150/145/156
f 148/143/154 132/127/137 150/145/156
f 132/127/137 149/144/155 151/146/157
f 133/126/136 132/127/137 151/146/157
f 152/147/158 151/146/157 149/144/155
f 153/148/159 152/147/158 149/144/155
f 149/144/155 64/149/160 153/148/159
f 64/149/160 133/126/136 153/148/159
f 133/126/136 151/146/157 154/150/161
f 153/148/159 133/126/136 154/150/161
f 157/151/162 159/152/163 156/153/164
f 62/59/64 155/154/165 158/155/166
f 155/154/165 62/59/64 133/126/136
f 133/126/136 62/59/64 160/156/167
f 162/157/168 164/158/169 161/159/170
f 164/158/169 162/157/168 163/160/171
f 128/121/131 133/126/136 163/160/172
f 165/161/173 166/162/174 167/163/175
f 167/163/175 166/162/174 168/164/176
f 170/165/177 78/166/178 169/167/179
f 78/166/178 170/165/177 102/168/180
f 175/169/181 173/170/182 174/171/183
f 172/172/184 173/170/182 175/169/181
f 177/173/185 179/174/186 178/175/187
f 179/174/186 177/173/185 180/176/188
f 182/177/189 183/178/190 181/179/191
f 184/180/192 186/181/193 185/182/194
f 186/181/193 184/180/192 187/183/195
f 189/184/196 176/185/197 190/186/198
f 192/187/199 194/188/200 189/184/201
f 194/188/200 192/187/199 195/189/202
f 191/190/203 195/189/202 193/191/204
f 195/189/202 191/190/203 194/188/200
f 198/192/205 188/193/206 197/194/207
f 199/195/208 200/196/209 198/192/210
f 39/37/45 198/192/210 200/196/209
f 39/37/45 80/98/105 198/192/210
f 40/38/38 39/37/37 196/197/211
f 56/139/150 55/53/58 201/198/212
f 202/199/213 201/198/212 55/53/58
f 55/53/58 203/200/214 202/199/213
f 55/53/58 204/201/215 203/200/214
f 149/144/155 201/198/212 205/202/216
f 203/200/214 149/144/155 205/202/216
f 201/198/212 149/144/155 56/139/150
f 204/201/215 149/144/155 203/200/214
f 204/201/215 206/203/217 207/204/218
f 149/144/155 204/201/215 207/204/218
f 208/205/219 204/201/220 209/206/221
f 64/149/160 207/204/218 210/207/222
f 209/206/221 64/149/223 208/205/219
f 207/204/218 64/149/160 149/144/155
f 209/206/221 212/208/224 211/209/225
f 212/208/226 57/58/227 213/210/228
f 217/211/229 215/212/230 216/213/231
f 214/214/232 215/212/230 217/211/229
f 219/215/233 218/216/234 220/217/235
f 223/218/236 221/219/237 222/220/238
f 221/219/237 223/218/236 224/221/239
f 227/222/240 225/223/241 226/224/242
f 14/13/13 21/225/243 11/14/14
f 229/226/244 11/14/14 21/225/243
f 19/22/22 229/226/244 21/225/243
f 229/226/244 19/22/22 18/24/24
f 231/227/245 228/228/246 230/229/247
f 228/228/246 231/227/245 232/230/248
f 233/231/249 235/232/250 234/233/251
f 236/234/252 234/233/251 235/232/250
f 239/235/253 238/236/254 237/237/255
f 240/238/256 238/236/254 239/235/253
f 241/239/257 5/5/5 6/4/4
f 243/240/258 242/241/259 244/242/260
f 6/4/4 34/243/261 241/239/257
f 34/243/261 6/4/4 33/32/32
f 245/244/262 247/245/263 246/246/264
f 247/245/263 245/244/262 249/247/265
f 248/248/266 247/245/267 250/249/268
f 252/250/269 253/251/270 251/252/271
f 33/32/32 32/31/31 34/243/261
f 254/253/272 255/254/273 256/255/274
f 257/256/275 256/255/274 255/254/273
f 260/257/276 258/258/277 259/259/278
f 261/260/279 258/258/277 260/257/276
f 263/261/280 264/262/281 262/263/282
f 264/262/281 263/261/280 265/264/283
f 266/265/284 267/266/285 268/267/286
f 269/268/287 270/269/288 271/270/289
f 274/271/290 272/272/291 273/273/292
f 272/272/291 274/271/290 275/274/293
f 278/275/294 279/276/295 277/277/296
f 279/276/295 278/275/294 280/278/297
f 282/279/298 209/206/221 281/280/299
f 284/281/300 282/279/298 283/282/301
f 286/283/302 284/281/300 285/284/303
f 289/285/304 286/283/305 288/286/306
f 287/287/307 291/288/308 290/289/309
f 55/53/58 286/283/305 289/285/304
f 286/283/305 55/53/58 293/290/310
f 296/291/311 295/292/312 292/293/313
f 295/292/312 296/291/311 294/294/314
f 55/53/58 50/46/49 294/294/314
f 298/295/315 171/296/316 297/297/317
f 171/296/316 298/295/315 299/298/318
f 300/299/319 302/300/320 301/301/321
f 302/300/320 300/299/319 303/302/322
f 305/303/323 304/304/324 276/305/325
f 306/306/326 304/304/324 305/303/323
f 307/307/327 308/308/328 309/309/329
f 311/310/330 312/311/331 310/312/332
f 310/312/332 312/311/331 313/313/333
f 315/314/334 316/315/335 314/316/336
f 317/317/337 314/316/336 316/315/335
f 318/318/338 320/319/339 319/320/340
f 320/319/339 318/318/338 321/321/341
f 323/322/342 324/323/343 322/324/344
f 324/323/343 323/322/342 325/325/345
f 329/326/346 327/327/347 328/328/348
f 327/327/347 329/326/346 326/329/349
f 331/330/350 332/331/351 330/332/352
f 332/331/351 331/330/350 333/333/353
f 334/334/354 337/335/355 336/336/356
f 335/337/357 336/336/356 337/335/355
f 341/338/358 340/339/359 338/340/360
f 339/341/361 340/339/359 341/338/358
f 343/342/362 342/343/363 344/344/364
f 346/345/365 347/346/366 345/347/367
f 347/346/366 346/345/365 348/348/368
f 351/349/369 349/350/370 350/351/371
f 353/352/372 354/353/373 352/354/374
f 354/353/373 353/352/372 355/355/375
f 357/356/376 360/357/377 356/358/378
f 360/357/377 358/359/379 356/358/378
f 361/360/380 357/356/376 359/361/381
f 358/359/379 361/360/380 359/361/381
f 362/362/382 360/357/377 357/356/376
f 358/359/379 360/357/377 363/363/383
f 363/363/383 361/360/380 358/359/379
f 364/364/384 360/357/377 365/365/385
f 361/360/386 366/366/387 367/367/388
f 369/368/14 361/360/386 368/369/389
f 370/370/390 371/371/391 372/372/392
f 373/373/393 374/374/394 376/375/395
f 377/376/396 373/373/393 376/375/395
f 376/375/397 378/377/398 379/378/399
f 374/374/400 381/379/401 380/380/402
f 377/376/403 380/380/402 381/379/401
f 381/379/401 374/374/400 370/370/404
f 381/379/401 382/381/405 377/376/403
f 384/382/406 385/383/407 383/384/408
f 385/383/407 384/382/406 386/385/409
f 387/386/410 373/373/393 385/383/16
f 387/386/411 388/387/412 389/388/413
f 382/381/414 388/387/412 390/389/17
f 385/383/407 382/381/414 390/389/17
f 389/388/413 391/390/415 392/391/416
f 393/392/417 389/388/413 392/391/416
f 391/390/415 395/393/418 394/394/419
f 393/392/417 394/394/419 395/393/418
f 395/393/418 391/390/415 382/381/405
f 389/388/413 393/392/417 396/395/420
f 395/393/418 396/395/420 393/392/417
f 396/395/420 397/396/20 389/388/413
f 397/396/20 396/395/420 399/397/421
f 396/395/420 398/398/422 399/397/421
f 396/395/420 401/399/423 400/400/23
f 401/399/423 396/395/420 402/401/424
f 396/395/420 403/402/425 402/401/424
f 403/402/425 400/400/23 401/399/423
f 396/395/420 395/393/418 403/402/425
f 400/400/23 403/402/425 395/393/418
f 395/393/418 404/403/426 400/400/23
f 404/403/426 395/393/418 405/404/427
f 395/393/418 406/405/428 405/404/427
f 395/393/418 407/406/429 406/405/428
f 407/406/429 395/393/418 408/407/430
f 382/381/405 408/407/430 395/393/418
f 408/407/430 382/381/405 409/408/431
f 382/381/405 410/409/432 409/408/431
f 382/381/405 381/379/401 410/409/432
f 407/406/429 410/409/432 381/379/401
f 410/409/432 407/406/429 411/410/433
f 408/407/430 411/410/433 407/406/429
f 406/405/428 413/411/434 412/412/435
f 404/403/426 412/412/435 413/411/434
f 413/411/434 400/400/23 404/403/426
f 415/413/436 400/400/23 414/414/437
f 400/400/23 416/415/30 414/414/437
f 400/400/23 413/411/434 416/415/30
f 421/416/438 418/417/439 420/418/440
f 418/417/439 421/416/438 422/419/441
f 423/420/442 426/421/443 424/422/444
f 426/421/443 425/423/445 424/422/444
f 413/411/446 427/424/447 425/423/448
f 425/423/445 426/421/443 428/425/449
f 426/421/443 423/420/442 419/426/450
f 427/424/447 413/411/446 429/427/451
f 427/424/452 431/428/453 432/429/454
f 433/430/455 431/428/456 430/431/457
f 431/428/456 433/430/455 434/432/458
f 431/428/456 435/433/459 407/406/460
f 429/427/461 407/406/460 435/433/459
f 436/434/462 437/435/463 438/436/464
f 439/437/465 438/436/466 432/429/467
f 381/379/401 439/437/465 407/406/429
f 440/438/468 432/429/467 438/436/466
f 439/437/465 381/379/401 441/439/469
f 381/379/401 440/438/470 441/439/469
f 443/440/471 447/441/472 446/442/473
f 443/440/471 448/443/474 447/441/472
f 451/444/475 449/445/52 450/446/476
f 453/447/477 455/448/478 454/449/479
f 455/448/478 453/447/477 452/450/480
f 461/451/62 459/452/481 460/453/482
f 459/452/481 461/451/62 458/454/483
f 465/455/484 466/456/485 464/457/486
f 466/456/485 465/455/484 467/458/487
f 471/459/488 472/460/489 469/461/490
f 472/460/489 471/459/488 470/462/491
f 474/463/492 473/464/493 468/465/494
f 473/464/493 474/463/492 476/466/495
f 476/466/495 477/467/496 473/464/493
f 478/468/497 473/464/493 477/467/496
f 479/469/498 478/468/499 475/470/500
f 475/470/500 480/471/501 479/469/498
f 479/469/498 480/471/501 481/472/502
f 480/471/501 482/473/503 481/472/502
f 480/471/501 483/474/504 482/473/503
f 478/468/499 479/469/498 484/475/505
f 482/473/503 478/468/499 484/475/505
f 483/474/504 478/468/499 482/473/503
f 487/476/506 478/468/497 485/477/507
f 483/474/504 488/478/508 486/479/509
f 478/468/497 487/476/506 489/480/510
f 488/478/508 483/474/504 490/481/511
f 483/474/504 491/482/512 490/481/511
f 490/481/511 491/482/512 492/483/513
f 491/482/512 493/484/514 492/483/513
f 491/482/512 494/485/515 493/484/514
f 490/481/511 495/486/516 488/478/508
f 493/484/514 488/478/508 495/486/516
f 494/485/515 488/478/508 493/484/514
f 487/476/506 485/477/507 496/487/83
f 487/476/506 496/487/83 497/488/517
f 488/478/508 487/476/506 497/488/517
f 487/476/506 488/478/508 498/489/518
f 498/489/518 488/478/508 499/490/519
f 488/478/508 500/491/520 499/490/519
f 488/478/508 494/485/515 500/491/520
f 501/492/521 500/491/520 502/493/522
f 502/493/522 498/489/518 501/492/521
f 494/485/515 502/493/522 500/491/520
f 502/493/522 487/476/506 498/489/518
f 502/493/522 494/485/515 503/494/102
f 506/495/523 505/496/91 504/497/524
f 505/496/91 506/495/523 507/498/525
f 502/493/522 508/499/94 504/497/524
f 508/499/94 502/493/522 509/500/107
f 509/500/107 502/493/522 510/501/108
f 502/493/522 512/502/100 510/501/108
f 514/503/104 510/501/108 513/504/103
f 516/505/526 517/506/527 442/507/528
f 515/508/529 518/509/530 519/510/531
f 524/511/120 522/512/532 523/513/533
f 522/512/532 524/511/120 525/514/534
f 526/515/535 528/516/536 527/517/537
f 531/518/134 529/519/538 530/520/539
f 529/519/538 531/518/134 532/521/540
f 521/522/541 533/523/542 520/524/543
f 534/525/544 521/522/541 520/524/543
f 536/526/545 535/527/546 538/528/547
f 537/529/548 538/528/547 535/527/546
f 542/530/172 540/531/549 541/532/550
f 540/531/549 542/530/172 539/533/551
f 545/534/552 543/535/553 544/536/554
f 543/535/553 545/534/552 546/537/555
f 473/464/493 478/468/497 547/538/556
f 511/539/557 548/540/558 489/480/510
f 551/541/559 552/542/560 550/543/561
f 555/544/562 554/545/563 553/546/564
f 556/547/197 552/542/560 555/544/565
f 552/542/560 556/547/197 557/548/566
f 557/548/566 556/547/197 560/549/567
f 556/547/197 561/550/568 560/549/567
f 561/550/568 556/547/197 562/551/569
f 559/552/570 562/551/569 558/553/571
f 558/553/571 564/554/572 563/555/573
f 563/555/573 566/556/574 558/553/571
f 483/474/504 566/556/574 565/557/575
f 564/554/572 483/474/504 565/557/575
f 480/471/501 558/553/571 566/556/574
f 483/474/504 480/471/501 566/556/574
f 564/554/572 558/553/571 491/482/512
f 491/482/512 483/474/504 564/554/572
f 491/482/512 558/553/571 567/558/576
f 558/553/571 562/551/569 567/558/576
f 491/482/512 567/558/576 568/559/577
f 569/560/578 567/558/576 562/551/569
f 570/561/189 569/560/578 562/551/569
f 570/561/189 491/482/512 568/559/577
f 494/485/515 491/482/512 570/561/189
f 562/551/569 494/485/515 570/561/189
f 494/485/515 562/551/569 571/562/194
f 562/551/569 572/563/579 571/562/194
f 562/551/569 573/564/580 572/563/579
f 562/551/569 556/547/197 573/564/580
f 571/562/194 574/565/581 575/566/582
f 573/564/580 575/566/582 574/565/581
f 556/547/197 575/566/582 573/564/580
f 575/566/582 494/485/515 571/562/194
f 577/567/583 578/568/584 576/569/196
f 578/568/584 577/567/583 579/570/585
f 576/569/196 580/571/586 575/566/587
f 445/572/38 575/566/587 580/571/586
f 581/573/211 575/566/587 445/572/38
f 575/566/587 581/573/211 582/574/207
f 494/485/515 575/566/582 583/575/205
f 444/576/45 584/577/588 581/573/211
f 587/578/589 585/579/590 586/580/591
f 587/578/592 589/581/593 463/582/594
f 588/583/595 463/582/594 591/584/596
f 588/583/595 591/584/596 592/585/597
f 588/583/598 593/586/599 594/587/600
f 591/584/601 456/588/602 595/589/603
f 596/590/228 590/591/604 595/589/605
f 598/592/606 594/587/607 599/593/608
f 601/594/609 597/595/610 600/596/611
f 597/595/610 601/594/609 602/597/612
f 456/588/613 457/598/614 600/596/615
f 603/599/616 604/600/617 605/601/618
f 607/602/619 606/603/620 605/601/621
f 604/600/622 608/604/623 607/602/624
f 608/604/623 604/600/622 609/605/625
f 608/604/623 611/606/626 610/607/233
f 615/608/627 613/609/628 612/610/629
f 613/609/628 615/608/627 616/611/630
f 613/609/631 617/612/632 614/613/633
f 611/606/634 609/605/625 615/608/635
f 621/614/239 618/615/236 609/605/625
f 618/615/236 621/614/239 620/616/236
f 620/616/236 619/617/636 618/615/236
f 361/360/386 618/615/236 619/617/636
f 624/618/637 361/360/386 369/368/14
f 623/619/638 624/618/637 625/620/639
f 622/621/640 625/620/240 626/622/641
f 627/623/642 625/620/639 624/618/637
f 631/624/643 628/625/644 629/626/645
f 629/626/645 630/627/246 631/624/643
f 633/628/646 632/629/647 634/630/648
f 635/631/649 634/630/648 632/629/647
f 638/632/650 639/633/651 636/634/652
f 639/633/651 638/632/650 640/635/653
f 637/636/654 639/633/651 641/637/655
f 640/635/653 641/637/655 639/633/651
f 389/388/413 641/637/655 387/386/411
f 628/625/644 631/624/643 642/638/656
f 643/639/248 631/624/643 630/627/246
f 645/640/657 646/641/658 644/642/659
f 648/643/660 647/644/661 646/641/658
f 647/644/661 648/643/660 649/645/662
f 650/646/663 373/373/393 649/645/662
f 652/647/664 651/648/665 654/649/666
f 654/649/666 653/650/667 652/647/664
f 655/651/668 654/649/666 651/648/665
f 653/650/667 654/649/666 656/652/669
f 658/653/670 659/654/671 657/655/672
f 659/654/671 658/653/670 660/656/252
f 603/599/673 661/657/674 662/658/675
f 662/658/675 661/657/674 664/659/255
f 666/660/676 667/661/253 665/662/677
f 661/657/674 667/661/678 664/659/255
f 667/661/253 666/660/676 668/663/679
f 667/661/678 661/657/674 669/664/680
f 663/665/681 669/664/680 670/666/682
f 670/666/682 671/667/683 663/665/681
f 671/667/683 670/666/682 672/668/684
f 673/669/685 670/666/682 669/664/680
f 364/364/384 363/363/383 675/670/686
f 675/670/686 363/363/383 676/671/687
f 363/363/383 360/357/377 676/671/687
f 360/357/377 364/364/384 675/670/686
f 676/671/687 360/357/377 677/672/688
f 360/357/377 675/670/686 677/672/688
f 365/365/385 360/357/377 678/673/689
f 360/357/377 679/674/690 678/673/689
f 681/675/691 365/365/385 680/676/260
f 679/674/692 681/675/691 680/676/260
f 365/365/385 681/675/691 364/364/384
f 679/674/690 360/357/377 682/677/693
f 683/678/694 682/677/693 360/357/377
f 360/357/377 362/362/382 683/678/694
f 684/679/262 681/675/695 685/680/696
f 681/675/691 417/681/697 686/682/268
f 417/681/697 681/675/691 688/683/698
f 691/684/270 688/683/699 689/685/700
f 688/683/699 691/684/270 687/686/701
f 692/687/702 691/684/270 690/688/703
f 694/689/704 693/690/705 681/675/691
f 693/690/705 694/689/704 695/691/705
f 696/692/706 693/690/705 695/691/705
f 697/693/707 693/690/705 696/692/706
f 700/694/708 701/695/709 699/696/710
f 698/697/711 701/695/712 702/698/713
f 703/699/714 701/695/709 700/694/708
f 697/693/707 704/700/715 700/694/708
f 708/701/716 705/702/277 706/703/717
f 707/704/718 708/701/716 706/703/717
f 705/702/277 708/701/716 709/705/278
f 708/701/716 707/704/718 710/706/719
f 712/707/720 713/708/721 711/709/722
f 714/710/723 715/711/724 713/708/721
f 715/711/724 714/710/723 716/712/725
f 432/429/454 717/713/726 716/712/725
f 720/714/727 718/715/728 719/716/729
f 721/717/730 720/714/727 719/716/729
f 718/715/728 720/714/727 722/718/731
f 723/719/732 720/714/727 721/717/730
f 724/720/733 728/721/734 726/722/735
f 725/723/736 728/721/734 724/720/733
f 704/700/715 733/724/737 732/725/738
f 730/726/739 734/727/740 731/728/285
f 733/724/737 735/729/741 734/727/742
f 697/693/707 735/729/741 733/724/737
f 731/728/285 735/729/743 727/730/744
f 736/731/745 697/693/707 737/732/746
f 697/693/707 738/733/747 737/732/746
f 735/729/741 697/693/707 736/731/745
f 738/733/748 740/734/749 739/735/750
f 740/734/749 736/731/745 739/735/750
f 682/677/693 740/734/749 738/733/748
f 736/731/745 740/734/749 735/729/741
f 682/677/693 683/678/694 742/736/751
f 741/737/752 682/677/693 742/736/751
f 740/734/749 682/677/693 741/737/752
f 683/678/694 362/362/382 743/738/753
f 362/362/382 741/737/752 743/738/753
f 741/737/752 362/362/382 740/734/749
f 749/739/754 744/740/755 747/741/756
f 744/740/755 749/739/754 746/742/757
f 747/741/756 750/743/758 749/739/754
f 750/743/758 747/741/756 748/744/759
f 372/372/760 650/646/663 750/743/761
f 745/745/762 372/372/392 746/742/292
f 754/746/763 751/747/764 752/748/765
f 752/748/765 753/749/766 754/746/763
f 751/747/764 754/746/763 371/371/391
f 370/370/390 755/750/767 756/751/768
f 371/371/391 370/370/390 756/751/768
f 370/370/390 373/373/769 755/750/767
f 758/752/770 759/753/771 761/754/772
f 761/754/772 759/753/771 762/755/773
f 759/753/771 760/756/774 762/755/773
f 762/755/773 760/756/774 763/757/775
f 764/758/776 760/756/777 717/713/726
f 764/758/776 457/598/614 758/752/778
f 768/759/779 767/760/780 766/761/781
f 765/762/620 768/759/779 766/761/781
f 768/759/779 765/762/620 770/763/782
f 769/764/783 772/765/784 771/766/785
f 772/765/784 770/763/786 771/766/785
f 772/765/784 764/758/787 770/763/786
f 774/767/694 773/768/788 772/765/789
f 773/768/788 775/769/790 764/758/791
f 776/770/792 764/758/791 775/769/790
f 773/768/788 774/767/694 777/771/793
f 774/767/694 776/770/792 777/771/793
f 774/767/694 594/587/600 776/770/792
f 457/598/614 764/758/776 598/592/794
f 782/772/795 780/773/796 779/774/797
f 778/775/798 782/772/795 779/774/797
f 782/772/795 778/775/798 774/767/694
f 594/587/600 774/767/694 778/775/798
f 778/775/798 781/776/799 594/587/600
f 780/773/796 594/587/600 781/776/799
f 782/772/795 588/583/598 780/773/796
f 594/587/600 780/773/796 588/583/598
f 588/583/598 782/772/795 783/777/800
f 786/778/801 588/583/802 785/779/803
f 784/780/804 786/778/805 787/781/806
f 588/583/802 786/778/801 585/579/590
f 787/781/806 788/782/807 789/783/301
f 793/784/808 791/785/304 790/786/809
f 791/785/304 793/784/808 792/787/810
f 794/788/811 796/789/812 795/790/813
f 796/789/812 794/788/811 797/791/814
f 549/792/316 799/793/815 798/794/816
f 800/795/817 799/793/815 549/792/316
f 801/796/818 804/797/819 803/798/820
f 805/799/321 804/797/819 801/796/818
f 807/800/821 806/801/822 757/802/823
f 806/801/822 807/800/821 808/803/824
f 674/804/825 671/667/683 672/668/684
f 669/664/680 674/804/825 673/669/685
f 809/805/826 671/667/683 674/804/825
f 669/664/680 809/805/826 674/804/825
f 671/667/683 809/805/826 810/806/401
f 811/807/827 671/667/683 810/806/401
f 812/808/828 810/806/401 809/805/826
f 811/807/827 810/806/401 813/809/829
f 809/805/826 814/810/830 812/808/828
f 814/810/830 811/807/827 813/809/829
f 815/811/831 811/807/827 814/810/830
f 814/810/830 809/805/826 815/811/831
f 811/807/827 815/811/831 816/812/832
f 817/813/833 815/811/831 809/805/826
f 815/811/831 817/813/833 818/814/834
f 820/815/835 817/813/833 821/816/836
f 821/816/837 809/805/838 822/817/839
f 824/818/840 823/819/841 822/817/842
f 809/805/826 669/664/680 825/820/843
f 825/820/844 827/821/845 826/822/846
f 830/823/847 828/824/848 829/825/849
f 828/824/848 830/823/847 831/826/334
f 833/827/850 832/828/338 834/829/851
f 835/830/852 834/829/851 832/828/338
f 381/379/401 772/765/789 440/438/470
f 772/765/789 381/379/401 836/831/853
f 381/379/401 370/370/404 836/831/853
f 432/429/454 772/765/784 769/764/783
f 836/831/853 370/370/404 837/832/854
f 370/370/404 838/833/855 837/832/854
f 836/831/853 839/834/856 772/765/789
f 838/833/855 772/765/789 839/834/856
f 370/370/404 774/767/694 838/833/855
f 772/765/789 838/833/855 774/767/694
f 375/835/857 372/372/858 840/836/859
f 372/372/858 841/837/860 840/836/859
f 375/835/861 842/838/862 774/767/694
f 841/837/863 774/767/694 842/838/862
f 774/767/694 370/370/404 375/835/861
f 774/767/694 841/837/863 782/772/795
f 745/745/762 843/839/864 372/372/392
f 782/772/865 843/839/864 844/840/344
f 846/841/866 847/842/867 845/843/868
f 745/745/869 784/780/870 845/843/868
f 847/842/867 846/841/866 848/844/871
f 851/845/872 850/846/873 849/847/874
f 850/846/873 851/845/872 852/848/347
f 853/849/875 855/850/876 854/851/877
f 856/852/353 854/851/877 855/850/876
f 857/853/878 858/854/879 859/855/880
f 860/856/881 859/855/880 858/854/879
f 821/816/837 550/543/561 861/857/882
f 862/858/883 815/811/831 819/859/327
f 861/857/882 550/543/561 863/860/360
f 550/543/561 864/861/884 863/860/360
f 864/861/884 550/543/561 552/542/560
f 862/858/883 552/542/885 865/862/886
f 866/863/887 865/862/886 552/542/885
f 867/864/888 866/863/887 552/542/885
f 480/471/501 865/862/886 868/865/889
f 480/471/501 862/858/883 865/862/886
f 867/864/888 480/471/501 868/865/889
f 558/553/571 480/471/501 867/864/888
f 552/542/885 558/553/571 867/864/888
f 869/866/890 862/858/883 480/471/501
f 862/858/883 869/866/890 870/867/891
f 870/867/891 871/868/892 862/858/883
f 815/811/831 862/858/883 871/868/892
f 869/866/890 475/470/500 872/869/893
f 475/470/500 871/868/892 872/869/893
f 871/868/892 475/470/500 815/811/831
f 480/471/501 475/470/500 869/866/890
f 873/870/363 815/811/831 475/470/500
f 816/812/832 815/811/831 874/871/894
f 468/465/895 816/812/832 875/872/896
f 876/873/367 877/874/897 878/875/365
f 878/875/365 811/807/898 468/465/494
f 802/876/899 811/807/827 879/877/900
f 462/878/901 879/877/902 880/879/903
f 881/880/904 740/734/749 362/362/382
f 740/734/749 881/880/904 882/881/905
f 883/882/906 740/734/749 882/881/905
f 884/883/907 881/880/908 609/605/625
f 609/605/625 883/882/906 884/883/907
f 886/884/909 885/885/910 604/600/622
f 604/600/622 888/886/911 886/884/909
f 735/729/741 885/885/910 887/887/912
f 888/886/911 735/729/741 887/887/912
f 885/885/910 735/729/741 740/734/749
f 740/734/749 604/600/622 885/885/910
f 604/600/622 740/734/749 883/882/906
f 889/888/913 735/729/741 888/886/911
f 888/886/911 604/600/622 889/888/913
f 735/729/741 889/888/913 890/889/914
f 883/882/906 609/605/625 604/600/622
f 727/730/915 890/889/914 891/890/916
f 892/891/917 727/730/915 891/890/916
f 889/888/913 893/892/918 890/889/914
f 889/888/913 892/891/917 893/892/918
f 892/891/917 889/888/913 894/893/919
f 895/894/920 729/895/921 727/730/922
f 729/895/921 895/894/920 897/896/923
f 899/897/373 898/898/924 896/899/925
f 899/897/373 729/895/921 897/896/923
f 900/900/926 898/898/924 899/897/373
f 802/876/899 729/895/921 899/897/373
f 802/876/899 894/893/919 901/901/927
f 802/876/899 901/901/927 902/902/928
f 903/903/929 802/876/899 902/902/928
f 811/807/827 802/876/899 903/903/929
f 901/901/927 671/667/683 904/904/930
f 671/667/683 903/903/929 904/904/930
f 903/903/929 671/667/683 811/807/827
f 894/893/919 671/667/683 901/901/927
f 906/905/931 894/893/919 905/906/932
f 671/667/683 894/893/919 906/905/931
f 894/893/919 907/907/933 905/906/932
f 907/907/933 894/893/919 889/888/913
f 907/907/933 663/665/681 908/908/934
f 663/665/681 906/905/931 908/908/934
f 889/888/913 663/665/681 907/907/933
f 906/905/931 663/665/681 671/667/683
f 910/909/935 889/888/913 909/910/936
f 889/888/913 911/911/937 909/910/936
f 663/665/681 889/888/913 910/909/935
f 911/911/937 889/888/913 604/600/622
f 603/599/616 910/909/938 912/912/939
f 912/912/939 911/911/937 603/599/616
f 913/913/940 917/914/941 915/915/376
f 916/916/942 917/914/943 914/917/944
f 915/915/376 918/918/380 919/919/945
f 918/918/386 920/920/946 923/921/7
f 925/922/947 918/918/380 924/923/9
f 923/921/7 926/924/948 925/922/949
f 920/920/946 926/924/948 923/921/7
f 931/925/950 929/926/951 927/927/394
f 932/928/399 933/929/952 929/926/395
f 930/930/953 929/926/395 933/929/952
f 936/931/954 934/932/955 931/925/398
f 937/933/956 935/934/957 934/932/958
f 941/935/959 935/934/957 940/936/960
f 940/936/960 942/937/961 939/938/406
f 943/939/412 942/937/961 940/936/960
f 940/936/960 935/934/957 944/940/962
f 935/934/957 937/933/956 944/940/962
f 949/941/416 946/942/963 947/943/964
f 948/944/965 949/941/416 947/943/964
f 946/942/963 949/941/416 945/945/966
f 950/946/967 949/941/416 948/944/965
f 948/944/965 941/935/959 951/947/968
f 941/935/959 953/948/969 952/949/970
f 951/947/968 941/935/959 954/950/971
f 958/951/972 956/952/973 957/953/974
f 956/952/973 958/951/972 959/954/975
f 963/955/976 960/946/977 961/956/978
f 962/945/979 963/955/976 961/956/978
f 960/946/977 963/955/976 964/944/980
f 963/955/976 962/945/979 965/942/981
f 970/957/982 967/958/983 968/959/431
f 968/959/431 969/960/432 970/957/982
f 967/958/983 970/957/982 971/961/984
f 970/957/982 969/960/432 972/962/985
f 973/963/446 962/945/986 966/964/987
f 975/965/30 976/966/31 974/967/436
f 955/968/988 974/967/436 976/966/31
f 976/966/31 975/965/30 973/963/446
f 979/969/989 976/966/31 978/970/990
f 976/966/31 977/971/991 978/970/990
f 977/971/991 980/972/992 979/969/989
f 976/966/31 979/969/989 980/972/992
f 980/972/992 977/971/991 981/973/993
f 976/966/31 981/973/993 977/971/991
f 981/973/993 976/966/31 982/974/442
f 973/963/446 982/974/442 976/966/31
f 981/973/993 982/974/442 983/975/994
f 984/976/995 981/973/993 983/975/994
f 981/973/993 984/976/995 985/977/452
f 984/976/445 986/978/996 973/963/446
f 982/974/442 973/963/446 986/978/996
f 966/964/987 988/939/451 973/963/446
f 988/939/451 989/937/997 985/977/447
f 990/979/453 985/977/447 989/937/997
f 966/964/987 991/980/998 990/979/456
f 992/933/999 993/940/1000 990/979/456
f 988/939/1001 994/981/1002 987/936/1003
f 991/980/998 966/964/987 997/930/1004
f 997/930/1005 999/982/1006 995/929/1007
f 999/982/1006 998/927/470 996/925/1008
f 999/982/1006 997/930/1005 1000/983/1009
f 1000/983/1009 998/927/470 999/982/1006
f 1001/984/36 1007/985/1010 1006/986/474
f 1007/985/1010 1001/984/36 1005/987/1011
f 1008/988/46 1002/989/37 1004/990/473
f 1005/987/40 1009/991/44 1008/988/1012
f 1010/992/50 1009/991/44 1005/987/40
f 1003/993/38 1012/994/1013 1011/995/54
f 1011/995/54 1012/994/1013 1013/996/1014
f 1012/994/1013 1014/997/1015 1013/996/1014
f 1014/997/1015 1012/994/1013 1015/998/49
f 1010/992/1016 1011/995/54 1016/999/1017
f 1016/999/1017 1014/997/1015 1010/992/1016
f 1020/1000/56 1019/1001/1018 1018/1002/1019
f 1019/1001/1018 1020/1000/56 1021/1003/57
f 1023/1004/1020 1021/1003/1021 1024/1005/150
f 1024/1005/150 1017/1006/480 1023/1004/1020
f 1022/1007/1022 1024/1005/150 1021/1003/1021
f 1025/1008/1023 1026/1009/1024 1027/1010/1025
f 1028/1011/1026 1027/1010/1025 1026/1009/1024
f 1026/1009/1024 1025/1008/1023 1029/1012/61
f 1030/1013/483 1029/1012/61 1025/1008/1023
f 1028/1011/1026 1026/1009/1024 1031/1014/481
f 1030/1013/483 1028/1011/1026 1031/1014/481
f 1032/1015/1027 1028/1011/1026 1030/1013/483
f 1025/1008/1023 1032/1015/1027 1030/1013/483
f 1025/1008/1023 1034/1016/1028 1033/1017/1029
f 1032/1015/1027 1035/1018/1030 1028/1011/1026
f 1036/1019/1031 1028/1011/1026 1035/1018/1030
f 1035/1018/1030 1032/1015/1027 1037/1020/1032
f 1036/1019/1031 1035/1018/1030 1038/1021/1033
f 1039/1022/67 1036/1019/1031 1038/1021/1033
f 1032/1015/1027 1039/1022/67 1037/1020/1032
f 1036/1019/1031 1039/1022/67 1040/1023/1034
f 1032/1015/1027 1040/1023/1034 1039/1022/67
f 1040/1023/1034 1041/1024/1035 1036/1019/1031
f 1042/1025/1036 1036/1019/1031 1041/1024/1035
f 1041/1024/1035 1040/1023/1034 1043/1026/1037
f 1042/1025/1036 1041/1024/1035 1044/1027/1038
f 1045/1028/73 1042/1025/1036 1044/1027/1038
f 1040/1023/1034 1045/1028/73 1043/1026/1037
f 1046/1029/1039 1042/1025/1036 1045/1028/73
f 1040/1023/1034 1046/1029/1039 1045/1028/73
f 1048/1030/1040 1042/1025/1041 1047/1031/1042
f 1049/1032/1043 1051/1033/1044 1050/1034/1045
f 1051/1033/1044 1049/1032/1043 1052/1035/496
f 1047/1031/1042 1046/1029/1046 1053/1036/74
f 1048/1030/1040 1051/1033/1044 1055/1037/1047
f 1054/1038/1048 1057/1039/502 1056/1040/1049
f 1056/1040/1049 1057/1039/502 1059/1041/1050
f 1057/1039/502 1058/1042/503 1059/1041/1050
f 1059/1041/1050 1058/1042/503 1060/1043/298
f 1066/1044/1051 1063/1045/511 1064/1046/513
f 1066/1044/1051 1064/1046/513 1065/1047/514
f 1065/1047/514 1067/1048/1052 1066/1044/1051
f 1061/1049/1053 1069/1050/1054 1068/1051/1055
f 1061/1049/1056 1055/1037/1047 1071/1052/1057
f 1062/1053/1058 1069/1050/1054 1070/1054/1059
f 1069/1050/1054 1062/1053/1058 1072/1055/1060
f 1076/1056/1061 1074/1057/519 1075/1058/520
f 1075/1058/520 1077/1059/1062 1076/1056/1061
f 1073/1060/1063 1081/1061/92 1078/1062/1064
f 1073/1060/1065 1083/1063/1066 1082/1064/525
f 1083/1063/1066 1085/1065/1067 1084/1066/1068
f 1085/1065/1069 1078/1062/1064 1081/1061/92
f 1073/1060/1065 1086/1067/1070 1083/1063/1066
f 1086/1067/1070 1085/1065/1067 1083/1063/1066
f 1086/1067/1070 1073/1060/1065 1087/1068/180
f 1079/1069/102 1088/1070/101 1080/1071/1071
f 1094/1072/1072 1091/1073/1073 1092/1074/1074
f 1093/1075/1075 1094/1072/1072 1092/1074/1074
f 1094/1072/1072 1093/1075/1075 1095/1076/1076
f 1090/1073/109 1097/1077/1077 1096/1078/530
f 1097/1077/1077 1090/1073/109 1098/1079/116
f 1097/1077/1077 1098/1079/116 1099/1075/1078
f 1102/1080/532 1100/1081/1079 1089/1082/1080
f 1105/988/1081 1102/1080/532 1104/990/1082
f 1102/1080/532 1105/988/1081 1107/1083/125
f 1103/985/1083 1107/1083/125 1106/987/124
f 1108/1084/1084 1100/1081/1085 1103/985/1086
f 1086/1067/1070 1109/1085/535 1085/1065/1067
f 1111/1086/1087 1109/1085/1088 1110/999/1089
f 1109/1085/1088 1111/1086/1087 1108/1084/1084
f 1109/1085/535 1086/1067/1070 1112/1087/1090
f 1113/1088/1091 1112/1087/1090 1086/1067/1070
f 1086/1067/1070 1114/1089/1092 1113/1088/1091
f 1114/1089/1093 1117/1001/1094 1116/1002/539
f 1118/1006/1095 1119/1004/1096 1115/1090/1097
f 1117/1001/1098 1119/1004/1099 1120/1003/135
f 1115/1090/1097 1119/1004/1096 1121/1091/1100
f 1122/1092/1101 1108/1084/1084 1115/1090/1102
f 1124/1093/1103 1127/1094/1104 1126/1095/1105
f 1127/1094/1104 1124/1093/1103 1128/1096/142
f 1128/1096/142 1125/1097/1106 1127/1094/1104
f 1125/1097/1106 1128/1096/142 1123/1098/1107
f 1130/1099/1108 1131/1100/544 1129/1101/144
f 1101/1102/1109 1131/1100/544 1132/1103/1110
f 1131/1100/544 1130/1099/1108 1132/1103/1110
f 1136/1093/147 1134/1104/1111 1133/1095/1112
f 1134/1104/1111 1136/1093/147 1137/1105/1113
f 1137/1105/1113 1138/1098/1114 1134/1104/1111
f 1134/1104/1111 1138/1098/1114 1135/1097/1115
f 1141/1106/1116 1140/1107/1117 1143/1108/153
f 1143/1108/153 1142/1109/1118 1141/1106/1116
f 1139/1110/152 1143/1108/153 1140/1107/1117
f 1142/1109/1118 1143/1108/153 1144/1111/154
f 1147/1112/1119 1122/1092/1101 1117/1001/1120
f 1145/1113/1121 1148/1114/1122 1146/1115/1123
f 1150/1116/1124 1149/1117/1125 1148/1114/1122
f 1148/1114/1122 1145/1113/1121 1150/1116/1124
f 1149/1117/1125 1150/1116/1124 1151/1118/1126
f 1152/1119/546 1153/1120/1127 1155/1121/1128
f 1033/1017/1029 1034/1016/1028 1154/1122/1129
f 1034/1016/594 1147/1112/1119 1155/1121/1130
f 1032/1015/1131 1033/1017/1132 1156/1123/1133
f 1040/1023/1034 1032/1015/1027 1157/1124/1134
f 1157/1124/1134 1147/1112/1119 1158/1125/170
f 1147/1112/1119 1159/1126/1135 1158/1125/170
f 1040/1023/1034 1157/1124/1134 1160/1127/549
f 1159/1126/168 1040/1023/1034 1160/1127/549
f 1040/1023/1034 1159/1126/168 1114/1089/1092
f 1114/1089/1092 1161/1128/1136 1040/1023/1034
f 1046/1029/1039 1040/1023/1034 1161/1128/1136
f 1161/1128/1136 1114/1089/1092 1162/1129/173
f 1114/1089/1092 1163/1130/174 1162/1129/173
f 1114/1089/1092 1086/1067/1070 1163/1130/174
f 1046/1029/1039 1163/1130/174 1086/1067/1070
f 1046/1029/1039 1161/1128/1136 1164/1131/1137
f 1163/1130/174 1046/1029/1039 1164/1131/1137
f 1086/1067/1070 1087/1068/180 1166/1132/1138
f 1165/1133/1139 1087/1068/557 1167/1134/1140
f 1087/1068/557 1055/1037/1047 1167/1134/1140
f 1168/1135/1141 1086/1067/1070 1166/1132/1138
f 1086/1067/1070 1168/1135/1141 1046/1029/1039
f 1169/1136/1142 1012/994/1013 1170/1137/559
f 1171/1138/1143 1170/1137/559 1172/1133/1144
f 1170/1137/559 1012/994/1013 1173/1139/183
f 1174/1140/181 1171/1138/1143 1172/1133/1144
f 1012/994/1013 1174/1140/181 1173/1139/183
f 1012/994/1013 1175/1141/197 1174/1140/181
f 1178/1142/1145 1171/1138/560 1177/1143/1146
f 1177/1143/1146 1179/1053/1147 1178/1142/1145
f 1177/1143/566 1180/1144/567 1176/1052/1148
f 1181/1145/187 1176/1052/1148 1180/1144/567
f 1183/1146/569 1179/1053/1149 1182/1055/1150
f 1190/1147/573 1187/1148/1151 1188/1149/1152
f 1189/1150/1153 1190/1147/573 1188/1149/1152
f 1187/1148/1151 1190/1147/573 1191/1151/572
f 1192/1152/574 1190/1147/573 1189/1150/1153
f 1186/1153/1154 1193/1045/1155 1194/1154/1156
f 1193/1045/1155 1186/1153/1154 1184/1155/1157
f 1186/1153/1154 1194/1154/1156 1195/1047/1158
f 1185/1156/1159 1196/1157/1160 1197/1158/1161
f 1197/1158/1161 1198/1159/195 1185/1156/1159
f 1199/1160/582 1175/1141/197 1200/1161/201
f 1175/1141/197 1202/1162/203 1201/1163/198
f 1175/1141/197 1012/994/1013 1202/1162/203
f 1203/1164/586 1202/1162/203 1003/993/38
f 1012/994/1013 1003/993/38 1202/1162/203
f 1206/1165/1162 1204/1166/1163 1205/1167/1164
f 1017/1006/480 1024/1005/150 1010/992/1016
f 1211/1168/1165 1207/1113/1166 1208/1169/1167
f 1208/1169/1167 1209/1118/214 1211/1168/1165
f 1212/1117/1168 1211/1168/1165 1209/1118/214
f 1207/1113/1166 1211/1168/1165 1213/1115/1169
f 1215/1170/1170 1214/1171/1171 1217/1172/1172
f 1217/1172/1172 1216/1173/1173 1215/1170/1170
f 1218/1174/1174 1217/1172/1172 1214/1171/1171
f 1216/1173/1173 1217/1172/1172 1219/1175/219
f 1222/1176/1175 1221/1177/1176 1225/1178/225
f 1225/1178/225 1223/1179/1177 1222/1176/1175
f 1220/1180/1178 1225/1178/225 1221/1177/1176
f 1223/1179/1177 1225/1178/225 1226/1181/224
f 1025/1008/1023 1224/1182/607 1223/1179/1177
f 1034/1016/1028 1025/1008/1023 1221/1177/601
f 1224/1182/607 1229/1183/611 1228/1184/608
f 1229/1183/611 1224/1182/607 1025/1008/1023
f 1227/1185/794 1230/1186/1179 1027/1010/1180
f 1229/1183/229 1027/1010/1180 1230/1186/1179
f 1236/1187/618 1235/1188/1181 1239/1189/1182
f 1240/1190/1183 1242/1191/1184 1238/1192/1185
f 1241/1193/625 1243/1194/626 1240/1190/623
f 1243/1194/626 1236/1187/618 1242/1191/1186
f 1237/1195/1187 1244/1196/1188 1236/1187/1189
f 1236/1187/618 1243/1194/626 1234/1197/1190
f 1246/1198/1191 1245/1199/635 1241/1193/625
f 1241/1193/625 1247/1200/1192 1246/1198/1191
f 1247/1200/1192 1241/1193/625 1248/1201/236
f 1247/1200/1192 1250/1202/1193 1249/1203/1194
f 1250/1202/1193 1245/1199/635 1249/1203/1194
f 1248/1201/236 1250/1202/1193 1247/1200/1192
f 1245/1199/635 1250/1202/1193 1243/1194/626
f 919/919/945 1251/1204/636 1252/1205/1195
f 1252/1205/1195 1253/1206/1196 919/919/945
f 1241/1193/625 919/919/945 1253/1206/1196
f 1251/1204/636 919/919/945 918/918/380
f 1248/1201/236 918/918/386 1254/1207/1197
f 1254/1207/1197 918/918/386 1255/1208/1198
f 918/918/386 1256/1209/1199 1255/1208/1198
f 1256/1209/637 1258/1210/1200 1257/1211/1201
f 1258/1210/1200 1254/1207/1197 1257/1211/1201
f 926/924/1202 1258/1210/1200 1256/1209/637
f 1254/1207/1197 1258/1210/1200 1248/1201/236
f 1261/1212/1203 1258/1210/1200 1262/1213/649
f 1258/1210/1200 1260/1214/1204 1262/1213/649
f 1260/1214/1204 1263/1215/1205 1261/1212/1203
f 1263/1215/1205 1258/1210/1200 1261/1212/1203
f 1258/1210/1200 926/924/1202 1260/1214/1204
f 926/924/1202 1263/1215/1205 1260/1214/1204
f 1264/1216/652 1258/1210/1200 1263/1215/1205
f 1263/1215/1205 941/935/959 1264/1216/652
f 1264/1216/652 941/935/959 1265/1217/1206
f 941/935/959 1266/1218/1207 1265/1217/1206
f 1258/1210/1200 1264/1216/652 1267/1219/651
f 1266/1218/654 1258/1210/1200 1267/1219/651
f 938/1220/1208 1258/1210/1200 1266/1218/654
f 1258/1210/1200 938/1220/1208 1269/1221/656
f 1269/1221/656 1248/1201/236 1258/1210/1200
f 1248/1201/236 1269/1221/656 1259/1222/643
f 1269/1221/656 938/1220/1208 1268/1223/1209
f 1259/1222/643 1270/1224/248 1248/1201/236
f 938/1220/1208 1270/1224/248 1268/1223/1209
f 1250/1202/1193 1248/1201/236 1270/1224/248
f 1270/1224/248 938/1220/1208 1250/1202/1193
f 1271/1225/1210 1250/1202/1193 938/1220/1208
f 1250/1202/1193 1271/1225/1210 1272/1226/658
f 1272/1226/658 1273/1227/661 1250/1202/1193
f 1271/1225/1210 934/932/1211 1274/1228/1212
f 934/932/1211 1273/1227/661 1274/1228/1212
f 938/1220/1208 934/932/1211 1271/1225/1210
f 1275/1229/1213 1250/1202/1193 1273/1227/661
f 934/932/1211 1275/1229/1213 1273/1227/661
f 1250/1202/1193 1275/1229/1213 1276/1230/665
f 1276/1230/665 1243/1194/626 1250/1202/1193
f 1276/1230/665 1275/1229/1213 1277/1231/1214
f 1243/1194/626 1276/1230/665 1278/1232/1215
f 1278/1232/1215 1279/1233/667 1243/1194/626
f 1275/1229/1213 1279/1233/667 1277/1231/1214
f 1280/1234/1216 1243/1194/626 1279/1233/667
f 1275/1229/1213 1280/1234/1216 1279/1233/667
f 1243/1194/626 1280/1234/1216 1281/1235/1217
f 1234/1197/1190 1243/1194/626 1281/1235/1217
f 1281/1235/1217 1280/1234/1216 1282/1236/249
f 1281/1235/1217 1283/1237/1218 1234/1197/1190
f 1283/1237/1218 1284/1238/250 1234/1197/1190
f 1280/1234/1216 1284/1238/250 1282/1236/249
f 1285/1239/674 1234/1197/1190 1284/1238/250
f 1280/1234/1216 1285/1239/674 1284/1238/250
f 1286/1240/1219 1287/1241/1220 1234/1197/1190
f 1287/1241/1220 1286/1240/1219 1288/1242/1221
f 1289/1243/253 1287/1241/1220 1288/1242/1221
f 1290/1244/680 1287/1241/1220 1289/1243/253
f 1292/1245/682 1294/1246/1222 1291/1247/1223
f 1294/1246/1222 1292/1245/682 1295/1248/1224
f 1295/1248/1224 1296/1249/825 1294/1246/1222
f 1294/1246/1222 1296/1249/825 1293/1250/1225
f 1297/1251/1226 1298/1252/1227 921/1253/1228
f 1298/1252/1227 1297/1251/1226 1299/1254/1229
f 1301/1255/1230 1300/917/1231 1303/1256/689
f 1303/1256/689 1302/913/1232 1301/1255/1230
f 922/916/1233 1303/1256/689 1300/917/1231
f 1302/913/1232 1303/1256/689 1304/915/259
f 1307/1257/1234 980/972/992 1309/1258/1235
f 980/972/992 1308/1259/1236 1309/1258/1235
f 980/972/992 1305/1260/1237 1308/1259/1236
f 1305/1260/1237 980/972/992 1310/1261/701
f 1305/1260/1237 1310/1261/701 1311/1262/1238
f 1312/1263/1239 1305/1260/1237 1311/1262/1238
f 1310/1261/701 981/973/993 1313/1264/1240
f 1312/1263/1239 1313/1264/1240 981/973/993
f 981/973/993 1310/1261/701 980/972/992
f 1305/1260/1237 1312/1263/1239 1314/1265/1241
f 981/973/993 1314/1265/1241 1312/1263/1239
f 1315/1266/1242 1314/1265/1243 1318/1267/1244
f 1319/1205/1245 1320/1268/1246 1317/1269/1247
f 1320/1268/1248 1318/1267/1244 1314/1265/1243
f 1320/1268/1246 1319/1205/1245 1321/1206/275
f 1322/1270/1249 1324/1271/1250 1323/1272/1251
f 1325/1273/1252 1322/1270/1249 1323/1272/1251
f 1324/1271/1253 1327/1274/1254 1326/1275/1255
f 1325/1273/1256 1326/1275/1255 1327/1274/1254
f 1327/1274/1254 1324/1271/1253 1314/1265/1241
f 1327/1274/1254 1328/1276/1257 1325/1273/1256
f 1314/1265/1241 1329/1277/1258 1327/1274/1254
f 1329/1277/1258 1314/1265/1241 1330/1278/1259
f 1314/1265/1241 1331/1279/718 1330/1278/1259
f 1314/1265/1241 981/973/993 1331/1279/718
f 1331/1279/718 985/977/452 1332/1280/1260
f 1329/1277/1258 1332/1280/1260 985/977/452
f 985/977/452 1331/1279/718 981/973/993
f 985/977/452 1327/1274/1254 1329/1277/1258
f 1327/1274/1254 985/977/452 1333/1281/722
f 1327/1274/1254 1333/1281/722 1335/1282/724
f 1336/1283/725 1327/1274/1254 1335/1282/724
f 1327/1274/1254 1336/1283/725 1337/1284/726
f 1333/1281/722 991/980/998 1338/1285/1261
f 1336/1283/725 1338/1285/1261 991/980/998
f 1338/1285/1262 1334/1227/1263 1339/1228/1264
f 991/980/998 1333/1281/722 985/977/452
f 1328/1276/1257 1342/1286/1265 1341/1287/1266
f 1343/1288/1267 1328/1276/1257 1341/1287/1266
f 1342/1286/1265 1337/1284/726 1340/1289/1268
f 1343/1288/1267 1340/1289/1268 1337/1284/726
f 1328/1276/1257 1327/1274/1254 1342/1286/1265
f 1337/1284/726 1342/1286/1265 1327/1274/1254
f 1344/1290/1269 1328/1276/1257 1343/1288/1267
f 1337/1284/726 1344/1290/1269 1343/1288/1267
f 1346/1291/1270 1344/1290/1269 1345/1292/280
f 1347/1293/736 1345/1292/280 1344/1290/1269
f 1344/1290/1269 1346/1291/1270 1328/1276/1257
f 1349/1294/1271 1346/1291/1272 1348/1295/1273
f 1347/1293/736 1349/1294/1271 1348/1295/1273
f 1344/1290/1269 1350/1296/1274 1347/1293/736
f 1350/1296/1274 1349/1294/1271 1347/1293/736
f 1328/1276/1275 1349/1294/1276 1351/1195/1277
f 1351/1195/1277 1352/1196/284 1328/1276/1275
f 1353/1192/1278 1328/1276/1275 1352/1196/284
f 1328/1276/1275 1353/1192/1278 1322/1270/1279
f 1355/1297/1280 1353/1192/1281 1354/1189/1282
f 1354/1189/1282 1351/1195/1283 1355/1297/1280
f 1322/1270/1284 1356/1298/1285 1357/1299/1286
f 1357/1299/1287 1361/1300/1288 1359/1301/1289
f 1360/1302/747 1361/1300/1288 1358/1303/1290
f 1361/1300/1288 1357/1299/1287 1362/1304/1291
f 1362/1304/1291 1358/1303/1290 1361/1300/1288
f 1306/1305/694 1365/1306/1292 1316/1307/1293
f 1363/1308/1294 1365/1306/1292 1364/1309/752
f 1365/1306/1292 1306/1305/694 1366/1310/753
f 1366/1310/753 1364/1309/752 1365/1306/1292
f 1367/1311/1295 1280/1234/1216 1368/1312/755
f 1369/1313/1296 1368/1312/755 1280/1234/1216
f 1280/1234/1216 1370/1314/1297 1369/1313/1296
f 1370/1314/1297 1280/1234/1216 1275/1229/1213
f 1372/1315/1298 1368/1312/755 1371/1316/1299
f 1370/1314/1300 1372/1315/1298 1371/1316/1299
f 1372/1315/1298 1367/1311/1295 1368/1312/755
f 1372/1315/1298 1275/1229/1213 1373/1317/1301
f 1375/1318/1302 1374/1319/765 1275/1229/1213
f 1275/1229/1213 934/932/1211 1375/1318/1302
f 1377/1320/767 1376/1321/1303 1375/1318/1304
f 1375/1318/1304 936/931/954 1378/1322/1305
f 936/931/954 1373/1317/739 1378/1322/1305
f 1027/1010/1025 1344/1290/1269 1379/1323/778
f 1379/1323/778 1344/1290/1269 1380/1324/771
f 1344/1290/1269 1381/1325/777 1380/1324/771
f 1344/1290/1269 1337/1284/726 1381/1325/777
f 1381/1325/777 1382/1326/776 1383/1327/295
f 1379/1323/778 1383/1327/295 1382/1326/776
f 1337/1284/726 1386/1320/783 1385/1321/1306
f 1387/1328/786 1337/1284/726 1385/1321/1306
f 1382/1326/776 1337/1284/726 1387/1328/786
f 1387/1328/786 1384/1317/1307 1388/1322/1305
f 1388/1322/1305 1386/1320/1308 1389/1329/785
f 1389/1329/785 1387/1328/786 1388/1322/1305
f 1382/1326/776 1390/1330/1309 1392/1331/1310
f 1392/1331/1311 1394/1332/1312 1391/1333/1313
f 1394/1332/1312 1395/1334/1314 1393/1335/1315
f 1394/1332/1312 1392/1331/1311 1396/1336/793
f 1396/1336/793 1395/1334/1314 1394/1332/1312
f 1224/1182/607 1382/1326/776 1395/1334/1316
f 1224/1182/607 1227/1185/1317 1382/1326/776
f 1400/1337/798 1399/1338/1318 1397/1339/1319
f 1399/1338/1318 1400/1337/798 1402/1340/797
f 1401/1341/1320 1399/1338/1318 1403/1342/796
f 1402/1340/797 1403/1342/796 1399/1338/1318
f 1404/1179/1321 1407/1343/806 1406/1181/298
f 1408/1180/1322 1407/1343/1323 1405/1177/805
f 1409/1344/301 1406/1181/298 1407/1343/806
f 1410/1345/1324 1398/1346/1325 1406/1181/1326
f 1210/1347/220 1410/1345/1327 1408/1180/1328
f 1410/1345/1327 1210/1347/220 1411/1348/1329
f 1411/1348/1329 1210/1347/220 1413/1120/307
f 1412/1349/1330 1411/1348/1331 1414/1350/809
f 1415/1017/1332 1414/1350/809 1411/1348/1331
f 1210/1347/220 1416/1119/1333 1413/1120/307
f 1414/1350/809 1415/1017/1332 1417/1123/1334
f 1210/1347/220 1022/1007/1022 1416/1119/1333
f 1418/1351/310 1419/1352/1335 1412/1349/302
f 1419/1352/1335 1418/1351/310 1420/1353/813
f 1421/1354/1336 1419/1352/1335 1420/1353/813
f 1422/1355/1337 1418/1351/310 1022/1007/1022
f 1022/1007/1022 1421/1354/314 1422/1355/1337
f 1015/998/49 1419/1352/1335 1421/1354/1336
f 1419/1352/1335 1015/998/49 1423/1356/1338
f 1169/1136/1142 1419/1352/1335 1423/1356/1338
f 1169/1136/1142 1423/1356/1338 1424/1357/815
f 1425/1358/315 1423/1356/1338 1015/998/49
f 1426/1359/1339 1169/1136/1142 1424/1357/815
f 1015/998/49 1426/1359/1339 1425/1358/315
f 1012/994/1013 1169/1136/1142 1426/1359/1339
f 1426/1359/1339 1015/998/49 1012/994/1013
f 1428/1360/321 1429/1361/1340 1427/1362/1341
f 1429/1361/1340 1430/1363/1342 1427/1362/1341
f 1430/1363/1342 1028/1011/1026 1431/1364/1343
f 1428/1360/1344 1431/1364/1343 1028/1011/1026
f 1028/1011/1026 1430/1363/1342 1350/1296/1274
f 1028/1011/1026 1036/1019/1031 1428/1360/1344
f 1432/1365/324 1350/1296/1274 1433/1366/1345
f 1350/1296/1274 1434/1367/1346 1433/1366/1345
f 1350/1296/1274 1432/1365/324 1028/1011/1026
f 1350/1296/1274 1344/1290/1269 1434/1367/1346
f 1027/1010/1025 1432/1365/324 1435/1368/1347
f 1434/1367/1346 1027/1010/1025 1435/1368/1347
f 1432/1365/324 1027/1010/1025 1028/1011/1026
f 1027/1010/1025 1434/1367/1346 1344/1290/1269
f 1441/1369/1348 1439/1370/401 1440/1371/1349
f 1439/1370/401 1441/1369/1348 1437/1372/1350
f 1440/1371/1349 1442/1373/1351 1441/1369/1348
f 1441/1369/1348 1442/1373/1351 1443/1374/1352
f 1446/1375/833 1450/1376/328 1447/1377/1353
f 1449/1378/1354 1450/1376/1355 1448/1379/1356
f 1450/1376/328 1446/1375/833 1451/1380/1357
f 1436/1381/838 1452/1382/837 1446/1375/833
f 1453/1383/839 1436/1381/838 1455/1384/1358
f 1436/1381/838 1456/1385/1359 1455/1384/1358
f 1456/1385/1359 1457/1386/331 1454/1387/1360
f 1459/1388/1361 1453/1383/1362 1458/1389/333
f 1290/1244/1363 1459/1388/1361 1456/1385/844
f 1453/1383/1362 1459/1388/1361 1452/1382/836
f 1459/1388/1361 1290/1244/1363 1460/1390/848
f 1460/1390/848 1290/1244/1363 1461/1391/1364
f 1290/1244/1363 1462/1392/1365 1461/1391/1364
f 1462/1392/1365 1290/1244/1363 1285/1239/674
f 1464/1393/1366 1460/1390/848 1463/1394/337
f 1462/1392/1365 1464/1393/1366 1463/1394/337
f 1464/1393/1366 1459/1388/1361 1460/1390/848
f 1285/1239/674 1464/1393/1366 1462/1392/1365
f 1466/1395/340 1285/1239/674 1465/1396/1367
f 1464/1393/1366 1285/1239/674 1466/1395/340
f 1285/1239/674 1467/1397/1368 1465/1396/1367
f 1467/1397/1368 1285/1239/674 1280/1234/1216
f 1467/1397/1368 1367/1311/1295 1468/1398/1369
f 1367/1311/1295 1466/1395/340 1468/1398/1369
f 1280/1234/1216 1367/1311/1295 1467/1397/1368
f 1466/1395/340 1367/1311/1295 1464/1393/1366
f 1390/1330/784 991/980/998 998/927/470
f 1337/1284/726 991/980/998 1386/1320/783
f 1470/1399/1370 1471/1400/854 1469/1401/1294
f 1469/1401/1294 1471/1400/854 1473/1402/1371
f 1474/1403/1372 1471/1400/854 1472/1404/1373
f 1471/1400/854 1474/1403/1372 1473/1402/1371
f 1478/1405/859 1476/1406/1374 1475/1333/1375
f 1478/1405/859 1477/1335/1376 1476/1406/1374
f 928/1331/857 1478/1405/859 1475/1333/1375
f 1477/1335/1376 1478/1405/859 1479/1334/1377
f 1481/1407/1378 1483/1186/1379 1484/1408/1380
f 1398/1346/1325 1482/1409/345 1480/1410/1381
f 1481/1407/1378 1398/1346/1325 1480/1410/1381
f 1372/1315/1298 1398/1346/1325 1481/1407/1378
f 1482/1409/345 1398/1346/1325 1410/1345/1324
f 1367/1311/1295 1410/1345/1327 1485/1411/1382
f 1485/1411/1382 1464/1393/1366 1367/1311/1295
f 1464/1393/1366 1485/1411/1382 1486/1412/1383
f 1487/1413/1384 1464/1393/1366 1486/1412/1383
f 1485/1411/1382 1410/1345/1327 1488/1414/346
f 1410/1345/1327 1487/1413/1384 1488/1414/346
f 1410/1345/1327 1412/1349/302 1487/1413/1384
f 1412/1349/302 1464/1393/1366 1487/1413/1384
f 1464/1393/1366 1412/1349/302 1489/1415/1385
f 1459/1388/1361 1464/1393/1366 1489/1415/1385
f 1489/1415/1385 1412/1349/302 1490/1416/350
f 1489/1415/1385 1491/1417/1386 1459/1388/1361
f 1492/1418/353 1459/1388/1361 1491/1417/1386
f 1412/1349/302 1492/1418/353 1490/1416/350
f 1419/1352/1335 1459/1388/1361 1492/1418/353
f 1492/1418/353 1412/1349/302 1419/1352/1335
f 1459/1388/1361 1419/1352/1335 1493/1419/1387
f 1493/1419/1387 1452/1382/836 1459/1388/1361
f 1493/1419/1387 1419/1352/1335 1494/1420/1388
f 1452/1382/836 1493/1419/1387 1495/1421/1389
f 1496/1422/355 1452/1382/836 1495/1421/1389
f 1419/1352/1335 1496/1422/355 1494/1420/1388
f 1169/1136/1142 1452/1382/836 1496/1422/355
f 1496/1422/355 1419/1352/1335 1169/1136/1142
f 1498/1423/1390 1499/1424/1391 1452/1382/1392
f 1448/1379/327 1452/1382/1392 1499/1424/1391
f 1498/1423/882 1500/1425/360 1497/1031/1393
f 1499/1424/1391 1498/1423/1390 1501/1032/1394
f 1497/1031/1393 1500/1425/360 1502/1036/359
f 1503/1035/1395 1499/1424/1391 1501/1032/1394
f 1171/1138/560 1499/1424/1391 1503/1035/1395
f 1506/1426/1396 1504/1038/1397 1505/1427/887
f 1505/1427/887 1507/1042/888 1506/1426/1396
f 1504/1038/1397 1506/1426/1396 1508/1040/1398
f 1506/1426/1396 1507/1042/888 1509/1043/1399
f 1513/1428/1400 1511/1429/1401 1510/1430/890
f 1511/1429/1401 1513/1428/1400 1514/1431/1402
f 1511/1429/1401 1515/1432/1403 1512/1433/892
f 1515/1432/1403 1511/1429/1401 1514/1431/1402
f 1517/1434/1404 1518/1379/1405 1516/1378/1406
f 1445/1377/1407 1519/1435/1408 1517/1434/1404
f 1518/1379/1405 1517/1434/1404 1519/1435/1408
f 1444/1375/1409 1519/1435/1408 1445/1377/1407
f 1042/1025/1041 1048/1030/1040 1516/1378/1410
f 1042/1025/1411 1445/1377/1412 1438/1436/1413
f 1523/1384/1414 1520/1437/1415 1521/1438/1416
f 1522/1387/1417 1523/1384/1414 1521/1438/1416
f 1036/1019/1031 1520/1437/1415 1524/1386/366
f 1522/1387/1418 1036/1019/1031 1524/1386/366
f 1520/1437/1415 1036/1019/1031 1042/1025/1036
f 1036/1019/1031 1522/1387/1418 1429/1361/1419
f 1525/1302/904 1529/1439/371 1526/1303/1420
f 1527/1299/1421 1529/1439/371 1528/1301/906
f 1529/1439/371 1525/1302/904 1530/1440/1422
f 919/919/945 1241/1193/625 1525/1302/908
f 1533/1441/1423 1532/1442/1424 1531/1443/1425
f 1532/1442/1424 1533/1441/1423 1534/1444/1426
f 1534/1444/1426 1535/1445/911 1532/1442/1424
f 1532/1442/1424 1535/1445/911 1536/1446/1427
f 1356/1298/1285 1349/1294/1271 1537/1447/1428
f 1538/1448/1429 1540/1449/918 1537/1447/1428
f 1537/1447/1428 1540/1449/918 1541/1450/1430
f 1540/1449/918 1542/1451/1431 1541/1450/1430
f 1542/1451/1431 1540/1449/918 1539/1452/1432
f 1349/1294/1433 1543/1453/1434 1542/1451/1431
f 1543/1453/1434 1349/1294/1433 1544/1454/1435
f 1544/1454/1436 1350/1296/1274 1545/1455/1437
f 1546/1456/1438 1545/1455/1437 1350/1296/1274
f 1429/1361/1419 1543/1453/1439 1546/1456/375
f 1550/1250/1440 1551/1457/930 1548/1249/1441
f 1547/1245/1442 1551/1457/930 1549/1247/1443
f 1551/1457/930 1550/1250/1440 1552/1458/1444
f 1552/1458/1444 1549/1247/1443 1551/1457/930
f 1556/1459/933 1557/1460/1445 1554/1461/1446
f 1553/1462/1447 1557/1460/1445 1555/1463/1448
f 1554/1461/1446 1557/1460/1445 1558/1464/1449
f 1557/1460/1445 1553/1462/1447 1558/1464/1449
f 1232/1465/1450 1559/1452/1451 1231/1451/1452
f 1560/1448/937 1232/1465/1450 1233/1447/1453
f 1561/1466/939 1559/1452/1451 1232/1465/1450
f 1559/1452/938 1234/1197/1190 1287/1241/1220
f 1235/1188/1181 1234/1197/1190 1560/1448/937
f 1563/240/3 1562/1467/942 1564/242/1454
f 1569/248/1455 1567/244/7 1568/249/10
f 1567/244/7 1569/248/1455 1570/246/1456
f 1573/27/21 1572/1468/421 1571/29/1457
f 1572/1468/421 1573/27/21 1574/1469/971
f 1577/1470/424 1578/1471/1458 1576/1472/423
f 1578/1471/1458 1577/1470/424 1575/1473/1459
f 1579/1474/1460 1580/21/1461 1581/1475/1462
f 1582/19/436 1581/1475/1462 1580/21/1461
f 1583/1476/1463 1586/1477/1464 1585/1478/1465
f 1586/1477/1464 1583/1476/1463 1587/1479/989
f 1584/1480/1466 1588/1481/1467 1589/1482/1468
f 1590/1483/1469 1591/1484/1470 1592/1485/1471
f 1594/1486/1472 1590/1483/1473 1593/1487/1474
f 1593/1487/1474 1595/1488/1475 1594/1486/1472
f 1596/1489/1476 1594/1486/1472 1595/1488/1475
f 1593/1487/1474 1597/1490/1477 1598/116/1478
f 1596/1489/1479 1598/116/1478 1597/1490/1477
f 1599/1491/1480 1594/1486/1472 1596/1489/1476
f 1599/1491/1480 1600/120/1481 1594/1486/1472
f 1600/120/52 1601/1492/1482 1603/1493/1483
f 1601/1492/1482 1602/122/1484 1603/1493/1483
f 1603/1493/1483 1602/122/1484 1604/1494/1485
f 1604/1494/1486 1606/1495/1487 1599/1491/1488
f 1599/1491/1488 1605/1496/1489 1604/1494/1486
f 1605/1496/1489 1599/1491/1488 1607/1497/1490
f 1605/1496/1489 1607/1497/1490 1608/1498/1019
f 1610/1499/1491 1605/1496/1492 1609/1500/1493
f 1609/1500/1494 1611/1501/1495 1612/1502/1496
f 1607/1497/477 1612/1502/1496 1611/1501/1495
f 1613/1503/1497 1616/1504/1498 1615/1505/1499
f 1616/1504/1498 1613/1503/1497 1617/1506/1500
f 1618/1507/1027 1614/1508/1501 1620/1509/1132
f 1619/1510/1502 1623/1511/1503 1622/1512/1504
f 1623/1511/1503 1619/1510/1502 1624/1513/484
f 1625/1514/1505 1628/1515/1038 1627/1516/1035
f 1628/1515/1038 1625/1514/1505 1629/1517/1506
f 1631/1518/1507 1632/1519/1508 1630/1520/1509
f 1630/1520/1509 1632/1519/1508 1633/1521/1510
f 1636/1522/1511 1637/1523/1512 1638/1524/1513
f 1639/1525/1514 1640/1526/1515 1635/1527/1516
f 1634/1528/1517 1635/1527/1516 1640/1526/1515
f 1643/1529/1518 1641/1530/1519 1642/1531/1520
f 1641/1530/1519 1643/1529/1518 1644/1532/1521
f 1650/1533/1522 1649/190/1523 1648/186/1524
f 1649/190/1523 1650/1533/1522 1651/191/97
f 1655/1534/1525 1653/197/1526 1654/194/1527
f 1654/194/1527 1647/1535/1071 1656/1536/1528
f 1647/1535/1071 1654/194/1527 1646/192/99
f 1647/1535/1071 1645/1537/1529 1656/1536/1528
f 1658/1538/1080 1647/1535/1071 1657/195/101
f 1658/1538/1080 1655/1534/1530 1652/1539/1067
f 1658/1538/1080 1591/1484/1470 1647/1535/1071
f 1590/1483/1469 1592/1485/1471 1659/1540/1072
f 1660/1541/1531 1590/1483/1469 1659/1540/1072
f 1590/1483/1469 1660/1541/1531 1597/1490/1532
f 1592/1485/1471 1662/1542/1533 1661/1543/1534
f 1662/1542/1533 1660/1541/1531 1661/1543/1534
f 1662/1542/1533 1597/1490/1532 1660/1541/1531
f 1662/1542/1533 1592/1485/1471 1591/1484/1470
f 1662/1542/1533 1591/1484/1470 1663/1544/1535
f 1658/1538/1080 1663/1544/1535 1591/1484/1470
f 1662/1542/1533 1663/1544/1535 1664/1545/1536
f 1663/1544/1535 1658/1538/1080 1665/1546/1537
f 1666/1547/1538 1662/1542/1533 1664/1545/1536
f 1666/1547/1538 1665/1546/1537 1658/1538/1080
f 1662/1542/1533 1666/1547/1538 1667/1548/1539
f 1658/1538/1080 1667/1548/1539 1666/1547/1538
f 1667/1548/1539 1668/1549/1540 1662/1542/1533
f 1597/1490/1532 1662/1542/1533 1668/1549/1540
f 1652/1539/1067 1669/1550/532 1658/1538/1080
f 1668/1549/1540 1667/1548/1539 1670/1551/1541
f 1669/1550/532 1652/1539/1067 1671/1552/533
f 1652/1539/1067 1672/1553/1542 1671/1552/533
f 1667/1548/1543 1669/1550/1544 1673/41/1545
f 1672/1553/1086 1667/1548/1543 1673/41/1545
f 1652/1539/1067 1674/1554/1546 1672/1553/1542
f 1674/1554/1546 1652/1539/1067 1675/48/1547
f 1676/1555/1548 1675/48/129 1678/1556/1549
f 1678/1556/1549 1679/47/132 1676/1555/1548
f 1679/47/132 1678/1556/1549 1680/1557/1091
f 1680/1557/1091 1674/1554/1550 1677/1558/1551
f 1674/1554/1550 1680/1557/1091 1681/1559/1093
f 1681/1559/1093 1682/1560/1552 1674/1554/1550
f 1682/1560/1552 1681/1559/1093 1683/1561/539
f 1686/1562/1553 1682/1560/1097 1685/1563/1554
f 1684/1564/1120 1686/1562/1553 1685/1563/1554
f 1688/1565/1555 1687/1566/1556 1674/1554/1546
f 1689/1567/1105 1674/1554/1546 1687/1566/1556
f 1667/1548/1539 1674/1554/1546 1689/1567/1105
f 1674/1554/1546 1686/1562/1557 1688/1565/1555
f 1690/1568/1558 1667/1548/1539 1689/1567/1105
f 1690/1568/1558 1689/1567/1105 1691/1569/1559
f 1688/1565/1555 1690/1568/1558 1691/1569/1559
f 1690/1568/1558 1688/1565/1555 1686/1562/1557
f 1667/1548/1539 1690/1568/1558 1692/1570/1560
f 1667/1548/1539 1692/1570/1560 1670/1551/1541
f 1597/1490/1532 1668/1549/1540 1693/1571/1110
f 1692/1570/1560 1597/1490/1532 1693/1571/1110
f 1690/1568/1558 1597/1490/1532 1692/1570/1560
f 1690/1568/1558 1694/1572/1561 1597/1490/1532
f 1599/1491/1480 1597/1490/1532 1694/1572/1561
f 1599/1491/1480 1694/1572/1561 1695/1573/1111
f 1696/1574/1562 1599/1491/1480 1695/1573/1111
f 1694/1572/1561 1690/1568/1558 1697/1575/1563
f 1696/1574/1562 1697/1575/1563 1690/1568/1558
f 1690/1568/1558 1612/1502/1564 1696/1574/1562
f 1612/1502/1564 1690/1568/1558 1698/1576/1565
f 1686/1562/1557 1698/1576/1565 1690/1568/1558
f 1612/1502/1564 1698/1576/1565 1699/1577/1566
f 1700/1578/1118 1612/1502/1564 1699/1577/1566
f 1701/1579/1567 1612/1502/1564 1700/1578/1118
f 1698/1576/1565 1686/1562/1557 1702/1580/1568
f 1700/1578/1118 1702/1580/1568 1686/1562/1557
f 1686/1562/1557 1701/1579/1567 1700/1578/1118
f 1701/1579/1567 1686/1562/1557 1703/1581/1123
f 1704/1582/1569 1703/1581/1123 1686/1562/1557
f 1701/1579/1567 1703/1581/1123 1705/1583/1122
f 1706/1584/1570 1701/1579/1567 1705/1583/1122
f 1681/1559/1092 1704/1582/1569 1684/1564/1098
f 1701/1579/1567 1706/1584/1570 1621/1585/1571
f 1704/1582/1569 1621/1585/1571 1706/1584/1570
f 1704/1582/1569 1706/1584/1570 1707/1586/1572
f 1703/1581/1123 1704/1582/1569 1707/1586/1572
f 1621/1585/1573 1709/288/1130 1708/289/1129
f 1709/288/163 1618/1507/1574 1710/1587/1575
f 1618/1507/1574 1709/288/163 1704/1582/1569
f 1618/1507/1574 1704/1582/1569 1712/1588/1576
f 1711/290/1577 1714/1589/1578 1712/1588/1579
f 1714/1589/1578 1711/290/1577 1715/1590/1580
f 1704/1582/1569 1681/1559/1092 1713/292/1135
f 1717/1591/1581 1718/1592/554 1716/1593/1582
f 1718/1592/554 1717/1591/1581 1719/1594/1583
f 1722/1595/1140 1720/1596/1584 1721/1597/1585
f 1720/1596/1584 1722/1595/1140 1723/1598/1141
f 1726/1599/1586 1725/1600/559 1724/1601/1587
f 1725/1600/559 1726/1599/1586 1727/1602/1144
f 1728/1603/1148 1730/1604/570 1729/1605/1146
f 1730/1604/570 1728/1603/1148 1731/1606/1588
f 1735/1607/1589 1734/1608/1590 1732/1609/1591
f 1738/1610/1592 1736/1611/1593 1737/1612/1594
f 1736/1611/1593 1738/1610/1592 1733/1613/1595
f 1741/90/1596 1742/1614/1597 1740/86/198
f 1742/1614/1597 1741/90/1596 1743/91/1598
f 1739/1615/1599 1747/1616/1600 1746/1617/1601
f 1747/1616/1600 1748/94/207 1746/1617/1601
f 1745/1618/1602 1748/94/1603 1744/100/211
f 1748/94/207 1747/1616/1600 1749/93/210
f 1747/1616/1604 1590/1483/1469 1750/95/1605
f 1590/1483/1469 1747/1616/1604 1591/1484/1470
f 1590/1483/1473 1594/1486/1472 1745/1618/1606
f 1612/1502/1564 1599/1491/1480 1696/1574/1562
f 1752/1619/1607 1610/1499/1491 1751/1620/1165
f 1610/1499/1491 1753/1621/1608 1751/1620/1165
f 1610/1499/1491 1612/1502/1564 1753/1621/1608
f 1755/1622/1609 1610/1499/1491 1752/1619/1607
f 1753/1621/1608 1701/1579/1567 1754/1623/1610
f 1701/1579/1567 1753/1621/1608 1612/1502/1564
f 1752/1619/1607 1754/1623/1610 1701/1579/1567
f 1701/1579/1567 1755/1622/1609 1752/1619/1607
f 1755/1622/1609 1701/1579/1567 1756/1624/1171
f 1755/1622/1609 1756/1624/1171 1757/1625/591
f 1755/1622/1611 1758/1626/589 1759/1627/802
f 1756/1624/1171 1621/1585/1571 1760/1628/1612
f 1621/1585/594 1759/1627/802 1758/1626/589
f 1621/1585/1571 1756/1624/1171 1701/1579/1567
f 1762/1629/1177 1759/1627/802 1761/1630/597
f 1614/1508/602 1762/1629/599 1763/1631/1613
f 1764/1632/1614 1766/1633/609 1765/1634/1317
f 1767/1635/1615 1768/1636/1616 1769/1637/1617
f 1772/1638/1618 1773/1639/1192 1771/1640/628
f 1774/1641/1619 1776/1642/1620 1775/1643/1621
f 1776/1642/1620 1777/253/1622 1775/1643/1621
f 1776/1642/1620 1774/1641/1619 1778/1644/1623
f 1777/253/1622 1776/1642/1620 1779/255/236
f 1782/1645/648 1781/1646/1624 1780/1647/1625
f 1781/1646/1624 1782/1645/648 1783/1648/1626
f 1786/1649/1627 1784/1650/1628 1785/1651/1629
f 1788/1652/658 1787/1653/1630 1789/1654/1631
f 1770/1655/1632 1791/1656/1633 1790/1657/1634
f 1791/1656/1633 1770/1655/1632 1792/1658/670
f 1793/1659/1635 1795/1660/1221 1794/1661/1219
f 1795/1660/1221 1793/1659/1635 1796/1662/1636
f 1565/1663/1228 1797/1664/1637 1798/1665/687
f 1797/1664/1637 1565/1663/1228 1799/1666/1638
f 1801/1/260 1566/1667/1639 1800/3/1640
f 1803/12/1234 1804/11/1641 1802/7/1642
f 1805/10/1643 1802/7/1642 1804/11/1641
f 1808/1668/1644 1807/1669/1645 1806/1670/1646
f 1809/220/1244 1808/1668/1644 1806/1670/1646
f 1807/1669/1645 1808/1668/1644 1810/1671/1647
f 1811/218/705 1808/1668/1644 1809/220/1244
f 1814/1672/1251 1812/1673/1648 1813/1674/1649
f 1815/1675/1650 1816/1676/721 1817/1677/1651
f 1820/1678/735 1819/1679/1652 1818/1680/1653
f 1819/1679/1652 1820/1678/735 1821/1681/1273
f 1823/1682/1654 1824/1683/1655 1822/1684/1656
f 1825/1685/1657 1827/1686/1658 1759/1627/802
f 1825/1685/800 1826/1687/1659 1828/1688/1660
f 1831/152/308 1755/1622/1609 1830/151/309
f 1833/1689/1661 1831/152/308 1832/1690/1662
f 1826/1687/804 1833/1689/1663 1829/1691/1664
f 1833/1689/1661 1610/1499/1491 1831/152/308
f 1610/1499/1491 1833/1689/1661 1834/1692/1665
f 1834/1692/1666 1836/1693/811 1835/156/1667
f 1837/1694/1668 1835/156/1667 1836/1693/811
f 1605/1496/1492 1610/1499/1491 1838/157/814
f 1839/1695/1669 1841/1696/1670 1840/1697/1671
f 1842/1698/815 1840/1697/1671 1841/1696/1670
f 1845/1699/819 1844/1700/1672 1843/1701/1673
f 1844/1700/1672 1845/1699/819 1846/1702/1342
f 1847/1703/822 1850/1704/1346 1848/1705/1674
f 1849/1706/1345 1850/1704/1346 1847/1703/822
f 1853/343/1675 1851/1707/831 1852/1708/1676
f 1855/1709/1677 1853/343/1678 1854/344/835
f 1856/1710/1360 1857/1711/840 1858/1712/844
f 1860/1713/1679 1861/1714/1680 1859/1715/1364
f 1861/1714/1680 1860/1713/1679 1862/1716/1681
f 1865/1717/1367 1864/1718/1682 1863/1719/1683
f 1864/1718/1682 1865/1717/1367 1866/1720/1368
f 1867/1721/1684 1869/1722/867 1868/1723/1685
f 1871/1724/874 1870/1725/1686 1872/1726/1687
f 1873/1727/1688 1872/1726/1687 1870/1725/1686
f 1874/1728/1689 1876/1729/1690 1875/1730/1691
f 1877/1731/1692 1875/1730/1691 1876/1729/1690
f 1880/1732/878 1879/1733/1387 1878/1734/1693
f 1879/1733/1387 1880/1732/878 1881/1735/1694
f 1882/1736/1695 1884/1737/1696 1883/1738/1390
f 1884/1737/1696 1882/1736/1695 1885/1739/1697
f 1851/1707/831 1886/307/363 1887/1740/894
f 1886/307/363 1626/1741/494 1888/309/896
f 1891/1742/1698 1890/1743/1414 1889/1744/1418
f 1893/1745/1699 1894/1746/1700 1892/1747/1701
f 1892/1747/1701 1894/1746/1700 1895/1748/924
f 1896/1749/1702 1897/1750/940 1898/1751/1703
f 1899/1752/1704 1898/1751/1703 1897/1750/940
f 1897/1750/940 1900/1753/1705 1899/1752/1704
f 1901/1754/944 1899/1752/1704 1900/1753/1705
f 1897/1750/940 1896/1749/1702 1902/1755/943
f 1896/1749/1702 1901/1754/944 1902/1755/943
f 1896/1749/1702 1903/1756/5 1901/1754/944
f 1899/1752/1704 1901/1754/944 1903/1756/5
f 1899/1752/1704 1903/1756/5 1904/1757/1706
f 1906/1758/1707 1907/1759/10 1905/1760/9
f 1903/1756/5 1906/1758/8 1908/1761/1708
f 1908/1761/1708 1909/1762/1709 1903/1756/5
f 1911/1763/399 1910/1764/398 1913/1765/955
f 1913/1765/955 1912/1766/952 1911/1763/399
f 1912/1766/952 1915/1767/1710 1914/1768/1711
f 1915/1767/1710 1910/1764/398 1914/1768/1711
f 1912/1766/952 1913/1765/955 1916/1769/1712
f 1916/1769/1712 1915/1767/1710 1912/1766/952
f 1910/1764/398 1915/1767/1710 1917/1770/1713
f 1913/1765/958 1919/1771/1714 1918/1772/1715
f 1918/1772/1715 1919/1771/1714 1920/1773/406
f 1919/1771/1714 1921/1774/960 1920/1773/406
f 1921/1774/960 1919/1771/1714 1922/1775/959
f 1923/1776/1716 1921/1774/1717 1924/1777/1718
f 1916/1769/1712 1922/1775/959 1925/1778/1719
f 1926/1779/1720 1925/1778/1719 1922/1775/959
f 1922/1775/959 1927/1780/965 1926/1779/1720
f 1929/1781/1721 1925/1778/1719 1928/1782/1722
f 1927/1780/1723 1929/1781/1721 1928/1782/1722
f 1925/1778/1719 1929/1781/1721 1916/1769/1712
f 1930/1783/1724 1929/1781/1721 1927/1780/1723
f 1931/1784/1725 1933/1785/421 1932/1786/1726
f 1935/1787/971 1932/1786/1726 1933/1785/421
f 1935/1787/971 1922/1775/1727 1932/1786/1726
f 1934/1788/969 1930/1783/1724 1935/1787/971
f 1930/1783/1724 1936/1789/1728 1937/1790/973
f 1929/1781/1721 1930/1783/1724 1937/1790/973
f 1937/1790/973 1936/1789/1728 1938/1791/1729
f 1929/1781/1721 1937/1790/973 1939/1792/975
f 1938/1791/1729 1929/1781/1721 1939/1792/975
f 1936/1789/1728 1929/1781/1721 1938/1791/1729
f 1929/1781/1721 1941/1793/1730 1940/1794/1731
f 1942/1795/1732 1929/1781/1721 1940/1794/1731
f 1941/1793/1730 1929/1781/1721 1936/1789/1728
f 1916/1769/1712 1944/1796/984 1943/1797/1733
f 1946/1798/985 1916/1769/1712 1943/1797/1733
f 1944/1796/984 1916/1769/1712 1929/1781/1721
f 1915/1767/1710 1916/1769/1712 1946/1798/985
f 1944/1796/984 1947/1799/1734 1945/1800/1735
f 1929/1781/1721 1947/1799/1734 1944/1796/984
f 1947/1799/1734 1946/1798/985 1945/1800/1735
f 1946/1798/985 1947/1799/1734 1915/1767/1710
f 1947/1799/1734 1929/1781/1721 1942/1795/1732
f 1942/1795/1732 1948/1801/1736 1947/1799/1734
f 1948/1801/1736 1942/1795/1732 1949/1802/1737
f 1941/1793/1738 1948/1801/1736 1949/1802/1737
f 1936/1789/1739 1951/1803/1461 1950/1804/1740
f 1951/1803/1461 1936/1789/1739 1952/1805/1741
f 1952/1805/1741 1948/1801/1736 1951/1803/1461
f 1948/1801/1736 1950/1804/1742 1954/1806/1743
f 1953/1807/1744 1954/1806/1743 1950/1804/1742
f 1954/1806/1743 1953/1807/1744 1955/1808/30
f 1957/1809/1745 1959/1810/991 1958/1811/1746
f 1959/1810/991 1957/1809/1745 1960/1812/1747
f 1964/1813/1748 1965/1814/996 1963/1815/1749
f 1962/1816/442 1965/1814/996 1956/1817/1750
f 1965/1814/996 1964/1813/1748 1966/1818/1751
f 1967/1819/1752 1948/1801/1753 1964/1813/1748
f 1948/1801/1753 1967/1819/1752 1968/1820/1754
f 1968/1820/1754 1967/1819/1752 1969/1821/455
f 1967/1819/1752 1970/1822/1755 1969/1821/455
f 1970/1822/1755 1967/1819/1752 1971/1823/1756
f 1968/1820/1757 1973/1824/1758 1972/1825/1759
f 1947/1799/1734 1971/1823/1760 1974/1826/1007
f 1974/1826/1007 1915/1767/1710 1947/1799/1734
f 1974/1826/1007 1971/1823/1760 1975/1827/462
f 1971/1823/1760 1976/1828/1761 1975/1827/462
f 1915/1767/1710 1974/1826/1007 1977/1829/1006
f 1977/1829/1006 1976/1828/1761 1915/1767/1710
f 1984/1830/1762 1981/1831/51 1983/1832/1763
f 1981/1831/51 1984/1830/1762 1982/1833/1764
f 1987/1834/1495 1985/1835/1765 1986/1836/1020
f 1991/1837/1024 1992/1838/1766 1990/1839/1767
f 1992/1838/1766 1993/1840/1768 1990/1839/1767
f 2001/1841/1769 1998/1842/1030 2000/1843/1032
f 1998/1842/1030 2001/1841/1769 1996/1844/1770
f 2003/1845/1771 2005/1846/1037 2002/1847/1772
f 2002/1847/1772 2005/1846/1037 2006/1848/72
f 2004/1849/1411 2007/1850/1046 2008/1851/1773
f 2009/1852/1040 2008/1851/1773 2010/1853/1510
f 2011/1854/1044 2009/1852/1040 2010/1853/1510
f 2007/1850/1046 2011/1854/1044 2012/1855/1774
f 2011/1854/1044 2007/1850/1046 2013/1856/1047
f 2013/1856/1047 2014/1857/1049 2009/1852/1775
f 2015/1858/1776 2009/1852/1775 2014/1857/1049
f 2015/1858/1776 2014/1857/1049 2016/1859/1777
f 2017/1860/1778 2015/1858/1776 2016/1859/1777
f 2015/1858/1776 2017/1860/1778 2018/1861/1053
f 2013/1856/1047 2018/1861/1053 2017/1860/1778
f 2014/1857/1049 2013/1856/1047 2019/1862/1779
f 2017/1860/1778 2019/1862/1779 2013/1856/1047
f 2023/1863/1780 2022/1864/1513 2020/1865/1781
f 2024/1866/1052 2023/1863/1780 2020/1865/1781
f 2023/1863/1780 2018/1861/1053 2022/1864/1513
f 2022/1864/1513 2025/1867/1055 2021/1868/1782
f 2025/1867/1055 2024/1866/1052 2021/1868/1782
f 2025/1867/1055 2022/1864/1513 2018/1861/1053
f 2023/1863/1780 2024/1866/1052 1979/1869/1470
f 2025/1867/1055 1979/1869/1470 2024/1866/1052
f 2026/1870/1054 2018/1861/1783 2027/1871/1784
f 2018/1861/1783 2028/1872/1785 2027/1871/1784
f 2028/1872/1786 2030/1873/1063 2029/1874/84
f 2030/1873/1063 2026/1870/1054 2029/1874/84
f 2013/1856/1787 2030/1873/1063 2028/1872/1786
f 2026/1870/1054 2030/1873/1063 2025/1867/1055
f 2031/1875/1061 2025/1867/1055 2032/1876/1521
f 2025/1867/1055 2030/1873/1063 2032/1876/1521
f 2033/1877/1788 2025/1867/1055 2031/1875/1061
f 2025/1867/1055 2033/1877/1788 1979/1869/1470
f 2035/1878/1064 2033/1877/1788 2034/1879/1789
f 2032/1876/1521 2035/1878/1064 2034/1879/1789
f 2035/1878/1064 1979/1869/1470 2033/1877/1788
f 2035/1878/1064 2032/1876/1521 2030/1873/1063
f 2035/1878/1064 2036/1880/1071 1979/1869/1470
f 2037/1881/1790 2030/1873/1791 2038/1882/525
f 2040/1883/1069 2037/1881/523 2039/1884/1068
f 2030/1873/1063 2013/1856/1787 2042/1885/557
f 2035/1878/1064 2043/1886/1530 2044/1887/1792
f 2043/1886/1530 2035/1878/1064 2040/1883/1067
f 2043/1886/1793 2045/1888/1794 2041/1889/1795
f 2045/1888/1794 2046/1890/1796 2041/1889/1795
f 2043/1886/1793 2047/1891/1797 2045/1888/1794
f 2048/1892/1075 2050/1893/1798 2049/1894/1799
f 2051/1895/1077 2052/1896/117 2053/1897/1800
f 2054/1898/1801 2056/1899/1802 2055/1900/1551
f 2057/1901/1803 2055/1900/1551 2056/1899/1802
f 2059/1902/1099 2058/1903/1094 2060/1904/1804
f 1997/1905/1132 2061/1906/1805 1994/1907/1806
f 2061/1906/1805 1997/1905/1132 2062/1908/1129
f 2064/1909/1807 2065/1910/170 2063/1911/1808
f 2066/1912/169 2063/1911/1808 2065/1910/170
f 2067/1913/1136 2069/1914/173 2068/1915/1581
f 2068/1915/1581 2069/1914/173 2070/1916/1809
f 2071/1917/1584 2073/1918/1810 2072/1919/179
f 2075/1920/1811 2073/1918/1810 2071/1917/1584
f 2075/1920/1141 2074/1921/1140 2013/1856/1047
f 2013/1856/1047 2007/1850/1046 2075/1920/1141
f 2078/1922/1812 2077/1923/1813 2076/1924/1814
f 2077/1923/1813 2078/1922/1812 2080/1925/1815
f 2079/1926/1816 2082/1927/1817 2077/1923/1818
f 2082/1927/1817 2079/1926/1816 2083/1928/183
f 2078/1922/1819 2084/1929/1820 2081/1930/564
f 2084/1929/1820 2078/1922/1819 2085/1931/1148
f 2085/1931/1148 2087/1932/187 2084/1929/1820
f 2088/1933/186 2084/1929/1820 2087/1932/187
f 2085/1931/1821 2086/1934/1822 2089/1935/1823
f 2086/1934/1822 2088/1933/1824 2089/1935/1823
f 2084/1929/1820 2088/1933/186 2090/1936/1825
f 2090/1936/1825 2086/1934/1826 2091/1937/1157
f 2090/1936/1825 2092/1938/1595 2084/1929/1820
f 2023/1863/1780 2091/1937/1157 2086/1934/1826
f 2090/1936/1825 2091/1937/1157 2093/1939/1154
f 2086/1934/1826 2094/1940/1827 2023/1863/1780
f 2094/1940/1827 2086/1934/1826 2095/1941/1828
f 2086/1934/1826 2096/1942/1153 2095/1941/1828
f 2086/1934/1826 2015/1858/1776 2096/1942/1153
f 2097/1943/1829 2018/1861/1053 2094/1940/1827
f 2096/1942/1153 2018/1861/1053 2097/1943/1829
f 2018/1861/1053 2023/1863/1780 2094/1940/1827
f 2015/1858/1776 2018/1861/1053 2096/1942/1153
f 2091/1937/1157 2023/1863/1780 2098/1944/1830
f 2023/1863/1780 2099/1945/190 2098/1944/1830
f 2099/1945/190 2090/1936/1825 2093/1939/1154
f 2090/1936/1825 2099/1945/190 1979/1869/1470
f 2023/1863/1780 1979/1869/1470 2099/1945/190
f 2090/1936/1825 1979/1869/1470 2100/1946/1831
f 2090/1936/1825 2100/1946/1831 2101/1947/1832
f 2092/1938/1595 2090/1936/1825 2101/1947/1832
f 2100/1946/1831 2103/1948/1833 2102/1949/195
f 2092/1938/1595 2102/1949/195 2103/1948/1833
f 2103/1948/1833 2100/1946/1831 1979/1869/1470
f 2103/1948/1833 2084/1929/1820 2092/1938/1595
f 2105/1950/585 2084/1929/1834 2104/1951/199
f 2104/1951/199 1980/1952/1835 2106/1953/1836
f 2103/1948/1837 2108/1954/1838 1980/1952/1839
f 2108/1954/1838 2103/1948/1837 2109/1955/1601
f 2103/1948/1833 1979/1869/1470 2110/1956/1604
f 2107/1957/1840 2111/1958/1841 2108/1954/1842
f 2111/1958/1841 2107/1957/1840 2112/1959/209
f 1978/1960/1843 2108/1954/1842 2111/1958/1841
f 2113/1961/215 2115/1962/1844 2114/1963/1172
f 2115/1962/1844 1995/1964/223 2117/1965/1845
f 1995/1964/223 2116/1966/1846 2118/1967/1178
f 2119/1968/225 2118/1967/1178 2116/1966/1846
f 2120/1969/226 2116/1966/1846 2121/1970/1847
f 1988/1971/1848 2118/1967/1178 2122/1972/228
f 2126/1973/794 2124/1974/1849 2125/1975/1850
f 2124/1974/1849 2126/1973/794 2127/1976/1851
f 2125/1975/1850 1989/1977/1852 2128/1978/612
f 1989/1977/1852 2123/1979/610 2128/1978/612
f 2123/1979/610 1989/1977/1852 1988/1971/1853
f 2129/1980/1452 2130/1981/1854 2131/1982/1450
f 2130/1981/1854 2132/1983/1855 2131/1982/1450
f 2134/1984/1856 2130/1981/1857 2135/1985/1307
f 2134/1984/1856 2135/1985/1307 2136/1986/1858
f 2137/1987/1859 2134/1984/1856 2136/1986/1858
f 2134/1984/1856 2137/1987/1859 2138/1988/1860
f 2140/1989/235 2137/1987/1615 2139/1990/1186
f 2138/1988/1861 2141/1991/1862 2142/1992/1863
f 2141/1991/1862 2130/1981/1854 2143/1993/1864
f 2142/1992/1865 2147/1994/1194 2145/1995/635
f 2146/1996/1192 2147/1994/1194 2144/1997/633
f 2147/1994/1194 2142/1992/1865 2148/1998/1866
f 2148/1998/1866 2144/1997/633 2147/1994/1194
f 2138/1988/1861 2144/1997/1867 2149/1999/1868
f 2149/1999/1868 2150/2000/1869 2138/1988/1861
f 1898/1751/1703 2138/1988/1861 2150/2000/1869
f 2150/2000/1869 2151/2001/1619 1898/1751/1703
f 2152/2002/1870 1898/1751/1703 2151/2001/1619
f 1898/1751/1703 2152/2002/1870 1896/1749/1702
f 2149/1999/1868 1896/1749/1702 2152/2002/1870
f 2155/2003/1871 2157/2004/1872 2153/2005/1197
f 2154/2006/637 2157/2004/1872 2156/2007/1873
f 2157/2004/1872 2155/2003/1871 2158/2008/1874
f 2158/2008/1874 2156/2007/1873 2157/2004/1872
f 2162/2009/1203 2160/2010/1875 2161/2011/1876
f 2160/2010/1875 2162/2009/1203 2163/2012/1877
f 1922/1775/959 2164/2013/1205 1934/1788/969
f 2164/2013/1205 1930/1783/1724 1934/1788/969
f 2166/2014/1878 2168/2015/654 2167/2016/1879
f 2165/2017/1880 2167/2016/1881 2169/2018/1882
f 2170/2019/655 2167/2016/1879 2168/2015/654
f 2168/2015/1883 1922/1775/959 1919/1771/1714
f 2171/2020/1884 2159/2021/644 2172/2022/1885
f 2173/2023/1886 2172/2022/1885 2159/2021/644
f 2174/2024/1887 2178/2025/1888 2175/2026/657
f 2177/2027/662 2178/2025/1888 2176/2028/661
f 2178/2025/1888 2174/2024/1887 2179/2029/1889
f 2183/2030/1890 2181/2031/1891 2182/2032/1214
f 2182/2032/1214 2184/2033/1892 2183/2030/1890
f 2181/2031/1891 2183/2030/1890 2185/2034/1893
f 2186/2035/1894 2183/2030/1890 2184/2033/1892
f 2189/2036/1895 2187/2037/1896 2188/2038/1897
f 2187/2037/1896 2189/2036/1895 2143/1993/1864
f 2190/2039/1898 2130/1981/1899 2191/2040/1900
f 2192/2041/675 2193/2042/1901 2191/2040/1900
f 2191/2040/1900 2193/2042/1901 2194/2043/1902
f 2191/2040/1900 2133/2044/1903 2195/2045/1904
f 2133/2044/1903 2196/2046/679 2195/2045/1904
f 2190/2039/1898 2196/2046/679 2197/2047/1905
f 2197/2047/1905 2133/2044/1906 2198/2048/1907
f 2199/2049/1908 2198/2048/1907 2133/2044/1906
f 2198/2048/1907 2199/2049/1908 2200/2050/1909
f 2201/2051/1910 2200/2050/1909 2199/2049/1908
f 2197/2047/1905 2198/2048/1907 2202/2052/1222
f 2201/2051/1910 2197/2047/1905 2202/2052/1222
f 1903/1756/5 1896/1749/1702 1906/1758/8
f 2203/2053/1911 1904/1757/1706 1903/1756/5
f 1904/1757/1706 2203/2053/1911 2205/2054/1638
f 1899/1752/1704 1904/1757/1706 2204/2055/1912
f 2205/2054/1638 1899/1752/1704 2204/2055/1912
f 1899/1752/1704 2205/2054/1638 2203/2053/1911
f 1899/1752/1704 2203/2053/1911 2206/2056/1913
f 1899/1752/1704 2206/2056/1913 2207/2057/1230
f 2208/2058/1914 1899/1752/1704 2207/2057/1230
f 2206/2056/1913 2210/2059/1915 2209/2060/1640
f 2210/2059/1915 2206/2056/1913 2203/2053/1911
f 2208/2058/1914 2209/2060/1640 2210/2059/1915
f 1961/2061/261 2211/2062/1916 2203/2053/1911
f 2212/2063/1236 2203/2053/1911 2211/2062/1916
f 2203/2053/1911 2212/2063/1236 2210/2059/1915
f 2213/2064/1917 2214/2065/268 2212/2063/1236
f 2215/2066/701 2219/2067/1918 2216/2068/698
f 2219/2067/1918 2218/2069/1239 2217/2070/269
f 2219/2067/1918 2215/2066/701 2220/2071/1240
f 2218/2069/1239 2219/2067/1918 2220/2071/1240
f 2221/2072/1241 2222/2073/1919 2210/2059/1915
f 2223/2074/1920 2210/2059/1915 2222/2073/1919
f 2210/2059/1915 2223/2074/1920 2208/2058/1914
f 1899/1752/1704 2208/2058/1914 2223/2074/1920
f 2223/2074/1920 2224/2075/1921 1899/1752/1704
f 1898/1751/1703 1899/1752/1704 2224/2075/1921
f 2223/2074/1920 2222/2073/1919 2225/2076/1922
f 2226/2077/1248 2223/2074/1920 2225/2076/1922
f 2221/2072/1241 2227/2078/1923 2226/2077/1248
f 2223/2074/1920 2226/2077/1248 2227/2078/1923
f 2227/2078/1923 2221/2072/1241 2230/2079/1253
f 2230/2079/1253 2232/2080/1924 2228/2081/711
f 2232/2080/1924 2231/2082/1925 2229/2083/1926
f 2232/2080/1924 2230/2079/1253 2233/2084/1255
f 2233/2084/1255 2231/2082/1925 2232/2080/1924
f 2234/2085/1257 2227/2078/1923 2231/2082/1252
f 2235/2086/718 2237/2087/1927 2236/2088/719
f 2237/2087/1927 2235/2086/718 2238/2089/1260
f 2239/2090/1928 2243/2091/1262 2240/2092/1929
f 2241/2093/1263 2243/2091/1262 2242/2094/1930
f 2244/2095/1931 2240/2092/1929 2243/2091/1262
f 2246/2096/1932 2248/2097/1933 2247/2098/1934
f 2248/2097/1933 2249/2099/1935 2247/2098/1934
f 2250/2100/731 2248/2097/1933 2246/2096/1932
f 2249/2099/1935 2248/2097/1933 2251/2101/1267
f 2252/2102/1653 2254/2103/1936 2253/2104/1937
f 2254/2103/1936 2252/2102/1653 2255/2105/1652
f 2256/2106/1938 2234/2085/1257 2255/2105/1652
f 2261/2107/286 2260/2108/1278 2259/2109/284
f 2263/2110/1939 2260/2108/1281 2262/2111/1280
f 2258/2112/1301 2263/2110/1939 2262/2111/1280
f 2263/2110/1939 2227/2078/1284 2260/2108/1281
f 2263/2110/1939 2258/2112/1301 2256/2106/1271
f 2264/2113/1287 2265/2114/371 2227/2078/1923
f 2266/2115/1290 2227/2078/1923 2265/2114/371
f 2227/2078/1923 2266/2115/1290 2223/2074/1920
f 2264/2113/1940 2268/2116/1941 2267/2117/1291
f 2268/2116/1941 2266/2115/1290 2267/2117/1291
f 2268/2116/1941 2223/2074/1920 2266/2115/1290
f 2268/2116/1941 2264/2113/1940 2263/2110/1285
f 2223/2074/1920 2268/2116/1941 2269/2118/1294
f 2269/2118/1294 2270/2119/1942 2223/2074/1920
f 2224/2075/1921 2223/2074/1920 2270/2119/1942
f 2273/2120/1943 2275/2121/290 2274/2122/761
f 2275/2121/290 2273/2120/1943 2276/2123/1944
f 2180/2124/1213 2277/2125/1298 2273/2120/1300
f 2279/2126/765 2278/2127/1945 2180/2124/1213
f 2280/2128/1946 2282/2129/1305 2281/2130/767
f 1913/1765/958 1917/1770/1947 2280/2128/1304
f 2278/2127/739 1917/1770/1713 2277/2125/1298
f 2283/2131/777 2285/2132/295 2284/2133/1948
f 2284/2133/1948 2285/2132/295 2286/2134/297
f 2287/2135/1949 2245/2136/1950 2284/2133/1951
f 2245/2136/1952 2288/2137/620 2289/2138/781
f 2291/2139/783 2292/2140/1305 2290/2141/1953
f 2287/2135/1949 2293/2142/1954 2288/2137/620
f 2293/2142/1954 2287/2135/1949 2294/2143/1955
f 2294/2143/1955 2287/2135/1949 2295/2144/1956
f 2287/2135/1949 2296/2145/1957 2295/2144/1956
f 2298/2146/1958 2294/2143/1955 2297/2147/1959
f 2297/2147/1959 2296/2145/1957 2298/2146/1958
f 2121/1970/1847 2298/2146/1958 2296/2145/1957
f 2287/2135/1949 2121/1970/1847 2296/2145/1957
f 2287/2135/1960 1989/1977/1852 2125/1975/1850
f 2298/2146/1958 2121/1970/1847 2299/2148/1319
f 2299/2148/1319 2300/2149/1961 2298/2146/1958
f 2299/2148/1319 2121/1970/1847 2301/2150/1962
f 2300/2149/1961 2299/2148/1319 2302/2151/1318
f 2303/2152/1963 2300/2149/1961 2302/2151/1318
f 2121/1970/1847 2303/2152/1963 2301/2150/1962
f 2116/1966/1846 2300/2149/1961 2303/2152/1963
f 2303/2152/1963 2121/1970/1847 2116/1966/1846
f 2116/1966/1964 2306/2153/1322 2304/2154/1965
f 2307/2155/301 2306/2153/1966 2308/2156/1324
f 2300/2149/1961 2116/1966/1846 2305/2157/298
f 2306/2153/1322 2116/1966/1964 2113/1961/215
f 2309/2158/1329 2310/2159/1967 2311/2160/1968
f 2312/2161/1969 2311/2160/1968 2310/2159/1967
f 2315/2162/1970 2314/2163/1971 2313/2164/1665
f 2314/2163/1971 2315/2162/1970 2316/2165/311
f 2318/2166/1671 2319/2167/1972 2317/2168/1669
f 2319/2167/1972 2318/2166/1671 2320/2169/1973
f 1999/2170/1031 2323/2171/1974 2322/2172/1975
f 2323/2171/1974 2257/2173/1274 2324/2174/1342
f 2324/2174/1976 2325/2175/1977 2321/2176/1978
f 2321/2176/1978 2325/2175/1977 2326/2177/1979
f 2328/2178/1980 2329/2179/323 2327/2180/1981
f 2329/2179/323 2328/2178/1980 2330/2181/1982
f 2199/2049/1908 2331/2182/1983 2201/2051/1910
f 2197/2047/1905 2201/2051/1910 2331/2182/1983
f 2331/2182/1983 2199/2049/1908 2332/2183/1350
f 2333/2184/1984 2332/2183/1350 2199/2049/1908
f 2331/2182/1983 2332/2183/1350 2334/2185/1348
f 2332/2183/1350 2333/2184/1984 2335/2186/1985
f 2336/2187/1352 2335/2186/1985 2333/2184/1984
f 2336/2187/1352 2331/2182/1983 2334/2185/1348
f 2333/2184/1984 2337/2188/1986 2336/2187/1352
f 2331/2182/1983 2336/2187/1352 2337/2188/1986
f 2337/2188/1986 2333/2184/1984 2338/2189/1407
f 2337/2188/1986 2339/2190/1987 2331/2182/1983
f 2339/2190/1987 2337/2188/1986 2340/2191/1988
f 2337/2188/1986 2341/2192/1989 2340/2191/1988
f 2343/2193/1990 2339/2190/1353 2342/2194/328
f 2341/2192/1991 2343/2193/1990 2342/2194/328
f 2337/2188/1986 2344/2195/1992 2341/2192/1989
f 2331/2182/1983 2343/2193/1993 2345/2196/330
f 2331/2182/1983 2345/2196/330 2346/2197/1994
f 2347/2198/1360 2331/2182/1983 2346/2197/1994
f 2197/2047/1905 2331/2182/1983 2347/2198/1360
f 2349/2199/1995 2348/2200/1996 2350/2201/333
f 2197/2047/1905 2351/2202/1997 2353/2203/334
f 2190/2039/1898 2197/2047/1905 2354/2204/1998
f 2352/2205/1365 2355/2206/1999 2354/2204/1681
f 2355/2206/1999 2352/2205/1365 2356/2207/2000
f 2358/2208/2001 2359/2209/1369 2357/2210/2002
f 2360/2211/2003 2357/2210/2002 2359/2209/1369
f 2293/2142/1954 1915/1767/1710 1976/1828/1761
f 1915/1767/1710 2293/2142/1954 2361/2212/1294
f 1917/1770/1713 1915/1767/1710 2361/2212/1294
f 2293/2142/2004 1971/1823/1760 2290/2141/2005
f 2361/2212/1294 2293/2142/1954 2363/2213/2006
f 2293/2142/1954 2364/2214/2007 2363/2213/2006
f 1917/1770/1713 2361/2212/1294 2362/2215/1371
f 2362/2215/1371 2364/2214/2007 1917/1770/1713
f 2298/2146/1958 1917/1770/1713 2364/2214/2007
f 2293/2142/1954 2298/2146/1958 2364/2214/2007
f 1917/1770/1713 2298/2146/1958 2365/2216/2008
f 2277/2125/1298 1917/1770/1713 2365/2216/2008
f 2298/2146/1958 2293/2142/1954 2294/2143/1955
f 2277/2125/1298 2365/2216/2008 2366/2217/2009
f 2366/2217/2009 2367/2218/2010 2277/2125/1298
f 2365/2216/2008 2298/2146/1958 2368/2219/2011
f 2298/2146/1958 2367/2218/2010 2368/2219/2011
f 2370/2220/2012 2369/2221/864 2371/2222/2013
f 2372/2223/2014 2371/2222/2013 2369/2221/864
f 2373/2224/345 2272/2225/2015 2374/2226/2016
f 2272/2225/2015 2372/2223/2017 2374/2226/2016
f 2372/2223/2017 2272/2225/2015 2277/2125/1298
f 2300/2149/1961 2277/2125/1298 2367/2218/2010
f 2308/2156/1324 2272/2225/2015 2373/2224/345
f 2298/2146/1958 2300/2149/1961 2367/2218/2010
f 2375/2227/2018 2377/2228/2019 2376/2229/2020
f 2377/2228/2019 2375/2227/2018 2378/2230/346
f 2381/2231/2021 2379/2232/2022 2382/2233/2023
f 2380/2234/1385 2382/2233/2023 2379/2232/2022
f 2384/2235/2024 2386/2236/356 2383/2237/1693
f 2386/2236/356 2384/2235/2024 2385/2238/2025
f 2076/1924/1814 2343/2193/1990 2387/2239/1695
f 2387/2239/1695 2344/2195/2026 2388/2240/2027
f 2344/2195/2026 2389/2241/2028 2388/2240/2027
f 2389/2241/2029 2076/1924/1814 2390/2242/2030
f 2076/1924/1814 2389/2241/2029 2078/1922/1812
f 2078/1922/1819 2392/2243/1398 2391/2244/1396
f 2078/1922/1819 2344/2195/1992 2392/2243/1398
f 2392/2243/1398 2015/1858/1776 2393/2245/2031
f 2015/1858/1776 2392/2243/1398 2344/2195/1992
f 2015/1858/1776 2394/2246/2032 2393/2245/2031
f 2394/2246/2032 2078/1922/1819 2391/2244/1396
f 2078/1922/1819 2394/2246/2032 2086/1934/1826
f 2015/1858/1776 2086/1934/1826 2394/2246/2032
f 2395/2247/1400 2344/2195/1992 2396/2248/2033
f 2344/2195/1992 2397/2249/1305 2396/2248/2033
f 2344/2195/1992 2395/2247/1400 2015/1858/1776
f 2344/2195/1992 2337/2188/1986 2397/2249/1305
f 2395/2247/1400 2398/2250/2034 2009/1852/1775
f 2397/2249/1305 2009/1852/1775 2398/2250/2034
f 2009/1852/1775 2397/2249/1305 2337/2188/1986
f 2009/1852/1775 2015/1858/1776 2395/2247/1400
f 2337/2188/1986 2399/2251/1406 2009/1852/1775
f 2399/2251/1406 2337/2188/1986 2400/2252/1404
f 2337/2188/1986 2338/2189/1407 2400/2252/1404
f 2399/2251/2035 2401/2253/2036 2004/1849/1411
f 2338/2189/1412 2004/1849/1411 2401/2253/2036
f 2333/2184/1984 2402/2254/367 2004/1849/1411
f 2402/2254/367 2333/2184/1984 2403/2255/1416
f 2333/2184/1984 2404/2256/1418 2403/2255/1416
f 2333/2184/1984 2323/2171/1974 2404/2256/1418
f 2405/2257/2037 2406/2258/2038 2407/2259/2039
f 1898/1751/1703 2224/2075/1921 2271/2260/1292
f 2269/2118/1294 1898/1751/1703 2271/2260/1292
f 1898/1751/1703 2269/2118/1294 2268/2116/1941
f 2268/2116/1941 2408/2261/2040 1898/1751/1703
f 2408/2261/2040 2268/2116/1941 2409/2262/2041
f 2410/2263/2042 2409/2262/2041 2268/2116/1941
f 2138/1988/1861 2408/2261/2040 2411/2264/371
f 2410/2263/1421 2138/1988/1861 2411/2264/371
f 2138/1988/1861 1898/1751/1703 2408/2261/2040
f 2268/2116/1941 2134/1984/2043 2410/2263/2042
f 2134/1984/2043 2268/2116/1941 2412/2265/2044
f 2263/2110/1285 2412/2265/2044 2268/2116/1941
f 2134/1984/2043 2412/2265/2044 2413/2266/1424
f 2412/2265/2044 2263/2110/1285 2414/2267/2045
f 2415/2268/2046 2414/2267/2045 2263/2110/1285
f 2415/2268/2046 2134/1984/2043 2413/2266/1424
f 2263/2110/1285 2416/2269/2047 2415/2268/2046
f 2134/1984/2043 2415/2268/2046 2416/2269/2047
f 2416/2269/2047 2263/2110/1285 2417/2270/2048
f 2419/2271/2049 2418/2272/914 2420/2273/1450
f 2417/2270/2050 2256/2106/1938 2420/2273/1450
f 2416/2269/2047 2417/2270/2048 2421/2274/2051
f 2422/2275/2052 2420/2273/1450 2256/2106/1938
f 2422/2275/2052 2416/2269/2047 2421/2274/2051
f 2416/2269/2047 2422/2275/2052 2423/2276/1439
f 2257/2173/1274 2424/2277/1436 2256/2106/1276
f 2424/2277/2053 2426/2278/923 2425/2279/2054
f 2423/2276/1434 2424/2277/1701 2427/2280/924
f 2426/2278/923 2424/2277/2053 2428/2281/1437
f 2429/2282/375 2423/2276/1434 2427/2280/924
f 2257/2173/1274 2323/2171/1974 2429/2282/375
f 2431/2283/1443 2323/2171/1974 2430/2284/2055
f 2432/2285/2056 2430/2284/2055 2323/2171/1974
f 2432/2285/2056 2199/2049/1908 2433/2286/2057
f 2199/2049/1908 2431/2283/1443 2433/2286/2057
f 2199/2049/1908 2432/2285/2056 2333/2184/1984
f 2323/2171/1974 2333/2184/1984 2432/2285/2056
f 2199/2049/1908 2423/2276/1439 2431/2283/1443
f 2323/2171/1974 2431/2283/1443 2423/2276/1439
f 2423/2276/1439 2199/2049/1908 2434/2287/2058
f 2434/2287/2058 2435/2288/2059 2423/2276/1439
f 2436/2289/1446 2423/2276/1439 2435/2288/2059
f 2423/2276/1439 2436/2289/1446 2416/2269/2047
f 2133/2044/1906 2436/2289/1446 2437/2290/1449
f 2434/2287/2058 2133/2044/1906 2437/2290/1449
f 2133/2044/1906 2416/2269/2047 2436/2289/1446
f 2133/2044/1906 2434/2287/2058 2199/2049/1908
f 2416/2269/2047 2133/2044/1906 2129/1980/2060
f 2129/1980/2060 2438/2291/2061 2416/2269/2047
f 2132/1983/2062 2416/2269/2047 2438/2291/2061
f 2416/2269/2047 2132/1983/2062 2134/1984/2043
f 2131/1982/1450 2439/2292/2063 2440/2293/2064
f 2443/2294/1705 2442/2295/2065 2444/2296/378
f 2444/2296/378 2445/2297/2066 2443/2294/1705
f 2444/2296/378 2442/2295/2065 2446/2298/2067
f 2445/2297/2066 2444/2296/378 2447/2299/942
f 2453/2300/1709 2452/2301/1456 2451/2302/11
f 2450/2303/8 2453/2300/1709 2451/2302/11
f 2457/2304/393 2454/2305/390 2458/2306/400
f 2454/2305/2068 2456/2307/760 2459/2308/857
f 2458/2306/400 2463/2309/2069 2461/2310/398
f 2463/2309/2069 2460/2311/2070 2462/2312/2071
f 2463/2309/2069 2458/2306/400 2464/2313/2072
f 2464/2313/2072 2460/2311/2070 2463/2309/2069
f 2465/2314/2073 2457/2304/2074 2460/2311/403
f 2470/2315/2075 2468/2316/16 2469/2317/2076
f 2471/2318/412 2470/2315/2075 2469/2317/2076
f 2465/2314/2073 2468/2316/407 2457/2304/2074
f 2465/2314/414 2472/2319/2077 2471/2318/2078
f 2467/2320/960 2473/2321/1716 2471/2318/2079
f 2468/2316/16 2474/2322/2080 2466/2323/408
f 2472/2319/2077 2465/2314/414 2475/2324/2081
f 2475/2324/2081 2479/2325/1722 2476/2326/1719
f 2477/2327/965 2479/2325/1722 2478/2328/417
f 2479/2325/1722 2475/2324/2081 2480/2329/419
f 2480/2329/419 2478/2328/417 2479/2325/1722
f 2483/2330/2082 2472/2319/2077 2482/2331/20
f 2483/2330/2082 2482/2331/20 2484/2332/422
f 2484/2332/422 2481/2333/2083 2483/2330/2082
f 2488/2334/1458 2487/2335/2084 2486/2336/423
f 2487/2335/2084 2488/2334/1458 2489/2337/2085
f 2497/2338/2086 2494/2339/430 2498/2340/1735
f 2498/2340/1735 2495/2341/2087 2497/2338/2086
f 2496/2342/2088 2498/2340/1735 2494/2339/430
f 2495/2341/2087 2498/2340/1735 2499/2343/985
f 2502/2344/1737 2493/2326/2089 2503/2345/2090
f 2491/2324/2091 2503/2345/2090 2493/2326/2089
f 2503/2345/2090 2492/2327/1738 2502/2344/1737
f 2492/2327/1738 2503/2345/2090 2490/2328/2092
f 2485/2346/2093 2501/2347/1736 2492/2327/1738
f 2501/2347/1736 2485/2346/2093 2504/2348/1740
f 2505/2349/1461 2501/2347/1736 2507/2350/2094
f 2509/2351/1463 2506/2352/26 2508/2353/2095
f 2508/2353/2095 2510/2354/2096 2509/2351/1463
f 2506/2352/26 2510/2354/2096 2511/2355/1750
f 2511/2355/1750 2501/2347/1736 2506/2352/26
f 2510/2354/2096 2506/2352/26 2512/2356/1745
f 2506/2352/26 2509/2351/1463 2512/2356/1745
f 2510/2354/2096 2512/2356/1745 2513/2357/440
f 2509/2351/1463 2510/2354/2096 2513/2357/440
f 2510/2354/2096 2515/2358/449 2514/2359/2097
f 2511/2355/1750 2510/2354/2096 2514/2359/2097
f 2501/2347/1736 2511/2355/1750 2516/2360/1751
f 2516/2360/1751 2515/2358/1748 2501/2347/1736
f 2518/2320/1754 2500/2361/2098 2501/2347/2099
f 2518/2320/1754 2520/2317/2100 2519/2318/451
f 2520/2317/2100 2518/2320/1754 2521/2362/455
f 2523/2363/1756 2500/2361/2098 2522/2323/458
f 2522/2323/458 2500/2361/2098 2524/2322/2101
f 2500/2361/2098 2518/2320/1754 2524/2322/2101
f 2528/2364/2102 2525/2312/2103 2526/2365/462
f 2525/2312/2103 2528/2364/2102 2529/2311/2104
f 2530/2306/470 2528/2364/2105 2527/2310/2106
f 2535/2366/2107 2538/2367/1012 2533/2368/2108
f 2539/2369/2109 2535/2366/2107 2531/2370/2110
f 2538/2367/1012 2535/2366/2107 2540/2371/1478
f 2534/2372/2111 2540/2371/1478 2537/2373/1010
f 2539/2369/2109 2541/2374/2112 2537/2373/1479
f 2543/2375/2113 2536/2376/1835 2542/2377/52
f 2543/2375/2113 2542/2377/52 2544/2378/1483
f 2545/2379/1764 2543/2375/2113 2544/2378/1483
f 2543/2375/2113 2545/2379/1764 2546/2380/1492
f 2547/2381/2114 2542/2377/2115 2548/2382/2116
f 2542/2377/2115 2541/2374/1488 2548/2382/2116
f 2552/2383/1018 2546/2380/1492 2551/2384/1019
f 2555/2385/2117 2552/2383/2118 2554/2386/1021
f 2550/2387/2119 2555/2385/2117 2549/2388/2120
f 2555/2385/2117 2550/2387/2119 2556/2389/2121
f 2557/2390/1564 2553/2391/2122 2552/2383/1494
f 2557/2390/1564 2550/2387/477 2541/2374/1488
f 2558/2392/2123 2559/2393/2124 2560/2394/2125
f 2559/2393/2124 2561/2395/2126 2560/2394/2125
f 2560/2394/2125 2561/2395/2126 2562/2396/482
f 2561/2395/2126 2563/2397/62 2562/2396/482
f 2558/2392/2123 2560/2394/2125 2564/2398/2127
f 2563/2397/62 2558/2392/2123 2564/2398/2127
f 2565/2399/64 2558/2392/2123 2563/2397/62
f 2563/2397/62 2561/2395/2126 2565/2399/64
f 2567/2400/223 2558/2392/2123 2566/2401/2128
f 2565/2399/64 2561/2395/2126 2568/2402/1770
f 2561/2395/2126 2569/2403/2129 2568/2402/1770
f 2565/2399/64 2568/2402/1770 2571/2404/68
f 2568/2402/1770 2569/2403/2129 2572/2405/2130
f 2569/2403/2129 2573/2406/487 2572/2405/2130
f 2573/2406/487 2565/2399/64 2571/2404/68
f 2573/2406/487 2569/2403/2129 2574/2407/2131
f 2574/2407/2131 2565/2399/64 2573/2406/487
f 2574/2407/2131 2569/2403/2129 2575/2408/2132
f 2569/2403/2129 2576/2409/2133 2575/2408/2132
f 2574/2407/2131 2575/2408/2132 2577/2410/2134
f 2578/2411/491 2574/2407/2131 2577/2410/2134
f 2579/2412/1506 2575/2408/2132 2576/2409/2133
f 2576/2409/2133 2578/2411/491 2579/2412/1506
f 2576/2409/2133 2580/2413/2135 2578/2411/491
f 2580/2413/2135 2574/2407/2131 2578/2411/491
f 2576/2409/2133 2583/2414/2136 2582/2415/1507
f 2581/2416/1042 2584/2417/495 2582/2415/492
f 2585/2418/1043 2582/2415/1507 2583/2414/2136
f 2583/2414/2136 2586/2419/496 2585/2418/1043
f 2584/2417/495 2581/2416/1042 2587/2420/2137
f 2586/2419/496 2583/2414/2136 2588/2421/497
f 2594/2422/1779 2589/2423/498 2590/2424/2138
f 2591/2425/503 2594/2422/1779 2593/2426/1326
f 2589/2423/498 2594/2422/1779 2595/2427/2139
f 2594/2422/1779 2591/2425/503 2595/2427/2139
f 2588/2421/497 2592/2428/504 2596/2429/1517
f 2596/2429/1517 2592/2428/504 2597/2430/1516
f 2601/2431/1511 2604/2432/1782 2603/2433/516
f 2604/2432/1782 2602/2434/514 2603/2433/516
f 2601/2431/1511 2605/2435/1513 2604/2432/1782
f 2606/2436/1786 2607/2437/83 2596/2429/1517
f 2597/2430/2140 2599/2438/508 2608/2439/82
f 2607/2437/83 2606/2436/1786 2609/2440/84
f 2611/2441/2141 2612/2442/2142 2610/2443/518
f 2612/2442/2142 2611/2441/2141 2613/2444/2143
f 2615/2445/93 2598/2446/506 2614/2447/2144
f 2617/2448/96 2598/2446/506 2616/2449/91
f 2619/2450/107 2617/2448/96 2618/2451/2145
f 2620/2452/2146 2598/2446/506 2617/2448/96
f 2619/2450/107 2620/2452/2146 2617/2448/96
f 2598/2446/506 2620/2452/2146 2600/2453/510
f 2621/2454/100 2623/2455/2147 2622/2456/2148
f 2630/2457/1798 2629/2458/2149 2627/2459/112
f 2630/2457/1798 2628/2460/2150 2629/2458/2149
f 2627/2459/112 2532/2461/528 2630/2457/1798
f 2631/2462/531 2626/2463/110 2625/2459/2151
f 2631/2462/531 2632/2460/2152 2626/2463/110
f 2632/2460/2152 2631/2462/531 2633/2464/2153
f 2638/2373/2154 2639/2465/2155 2637/2466/2156
f 2624/2467/2157 2641/2367/122 2640/2368/121
f 2642/2372/123 2639/2465/2155 2638/2373/2154
f 2642/2372/123 2641/2367/122 2634/2468/118
f 2634/2468/118 2643/2469/2158 2642/2372/123
f 2620/2452/2146 2619/2450/107 2644/2470/2159
f 2644/2470/2159 2643/2469/2158 2645/2381/2160
f 2620/2452/2146 2644/2470/2159 2646/2471/1548
f 2647/2472/1802 2620/2452/2146 2646/2471/1548
f 2647/2472/1802 2645/2381/2160 2643/2469/2158
f 2648/2473/131 2620/2452/2146 2647/2472/1802
f 2650/2383/1120 2651/2474/134 2649/2384/539
f 2651/2474/134 2650/2383/1120 2654/2386/135
f 2652/2388/2161 2655/2475/2162 2653/2385/2163
f 2655/2475/2162 2654/2386/2164 2653/2385/2163
f 2643/2469/2158 2655/2475/2162 2652/2388/2161
f 2655/2475/2162 2656/2476/136 2654/2386/2164
f 2660/2477/2165 2657/2478/2166 2658/2479/2167
f 2658/2479/2167 2659/2480/2168 2660/2477/2165
f 2657/2478/2166 2660/2477/2165 2661/2481/1555
f 2660/2477/2165 2659/2480/2168 2662/2482/2169
f 2664/2483/2170 2665/2484/2171 2663/2485/2172
f 2665/2484/2171 2664/2483/2170 2636/2486/1541
f 2664/2483/2170 2635/2487/1540 2636/2486/1541
f 2670/2488/2173 2668/2480/2174 2666/2482/2175
f 2668/2480/2174 2670/2488/2173 2671/2489/2176
f 2667/2481/1562 2671/2489/2176 2670/2488/2173
f 2669/2478/2177 2671/2489/2176 2667/2481/1562
f 2673/2490/2178 2676/2491/156 2672/2492/2179
f 2676/2491/156 2674/2493/1118 2675/2494/154
f 2676/2491/156 2673/2490/2178 2677/2495/2180
f 2674/2493/1118 2676/2491/156 2677/2495/2180
f 2681/2496/1178 2682/2497/2181 2680/2498/1570
f 2679/2499/1123 2682/2497/2181 2678/2500/157
f 2678/2500/157 2682/2497/2181 2683/2501/2182
f 2682/2497/2181 2681/2496/1178 2683/2501/2182
f 2656/2476/136 2567/2400/223 2684/2502/546
f 2684/2502/546 2567/2400/223 2685/2503/2183
f 2567/2400/223 2566/2401/2128 2685/2503/2183
f 2686/2504/545 2570/2505/1029 2566/2401/1806
f 2566/2401/1806 2565/2399/64 2686/2504/545
f 2687/2506/547 2570/2505/1029 2686/2504/545
f 2565/2399/64 2574/2407/2131 2688/2507/167
f 2689/2508/550 2688/2507/167 2574/2407/2131
f 2574/2407/2131 2690/2509/172 2689/2508/550
f 2656/2476/2184 2688/2507/2185 2691/2510/2186
f 2690/2509/172 2656/2476/2184 2691/2510/2186
f 2574/2407/2131 2648/2473/131 2690/2509/172
f 2648/2473/131 2574/2407/2131 2692/2511/2187
f 2574/2407/2131 2580/2413/2135 2692/2511/2187
f 2648/2473/131 2692/2511/2187 2693/2512/175
f 2694/2513/2188 2692/2511/2187 2580/2413/2135
f 2695/2514/555 2648/2473/131 2693/2512/175
f 2580/2413/2135 2695/2514/555 2694/2513/2188
f 2620/2452/2146 2648/2473/131 2695/2514/555
f 2695/2514/555 2580/2413/2135 2620/2452/2146
f 2620/2452/2146 2580/2413/2135 2696/2515/1584
f 2620/2452/2146 2696/2515/1584 2697/2516/2189
f 2600/2453/510 2620/2452/2146 2697/2516/2189
f 2588/2421/2190 2600/2453/510 2698/2517/1585
f 2696/2515/1584 2588/2421/2190 2698/2517/1585
f 2699/2518/2191 2543/2375/2113 2700/2519/316
f 2546/2380/1492 2700/2519/316 2543/2375/2113
f 2543/2375/2113 2699/2518/2191 2701/2520/1813
f 2702/2521/1812 2704/2522/564 2703/2523/1815
f 2701/2520/1813 2705/2524/182 2543/2375/2113
f 2703/2523/1815 2704/2522/564 2706/2517/2192
f 2704/2522/2193 2543/2375/2113 2705/2524/182
f 2543/2375/2113 2704/2522/2193 2707/2525/1834
f 2702/2521/1812 2709/2526/2194 2708/2436/2195
f 2711/2527/2196 2710/2430/1147 2712/2528/1823
f 2710/2430/1147 2711/2527/2196 2713/2439/188
f 2709/2526/1826 2714/2529/1825 2711/2527/186
f 2718/2530/2197 2715/2531/1827 2717/2532/2198
f 2715/2531/1827 2718/2530/2197 2719/2533/2199
f 2718/2530/2197 2716/2534/1153 2719/2533/2199
f 2716/2534/1153 2718/2530/2197 2720/2535/574
f 2721/2431/2200 2723/2536/1830 2722/2537/2201
f 2723/2536/1830 2724/2434/2202 2722/2537/2201
f 2724/2434/2202 2723/2536/1830 2725/2538/2203
f 2727/2539/2204 2728/2540/1593 2726/2541/2205
f 2728/2540/1593 2727/2539/2204 2729/2542/2206
f 2707/2525/1834 2730/2543/1833 2731/2544/199
f 2733/2545/2207 2707/2525/1834 2732/2546/1597
f 2543/2375/2113 2707/2525/1834 2733/2545/2207
f 2733/2545/2207 2734/2547/2208 2536/2376/1835
f 2536/2376/1835 2543/2375/2113 2733/2545/2207
f 2536/2376/1835 2731/2544/199 2730/2543/1833
f 2736/2548/2209 2735/2549/1600 2737/2550/1841
f 2742/2551/2210 2738/2500/2211 2741/2499/1169
f 2740/2498/1607 2744/2552/2212 2742/2551/2210
f 2738/2500/2211 2742/2551/2210 2744/2552/2212
f 2744/2552/2212 2740/2498/1607 2739/2496/2213
f 2749/2553/222 2746/2554/589 2748/2555/1844
f 2745/2556/2214 2749/2553/222 2747/2557/218
f 2750/2558/1612 2746/2554/589 2749/2553/222
f 2749/2553/222 2745/2556/2214 2750/2558/1612
f 2754/2559/226 2756/2560/1613 2753/2561/599
f 2752/2562/601 2756/2560/2215 2751/2563/1178
f 2756/2560/1613 2754/2559/226 2757/2564/228
f 2755/2565/2216 2558/2392/2123 2754/2559/224
f 2558/2392/2123 2567/2400/223 2751/2563/2217
f 2558/2392/2123 2755/2565/2216 2758/2566/610
f 2758/2566/610 2755/2565/2216 2759/2567/2218
f 2755/2565/2216 2760/2568/1850 2759/2567/2218
f 2761/2569/2219 2760/2568/2220 2762/2570/612
f 2764/2571/2221 2763/2572/2060 2766/2573/1903
f 2764/2571/1857 2767/2574/2043 2765/2575/1453
f 2768/2576/2222 2772/2577/1182 2769/2578/1858
f 2772/2577/1182 2770/2579/1185 2769/2578/1858
f 2774/2580/2223 2770/2579/1615 2773/2581/2224
f 2768/2576/2225 2774/2580/2223 2773/2581/2224
f 2774/2580/2223 2771/2582/2226 2770/2579/1615
f 2774/2580/2223 2768/2576/2225 2764/2571/1899
f 2771/2582/2227 2775/2583/1865 2777/2584/2228
f 2778/2585/2229 2771/2582/2227 2777/2584/2228
f 2775/2583/2230 2780/2586/2231 2779/2587/2232
f 2780/2586/2231 2778/2585/1867 2779/2587/2232
f 2780/2586/2231 2775/2583/2230 2774/2580/1862
f 2780/2586/2231 2781/2588/1868 2778/2585/1867
f 2781/2588/2233 2784/2589/1870 2785/2590/238
f 2782/2591/1869 2781/2588/2233 2785/2590/238
f 2783/2592/1619 2782/2591/2234 2786/2593/2235
f 2786/2593/2235 2782/2591/2234 2787/2594/1196
f 2789/2595/2236 2788/2596/639 2441/2597/2237
f 2790/2598/642 2441/2597/2237 2788/2596/639
f 2441/2597/2237 2781/2588/1868 2789/2595/2236
f 2441/2597/2237 2790/2598/642 2453/2300/1709
f 2789/2595/2236 2792/2599/2238 2791/2600/2239
f 2792/2599/2238 2790/2598/642 2791/2600/2239
f 2792/2599/2238 2789/2595/2236 2781/2588/1868
f 2792/2599/2238 2453/2300/1709 2790/2598/642
f 2781/2588/1868 2793/2601/644 2792/2599/2238
f 2793/2601/644 2781/2588/1868 2794/2602/2240
f 2795/2603/2241 2794/2602/2240 2781/2588/1868
f 2781/2588/1868 2780/2586/2231 2795/2603/2241
f 2453/2300/1709 2792/2599/2238 2796/2604/1875
f 2483/2330/2082 2796/2604/1875 2792/2599/2238
f 2796/2604/1875 2797/2605/1625 2453/2300/1709
f 2797/2605/1625 2483/2330/2082 2453/2300/1709
f 2483/2330/2082 2797/2605/1625 2798/2606/1876
f 2796/2604/1875 2483/2330/2082 2798/2606/1876
f 2800/2607/2242 2792/2599/2238 2801/2608/653
f 2802/2609/2243 2801/2608/653 2792/2599/2238
f 2472/2319/2077 2800/2607/2242 2799/2610/1879
f 2802/2609/655 2472/2319/2077 2799/2610/1879
f 2792/2599/2238 2800/2607/2242 2483/2330/2082
f 2472/2319/2077 2483/2330/2082 2800/2607/2242
f 2792/2599/2238 2470/2315/2075 2802/2609/2243
f 2470/2315/2075 2792/2599/2238 2793/2601/644
f 2470/2315/2075 2793/2601/644 2803/2611/247
f 2795/2603/2241 2470/2315/2075 2803/2611/247
f 2470/2315/2075 2795/2603/2241 2780/2586/2231
f 2780/2586/2231 2804/2612/657 2470/2315/2075
f 2804/2612/657 2780/2586/2231 2806/2613/1631
f 2780/2586/2231 2807/2614/2244 2806/2613/1631
f 2780/2586/2231 2808/2615/663 2807/2614/2244
f 2810/2616/2245 2805/2617/2246 2809/2618/2247
f 2807/2614/2248 2457/2304/2249 2809/2618/2247
f 2457/2304/2249 2804/2612/657 2809/2618/2247
f 2457/2304/2249 2470/2315/2075 2804/2612/657
f 2808/2615/663 2813/2619/1893 2811/2620/2250
f 2814/2621/1894 2808/2615/663 2811/2620/2250
f 2813/2619/1893 2774/2580/1862 2812/2622/666
f 2774/2580/1862 2814/2621/1894 2812/2622/666
f 2780/2586/2231 2774/2580/1862 2813/2619/1893
f 2808/2615/663 2780/2586/2231 2813/2619/1893
f 2774/2580/1862 2815/2623/2251 2814/2621/1894
f 2808/2615/663 2814/2621/1894 2815/2623/2251
f 2776/2624/1632 2815/2623/2251 2774/2580/1862
f 2815/2623/2251 2776/2624/1632 2816/2625/2252
f 2776/2624/1632 2764/2571/1857 2817/2626/670
f 2764/2571/1857 2818/2627/252 2817/2626/670
f 2818/2627/252 2815/2623/2251 2816/2625/2252
f 2764/2571/1857 2819/2628/1898 2818/2627/252
f 2815/2623/2251 2818/2627/252 2819/2628/1898
f 2766/2573/1903 2820/2629/2253 2764/2571/2221
f 2820/2629/1900 2821/2630/2254 2819/2628/2255
f 2822/2631/679 2819/2628/2255 2821/2630/2254
f 2766/2573/1903 2823/2632/2256 2822/2631/2257
f 2828/2633/2258 2824/2634/1907 2826/2635/1909
f 2827/2636/2259 2828/2633/2258 2826/2635/1909
f 2824/2634/1907 2828/2633/2258 2825/2637/2260
f 2453/2300/1709 2450/2303/8 2441/2597/2237
f 2830/2638/2261 2831/2639/2262 2832/2640/2263
f 2833/2641/2264 2831/2639/2262 2830/2638/2261
f 2834/2297/1231 2837/2642/2265 2449/2299/385
f 2836/2298/692 2837/2642/1640 2835/2295/2266
f 2839/2643/2267 2838/2644/695 2836/2298/690
f 2448/2645/4 2838/2644/691 2841/2646/262
f 2841/2646/262 2508/2353/2268 2448/2645/4
f 2838/2644/691 2843/2647/268 2842/2648/696
f 2508/2353/2268 2841/2646/262 2843/2647/2269
f 2844/2649/2270 2838/2644/691 2845/2650/700
f 2838/2644/691 2846/2651/703 2845/2650/700
f 2846/2651/703 2838/2644/691 2847/2652/705
f 2510/2354/2096 2844/2649/698 2848/2653/1918
f 2846/2651/703 2510/2354/2096 2848/2653/1918
f 2847/2652/705 2510/2354/2096 2846/2651/703
f 2844/2649/698 2510/2354/2096 2508/2353/2095
f 2850/2654/704 2839/2643/2267 2851/2593/1245
f 2839/2643/2267 2852/2594/275 2851/2593/1245
f 2838/2644/695 2839/2643/2267 2850/2654/704
f 2852/2594/275 2839/2643/2267 2853/2655/707
f 2847/2652/705 2853/2655/707 2854/2656/2271
f 2854/2656/2271 2853/2655/707 2855/2657/710
f 2853/2655/707 2856/2658/708 2855/2657/710
f 2859/2659/2272 2854/2656/2271 2858/2660/2273
f 2856/2658/708 2859/2659/2272 2858/2660/2273
f 2854/2656/2271 2859/2659/2272 2847/2652/705
f 2857/2661/2274 2859/2659/2272 2856/2658/708
f 2847/2652/705 2861/2662/278 2860/2663/716
f 2861/2662/278 2847/2652/705 2859/2659/2272
f 2862/2664/719 2847/2652/705 2860/2663/716
f 2510/2354/2096 2847/2652/705 2862/2664/719
f 2517/2665/2275 2862/2664/719 2863/2666/276
f 2861/2662/278 2517/2665/2275 2863/2666/276
f 2862/2664/719 2517/2665/2275 2510/2354/2096
f 2859/2659/2272 2517/2665/2275 2861/2662/278
f 2517/2665/2275 2859/2659/2272 2864/2667/720
f 2515/2358/449 2510/2354/2096 2517/2665/2275
f 2864/2667/720 2859/2659/2272 2865/2668/721
f 2859/2659/2272 2866/2617/1263 2865/2668/721
f 2523/2363/1760 2864/2667/720 2867/2616/2276
f 2866/2617/1263 2523/2363/1760 2867/2616/2276
f 2523/2363/1760 2517/2665/2275 2864/2667/720
f 2868/2669/2277 2523/2363/1760 2866/2617/1263
f 2866/2617/1263 2859/2659/2272 2868/2669/2277
f 2868/2669/2277 2859/2659/2272 2869/2670/1932
f 2859/2659/2272 2857/2661/2274 2869/2670/1932
f 2868/2669/2277 2869/2670/1932 2870/2671/2278
f 2869/2670/1932 2857/2661/2274 2871/2672/2279
f 2872/2673/2280 2868/2669/2277 2870/2671/2278
f 2857/2661/2274 2872/2673/2280 2871/2672/2279
f 2872/2673/2280 2857/2661/2274 2873/2674/2281
f 2873/2674/2281 2868/2669/2277 2872/2673/2280
f 2873/2674/2281 2857/2661/2274 2874/2675/1653
f 2873/2674/2281 2874/2675/1653 2875/2676/2282
f 2876/2677/733 2873/2674/2281 2875/2676/2282
f 2874/2675/1653 2878/2678/2283 2877/2679/2284
f 2857/2661/2274 2878/2678/2283 2874/2675/1653
f 2878/2678/2283 2876/2677/733 2877/2679/2284
f 2876/2677/733 2878/2678/2283 2879/2680/921
f 2879/2680/921 2873/2674/2281 2876/2677/733
f 2883/2681/285 2881/2581/2285 2880/2576/1301
f 2883/2681/285 2857/2661/2274 2884/2682/286
f 2878/2678/2283 2857/2661/2274 2883/2681/285
f 2882/2579/1281 2884/2682/286 2885/2683/2286
f 2857/2661/715 2853/2655/707 2885/2683/737
f 2887/2684/2287 2883/2681/285 2886/2577/1282
f 2891/2685/288 2889/2686/2288 2888/2687/1286
f 2893/2688/748 2889/2686/2289 2892/2689/2290
f 2890/2690/1290 2889/2686/2289 2893/2688/748
f 2893/2688/748 2853/2655/707 2839/2643/2267
f 2896/2691/2291 2895/2692/2292 2894/2693/2293
f 2849/2694/1293 2895/2692/2292 2840/2695/694
f 2895/2692/2292 2896/2691/2291 2897/2696/2294
f 2840/2695/694 2895/2692/2292 2897/2696/2294
f 2815/2623/2251 2898/2697/2295 2899/2698/292
f 2815/2623/2251 2899/2698/292 2900/2699/754
f 2901/2700/761 2815/2623/2251 2900/2699/754
f 2808/2615/663 2815/2623/2251 2901/2700/761
f 2899/2698/292 2456/2307/760 2902/2701/290
f 2456/2307/760 2901/2700/761 2902/2701/290
f 2808/2615/663 2456/2307/760 2455/2702/391
f 2808/2615/663 2455/2702/391 2904/2703/2296
f 2905/2704/2297 2808/2615/663 2904/2703/2296
f 2457/2304/2298 2808/2615/663 2905/2704/2297
f 2455/2702/391 2906/2705/2299 2903/2706/1283
f 2907/2707/2300 2905/2704/2297 2906/2705/2299
f 2906/2705/2299 2455/2702/391 2907/2707/2300
f 2561/2395/2126 2559/2393/2124 2908/2708/325
f 2909/2709/2301 2873/2674/2281 2559/2393/2124
f 2873/2674/2281 2909/2709/2301 2910/2710/2302
f 2911/2711/1951 2873/2674/2281 2910/2710/2302
f 2868/2669/2277 2873/2674/2281 2911/2711/1951
f 2913/2712/1949 2911/2711/1951 2912/2713/297
f 2909/2709/2301 2913/2712/1949 2912/2713/297
f 2559/2393/2124 2913/2712/1949 2909/2709/2301
f 2914/2706/1307 2868/2669/2277 2913/2712/1949
f 2916/2714/780 2868/2669/2277 2915/2715/2303
f 2916/2714/2005 2917/2703/2304 2918/2704/783
f 2920/2716/2305 2916/2714/2005 2919/2705/2306
f 2919/2705/2306 2914/2706/620 2920/2716/2305
f 2925/2717/2307 2921/2718/2308 2923/2719/2309
f 2923/2719/2309 2924/2720/1957 2925/2717/2307
f 2921/2718/2308 2925/2717/2307 2922/2308/788
f 2926/2721/1316 2925/2717/2307 2924/2720/1957
f 2760/2568/1850 2755/2565/2216 2913/2712/1949
f 2927/2722/1319 2928/2723/1962 2929/2724/2310
f 2931/2725/796 2928/2723/1962 2930/2726/1963
f 2928/2723/1962 2931/2725/796 2932/2727/2311
f 2932/2727/2311 2929/2724/2310 2928/2723/1962
f 2933/2728/865 2935/2729/2312 2934/2561/800
f 2936/2730/2313 2934/2561/2314 2937/2731/299
f 2937/2731/299 2938/2562/805 2936/2730/2313
f 2937/2731/299 2934/2561/2314 2939/2559/1326
f 2938/2562/805 2937/2731/299 2940/2563/2315
f 2935/2729/2312 2743/2732/590 2938/2562/805
f 2945/2733/810 2941/2503/307 2943/2502/304
f 2942/2505/1332 2944/2734/309 2743/2732/590
f 2942/2505/1968 2947/2735/1661 2946/2506/2316
f 2743/2732/590 2935/2729/2312 2942/2505/1332
f 2743/2732/1609 2945/2733/2317 2553/2391/1491
f 2947/2735/2318 2949/2736/2319 2948/2737/2320
f 2948/2737/1665 2950/2738/1971 2553/2391/2122
f 2948/2737/2320 2949/2736/2319 2951/2739/2321
f 2949/2736/2319 2952/2740/814 2951/2739/2321
f 2952/2740/312 2553/2391/2122 2950/2738/1971
f 2949/2736/2319 2546/2380/1492 2952/2740/814
f 2546/2380/1492 2949/2736/2319 2953/2741/2322
f 2949/2736/2319 2699/2518/2191 2953/2741/2322
f 2953/2741/2322 2954/2742/1972 2546/2380/1492
f 2953/2741/2322 2699/2518/2191 2955/2743/1670
f 2699/2518/2191 2700/2519/316 2955/2743/1670
f 2700/2519/316 2546/2380/1492 2954/2742/1972
f 2956/2744/2323 2957/2745/2324 2569/2403/2129
f 2957/2745/2324 2956/2744/2323 2958/2746/2325
f 2959/2747/1978 2957/2745/2324 2958/2746/2325
f 2879/2680/921 2957/2745/2324 2959/2747/1978
f 2561/2395/2126 2959/2747/1978 2960/2748/322
f 2956/2744/2323 2561/2395/2126 2960/2748/322
f 2561/2395/2126 2879/2680/921 2959/2747/1978
f 2569/2403/2129 2561/2395/2126 2956/2744/2323
f 2908/2708/325 2879/2680/921 2561/2395/2126
f 2879/2680/921 2908/2708/325 2961/2749/822
f 2962/2750/1981 2879/2680/921 2961/2749/822
f 2873/2674/2281 2879/2680/921 2962/2750/1981
f 2908/2708/325 2559/2393/2124 2963/2751/2326
f 2559/2393/2124 2962/2750/1981 2963/2751/2326
f 2962/2750/1981 2559/2393/2124 2873/2674/2281
f 2828/2633/2258 2827/2636/2259 2829/2752/2327
f 2969/2753/1985 2966/2754/401 2965/2755/1350
f 2966/2754/401 2969/2753/1985 2968/2756/829
f 2969/2753/1985 2970/2757/2328 2968/2756/829
f 2970/2757/2328 2969/2753/1985 2971/2758/1352
f 2975/2759/1353 2976/2760/1676 2974/2761/2329
f 2976/2760/1676 2975/2759/1353 2978/2762/2330
f 2978/2762/2330 2977/2763/1678 2976/2760/1676
f 2977/2763/1678 2978/2762/2330 2979/2764/1354
f 2980/2765/1990 2964/2766/2331 2975/2759/1353
f 2980/2765/1993 2979/2764/1989 2981/2767/2026
f 2982/2768/2332 2985/2769/840 2983/2770/1994
f 2985/2769/840 2984/2771/2333 2983/2770/1994
f 2982/2768/2332 2987/2772/1997 2986/2773/331
f 2984/2771/1360 2986/2773/331 2987/2772/1997
f 2987/2772/1997 2982/2768/2332 2980/2765/2334
f 2987/2772/1997 2823/2632/1905 2984/2771/1360
f 2823/2632/1905 2989/2774/334 2988/2775/847
f 2990/2776/1681 2823/2632/1905 2988/2775/847
f 2989/2774/334 2992/2777/2335 2991/2778/335
f 2992/2777/2335 2990/2776/1998 2991/2778/335
f 2992/2777/2335 2989/2774/334 2987/2772/1997
f 2990/2776/1998 2992/2777/2335 2819/2628/1898
f 2819/2628/1898 2992/2777/2335 2993/2779/338
f 2819/2628/1898 2993/2779/338 2994/2780/850
f 2995/2781/2002 2819/2628/1898 2994/2780/850
f 2819/2628/1898 2995/2781/2002 2815/2623/2251
f 2898/2697/2295 2995/2781/2002 2996/2782/2003
f 2993/2779/338 2898/2697/2295 2996/2782/2003
f 2995/2781/2002 2898/2697/2295 2815/2623/2251
f 2898/2697/2295 2993/2779/338 2992/2777/2335
f 2523/2363/1760 2920/2716/2305 2527/2310/1761
f 2523/2363/1760 2868/2669/2277 2916/2714/780
f 2997/2783/2336 3000/2784/2337 2998/2785/2338
f 3000/2784/2337 2997/2783/2336 3001/2786/2006
f 2999/2787/855 3000/2784/2337 3002/2788/2339
f 3001/2786/2006 3002/2788/2339 3000/2784/2337
f 3003/2718/2340 3006/2789/2011 2459/2308/861
f 3005/2721/863 3006/2789/2011 3004/2720/2341
f 3007/2790/2342 2459/2308/861 3006/2789/2011
f 3006/2789/2011 3005/2721/863 3007/2790/2342
f 2456/2307/760 2933/2728/865 3005/2721/863
f 3008/2791/2343 2933/2728/865 2456/2307/760
f 3010/2792/868 2933/2728/865 3009/2793/344
f 3008/2791/864 2898/2697/762 3011/2569/867
f 2898/2697/762 3010/2792/2344 3011/2569/867
f 2933/2728/865 3010/2792/868 2935/2729/2312
f 3013/2794/2020 2992/2777/2335 3012/2795/2345
f 2992/2777/2335 3014/2796/2346 3012/2795/2345
f 2992/2777/2335 3013/2794/2020 2898/2697/2295
f 2935/2729/2312 2898/2697/2295 3013/2794/2020
f 3013/2794/2020 3015/2797/2347 2935/2729/2312
f 3014/2796/2346 2935/2729/2312 3015/2797/2347
f 2992/2777/2335 2947/2735/2318 3014/2796/2346
f 2935/2729/2312 3014/2796/2346 2947/2735/2318
f 2947/2735/2318 2992/2777/2335 3016/2798/1689
f 2992/2777/2335 2987/2772/1997 3016/2798/1689
f 3016/2798/1689 3017/2799/2348 2947/2735/2318
f 3016/2798/1689 2987/2772/1997 3018/2800/1690
f 2987/2772/1997 3019/2801/2349 3018/2800/1690
f 3019/2801/2349 2947/2735/2318 3017/2799/2348
f 2987/2772/1997 2949/2736/2319 3019/2801/2349
f 2947/2735/2318 3019/2801/2349 2949/2736/2319
f 2949/2736/2319 2987/2772/1997 3020/2802/1693
f 2987/2772/1997 2980/2765/2334 3020/2802/1693
f 3020/2802/1693 2980/2765/2334 3021/2803/878
f 2980/2765/2334 3022/2804/357 3021/2803/878
f 3020/2802/1693 3023/2805/356 2949/2736/2319
f 3022/2804/357 2949/2736/2319 3023/2805/356
f 2980/2765/2334 2699/2518/2191 3022/2804/357
f 2949/2736/2319 3022/2804/357 2699/2518/2191
f 2980/2765/1993 2981/2767/2026 3024/2416/1393
f 3027/2806/2350 3025/2418/2351 3026/2807/2027
f 3024/2416/1393 3028/2420/359 2699/2518/1814
f 3025/2418/2351 3027/2806/2350 3029/2419/1395
f 2981/2767/2026 2702/2521/1812 3027/2806/2029
f 3032/2424/2352 3033/2808/2353 3030/2423/886
f 3033/2808/2353 3032/2424/2352 3034/2809/2354
f 3034/2809/2354 3031/2425/2355 3033/2808/2353
f 3031/2425/2355 3034/2809/2354 3035/2426/226
f 3040/2810/2356 3038/2811/1400 3036/2812/2357
f 3039/2813/2358 3040/2810/2356 3037/2814/892
f 3038/2811/1400 3040/2810/2356 3041/2815/2359
f 3040/2810/2356 3039/2813/2358 3041/2815/2359
f 3043/2763/363 3044/2816/2360 3042/2764/2361
f 3044/2816/2036 2972/2761/2362 2973/2759/1407
f 3045/2817/2363 2972/2761/2362 3044/2816/2036
f 2583/2414/2136 2576/2409/2133 3043/2763/363
f 2576/2409/2364 2967/2818/2365 2972/2761/832
f 2967/2818/2365 3048/2819/365 3047/2769/2366
f 3049/2820/2037 2967/2818/2365 3047/2769/2366
f 3050/2773/2367 3049/2820/902 3046/2771/1418
f 3048/2819/365 2569/2403/2129 3051/2821/2039
f 2576/2409/2133 2569/2403/2129 3048/2819/365
f 2569/2403/2129 2957/2745/2324 3049/2820/2037
f 3056/2822/2368 3053/2690/2040 3054/2823/2041
f 3055/2687/2369 3056/2822/2368 3054/2823/2041
f 3053/2690/2040 3056/2822/2368 3052/2688/2370
f 3056/2822/2368 3055/2687/2369 3057/2685/2371
f 2767/2574/2043 2771/2582/2226 3055/2687/2372
f 3059/2824/2373 3060/2825/2374 3058/2826/2375
f 3060/2825/2374 3059/2824/2373 3061/2827/2376
f 3059/2824/2373 3062/2828/2377 3061/2827/2376
f 3062/2828/2377 3059/2824/2373 3063/2829/1427
f 2878/2678/915 2887/2684/743 3065/2830/914
f 3068/2831/2378 3067/2832/2379 3066/2833/2380
f 3068/2831/2378 3065/2830/914 3064/2575/2050
f 3067/2832/2379 3068/2831/2378 3069/2572/2381
f 3070/2834/2382 2878/2678/2283 3067/2832/1432
f 2878/2678/2283 3070/2834/2382 3071/2835/1699
f 3071/2835/1699 3070/2834/2382 3072/2836/1700
f 3070/2834/2382 3073/2837/373 3072/2836/1700
f 3073/2837/373 3070/2834/2382 2957/2745/899
f 3074/2637/2383 3077/2838/2055 3075/2839/2384
f 3077/2838/2055 3076/2752/2385 3075/2839/2384
f 3078/2634/1443 3077/2838/2055 3074/2637/2383
f 3076/2752/2385 3077/2838/2055 3079/2636/2386
f 3080/2840/1447 3083/2841/932 3081/2842/2059
f 3083/2841/932 3082/2843/2387 3081/2842/2059
f 3083/2841/932 3080/2840/1447 3084/2844/931
f 3082/2843/2387 3083/2841/932 3085/2845/933
f 2763/2572/2060 3087/2846/936 3086/2847/2061
f 3087/2846/936 2765/2575/1453 3086/2847/2061
f 3088/2832/938 3087/2846/936 2763/2572/2060
f 2765/2575/1453 3087/2846/936 3089/2830/937
