# Blender 5.2.0 LTS
# www.blender.org
mtllib n.mtl
o THE_NET
v 0.931011 0.051563 -0.122245
v 1.051929 0.119897 -0.217287
v 1.052260 0.132402 -0.208531
v 1.204223 0.038869 -0.124872
v 1.203245 0.024689 -0.130500
v 1.204223 0.038869 0.124879
v 1.198428 0.043002 -0.128649
v 1.057326 0.133582 -0.212109
v 1.056250 0.122699 -0.222716
v 1.178993 0.212457 -0.297269
v 1.183593 0.216204 -0.301296
v 1.181181 0.202168 -0.308301
v 1.200636 0.032028 -0.139031
v 1.182838 0.210040 -0.315156
v 0.677597 0.463326 -0.181987
v 0.800410 0.640288 -0.135629
v 0.804448 0.630666 -0.124572
v 1.134160 0.643767 -0.124722
v 1.133342 0.657873 -0.130601
v 0.987861 0.563852 -0.219989
v 1.153881 0.472335 -0.315231
v 1.151069 0.480619 -0.308301
v 0.989080 0.553099 -0.209256
v 1.149023 0.470110 -0.297493
v 1.133342 0.657873 0.130608
v 1.134160 0.643767 0.124754
v 1.149023 0.470110 0.297502
v 1.154569 0.466686 0.301154
v 0.989080 0.553099 0.209264
v 1.151069 0.480619 0.308309
v 0.987861 0.563852 0.219996
v 1.153881 0.472335 0.315264
v 1.183593 0.216204 0.301304
v 1.182838 0.210040 0.315164
v 0.677597 0.463326 0.181995
v 0.804448 0.630666 0.124580
v 0.800410 0.640288 0.135637
v -0.122980 -0.386357 -0.020773
v -0.124035 -0.391463 -0.010316
v -0.121378 -0.388722 -0.023150
v -0.123835 -0.387471 -0.011992
v -0.121714 -0.333013 -0.033407
v -0.130291 -0.382243 -0.012093
v -0.139946 -0.387707 -0.021799
v -0.132762 -0.382317 -0.009565
v -0.120968 -0.311481 -0.042089
v -0.127428 -0.384796 -0.039386
v -0.119364 -0.380810 -0.027528
v -0.097896 -0.275935 -0.083893
v -0.096085 -0.269065 -0.087996
v -0.118316 -0.313013 -0.043590
v -0.119326 -0.305799 -0.043389
v -0.097457 -0.267591 -0.085593
v -0.071576 -0.145961 -0.079915
v -0.068225 -0.135152 -0.082492
v -0.137051 -0.242633 -0.036034
v 0.088412 0.089937 0.133611
v 0.082212 0.092421 0.146570
v -0.000213 -0.057377 0.161906
v 0.005092 -0.060113 0.148046
v 0.089981 0.087238 0.134837
v 0.000550 -0.065128 0.146545
v 0.082973 0.082633 0.131634
v -0.050000 0.001723 0.060184
v -0.001016 -0.068916 0.160880
v 0.003010 -0.067396 0.146420
v -0.012801 -0.190260 0.136013
v -0.008888 -0.187504 0.121702
v -0.012213 -0.198209 0.133285
v -0.010471 -0.193610 0.118950
v -0.032792 -0.302832 0.091456
v -0.030959 -0.308529 0.105415
v -0.034767 -0.308625 0.087103
v -0.043520 -0.362585 0.054755
v -0.047650 -0.351598 0.045048
v -0.030008 -0.318675 0.097460
v -0.105248 -0.397797 0.023183
v -0.100440 -0.391912 0.027386
v -0.111791 -0.402604 0.002818
v -0.119431 -0.402343 0.000016
v -0.108051 -0.416381 0.011025
v -0.113715 -0.417602 0.004895
v -0.103722 -0.412763 0.018129
v -0.102650 -0.397860 0.020906
v -0.103737 -0.398771 0.011949
v -0.098657 -0.411279 0.026985
v -0.115122 -0.400739 0.006771
v -0.119427 -0.414301 0.011925
v -0.112504 -0.398130 0.012951
v -0.118462 -0.410428 0.019255
v -0.115374 -0.396366 0.014527
v -0.119831 -0.398089 0.006771
v -0.113765 -0.393132 0.016928
v -0.107658 -0.395040 0.023308
v -0.118872 -0.404035 0.026010
v -0.094395 -0.349988 0.047950
v -0.118014 -0.389182 0.023308
v -0.097615 -0.356839 0.061059
v -0.120143 -0.399015 0.034666
v -0.121378 -0.388722 0.023158
v -0.120665 -0.391872 0.017504
v -0.100108 -0.400756 0.039770
v -0.118450 -0.394626 0.013225
v -0.130857 -0.403299 0.016328
v -0.121092 -0.393269 0.011675
v -0.124035 -0.391463 0.010349
v -0.123145 -0.396223 0.002793
v -0.125380 -0.390748 0.006822
v -0.127661 -0.389403 0.000016
v -0.123145 -0.396223 -0.002786
v -0.125380 -0.390748 -0.006788
v -0.129315 -0.386994 -0.007264
v -0.126444 -0.390208 -0.003536
v -0.126444 -0.390208 0.003544
v -0.129315 -0.386994 0.007271
v -0.132762 -0.382317 0.009598
v -0.128021 -0.385117 0.000016
v -0.122980 -0.386357 0.020781
v -0.123835 -0.387471 0.012000
v -0.130291 -0.382243 0.012100
v -0.121714 -0.333013 0.033415
v -0.139946 -0.387707 0.021832
v -0.120968 -0.311481 0.042096
v -0.127428 -0.384796 0.039419
v -0.119364 -0.380810 0.027561
v -0.118316 -0.313013 0.043622
v -0.097896 -0.275935 0.083901
v -0.096085 -0.269065 0.088003
v -0.097457 -0.267591 0.085602
v -0.119326 -0.305799 0.043397
v -0.071576 -0.145961 0.079923
v -0.137051 -0.242633 0.036067
v -0.068225 -0.135152 0.082500
v -0.136772 -0.250846 0.034266
v -0.122109 -0.310998 0.038769
v -0.132896 -0.372945 0.011449
v -0.133878 -0.303443 0.003318
v -0.134928 -0.302746 0.000016
v -0.132836 -0.326148 0.000016
v -0.132335 -0.381074 0.006146
v -0.132335 -0.381074 -0.006138
v -0.132896 -0.372945 -0.011442
v -0.122109 -0.310998 -0.038736
v -0.136772 -0.250846 -0.034258
v -0.133878 -0.303443 -0.003311
v -0.133583 -0.296819 0.000016
v -0.136516 -0.242268 -0.032857
v -0.093177 -0.124295 0.000016
v -0.090384 -0.112429 0.000016
v -0.136516 -0.242268 0.032865
v -0.134057 -0.234485 0.036867
v -0.089494 -0.113169 0.003094
v -0.052892 -0.006184 0.058983
v -0.069135 -0.134592 0.079372
v -0.064605 -0.129503 0.083550
v -0.048138 0.000025 0.062335
v -0.057691 0.005032 0.072568
v -0.000467 -0.063538 0.144268
v -0.075309 -0.125668 0.092957
v -0.003391 -0.071398 0.144068
v -0.075735 -0.134723 0.094908
v -0.099723 -0.261002 0.103189
v -0.092635 -0.262112 0.090030
v -0.065969 -0.136831 0.083951
v -0.096106 -0.274969 0.101939
v -0.087999 -0.334156 0.075845
v -0.093107 -0.270206 0.087878
v -0.084106 -0.328195 0.062511
v -0.083940 -0.334588 0.059258
v -0.086769 -0.342083 0.072117
v -0.087999 -0.334156 -0.075837
v -0.100108 -0.400756 -0.039762
v -0.086769 -0.342083 -0.072110
v -0.083940 -0.334588 -0.059251
v -0.100440 -0.391912 -0.027353
v -0.105248 -0.397797 -0.023175
v -0.102650 -0.397860 -0.020898
v -0.098657 -0.411279 -0.026977
v -0.103722 -0.412763 -0.018121
v -0.103737 -0.398771 -0.011942
v -0.108051 -0.416381 -0.011016
v -0.111791 -0.402604 -0.002811
v -0.113715 -0.417602 -0.004862
v -0.119426 -0.414300 -0.011917
v -0.115122 -0.400739 -0.006763
v -0.112504 -0.398130 -0.012943
v -0.118462 -0.410428 -0.019247
v -0.115375 -0.396366 -0.014518
v -0.113765 -0.393132 -0.016921
v -0.107658 -0.395040 -0.023275
v -0.094395 -0.349988 -0.047943
v -0.118872 -0.404035 -0.026002
v -0.097615 -0.356839 -0.061027
v -0.118014 -0.389182 -0.023300
v -0.120143 -0.399015 -0.034658
v -0.120665 -0.391872 -0.017496
v -0.118450 -0.394626 -0.013218
v -0.119831 -0.398089 -0.006739
v -0.130857 -0.403299 -0.016320
v -0.121092 -0.393269 -0.011667
v -0.134057 -0.234485 -0.036860
v -0.069135 -0.134592 -0.079364
v -0.052892 -0.006184 -0.058975
v -0.050000 0.001723 -0.060151
v -0.089494 -0.113169 -0.003085
v -0.049583 0.001669 -0.057049
v -0.086833 -0.106458 0.000016
v 0.052955 0.126912 0.000016
v 0.057832 0.134967 0.000016
v -0.049583 0.001669 0.057057
v 0.058464 0.133740 0.003219
v 0.146900 0.245846 0.093683
v 0.087577 0.090988 0.130284
v 0.093337 0.093443 0.133911
v 0.152409 0.248578 0.096634
v 0.146634 0.256883 0.107893
v 0.085109 0.100533 0.144243
v 0.488151 0.008379 -0.149264
v 0.594927 0.140002 -0.185414
v 0.596405 0.132664 -0.198648
v 0.777946 0.107670 -0.187191
v 0.891267 0.209217 -0.303273
v 0.891955 0.219396 -0.291965
v 0.779481 0.118607 -0.176734
v 0.895770 0.222242 -0.295142
v 1.052074 0.136986 -0.213134
v 1.051655 0.127881 -0.225318
v 0.727279 0.287988 -0.260842
v 1.154569 0.466686 -0.301146
v 0.838890 0.459032 -0.309702
v 0.841255 0.459170 -0.294742
v 0.731623 0.288605 -0.246382
v 0.413428 0.133400 -0.206804
v 0.415745 0.132490 -0.221740
v 0.328710 -0.016885 -0.227119
v 0.333623 -0.020505 -0.240954
v 0.324897 -0.021945 -0.225142
v 0.329236 -0.031788 -0.235875
v 0.244036 -0.128160 -0.136030
v 0.246583 -0.138917 -0.146537
v 1.203245 0.024689 0.130508
v 0.931011 0.051563 0.122278
v 1.051929 0.119897 0.217319
v 1.052260 0.132402 0.208563
v 1.198428 0.043002 0.128657
v 1.200636 0.032028 0.139040
v 1.056250 0.122699 0.222724
v 1.181181 0.202168 0.308309
v 1.057326 0.133582 0.212141
v 1.178993 0.212457 0.297301
v 1.052074 0.136986 0.213142
v 0.895770 0.222242 0.295149
v 1.051655 0.127881 0.225325
v 0.891267 0.209217 0.303280
v 0.777946 0.107670 0.187198
v 0.891955 0.219396 0.291972
v 0.779481 0.118607 0.176741
v 0.727279 0.287988 0.260851
v 0.731623 0.288605 0.246415
v 0.841255 0.459170 0.294749
v 0.838890 0.459032 0.309734
v 0.413428 0.133400 0.206812
v 0.415745 0.132490 0.221773
v 0.328710 -0.016885 0.227152
v 0.333623 -0.020505 0.240961
v 0.596406 0.132664 0.198657
v 0.488151 0.008379 0.149297
v 0.594927 0.140002 0.185422
v 0.774102 0.104466 0.181369
v 0.642923 0.040118 0.078647
v 0.774761 0.117006 0.172688
v 0.228303 0.141474 -0.227169
v 0.228001 0.148056 -0.240878
v 0.342400 0.270537 -0.158996
v 0.345082 0.261450 -0.147087
v 0.168047 -0.016540 0.190801
v 0.228002 0.148056 0.240886
v 0.228303 0.141474 0.227177
v 0.342400 0.270537 0.159004
v 0.345082 0.261450 0.147096
v 0.058464 0.133740 -0.003186
v 0.146900 0.245846 -0.093675
v 0.087576 0.090988 -0.130275
v 0.088412 0.089937 -0.133603
v 0.082973 0.082633 -0.131626
v 0.000550 -0.065128 -0.146537
v -0.048138 0.000025 -0.062327
v -0.000467 -0.063538 -0.144260
v -0.064605 -0.129503 -0.083543
v -0.057691 0.005032 -0.072560
v -0.075309 -0.125668 -0.092924
v -0.075735 -0.134723 -0.094875
v -0.003391 -0.071398 -0.144061
v -0.092635 -0.262112 -0.090022
v -0.099723 -0.261002 -0.103156
v -0.065969 -0.136831 -0.083942
v -0.096106 -0.274969 -0.101905
v -0.093107 -0.270206 -0.087871
v -0.084106 -0.328195 -0.062503
v 0.079368 -0.157652 0.150572
v 0.080291 -0.164317 0.164207
v 0.162679 -0.026406 0.203485
v 0.164494 -0.022307 0.189000
v 0.165170 -0.018314 0.205562
v 0.224471 0.135676 0.227677
v 0.223777 0.134833 0.242813
v 0.010406 -0.332727 -0.038261
v 0.053214 -0.263642 -0.093650
v 0.046990 -0.253019 -0.084794
v 0.050428 -0.249325 -0.089071
v 0.054302 -0.259472 -0.099729
v 0.078228 -0.171698 -0.158245
v 0.075851 -0.162704 -0.146187
v 0.079368 -0.157652 -0.150565
v 0.080291 -0.164317 -0.164199
v 0.162679 -0.026406 -0.203477
v 0.164494 -0.022307 -0.188992
v 0.165170 -0.018314 -0.205554
v 0.168047 -0.016540 -0.190793
v 0.224471 0.135676 -0.227669
v 0.223777 0.134833 -0.242805
v 0.146634 0.256883 -0.107885
v 0.152409 0.248578 -0.096602
v 0.085109 0.100533 -0.144235
v 0.093337 0.093443 -0.133903
v 0.005092 -0.060113 -0.148038
v -0.000213 -0.057377 -0.161873
v 0.082212 0.092421 -0.146537
v 0.089981 0.087238 -0.134804
v -0.001016 -0.068916 -0.160872
v 0.003010 -0.067396 -0.146412
v -0.012801 -0.190260 -0.136005
v -0.008888 -0.187504 -0.121670
v -0.010471 -0.193610 -0.118917
v -0.030959 -0.308529 -0.105408
v -0.012213 -0.198209 -0.133277
v -0.032792 -0.302832 -0.091423
v -0.034767 -0.308625 -0.087095
v -0.043520 -0.362585 -0.054747
v -0.030008 -0.318675 -0.097452
v -0.047650 -0.351598 -0.045040
v 0.010406 -0.332727 0.038268
v 0.053214 -0.263642 0.093683
v 0.046990 -0.253019 0.084801
v 0.054302 -0.259472 0.099737
v 0.050428 -0.249325 0.089079
v 0.078228 -0.171698 0.158253
v 0.075851 -0.162704 0.146195
v 0.642923 0.040118 -0.078639
v 0.774102 0.104466 -0.181361
v 0.774761 0.117006 -0.172681
v 0.324897 -0.021945 0.225175
v 0.329236 -0.031788 0.235883
v 0.244036 -0.128160 0.136037
v 0.246583 -0.138917 0.146545
v 1.066384 0.046999 -0.003236
v 0.931011 0.051563 -0.122245
v 1.199937 0.038998 -0.124722
v 1.052260 0.132402 -0.208531
v 1.066344 0.045519 0.000016
v 1.052100 0.133630 -0.211859
v 0.926717 0.051666 -0.121969
v 1.204223 0.038869 -0.124872
v 1.204223 0.038869 0.124879
v 1.199937 0.038998 0.124729
v 1.198428 0.043002 -0.128649
v 1.057326 0.133582 -0.212109
v 1.178993 0.212457 -0.297269
v 1.183593 0.216204 -0.301296
v 0.484994 0.399931 -0.083142
v 0.346130 0.278005 -0.156920
v 0.340083 0.274551 -0.156369
v 0.671968 0.460862 -0.181562
v 0.489996 0.404004 -0.083842
v 0.478607 0.397431 -0.083567
v 0.670945 0.463011 -0.176908
v 0.790137 0.640507 -0.126648
v 0.497573 0.392110 -0.078389
v 0.678458 0.453272 -0.168177
v 0.651546 0.530544 -0.004987
v 0.651380 0.532103 0.000016
v 0.799283 0.647157 -0.127649
v 0.684562 0.454239 -0.172130
v 0.839985 0.464931 -0.292640
v 0.677597 0.463326 -0.181987
v 0.835760 0.475854 -0.302372
v 0.837154 0.469141 -0.308651
v 0.977036 0.562330 -0.219089
v 0.982704 0.563730 -0.219939
v 0.800410 0.640288 -0.135629
v 0.809027 0.647821 -0.127774
v 0.982763 0.566433 -0.214985
v 1.127324 0.657603 -0.130526
v 0.968764 0.652079 -0.005387
v 0.968410 0.653641 0.000016
v 1.133342 0.657873 -0.130601
v 0.987861 0.563852 -0.219989
v 1.151069 0.480619 -0.308301
v 1.131622 0.651242 -0.138306
v 1.133342 0.657873 0.130608
v 1.131042 0.658709 0.120301
v 1.131042 0.658709 -0.120294
v 0.973693 0.653805 0.000016
v 1.127324 0.657603 0.130534
v 0.968764 0.652079 0.005420
v 0.809027 0.647821 0.127781
v 0.799283 0.647157 0.127656
v 0.962611 0.651717 0.000016
v 0.799043 0.647538 -0.117541
v 0.657266 0.534648 0.000016
v 0.799043 0.647538 0.117549
v 0.982763 0.566433 0.214993
v 0.982704 0.563730 0.219947
v 1.131622 0.651242 0.138314
v 1.151069 0.480619 0.308309
v 0.987861 0.563852 0.219996
v 1.183593 0.216204 0.301304
v 1.177578 0.221508 0.301154
v 1.150218 0.466426 0.301204
v 1.023121 0.344807 0.297977
v 1.022088 0.344665 0.313112
v 1.179921 0.221261 0.316114
v 1.147965 0.472128 0.315088
v 1.017138 0.350112 0.311361
v 0.845956 0.469469 0.308859
v 1.017798 0.347898 0.296351
v 0.837154 0.469141 0.308659
v 0.845048 0.463441 0.294975
v 0.977036 0.562330 0.219121
v 0.835760 0.475854 0.302379
v 0.677597 0.463326 0.181995
v 0.671968 0.460862 0.181569
v 0.839985 0.464931 0.292648
v 0.684562 0.454239 0.172162
v 0.800410 0.640288 0.135637
v 0.678458 0.453272 0.168185
v 0.497573 0.392110 0.078397
v 0.670945 0.463011 0.176916
v 0.790137 0.640507 0.126655
v 0.489996 0.404004 0.083876
v 0.651546 0.530544 0.004995
v -0.133819 -0.405998 -0.005088
v -0.122980 -0.386357 -0.020773
v -0.124035 -0.391463 -0.010316
v -0.121378 -0.388722 -0.023150
v -0.123835 -0.387471 -0.011992
v -0.134474 -0.395029 -0.018672
v -0.135211 -0.390354 -0.027478
v -0.127428 -0.384796 -0.039386
v -0.119364 -0.380810 -0.027528
v -0.089437 -0.331672 -0.058850
v -0.119326 -0.305799 -0.043389
v -0.130697 -0.306952 -0.052521
v -0.108966 -0.266316 -0.094550
v -0.097457 -0.267591 -0.085593
v 0.079868 0.096457 0.144043
v 0.218606 0.143412 0.241937
v -0.000213 -0.057377 0.161906
v 0.157174 -0.017890 0.203485
v 0.161146 -0.017113 0.188925
v 0.005092 -0.060113 0.148046
v 0.074012 -0.161386 0.148521
v -0.061859 0.008991 0.065012
v 0.069563 -0.161911 0.162931
v 0.072363 -0.159026 0.148346
v -0.012801 -0.190260 0.136013
v -0.008888 -0.187504 0.121702
v 0.046018 -0.252391 0.087778
v 0.047356 -0.259033 0.100763
v -0.032792 -0.302832 0.091456
v 0.043519 -0.250712 0.088654
v -0.030959 -0.308529 0.105415
v -0.036840 -0.307944 0.089429
v 0.040171 -0.258391 0.085326
v 0.006059 -0.336498 0.037468
v -0.034767 -0.308625 0.087103
v -0.047650 -0.351598 0.045048
v -0.051409 -0.355407 0.043447
v 0.000170 -0.340393 0.035967
v -0.036425 -0.364966 0.000016
v -0.037641 -0.364365 0.003119
v -0.087271 -0.399717 0.011275
v -0.093818 -0.404245 0.009624
v -0.050263 -0.356066 0.040294
v -0.066285 -0.367563 0.034465
v -0.095311 -0.402021 0.012125
v -0.105248 -0.397797 0.023183
v -0.106824 -0.401204 0.010198
v -0.100440 -0.391912 0.027386
v -0.099930 -0.403508 0.007222
v -0.103308 -0.403200 0.000016
v -0.104483 -0.402595 0.003619
v -0.111791 -0.402604 0.002818
v -0.119431 -0.402343 0.000016
v -0.105643 -0.401988 0.006646
v -0.102650 -0.397860 0.020906
v -0.103737 -0.398771 0.011949
v -0.108497 -0.398696 0.017454
v -0.109768 -0.399552 0.011875
v -0.115122 -0.400739 0.006771
v -0.112504 -0.398130 0.012951
v -0.115374 -0.396366 0.014527
v -0.119831 -0.398089 0.006771
v -0.113765 -0.393132 0.016928
v -0.107658 -0.395040 0.023308
v -0.118872 -0.404035 0.026010
v -0.113729 -0.402669 0.034716
v -0.118014 -0.389182 0.023308
v -0.121378 -0.388722 0.023158
v -0.120665 -0.391872 0.017504
v -0.100108 -0.400756 0.039770
v -0.118450 -0.394626 0.013225
v -0.121092 -0.393269 0.011675
v -0.124035 -0.391463 0.010349
v -0.123145 -0.396223 0.002793
v -0.123145 -0.396223 -0.002786
v -0.135167 -0.400730 -0.011442
v -0.133819 -0.405998 0.005095
v -0.135167 -0.400730 0.011449
v -0.128021 -0.385117 0.000016
v -0.141074 -0.391217 0.000016
v -0.134474 -0.395029 0.018679
v -0.135211 -0.390354 0.027511
v -0.122980 -0.386357 0.020781
v -0.123835 -0.387471 0.012000
v -0.127428 -0.384796 0.039419
v -0.119364 -0.380810 0.027561
v -0.089437 -0.331672 0.058858
v -0.130697 -0.306952 0.052528
v -0.108966 -0.266316 0.094584
v -0.097457 -0.267591 0.085602
v -0.119326 -0.305799 0.043397
v -0.132335 -0.381074 0.006146
v -0.132335 -0.381074 -0.006138
v -0.064605 -0.129503 0.083550
v -0.000467 -0.063538 0.144268
v -0.075309 -0.125668 0.092957
v -0.010548 -0.058006 0.153650
v -0.099723 -0.261002 0.103189
v -0.019781 -0.191986 0.132660
v -0.015119 -0.190445 0.118400
v -0.092635 -0.262112 0.090030
v -0.087999 -0.334156 0.075845
v -0.042537 -0.310466 0.103215
v -0.039169 -0.305991 0.089179
v -0.084106 -0.328195 0.062511
v -0.041192 -0.313038 0.085627
v -0.054210 -0.353990 0.044548
v -0.087999 -0.334156 -0.075837
v -0.036840 -0.307944 -0.089421
v -0.041192 -0.313038 -0.085619
v -0.051409 -0.355407 -0.043439
v -0.100108 -0.400756 -0.039762
v -0.054210 -0.353990 -0.044540
v -0.100440 -0.391912 -0.027353
v -0.105248 -0.397797 -0.023175
v -0.066285 -0.367563 -0.034458
v -0.093818 -0.404245 -0.009615
v -0.095311 -0.402021 -0.012117
v -0.102650 -0.397860 -0.020898
v -0.103737 -0.398771 -0.011942
v -0.106824 -0.401204 -0.010190
v -0.093222 -0.403211 -0.006213
v -0.099595 -0.401104 0.000016
v -0.093222 -0.403211 0.006220
v -0.054359 -0.375050 0.000016
v -0.099930 -0.403508 -0.007214
v -0.104483 -0.402595 -0.003611
v -0.105643 -0.401988 -0.006638
v -0.111791 -0.402604 -0.002811
v -0.115122 -0.400739 -0.006763
v -0.109768 -0.399552 -0.011867
v -0.108497 -0.398696 -0.017445
v -0.112504 -0.398130 -0.012943
v -0.115375 -0.396366 -0.014518
v -0.113765 -0.393132 -0.016921
v -0.107658 -0.395040 -0.023275
v -0.118872 -0.404035 -0.026002
v -0.113729 -0.402669 -0.034683
v -0.118014 -0.389182 -0.023300
v -0.120665 -0.391872 -0.017496
v -0.118450 -0.394626 -0.013218
v -0.119831 -0.398089 -0.006739
v -0.121092 -0.393269 -0.011667
v -0.061859 0.008991 -0.065004
v -0.061790 0.009787 -0.055848
v 0.041837 0.136730 0.000016
v 0.046952 0.145117 0.000016
v -0.061790 0.009787 0.055856
v -0.045689 0.007170 0.060635
v -0.055530 0.016774 0.066438
v 0.047590 0.143711 0.005070
v 0.135959 0.254156 0.099262
v 0.142998 0.262530 0.100137
v 0.078339 0.098397 0.139390
v 0.087577 0.090988 0.130284
v 0.093337 0.093443 0.133911
v 0.334219 0.270737 0.156151
v 0.146634 0.256883 0.107893
v 0.085109 0.100533 0.144243
v 0.215331 0.149837 0.235482
v 0.221670 0.140373 0.225526
v 0.481573 0.005656 -0.148614
v 0.636433 0.039718 -0.077839
v 0.488151 0.008379 -0.149264
v 0.492586 -0.001476 -0.159947
v 0.635480 0.041901 -0.080140
v 0.767111 0.115917 -0.175458
v 0.774302 0.118151 -0.175833
v 0.594927 0.140002 -0.185414
v 0.593993 0.141933 -0.187666
v 0.598895 0.137294 -0.203527
v 0.771702 0.111675 -0.188717
v 0.882476 0.214156 -0.306200
v 0.600389 0.143466 -0.189742
v 0.773009 0.121187 -0.176933
v 0.886209 0.221091 -0.293290
v 0.891415 0.221803 -0.294892
v 1.046681 0.133479 -0.211358
v 0.891955 0.219396 -0.291965
v 0.779481 0.118607 -0.176734
v 0.895770 0.222242 -0.295142
v 1.052074 0.136986 -0.213134
v 1.179299 0.216028 -0.301122
v 1.051655 0.127881 -0.225318
v 0.897244 0.216480 -0.309127
v 1.177055 0.209998 -0.314831
v 1.012034 0.343992 -0.312129
v 0.888445 0.224676 -0.309577
v 0.727279 0.287988 -0.260842
v 0.890717 0.224931 -0.294592
v 1.022088 0.344665 -0.313080
v 1.179921 0.221261 -0.316107
v 1.177578 0.221508 -0.301146
v 1.023121 0.344807 -0.297969
v 1.150218 0.466426 -0.301196
v 0.845048 0.463441 -0.294967
v 1.147965 0.472128 -0.315081
v 1.017798 0.347898 -0.296343
v 1.017138 0.350112 -0.311353
v 0.845956 0.469469 -0.308852
v 1.012291 0.343792 -0.296968
v 0.731623 0.288605 -0.246382
v 0.835404 0.460624 -0.293066
v 0.828625 0.464111 -0.305999
v 0.724988 0.290121 -0.243756
v 0.540158 0.289325 -0.189468
v 0.720389 0.290928 -0.258116
v 0.535005 0.293911 -0.202902
v 0.530423 0.291029 -0.201176
v 0.718751 0.284382 -0.244381
v 0.592729 0.144870 -0.187591
v 0.418686 0.139691 -0.208831
v 0.593162 0.140516 -0.202151
v 0.716356 0.282942 -0.259267
v 0.418711 0.139616 -0.224017
v 0.480277 0.008588 -0.149839
v 0.485660 0.001257 -0.161923
v 0.328710 -0.016885 -0.227119
v 0.333623 -0.020505 -0.240954
v 0.323707 -0.020146 -0.227894
v 0.476182 0.002556 -0.148413
v 0.394918 -0.132202 -0.094275
v 0.324897 -0.021945 -0.225142
v 0.393680 -0.129975 -0.096352
v 0.398077 -0.139784 -0.107109
v 0.244036 -0.128160 -0.136030
v 0.246583 -0.138917 -0.146537
v 0.238905 -0.131028 -0.135655
v 0.389338 -0.134152 -0.093700
v 0.270757 -0.177618 0.000016
v 0.269921 -0.176541 -0.003011
v 0.239420 -0.132038 -0.132628
v 0.133848 -0.228312 -0.063153
v 1.199140 0.039163 0.119250
v 1.199140 0.039163 -0.119243
v 1.071512 0.045260 0.000016
v 1.066384 0.046999 0.003244
v 0.931011 0.051563 0.122278
v 1.052260 0.132402 0.208563
v 1.052100 0.133630 0.211891
v 0.926717 0.051666 0.121977
v 1.060980 0.045550 0.000016
v 1.198428 0.043002 0.128657
v 1.057326 0.133582 0.212141
v 1.178993 0.212457 0.297301
v 1.177055 0.209998 0.314863
v 1.179299 0.216028 0.301129
v 1.052074 0.136986 0.213142
v 0.895770 0.222242 0.295149
v 1.051655 0.127881 0.225325
v 0.897244 0.216480 0.309160
v 0.891415 0.221803 0.294899
v 1.046681 0.133479 0.211391
v 0.891955 0.219396 0.291972
v 0.779481 0.118607 0.176741
v 0.774302 0.118151 0.175840
v 0.886209 0.221091 0.293299
v 0.773009 0.121187 0.176941
v 0.600389 0.143466 0.189750
v 0.771702 0.111675 0.188724
v 0.882476 0.214156 0.306207
v 0.598895 0.137294 0.203535
v 0.593993 0.141933 0.187699
v 0.727279 0.287988 0.260851
v 0.888445 0.224676 0.309585
v 1.012034 0.343992 0.312137
v 0.890717 0.224931 0.294624
v 0.731623 0.288605 0.246415
v 1.012291 0.343792 0.296976
v 0.828625 0.464111 0.306008
v 0.835404 0.460624 0.293073
v 0.724988 0.290121 0.243788
v 0.540158 0.289325 0.189500
v 0.720389 0.290928 0.258123
v 0.535005 0.293911 0.202934
v 0.530423 0.291029 0.201183
v 0.718751 0.284382 0.244388
v 0.592729 0.144870 0.187624
v 0.593162 0.140516 0.202159
v 0.418686 0.139691 0.208864
v 0.716356 0.282942 0.259274
v 0.418711 0.139616 0.224025
v 0.328710 -0.016885 0.227152
v 0.333623 -0.020505 0.240961
v 0.480277 0.008588 0.149847
v 0.481573 0.005656 0.148646
v 0.485660 0.001257 0.161956
v 0.323707 -0.020146 0.227902
v 0.492586 -0.001476 0.159954
v 0.488151 0.008379 0.149297
v 0.594927 0.140002 0.185422
v 0.767111 0.115917 0.175490
v 0.635480 0.041901 0.080148
v 0.636433 0.039718 0.077846
v 0.642923 0.040118 0.078647
v 0.774761 0.117006 0.172688
v 0.921585 0.051572 0.121502
v 0.793945 0.047948 0.003119
v 0.794490 0.046585 0.000016
v 0.799632 0.046579 0.000016
v 0.926738 0.051923 0.118425
v 0.926738 0.051923 -0.118393
v 0.228303 0.141474 -0.227169
v 0.218605 0.143412 -0.241929
v 0.228001 0.148056 -0.240878
v 0.410771 0.138977 -0.206730
v 0.526939 0.282725 -0.188141
v 0.411150 0.141768 -0.221640
v 0.524936 0.288352 -0.202101
v 0.350561 0.268223 -0.146162
v 0.533237 0.287834 -0.185164
v 0.671437 0.448233 -0.170579
v 0.529012 0.294661 -0.198023
v 0.665258 0.456951 -0.181261
v 0.486363 0.396853 -0.087471
v 0.168047 -0.016540 0.190801
v 0.228002 0.148056 0.240886
v 0.411150 0.141768 0.221648
v 0.524936 0.288352 0.202134
v 0.228303 0.141474 0.227177
v 0.410771 0.138977 0.206737
v 0.526939 0.282725 0.188149
v 0.340083 0.274551 0.156401
v 0.350561 0.268223 0.146170
v 0.533237 0.287834 0.185172
v 0.671437 0.448233 0.170587
v 0.529012 0.294661 0.198031
v 0.665258 0.456951 0.181270
v 0.346130 0.278005 0.156927
v 0.486363 0.396853 0.087503
v 0.484994 0.399931 0.083150
v 0.478607 0.397431 0.083575
v 0.310162 0.330799 0.000016
v 0.339211 0.276920 0.151749
v 0.153235 0.266964 0.099712
v 0.311042 0.329626 0.005045
v 0.304189 0.326768 0.000016
v 0.143058 0.263224 -0.090072
v 0.052312 0.149257 0.000016
v 0.143058 0.263224 0.090080
v 0.142998 0.262530 -0.100129
v 0.135959 0.254156 -0.099228
v 0.079868 0.096457 -0.144010
v 0.047590 0.143711 -0.005037
v -0.055530 0.016774 -0.066430
v 0.078339 0.098397 -0.139382
v -0.045689 0.007170 -0.060601
v 0.087576 0.090988 -0.130275
v -0.000467 -0.063538 -0.144260
v -0.064605 -0.129503 -0.083543
v -0.075309 -0.125668 -0.092924
v -0.010548 -0.058006 -0.153642
v -0.019781 -0.191986 -0.132652
v -0.015119 -0.190445 -0.118393
v -0.092635 -0.262112 -0.090022
v -0.099723 -0.261002 -0.103156
v -0.042537 -0.310466 -0.103206
v -0.039169 -0.305991 -0.089147
v -0.084106 -0.328195 -0.062503
v 0.079368 -0.157652 0.150572
v 0.238905 -0.131028 0.135662
v 0.237066 -0.128436 0.136888
v 0.238807 -0.138112 0.148521
v 0.080291 -0.164317 0.164207
v 0.322152 -0.017318 0.227527
v 0.165170 -0.018314 0.205562
v 0.321111 -0.017309 0.242663
v 0.127547 -0.230801 -0.062153
v 0.263331 -0.181354 0.000016
v 0.127547 -0.230801 0.062160
v 0.127939 -0.230376 -0.059025
v 0.127939 -0.230376 0.059033
v 0.076422 -0.276347 0.000016
v 0.071768 -0.278829 0.000016
v 0.122876 -0.234457 0.061810
v 0.122876 -0.234457 -0.061803
v 0.070590 -0.278020 -0.002936
v 0.010406 -0.332727 -0.038261
v 0.046990 -0.253019 -0.084794
v 0.046018 -0.252391 -0.087770
v 0.050428 -0.249325 -0.089071
v 0.054302 -0.259472 -0.099729
v 0.126453 -0.228864 -0.064179
v 0.231605 -0.135157 -0.134253
v 0.075851 -0.162704 -0.146187
v 0.074012 -0.161386 -0.148514
v 0.079368 -0.157652 -0.150565
v 0.237066 -0.128436 -0.136880
v 0.238807 -0.138112 -0.148514
v 0.080291 -0.164317 -0.164199
v 0.165170 -0.018314 -0.205554
v 0.321111 -0.017309 -0.242654
v 0.322152 -0.017318 -0.227519
v 0.168047 -0.016540 -0.190793
v 0.644319 0.528001 0.000016
v 0.484839 0.400549 -0.077789
v 0.316424 0.334557 0.000016
v 0.484839 0.400549 0.077796
v 0.339211 0.276920 -0.151740
v 0.153235 0.266964 -0.099704
v 0.311042 0.329626 -0.005037
v 0.334219 0.270737 -0.156119
v 0.146634 0.256883 -0.107885
v 0.085109 0.100533 -0.144235
v 0.093337 0.093443 -0.133903
v 0.215331 0.149837 -0.235475
v 0.221670 0.140373 -0.225518
v 0.161146 -0.017113 -0.188917
v 0.005092 -0.060113 -0.148038
v 0.157174 -0.017890 -0.203453
v -0.000213 -0.057377 -0.161873
v 0.069563 -0.161911 -0.162923
v 0.072363 -0.159026 -0.148313
v -0.012801 -0.190260 -0.136005
v -0.008888 -0.187504 -0.121670
v 0.047356 -0.259033 -0.100754
v -0.030959 -0.308529 -0.105408
v 0.043519 -0.250712 -0.088646
v -0.032792 -0.302832 -0.091423
v 0.040171 -0.258391 -0.085319
v 0.006059 -0.336498 -0.037460
v -0.034767 -0.308625 -0.087095
v -0.047650 -0.351598 -0.045040
v 0.000170 -0.340393 -0.035959
v -0.050263 -0.356066 -0.040287
v -0.087271 -0.399717 -0.011267
v -0.037641 -0.364365 -0.003111
v -0.032156 -0.361586 0.000016
v 0.006121 -0.336084 -0.034258
v 0.065458 -0.283891 0.000016
v 0.006121 -0.336084 0.034266
v 0.010406 -0.332727 0.038268
v 0.070590 -0.278020 0.002943
v 0.046990 -0.253019 0.084801
v 0.054302 -0.259472 0.099737
v 0.126453 -0.228864 0.064187
v 0.050428 -0.249325 0.089079
v 0.231605 -0.135157 0.134261
v 0.075851 -0.162704 0.146195
v 0.921585 0.051572 -0.121494
v 0.793945 0.047948 -0.003085
v 0.642923 0.040118 -0.078639
v 0.774761 0.117006 -0.172681
v 0.787544 0.044429 0.000016
v 0.636441 0.039795 -0.074561
v 0.636441 0.039795 0.074594
v 0.517349 -0.046880 0.000016
v 0.510792 -0.049246 0.000016
v 0.630416 0.035632 0.078221
v 0.482184 0.004554 0.145469
v 0.399487 -0.128838 0.094033
v 0.510257 -0.047932 0.003144
v 0.394918 -0.132202 0.094283
v 0.476182 0.002556 0.148421
v 0.393680 -0.129975 0.096360
v 0.324897 -0.021945 0.225175
v 0.398077 -0.139784 0.107117
v 0.244036 -0.128160 0.136037
v 0.246583 -0.138917 0.146545
v 0.389338 -0.134152 0.093707
v 0.239420 -0.132038 0.132635
v 0.133848 -0.228312 0.063161
v 0.269921 -0.176541 0.003019
v 0.394801 -0.131858 0.090930
v 0.275938 -0.174923 0.000016
v 0.505470 -0.052161 0.000016
v 0.394801 -0.131858 -0.090923
v 0.510257 -0.047932 -0.003136
v 0.399487 -0.128838 -0.094025
v 0.630416 0.035632 -0.078214
v 0.482184 0.004554 -0.145436
v 0.932669 0.037476 -0.128024
v 1.197539 0.025014 -0.130275
v 0.931011 0.051563 -0.122245
v 1.199937 0.038998 -0.124722
v 1.051929 0.119897 -0.217287
v 1.052100 0.133630 -0.211859
v 0.926717 0.051666 -0.121969
v 1.204223 0.038869 -0.124872
v 1.201130 0.023968 -0.119693
v 1.199937 0.038998 0.124729
v 1.198428 0.043002 -0.128649
v 1.057326 0.133582 -0.212109
v 1.178993 0.212457 -0.297269
v 1.183593 0.216204 -0.301296
v 0.489996 0.404004 -0.083842
v 0.478607 0.397431 -0.083567
v 0.670945 0.463011 -0.176908
v 0.790137 0.640507 -0.126648
v 0.497573 0.392110 -0.078389
v 0.678458 0.453272 -0.168177
v 0.799066 0.629680 -0.121294
v 0.679118 0.452176 -0.171530
v 0.803901 0.633632 -0.122295
v 0.491623 0.387497 -0.077538
v 0.684562 0.454239 -0.172130
v 0.840480 0.463002 -0.295167
v 0.839985 0.464931 -0.292640
v 0.978183 0.551314 -0.208606
v 0.983644 0.552843 -0.209281
v 0.835760 0.475854 -0.302372
v 0.977036 0.562330 -0.219089
v 0.804448 0.630666 -0.124572
v 0.809027 0.647821 -0.127774
v 0.808667 0.633635 -0.122070
v 0.983777 0.554232 -0.205829
v 1.129737 0.643601 -0.124796
v 0.982763 0.566433 -0.214985
v 1.127324 0.657603 -0.130526
v 1.134160 0.643767 -0.124722
v 0.989080 0.553099 -0.209256
v 1.149023 0.470110 -0.297493
v 1.129591 0.640048 -0.128199
v 1.133342 0.657873 0.130608
v 1.129216 0.643543 -0.119768
v 1.131042 0.658709 -0.120294
v 0.973693 0.653805 0.000016
v 0.975045 0.638538 0.000016
v 1.127324 0.657603 0.130534
v 0.968764 0.652079 0.005420
v 0.809027 0.647821 0.127781
v 0.969842 0.636908 0.003444
v 1.129737 0.643601 0.124805
v 0.808667 0.633635 0.122102
v 0.799283 0.647157 0.127656
v 0.962611 0.651717 0.000016
v 0.799043 0.647538 -0.117541
v 0.657266 0.534648 0.000016
v 0.803913 0.633125 -0.118893
v 0.964153 0.636472 0.000016
v 0.665242 0.521806 0.000016
v 0.982704 0.563730 0.219947
v 1.151069 0.480619 0.308309
v 0.987861 0.563852 0.219996
v 1.153881 0.472335 0.315264
v 1.022088 0.344665 0.313112
v 1.152412 0.462144 0.316014
v 1.179921 0.221261 0.316114
v 1.182838 0.210040 0.315164
v 1.017250 0.344579 0.313013
v 1.147965 0.472128 0.315088
v 1.017138 0.350112 0.311361
v 0.845956 0.469469 0.308859
v 0.837154 0.469141 0.308659
v 0.983232 0.558700 0.222749
v 0.978183 0.551314 0.208614
v 0.977036 0.562330 0.219121
v 0.835760 0.475854 0.302379
v 0.677597 0.463326 0.181995
v 0.671968 0.460862 0.181569
v 0.684562 0.454239 0.172162
v 0.804448 0.630666 0.124580
v 0.800410 0.640288 0.135637
v 0.799066 0.629680 0.121302
v 0.497573 0.392110 0.078397
v 0.790137 0.640507 0.126655
v 0.489996 0.404004 0.083876
v 0.660027 0.518191 0.003219
v 0.651546 0.530544 0.004995
v -0.122980 -0.386357 -0.020773
v -0.124035 -0.391463 -0.010316
v -0.121378 -0.388722 -0.023150
v -0.123835 -0.387471 -0.011992
v -0.121714 -0.333013 -0.033407
v -0.135211 -0.390354 -0.027478
v -0.132741 -0.335348 -0.042763
v -0.130291 -0.382243 -0.012093
v -0.132762 -0.382317 -0.009565
v -0.120968 -0.311481 -0.042089
v -0.119364 -0.380810 -0.027528
v -0.086697 -0.333043 -0.060402
v -0.089437 -0.331672 -0.058850
v -0.097896 -0.275935 -0.083893
v -0.096085 -0.269065 -0.087996
v -0.118316 -0.313013 -0.043590
v -0.119326 -0.305799 -0.043389
v -0.108966 -0.266316 -0.094550
v -0.081934 -0.143081 -0.090047
v -0.097457 -0.267591 -0.085593
v -0.071576 -0.145961 -0.079915
v -0.068225 -0.135152 -0.082492
v -0.134706 -0.243361 -0.038210
v -0.137051 -0.242633 -0.036034
v 0.079868 0.096457 0.144043
v 0.211258 0.136301 0.239585
v 0.218606 0.143412 0.241937
v 0.160088 -0.021990 0.205011
v 0.082212 0.092421 0.146570
v -0.000213 -0.057377 0.161906
v 0.157174 -0.017890 0.203485
v -0.007099 -0.062808 0.159203
v 0.074153 0.089249 0.141717
v -0.061859 0.008991 0.065012
v 0.153533 -0.027027 0.202609
v 0.073669 -0.167428 0.162456
v -0.001016 -0.068916 0.160880
v 0.069563 -0.161911 0.162931
v -0.012801 -0.190260 0.136013
v -0.016150 -0.194936 0.134436
v 0.069677 -0.173373 0.160029
v 0.050957 -0.261961 0.098486
v -0.012213 -0.198209 0.133285
v 0.047356 -0.259033 0.100763
v -0.030959 -0.308529 0.105415
v -0.036160 -0.315652 0.102539
v 0.046001 -0.267709 0.095759
v 0.013384 -0.348523 0.043047
v 0.004263 -0.334971 0.039544
v 0.009498 -0.345272 0.049401
v -0.043520 -0.362585 0.054755
v -0.047650 -0.351598 0.045048
v -0.030008 -0.318675 0.097460
v 0.000170 -0.340393 0.035967
v -0.047411 -0.366635 0.052954
v 0.005812 -0.353675 0.040870
v -0.037641 -0.364365 0.003119
v -0.087271 -0.399717 0.011275
v -0.030376 -0.377567 0.004719
v -0.080514 -0.412238 0.016578
v -0.090871 -0.418798 0.013376
v -0.095311 -0.402021 0.012125
v -0.099930 -0.403508 0.007222
v -0.104483 -0.402595 0.003619
v -0.111791 -0.402604 0.002818
v -0.105426 -0.417866 0.003519
v -0.113715 -0.417602 0.004895
v -0.108538 -0.415595 0.015052
v -0.103722 -0.412763 0.018129
v -0.094335 -0.413768 0.021832
v -0.061825 -0.378865 0.043647
v -0.103737 -0.398771 0.011949
v -0.106676 -0.409789 0.032489
v -0.109768 -0.399552 0.011875
v -0.115122 -0.400739 0.006771
v -0.112055 -0.414032 0.016128
v -0.119427 -0.414301 0.011925
v -0.121100 -0.408333 0.021657
v -0.119831 -0.398089 0.006771
v -0.127753 -0.409513 0.012150
v -0.118872 -0.404035 0.026010
v -0.113729 -0.402669 0.034716
v -0.097615 -0.356839 0.061059
v -0.120143 -0.399015 0.034666
v -0.129328 -0.396892 0.032740
v -0.090606 -0.339613 0.073443
v -0.100108 -0.400756 0.039770
v -0.130857 -0.403299 0.016328
v -0.134106 -0.400815 0.015578
v -0.123145 -0.396223 0.002793
v -0.123145 -0.396223 -0.002786
v -0.125380 -0.390748 -0.006788
v -0.129315 -0.386994 -0.007264
v -0.135167 -0.400730 -0.011442
v -0.140200 -0.396461 -0.009715
v -0.133819 -0.405998 0.005095
v -0.137907 -0.399206 0.003569
v -0.126444 -0.390208 0.003544
v -0.129315 -0.386994 0.007271
v -0.145558 -0.387651 0.013651
v -0.141074 -0.391217 0.000016
v -0.134474 -0.395029 0.018679
v -0.132741 -0.335348 0.042772
v -0.123835 -0.387471 0.012000
v -0.130291 -0.382243 0.012100
v -0.121714 -0.333013 0.033415
v -0.139946 -0.387707 0.021832
v -0.132318 -0.313621 0.051053
v -0.127428 -0.384796 0.039419
v -0.118316 -0.313013 0.043622
v -0.128891 -0.315934 0.053380
v -0.094496 -0.337583 0.071767
v -0.105904 -0.281033 0.095358
v -0.104053 -0.270929 0.100462
v -0.130697 -0.306952 0.052528
v -0.108966 -0.266316 0.094584
v -0.081934 -0.143081 0.090055
v -0.119326 -0.305799 0.043397
v -0.134706 -0.243361 0.038219
v -0.071576 -0.145961 0.079923
v -0.145076 -0.242849 0.048676
v -0.150497 -0.240659 0.040995
v -0.136772 -0.250846 0.034266
v -0.132896 -0.372945 0.011449
v -0.150252 -0.252642 0.038994
v -0.146458 -0.373733 0.016228
v -0.148125 -0.304104 0.004569
v -0.133878 -0.303443 0.003318
v -0.132836 -0.326148 0.000016
v -0.147143 -0.326587 0.000016
v -0.132335 -0.381074 -0.006138
v -0.146193 -0.384083 -0.004062
v -0.146458 -0.373733 -0.016220
v -0.134156 -0.312862 -0.046691
v -0.150252 -0.252642 -0.038986
v -0.132896 -0.372945 -0.011442
v -0.122109 -0.310998 -0.038736
v -0.136772 -0.250846 -0.034258
v -0.133583 -0.296819 0.000016
v -0.147895 -0.296038 0.000016
v -0.150515 -0.239136 -0.031456
v -0.106661 -0.118892 0.000016
v -0.136516 -0.242268 -0.032857
v -0.093177 -0.124295 0.000016
v -0.134057 -0.234485 0.036867
v -0.146586 -0.228999 0.042046
v -0.078887 -0.131974 0.092181
v -0.102877 -0.107780 0.004770
v -0.065851 -0.002044 0.064137
v -0.089494 -0.113169 0.003094
v -0.052892 -0.006184 0.058983
v -0.064605 -0.129503 0.083550
v -0.048138 0.000025 0.062335
v -0.057691 0.005032 0.072568
v -0.075309 -0.125668 0.092957
v -0.010548 -0.058006 0.153650
v -0.011072 -0.071956 0.156877
v -0.075735 -0.134723 0.094908
v -0.099723 -0.261002 0.103189
v -0.019781 -0.191986 0.132660
v -0.019927 -0.203605 0.131009
v -0.096106 -0.274969 0.101939
v -0.087999 -0.334156 0.075845
v -0.042537 -0.310466 0.103215
v -0.054210 -0.353990 0.044548
v -0.086769 -0.342083 0.072117
v -0.051200 -0.364645 0.055031
v -0.041318 -0.322873 0.097260
v -0.036840 -0.307944 -0.089421
v -0.041192 -0.313038 -0.085619
v -0.051409 -0.355407 -0.043439
v -0.054210 -0.353990 -0.044540
v -0.083940 -0.334588 -0.059251
v -0.100440 -0.391912 -0.027353
v -0.105248 -0.397797 -0.023175
v -0.061825 -0.378865 -0.043639
v -0.066285 -0.367563 -0.034458
v -0.093818 -0.404245 -0.009615
v -0.095311 -0.402021 -0.012117
v -0.102650 -0.397860 -0.020898
v -0.098657 -0.411279 -0.026977
v -0.103737 -0.398771 -0.011942
v -0.106824 -0.401204 -0.010190
v -0.101364 -0.418554 -0.009465
v -0.112532 -0.412203 -0.023025
v -0.108051 -0.416381 -0.011016
v -0.097571 -0.416320 0.000016
v -0.088081 -0.417339 -0.003586
v -0.046746 -0.388162 0.000016
v -0.093222 -0.403211 -0.006213
v -0.099595 -0.401104 0.000016
v -0.054359 -0.375050 0.000016
v -0.099930 -0.403508 -0.007214
v -0.105643 -0.401988 -0.006638
v -0.111791 -0.402604 -0.002811
v -0.108497 -0.398696 -0.017445
v -0.112504 -0.398130 -0.012943
v -0.118462 -0.410428 -0.019247
v -0.115375 -0.396366 -0.014518
v -0.113765 -0.393132 -0.016921
v -0.107658 -0.395040 -0.023275
v -0.094395 -0.349988 -0.047943
v -0.118014 -0.389182 -0.023300
v -0.128606 -0.403071 -0.023275
v -0.124332 -0.406965 -0.019547
v -0.118450 -0.394626 -0.013218
v -0.134057 -0.234485 -0.036860
v -0.069135 -0.134592 -0.079364
v -0.052892 -0.006184 -0.058975
v -0.050000 0.001723 -0.060151
v -0.080568 -0.130612 -0.087695
v -0.065852 -0.002044 -0.064129
v -0.146586 -0.228999 -0.042038
v -0.099992 -0.100178 0.000016
v -0.061790 0.009787 -0.055848
v 0.041837 0.136730 0.000016
v -0.049583 0.001669 -0.057049
v -0.086833 -0.106458 0.000016
v 0.052955 0.126912 0.000016
v -0.045689 0.007170 0.060635
v -0.055530 0.016774 0.066438
v 0.047590 0.143711 0.005070
v 0.135959 0.254156 0.099262
v 0.142998 0.262530 0.100137
v 0.058464 0.133740 0.003219
v 0.146900 0.245846 0.093683
v 0.334219 0.270737 0.156151
v 0.146634 0.256883 0.107893
v 0.085109 0.100533 0.144243
v 0.215331 0.149837 0.235482
v 0.408098 -0.139751 -0.099754
v 0.488950 -0.005447 -0.154568
v 0.637078 0.023304 -0.084018
v 0.481573 0.005656 -0.148614
v 0.636433 0.039718 -0.077839
v 0.488151 0.008379 -0.149264
v 0.492586 -0.001476 -0.159947
v 0.768393 0.104713 -0.185740
v 0.635480 0.041901 -0.080140
v 0.767111 0.115917 -0.175458
v 0.774302 0.118151 -0.175833
v 0.594927 0.140002 -0.185414
v 0.593993 0.141933 -0.187666
v 0.596405 0.132664 -0.198648
v 0.600389 0.143466 -0.189742
v 0.773009 0.121187 -0.176933
v 0.886209 0.221091 -0.293290
v 0.891415 0.221803 -0.294892
v 0.727390 0.284259 -0.244055
v 0.726311 0.287217 -0.245331
v 1.046681 0.133479 -0.211358
v 0.926232 0.054156 -0.124171
v 0.779481 0.118607 -0.176734
v 0.895770 0.222242 -0.295142
v 1.052074 0.136986 -0.213134
v 1.179299 0.216028 -0.301122
v 1.018058 0.341261 -0.296343
v 1.017786 0.344564 -0.297819
v 0.890717 0.224931 -0.294592
v 1.177578 0.221508 -0.301146
v 1.150095 0.461400 -0.301046
v 1.023121 0.344807 -0.297969
v 1.154569 0.466686 -0.301146
v 1.150218 0.466426 -0.301196
v 0.983975 0.549421 -0.210657
v 0.845048 0.463441 -0.294967
v 1.017798 0.347898 -0.296343
v 0.841255 0.459170 -0.294742
v 1.012291 0.343792 -0.296968
v 0.731623 0.288605 -0.246382
v 0.835404 0.460624 -0.293066
v 0.724988 0.290121 -0.243756
v 0.540158 0.289325 -0.189468
v 0.680095 0.449182 -0.172855
v 0.534019 0.285963 -0.187366
v 0.718751 0.284382 -0.244381
v 0.535281 0.283256 -0.187241
v 0.592729 0.144870 -0.187591
v 0.418686 0.139691 -0.208831
v 0.411999 0.136164 -0.208105
v 0.587521 0.138202 -0.188542
v 0.413428 0.133400 -0.206804
v 0.480277 0.008588 -0.149839
v 0.328710 -0.016885 -0.227119
v 0.323707 -0.020146 -0.227894
v 0.476182 0.002556 -0.148413
v 0.394918 -0.132202 -0.094275
v 0.393680 -0.129975 -0.096352
v 0.244036 -0.128160 -0.136030
v 0.238905 -0.131028 -0.135655
v 0.392356 -0.148163 -0.099054
v 0.389338 -0.134152 -0.093700
v 0.139016 -0.241546 -0.068732
v 0.242702 -0.144162 -0.141259
v 0.239420 -0.132038 -0.132628
v 0.133848 -0.228312 -0.063153
v 1.199140 0.039163 -0.119243
v 1.070348 0.030017 0.000016
v 1.071512 0.045260 0.000016
v 1.197539 0.025014 0.130284
v 1.065996 0.031894 0.005645
v 0.932669 0.037476 0.128031
v 1.066384 0.046999 0.003244
v 0.931011 0.051563 0.122278
v 1.051760 0.122727 0.222548
v 1.060980 0.045550 0.000016
v 1.200636 0.032028 0.139040
v 1.056250 0.122699 0.222724
v 1.181181 0.202168 0.308309
v 1.177055 0.209998 0.314863
v 1.051655 0.127881 0.225325
v 0.897244 0.216480 0.309160
v 1.017678 0.338877 0.311361
v 0.890022 0.216405 0.309009
v 1.047134 0.122615 0.222073
v 1.061651 0.030234 0.000016
v 0.925845 0.042536 0.134061
v 0.891267 0.209217 0.303280
v 0.926232 0.054156 0.124179
v 0.777946 0.107670 0.187198
v 0.779481 0.118607 0.176741
v 0.773502 0.107120 0.186323
v 0.771702 0.111675 0.188724
v 0.882476 0.214156 0.306207
v 0.598895 0.137294 0.203535
v 0.723607 0.281062 0.258349
v 0.722235 0.286225 0.259850
v 0.594873 0.136180 0.201709
v 0.727279 0.287988 0.260851
v 0.888445 0.224676 0.309585
v 1.012034 0.343992 0.312137
v 0.838890 0.459032 0.309734
v 0.828625 0.464111 0.306008
v 0.540158 0.289325 0.189500
v 0.720389 0.290928 0.258123
v 0.535005 0.293911 0.202934
v 0.530423 0.291029 0.201183
v 0.673107 0.456308 0.184146
v 0.680095 0.449182 0.172863
v 0.532480 0.286248 0.201834
v 0.593162 0.140516 0.202159
v 0.716356 0.282942 0.259274
v 0.418711 0.139616 0.224025
v 0.413136 0.137030 0.223224
v 0.415745 0.132490 0.221773
v 0.590606 0.133333 0.202584
v 0.333623 -0.020505 0.240961
v 0.485660 0.001257 0.161956
v 0.487456 -0.003224 0.159404
v 0.325473 -0.025443 0.242037
v 0.492586 -0.001476 0.159954
v 0.596406 0.132664 0.198657
v 0.768393 0.104713 0.185772
v 0.635480 0.041901 0.080148
v 0.639463 0.028992 0.087228
v 0.640535 0.026211 0.083675
v 0.644225 0.026016 0.084451
v 0.920016 0.037351 0.126831
v 0.642923 0.040118 0.078647
v 0.921585 0.051572 0.121502
v 0.793945 0.047948 0.003119
v 0.794345 0.032804 0.005320
v 0.799285 0.031248 0.000016
v 0.799632 0.046579 0.000016
v 0.926900 0.036676 -0.119794
v 0.926738 0.051923 -0.118393
v 0.222564 0.138591 -0.228120
v 0.228303 0.141474 -0.227169
v 0.410771 0.138977 -0.206730
v 0.526939 0.282725 -0.188141
v 0.345082 0.261450 -0.147087
v 0.343635 0.264164 -0.145837
v 0.350561 0.268223 -0.146162
v 0.533237 0.287834 -0.185164
v 0.671437 0.448233 -0.170579
v 0.529012 0.294661 -0.198023
v 0.665258 0.456951 -0.181261
v 0.492536 0.385538 -0.079465
v 0.228002 0.148056 0.240886
v 0.411150 0.141768 0.221648
v 0.524936 0.288352 0.202134
v 0.340083 0.274551 0.156401
v 0.342400 0.270537 0.159004
v 0.350561 0.268223 0.146170
v 0.529012 0.294661 0.198031
v 0.665258 0.456951 0.181270
v 0.346130 0.278005 0.156927
v 0.492536 0.385538 0.079472
v 0.486363 0.396853 0.087503
v 0.484994 0.399931 0.083150
v 0.484192 0.384498 0.077821
v 0.478607 0.397431 0.083575
v 0.157176 0.253311 0.094082
v 0.316318 0.315437 0.003068
v 0.153235 0.266964 0.099712
v 0.311042 0.329626 0.005045
v 0.309836 0.312596 0.000016
v 0.150841 0.250894 -0.094525
v 0.151232 0.250556 -0.091198
v 0.304189 0.326768 0.000016
v 0.062723 0.138571 0.000016
v 0.143058 0.263224 -0.090072
v 0.052312 0.149257 0.000016
v 0.135959 0.254156 -0.099228
v -0.055530 0.016774 -0.066430
v 0.146900 0.245846 -0.093675
v 0.078339 0.098397 -0.139382
v -0.045689 0.007170 -0.060601
v 0.087576 0.090988 -0.130275
v 0.088412 0.089937 -0.133603
v 0.082973 0.082633 -0.131626
v 0.000550 -0.065128 -0.146537
v -0.048138 0.000025 -0.062327
v -0.000467 -0.063538 -0.144260
v 0.074153 0.089249 -0.141708
v -0.064605 -0.129503 -0.083543
v -0.010548 -0.058006 -0.153642
v -0.003391 -0.071398 -0.144061
v -0.012832 -0.191993 -0.119968
v -0.015119 -0.190445 -0.118393
v -0.092635 -0.262112 -0.090022
v -0.065969 -0.136831 -0.083942
v -0.017480 -0.200352 -0.116416
v -0.039169 -0.305991 -0.089147
v -0.093107 -0.270206 -0.087871
v -0.084106 -0.328195 -0.062503
v 0.238807 -0.138112 0.148521
v 0.080291 -0.164317 0.164207
v 0.241516 -0.141929 0.145994
v 0.317517 -0.030434 0.239411
v 0.162679 -0.026406 0.203485
v 0.165170 -0.018314 0.205562
v 0.321111 -0.017309 0.242663
v 0.407597 0.133658 0.222923
v 0.223777 0.134833 0.242813
v 0.127547 -0.230801 -0.062153
v 0.269085 -0.195465 0.000016
v 0.133212 -0.243548 0.068240
v 0.263331 -0.181354 0.000016
v 0.127939 -0.230376 -0.059025
v 0.134332 -0.243880 -0.061852
v 0.076422 -0.276347 0.000016
v 0.083646 -0.289681 0.000016
v 0.122876 -0.234457 0.061810
v 0.129376 -0.247058 0.067289
v 0.122876 -0.234457 -0.061803
v 0.129376 -0.247058 -0.067281
v 0.010406 -0.332727 -0.038261
v 0.019246 -0.343335 -0.044190
v 0.053214 -0.263642 -0.093650
v 0.046990 -0.253019 -0.084794
v 0.046018 -0.252391 -0.087770
v 0.050428 -0.249325 -0.089071
v 0.234849 -0.145657 -0.144811
v 0.126453 -0.228864 -0.064179
v 0.231605 -0.135157 -0.134253
v 0.078228 -0.171698 -0.158245
v 0.075851 -0.162704 -0.146187
v 0.074012 -0.161386 -0.148514
v 0.079368 -0.157652 -0.150565
v 0.237066 -0.128436 -0.136880
v 0.318453 -0.022798 -0.226293
v 0.164494 -0.022307 -0.188992
v 0.163015 -0.019752 -0.190318
v 0.322152 -0.017318 -0.227519
v 0.168047 -0.016540 -0.190793
v 0.406431 0.132713 -0.207805
v 0.224471 0.135676 -0.227669
v 0.652077 0.514981 0.000016
v 0.644319 0.528001 0.000016
v 0.484839 0.400549 -0.077789
v 0.316424 0.334557 0.000016
v 0.491721 0.387381 -0.074637
v 0.322707 0.320685 0.000016
v 0.484192 0.384498 -0.077814
v 0.343226 0.265313 -0.142709
v 0.157176 0.253311 -0.094075
v 0.339211 0.276920 -0.151740
v 0.153235 0.266964 -0.099704
v 0.152409 0.248578 -0.096602
v 0.337900 0.260362 -0.145612
v 0.093337 0.093443 -0.133903
v 0.215331 0.149837 -0.235475
v 0.221670 0.140373 -0.225518
v 0.217985 0.134667 -0.226268
v 0.161146 -0.017113 -0.188917
v 0.005092 -0.060113 -0.148038
v 0.089981 0.087238 -0.134804
v 0.156449 -0.025325 -0.187841
v 0.003010 -0.067396 -0.146412
v 0.072363 -0.159026 -0.148313
v -0.008888 -0.187504 -0.121670
v 0.069225 -0.165766 -0.146837
v -0.010471 -0.193610 -0.118917
v 0.043519 -0.250712 -0.088646
v -0.032792 -0.302832 -0.091423
v 0.046001 -0.267709 -0.095726
v 0.040171 -0.258391 -0.085319
v 0.006059 -0.336498 -0.037460
v -0.034767 -0.308625 -0.087095
v 0.004263 -0.334971 -0.039537
v -0.030008 -0.318675 -0.097452
v -0.047650 -0.351598 -0.045040
v 0.000170 -0.340393 -0.035959
v -0.050263 -0.356066 -0.040287
v -0.045514 -0.367947 -0.048568
v -0.087271 -0.399717 -0.011267
v 0.005812 -0.353675 -0.040837
v -0.080513 -0.412238 -0.016570
v -0.032156 -0.361586 0.000016
v 0.006121 -0.336084 -0.034258
v 0.065458 -0.283891 0.000016
v -0.024545 -0.374698 0.000016
v 0.014625 -0.348537 -0.034808
v 0.074808 -0.295637 0.000016
v 0.019246 -0.343335 0.044198
v 0.079241 -0.290152 0.005295
v 0.010406 -0.332727 0.038268
v 0.070590 -0.278020 0.002943
v 0.054302 -0.259472 0.099737
v 0.131129 -0.240296 0.073093
v 0.234849 -0.145657 0.144818
v 0.126453 -0.228864 0.064187
v 0.078228 -0.171698 0.158253
v 0.921585 0.051572 -0.121494
v 0.920016 0.037351 -0.126823
v 0.644225 0.026016 -0.084444
v 0.642923 0.040118 -0.078639
v 0.774102 0.104466 -0.181361
v 0.774761 0.117006 -0.172681
v 0.790299 0.029348 0.000016
v 0.640773 0.025805 -0.078965
v 0.787544 0.044429 0.000016
v 0.636441 0.039795 -0.074561
v 0.517349 -0.046880 0.000016
v 0.523596 -0.060757 0.000016
v 0.637078 0.023304 0.084026
v 0.630416 0.035632 0.078221
v 0.399487 -0.128838 0.094033
v 0.510257 -0.047932 0.003144
v 0.518283 -0.060590 0.005270
v 0.408098 -0.139751 0.099787
v 0.400845 -0.144892 0.100212
v 0.482279 -0.006147 0.159178
v 0.329236 -0.031788 0.235883
v 0.246583 -0.138917 0.146545
v 0.389338 -0.134152 0.093707
v 0.133848 -0.228312 0.063161
v 0.392356 -0.148163 0.099061
v 0.139016 -0.241546 0.068740
v 0.269921 -0.176541 0.003019
v 0.274626 -0.190922 0.005120
v 0.280739 -0.189447 0.000016
v 0.513613 -0.064907 0.000016
v 0.275938 -0.174923 0.000016
v 0.505470 -0.052161 0.000016
v 0.394801 -0.131858 -0.090923
v 0.401328 -0.145601 -0.091072
v 0.399487 -0.128838 -0.094025
v 0.630416 0.035632 -0.078214
v 0.482184 0.004554 -0.145436
v 1.199937 0.038998 -0.124722
v 1.051929 0.119897 -0.217287
v 1.052260 0.132402 -0.208531
v 1.201130 0.023968 -0.119693
v 1.199937 0.038998 0.124729
v 1.198428 0.043002 -0.128649
v 1.178993 0.212457 -0.297269
v 1.181181 0.202168 -0.308301
v 1.200636 0.032028 -0.139031
v 1.151069 0.480619 -0.308301
v 1.131622 0.651242 -0.138306
v 1.149023 0.470110 -0.297493
v 1.129591 0.640048 -0.128199
v 1.129216 0.643543 -0.119768
v 1.131042 0.658709 0.120301
v 1.131042 0.658709 -0.120294
v 1.129216 0.643543 0.119801
v 1.129591 0.640048 0.128232
v 1.149023 0.470110 0.297502
v 1.131622 0.651242 0.138314
v 1.151069 0.480619 0.308309
v 1.177578 0.221508 0.301154
v 1.150218 0.466426 0.301204
v 1.150095 0.461400 0.301054
v 1.152412 0.462144 0.316014
v 1.179921 0.221261 0.316114
v 0.983232 0.558700 0.222749
v 0.983975 0.549421 0.210690
v -0.134106 -0.400815 -0.015569
v -0.126285 -0.415684 0.000016
v -0.133819 -0.405998 -0.005088
v -0.134474 -0.395029 -0.018672
v -0.129328 -0.396892 -0.032731
v -0.135211 -0.390354 -0.027478
v -0.132741 -0.335348 -0.042763
v -0.145558 -0.387651 -0.013619
v -0.139946 -0.387707 -0.021799
v -0.132318 -0.313621 -0.051044
v -0.127428 -0.384796 -0.039386
v -0.089437 -0.331672 -0.058850
v -0.097896 -0.275935 -0.083893
v -0.094496 -0.337583 -0.071734
v -0.105904 -0.281033 -0.095351
v -0.104053 -0.270929 -0.100430
v -0.128891 -0.315934 -0.053346
v -0.130697 -0.306952 -0.052521
v -0.108966 -0.266316 -0.094550
v -0.081934 -0.143081 -0.090047
v -0.078887 -0.131974 -0.092174
v -0.145076 -0.242849 -0.048668
v -0.150497 -0.240659 -0.040987
v 0.217985 0.134667 0.226276
v 0.079868 0.096457 0.144043
v 0.211258 0.136301 0.239585
v 0.157174 -0.017890 0.203485
v 0.161146 -0.017113 0.188925
v -0.007099 -0.062808 0.159203
v 0.156449 -0.025325 0.187874
v 0.074153 0.089249 0.141717
v -0.061859 0.008991 0.065012
v 0.153533 -0.027027 0.202609
v 0.069563 -0.161911 0.162931
v 0.072363 -0.159026 0.148346
v 0.069225 -0.165766 0.146845
v 0.046018 -0.252391 0.087778
v 0.069677 -0.173373 0.160029
v 0.047356 -0.259033 0.100763
v 0.043519 -0.250712 0.088654
v 0.046001 -0.267709 0.095759
v 0.040171 -0.258391 0.085326
v 0.004263 -0.334971 0.039544
v 0.009498 -0.345272 0.049401
v -0.066285 -0.367563 0.034465
v -0.095311 -0.402021 0.012125
v -0.099930 -0.403508 0.007222
v -0.105426 -0.417866 0.003519
v -0.101364 -0.418554 0.009473
v -0.094335 -0.413768 0.021832
v -0.061825 -0.378865 0.043647
v -0.108497 -0.398696 0.017454
v -0.109768 -0.399552 0.011875
v -0.112055 -0.414032 0.016128
v -0.112532 -0.412203 0.023032
v -0.121100 -0.408333 0.021657
v -0.119831 -0.398089 0.006771
v -0.127753 -0.409513 0.012150
v -0.107658 -0.395040 0.023308
v -0.094395 -0.349988 0.047950
v -0.113729 -0.402669 0.034716
v -0.097615 -0.356839 0.061059
v -0.129328 -0.396892 0.032740
v -0.120665 -0.391872 0.017504
v -0.118450 -0.394626 0.013225
v -0.128606 -0.403071 0.023283
v -0.124332 -0.406965 0.019556
v -0.130857 -0.403299 0.016328
v -0.134106 -0.400815 0.015578
v -0.135167 -0.400730 -0.011442
v -0.140200 -0.396461 -0.009715
v -0.137907 -0.399206 -0.003561
v -0.139640 -0.397596 0.000016
v -0.133819 -0.405998 0.005095
v -0.137907 -0.399206 0.003569
v -0.135167 -0.400730 0.011449
v -0.140199 -0.396461 0.009723
v -0.145558 -0.387651 0.013651
v -0.141074 -0.391217 0.000016
v -0.134474 -0.395029 0.018679
v -0.146193 -0.384083 0.004069
v -0.135211 -0.390354 0.027511
v -0.132741 -0.335348 0.042772
v -0.139946 -0.387707 0.021832
v -0.132318 -0.313621 0.051053
v -0.127428 -0.384796 0.039419
v -0.089437 -0.331672 0.058858
v -0.128891 -0.315934 0.053380
v -0.094496 -0.337583 0.071767
v -0.097896 -0.275935 0.083901
v -0.105904 -0.281033 0.095358
v -0.104053 -0.270929 0.100462
v -0.130697 -0.306952 0.052528
v -0.108966 -0.266316 0.094584
v -0.081934 -0.143081 0.090055
v -0.145076 -0.242849 0.048676
v -0.150497 -0.240659 0.040995
v -0.134156 -0.312862 0.046699
v -0.150252 -0.252642 0.038994
v -0.146458 -0.373733 0.016228
v -0.149236 -0.303134 0.000016
v -0.148125 -0.304104 0.004569
v -0.147143 -0.326587 0.000016
v -0.146193 -0.384083 -0.004062
v -0.146458 -0.373733 -0.016220
v -0.134156 -0.312862 -0.046691
v -0.150252 -0.252642 -0.038986
v -0.148125 -0.304104 -0.004562
v -0.147895 -0.296038 0.000016
v -0.150515 -0.239136 -0.031456
v -0.106661 -0.118892 0.000016
v -0.103804 -0.106867 0.000016
v -0.150515 -0.239136 0.031464
v -0.146586 -0.228999 0.042046
v -0.078887 -0.131974 0.092181
v -0.102877 -0.107780 0.004770
v -0.065851 -0.002044 0.064137
v -0.080568 -0.130612 0.087728
v -0.057691 0.005032 0.072568
v -0.075309 -0.125668 0.092957
v -0.010548 -0.058006 0.153650
v -0.003391 -0.071398 0.144068
v -0.011072 -0.071956 0.156877
v -0.099723 -0.261002 0.103189
v -0.019781 -0.191986 0.132660
v -0.015119 -0.190445 0.118400
v -0.019927 -0.203605 0.131009
v -0.017480 -0.200352 0.116424
v -0.042537 -0.310466 0.103215
v -0.039169 -0.305991 0.089179
v -0.041192 -0.313038 0.085627
v -0.054210 -0.353990 0.044548
v -0.051200 -0.364645 0.055031
v -0.041318 -0.322873 0.097260
v -0.041318 -0.322873 -0.097252
v -0.041192 -0.313038 -0.085619
v -0.051200 -0.364645 -0.055022
v -0.054210 -0.353990 -0.044540
v -0.061825 -0.378865 -0.043639
v -0.066285 -0.367563 -0.034458
v -0.095311 -0.402021 -0.012117
v -0.094335 -0.413768 -0.021824
v -0.101364 -0.418554 -0.009465
v -0.112532 -0.412203 -0.023025
v -0.099930 -0.403508 -0.007214
v -0.105426 -0.417866 -0.003486
v -0.112055 -0.414032 -0.016120
v -0.109768 -0.399552 -0.011867
v -0.108497 -0.398696 -0.017445
v -0.121100 -0.408333 -0.021624
v -0.107658 -0.395040 -0.023275
v -0.094395 -0.349988 -0.047943
v -0.113729 -0.402669 -0.034683
v -0.097615 -0.356839 -0.061027
v -0.120665 -0.391872 -0.017496
v -0.128606 -0.403071 -0.023275
v -0.124332 -0.406965 -0.019547
v -0.127753 -0.409513 -0.012117
v -0.118450 -0.394626 -0.013218
v -0.119831 -0.398089 -0.006739
v -0.130857 -0.403299 -0.016320
v -0.080568 -0.130612 -0.087695
v -0.065852 -0.002044 -0.064129
v -0.146586 -0.228999 -0.042038
v -0.102877 -0.107780 -0.004762
v -0.061859 0.008991 -0.065004
v -0.099992 -0.100178 0.000016
v -0.061790 0.009787 -0.055848
v 0.041837 0.136730 0.000016
v 0.046952 0.145117 0.000016
v -0.061790 0.009787 0.055856
v 0.047590 0.143711 0.005070
v 0.135959 0.254156 0.099262
v 0.078339 0.098397 0.139390
v 0.337900 0.260362 0.145619
v 0.334219 0.270737 0.156151
v 0.215331 0.149837 0.235482
v 0.768393 0.104713 -0.185740
v 0.635480 0.041901 -0.080140
v 0.767111 0.115917 -0.175458
v 0.590604 0.133358 -0.202577
v 0.771702 0.111675 -0.188717
v 0.773009 0.121187 -0.176933
v 0.886209 0.221091 -0.293290
v 0.925845 0.042536 -0.134053
v 1.047134 0.122615 -0.222065
v 1.046681 0.133479 -0.211358
v 0.891267 0.209217 -0.303273
v 0.926232 0.054156 -0.124171
v 0.891955 0.219396 -0.291965
v 1.179921 0.221261 -0.316107
v 1.152412 0.462144 -0.315982
v 1.177578 0.221508 -0.301146
v 1.150095 0.461400 -0.301046
v 1.150218 0.466426 -0.301196
v 0.983975 0.549421 -0.210657
v 0.983232 0.558700 -0.222716
v 0.828625 0.464111 -0.305999
v 0.724988 0.290121 -0.243756
v 0.720389 0.290928 -0.258116
v 0.587521 0.138202 -0.188542
v 0.480277 0.008588 -0.149839
v 0.485660 0.001257 -0.161923
v 0.482279 -0.006147 -0.159171
v 0.476182 0.002556 -0.148413
v 0.393680 -0.129975 -0.096352
v 0.398077 -0.139784 -0.107109
v 1.199140 0.039163 0.119250
v 1.199140 0.039163 -0.119243
v 1.201130 0.023968 0.119701
v 1.051929 0.119897 0.217319
v 1.052260 0.132402 0.208563
v 1.198428 0.043002 0.128657
v 1.200636 0.032028 0.139040
v 1.181181 0.202168 0.308309
v 1.178993 0.212457 0.297301
v 1.047134 0.122615 0.222073
v 0.925845 0.042536 0.134061
v 1.046681 0.133479 0.211391
v 0.891267 0.209217 0.303280
v 0.926232 0.054156 0.124179
v 0.891955 0.219396 0.291972
v 0.886209 0.221091 0.293299
v 0.773009 0.121187 0.176941
v 0.771702 0.111675 0.188724
v 0.828625 0.464111 0.306008
v 0.724988 0.290121 0.243788
v 0.720389 0.290928 0.258123
v 0.587521 0.138202 0.188574
v 0.590606 0.133333 0.202584
v 0.480277 0.008588 0.149847
v 0.485660 0.001257 0.161956
v 0.768393 0.104713 0.185772
v 0.767111 0.115917 0.175490
v 0.635480 0.041901 0.080148
v 0.135959 0.254156 -0.099228
v 0.079868 0.096457 -0.144010
v 0.047590 0.143711 -0.005037
v 0.078339 0.098397 -0.139382
v 0.074153 0.089249 -0.141708
v -0.057691 0.005032 -0.072560
v -0.075309 -0.125668 -0.092924
v -0.010548 -0.058006 -0.153642
v -0.007099 -0.062808 -0.159171
v -0.011072 -0.071956 -0.156844
v -0.003391 -0.071398 -0.144061
v -0.019781 -0.191986 -0.132652
v -0.015119 -0.190445 -0.118393
v -0.099723 -0.261002 -0.103156
v -0.019927 -0.203605 -0.131001
v -0.017480 -0.200352 -0.116416
v -0.042537 -0.310466 -0.103206
v -0.039169 -0.305991 -0.089147
v 0.237066 -0.128436 0.136888
v 0.318453 -0.022798 0.226301
v 0.238807 -0.138112 0.148521
v 0.317517 -0.030434 0.239411
v 0.322152 -0.017318 0.227527
v 0.406431 0.132713 0.207838
v 0.321111 -0.017309 0.242663
v 0.407597 0.133658 0.222923
v 0.071768 -0.278829 0.000016
v 0.070590 -0.278020 -0.002936
v 0.010406 -0.332727 -0.038261
v 0.046990 -0.253019 -0.084794
v 0.046018 -0.252391 -0.087770
v 0.234849 -0.145657 -0.144811
v 0.126453 -0.228864 -0.064179
v 0.231605 -0.135157 -0.134253
v 0.237066 -0.128436 -0.136880
v 0.318453 -0.022798 -0.226293
v 0.238807 -0.138112 -0.148514
v 0.317517 -0.030434 -0.239403
v 0.321111 -0.017309 -0.242654
v 0.407597 0.133658 -0.222916
v 0.322152 -0.017318 -0.227519
v 0.406431 0.132713 -0.207805
v 0.334219 0.270737 -0.156119
v 0.337900 0.260362 -0.145612
v 0.215331 0.149837 -0.235475
v 0.217985 0.134667 -0.226268
v 0.161146 -0.017113 -0.188917
v 0.157174 -0.017890 -0.203453
v 0.211258 0.136301 -0.239578
v 0.153533 -0.027027 -0.202601
v 0.156449 -0.025325 -0.187841
v 0.069563 -0.161911 -0.162923
v 0.072363 -0.159026 -0.148313
v 0.069677 -0.173373 -0.160021
v 0.069225 -0.165766 -0.146837
v 0.047356 -0.259033 -0.100754
v 0.043519 -0.250712 -0.088646
v 0.046001 -0.267709 -0.095726
v 0.040171 -0.258391 -0.085319
v 0.004263 -0.334971 -0.039537
v 0.009498 -0.345272 -0.049393
v 0.010406 -0.332727 0.038268
v 0.070590 -0.278020 0.002943
v 0.046990 -0.253019 0.084801
v 0.234849 -0.145657 0.144818
v 0.126453 -0.228864 0.064187
v 0.231605 -0.135157 0.134261
v 0.482279 -0.006147 0.159178
v 0.476182 0.002556 0.148421
v 0.393680 -0.129975 0.096360
v 0.398077 -0.139784 0.107117
v 1.051760 0.122727 -0.222516
v 0.932669 0.037476 -0.128024
v 0.926714 0.037569 -0.127948
v 1.066007 0.030214 0.000016
v 1.065996 0.031894 -0.005637
v 1.197539 0.025014 -0.130275
v 1.051929 0.119897 -0.217287
v 1.203245 0.024689 -0.130500
v 1.201130 0.023968 -0.119693
v 1.057326 0.133582 -0.212109
v 1.056250 0.122699 -0.222716
v 1.178993 0.212457 -0.297269
v 1.200636 0.032028 -0.139031
v 1.182838 0.210040 -0.315156
v 0.497573 0.392110 -0.078389
v 0.678458 0.453272 -0.168177
v 0.799066 0.629680 -0.121294
v 0.679118 0.452176 -0.171530
v 0.660027 0.518191 -0.003210
v 0.659750 0.519534 0.000016
v 0.803901 0.633632 -0.122295
v 0.491623 0.387497 -0.077538
v 0.684562 0.454239 -0.172130
v 0.840480 0.463002 -0.295167
v 0.839985 0.464931 -0.292640
v 0.978183 0.551314 -0.208606
v 0.983644 0.552843 -0.209281
v 0.800410 0.640288 -0.135629
v 0.804448 0.630666 -0.124572
v 0.808667 0.633635 -0.122070
v 0.983777 0.554232 -0.205829
v 1.129737 0.643601 -0.124796
v 0.969842 0.636908 -0.003436
v 0.969568 0.638353 0.000016
v 1.134160 0.643767 -0.124722
v 0.987861 0.563852 -0.219989
v 0.989080 0.553099 -0.209256
v 1.131622 0.651242 -0.138306
v 1.149023 0.470110 -0.297493
v 1.129591 0.640048 -0.128199
v 1.134160 0.643767 0.124754
v 1.129216 0.643543 -0.119768
v 1.129216 0.643543 0.119801
v 0.975045 0.638538 0.000016
v 0.969842 0.636908 0.003444
v 1.129737 0.643601 0.124805
v 0.808667 0.633635 0.122102
v 0.803913 0.633125 -0.118893
v 0.964153 0.636472 0.000016
v 0.803913 0.633125 0.118900
v 0.665242 0.521806 0.000016
v 0.803901 0.633632 0.122302
v 0.983644 0.552843 0.209289
v 0.983777 0.554232 0.205861
v 1.129591 0.640048 0.128232
v 1.149023 0.470110 0.297502
v 1.154569 0.466686 0.301154
v 1.131622 0.651242 0.138314
v 0.989080 0.553099 0.209264
v 0.987861 0.563852 0.219996
v 1.150218 0.466426 0.301204
v 1.150095 0.461400 0.301054
v 1.023121 0.344807 0.297977
v 1.022088 0.344665 0.313112
v 1.152412 0.462144 0.316014
v 1.182838 0.210040 0.315164
v 1.147965 0.472128 0.315088
v 0.845956 0.469469 0.308859
v 0.845048 0.463441 0.294975
v 0.983232 0.558700 0.222749
v 0.983975 0.549421 0.210690
v 0.840480 0.463002 0.295200
v 0.978183 0.551314 0.208614
v 0.839985 0.464931 0.292648
v 0.684562 0.454239 0.172162
v 0.679118 0.452176 0.171537
v 0.804448 0.630666 0.124580
v 0.800410 0.640288 0.135637
v 0.799066 0.629680 0.121302
v 0.678458 0.453272 0.168185
v 0.497573 0.392110 0.078397
v 0.660027 0.518191 0.003219
v -0.134106 -0.400815 -0.015569
v -0.126285 -0.415684 0.000016
v -0.129328 -0.396892 -0.032731
v -0.097896 -0.275935 -0.083893
v -0.105904 -0.281033 -0.095351
v -0.118316 -0.313013 -0.043590
v -0.128891 -0.315934 -0.053346
v -0.081934 -0.143081 -0.090047
v -0.134706 -0.243361 -0.038210
v -0.145076 -0.242849 -0.048668
v 0.088412 0.089937 0.133611
v 0.222564 0.138591 0.228127
v 0.217985 0.134667 0.226276
v 0.211258 0.136301 0.239585
v 0.082212 0.092421 0.146570
v 0.089981 0.087238 0.134837
v 0.082973 0.082633 0.131634
v -0.050000 0.001723 0.060184
v 0.156449 -0.025325 0.187874
v 0.074153 0.089249 0.141717
v 0.153533 -0.027027 0.202609
v 0.073669 -0.167428 0.162456
v -0.001016 -0.068916 0.160880
v 0.003010 -0.067396 0.146420
v 0.069225 -0.165766 0.146845
v 0.069677 -0.173373 0.160029
v 0.050957 -0.261961 0.098486
v -0.012213 -0.198209 0.133285
v -0.010471 -0.193610 0.118950
v -0.036160 -0.315652 0.102539
v 0.046001 -0.267709 0.095759
v 0.013384 -0.348523 0.043047
v 0.009498 -0.345272 0.049401
v -0.043520 -0.362585 0.054755
v -0.030008 -0.318675 0.097460
v -0.047411 -0.366635 0.052954
v 0.005812 -0.353675 0.040870
v -0.029001 -0.378175 0.000016
v -0.030376 -0.377567 0.004719
v -0.080514 -0.412238 0.016578
v -0.090871 -0.418798 0.013376
v -0.045515 -0.367948 0.048575
v -0.105426 -0.417866 0.003519
v -0.108051 -0.416381 0.011025
v -0.101364 -0.418554 0.009473
v -0.103456 -0.418510 0.000016
v -0.113715 -0.417602 0.004895
v -0.108538 -0.415595 0.015052
v -0.103722 -0.412763 0.018129
v -0.094335 -0.413768 0.021832
v -0.061825 -0.378865 0.043647
v -0.098657 -0.411279 0.026985
v -0.106676 -0.409789 0.032489
v -0.112055 -0.414032 0.016128
v -0.112532 -0.412203 0.023032
v -0.119427 -0.414301 0.011925
v -0.118462 -0.410428 0.019255
v -0.121100 -0.408333 0.021657
v -0.127753 -0.409513 0.012150
v -0.118872 -0.404035 0.026010
v -0.113729 -0.402669 0.034716
v -0.120143 -0.399015 0.034666
v -0.129328 -0.396892 0.032740
v -0.120665 -0.391872 0.017504
v -0.100108 -0.400756 0.039770
v -0.128606 -0.403071 0.023283
v -0.124332 -0.406965 0.019556
v -0.130857 -0.403299 0.016328
v -0.121092 -0.393269 0.011675
v -0.134106 -0.400815 0.015578
v -0.129315 -0.386994 -0.007264
v -0.140200 -0.396461 -0.009715
v -0.137907 -0.399206 -0.003561
v -0.137907 -0.399206 0.003569
v -0.129315 -0.386994 0.007271
v -0.140199 -0.396461 0.009723
v -0.118316 -0.313013 0.043622
v -0.128891 -0.315934 0.053380
v -0.097896 -0.275935 0.083901
v -0.105904 -0.281033 0.095358
v -0.081934 -0.143081 0.090055
v -0.134706 -0.243361 0.038219
v -0.145076 -0.242849 0.048676
v -0.048138 0.000025 0.062335
v -0.057691 0.005032 0.072568
v -0.003391 -0.071398 0.144068
v -0.011072 -0.071956 0.156877
v -0.075735 -0.134723 0.094908
v -0.065969 -0.136831 0.083951
v -0.019927 -0.203605 0.131009
v -0.017480 -0.200352 0.116424
v -0.096106 -0.274969 0.101939
v -0.093107 -0.270206 0.087878
v -0.041192 -0.313038 0.085627
v -0.083940 -0.334588 0.059258
v -0.086769 -0.342083 0.072117
v -0.051200 -0.364645 0.055031
v -0.041318 -0.322873 0.097260
v -0.036160 -0.315652 -0.102505
v -0.041318 -0.322873 -0.097252
v -0.047411 -0.366635 -0.052920
v -0.041192 -0.313038 -0.085619
v -0.051200 -0.364645 -0.055022
v -0.100108 -0.400756 -0.039762
v -0.086769 -0.342083 -0.072110
v -0.083940 -0.334588 -0.059251
v -0.106676 -0.409789 -0.032481
v -0.061825 -0.378865 -0.043639
v -0.090871 -0.418798 -0.013368
v -0.098657 -0.411279 -0.026977
v -0.103722 -0.412763 -0.018121
v -0.094335 -0.413768 -0.021824
v -0.108538 -0.415595 -0.015044
v -0.101364 -0.418554 -0.009465
v -0.112532 -0.412203 -0.023025
v -0.108051 -0.416381 -0.011016
v -0.097571 -0.416320 0.000016
v -0.088081 -0.417339 -0.003586
v -0.046746 -0.388162 0.000016
v -0.088081 -0.417339 0.003594
v -0.105426 -0.417866 -0.003486
v -0.113715 -0.417602 -0.004862
v -0.119426 -0.414300 -0.011917
v -0.112055 -0.414032 -0.016120
v -0.118462 -0.410428 -0.019247
v -0.121100 -0.408333 -0.021624
v -0.118872 -0.404035 -0.026002
v -0.113729 -0.402669 -0.034683
v -0.120143 -0.399015 -0.034658
v -0.120665 -0.391872 -0.017496
v -0.128606 -0.403071 -0.023275
v -0.124332 -0.406965 -0.019547
v -0.127753 -0.409513 -0.012117
v -0.130857 -0.403299 -0.016320
v -0.121092 -0.393269 -0.011667
v -0.050000 0.001723 -0.060151
v -0.049583 0.001669 -0.057049
v 0.052955 0.126912 0.000016
v 0.057832 0.134967 0.000016
v -0.049583 0.001669 0.057057
v -0.045689 0.007170 0.060635
v 0.058464 0.133740 0.003219
v 0.146900 0.245846 0.093683
v 0.150841 0.250894 0.094533
v 0.087577 0.090988 0.130284
v 0.093337 0.093443 0.133911
v 0.152409 0.248578 0.096634
v 0.337900 0.260362 0.145619
v 0.334219 0.270737 0.156151
v 0.146634 0.256883 0.107893
v 0.221670 0.140373 0.225526
v 0.408098 -0.139751 -0.099754
v 0.487456 -0.003224 -0.159396
v 0.488950 -0.005447 -0.154568
v 0.637078 0.023304 -0.084018
v 0.400845 -0.144892 -0.100205
v 0.640535 0.026211 -0.083668
v 0.492586 -0.001476 -0.159947
v 0.639463 0.028992 -0.087220
v 0.768393 0.104713 -0.185740
v 0.773502 0.107120 -0.186315
v 0.594927 0.140002 -0.185414
v 0.596405 0.132664 -0.198648
v 0.594873 0.136180 -0.201701
v 0.598895 0.137294 -0.203527
v 0.590604 0.133358 -0.202577
v 0.882476 0.214156 -0.306200
v 0.600389 0.143466 -0.189742
v 0.886209 0.221091 -0.293290
v 0.727390 0.284259 -0.244055
v 0.723607 0.281062 -0.258341
v 0.890022 0.216405 -0.309002
v 0.777946 0.107670 -0.187191
v 0.925845 0.042536 -0.134053
v 1.047134 0.122615 -0.222065
v 0.895770 0.222242 -0.295142
v 1.179299 0.216028 -0.301122
v 0.897244 0.216480 -0.309127
v 1.177055 0.209998 -0.314831
v 1.018058 0.341261 -0.296343
v 1.017678 0.338877 -0.311328
v 1.012034 0.343992 -0.312129
v 1.022088 0.344665 -0.313080
v 1.152412 0.462144 -0.315982
v 1.150095 0.461400 -0.301046
v 1.023121 0.344807 -0.297969
v 1.154569 0.466686 -0.301146
v 1.150218 0.466426 -0.301196
v 0.983975 0.549421 -0.210657
v 0.983232 0.558700 -0.222716
v 0.845048 0.463441 -0.294967
v 1.147965 0.472128 -0.315081
v 0.845956 0.469469 -0.308852
v 0.838890 0.459032 -0.309702
v 0.841255 0.459170 -0.294742
v 1.012291 0.343792 -0.296968
v 0.835404 0.460624 -0.293066
v 0.828625 0.464111 -0.305999
v 0.540158 0.289325 -0.189468
v 0.535005 0.293911 -0.202902
v 0.673107 0.456308 -0.184139
v 0.680095 0.449182 -0.172855
v 0.534019 0.285963 -0.187366
v 0.718751 0.284382 -0.244381
v 0.535281 0.283256 -0.187241
v 0.532480 0.286248 -0.201826
v 0.418686 0.139691 -0.208831
v 0.716356 0.282942 -0.259267
v 0.418711 0.139616 -0.224017
v 0.587521 0.138202 -0.188542
v 0.413428 0.133400 -0.206804
v 0.415745 0.132490 -0.221740
v 0.325473 -0.025443 -0.242004
v 0.482279 -0.006147 -0.159171
v 0.476182 0.002556 -0.148413
v 0.324897 -0.021945 -0.225142
v 0.329236 -0.031788 -0.235875
v 0.398077 -0.139784 -0.107109
v 0.246583 -0.138917 -0.146537
v 0.241516 -0.141929 -0.145987
v 0.392356 -0.148163 -0.099054
v 0.275637 -0.192080 0.000016
v 0.274626 -0.190922 -0.005112
v 0.139016 -0.241546 -0.068732
v 0.242702 -0.144162 -0.141259
v 1.203245 0.024689 0.130508
v 1.070348 0.030017 0.000016
v 1.201130 0.023968 0.119701
v 1.197539 0.025014 0.130284
v 1.065996 0.031894 0.005645
v 0.932669 0.037476 0.128031
v 1.051929 0.119897 0.217319
v 1.051760 0.122727 0.222548
v 1.200636 0.032028 0.139040
v 1.056250 0.122699 0.222724
v 1.057326 0.133582 0.212141
v 1.178993 0.212457 0.297301
v 1.177055 0.209998 0.314863
v 1.179299 0.216028 0.301129
v 0.895770 0.222242 0.295149
v 0.897244 0.216480 0.309160
v 1.018058 0.341261 0.296375
v 1.017678 0.338877 0.311361
v 0.890022 0.216405 0.309009
v 1.047134 0.122615 0.222073
v 0.926714 0.037569 0.127957
v 1.061651 0.030234 0.000016
v 0.925845 0.042536 0.134061
v 0.777946 0.107670 0.187198
v 0.773502 0.107120 0.186323
v 0.886209 0.221091 0.293299
v 0.600389 0.143466 0.189750
v 0.882476 0.214156 0.306207
v 0.598895 0.137294 0.203535
v 0.727390 0.284259 0.244064
v 0.723607 0.281062 0.258349
v 0.594873 0.136180 0.201709
v 1.012034 0.343992 0.312137
v 1.012291 0.343792 0.296976
v 0.841255 0.459170 0.294749
v 0.838890 0.459032 0.309734
v 0.828625 0.464111 0.306008
v 0.835404 0.460624 0.293073
v 0.540158 0.289325 0.189500
v 0.535005 0.293911 0.202934
v 0.673107 0.456308 0.184146
v 0.680095 0.449182 0.172863
v 0.534019 0.285963 0.187374
v 0.718751 0.284382 0.244388
v 0.535281 0.283256 0.187249
v 0.532480 0.286248 0.201834
v 0.418686 0.139691 0.208864
v 0.716356 0.282942 0.259274
v 0.418711 0.139616 0.224025
v 0.587521 0.138202 0.188574
v 0.413428 0.133400 0.206812
v 0.415745 0.132490 0.221773
v 0.590606 0.133333 0.202584
v 0.487456 -0.003224 0.159404
v 0.325473 -0.025443 0.242037
v 0.492586 -0.001476 0.159954
v 0.596406 0.132664 0.198657
v 0.768393 0.104713 0.185772
v 0.594927 0.140002 0.185422
v 0.639463 0.028992 0.087228
v 0.640535 0.026211 0.083675
v 0.644225 0.026016 0.084451
v 0.774102 0.104466 0.181369
v 0.920016 0.037351 0.126831
v 0.794345 0.032804 0.005320
v 0.795116 0.031287 0.000016
v 0.799285 0.031248 0.000016
v 0.926900 0.036676 0.119801
v 0.926900 0.036676 -0.119794
v 0.222564 0.138591 -0.228120
v 0.526939 0.282725 -0.188141
v 0.524936 0.288352 -0.202101
v 0.342400 0.270537 -0.158996
v 0.345082 0.261450 -0.147087
v 0.343635 0.264164 -0.145837
v 0.350561 0.268223 -0.146162
v 0.533237 0.287834 -0.185164
v 0.671437 0.448233 -0.170579
v 0.665258 0.456951 -0.181261
v 0.492536 0.385538 -0.079465
v 0.524936 0.288352 0.202134
v 0.526939 0.282725 0.188149
v 0.342400 0.270537 0.159004
v 0.345082 0.261450 0.147096
v 0.343635 0.264164 0.145844
v 0.350561 0.268223 0.146170
v 0.533237 0.287834 0.185172
v 0.671437 0.448233 0.170587
v 0.665258 0.456951 0.181270
v 0.492536 0.385538 0.079472
v 0.491623 0.387497 0.077546
v 0.484192 0.384498 0.077821
v 0.343226 0.265313 0.142717
v 0.157176 0.253311 0.094082
v 0.316318 0.315437 0.003068
v 0.315629 0.316556 0.000016
v 0.309836 0.312596 0.000016
v 0.150841 0.250894 -0.094525
v 0.151232 0.250556 0.091206
v 0.151232 0.250556 -0.091198
v 0.062723 0.138571 0.000016
v 0.058464 0.133740 -0.003186
v 0.146900 0.245846 -0.093675
v -0.045689 0.007170 -0.060601
v 0.087576 0.090988 -0.130275
v 0.088412 0.089937 -0.133603
v 0.082973 0.082633 -0.131626
v -0.048138 0.000025 -0.062327
v 0.074153 0.089249 -0.141708
v -0.057691 0.005032 -0.072560
v -0.011072 -0.071956 -0.156844
v -0.075735 -0.134723 -0.094875
v -0.003391 -0.071398 -0.144061
v -0.065969 -0.136831 -0.083942
v -0.019927 -0.203605 -0.131001
v -0.017480 -0.200352 -0.116416
v -0.096106 -0.274969 -0.101905
v -0.093107 -0.270206 -0.087871
v 0.318453 -0.022798 0.226301
v 0.080291 -0.164317 0.164207
v 0.241516 -0.141929 0.145994
v 0.317517 -0.030434 0.239411
v 0.162679 -0.026406 0.203485
v 0.164494 -0.022307 0.189000
v 0.406431 0.132713 0.207838
v 0.407597 0.133658 0.222923
v 0.224471 0.135676 0.227677
v 0.223777 0.134833 0.242813
v 0.133212 -0.243548 -0.068232
v 0.269085 -0.195465 0.000016
v 0.133212 -0.243548 0.068240
v 0.134332 -0.243880 -0.061852
v 0.134332 -0.243880 0.061885
v 0.083646 -0.289681 0.000016
v 0.080360 -0.291222 0.000016
v 0.129376 -0.247058 0.067289
v 0.129376 -0.247058 -0.067281
v 0.079241 -0.290152 -0.005262
v 0.019246 -0.343335 -0.044190
v 0.053214 -0.263642 -0.093650
v 0.050957 -0.261961 -0.098478
v 0.013384 -0.348523 -0.043039
v 0.054302 -0.259472 -0.099729
v 0.131129 -0.240296 -0.073085
v 0.234849 -0.145657 -0.144811
v 0.231605 -0.135157 -0.134253
v 0.078228 -0.171698 -0.158245
v 0.075851 -0.162704 -0.146187
v 0.073669 -0.167428 -0.162448
v 0.318453 -0.022798 -0.226293
v 0.080291 -0.164317 -0.164199
v 0.317517 -0.030434 -0.239403
v 0.162679 -0.026406 -0.203477
v 0.164494 -0.022307 -0.188992
v 0.407597 0.133658 -0.222916
v 0.406431 0.132713 -0.207805
v 0.224471 0.135676 -0.227669
v 0.223777 0.134833 -0.242805
v 0.652077 0.514981 0.000016
v 0.491721 0.387381 -0.074637
v 0.491721 0.387381 0.074669
v 0.322707 0.320685 0.000016
v 0.484192 0.384498 -0.077814
v 0.343226 0.265313 -0.142709
v 0.157176 0.253311 -0.094075
v 0.316318 0.315437 -0.003036
v 0.334219 0.270737 -0.156119
v 0.146634 0.256883 -0.107885
v 0.152409 0.248578 -0.096602
v 0.337900 0.260362 -0.145612
v 0.093337 0.093443 -0.133903
v 0.221670 0.140373 -0.225518
v 0.217985 0.134667 -0.226268
v 0.211258 0.136301 -0.239578
v 0.082212 0.092421 -0.146537
v 0.089981 0.087238 -0.134804
v 0.153533 -0.027027 -0.202601
v 0.156449 -0.025325 -0.187841
v -0.001016 -0.068916 -0.160872
v 0.003010 -0.067396 -0.146412
v 0.069677 -0.173373 -0.160021
v 0.069225 -0.165766 -0.146837
v -0.010471 -0.193610 -0.118917
v -0.012213 -0.198209 -0.133277
v 0.046001 -0.267709 -0.095726
v 0.009498 -0.345272 -0.049393
v -0.043520 -0.362585 -0.054747
v -0.030008 -0.318675 -0.097452
v -0.045514 -0.367947 -0.048568
v 0.005812 -0.353675 -0.040837
v -0.030376 -0.377567 -0.004712
v -0.080513 -0.412238 -0.016570
v -0.024545 -0.374698 0.000016
v 0.014625 -0.348537 -0.034808
v 0.074808 -0.295637 0.000016
v 0.014625 -0.348537 0.034841
v 0.019246 -0.343335 0.044198
v 0.079241 -0.290152 0.005295
v 0.053214 -0.263642 0.093683
v 0.054302 -0.259472 0.099737
v 0.131129 -0.240296 0.073093
v 0.234849 -0.145657 0.144818
v 0.231605 -0.135157 0.134261
v 0.078228 -0.171698 0.158253
v 0.075851 -0.162704 0.146195
v 0.920016 0.037351 -0.126823
v 0.794345 0.032804 -0.005312
v 0.644225 0.026016 -0.084444
v 0.774102 0.104466 -0.181361
v 0.790299 0.029348 0.000016
v 0.640773 0.025805 -0.078965
v 0.640773 0.025805 0.078972
v 0.523596 -0.060757 0.000016
v 0.518642 -0.062178 0.000016
v 0.637078 0.023304 0.084026
v 0.630416 0.035632 0.078221
v 0.482184 0.004554 0.145469
v 0.488950 -0.005447 0.154576
v 0.518283 -0.060590 0.005270
v 0.408098 -0.139751 0.099787
v 0.400845 -0.144892 0.100212
v 0.482279 -0.006147 0.159178
v 0.476182 0.002556 0.148421
v 0.324897 -0.021945 0.225175
v 0.398077 -0.139784 0.107117
v 0.329236 -0.031788 0.235883
v 0.246583 -0.138917 0.146545
v 0.242702 -0.144162 0.141266
v 0.392356 -0.148163 0.099061
v 0.139016 -0.241546 0.068740
v 0.274626 -0.190922 0.005120
v 0.280739 -0.189447 0.000016
v 0.401328 -0.145601 0.091081
v 0.513613 -0.064907 0.000016
v 0.401328 -0.145601 -0.091072
v 0.518283 -0.060590 -0.005262
v 0.630416 0.035632 -0.078214
v 0.482184 0.004554 -0.145436
v 1.051760 0.122727 -0.222516
v 0.932669 0.037476 -0.128024
v 1.065996 0.031894 -0.005637
v 1.066384 0.046999 -0.003236
v 1.197539 0.025014 -0.130275
v 0.931011 0.051563 -0.122245
v 1.199937 0.038998 -0.124722
v 1.204223 0.038869 0.124879
v 1.199937 0.038998 0.124729
v 1.056250 0.122699 -0.222716
v 1.181181 0.202168 -0.308301
v 1.200636 0.032028 -0.139031
v 1.182838 0.210040 -0.315156
v 0.484994 0.399931 -0.083142
v 0.346130 0.278005 -0.156920
v 0.340083 0.274551 -0.156369
v 0.671968 0.460862 -0.181562
v 0.489996 0.404004 -0.083842
v 0.478607 0.397431 -0.083567
v 0.790137 0.640507 -0.126648
v 0.497573 0.392110 -0.078389
v 0.799066 0.629680 -0.121294
v 0.660027 0.518191 -0.003210
v 0.651546 0.530544 -0.004987
v 0.799283 0.647157 -0.127649
v 0.684562 0.454239 -0.172130
v 0.978183 0.551314 -0.208606
v 0.677597 0.463326 -0.181987
v 0.835760 0.475854 -0.302372
v 0.837154 0.469141 -0.308651
v 0.977036 0.562330 -0.219089
v 0.982704 0.563730 -0.219939
v 0.800410 0.640288 -0.135629
v 0.804448 0.630666 -0.124572
v 0.809027 0.647821 -0.127774
v 0.808667 0.633635 -0.122070
v 1.129737 0.643601 -0.124796
v 1.127324 0.657603 -0.130526
v 0.969842 0.636908 -0.003436
v 0.968764 0.652079 -0.005387
v 1.133342 0.657873 -0.130601
v 0.987861 0.563852 -0.219989
v 1.153881 0.472335 -0.315231
v 1.151069 0.480619 -0.308301
v 1.134160 0.643767 0.124754
v 1.131042 0.658709 0.120301
v 0.973693 0.653805 0.000016
v 1.129216 0.643543 0.119801
v 0.975045 0.638538 0.000016
v 1.127324 0.657603 0.130534
v 0.809027 0.647821 0.127781
v 1.129737 0.643601 0.124805
v 0.808667 0.633635 0.122102
v 0.962611 0.651717 0.000016
v 0.657266 0.534648 0.000016
v 0.964153 0.636472 0.000016
v 0.799043 0.647538 0.117549
v 0.803913 0.633125 0.118900
v 0.665242 0.521806 0.000016
v 0.803901 0.633632 0.122302
v 0.983644 0.552843 0.209289
v 0.983777 0.554232 0.205861
v 0.982763 0.566433 0.214993
v 1.129591 0.640048 0.128232
v 1.149023 0.470110 0.297502
v 1.154569 0.466686 0.301154
v 0.989080 0.553099 0.209264
v 1.183593 0.216204 0.301304
v 1.177578 0.221508 0.301154
v 1.017786 0.344564 0.297826
v 1.150218 0.466426 0.301204
v 1.150095 0.461400 0.301054
v 1.023121 0.344807 0.297977
v 1.017798 0.347898 0.296351
v 0.845048 0.463441 0.294975
v 0.983975 0.549421 0.210690
v 0.840480 0.463002 0.295200
v 0.978183 0.551314 0.208614
v 0.977036 0.562330 0.219121
v 0.835760 0.475854 0.302379
v 0.839985 0.464931 0.292648
v 0.684562 0.454239 0.172162
v 0.679118 0.452176 0.171537
v 0.804448 0.630666 0.124580
v 0.799066 0.629680 0.121302
v 0.678458 0.453272 0.168185
v 0.497573 0.392110 0.078397
v 0.670945 0.463011 0.176916
v 0.790137 0.640507 0.126655
v 0.489996 0.404004 0.083876
v -0.134106 -0.400815 -0.015569
v -0.133819 -0.405998 -0.005088
v -0.123835 -0.387471 -0.011992
v -0.121714 -0.333013 -0.033407
v -0.134474 -0.395029 -0.018672
v -0.129328 -0.396892 -0.032731
v -0.132741 -0.335348 -0.042763
v -0.130291 -0.382243 -0.012093
v -0.145558 -0.387651 -0.013619
v -0.139946 -0.387707 -0.021799
v -0.132318 -0.313621 -0.051044
v -0.127428 -0.384796 -0.039386
v -0.090606 -0.339613 -0.073435
v -0.094496 -0.337583 -0.071734
v -0.105904 -0.281033 -0.095351
v -0.104053 -0.270929 -0.100430
v -0.118316 -0.313013 -0.043590
v -0.128891 -0.315934 -0.053346
v -0.119326 -0.305799 -0.043389
v -0.130697 -0.306952 -0.052521
v -0.108966 -0.266316 -0.094550
v -0.081934 -0.143081 -0.090047
v -0.078887 -0.131974 -0.092174
v -0.071576 -0.145961 -0.079915
v -0.134706 -0.243361 -0.038210
v -0.145076 -0.242849 -0.048668
v -0.150497 -0.240659 -0.040987
v 0.088412 0.089937 0.133611
v 0.222564 0.138591 0.228127
v 0.217985 0.134667 0.226276
v 0.163017 -0.019752 0.190326
v 0.161146 -0.017113 0.188925
v 0.005092 -0.060113 0.148046
v 0.089981 0.087238 0.134837
v 0.000550 -0.065128 0.146545
v 0.082973 0.082633 0.131634
v -0.050000 0.001723 0.060184
v 0.156449 -0.025325 0.187874
v 0.074012 -0.161386 0.148521
v 0.074153 0.089249 0.141717
v 0.003010 -0.067396 0.146420
v 0.072363 -0.159026 0.148346
v -0.008888 -0.187504 0.121702
v -0.012832 -0.191993 0.119976
v 0.069225 -0.165766 0.146845
v 0.046018 -0.252391 0.087778
v -0.010471 -0.193610 0.118950
v -0.032792 -0.302832 0.091456
v 0.043519 -0.250712 0.088654
v -0.036840 -0.307944 0.089429
v 0.046001 -0.267709 0.095759
v 0.040171 -0.258391 0.085326
v 0.006059 -0.336498 0.037468
v -0.034767 -0.308625 0.087103
v 0.004263 -0.334971 0.039544
v -0.047650 -0.351598 0.045048
v -0.030008 -0.318675 0.097460
v -0.051409 -0.355407 0.043447
v 0.000170 -0.340393 0.035967
v 0.005812 -0.353675 0.040870
v -0.087271 -0.399717 0.011275
v -0.093818 -0.404245 0.009624
v -0.080514 -0.412238 0.016578
v -0.045515 -0.367948 0.048575
v -0.050263 -0.356066 0.040294
v -0.066285 -0.367563 0.034465
v -0.095311 -0.402021 0.012125
v -0.105248 -0.397797 0.023183
v -0.106824 -0.401204 0.010198
v -0.100440 -0.391912 0.027386
v -0.099930 -0.403508 0.007222
v -0.111791 -0.402604 0.002818
v -0.105643 -0.401988 0.006646
v -0.108051 -0.416381 0.011025
v -0.101364 -0.418554 0.009473
v -0.061825 -0.378865 0.043647
v -0.102650 -0.397860 0.020906
v -0.103737 -0.398771 0.011949
v -0.098657 -0.411279 0.026985
v -0.108497 -0.398696 0.017454
v -0.112532 -0.412203 0.023032
v -0.112504 -0.398130 0.012951
v -0.118462 -0.410428 0.019255
v -0.115374 -0.396366 0.014527
v -0.113765 -0.393132 0.016928
v -0.107658 -0.395040 0.023308
v -0.094395 -0.349988 0.047950
v -0.118014 -0.389182 0.023308
v -0.121378 -0.388722 0.023158
v -0.086697 -0.333043 0.060409
v -0.118450 -0.394626 0.013225
v -0.128606 -0.403071 0.023283
v -0.124332 -0.406965 0.019556
v -0.124035 -0.391463 0.010349
v -0.123145 -0.396223 0.002793
v -0.125380 -0.390748 0.006822
v -0.123145 -0.396223 -0.002786
v -0.129315 -0.386994 -0.007264
v -0.126444 -0.390208 -0.003536
v -0.137907 -0.399206 -0.003561
v -0.135167 -0.400730 0.011449
v -0.129315 -0.386994 0.007271
v -0.140199 -0.396461 0.009723
v -0.132762 -0.382317 0.009598
v -0.141074 -0.391217 0.000016
v -0.146193 -0.384083 0.004069
v -0.135211 -0.390354 0.027511
v -0.132741 -0.335348 0.042772
v -0.122980 -0.386357 0.020781
v -0.123835 -0.387471 0.012000
v -0.130291 -0.382243 0.012100
v -0.121714 -0.333013 0.033415
v -0.120968 -0.311481 0.042096
v -0.119364 -0.380810 0.027561
v -0.118316 -0.313013 0.043622
v -0.089437 -0.331672 0.058858
v -0.097896 -0.275935 0.083901
v -0.096085 -0.269065 0.088003
v -0.108966 -0.266316 0.094584
v -0.081934 -0.143081 0.090055
v -0.097457 -0.267591 0.085602
v -0.119326 -0.305799 0.043397
v -0.134706 -0.243361 0.038219
v -0.071576 -0.145961 0.079923
v -0.137051 -0.242633 0.036067
v -0.068225 -0.135152 0.082500
v -0.136772 -0.250846 0.034266
v -0.122109 -0.310998 0.038769
v -0.132896 -0.372945 0.011449
v -0.134156 -0.312862 0.046699
v -0.150252 -0.252642 0.038994
v -0.146458 -0.373733 0.016228
v -0.132836 -0.326148 0.000016
v -0.132335 -0.381074 0.006146
v -0.147143 -0.326587 0.000016
v -0.146458 -0.373733 -0.016220
v -0.150252 -0.252642 -0.038986
v -0.132896 -0.372945 -0.011442
v -0.136772 -0.250846 -0.034258
v -0.148125 -0.304104 -0.004562
v -0.133878 -0.303443 -0.003311
v -0.133583 -0.296819 0.000016
v -0.147895 -0.296038 0.000016
v -0.106661 -0.118892 0.000016
v -0.093177 -0.124295 0.000016
v -0.136516 -0.242268 0.032865
v -0.150515 -0.239136 0.031464
v -0.134057 -0.234485 0.036867
v -0.146586 -0.228999 0.042046
v -0.065851 -0.002044 0.064137
v -0.052892 -0.006184 0.058983
v -0.080568 -0.130612 0.087728
v -0.069135 -0.134592 0.079372
v -0.064605 -0.129503 0.083550
v -0.048138 0.000025 0.062335
v -0.000467 -0.063538 0.144268
v -0.010548 -0.058006 0.153650
v -0.003391 -0.071398 0.144068
v -0.015119 -0.190445 0.118400
v -0.092635 -0.262112 0.090030
v -0.065969 -0.136831 0.083951
v -0.017480 -0.200352 0.116424
v -0.093107 -0.270206 0.087878
v -0.039169 -0.305991 0.089179
v -0.084106 -0.328195 0.062511
v -0.041192 -0.313038 0.085627
v -0.083940 -0.334588 0.059258
v -0.054210 -0.353990 0.044548
v -0.036160 -0.315652 -0.102505
v -0.087999 -0.334156 -0.075837
v -0.041318 -0.322873 -0.097252
v -0.047411 -0.366635 -0.052920
v -0.051200 -0.364645 -0.055022
v -0.100108 -0.400756 -0.039762
v -0.086769 -0.342083 -0.072110
v -0.054210 -0.353990 -0.044540
v -0.106676 -0.409789 -0.032481
v -0.061825 -0.378865 -0.043639
v -0.090871 -0.418798 -0.013368
v -0.095311 -0.402021 -0.012117
v -0.103722 -0.412763 -0.018121
v -0.094335 -0.413768 -0.021824
v -0.103737 -0.398771 -0.011942
v -0.108538 -0.415595 -0.015044
v -0.097571 -0.416320 0.000016
v -0.046746 -0.388162 0.000016
v -0.099595 -0.401104 0.000016
v -0.093222 -0.403211 0.006220
v -0.088081 -0.417339 0.003594
v -0.054359 -0.375050 0.000016
v -0.099930 -0.403508 -0.007214
v -0.104483 -0.402595 -0.003611
v -0.105426 -0.417866 -0.003486
v -0.111791 -0.402604 -0.002811
v -0.113715 -0.417602 -0.004862
v -0.119426 -0.414300 -0.011917
v -0.115122 -0.400739 -0.006763
v -0.112055 -0.414032 -0.016120
v -0.109768 -0.399552 -0.011867
v -0.121100 -0.408333 -0.021624
v -0.118872 -0.404035 -0.026002
v -0.113729 -0.402669 -0.034683
v -0.097615 -0.356839 -0.061027
v -0.120143 -0.399015 -0.034658
v -0.127753 -0.409513 -0.012117
v -0.119831 -0.398089 -0.006739
v -0.130857 -0.403299 -0.016320
v -0.134057 -0.234485 -0.036860
v -0.052892 -0.006184 -0.058975
v -0.065852 -0.002044 -0.064129
v -0.146586 -0.228999 -0.042038
v -0.102877 -0.107780 -0.004762
v -0.061859 0.008991 -0.065004
v -0.089494 -0.113169 -0.003085
v -0.099992 -0.100178 0.000016
v 0.041837 0.136730 0.000016
v -0.086833 -0.106458 0.000016
v 0.052955 0.126912 0.000016
v -0.049583 0.001669 0.057057
v -0.061790 0.009787 0.055856
v -0.045689 0.007170 0.060635
v -0.055530 0.016774 0.066438
v 0.135959 0.254156 0.099262
v 0.146900 0.245846 0.093683
v 0.150841 0.250894 0.094533
v 0.078339 0.098397 0.139390
v 0.087577 0.090988 0.130284
v 0.093337 0.093443 0.133911
v 0.152409 0.248578 0.096634
v 0.337900 0.260362 0.145619
v 0.215331 0.149837 0.235482
v 0.221670 0.140373 0.225526
v 0.408098 -0.139751 -0.099754
v 0.487456 -0.003224 -0.159396
v 0.637078 0.023304 -0.084018
v 0.400845 -0.144892 -0.100205
v 0.640535 0.026211 -0.083668
v 0.492586 -0.001476 -0.159947
v 0.639463 0.028992 -0.087220
v 0.768393 0.104713 -0.185740
v 0.773502 0.107120 -0.186315
v 0.635480 0.041901 -0.080140
v 0.596405 0.132664 -0.198648
v 0.594873 0.136180 -0.201701
v 0.598895 0.137294 -0.203527
v 0.590604 0.133358 -0.202577
v 0.771702 0.111675 -0.188717
v 0.882476 0.214156 -0.306200
v 0.723607 0.281062 -0.258341
v 0.722235 0.286225 -0.259842
v 0.890022 0.216405 -0.309002
v 0.777946 0.107670 -0.187191
v 0.925845 0.042536 -0.134053
v 1.047134 0.122615 -0.222065
v 0.891267 0.209217 -0.303273
v 0.926232 0.054156 -0.124171
v 0.779481 0.118607 -0.176734
v 1.051655 0.127881 -0.225318
v 0.897244 0.216480 -0.309127
v 1.177055 0.209998 -0.314831
v 1.017678 0.338877 -0.311328
v 1.017250 0.344579 -0.312979
v 1.012034 0.343992 -0.312129
v 0.888445 0.224676 -0.309577
v 0.727279 0.287988 -0.260842
v 1.022088 0.344665 -0.313080
v 1.179921 0.221261 -0.316107
v 1.152412 0.462144 -0.315982
v 0.983232 0.558700 -0.222716
v 1.147965 0.472128 -0.315081
v 1.017138 0.350112 -0.311353
v 0.845956 0.469469 -0.308852
v 0.838890 0.459032 -0.309702
v 0.828625 0.464111 -0.305999
v 0.540158 0.289325 -0.189468
v 0.720389 0.290928 -0.258116
v 0.535005 0.293911 -0.202902
v 0.530423 0.291029 -0.201176
v 0.673107 0.456308 -0.184139
v 0.680095 0.449182 -0.172855
v 0.532480 0.286248 -0.201826
v 0.593162 0.140516 -0.202151
v 0.716356 0.282942 -0.259267
v 0.418711 0.139616 -0.224017
v 0.413136 0.137030 -0.223216
v 0.415745 0.132490 -0.221740
v 0.485660 0.001257 -0.161923
v 0.333623 -0.020505 -0.240954
v 0.325473 -0.025443 -0.242004
v 0.482279 -0.006147 -0.159171
v 0.329236 -0.031788 -0.235875
v 0.246583 -0.138917 -0.146537
v 0.241516 -0.141929 -0.145987
v 0.392356 -0.148163 -0.099054
v 0.389338 -0.134152 -0.093700
v 0.274626 -0.190922 -0.005112
v 0.139016 -0.241546 -0.068732
v 0.269921 -0.176541 -0.003011
v 0.133848 -0.228312 -0.063153
v 1.199140 0.039163 0.119250
v 1.070348 0.030017 0.000016
v 1.071512 0.045260 0.000016
v 1.201130 0.023968 0.119701
v 1.197539 0.025014 0.130284
v 0.932669 0.037476 0.128031
v 0.931011 0.051563 0.122278
v 1.051929 0.119897 0.217319
v 1.052100 0.133630 0.211891
v 0.926717 0.051666 0.121977
v 1.060980 0.045550 0.000016
v 1.198428 0.043002 0.128657
v 1.057326 0.133582 0.212141
v 1.178993 0.212457 0.297301
v 1.179299 0.216028 0.301129
v 1.052074 0.136986 0.213142
v 0.895770 0.222242 0.295149
v 0.891415 0.221803 0.294899
v 1.018058 0.341261 0.296375
v 1.061651 0.030234 0.000016
v 1.046681 0.133479 0.211391
v 0.926232 0.054156 0.124179
v 0.779481 0.118607 0.176741
v 0.774302 0.118151 0.175840
v 0.886209 0.221091 0.293299
v 0.773009 0.121187 0.176941
v 0.600389 0.143466 0.189750
v 0.593993 0.141933 0.187699
v 0.727390 0.284259 0.244064
v 0.726312 0.287217 0.245340
v 0.890717 0.224931 0.294624
v 0.731623 0.288605 0.246415
v 1.012291 0.343792 0.296976
v 0.841255 0.459170 0.294749
v 0.835404 0.460624 0.293073
v 0.724988 0.290121 0.243788
v 0.540158 0.289325 0.189500
v 0.680095 0.449182 0.172863
v 0.534019 0.285963 0.187374
v 0.718751 0.284382 0.244388
v 0.535281 0.283256 0.187249
v 0.592729 0.144870 0.187624
v 0.418686 0.139691 0.208864
v 0.411999 0.136164 0.208138
v 0.587521 0.138202 0.188574
v 0.413428 0.133400 0.206812
v 0.328710 -0.016885 0.227152
v 0.480277 0.008588 0.149847
v 0.481573 0.005656 0.148646
v 0.323707 -0.020146 0.227902
v 0.492586 -0.001476 0.159954
v 0.596406 0.132664 0.198657
v 0.768393 0.104713 0.185772
v 0.488151 0.008379 0.149297
v 0.594927 0.140002 0.185422
v 0.767111 0.115917 0.175490
v 0.635480 0.041901 0.080148
v 0.636433 0.039718 0.077846
v 0.644225 0.026016 0.084451
v 0.774102 0.104466 0.181369
v 0.920016 0.037351 0.126831
v 0.642923 0.040118 0.078647
v 0.774761 0.117006 0.172688
v 0.921585 0.051572 0.121502
v 0.799285 0.031248 0.000016
v 0.926900 0.036676 0.119801
v 0.799632 0.046579 0.000016
v 0.926738 0.051923 0.118425
v 0.218605 0.143412 -0.241929
v 0.228001 0.148056 -0.240878
v 0.411150 0.141768 -0.221640
v 0.524936 0.288352 -0.202101
v 0.342400 0.270537 -0.158996
v 0.350561 0.268223 -0.146162
v 0.529012 0.294661 -0.198023
v 0.665258 0.456951 -0.181261
v 0.492536 0.385538 -0.079465
v 0.486363 0.396853 -0.087471
v 0.168047 -0.016540 0.190801
v 0.228303 0.141474 0.227177
v 0.410771 0.138977 0.206737
v 0.526939 0.282725 0.188149
v 0.345082 0.261450 0.147096
v 0.343635 0.264164 0.145844
v 0.350561 0.268223 0.146170
v 0.533237 0.287834 0.185172
v 0.671437 0.448233 0.170587
v 0.529012 0.294661 0.198031
v 0.665258 0.456951 0.181270
v 0.492536 0.385538 0.079472
v 0.491623 0.387497 0.077546
v 0.484192 0.384498 0.077821
v 0.478607 0.397431 0.083575
v 0.343226 0.265313 0.142717
v 0.157176 0.253311 0.094082
v 0.339211 0.276920 0.151749
v 0.153235 0.266964 0.099712
v 0.309836 0.312596 0.000016
v 0.151232 0.250556 0.091206
v 0.304189 0.326768 0.000016
v 0.062723 0.138571 0.000016
v 0.052312 0.149257 0.000016
v 0.143058 0.263224 0.090080
v 0.142998 0.262530 -0.100129
v 0.135959 0.254156 -0.099228
v 0.079868 0.096457 -0.144010
v 0.047590 0.143711 -0.005037
v 0.058464 0.133740 -0.003186
v -0.055530 0.016774 -0.066430
v 0.146900 0.245846 -0.093675
v -0.045689 0.007170 -0.060601
v -0.048138 0.000025 -0.062327
v 0.074153 0.089249 -0.141708
v -0.064605 -0.129503 -0.083543
v -0.057691 0.005032 -0.072560
v -0.075309 -0.125668 -0.092924
v -0.010548 -0.058006 -0.153642
v -0.007099 -0.062808 -0.159171
v -0.011072 -0.071956 -0.156844
v -0.016150 -0.194936 -0.134428
v -0.075735 -0.134723 -0.094875
v -0.019781 -0.191986 -0.132652
v -0.099723 -0.261002 -0.103156
v -0.019927 -0.203605 -0.131001
v -0.096106 -0.274969 -0.101905
v -0.042537 -0.310466 -0.103206
v 0.079368 -0.157652 0.150572
v 0.238905 -0.131028 0.135662
v 0.237066 -0.128436 0.136888
v 0.318453 -0.022798 0.226301
v 0.164494 -0.022307 0.189000
v 0.322152 -0.017318 0.227527
v 0.406431 0.132713 0.207838
v 0.224471 0.135676 0.227677
v 0.133212 -0.243548 -0.068232
v 0.269085 -0.195465 0.000016
v 0.263331 -0.181354 0.000016
v 0.127547 -0.230801 0.062160
v 0.127939 -0.230376 0.059033
v 0.134332 -0.243880 0.061885
v 0.076422 -0.276347 0.000016
v 0.083646 -0.289681 0.000016
v 0.122876 -0.234457 0.061810
v 0.129376 -0.247058 0.067289
v 0.122876 -0.234457 -0.061803
v 0.129376 -0.247058 -0.067281
v 0.070590 -0.278020 -0.002936
v 0.010406 -0.332727 -0.038261
v 0.079241 -0.290152 -0.005262
v 0.019246 -0.343335 -0.044190
v 0.050957 -0.261961 -0.098478
v 0.013384 -0.348523 -0.043039
v 0.054302 -0.259472 -0.099729
v 0.131129 -0.240296 -0.073085
v 0.234849 -0.145657 -0.144811
v 0.126453 -0.228864 -0.064179
v 0.078228 -0.171698 -0.158245
v 0.073669 -0.167428 -0.162448
v 0.238807 -0.138112 -0.148514
v 0.080291 -0.164317 -0.164199
v 0.317517 -0.030434 -0.239403
v 0.162679 -0.026406 -0.203477
v 0.160088 -0.021990 -0.205003
v 0.165170 -0.018314 -0.205554
v 0.321111 -0.017309 -0.242654
v 0.407597 0.133658 -0.222916
v 0.223777 0.134833 -0.242805
v 0.652077 0.514981 0.000016
v 0.644319 0.528001 0.000016
v 0.316424 0.334557 0.000016
v 0.484839 0.400549 0.077796
v 0.491721 0.387381 0.074669
v 0.322707 0.320685 0.000016
v 0.484192 0.384498 -0.077814
v 0.157176 0.253311 -0.094075
v 0.153235 0.266964 -0.099704
v 0.316318 0.315437 -0.003036
v 0.311042 0.329626 -0.005037
v 0.334219 0.270737 -0.156119
v 0.146634 0.256883 -0.107885
v 0.085109 0.100533 -0.144235
v 0.215331 0.149837 -0.235475
v 0.157174 -0.017890 -0.203453
v 0.211258 0.136301 -0.239578
v -0.000213 -0.057377 -0.161873
v 0.082212 0.092421 -0.146537
v 0.153533 -0.027027 -0.202601
v -0.001016 -0.068916 -0.160872
v 0.069563 -0.161911 -0.162923
v -0.012801 -0.190260 -0.136005
v 0.069677 -0.173373 -0.160021
v 0.047356 -0.259033 -0.100754
v -0.030959 -0.308529 -0.105408
v -0.012213 -0.198209 -0.133277
v 0.046001 -0.267709 -0.095726
v 0.004263 -0.334971 -0.039537
v 0.009498 -0.345272 -0.049393
v -0.043520 -0.362585 -0.054747
v -0.030008 -0.318675 -0.097452
v -0.047650 -0.351598 -0.045040
v 0.000170 -0.340393 -0.035959
v -0.087271 -0.399717 -0.011267
v 0.005812 -0.353675 -0.040837
v -0.037641 -0.364365 -0.003111
v -0.030376 -0.377567 -0.004712
v -0.080513 -0.412238 -0.016570
v -0.032156 -0.361586 0.000016
v 0.065458 -0.283891 0.000016
v -0.024545 -0.374698 0.000016
v 0.074808 -0.295637 0.000016
v 0.006121 -0.336084 0.034266
v 0.014625 -0.348537 0.034841
v 0.019246 -0.343335 0.044198
v 0.010406 -0.332727 0.038268
v 0.053214 -0.263642 0.093683
v 0.046990 -0.253019 0.084801
v 0.234849 -0.145657 0.144818
v 0.126453 -0.228864 0.064187
v 0.050428 -0.249325 0.089079
v 0.231605 -0.135157 0.134261
v 0.078228 -0.171698 0.158253
v 0.075851 -0.162704 0.146195
v 0.921585 0.051572 -0.121494
v 0.920016 0.037351 -0.126823
v 0.794345 0.032804 -0.005312
v 0.644225 0.026016 -0.084444
v 0.793945 0.047948 -0.003085
v 0.642923 0.040118 -0.078639
v 0.790299 0.029348 0.000016
v 0.640773 0.025805 0.078972
v 0.787544 0.044429 0.000016
v 0.636441 0.039795 0.074594
v 0.517349 -0.046880 0.000016
v 0.523596 -0.060757 0.000016
v 0.637078 0.023304 0.084026
v 0.630416 0.035632 0.078221
v 0.482184 0.004554 0.145469
v 0.399487 -0.128838 0.094033
v 0.488950 -0.005447 0.154576
v 0.408098 -0.139751 0.099787
v 0.394918 -0.132202 0.094283
v 0.476182 0.002556 0.148421
v 0.393680 -0.129975 0.096360
v 0.244036 -0.128160 0.136037
v 0.389338 -0.134152 0.093707
v 0.239420 -0.132038 0.132635
v 0.133848 -0.228312 0.063161
v 0.242702 -0.144162 0.141266
v 0.392356 -0.148163 0.099061
v 0.139016 -0.241546 0.068740
v 0.280739 -0.189447 0.000016
v 0.401328 -0.145601 0.091081
v 0.513613 -0.064907 0.000016
v 0.394801 -0.131858 0.090930
v 0.275938 -0.174923 0.000016
v 0.505470 -0.052161 0.000016
v 0.518283 -0.060590 -0.005262
v 0.510257 -0.047932 -0.003136
v 0.399487 -0.128838 -0.094025
v 0.630416 0.035632 -0.078214
vn 0.0523 0.5084 0.8595
vn 0.3560 0.8618 0.3614
vn -0.0065 -0.9988 -0.0477
vn 0.8630 0.4799 -0.1583
vn 0.5993 -0.7337 -0.3202
vn 0.8619 0.4793 0.1656
vn -0.0613 0.8452 0.5309
vn 0.3278 -0.6639 -0.6722
vn 0.4334 0.6447 0.6296
vn -0.0475 0.4967 0.8666
vn 0.0328 -0.8194 -0.5723
vn 0.0239 -0.5851 -0.8106
vn 0.6017 -0.2650 -0.7535
vn 0.8525 0.2757 0.4441
vn 0.3252 -0.8624 0.3880
vn -0.1565 0.7156 -0.6808
vn -0.2049 0.2516 -0.9459
vn 0.3988 -0.6362 0.6604
vn 0.0182 0.8152 -0.5789
vn 0.3007 0.6743 -0.6745
vn -0.0857 -0.5134 0.8538
vn 0.5963 0.7478 -0.2920
vn 0.5963 0.7478 0.2919
vn 0.8558 -0.4642 0.2282
vn 0.8558 -0.4642 -0.2282
vn 0.8477 -0.1237 -0.5159
vn -0.0856 -0.5134 -0.8538
vn 0.3987 -0.6362 -0.6605
vn 0.0183 0.8152 0.5789
vn 0.3008 0.6743 0.6745
vn 0.6008 0.3430 0.7221
vn 0.8525 0.2758 -0.4441
vn -0.2049 0.2517 0.9459
vn -0.1565 0.7156 0.6808
vn 0.3253 -0.8623 -0.3881
vn 0.4924 0.5581 0.6679
vn 0.7391 0.5756 0.3500
vn 0.5805 0.5409 0.6087
vn 0.7118 0.6359 0.2983
vn 0.7816 0.1334 0.6094
vn -0.2067 -0.3291 -0.9214
vn 0.7815 0.1334 0.6094
vn 0.9434 0.3064 0.1267
vn 0.9002 0.3540 0.2538
vn 0.9434 0.3064 0.1266
vn 0.8073 0.1360 0.5743
vn 0.5951 0.3959 0.6993
vn 0.5855 0.1272 0.8007
vn 0.5622 0.1481 0.8136
vn -0.5418 -0.1229 -0.8315
vn 0.9684 -0.0922 0.2319
vn 0.8162 0.2648 0.5135
vn 0.4250 0.1945 0.8841
vn 0.6934 -0.2441 0.6779
vn 0.7657 -0.1960 0.6126
vn -0.2108 0.3054 0.9286
vn 0.6990 -0.6101 -0.3730
vn -0.1804 -0.1845 0.9661
vn 0.5973 -0.0554 -0.8001
vn 0.6245 -0.4079 -0.6661
vn 0.5624 -0.1452 -0.8141
vn 0.5376 -0.4905 -0.6858
vn 0.1325 -0.4265 0.8947
vn -0.0894 0.0450 0.9950
vn 0.5921 -0.1954 -0.7818
vn 0.4148 0.3806 -0.8265
vn 0.3804 -0.6226 0.6839
vn 0.0221 0.5547 -0.8317
vn 0.4981 -0.0680 -0.8645
vn 0.2651 -0.1898 0.9454
vn 0.6892 -0.6863 0.2324
vn -0.0954 0.8477 -0.5219
vn 0.0786 0.4261 -0.9012
vn 0.5251 -0.4601 0.7159
vn 0.2787 0.9557 -0.0943
vn 0.0050 -0.9482 -0.3177
vn 0.0337 -0.9794 0.1991
vn 0.3183 -0.7342 0.5997
vn 0.1643 0.9396 -0.3004
vn 0.2395 0.6985 -0.6744
vn 0.6568 -0.7537 -0.0233
vn -0.2167 -0.8405 0.4966
vn 0.4015 0.8873 -0.2271
vn 0.7559 0.3580 -0.5481
vn 0.0860 -0.9909 0.1036
vn 0.1230 0.7881 -0.6031
vn 0.4418 0.7928 -0.4198
vn 0.0108 0.8086 -0.5882
vn -0.2188 -0.4390 0.8715
vn 0.6980 0.4506 -0.5566
vn 0.4244 -0.6345 0.6459
vn 0.2218 0.4262 -0.8770
vn -0.2646 -0.4841 0.8341
vn 0.4220 0.7619 -0.4914
vn 0.5721 0.7888 -0.2245
vn -0.1114 0.8399 -0.5311
vn -0.1466 -0.8761 0.4594
vn 0.5721 0.7889 -0.2245
vn 0.9690 0.2354 -0.0746
vn 0.7391 0.5756 -0.3500
vn 0.5177 0.8555 -0.0000
vn 0.5805 0.5409 -0.6086
vn 0.5923 0.5974 -0.5407
vn 0.6846 0.7232 -0.0916
vn 0.3939 0.5732 -0.7186
vn 0.8687 0.4953 -0.0000
vn 0.6846 0.7232 0.0917
vn 0.3915 0.5784 0.7157
vn 0.8780 0.4188 0.2317
vn 0.8357 0.3200 -0.4463
vn 0.8358 0.3199 0.4463
vn 0.8780 0.4188 -0.2317
vn 0.9002 0.3540 -0.2538
vn 0.8200 0.5724 -0.0000
vn 0.4925 0.5581 -0.6679
vn 0.7118 0.6359 -0.2982
vn 0.9434 0.3064 -0.1266
vn 0.7816 0.1334 -0.6093
vn 0.7816 0.1334 -0.6094
vn -0.2067 -0.3291 0.9214
vn 0.8073 0.1360 -0.5743
vn 0.5952 0.3959 -0.6993
vn 0.9684 -0.0922 -0.2319
vn -0.5418 -0.1228 0.8315
vn 0.5951 0.3960 -0.6993
vn 0.5855 0.1272 -0.8006
vn 0.5622 0.1481 -0.8136
vn 0.8163 0.2648 -0.5134
vn 0.4250 0.1945 -0.8840
vn 0.6934 -0.2442 -0.6779
vn 0.7621 -0.1950 -0.6173
vn 0.9462 -0.1023 -0.3069
vn 0.9480 -0.0498 -0.3143
vn 0.4527 0.1667 -0.8759
vn 0.9397 0.2022 -0.2758
vn 0.9050 -0.0628 0.4207
vn 0.9997 0.0234 -0.0000
vn 0.9999 0.0161 -0.0000
vn 0.8627 0.3527 -0.3624
vn 0.8627 0.3527 0.3624
vn 0.9397 0.2022 0.2758
vn 0.4527 0.1667 0.8759
vn 0.9480 -0.0498 0.3143
vn 0.9462 -0.1023 0.3069
vn 0.9050 -0.0628 -0.4208
vn 0.9900 0.1409 -0.0000
vn 0.8996 -0.0858 0.4282
vn 0.9202 -0.3914 -0.0000
vn 0.9411 -0.3380 -0.0000
vn 0.8996 -0.0858 -0.4283
vn 0.9365 -0.1651 -0.3094
vn 0.7621 -0.1951 -0.6174
vn 0.8409 -0.3440 0.4177
vn 0.8501 -0.4189 -0.3192
vn 0.8440 -0.4420 -0.3038
vn 0.4397 -0.0668 -0.8957
vn -0.3135 0.0350 0.9489
vn -0.6143 0.4561 0.6439
vn 0.8506 -0.4735 -0.2287
vn 0.5624 -0.1452 -0.8140
vn 0.8250 -0.0658 -0.5613
vn 0.3636 0.0332 -0.9310
vn 0.7621 -0.1951 -0.6173
vn 0.4915 -0.1690 -0.8543
vn -0.4164 0.2176 0.8828
vn 0.8916 -0.3610 -0.2734
vn -0.1682 -0.2228 0.9603
vn 0.5912 0.1129 -0.7986
vn 0.5913 0.1128 -0.7985
vn 0.3283 -0.4628 0.8235
vn -0.1379 -0.1174 0.9835
vn 0.6625 0.0822 -0.7445
vn 0.3717 0.5560 -0.7435
vn 0.3782 -0.7430 0.5522
vn 0.0573 0.6918 -0.7198
vn 0.5975 0.1056 -0.7949
vn 0.1181 -0.4508 0.8848
vn 0.0573 0.6917 0.7199
vn 0.3782 -0.7430 -0.5522
vn 0.5976 0.1057 0.7948
vn 0.1181 -0.4509 -0.8847
vn 0.2395 0.6984 0.6744
vn 0.3184 -0.7341 -0.5997
vn 0.6568 -0.7537 0.0233
vn 0.1642 0.9395 0.3005
vn 0.2786 0.9557 0.0944
vn 0.0337 -0.9794 -0.1991
vn 0.0050 -0.9482 0.3177
vn -0.2166 -0.8405 -0.4966
vn 0.7559 0.3580 0.5481
vn 0.4015 0.8872 0.2271
vn 0.0860 -0.9909 -0.1037
vn 0.4437 0.7870 0.4286
vn 0.1230 0.7881 0.6031
vn 0.0108 0.8086 0.5883
vn -0.2187 -0.4390 -0.8715
vn 0.6980 0.4505 0.5566
vn 0.4436 0.7871 0.4286
vn 0.4244 -0.6345 -0.6459
vn 0.2219 0.4262 0.8770
vn -0.2646 -0.4841 -0.8340
vn 0.5731 0.7902 0.2171
vn 0.4220 0.7619 0.4914
vn -0.1114 0.8400 0.5311
vn -0.1466 -0.8760 -0.4594
vn 0.9690 0.2354 0.0746
vn 0.5923 0.5974 0.5407
vn 0.9343 -0.1647 0.3162
vn 0.4397 -0.0669 0.8957
vn 0.8480 -0.4179 0.3260
vn 0.8440 -0.4420 0.3038
vn 0.8436 -0.3450 -0.4114
vn 0.7895 -0.4068 0.4595
vn 0.9743 -0.2253 -0.0000
vn 0.7154 -0.6987 -0.0000
vn 0.7790 -0.6271 -0.0000
vn 0.7895 -0.4069 -0.4595
vn 0.6266 -0.6833 -0.3746
vn 0.6982 -0.6162 0.3645
vn 0.6267 -0.6833 -0.3746
vn 0.3895 -0.1976 -0.8996
vn -0.3090 0.6493 0.6949
vn 0.5762 -0.7449 -0.3363
vn -0.1538 0.1779 0.9720
vn 0.7225 -0.3013 -0.6223
vn 0.0901 0.0180 0.9958
vn -0.0063 0.7325 0.6808
vn 0.3103 -0.8743 -0.3732
vn 0.1120 0.3500 0.9300
vn 0.2649 -0.6365 -0.7243
vn 0.0015 -0.9177 -0.3973
vn 0.4374 0.7020 0.5620
vn -0.0610 -0.0537 -0.9967
vn 0.3198 0.3560 0.8781
vn 0.0039 0.8669 0.4984
vn 0.6008 0.3429 -0.7221
vn 0.8477 -0.1237 0.5159
vn 0.2330 -0.3508 0.9070
vn 0.0436 0.0597 -0.9973
vn -0.0803 -0.4102 -0.9085
vn 0.5451 0.1383 0.8269
vn 0.0825 -0.3594 0.9295
vn -0.1149 0.3482 0.9303
vn 0.4467 -0.5637 -0.6947
vn 0.5491 -0.1003 -0.8297
vn 0.0474 0.7746 0.6307
vn 0.4658 -0.8378 -0.2848
vn -0.0932 0.3042 0.9481
vn 0.4838 -0.5211 -0.7031
vn 0.5993 -0.7336 0.3203
vn -0.0065 -0.9984 0.0556
vn 0.3560 0.8618 -0.3614
vn 0.0511 0.5141 -0.8562
vn 0.6017 -0.2649 0.7535
vn -0.0613 0.8452 -0.5309
vn 0.3279 -0.6639 0.6721
vn 0.0239 -0.5851 0.8106
vn 0.4363 0.6400 -0.6325
vn 0.0329 -0.8193 0.5724
vn 0.3278 -0.6638 0.6722
vn -0.0468 0.4909 -0.8700
vn 0.3198 0.3560 -0.8780
vn -0.0609 -0.0537 0.9967
vn 0.0038 0.8669 -0.4984
vn 0.0015 -0.9177 0.3973
vn 0.2648 -0.6366 0.7243
vn 0.1121 0.3501 -0.9300
vn 0.4375 0.7020 -0.5619
vn 0.2331 -0.3507 -0.9070
vn 0.0436 0.0596 0.9973
vn 0.5452 0.1383 -0.8268
vn -0.0803 -0.4102 0.9084
vn 0.4466 -0.5638 0.6947
vn -0.1149 0.3482 -0.9303
vn 0.0825 -0.3593 -0.9296
vn 0.5491 -0.1003 0.8297
vn 0.3102 -0.8743 0.3732
vn -0.0063 0.7324 -0.6809
vn 0.0901 0.0180 -0.9958
vn 0.0194 -0.9998 -0.0001
vn 0.2682 0.9102 -0.3156
vn 0.1064 0.4745 -0.8738
vn 0.1145 0.0286 -0.9930
vn 0.2388 -0.3333 0.9121
vn 0.1880 0.5008 -0.8449
vn 0.3508 -0.8552 0.3816
vn 0.2387 -0.3263 -0.9146
vn 0.1145 0.0285 0.9930
vn 0.1879 0.5008 0.8449
vn 0.3508 -0.8551 -0.3817
vn 0.6267 -0.6833 0.3746
vn 0.6981 -0.6163 -0.3645
vn 0.6192 -0.4107 0.6692
vn 0.6266 -0.6834 0.3746
vn 0.3895 -0.1976 0.8996
vn 0.5588 -0.1442 0.8166
vn 0.6192 -0.4108 0.6692
vn 0.5376 -0.4905 0.6858
vn 0.8250 -0.0658 0.5613
vn 0.5589 -0.1442 0.8166
vn 0.3636 0.0331 0.9310
vn 0.8505 -0.4736 0.2287
vn -0.6143 0.4562 -0.6438
vn -0.3136 0.0350 -0.9489
vn 0.4914 -0.1690 0.8544
vn 0.8916 -0.3610 0.2734
vn -0.4164 0.2176 -0.8828
vn -0.1681 -0.2226 -0.9603
vn 0.5912 0.1128 0.7986
vn 0.5913 0.1128 0.7985
vn 0.6625 0.0822 0.7446
vn -0.1380 -0.1173 -0.9835
vn 0.3304 -0.4657 -0.8209
vn 0.3717 0.5561 0.7434
vn 0.2114 0.5096 -0.8341
vn 0.2181 -0.7343 0.6429
vn 0.2599 -0.3059 0.9159
vn 0.3963 -0.1814 -0.9000
vn 0.3047 -0.3185 -0.8976
vn 0.0853 0.0646 0.9943
vn 0.3827 0.2380 -0.8927
vn 0.2266 -0.4388 0.8695
vn -0.3826 0.8595 0.3389
vn 0.6294 -0.7771 -0.0078
vn -0.2054 0.4080 0.8896
vn 0.5372 -0.4200 -0.7315
vn 0.4912 -0.7768 -0.3942
vn 0.0166 0.8350 0.5499
vn 0.1359 0.2903 0.9472
vn 0.2599 -0.3059 -0.9159
vn 0.2181 -0.7342 -0.6429
vn 0.2113 0.5095 0.8341
vn 0.3963 -0.1814 0.9000
vn 0.0853 0.0646 -0.9943
vn 0.3048 -0.3185 0.8976
vn 0.3827 0.2380 0.8927
vn 0.2266 -0.4388 -0.8695
vn 0.5747 -0.7430 0.3431
vn -0.3090 0.6494 -0.6949
vn -0.1538 0.1778 -0.9720
vn 0.7225 -0.3012 0.6223
vn 0.6990 -0.6101 0.3730
vn -0.2108 0.3054 -0.9286
vn -0.1804 -0.1845 -0.9661
vn 0.5973 -0.0554 0.8001
vn 0.5920 -0.1955 0.7818
vn -0.0894 0.0449 -0.9950
vn 0.1325 -0.4265 -0.8947
vn 0.4081 0.3810 0.8297
vn 0.4980 -0.0681 0.8645
vn 0.0221 0.5546 0.8318
vn 0.3805 -0.6225 -0.6839
vn 0.2651 -0.1899 -0.9453
vn -0.0954 0.8476 0.5220
vn 0.6892 -0.6863 -0.2325
vn 0.0786 0.4260 0.9013
vn 0.5251 -0.4600 -0.7160
vn 0.6293 -0.7771 0.0078
vn -0.3827 0.8595 -0.3389
vn -0.2054 0.4081 -0.8895
vn 0.0166 0.8351 -0.5499
vn 0.4912 -0.7768 0.3941
vn 0.5372 -0.4200 0.7314
vn 0.1359 0.2904 -0.9472
vn 0.1063 0.4744 0.8738
vn 0.2682 0.9102 0.3156
vn 0.0195 -0.9998 -0.0000
vn 0.4658 -0.8378 0.2849
vn 0.0474 0.7746 -0.6307
vn -0.0932 0.3042 -0.9480
vn 0.4838 -0.5212 0.7031
vn 0.3559 0.8617 0.3615
vn 0.0399 0.9992 -0.0000
vn 0.0433 0.9664 -0.2533
vn -0.2370 0.9000 0.3659
vn 0.0389 0.7073 0.7059
vn 0.3560 0.8617 0.3616
vn 0.0522 0.5084 0.8596
vn 0.0153 0.9179 0.3966
vn 0.8619 0.4792 0.1657
vn 0.8630 0.4798 -0.1582
vn -0.2370 0.9000 -0.3659
vn 0.0389 0.7072 0.7059
vn -0.0613 0.8452 0.5310
vn 0.4334 0.6448 0.6296
vn 0.8525 0.2758 0.4441
vn -0.0475 0.4968 0.8666
vn -0.4753 0.7987 -0.3691
vn -0.1217 0.7053 -0.6984
vn -0.2528 0.6723 -0.6958
vn -0.5134 0.5507 -0.6581
vn -0.3426 0.8622 -0.3730
vn -0.5995 0.7980 0.0626
vn -0.7930 0.5270 -0.3056
vn -0.5995 0.7979 0.0627
vn 0.7423 -0.5861 0.3247
vn 0.3568 -0.2791 0.8915
vn -0.3426 0.8623 -0.3730
vn -0.6007 0.7995 -0.0000
vn -0.4916 0.5130 -0.7037
vn -0.7931 0.5269 -0.3056
vn -0.4753 0.7987 -0.3690
vn -0.3262 0.8759 -0.3555
vn 0.1921 -0.2848 0.9391
vn -0.1565 0.7155 -0.6809
vn 0.6712 -0.4496 0.5894
vn -0.3319 0.9240 -0.1899
vn -0.2373 0.3955 -0.8873
vn -0.5134 0.5508 -0.6581
vn -0.1566 0.7155 -0.6808
vn -0.2372 0.3955 -0.8873
vn -0.4536 0.6188 -0.6414
vn -0.0540 0.7055 -0.7066
vn -0.3262 0.8759 -0.3556
vn -0.1566 0.7155 -0.6809
vn -0.0539 0.7055 -0.7066
vn 0.3377 0.8754 -0.3459
vn -0.0782 0.9961 -0.0398
vn -0.4633 0.8149 -0.3483
vn -0.0698 0.9976 -0.0000
vn -0.0491 0.7369 -0.6742
vn 0.5963 0.7478 -0.2919
vn 0.3008 0.6742 -0.6745
vn 0.0295 0.5606 -0.8276
vn 0.0183 0.8152 -0.5789
vn 0.0083 0.9831 -0.1829
vn 0.0083 0.9831 0.1829
vn 0.2873 0.9578 -0.0000
vn -0.4634 0.8149 0.3483
vn -0.0491 0.7369 0.6742
vn 0.3377 0.8754 0.3459
vn -0.3262 0.8759 0.3555
vn -0.4862 0.8738 -0.0000
vn -0.3080 0.7908 0.5290
vn -0.2367 0.9716 -0.0000
vn -0.3080 0.7908 -0.5290
vn -0.0539 0.7055 0.7067
vn -0.0781 0.9961 0.0398
vn 0.0183 0.8152 0.5788
vn 0.0295 0.5606 0.8276
vn 0.3007 0.6742 0.6745
vn 0.3174 0.0045 0.9483
vn -0.0843 0.2262 -0.9704
vn 0.4066 0.0147 -0.9135
vn 0.0408 0.1616 0.9860
vn -0.4613 0.3143 0.8297
vn -0.0057 0.2741 -0.9617
vn -0.0760 0.6750 0.7339
vn 0.3807 0.3840 0.8412
vn -0.0540 0.7055 0.7067
vn -0.2372 0.3955 0.8873
vn 0.2858 -0.3755 -0.8817
vn -0.2434 -0.3717 -0.8959
vn -0.4536 0.6188 0.6414
vn -0.1566 0.7155 0.6808
vn -0.5134 0.5508 0.6581
vn 0.1921 -0.2848 -0.9391
vn -0.1565 0.7155 0.6809
vn -0.3319 0.9240 0.1900
vn 0.6712 -0.4496 -0.5894
vn -0.1566 0.7155 0.6809
vn -0.2050 0.2516 0.9459
vn -0.3262 0.8759 0.3556
vn -0.4536 0.6187 0.6414
vn 0.3569 -0.2790 -0.8915
vn 0.7423 -0.5860 -0.3248
vn -0.5994 0.7980 -0.0626
vn -0.7930 0.5270 0.3056
vn -0.5995 0.7979 -0.0627
vn -0.5135 0.5507 0.6581
vn -0.3426 0.8622 0.3730
vn -0.4916 0.5130 0.7037
vn -0.3426 0.8623 0.3730
vn 0.4925 0.5581 0.6679
vn -0.7743 -0.1099 -0.6231
vn 0.7119 0.6359 0.2982
vn -0.9972 0.0651 -0.0371
vn -0.1896 0.4889 0.8515
vn -0.7275 0.2157 -0.6513
vn 0.4250 0.1946 0.8840
vn -0.9488 0.3050 -0.0827
vn 0.8163 0.2647 0.5134
vn 0.5974 -0.0554 -0.8001
vn -0.6331 0.4214 0.6493
vn -0.0461 0.4094 -0.9112
vn -0.1942 0.6055 -0.7718
vn -0.0893 0.0450 0.9950
vn -0.5597 0.3244 0.7626
vn 0.4148 0.3805 -0.8265
vn -0.6210 0.6572 -0.4272
vn 0.2652 -0.1898 0.9453
vn -0.2828 -0.1564 0.9463
vn 0.0221 0.5546 -0.8319
vn -0.5271 0.4825 -0.6995
vn -0.0392 0.4976 -0.8665
vn -0.3542 0.6106 -0.7083
vn 0.0786 0.4260 -0.9013
vn -0.0954 0.8476 -0.5220
vn -0.2911 0.7200 -0.6300
vn -0.5962 0.7101 -0.3746
vn -0.2911 0.7200 -0.6299
vn -0.5219 0.7692 -0.3687
vn -0.5403 0.8415 -0.0000
vn -0.6018 0.6927 0.3975
vn -0.3369 0.8922 -0.3008
vn -0.1916 0.9502 -0.2459
vn -0.0755 0.4470 -0.8913
vn 0.1230 0.7882 -0.6031
vn -0.3413 0.7094 -0.6166
vn 0.1227 0.9352 -0.3322
vn -0.2683 0.9514 -0.1510
vn 0.0572 0.6917 -0.7199
vn -0.0673 0.9760 -0.2071
vn -0.0019 1.0000 -0.0000
vn -0.1463 0.8499 0.5063
vn 0.2786 0.9557 -0.0944
vn 0.5176 0.8556 -0.0000
vn 0.2984 0.6094 -0.7346
vn 0.2395 0.6984 -0.6744
vn 0.1643 0.9395 -0.3005
vn 0.1929 0.8314 -0.5210
vn -0.3269 0.9449 -0.0159
vn 0.4015 0.8872 -0.2271
vn 0.7559 0.3579 -0.5482
vn 0.4220 0.7619 -0.4913
vn -0.2187 -0.4389 0.8715
vn -0.7648 -0.0708 0.6404
vn 0.4219 0.7620 -0.4913
vn 0.5804 0.5410 -0.6087
vn -0.1115 0.8399 -0.5311
vn 0.9691 0.2353 -0.0746
vn 0.6845 0.7232 0.0915
vn -0.8353 -0.4906 0.2481
vn -0.8659 -0.4500 -0.2184
vn 0.6846 0.7231 -0.0916
vn -0.8659 -0.4500 0.2185
vn -0.8353 -0.4906 -0.2481
vn 0.4925 0.5580 -0.6679
vn -0.7744 -0.1099 0.6231
vn -0.9972 0.0652 0.0371
vn 0.7118 0.6358 -0.2983
vn -0.5417 -0.1229 0.8315
vn -0.1896 0.4889 -0.8515
vn 0.5951 0.3959 -0.6993
vn 0.4250 0.1945 -0.8841
vn -0.7275 0.2158 0.6514
vn -0.9488 0.3049 0.0827
vn 0.8163 0.2647 -0.5134
vn -0.9998 0.0205 -0.0000
vn 0.8200 0.5724 0.0001
vn 0.8627 0.3526 0.3625
vn 0.3636 0.0331 -0.9310
vn 0.8250 -0.0659 -0.5613
vn -0.8112 0.5816 0.0615
vn -0.6142 0.4561 0.6439
vn 0.5913 0.1128 -0.7986
vn -0.8073 0.2355 0.5412
vn -0.1570 0.3447 -0.9255
vn -0.4163 0.2176 0.8828
vn -0.2324 0.5701 -0.7880
vn -0.6590 0.0869 0.7471
vn 0.3717 0.5560 -0.7434
vn -0.0873 0.4767 -0.8747
vn 0.1182 -0.4508 0.8848
vn -0.6353 0.7033 -0.3190
vn -0.0873 0.4767 0.8747
vn -0.2911 0.7200 0.6300
vn -0.0392 0.4976 0.8665
vn 0.0573 0.6918 0.7199
vn -0.6354 0.7032 0.3191
vn 0.1182 -0.4508 -0.8848
vn 0.0572 0.6917 0.7199
vn -0.3413 0.7094 0.6166
vn 0.2395 0.6985 0.6744
vn 0.1643 0.9395 0.3004
vn 0.1227 0.9352 0.3322
vn -0.2682 0.9514 0.1510
vn -0.1916 0.9502 0.2459
vn 0.0578 0.9983 -0.0000
vn -0.1784 0.9068 0.3819
vn -0.5709 0.8210 -0.0000
vn -0.1784 0.9068 -0.3819
vn -0.0673 0.9760 0.2071
vn -0.1463 0.8499 -0.5063
vn 0.3001 0.6128 0.7310
vn -0.3270 0.9450 0.0079
vn 0.1930 0.8314 0.5211
vn 0.7559 0.3579 0.5482
vn 0.4220 0.7619 0.4913
vn 0.0108 0.8086 0.5882
vn -0.2187 -0.4390 -0.8714
vn 0.4438 0.7870 0.4286
vn -0.7648 -0.0708 -0.6403
vn 0.4219 0.7619 0.4913
vn 0.5804 0.5409 0.6087
vn 0.5922 0.5974 0.5407
vn -0.1115 0.8399 0.5311
vn 0.9690 0.2353 0.0746
vn -0.8926 0.4509 -0.0000
vn -0.8413 0.4457 -0.3057
vn -0.6734 0.4306 0.6010
vn -0.8925 0.4510 -0.0000
vn -0.6750 0.4246 -0.6033
vn -0.8413 0.4457 0.3057
vn -0.7756 0.6313 0.0001
vn -0.5451 0.7447 0.3851
vn -0.5974 0.3807 0.7058
vn -0.7755 0.6313 -0.0000
vn -0.8881 0.3311 0.3189
vn -0.5666 0.7376 0.3672
vn -0.6160 0.4086 0.6735
vn -0.7786 0.6268 -0.0309
vn 0.3896 -0.1976 -0.8996
vn 0.8501 -0.4189 -0.3191
vn -0.7785 0.6269 -0.0308
vn -0.5175 0.5184 0.6808
vn -0.5666 0.7376 0.3673
vn -0.1538 0.1778 0.9720
vn -0.5578 0.8085 0.1875
vn 0.7225 -0.3012 -0.6223
vn -0.3089 0.6493 0.6950
vn 0.2358 -0.2319 -0.9437
vn -0.2850 0.3035 0.9092
vn -0.3091 0.6493 0.6949
vn -0.4235 0.5687 0.7051
vn -0.2848 0.8763 0.3886
vn -0.0063 0.7324 0.6808
vn -0.3500 0.9366 -0.0158
vn 0.5314 -0.5071 -0.6785
vn -0.0063 0.7324 0.6809
vn -0.2848 0.8763 0.3887
vn -0.3603 0.5871 0.7249
vn -0.3500 0.9366 -0.0159
vn 0.0620 0.7233 0.6878
vn -0.0493 0.3634 0.9303
vn 0.0900 0.0179 0.9958
vn 0.3967 0.4807 0.7821
vn -0.3132 -0.0430 -0.9487
vn 0.1370 -0.3217 -0.9369
vn -0.0758 0.9003 0.4286
vn -0.3131 -0.0430 -0.9487
vn -0.0051 0.3450 0.9386
vn -0.5193 -0.4684 -0.7148
vn -0.0492 0.3634 0.9303
vn 0.3966 0.4807 0.7821
vn -0.3524 0.6602 0.6633
vn -0.2450 0.3810 0.8915
vn 0.0037 0.8670 0.4984
vn -0.2449 0.3810 0.8916
vn 0.4288 -0.3114 -0.8480
vn -0.4804 -0.3628 -0.7985
vn 0.0450 0.5021 0.8636
vn -0.3981 -0.0292 -0.9169
vn -0.2472 0.4751 -0.8445
vn 0.0436 0.0596 -0.9973
vn 0.0408 0.1616 -0.9860
vn 0.3173 0.0045 -0.9483
vn -0.0844 0.2262 0.9704
vn 0.4066 0.0146 0.9135
vn -0.4613 0.3144 -0.8297
vn -0.0056 0.2741 0.9617
vn -0.2432 -0.3717 0.8959
vn -0.0759 0.6750 -0.7339
vn 0.2858 -0.3754 0.8817
vn 0.3807 0.3841 -0.8412
vn -0.2582 -0.0134 0.9660
vn 0.5452 0.1383 0.8268
vn -0.6756 0.1075 -0.7294
vn 0.1066 0.3957 0.9122
vn 0.2743 -0.3521 0.8949
vn -0.5325 0.5786 -0.6178
vn 0.6004 -0.1473 0.7860
vn 0.1065 0.3957 0.9122
vn -0.1520 0.3819 -0.9116
vn -0.2622 0.3219 -0.9097
vn -0.2364 0.6801 0.6940
vn -0.0444 -0.0519 0.9977
vn -0.2566 0.3461 -0.9024
vn 0.2645 0.1079 0.9583
vn -0.3655 -0.1658 -0.9159
vn 0.2082 0.0860 -0.9743
vn 0.0826 0.0877 -0.9927
vn -0.1148 0.3482 0.9304
vn -0.5194 0.7465 0.4159
vn 0.5491 -0.1004 -0.8297
vn -0.1226 0.3402 0.9323
vn -0.6163 0.4229 0.6643
vn -0.0932 0.3041 0.9481
vn 0.0858 -0.2408 -0.9668
vn -0.4565 0.8433 0.2837
vn 0.0474 0.7746 0.6306
vn 0.4837 -0.5212 -0.7031
vn -0.1804 0.7035 0.6874
vn -0.4275 0.8139 0.3935
vn -0.1803 0.7035 0.6874
vn -0.4679 0.7949 0.3862
vn -0.3500 0.9368 -0.0000
vn -0.3583 0.8634 -0.3552
vn -0.0488 0.4344 0.8994
vn -0.0412 0.9702 -0.2388
vn -0.0412 0.9702 0.2388
vn 0.4509 0.8926 -0.0000
vn 0.0433 0.9664 0.2533
vn 0.3560 0.8617 -0.3615
vn 0.0389 0.7073 -0.7059
vn 0.0152 0.9179 -0.3966
vn -0.3915 0.9202 -0.0000
vn -0.0612 0.8452 -0.5309
vn 0.8525 0.2757 -0.4441
vn -0.2449 0.3810 -0.8916
vn -0.0610 -0.0537 0.9967
vn -0.2450 0.3809 -0.8916
vn 0.0037 0.8669 -0.4984
vn -0.4804 -0.3628 0.7985
vn 0.4288 -0.3114 0.8480
vn 0.3197 0.3561 -0.8781
vn -0.3523 0.6602 -0.6634
vn 0.1120 0.3500 -0.9300
vn 0.4374 0.7020 -0.5620
vn 0.0620 0.7233 -0.6878
vn 0.3966 0.4807 -0.7821
vn -0.3130 -0.0431 0.9488
vn -0.0758 0.9003 -0.4286
vn -0.0052 0.3449 -0.9386
vn -0.3132 -0.0430 0.9487
vn -0.5193 -0.4684 0.7148
vn 0.1369 -0.3217 0.9369
vn -0.0493 0.3634 -0.9303
vn 0.0439 0.5079 -0.8603
vn -0.2472 0.4751 0.8445
vn -0.3981 -0.0291 0.9169
vn -0.2583 -0.0134 -0.9660
vn 0.2742 -0.3522 -0.8949
vn 0.1078 0.3891 -0.9149
vn -0.6756 0.1074 0.7294
vn 0.6003 -0.1473 -0.7861
vn -0.5324 0.5786 0.6179
vn 0.1077 0.3891 -0.9149
vn -0.1531 0.3847 0.9103
vn -0.5134 0.5507 0.6581
vn -0.2622 0.3219 0.9097
vn -0.2567 0.3461 0.9024
vn -0.0445 -0.0520 -0.9977
vn -0.2364 0.6801 -0.6939
vn 0.2644 0.1079 -0.9584
vn -0.3655 -0.1658 0.9159
vn 0.2083 0.0860 0.9743
vn -0.1149 0.3482 -0.9304
vn 0.0827 0.0878 0.9927
vn -0.5195 0.7464 -0.4159
vn 0.5491 -0.1004 0.8297
vn -0.3603 0.5871 -0.7249
vn 0.0900 0.0179 -0.9958
vn 0.5314 -0.5072 0.6785
vn -0.3500 0.9366 0.0157
vn -0.0064 0.7324 -0.6809
vn -0.3604 0.5871 -0.7249
vn -0.2848 0.8763 -0.3886
vn -0.3500 0.9366 0.0159
vn 0.0620 0.7233 -0.6877
vn -0.2848 0.8762 -0.3887
vn -0.4235 0.5687 -0.7052
vn 0.2681 0.9102 -0.3157
vn 0.1063 0.4744 -0.8739
vn -0.2350 0.8834 -0.4053
vn -0.2351 0.8835 -0.4052
vn -0.0362 0.9993 -0.0000
vn -0.0811 0.9474 0.3097
vn 0.0113 0.8757 -0.4827
vn 0.4079 0.9130 -0.0000
vn 0.0112 0.8757 0.4826
vn -0.2561 0.7028 -0.6637
vn 0.2389 -0.3333 0.9121
vn -0.2572 0.2759 0.9262
vn 0.1880 0.5007 -0.8450
vn -0.3396 0.2592 -0.9041
vn -0.0992 -0.4680 0.8781
vn -0.3396 0.2593 -0.9041
vn -0.2851 0.3035 -0.9092
vn -0.2529 0.6723 -0.6958
vn -0.4704 0.8305 -0.2984
vn 0.5315 -0.5071 0.6785
vn 0.0627 0.0384 0.9973
vn 0.2519 -0.6643 0.7037
vn -0.5988 0.4517 -0.6613
vn -0.1970 0.2529 -0.9472
vn -0.5135 0.5507 -0.6581
vn 0.1880 0.5007 0.8449
vn -0.2562 0.7028 0.6637
vn 0.2387 -0.3265 -0.9146
vn -0.2572 0.2758 -0.9261
vn -0.3396 0.2592 0.9042
vn -0.0993 -0.4681 -0.8781
vn -0.2528 0.6723 0.6958
vn -0.3396 0.2593 0.9041
vn -0.2529 0.6723 0.6958
vn -0.2851 0.3035 0.9092
vn 0.1880 0.5008 0.8449
vn -0.4704 0.8305 0.2984
vn 0.2518 -0.6644 -0.7036
vn 0.0627 0.0383 -0.9973
vn 0.5314 -0.5072 -0.6785
vn -0.1218 0.7053 0.6984
vn -0.5988 0.4517 0.6614
vn -0.4753 0.7987 0.3691
vn -0.1969 0.2529 0.9472
vn -0.1217 0.7054 0.6983
vn -0.5811 0.7267 0.3665
vn -0.4753 0.7987 0.3690
vn -0.3833 0.9214 -0.0635
vn -0.0712 0.9341 0.3499
vn -0.2240 0.6377 0.7370
vn -0.5176 0.5184 0.6807
vn -0.5666 0.7376 -0.3672
vn -0.4701 0.8826 -0.0000
vn -0.4714 0.6897 0.5497
vn -0.6518 0.7584 -0.0000
vn -0.4714 0.6897 -0.5497
vn -0.8881 0.3311 -0.3189
vn -0.5451 0.7447 -0.3851
vn -0.5974 0.3807 -0.7058
vn -0.6160 0.4086 -0.6735
vn -0.7786 0.6268 0.0309
vn 0.8501 -0.4189 0.3191
vn 0.3896 -0.1976 0.8996
vn -0.8111 0.5816 -0.0615
vn 0.8250 -0.0659 0.5613
vn 0.3637 0.0331 0.9309
vn -0.6143 0.4561 -0.6439
vn -0.8073 0.2355 -0.5411
vn -0.1570 0.3447 0.9255
vn -0.4163 0.2176 -0.8828
vn -0.1380 -0.1174 -0.9835
vn -0.2323 0.5702 0.7880
vn -0.6590 0.0870 -0.7471
vn 0.3717 0.5560 0.7434
vn 0.2113 0.5095 -0.8341
vn -0.2461 -0.1134 0.9626
vn -0.3561 0.8472 -0.3943
vn 0.2600 -0.3059 0.9159
vn 0.0854 0.0646 0.9942
vn -0.1912 0.4265 -0.8840
vn 0.3827 0.2379 -0.8927
vn -0.3253 0.4328 0.8407
vn -0.0794 0.9308 0.3569
vn -0.4132 0.8202 0.3956
vn -0.6006 0.7995 -0.0000
vn -0.4132 0.8202 -0.3956
vn -0.2931 0.7306 0.6167
vn -0.2931 0.7306 -0.6167
vn -0.0951 0.9955 -0.0000
vn -0.6151 0.7885 -0.0000
vn -0.7226 0.5506 -0.4179
vn -0.7203 0.5488 0.4243
vn -0.6600 0.6869 -0.3043
vn -0.2055 0.4080 0.8896
vn -0.3542 0.6106 0.7083
vn -0.3543 0.6106 0.7083
vn -0.4132 0.8202 0.3957
vn 0.0166 0.8351 0.5499
vn -0.4616 0.8835 0.0790
vn 0.5371 -0.4200 -0.7315
vn 0.0167 0.8351 0.5499
vn -0.4105 0.5950 0.6910
vn -0.4104 0.5950 0.6910
vn 0.0229 0.3965 0.9178
vn 0.1359 0.2904 0.9472
vn -0.2461 -0.1134 -0.9626
vn 0.2114 0.5095 0.8341
vn -0.3562 0.8472 0.3942
vn -0.3253 0.4328 -0.8407
vn -0.1911 0.4265 0.8841
vn 0.3827 0.2379 0.8927
vn -0.6995 0.7147 -0.0000
vn -0.4385 0.7649 0.4718
vn -0.2529 0.9675 -0.0000
vn -0.4315 0.7681 -0.4732
vn -0.5794 0.7246 -0.3733
vn -0.3833 0.9214 0.0635
vn -0.0712 0.9341 -0.3499
vn -0.5794 0.7246 -0.3732
vn -0.2240 0.6377 -0.7370
vn -0.0712 0.9341 -0.3498
vn -0.5176 0.5184 -0.6807
vn -0.5666 0.7376 -0.3673
vn -0.5176 0.5184 -0.6808
vn -0.5578 0.8085 -0.1875
vn -0.3090 0.6493 -0.6949
vn -0.2851 0.3034 -0.9092
vn 0.2360 -0.2318 0.9437
vn -0.6332 0.4213 -0.6493
vn -0.0460 0.4094 0.9112
vn -0.2108 0.3053 -0.9286
vn -0.5597 0.3244 -0.7625
vn -0.0893 0.0450 -0.9950
vn -0.1953 0.6092 0.7686
vn 0.4082 0.3810 0.8296
vn -0.2829 -0.1564 -0.9463
vn -0.6210 0.6572 0.4272
vn -0.5209 0.4853 0.7022
vn -0.5219 0.7692 0.3687
vn -0.6151 0.7884 -0.0000
vn -0.3827 0.8595 0.3389
vn 0.0787 0.4260 0.9013
vn -0.2911 0.7200 0.6299
vn -0.5962 0.7100 0.3746
vn -0.0755 0.4470 0.8913
vn -0.3369 0.8922 0.3008
vn -0.6019 0.6927 -0.3975
vn -0.2862 0.9582 -0.0000
vn -0.4737 0.7123 0.5179
vn -0.7859 0.6184 -0.0000
vn -0.4737 0.7123 -0.5179
vn -0.6600 0.6869 0.3043
vn -0.3543 0.6106 -0.7083
vn -0.7227 0.5506 -0.4179
vn -0.2055 0.4080 -0.8896
vn 0.5373 -0.4199 0.7315
vn -0.4617 0.8835 -0.0790
vn -0.4132 0.8202 -0.3957
vn -0.1803 0.7036 -0.6874
vn -0.4105 0.5950 -0.6910
vn 0.0229 0.3965 -0.9178
vn 0.1359 0.2903 -0.9472
vn -0.2351 0.8835 0.4052
vn -0.0812 0.9474 -0.3097
vn 0.2681 0.9102 0.3157
vn 0.1062 0.4744 0.8739
vn -0.2351 0.8835 0.4053
vn -0.2185 0.6680 0.7114
vn -0.4930 0.8701 -0.0000
vn -0.1202 0.9927 -0.0000
vn -0.2186 0.6680 -0.7114
vn -0.5619 0.8272 -0.0000
vn -0.7120 0.6054 -0.3558
vn -0.7119 0.6054 -0.3558
vn -0.2874 0.3263 -0.9005
vn -0.3648 0.8470 -0.3867
vn -0.5315 0.7768 0.3377
vn -0.4275 0.8139 -0.3934
vn -0.6163 0.4229 -0.6643
vn -0.1226 0.3402 -0.9323
vn -0.4235 0.5687 -0.7051
vn 0.0859 -0.2407 0.9668
vn -0.4566 0.8433 -0.2837
vn 0.4839 -0.5212 0.7030
vn -0.1804 0.7035 -0.6874
vn -0.4679 0.7949 -0.3862
vn -0.0489 0.4344 -0.8994
vn -0.0794 0.9308 -0.3569
vn -0.3582 0.8634 0.3552
vn -0.0866 0.9962 -0.0000
vn -0.4079 0.7858 -0.4649
vn -0.7574 0.6530 -0.0000
vn -0.4079 0.7858 0.4649
vn -0.3648 0.8470 0.3867
vn -0.5315 0.7768 -0.3377
vn -0.7120 0.6054 0.3558
vn -0.4236 0.5687 0.7051
vn -0.2873 0.3263 0.9005
vn 0.4598 -0.8149 -0.3528
vn -0.0066 -0.9988 -0.0477
vn -0.2371 0.8999 0.3659
vn -0.0065 -0.9988 -0.0478
vn -0.5037 -0.8036 -0.3170
vn -0.0612 0.8452 0.5309
vn -0.0474 0.4967 0.8666
vn 0.4334 0.6447 0.6297
vn 0.8525 0.2758 0.4440
vn 0.7424 -0.5861 0.3246
vn -0.3427 0.8622 -0.3730
vn 0.4608 -0.8103 0.3621
vn -0.5995 0.7979 0.0626
vn 0.4753 -0.7987 0.3690
vn 0.5198 -0.5477 0.6556
vn 0.7424 -0.5861 0.3247
vn 0.6713 -0.4495 0.5894
vn 0.3271 -0.8783 0.3486
vn 0.5197 -0.5477 0.6557
vn 0.0545 -0.7093 0.7028
vn -0.1641 -0.7091 0.6857
vn -0.3321 0.9239 -0.1899
vn 0.1920 -0.2848 0.9391
vn 0.3252 -0.8624 0.3881
vn -0.0781 0.9961 -0.0397
vn 0.2772 -0.8894 0.3634
vn 0.0034 -0.4797 0.8774
vn -0.2279 -0.8999 0.3718
vn 0.3376 0.8754 -0.3458
vn -0.2280 -0.8999 0.3718
vn 0.8559 -0.4641 0.2282
vn -0.0856 -0.5135 0.8538
vn 0.3987 -0.6362 0.6605
vn -0.0704 -0.8733 0.4820
vn 0.2872 0.9579 -0.0000
vn -0.0775 -0.9622 0.2611
vn 0.0082 0.9831 0.1829
vn 0.3989 -0.9170 -0.0000
vn 0.0227 -0.9555 0.2942
vn -0.4633 0.8149 0.3483
vn -0.0490 0.7369 0.6742
vn 0.3376 0.8754 0.3459
vn -0.2279 -0.8999 -0.3718
vn 0.2772 -0.8894 -0.3636
vn 0.3175 -0.8649 0.3889
vn -0.4863 0.8738 -0.0001
vn -0.1250 -0.9922 -0.0000
vn 0.7274 -0.6862 -0.0000
vn -0.0539 0.7054 0.7067
vn 0.3377 0.8754 0.3458
vn 0.6008 0.3429 0.7221
vn 0.0407 0.1616 0.9860
vn 0.0449 -0.1751 0.9835
vn 0.3173 0.0045 0.9483
vn 0.6018 -0.2648 0.7535
vn -0.0423 0.0031 0.9991
vn -0.4613 0.3144 0.8297
vn -0.0759 0.6750 0.7339
vn 0.3807 0.3841 0.8412
vn 0.3806 0.3841 0.8412
vn -0.0070 0.0619 0.9981
vn -0.3320 0.9240 0.1899
vn 0.6712 -0.4495 -0.5894
vn 0.3252 -0.8624 -0.3881
vn -0.4537 0.6188 0.6413
vn -0.2050 0.2517 0.9458
vn -0.1640 -0.7091 -0.6857
vn -0.7931 0.5270 0.3055
vn 0.5442 -0.7500 0.3760
vn 0.4608 -0.8103 -0.3621
vn -0.3426 0.8623 0.3729
vn 0.7423 -0.5861 -0.3247
vn -0.4916 0.5131 0.7037
vn 0.4925 0.5580 0.6679
vn -0.7928 -0.2021 -0.5751
vn 0.7816 0.1335 0.6093
vn 0.9434 0.3065 0.1267
vn 0.7391 0.5756 0.3499
vn 0.2864 0.4216 0.8603
vn 0.5951 0.3960 0.6993
vn -0.1897 0.4889 0.8515
vn 0.5622 0.1482 0.8136
vn 0.8072 0.1360 0.5743
vn -0.7855 0.0407 -0.6175
vn -0.9488 0.3049 -0.0827
vn 0.6934 -0.2442 0.6779
vn 0.9696 -0.1141 0.2166
vn 0.8163 0.2648 0.5134
vn 0.7657 -0.1960 0.6127
vn -0.6365 -0.0409 0.7702
vn -0.2175 -0.1494 0.9646
vn -0.1804 -0.1846 0.9661
vn -0.2107 0.3054 0.9286
vn -0.5531 0.1384 0.8215
vn -0.6160 0.4085 0.6735
vn -0.8413 0.4457 0.3058
vn -0.7486 0.2735 0.6039
vn -0.3676 -0.2123 0.9054
vn -0.0320 -0.3878 0.9212
vn 0.1325 -0.4266 0.8947
vn -0.5597 0.3244 0.7625
vn -0.0894 0.0449 0.9950
vn -0.2465 -0.1919 0.9500
vn -0.1478 -0.6282 0.7639
vn 0.3542 -0.6106 0.7084
vn 0.3804 -0.6225 0.6839
vn -0.2829 -0.1565 0.9463
vn 0.2651 -0.1898 0.9453
vn 0.0391 -0.4976 0.8665
vn 0.5282 -0.7655 0.3674
vn 0.3542 -0.6106 0.7083
vn 0.2754 -0.7242 0.6321
vn -0.6050 0.7738 -0.1878
vn 0.0034 -0.3287 0.9444
vn 0.2755 -0.7242 0.6321
vn 0.0392 -0.4976 0.8665
vn 0.2847 -0.7257 0.6263
vn -0.5962 0.7100 -0.3747
vn -0.6019 0.6926 0.3974
vn 0.2156 -0.9386 0.2695
vn 0.2275 -0.6741 0.7027
vn -0.3051 -0.7837 0.5410
vn -0.0674 0.9760 -0.2071
vn -0.1463 0.8499 0.5062
vn 0.0337 -0.9794 0.1990
vn 0.2087 -0.9462 0.2474
vn 0.3184 -0.7342 0.5997
vn -0.1391 -0.9358 0.3239
vn 0.2847 -0.7258 0.6263
vn 0.2803 -0.7591 0.5876
vn -0.2682 0.9514 -0.1510
vn -0.2027 -0.3591 0.9110
vn -0.6620 -0.5858 0.4675
vn -0.3269 0.9449 -0.0158
vn -0.2166 -0.8406 0.4965
vn -0.1235 -0.7775 0.6166
vn -0.2187 -0.4390 0.8715
vn -0.4300 -0.7717 0.4687
vn -0.1234 -0.7775 0.6167
vn -0.2646 -0.4841 0.8340
vn -0.7648 -0.0708 0.6403
vn -0.5835 -0.5271 0.6178
vn 0.4245 -0.6346 0.6459
vn -0.5835 -0.5270 0.6178
vn -0.2958 -0.4242 0.8559
vn 0.5720 0.7889 -0.2245
vn -0.1465 -0.8761 0.4594
vn -0.5897 -0.6201 0.5175
vn -0.8353 -0.4907 0.2481
vn 0.6845 0.7233 0.0916
vn 0.3914 0.5785 0.7156
vn -0.6190 -0.7830 -0.0616
vn 0.6845 0.7232 -0.0916
vn -0.5436 -0.6609 0.5174
vn -0.8659 -0.4501 0.2185
vn 0.8357 0.3200 0.4463
vn 0.8780 0.4187 -0.2317
vn -0.7743 -0.1098 0.6232
vn -0.9051 -0.3406 0.2547
vn -0.7288 -0.5973 0.3349
vn 0.9434 0.3065 -0.1266
vn -0.7743 -0.1099 0.6232
vn 0.7118 0.6360 -0.2982
vn -0.2067 -0.3290 0.9214
vn -0.7928 -0.2022 0.5750
vn 0.7816 0.1335 -0.6094
vn -0.8096 -0.1440 0.5691
vn -0.9051 -0.3405 0.2547
vn -0.7927 -0.2022 0.5751
vn -0.5418 -0.1229 0.8315
vn -0.1585 -0.4667 0.8701
vn 0.9684 -0.0921 -0.2319
vn -0.8096 -0.1440 0.5690
vn -0.8808 -0.0841 0.4660
vn -0.6123 -0.4754 0.6317
vn -0.5801 -0.1269 0.8046
vn -0.5802 -0.1269 0.8046
vn -0.7855 0.0407 0.6175
vn -0.9488 0.3049 0.0826
vn 0.8163 0.2646 -0.5135
vn 0.9696 -0.1140 -0.2167
vn -0.7275 0.2157 0.6513
vn -0.7856 0.0406 0.6174
vn 0.9696 -0.1141 -0.2166
vn 0.6934 -0.2441 -0.6779
vn -0.2655 -0.1003 0.9589
vn -0.9456 0.1095 0.3064
vn -0.8096 -0.1439 0.5690
vn -0.7275 0.2157 0.6514
vn -0.7137 -0.1714 0.6792
vn -0.9429 0.0873 0.3213
vn 0.9050 -0.0627 0.4207
vn -0.9229 -0.2895 0.2537
vn 0.9480 -0.0497 -0.3143
vn -0.9960 -0.0898 -0.0000
vn -0.7993 -0.0294 0.6002
vn 0.9397 0.2021 0.2757
vn -0.9897 -0.0225 0.1413
vn -0.9429 0.0873 -0.3214
vn 0.4528 0.1667 0.8759
vn 0.9480 -0.0497 0.3143
vn -0.9229 -0.2896 -0.2537
vn -0.7737 0.2169 0.5953
vn -0.9412 0.3380 -0.0000
vn -0.9821 0.1884 -0.0000
vn -0.7628 0.1879 0.6187
vn -0.6854 0.1612 0.7101
vn -0.8113 0.4786 0.3358
vn 0.8410 -0.3439 0.4177
vn -0.9504 0.0866 0.2988
vn 0.8505 -0.4737 -0.2286
vn -0.3136 0.0350 0.9489
vn -0.8414 0.4457 0.3057
vn -0.7628 0.1880 0.6187
vn -0.5532 0.1384 0.8215
vn -0.8112 0.5816 0.0614
vn -0.6357 -0.1942 0.7471
vn -0.1681 -0.2227 0.9603
vn -0.8073 0.2355 0.5411
vn -0.2705 -0.3421 0.8999
vn 0.3283 -0.4628 0.8234
vn -0.6591 0.0869 0.7470
vn 0.3783 -0.7429 0.5522
vn -0.6354 0.7032 -0.3190
vn -0.3991 -0.3539 0.8459
vn -0.1355 -0.7484 0.6493
vn -0.0391 0.4975 0.8666
vn -0.2910 0.7200 0.6300
vn -0.0872 0.4767 0.8747
vn -0.6355 0.7032 0.3190
vn 0.1230 0.7882 0.6031
vn -0.1916 0.9502 0.2460
vn -0.3414 0.7094 0.6167
vn 0.2803 -0.7591 -0.5875
vn 0.1227 0.9352 0.3321
vn -0.2681 0.9515 0.1511
vn 0.1643 0.9396 0.3004
vn 0.5311 -0.8473 -0.0001
vn 0.3904 -0.6432 0.6587
vn 0.4996 -0.8662 -0.0000
vn 0.0577 0.9983 -0.0000
vn 0.0051 -0.9482 0.3176
vn -0.0673 0.9760 0.2072
vn 0.3001 0.6129 0.7310
vn -0.3461 -0.9361 -0.0627
vn 0.2787 0.9557 0.0944
vn -0.4329 -0.8878 -0.1561
vn 0.1928 0.8314 0.5211
vn 0.7559 0.3580 0.5482
vn 0.4437 0.7871 0.4286
vn -0.1114 0.8399 0.5311
vn -0.5445 -0.8257 -0.1474
vn -0.8721 -0.4657 -0.1506
vn -0.9299 0.3448 0.1278
vn 0.9343 -0.1647 0.3161
vn 0.4397 -0.0668 0.8957
vn -0.9525 0.0867 -0.2920
vn -0.8113 0.4786 -0.3358
vn -0.6733 0.4306 0.6010
vn -0.7962 0.6050 -0.0000
vn 0.7895 -0.4069 0.4595
vn 0.9743 -0.2252 -0.0001
vn -0.5974 0.3808 0.7058
vn 0.6982 -0.6162 0.3644
vn 0.6267 -0.6833 -0.3747
vn -0.5579 0.8085 0.1875
vn -0.0064 0.7324 0.6809
vn -0.2848 0.8762 0.3887
vn -0.3604 0.5871 0.7248
vn 0.0900 0.0180 0.9958
vn -0.1416 -0.7624 -0.6314
vn -0.3604 0.5871 0.7249
vn 0.3102 -0.8744 -0.3731
vn -0.4235 0.5687 0.7052
vn -0.0759 0.9003 0.4286
vn 0.0621 0.7232 0.6878
vn 0.2923 0.0717 0.9536
vn 0.3713 -0.2475 0.8949
vn -0.3523 0.6602 0.6633
vn -0.0244 0.9708 0.2385
vn 0.3197 0.3560 0.8781
vn 0.0038 0.8669 0.4984
vn 0.0423 -0.0031 0.9991
vn 0.0452 -0.2531 0.9664
vn -0.0688 -0.2811 0.9572
vn -0.0844 0.2261 0.9704
vn 0.8477 -0.1236 0.5158
vn -0.2433 -0.3717 0.8959
vn 0.0390 -0.8738 0.4847
vn 0.2858 -0.3755 0.8816
vn 0.2389 -0.3983 0.8856
vn -0.2583 -0.0134 0.9660
vn 0.2330 -0.3507 0.9070
vn 0.2742 -0.3521 0.8949
vn 0.5535 -0.7505 0.3610
vn 0.2642 -0.3310 0.9059
vn 0.3795 -0.6146 0.6915
vn -0.2364 0.6801 0.6939
vn 0.2644 0.1080 0.9583
vn -0.0862 -0.0569 0.9947
vn -0.4593 0.1656 0.8727
vn -0.5195 0.7464 0.4159
vn -0.1149 0.3482 0.9304
vn -0.4679 0.7949 0.3861
vn 0.3589 -0.9317 0.0555
vn -0.0378 -0.9472 -0.3184
vn -0.0489 0.4344 0.8994
vn 0.5820 -0.7213 -0.3755
vn 0.3270 -0.9450 -0.0000
vn 0.0094 -0.9860 0.1665
vn -0.0428 -0.7457 0.6649
vn -0.5038 -0.8036 0.3170
vn 0.4598 -0.8149 0.3528
vn -0.2371 0.8999 -0.3659
vn 0.3559 0.8618 -0.3615
vn 0.0328 -0.8194 0.5723
vn 0.3278 -0.6639 0.6721
vn -0.0389 -0.7072 0.7059
vn -0.4803 -0.3628 0.7985
vn 0.0068 -0.6643 0.7474
vn -0.1120 -0.3500 0.9300
vn -0.3646 -0.6773 0.6390
vn -0.1120 -0.3501 0.9300
vn -0.0244 0.9708 -0.2385
vn 0.2649 -0.6365 0.7243
vn -0.1053 -0.3332 0.9369
vn 0.2649 -0.6366 0.7243
vn 0.4374 0.7021 -0.5620
vn -0.0712 -0.7156 0.6949
vn -0.3131 -0.0430 0.9487
vn 0.1370 -0.3217 0.9369
vn -0.3029 -0.0654 0.9508
vn -0.0694 -0.7309 0.6789
vn 0.0587 -0.3718 0.9264
vn 0.0435 0.0596 0.9973
vn -0.2472 0.4752 0.8445
vn -0.3981 -0.0292 0.9169
vn -0.6756 0.1075 0.7294
vn -0.5325 0.5786 0.6178
vn -0.2622 0.3219 0.9098
vn -0.2797 -0.1093 0.9538
vn -0.1531 0.3847 0.9102
vn -0.2798 -0.1093 0.9538
vn 0.6005 -0.1474 -0.7860
vn 0.5535 -0.7505 -0.3610
vn -0.3656 -0.1658 0.9159
vn -0.2567 0.3462 0.9024
vn 0.1051 -0.4115 0.9053
vn 0.0863 0.0569 0.9946
vn 0.0038 -0.4072 0.9133
vn 0.4247 -0.5636 0.7085
vn 0.0038 -0.4073 0.9133
vn 0.0826 0.0877 0.9927
vn 0.1226 -0.3402 0.9323
vn 0.0588 -0.3719 0.9264
vn 0.4246 -0.5637 0.7085
vn -0.1416 -0.7625 0.6313
vn 0.0760 -0.3765 0.9233
vn -0.1416 -0.7624 0.6314
vn -0.3500 0.9366 0.0158
vn 0.5314 -0.5071 0.6786
vn 0.2927 -0.8739 0.3881
vn 0.3728 -0.8395 0.3952
vn 0.3727 -0.8396 0.3952
vn -0.0812 0.9474 0.3097
vn -0.2351 0.8834 -0.4053
vn -0.4183 -0.8614 0.2882
vn -0.0794 -0.7156 0.6940
vn 0.0024 -0.9246 0.3810
vn -0.3571 -0.9341 -0.0000
vn 0.3671 -0.9302 -0.0000
vn 0.4080 0.9130 -0.0000
vn 0.0113 0.8757 0.4827
vn 0.2872 -0.3126 0.9054
vn -0.2572 0.2759 0.9261
vn -0.0993 -0.4680 0.8781
vn 0.2528 -0.6723 0.6958
vn -0.0993 -0.4681 0.8781
vn 0.2528 -0.6722 0.6958
vn 0.2642 -0.3311 0.9059
vn 0.2520 -0.6644 0.7037
vn -0.5988 0.4517 -0.6614
vn -0.4705 0.8304 -0.2983
vn 0.2520 -0.6644 0.7036
vn 0.4930 -0.8700 -0.0000
vn 0.5314 -0.5071 0.6785
vn -0.2528 0.6722 0.6958
vn 0.1145 0.0286 0.9930
vn -0.5988 0.4517 0.6613
vn -0.4705 0.8305 0.2983
vn -0.1217 0.7053 0.6984
vn 0.5315 -0.5071 -0.6786
vn -0.5811 0.7266 0.3665
vn -0.5810 0.7267 0.3665
vn 0.3573 -0.8498 0.3876
vn 0.1626 -0.9163 -0.3659
vn -0.0713 0.9341 0.3498
vn 0.4761 -0.7938 -0.3783
vn -0.2239 0.6377 0.7370
vn -0.2528 0.6722 0.6959
vn -0.0712 0.9341 0.3498
vn -0.5176 0.5183 0.6808
vn 0.5561 -0.7159 0.4222
vn 0.2449 -0.9696 -0.0000
vn -0.4714 0.6897 0.5496
vn 0.8583 -0.5132 -0.0001
vn -0.8881 0.3310 -0.3190
vn 0.8500 -0.4190 0.3192
vn -0.7785 0.6269 0.0309
vn 0.5666 -0.7376 0.3673
vn 0.6266 -0.6833 0.3747
vn 0.6192 -0.4107 0.6693
vn 0.8500 -0.4189 0.3192
vn 0.5376 -0.4905 0.6859
vn 0.5588 -0.1443 0.8166
vn -0.7486 0.2735 -0.6039
vn 0.8250 -0.0658 0.5614
vn -0.8112 0.5816 -0.0614
vn 0.4915 -0.1690 0.8544
vn 0.2554 0.1849 0.9490
vn 0.5912 0.1129 0.7986
vn 0.8916 -0.3610 0.2733
vn 0.4915 -0.1690 0.8543
vn 0.5913 0.1128 0.7986
vn 0.1033 0.1295 0.9862
vn -0.2324 0.5702 0.7880
vn 0.2599 -0.3060 0.9159
vn 0.1803 -0.7035 0.6875
vn -0.2852 -0.5766 0.7656
vn 0.2182 -0.7342 0.6429
vn -0.3254 0.4328 0.8407
vn -0.1830 -0.0830 0.9796
vn 0.2266 -0.4389 0.8695
vn 0.5132 -0.7632 0.3926
vn 0.2122 -0.9772 -0.0000
vn -0.0950 0.9955 -0.0000
vn 0.7962 -0.6050 -0.0000
vn 0.6293 -0.7771 -0.0078
vn 0.1982 -0.9296 -0.3107
vn 0.7968 -0.4604 -0.3913
vn -0.3827 0.8594 0.3390
vn -0.2056 0.4080 0.8896
vn -0.4131 0.8202 0.3957
vn -0.3543 0.6105 0.7083
vn -0.4617 0.8835 0.0789
vn 0.4912 -0.7768 -0.3941
vn 0.0424 -0.7523 -0.6574
vn 0.0229 0.3964 0.9178
vn 0.1358 0.2903 0.9472
vn -0.4104 0.5950 0.6911
vn -0.3563 0.8472 0.3942
vn -0.1400 0.3514 0.9257
vn 0.2275 0.1349 0.9644
vn 0.3963 -0.1815 0.9000
vn -0.1912 0.4265 0.8841
vn -0.2591 -0.1460 0.9547
vn 0.3047 -0.3185 0.8976
vn -0.4385 0.7650 0.4718
vn 0.3711 -0.6091 0.7009
vn 0.6434 -0.7656 -0.0001
vn -0.2530 0.9675 -0.0000
vn 0.1022 -0.3826 0.9183
vn 0.1625 -0.9164 0.3659
vn 0.4776 -0.7962 0.3714
vn -0.5794 0.7245 -0.3733
vn 0.0987 -0.7276 0.6788
vn -0.5579 0.8084 -0.1875
vn 0.2359 -0.2318 0.9437
vn 0.7226 -0.3012 0.6223
vn 0.5746 -0.7430 0.3432
vn 0.3150 -0.2692 0.9101
vn -0.0461 0.4094 0.9112
vn 0.0610 0.0538 0.9967
vn 0.5920 -0.1955 0.7819
vn -0.1954 0.6092 0.7686
vn 0.4081 0.3810 0.8296
vn -0.1604 0.2325 0.9593
vn 0.4981 -0.0681 0.8645
vn -0.6211 0.6571 0.4272
vn -0.5209 0.4853 0.7023
vn -0.3827 0.8595 0.3390
vn 0.2754 -0.7243 -0.6321
vn -0.6050 0.7737 0.1878
vn 0.6892 -0.6863 -0.2324
vn 0.5466 -0.8311 0.1022
vn -0.5963 0.7100 0.3746
vn -0.0756 0.4470 0.8913
vn 0.2156 -0.9386 -0.2695
vn 0.6265 -0.6834 -0.3747
vn 0.8028 -0.5962 -0.0000
vn -0.4736 0.7124 0.5179
vn 0.5785 -0.6466 0.4972
vn 0.4931 -0.8700 -0.0000
vn 0.3700 -0.6011 0.7084
vn -0.3828 0.8594 -0.3389
vn 0.7968 -0.4604 0.3913
vn 0.1981 -0.9296 0.3107
vn -0.7227 0.5505 -0.4180
vn 0.3543 -0.6106 0.7083
vn 0.4046 -0.8207 0.4034
vn -0.4616 0.8835 -0.0789
vn 0.5371 -0.4199 0.7315
vn 0.0562 -0.2757 0.9596
vn 0.0425 -0.7523 0.6575
vn 0.5372 -0.4200 0.7315
vn 0.0424 -0.7523 0.6574
vn -0.4183 -0.8614 -0.2882
vn 0.3728 -0.8395 -0.3952
vn 0.1061 0.4744 0.8739
vn -0.4930 0.8700 -0.0000
vn 0.3015 -0.8742 0.3807
vn -0.0577 -0.9983 -0.0000
vn -0.2186 0.6680 0.7114
vn 0.6569 -0.7540 -0.0000
vn 0.2927 -0.8739 0.3880
vn 0.2357 -0.8947 0.3795
vn -0.7120 0.6053 -0.3559
vn 0.4397 -0.5533 0.7075
vn 0.7936 -0.5064 0.3374
vn -0.3649 0.8470 -0.3867
vn 0.4246 -0.5636 0.7085
vn 0.4275 -0.8139 0.3935
vn 0.1466 -0.7015 0.6974
vn 0.1226 -0.3403 0.9323
vn 0.4658 -0.8378 0.2848
vn 0.5821 -0.7213 0.3755
vn -0.3583 0.8634 0.3552
vn -0.0377 -0.9472 0.3183
vn 0.1686 -0.6738 0.7194
vn -0.7574 0.6529 -0.0000
vn 0.2862 -0.9582 -0.0000
vn 0.6486 -0.7612 -0.0000
vn 0.4156 -0.7714 0.4819
vn 0.5829 -0.8126 -0.0000
vn -0.3649 0.8469 0.3867
vn 0.7935 -0.5064 -0.3374
vn 0.2357 -0.8946 -0.3795
vn -0.2874 0.3263 0.9005
vn -0.2371 0.9000 0.3659
vn 0.0521 0.5084 0.8595
vn -0.0476 0.4967 0.8666
vn -0.0858 -0.5134 0.8538
vn 0.0183 0.8153 -0.5788
vn 0.0083 0.9831 0.1830
vn -0.0776 -0.9622 -0.2611
vn -0.0777 -0.9622 0.2611
vn -0.0704 -0.8734 -0.4819
vn -0.0857 -0.5135 -0.8538
vn 0.0295 0.5605 0.8276
vn -0.0844 0.2261 -0.9704
vn 0.0449 -0.1750 0.9835
vn -0.0689 -0.2812 -0.9572
vn -0.2434 -0.3716 -0.8959
vn -0.0070 0.0618 0.9981
vn 0.0390 -0.8739 -0.4846
vn -0.7288 -0.5973 -0.3349
vn -0.5177 -0.8556 -0.0000
vn -0.8659 -0.4500 -0.2185
vn -0.5836 -0.5270 -0.6178
vn -0.7743 -0.1098 -0.6232
vn -0.9972 0.0652 -0.0371
vn -0.7928 -0.2022 -0.5750
vn -0.9051 -0.3405 -0.2548
vn -0.2066 -0.3290 -0.9214
vn -0.8097 -0.1440 -0.5690
vn -0.5418 -0.1229 -0.8314
vn -0.8808 -0.0841 -0.4660
vn -0.6124 -0.4753 -0.6317
vn -0.6124 -0.4754 -0.6317
vn -0.1585 -0.4668 -0.8701
vn -0.8096 -0.1440 -0.5690
vn -0.5802 -0.1269 -0.8046
vn -0.9488 0.3049 -0.0826
vn -0.7629 0.1880 -0.6186
vn -0.7856 0.0407 -0.6174
vn -0.2655 -0.1003 -0.9589
vn -0.9456 0.1094 -0.3065
vn 0.3149 -0.2693 -0.9101
vn -0.6365 -0.0410 0.7702
vn -0.0461 0.4093 -0.9112
vn -0.6160 0.4086 0.6734
vn -0.7487 0.2736 0.6039
vn 0.0610 0.0537 -0.9967
vn -0.3675 -0.2123 0.9055
vn -0.1942 0.6054 -0.7718
vn -0.1604 0.2324 -0.9593
vn -0.1477 -0.6282 0.7639
vn -0.6210 0.6571 -0.4272
vn -0.5270 0.4825 -0.6996
vn -0.6050 0.7737 -0.1878
vn 0.2755 -0.7243 0.6321
vn 0.0033 -0.3287 0.9444
vn -0.0673 0.9760 -0.2072
vn -0.3050 -0.7837 0.5410
vn -0.3461 -0.9361 0.0627
vn 0.2802 -0.7591 0.5876
vn -0.2683 0.9514 -0.1511
vn -0.3413 0.7094 -0.6167
vn -0.6621 -0.5857 0.4676
vn 0.1929 0.8314 -0.5211
vn -0.3270 0.9449 -0.0159
vn -0.4330 -0.8878 0.1562
vn -0.7649 -0.0709 0.6403
vn 0.2219 0.4261 -0.8770
vn 0.0108 0.8086 -0.5883
vn -0.5444 -0.8258 0.1474
vn 0.5923 0.5973 -0.5407
vn -0.1114 0.8400 -0.5311
vn -0.8721 -0.4656 0.1507
vn -0.4300 -0.7717 0.4686
vn -0.5836 -0.5270 0.6178
vn -0.6190 -0.7830 -0.0617
vn -0.9051 -0.3405 -0.2547
vn -0.8568 -0.5157 -0.0000
vn -0.5437 -0.6609 -0.5173
vn -0.5437 -0.6609 0.5174
vn -0.8353 -0.4907 -0.2481
vn -0.6190 -0.7830 0.0616
vn -0.9998 0.0204 -0.0000
vn -0.7993 -0.0294 -0.6002
vn -0.9051 -0.3405 0.2548
vn -0.7744 -0.1098 0.6231
vn -0.2066 -0.3291 0.9214
vn -0.8097 -0.1440 0.5690
vn -0.8808 -0.0842 0.4660
vn -0.6124 -0.4754 0.6317
vn -0.1585 -0.4668 0.8701
vn -0.9488 0.3050 0.0827
vn -0.9456 0.1095 0.3065
vn -0.9897 -0.0225 -0.1413
vn -0.9993 -0.0387 -0.0000
vn -0.7136 -0.1714 0.6792
vn -0.9960 -0.0899 -0.0000
vn -0.9429 0.0874 -0.3214
vn -0.8097 -0.1439 -0.5690
vn -0.9897 -0.0224 0.1413
vn -0.9229 -0.2895 -0.2537
vn -0.7136 -0.1715 -0.6792
vn -0.9456 0.1095 -0.3064
vn -0.7736 0.2170 0.5953
vn -0.9445 0.3284 -0.0000
vn -0.7737 0.2169 -0.5953
vn -0.7629 0.1880 0.6186
vn -0.6853 0.1612 0.7102
vn -0.9504 0.0865 0.2988
vn -0.7856 0.0407 0.6174
vn -0.9299 0.3448 -0.1279
vn -0.3136 0.0349 0.9489
vn -0.8111 0.5816 0.0614
vn 0.4915 -0.1691 -0.8543
vn -0.8073 0.2356 0.5411
vn -0.1570 0.3446 -0.9255
vn 0.1034 0.1295 -0.9862
vn -0.2704 -0.3421 0.8999
vn -0.3990 -0.3539 0.8459
vn -0.0873 0.4766 -0.8747
vn -0.1354 -0.7484 0.6492
vn -0.3991 -0.3540 -0.8458
vn -0.1354 -0.7484 -0.6493
vn 0.2803 -0.7591 -0.5876
vn -0.2682 0.9515 0.1510
vn -0.2027 -0.3591 -0.9110
vn -0.3050 -0.7837 -0.5410
vn 0.1929 0.8315 0.5210
vn -0.6621 -0.5858 -0.4675
vn -0.3270 0.9450 0.0080
vn -0.4330 -0.8878 -0.1560
vn -0.7649 -0.0709 -0.6403
vn -0.2646 -0.4842 -0.8340
vn -0.4300 -0.7717 -0.4687
vn -0.5897 -0.6200 -0.5175
vn -0.8721 -0.4656 -0.1507
vn -0.5444 -0.8258 -0.1474
vn -0.1113 0.8399 0.5312
vn -0.5897 -0.6201 -0.5175
vn -0.1466 -0.8761 -0.4594
vn -0.9299 0.3448 0.1279
vn -0.8414 0.4457 -0.3057
vn -0.6849 0.1684 -0.7089
vn -0.8414 0.4457 -0.3058
vn -0.7756 0.6312 -0.0000
vn -0.6750 0.4247 -0.6033
vn -0.7756 0.6313 -0.0000
vn -0.8881 0.3311 0.3190
vn 0.0987 -0.7277 -0.6788
vn -0.1416 -0.7625 -0.6313
vn -0.0760 0.9003 0.4286
vn -0.1054 -0.3333 -0.9369
vn -0.3524 0.6601 0.6634
vn -0.3673 -0.6729 -0.6421
vn 0.0014 -0.9177 -0.3973
vn -0.0244 0.9709 0.2384
vn 0.0449 -0.1751 -0.9835
vn -0.0689 -0.2811 0.9572
vn -0.0070 0.0618 -0.9981
vn -0.2434 -0.3717 0.8959
vn 0.0389 -0.8738 0.4847
vn -0.6757 0.1075 -0.7293
vn -0.5324 0.5786 -0.6178
vn 0.0039 -0.4072 -0.9133
vn -0.4593 0.1655 0.8727
vn 0.0826 0.0878 -0.9927
vn 0.1466 -0.7016 -0.6973
vn -0.0412 0.9702 0.2387
vn 0.0094 -0.9860 -0.1664
vn -0.2372 0.9000 -0.3658
vn -0.0065 -0.9984 0.0557
vn 0.0238 -0.5850 0.8107
vn 0.0329 -0.8194 0.5723
vn -0.0613 0.8452 -0.5310
vn -0.0469 0.4908 -0.8700
vn -0.3524 0.6602 -0.6633
vn -0.1053 -0.3332 0.9370
vn -0.3645 -0.6773 0.6391
vn 0.0014 -0.9177 0.3973
vn -0.0245 0.9708 -0.2385
vn -0.0053 0.3449 -0.9386
vn -0.0760 0.9003 -0.4286
vn -0.6757 0.1075 0.7293
vn -0.5324 0.5787 0.6178
vn 0.0039 -0.4072 0.9133
vn -0.4593 0.1655 -0.8727
vn 0.0826 0.0878 0.9927
vn -0.3603 0.5870 -0.7249
vn -0.1415 -0.7625 0.6314
vn -0.7785 0.6268 0.0309
vn -0.5532 0.1384 -0.8215
vn -0.8111 0.5816 -0.0614
vn -0.6160 0.4086 -0.6734
vn -0.7487 0.2735 -0.6039
vn -0.6357 -0.1942 -0.7471
vn 0.4915 -0.1689 0.8543
vn -0.1570 0.3446 0.9255
vn -0.2704 -0.3421 -0.8999
vn -0.6591 0.0869 -0.7470
vn 0.1034 0.1295 0.9862
vn -0.1400 0.3514 -0.9257
vn -0.3562 0.8471 -0.3943
vn -0.1829 -0.0829 0.9796
vn -0.2591 -0.1461 -0.9547
vn -0.4617 0.8835 0.0790
vn -0.1399 0.3514 0.9257
vn -0.2462 -0.1135 -0.9626
vn -0.2777 -0.5773 -0.7678
vn -0.1912 0.4265 0.8840
vn -0.1830 -0.0831 -0.9796
vn -0.3254 0.4328 -0.8407
vn -0.2591 -0.1460 0.9548
vn -0.5176 0.5183 -0.6808
vn 0.0987 -0.7277 0.6788
vn -0.6331 0.4214 -0.6493
vn -0.6365 -0.0409 -0.7702
vn -0.3676 -0.2123 -0.9054
vn -0.5596 0.3244 -0.7626
vn 0.0610 0.0537 0.9967
vn -0.1478 -0.6282 -0.7639
vn 0.2755 -0.7243 -0.6321
vn -0.6050 0.7738 0.1878
vn 0.0034 -0.3287 -0.9444
vn -0.3827 0.8595 -0.3390
vn -0.2055 0.4079 -0.8896
vn -0.4105 0.5949 -0.6911
vn -0.4616 0.8835 -0.0790
vn 0.0425 -0.7523 0.6574
vn -0.4566 0.8432 -0.2837
vn 0.1467 -0.7015 0.6974
vn 0.0858 -0.2407 0.9668
vn -0.0389 -0.7073 -0.7059
vn 0.4598 -0.8149 -0.3529
vn -0.0152 -0.9179 -0.3966
vn -0.0400 -0.9992 -0.0000
vn -0.0428 -0.7457 -0.6649
vn 0.5994 -0.7336 -0.3202
vn 0.3279 -0.6639 -0.6721
vn 0.6018 -0.2649 -0.7534
vn 0.6063 -0.7952 -0.0000
vn 0.5442 -0.7500 -0.3761
vn 0.7423 -0.5861 0.3246
vn 0.5197 -0.5478 0.6556
vn 0.6712 -0.4495 0.5894
vn -0.1642 -0.7091 0.6857
vn 0.0545 -0.7093 0.7027
vn -0.2051 0.2516 -0.9459
vn -0.1641 -0.7092 0.6857
vn 0.3251 -0.8624 0.3881
vn 0.0545 -0.7094 0.7027
vn 0.2771 -0.8894 0.3635
vn 0.0614 -0.9981 -0.0000
vn 0.0227 -0.9555 -0.2942
vn -0.2279 -0.8999 0.3717
vn -0.0703 -0.8733 0.4820
vn -0.0775 -0.9622 -0.2611
vn -0.2280 -0.8999 -0.3717
vn 0.0226 -0.9555 0.2942
vn 0.2771 -0.8894 -0.3635
vn 0.3175 -0.8649 0.3888
vn 0.3271 -0.8783 -0.3486
vn 0.3175 -0.8649 -0.3888
vn 0.0545 -0.7094 -0.7027
vn 0.0033 -0.4764 -0.8792
vn -0.2280 -0.8999 -0.3718
vn -0.0856 -0.5135 -0.8538
vn -0.0704 -0.8733 -0.4820
vn 0.8477 -0.1237 -0.5158
vn 0.0545 -0.7093 -0.7028
vn 0.3988 -0.6362 -0.6605
vn 0.0294 0.5606 0.8276
vn 0.3008 0.6742 0.6745
vn -0.0688 -0.2812 -0.9572
vn 0.3172 0.0044 0.9483
vn 0.4067 0.0147 -0.9135
vn 0.2859 -0.3754 -0.8817
vn -0.0069 0.0618 0.9981
vn 0.3806 0.3840 0.8412
vn -0.4613 0.3144 0.8296
vn -0.2433 -0.3717 -0.8959
vn 0.0390 -0.8738 -0.4847
vn 0.2389 -0.3983 -0.8856
vn -0.1642 -0.7091 -0.6857
vn 0.6713 -0.4496 -0.5893
vn 0.5197 -0.5478 -0.6556
vn -0.1641 -0.7092 -0.6857
vn -0.2051 0.2516 0.9458
vn 0.3252 -0.8624 -0.3880
vn 0.5197 -0.5477 -0.6556
vn 0.3568 -0.2790 -0.8915
vn 0.5441 -0.7500 0.3760
vn 0.7424 -0.5861 -0.3246
vn -0.1585 -0.4667 -0.8701
vn -0.6364 -0.0409 0.7702
vn -0.1805 -0.1846 0.9661
vn 0.3150 -0.2692 -0.9101
vn 0.5921 -0.1955 -0.7818
vn -0.3677 -0.2123 0.9054
vn 0.0610 0.0538 -0.9967
vn -0.1604 0.2325 -0.9593
vn 0.4980 -0.0681 -0.8645
vn 0.2754 -0.7243 0.6321
vn 0.0034 -0.3288 0.9444
vn 0.5251 -0.4601 0.7160
vn 0.6891 -0.6863 0.2324
vn 0.5282 -0.7656 0.3673
vn 0.5311 -0.8473 -0.0000
vn 0.6266 -0.6834 0.3747
vn 0.5467 -0.8311 -0.1022
vn -0.0232 -0.9997 -0.0000
vn -0.1392 -0.9358 0.3238
vn 0.0050 -0.9482 -0.3176
vn -0.5176 -0.8556 -0.0000
vn 0.2087 -0.9462 0.2475
vn -0.2027 -0.3590 0.9111
vn 0.2803 -0.7591 0.5875
vn -0.1234 -0.7775 0.6166
vn -0.4330 -0.8878 0.1561
vn -0.2167 -0.8406 0.4965
vn 0.0860 -0.9909 0.1037
vn -0.5896 -0.6201 0.5175
vn -0.1235 -0.7775 0.6167
vn 0.4245 -0.6346 0.6458
vn -0.8721 -0.4656 0.1506
vn -0.5443 -0.8258 0.1474
vn -0.1465 -0.8761 0.4593
vn 0.5923 0.5974 -0.5406
vn 0.9690 0.2353 -0.0747
vn -0.7287 -0.5973 0.3349
vn -0.5436 -0.6609 -0.5174
vn -0.6189 -0.7830 -0.0616
vn 0.8780 0.4188 -0.2316
vn -0.6190 -0.7830 0.0617
vn 0.9683 -0.0922 -0.2319
vn 0.5622 0.1482 -0.8136
vn -0.6124 -0.4753 0.6317
vn -0.2656 -0.1004 0.9589
vn -0.7486 0.2736 0.6039
vn 0.8506 -0.4736 -0.2286
vn 0.5377 -0.4904 -0.6858
vn -0.6357 -0.1942 0.7472
vn 0.4914 -0.1690 -0.8544
vn -0.3991 -0.3540 0.8458
vn 0.2847 -0.7258 -0.6263
vn 0.0392 -0.4976 -0.8665
vn -0.3991 -0.3539 -0.8459
vn 0.3783 -0.7429 -0.5522
vn 0.5975 0.1056 0.7948
vn 0.2847 -0.7258 -0.6262
vn -0.1234 -0.7775 -0.6166
vn 0.1181 -0.4508 -0.8848
vn 0.3184 -0.7342 -0.5997
vn 0.2082 -0.9443 -0.2549
vn -0.2026 -0.3590 -0.9111
vn -0.1395 -0.9382 -0.3167
vn 0.2083 -0.9443 -0.2549
vn -0.4330 -0.8878 -0.1561
vn 0.0050 -0.9482 0.3176
vn 0.3904 -0.6432 -0.6587
vn -0.3051 -0.7838 -0.5410
vn -0.2167 -0.8406 -0.4965
vn -0.6620 -0.5858 -0.4675
vn -0.4300 -0.7717 -0.4686
vn -0.1234 -0.7775 -0.6167
vn -0.2187 -0.4389 -0.8715
vn -0.5835 -0.5270 -0.6178
vn 0.4245 -0.6345 -0.6459
vn -0.5835 -0.5271 -0.6178
vn -0.8721 -0.4656 -0.1506
vn -0.5896 -0.6201 -0.5175
vn 0.5923 0.5973 0.5407
vn -0.1465 -0.8761 -0.4593
vn -0.5443 -0.8258 -0.1474
vn -0.7287 -0.5974 -0.3349
vn 0.7154 -0.6988 -0.0000
vn 0.7895 -0.4068 -0.4595
vn 0.7789 -0.6271 -0.0000
vn 0.8501 -0.4190 -0.3192
vn 0.6266 -0.6834 -0.3746
vn 0.5666 -0.7376 -0.3672
vn 0.6244 -0.4079 -0.6661
vn 0.8500 -0.4190 -0.3192
vn -0.5176 0.5183 0.6807
vn 0.5762 -0.7450 -0.3362
vn 0.0987 -0.7276 -0.6788
vn -0.1539 0.1778 0.9720
vn 0.2872 -0.3126 -0.9054
vn 0.2359 -0.2318 -0.9437
vn 0.7935 -0.5064 -0.3375
vn 0.4247 -0.5637 -0.7085
vn 0.5828 -0.8126 -0.0000
vn 0.2357 -0.8946 -0.3796
vn 0.2927 -0.8739 -0.3881
vn 0.4247 -0.5636 -0.7085
vn 0.5314 -0.5071 -0.6786
vn 0.0760 -0.3765 -0.9233
vn -0.0712 -0.7156 -0.6949
vn 0.3102 -0.8743 -0.3732
vn -0.0712 -0.7156 -0.6948
vn 0.0587 -0.3718 -0.9264
vn 0.0587 -0.3718 -0.9265
vn 0.0038 -0.4072 -0.9133
vn 0.1369 -0.3217 -0.9369
vn -0.0052 0.3450 0.9386
vn -0.0694 -0.7309 -0.6789
vn -0.5194 -0.4684 -0.7147
vn -0.1120 -0.3501 -0.9300
vn 0.2648 -0.6366 -0.7243
vn -0.1053 -0.3333 -0.9369
vn -0.3672 -0.6729 -0.6421
vn 0.0453 -0.2532 0.9664
vn 0.0068 -0.6604 -0.7509
vn -0.0689 -0.2812 0.9572
vn 0.3174 0.0045 -0.9483
vn 0.0450 -0.1750 -0.9835
vn 0.4066 0.0147 0.9135
vn 0.8477 -0.1236 0.5159
vn -0.0069 0.0618 -0.9981
vn -0.0068 0.0617 -0.9981
vn 0.2859 -0.3754 0.8817
vn -0.0803 -0.4102 -0.9084
vn -0.2797 -0.1093 -0.9539
vn -0.1521 0.3819 -0.9116
vn -0.2797 -0.1093 -0.9538
vn 0.1051 -0.4114 -0.9054
vn -0.0445 -0.0519 0.9977
vn 0.3794 -0.6146 0.6916
vn 0.2644 0.1079 0.9584
vn -0.3656 -0.1658 -0.9159
vn 0.2083 0.0861 -0.9743
vn 0.4467 -0.5638 -0.6947
vn -0.4594 0.1656 0.8727
vn 0.0824 -0.3594 0.9295
vn 0.1226 -0.3402 -0.9323
vn 0.4246 -0.5637 -0.7085
vn -0.0933 0.3041 0.9480
vn 0.1467 -0.7015 -0.6974
vn 0.1466 -0.7015 -0.6974
vn 0.4275 -0.8139 -0.3935
vn 0.0858 -0.2407 -0.9668
vn 0.4838 -0.5212 -0.7031
vn 0.1226 -0.3403 -0.9323
vn 0.1804 -0.7035 -0.6874
vn 0.1803 -0.7035 -0.6874
vn -0.0378 -0.9472 -0.3183
vn 0.3501 -0.9367 -0.0000
vn 0.1686 -0.6738 -0.7194
vn 0.3589 -0.9317 0.0556
vn 0.5993 -0.7336 0.3202
vn 0.0094 -0.9860 -0.1665
vn 0.3269 -0.9450 -0.0000
vn -0.5038 -0.8036 0.3171
vn -0.0389 -0.7073 0.7059
vn 0.3278 -0.6639 0.6722
vn 0.0453 -0.2531 -0.9664
vn 0.3198 0.3560 -0.8781
vn 0.0069 -0.6643 0.7474
vn -0.0152 -0.9179 0.3966
vn -0.1053 -0.3333 0.9369
vn 0.3714 -0.2475 -0.8949
vn -0.0050 0.3450 -0.9386
vn 0.3966 0.4808 -0.7820
vn -0.0712 -0.7156 0.6948
vn -0.3982 -0.0292 0.9168
vn 0.2331 -0.3508 -0.9070
vn -0.2582 -0.0134 -0.9660
vn -0.0804 -0.4102 0.9085
vn 0.2743 -0.3521 -0.8949
vn 0.6004 -0.1473 -0.7860
vn -0.2798 -0.1094 0.9538
vn -0.1532 0.3847 0.9102
vn 0.5534 -0.7506 -0.3611
vn -0.0444 -0.0519 -0.9977
vn 0.1051 -0.4114 0.9054
vn 0.3795 -0.6146 -0.6916
vn 0.2645 0.1081 -0.9583
vn -0.4593 0.1656 -0.8727
vn 0.0824 -0.3594 -0.9295
vn 0.3102 -0.8744 0.3732
vn 0.0278 -0.9996 -0.0000
vn -0.0794 -0.7156 0.6939
vn 0.0023 -0.9246 -0.3811
vn -0.0994 -0.4680 0.8781
vn -0.3395 0.2593 -0.9041
vn 0.3507 -0.8552 0.3816
vn 0.0628 0.0384 0.9973
vn 0.2519 -0.6644 0.7037
vn -0.5988 0.4518 -0.6614
vn 0.2519 -0.6644 0.7036
vn 0.2529 -0.6723 0.6958
vn -0.0993 -0.4680 -0.8781
vn 0.3507 -0.8552 -0.3816
vn 0.2528 -0.6723 -0.6958
vn 0.2642 -0.3311 -0.9058
vn 0.2642 -0.3311 -0.9059
vn 0.0627 0.0384 -0.9973
vn -0.5988 0.4518 0.6613
vn 0.2519 -0.6643 -0.7037
vn 0.4753 -0.7987 -0.3690
vn 0.5315 -0.5071 -0.6785
vn 0.1625 -0.9163 -0.3659
vn 0.1022 -0.3826 -0.9183
vn 0.4761 -0.7939 -0.3783
vn 0.3915 -0.9202 -0.0000
vn 0.3572 -0.8498 0.3876
vn 0.2448 -0.9696 -0.0000
vn 0.5666 -0.7376 0.3672
vn 0.5500 -0.7196 -0.4239
vn 0.8583 -0.5132 -0.0000
vn 0.8501 -0.4190 0.3192
vn 0.8440 -0.4420 0.3037
vn 0.5376 -0.4904 0.6859
vn -0.3135 0.0350 -0.9489
vn -0.1682 -0.2227 -0.9603
vn 0.3303 -0.4659 -0.8209
vn -0.2705 -0.3420 -0.8999
vn 0.6624 0.0821 0.7446
vn 0.1803 -0.7035 0.6874
vn 0.1804 -0.7035 0.6874
vn -0.2853 -0.5766 0.7656
vn 0.2181 -0.7342 0.6430
vn 0.3962 -0.1814 -0.9000
vn 0.3047 -0.3186 -0.8976
vn -0.2591 -0.1460 -0.9548
vn 0.2264 -0.4389 0.8695
vn 0.4046 -0.8207 -0.4033
vn 0.4046 -0.8207 0.4033
vn 0.5132 -0.7632 -0.3926
vn 0.7962 -0.6051 -0.0000
vn 0.6207 -0.7841 0.0001
vn 0.1981 -0.9296 -0.3108
vn 0.3700 -0.6010 -0.7084
vn 0.3543 -0.6106 -0.7083
vn 0.1981 -0.9296 -0.3107
vn 0.5282 -0.7656 -0.3673
vn 0.3542 -0.6106 -0.7083
vn 0.5372 -0.4200 -0.7314
vn 0.0562 -0.2756 -0.9596
vn -0.4106 0.5949 0.6910
vn -0.0320 -0.3878 -0.9212
vn 0.2600 -0.3059 -0.9159
vn -0.2779 -0.5773 -0.7678
vn -0.1401 0.3514 0.9257
vn 0.2182 -0.7342 -0.6429
vn -0.2778 -0.5773 -0.7678
vn 0.3962 -0.1814 0.9001
vn -0.2592 -0.1460 0.9547
vn 0.3047 -0.3186 0.8976
vn -0.1830 -0.0830 -0.9796
vn 0.2264 -0.4389 -0.8695
vn 0.2520 -0.6644 -0.7036
vn 0.3711 -0.6091 -0.7009
vn 0.6433 -0.7656 -0.0000
vn 0.3710 -0.6091 0.7010
vn 0.1626 -0.9163 0.3659
vn 0.1021 -0.3826 0.9183
vn 0.4775 -0.7962 0.3715
vn 0.3573 -0.8498 -0.3876
vn -0.1539 0.1778 -0.9720
vn 0.0988 -0.7276 0.6788
vn 0.2359 -0.2319 0.9437
vn 0.3149 -0.2692 0.9101
vn -0.1803 -0.1845 -0.9661
vn 0.1326 -0.4266 -0.8947
vn -0.3675 -0.2123 -0.9055
vn 0.5919 -0.1955 0.7819
vn 0.0609 0.0538 0.9967
vn -0.1605 0.2325 0.9593
vn 0.4979 -0.0681 0.8645
vn 0.5282 -0.7655 -0.3674
vn 0.5251 -0.4601 -0.7160
vn 0.5251 -0.4601 -0.7159
vn 0.6891 -0.6863 -0.2324
vn 0.2275 -0.6741 -0.7027
vn 0.5785 -0.6466 -0.4973
vn 0.3700 -0.6010 0.7084
vn 0.0562 -0.2756 0.9596
vn 0.0424 -0.7524 0.6574
vn 0.1803 -0.7036 0.6874
vn -0.4104 0.5950 -0.6911
vn 0.4911 -0.7768 0.3941
vn 0.1358 0.2903 -0.9472
vn -0.4184 -0.8613 -0.2882
vn -0.0794 -0.7156 -0.6940
vn 0.2927 -0.8739 -0.3880
vn 0.3015 -0.8742 -0.3807
vn 0.6570 -0.7539 -0.0000
vn 0.5619 -0.8272 0.0004
vn 0.2356 -0.8947 0.3796
vn -0.2875 0.3263 -0.9005
vn 0.2357 -0.8946 0.3796
vn 0.4247 -0.5637 0.7085
vn 0.4397 -0.5532 0.7075
vn 0.7935 -0.5064 0.3375
vn 0.4275 -0.8139 0.3934
vn 0.1467 -0.7016 0.6973
vn 0.1465 -0.7015 0.6974
vn -0.0932 0.3041 -0.9481
vn 0.0858 -0.2408 0.9668
vn 0.4657 -0.8378 0.2848
vn 0.4838 -0.5212 0.7030
vn -0.0378 -0.9472 0.3183
vn 0.3589 -0.9317 -0.0556
vn 0.5820 -0.7213 0.3755
vn 0.1686 -0.6738 0.7195
vn 0.6485 -0.7612 -0.0000
vn 0.4156 -0.7714 -0.4819
vn 0.7936 -0.5064 -0.3374
vn 0.4398 -0.5532 -0.7075
vn 0.2356 -0.8946 -0.3796
vn 0.4599 -0.8149 -0.3529
vn -0.5037 -0.8036 -0.3171
vn 0.3559 0.8618 0.3615
vn 0.5441 -0.7500 -0.3760
vn -0.4917 0.5130 -0.7036
vn -0.7931 0.5270 -0.3056
vn -0.3320 0.9240 -0.1899
vn -0.0540 0.7055 -0.7067
vn -0.4536 0.6187 -0.6414
vn -0.1641 -0.7091 0.6858
vn -0.2050 0.2516 -0.9459
vn -0.4535 0.6187 -0.6415
vn -0.1565 0.7155 -0.6808
vn 0.3251 -0.8624 0.3880
vn 0.3377 0.8754 -0.3458
vn 0.0226 -0.9555 -0.2943
vn 0.6009 0.3430 -0.7220
vn -0.0539 0.7054 -0.7067
vn 0.0183 0.8152 -0.5788
vn 0.2874 0.9578 -0.0000
vn 0.0083 0.9831 -0.1828
vn 0.3988 -0.9170 -0.0001
vn -0.3081 0.7907 -0.5290
vn 0.3174 -0.8649 -0.3888
vn -0.2366 0.9716 0.0001
vn -0.1251 -0.9921 -0.0000
vn -0.0782 0.9961 0.0397
vn 0.3376 0.8755 0.3458
vn 0.8558 -0.4642 -0.2281
vn 0.8477 -0.1236 -0.5158
vn 0.0424 -0.0031 -0.9991
vn -0.0688 -0.2811 -0.9572
vn 0.2858 -0.3754 -0.8817
vn -0.0056 0.2741 -0.9617
vn 0.0389 -0.8738 -0.4846
vn -0.1642 -0.7091 -0.6858
vn 0.0546 -0.7093 -0.7028
vn -0.1641 -0.7091 -0.6857
vn -0.4535 0.6188 0.6414
vn 0.1920 -0.2849 -0.9391
vn 0.5197 -0.5477 -0.6557
vn 0.3252 -0.8623 -0.3881
vn -0.5994 0.7980 -0.0627
vn 0.4607 -0.8103 -0.3620
vn 0.3568 -0.2791 -0.8915
vn -0.3427 0.8622 0.3730
vn 0.7423 -0.5862 -0.3247
vn -0.7743 -0.1099 -0.6232
vn -0.2067 -0.3290 -0.9214
vn -0.7928 -0.2021 -0.5750
vn -0.8096 -0.1440 -0.5691
vn -0.7927 -0.2022 -0.5751
vn -0.2958 -0.4242 -0.8559
vn -0.5835 -0.5270 -0.6179
vn -0.6123 -0.4754 -0.6317
vn -0.5801 -0.1269 -0.8046
vn -0.5802 -0.1268 -0.8046
vn -0.7275 0.2158 -0.6513
vn 0.8162 0.2647 0.5135
vn -0.2655 -0.1002 -0.9589
vn -0.9456 0.1094 -0.3064
vn -0.7628 0.1879 -0.6187
vn -0.7855 0.0406 -0.6175
vn 0.2275 0.1349 -0.9644
vn 0.6990 -0.6102 -0.3730
vn 0.5624 -0.1451 -0.8140
vn 0.5376 -0.4905 -0.6859
vn 0.0229 0.3964 -0.9178
vn 0.5920 -0.1955 -0.7818
vn 0.2554 0.1849 -0.9490
vn -0.3542 0.6105 -0.7083
vn 0.0221 0.5546 -0.8318
vn -0.0391 0.4976 -0.8665
vn -0.5271 0.4825 -0.6996
vn 0.0787 0.4260 -0.9013
vn 0.6891 -0.6864 0.2324
vn 0.2155 -0.9386 0.2695
vn -0.3414 0.7094 -0.6166
vn 0.2985 0.6094 -0.7346
vn 0.2787 0.9557 -0.0944
vn 0.1226 0.9352 -0.3322
vn -0.4330 -0.8878 0.1560
vn 0.7559 0.3580 -0.5482
vn 0.1930 0.8315 -0.5210
vn 0.0859 -0.9909 0.1036
vn 0.4417 0.7929 -0.4198
vn 0.4219 0.7619 -0.4914
vn 0.2219 0.4262 -0.8770
vn 0.5805 0.5409 -0.6087
vn 0.2864 0.4216 -0.8603
vn 0.0573 0.6917 -0.7199
vn -0.1114 0.8399 -0.5312
vn -0.5437 -0.6609 -0.5174
vn 0.8358 0.3199 -0.4463
vn 0.8781 0.4187 0.2317
vn 0.3940 0.5731 -0.7186
vn 0.6845 0.7233 -0.0916
vn -0.6189 -0.7830 0.0616
vn -0.9972 0.0651 0.0371
vn 0.7391 0.5755 -0.3499
vn 0.9434 0.3064 -0.1267
vn 0.5951 0.3960 -0.6994
vn 0.8072 0.1360 -0.5743
vn -0.1896 0.4890 -0.8514
vn 0.5621 0.1482 -0.8137
vn 0.5854 0.1272 -0.8007
vn 0.8163 0.2647 -0.5135
vn 0.9462 -0.1022 -0.3069
vn 0.6934 -0.2441 -0.6780
vn 0.8072 0.1360 -0.5744
vn 0.9480 -0.0498 -0.3144
vn 0.4528 0.1666 -0.8759
vn -0.9429 0.0874 0.3214
vn -0.9960 -0.0898 -0.0001
vn -0.7137 -0.1715 -0.6792
vn -0.9429 0.0874 -0.3213
vn 0.9050 -0.0628 -0.4207
vn -0.9230 -0.2895 -0.2537
vn 0.9480 -0.0498 0.3144
vn -0.9411 0.3380 -0.0000
vn 0.8996 -0.0858 -0.4282
vn 0.9900 0.1409 0.0001
vn -0.9299 0.3448 -0.1278
vn -0.9504 0.0864 0.2988
vn 0.9365 -0.1651 -0.3093
vn 0.4397 -0.0669 -0.8957
vn 0.8505 -0.4736 -0.2287
vn -0.7486 0.2735 0.6040
vn -0.8112 0.5815 0.0614
vn 0.7621 -0.1950 -0.6174
vn 0.8916 -0.3610 -0.2733
vn 0.1033 0.1295 -0.9862
vn 0.6625 0.0821 -0.7446
vn -0.2323 0.5702 -0.7880
vn 0.3717 0.5561 -0.7434
vn 0.5976 0.1056 -0.7948
vn 0.0391 -0.4976 -0.8665
vn -0.1355 -0.7484 -0.6493
vn 0.2847 -0.7257 -0.6263
vn -0.3990 -0.3539 -0.8459
vn -0.6354 0.7032 0.3190
vn -0.1235 -0.7775 -0.6167
vn 0.3183 -0.7342 -0.5997
vn -0.2026 -0.3591 -0.9111
vn 0.1643 0.9395 0.3005
vn 0.0577 0.9983 0.0001
vn 0.4997 -0.8662 -0.0000
vn -0.0674 0.9760 0.2072
vn -0.3051 -0.7837 -0.5410
vn -0.1462 0.8499 -0.5063
vn 0.2786 0.9557 0.0943
vn 0.0336 -0.9794 -0.1990
vn 0.4015 0.8873 0.2270
vn -0.6621 -0.5857 -0.4675
vn -0.2166 -0.8406 -0.4965
vn -0.3269 0.9450 0.0079
vn -0.4300 -0.7716 -0.4687
vn 0.4245 -0.6346 -0.6459
vn 0.5731 0.7902 0.2172
vn -0.1465 -0.8761 -0.4594
vn -0.6850 0.1684 -0.7088
vn -0.8113 0.4786 -0.3357
vn -0.9525 0.0867 -0.2919
vn 0.8480 -0.4179 0.3261
vn -0.7962 0.6051 0.0001
vn -0.6751 0.4246 -0.6033
vn -0.8881 0.3310 0.3189
vn -0.7785 0.6268 -0.0309
vn 0.6266 -0.6833 -0.3747
vn -0.5578 0.8085 0.1874
vn 0.0988 -0.7276 -0.6788
vn 0.2359 -0.2319 -0.9437
vn 0.4246 -0.5636 -0.7085
vn 0.2357 -0.8947 -0.3795
vn 0.5315 -0.5070 -0.6785
vn 0.0761 -0.3765 -0.9233
vn -0.1415 -0.7624 -0.6314
vn 0.0587 -0.3719 -0.9264
vn 0.3102 -0.8744 -0.3732
vn -0.0711 -0.7156 -0.6949
vn -0.3029 -0.0654 -0.9508
vn -0.1120 -0.3500 -0.9300
vn -0.3672 -0.6729 -0.6422
vn 0.2648 -0.6365 -0.7243
vn -0.1053 -0.3332 -0.9369
vn 0.2648 -0.6365 -0.7244
vn -0.0243 0.9708 0.2385
vn 0.4375 0.7020 0.5620
vn 0.4289 -0.3114 -0.8480
vn -0.0610 -0.0538 -0.9967
vn -0.0389 -0.7072 -0.7059
vn -0.0423 0.0031 -0.9991
vn 0.0068 -0.6603 -0.7509
vn -0.2472 0.4752 -0.8445
vn 0.0435 0.0596 -0.9973
vn -0.0760 0.6750 -0.7339
vn -0.1520 0.3820 -0.9116
vn -0.2622 0.3219 -0.9098
vn 0.6005 -0.1472 0.7860
vn 0.1051 -0.4115 -0.9053
vn 0.2083 0.0860 -0.9743
vn 0.0862 0.0569 -0.9947
vn 0.0038 -0.4073 -0.9133
vn 0.4466 -0.5638 -0.6947
vn 0.1803 -0.7035 -0.6875
vn -0.3582 0.8634 -0.3552
vn -0.4678 0.7950 0.3862
vn -0.0411 0.9702 -0.2387
vn 0.3269 -0.9451 -0.0000
vn 0.4510 0.8925 -0.0000
vn 0.0093 -0.9860 -0.1665
vn -0.5037 -0.8036 0.3170
vn -0.0064 -0.9984 0.0556
vn 0.0153 0.9179 -0.3966
vn 0.0390 0.7072 -0.7059
vn 0.3559 0.8617 -0.3615
vn 0.0389 0.7072 -0.7059
vn 0.8525 0.2758 -0.4440
vn -0.0468 0.4909 -0.8699
vn -0.2450 0.3810 -0.8915
vn 0.3197 0.3560 -0.8781
vn 0.0452 -0.2531 -0.9664
vn -0.0244 0.9708 -0.2384
vn -0.0051 0.3450 -0.9386
vn -0.0759 0.9003 -0.4286
vn 0.2924 0.0718 -0.9536
vn 0.3713 -0.2475 -0.8949
vn 0.5451 0.1383 -0.8269
vn 0.2742 -0.3521 -0.8949
vn 0.5198 -0.5477 -0.6556
vn 0.2642 -0.3310 -0.9059
vn 0.3794 -0.6146 -0.6916
vn 0.2644 0.1079 -0.9583
vn -0.0863 -0.0569 -0.9946
vn 0.0825 -0.3594 -0.9295
vn -0.4235 0.5686 -0.7052
vn -0.5194 0.7465 -0.4159
vn -0.0063 0.7324 -0.6808
vn -0.1417 -0.7624 0.6314
vn 0.0900 0.0180 -0.9958
vn -0.3602 0.5871 -0.7249
vn 0.0621 0.7233 -0.6878
vn -0.2350 0.8835 -0.4053
vn 0.0194 -0.9998 -0.0000
vn 0.1062 0.4744 -0.8739
vn -0.2351 0.8835 -0.4053
vn 0.0023 -0.9245 -0.3811
vn 0.3670 -0.9302 -0.0000
vn -0.3572 -0.9340 -0.0000
vn 0.0112 0.8757 -0.4827
vn -0.2528 0.6722 -0.6959
vn -0.2528 0.6722 -0.6958
vn -0.1217 0.7053 -0.6983
vn -0.4705 0.8305 -0.2983
vn -0.1218 0.7053 -0.6983
vn 0.4929 -0.8701 -0.0000
vn -0.1970 0.2530 -0.9472
vn -0.5989 0.4517 -0.6613
vn 0.2386 -0.3264 -0.9146
vn -0.2572 0.2759 -0.9261
vn 0.2528 -0.6722 -0.6958
vn 0.2519 -0.6644 -0.7036
vn -0.4704 0.8305 0.2983
vn 0.4753 -0.7987 -0.3691
vn 0.4929 -0.8701 0.0001
vn 0.1624 -0.9164 -0.3658
vn 0.1021 -0.3826 -0.9182
vn 0.4762 -0.7939 -0.3782
vn -0.6518 0.7584 0.0001
vn -0.4700 0.8827 -0.0000
vn -0.4714 0.6897 -0.5496
vn 0.6981 -0.6163 -0.3644
vn -0.5452 0.7447 -0.3851
vn 0.8500 -0.4190 0.3193
vn -0.7486 0.2736 -0.6039
vn -0.5532 0.1385 -0.8215
vn -0.7628 0.1880 -0.6187
vn -0.5531 0.1384 -0.8215
vn -0.2465 -0.1919 -0.9500
vn -0.1681 -0.2227 -0.9603
vn -0.2705 -0.3421 -0.8999
vn 0.3304 -0.4658 -0.8209
vn -0.6591 0.0869 -0.7471
vn -0.1803 0.7035 -0.6875
vn -0.3562 0.8472 -0.3942
vn 0.3963 -0.1815 -0.9000
vn -0.1912 0.4265 -0.8841
vn -0.2591 -0.1460 -0.9547
vn -0.0793 0.9308 0.3569
vn 0.5133 -0.7632 -0.3926
vn -0.0949 0.9955 0.0001
vn 0.3701 -0.6010 -0.7084
vn -0.3826 0.8595 0.3390
vn 0.4046 -0.8207 -0.4034
vn 0.5372 -0.4199 -0.7315
vn 0.0562 -0.2757 -0.9596
vn 0.0423 -0.7524 -0.6574
vn -0.0320 -0.3877 -0.9212
vn 0.3542 -0.6105 -0.7083
vn -0.2175 -0.1494 -0.9646
vn 0.2265 -0.4389 -0.8695
vn 0.3670 -0.9302 0.0001
vn -0.4315 0.7681 -0.4731
vn -0.6995 0.7146 -0.0000
vn 0.3710 -0.6091 -0.7009
vn 0.6433 -0.7656 0.0001
vn 0.1625 -0.9163 0.3659
vn 0.3572 -0.8498 -0.3876
vn 0.4776 -0.7962 0.3715
vn -0.5175 0.5184 -0.6808
vn -0.2851 0.3036 -0.9092
vn -0.5578 0.8085 -0.1874
vn -0.3091 0.6493 -0.6949
vn -0.1804 -0.1846 -0.9661
vn 0.1325 -0.4266 -0.8947
vn -0.5597 0.3245 -0.7626
vn -0.0894 0.0450 -0.9950
vn -0.2828 -0.1564 -0.9463
vn 0.2651 -0.1898 -0.9453
vn 0.3804 -0.6225 -0.6839
vn 0.2754 -0.7242 -0.6321
vn -0.6049 0.7738 0.1879
vn 0.6891 -0.6863 -0.2325
vn -0.0953 0.8476 0.5220
vn -0.6018 0.6927 -0.3975
vn -0.5962 0.7100 0.3747
vn 0.2276 -0.6741 -0.7027
vn -0.3368 0.8922 0.3008
vn 0.8028 -0.5963 -0.0000
vn -0.2861 0.9582 -0.0000
vn 0.4930 -0.8701 0.0001
vn 0.5785 -0.6466 -0.4972
vn -0.2056 0.4079 -0.8896
vn -0.3543 0.6105 -0.7083
vn -0.4131 0.8202 -0.3957
vn -0.4616 0.8836 -0.0789
vn 0.1358 0.2903 -0.9473
vn -0.0811 0.9474 -0.3097
vn 0.3727 -0.8396 -0.3952
vn -0.2350 0.8835 0.4052
vn 0.2682 0.9102 0.3157
vn 0.3015 -0.8742 -0.3806
vn -0.4929 0.8701 -0.0000
vn -0.0578 -0.9983 0.0001
vn -0.2185 0.6680 -0.7114
vn -0.1201 0.9928 -0.0000
vn -0.2873 0.3264 -0.9005
vn 0.5829 -0.8126 -0.0001
vn -0.4275 0.8139 -0.3935
vn -0.4565 0.8433 -0.2837
vn 0.0475 0.7746 -0.6307
vn -0.4678 0.7950 -0.3862
vn 0.3590 -0.9317 -0.0555
vn -0.0488 0.4344 -0.8994
vn -0.0793 0.9308 -0.3568
vn -0.4080 0.7857 -0.4649
vn 0.4156 -0.7714 -0.4820
vn 0.2861 -0.9582 0.0001
vn 0.4398 -0.5533 -0.7075
vn -0.3648 0.8470 0.3868
vt 34.104198 -25.029699
vt 34.061100 -25.062700
vt 34.108601 -25.035900
vt 33.937599 -25.084101
vt 34.065201 -25.091000
vt 34.062401 -25.084101
vt 34.064301 -25.081699
vt 34.111301 -25.034700
vt 34.105999 -25.029400
vt 34.148499 -24.997400
vt 34.153999 -25.002600
vt 34.069500 -25.087200
vt 34.157501 -24.998800
vt 34.150501 -24.995800
vt 34.062199 -24.771200
vt 34.090900 -24.846399
vt 34.067799 -24.766300
vt 34.104599 -24.819599
vt 34.153999 -24.864100
vt 34.109901 -24.814199
vt 34.148602 -24.869200
vt 34.065300 -24.776100
vt 33.934700 -24.776100
vt 34.062302 -24.783001
vt 33.937698 -24.783001
vt 33.849499 -24.871201
vt 33.851398 -24.869200
vt 33.895401 -24.819599
vt 33.846001 -24.864100
vt 33.890099 -24.814199
vt 33.842499 -24.868299
vt 33.849499 -24.995800
vt 33.932201 -24.766300
vt 33.909100 -24.846399
vt 33.937801 -24.771200
vt 34.010399 -25.219601
vt 34.005199 -25.222099
vt 34.011600 -25.220900
vt 34.006001 -25.220100
vt 34.016701 -25.193501
vt 34.010899 -25.219400
vt 34.006001 -25.217199
vt 34.004799 -25.217100
vt 34.021000 -25.183001
vt 34.013802 -25.217100
vt 34.043999 -25.163500
vt 34.041901 -25.166800
vt 34.019699 -25.218599
vt 34.021801 -25.183901
vt 34.021702 -25.180300
vt 34.042801 -25.162701
vt 34.039902 -25.104401
vt 34.041199 -25.099199
vt 33.919102 -25.064800
vt 33.932598 -24.998699
vt 33.926800 -24.995800
vt 33.925999 -25.066401
vt 33.933201 -24.997299
vt 33.926800 -25.068600
vt 33.934200 -25.000601
vt 33.919601 -25.070400
vt 33.931999 -25.129400
vt 33.926800 -25.069901
vt 33.939201 -25.128201
vt 33.933399 -25.133301
vt 33.954300 -25.183599
vt 33.940601 -25.131201
vt 33.947300 -25.186501
vt 33.951302 -25.191500
vt 33.977501 -25.206699
vt 33.956501 -25.186300
vt 33.972599 -25.212299
vt 33.998600 -25.228201
vt 33.994499 -25.235201
vt 33.997601 -25.235500
vt 33.990898 -25.233700
vt 33.993999 -25.226801
vt 33.989601 -25.226400
vt 33.986500 -25.233200
vt 33.993999 -25.233601
vt 33.996601 -25.227100
vt 33.993500 -25.226000
vt 33.990398 -25.231701
vt 33.988400 -25.226200
vt 33.991501 -25.223499
vt 33.988400 -25.224701
vt 33.987000 -25.228500
vt 33.988400 -25.221300
vt 33.982700 -25.226000
vt 33.976002 -25.203400
vt 33.969501 -25.206499
vt 33.992699 -25.225000
vt 33.996601 -25.225599
vt 33.993401 -25.223900
vt 33.991798 -25.227501
vt 33.994202 -25.223101
vt 33.994801 -25.222099
vt 34.000000 -25.227699
vt 33.988400 -25.220900
vt 33.991299 -25.222500
vt 33.998600 -25.224501
vt 33.996601 -25.221701
vt 34.000000 -25.220900
vt 34.001400 -25.224501
vt 34.003399 -25.221701
vt 34.003601 -25.219601
vt 34.001801 -25.221300
vt 33.998199 -25.221300
vt 33.996399 -25.219601
vt 33.995201 -25.217100
vt 34.000000 -25.218700
vt 33.989601 -25.219601
vt 33.993999 -25.220100
vt 33.993999 -25.217199
vt 33.983299 -25.193501
vt 33.989101 -25.219400
vt 33.979000 -25.183001
vt 33.986198 -25.217100
vt 33.978199 -25.183901
vt 33.980301 -25.218599
vt 33.956001 -25.163500
vt 33.958099 -25.166800
vt 33.978298 -25.180300
vt 33.957199 -25.162701
vt 33.960098 -25.104401
vt 33.958801 -25.099199
vt 33.981998 -25.148199
vt 33.982899 -25.152300
vt 33.980598 -25.182699
vt 33.994301 -25.212500
vt 33.998299 -25.178301
vt 34.000000 -25.177900
vt 34.000000 -25.189501
vt 33.996899 -25.216499
vt 34.003101 -25.216499
vt 34.005699 -25.212500
vt 34.019402 -25.182699
vt 34.017101 -25.152300
vt 34.018002 -25.148199
vt 34.001701 -25.178301
vt 34.000000 -25.175100
vt 34.016399 -25.148100
vt 34.000000 -25.092501
vt 34.000000 -25.086901
vt 33.983601 -25.148100
vt 33.981602 -25.144400
vt 33.998501 -25.087299
vt 33.970501 -25.036699
vt 33.969898 -25.033001
vt 33.960300 -25.098900
vt 33.963699 -25.031000
vt 33.953602 -25.094200
vt 33.968899 -25.033899
vt 33.958302 -25.096701
vt 33.927898 -25.067801
vt 33.928001 -25.071501
vt 33.948399 -25.159300
vt 33.958099 -25.100201
vt 33.952599 -25.098600
vt 33.955002 -25.160299
vt 33.949100 -25.166401
vt 33.962101 -25.195900
vt 33.956100 -25.164200
vt 33.968800 -25.193199
vt 33.964001 -25.199900
vt 33.986301 -25.223600
vt 33.970402 -25.196400
vt 33.980099 -25.228001
vt 34.013699 -25.223600
vt 34.035999 -25.199900
vt 34.029598 -25.196400
vt 34.019901 -25.228001
vt 34.010399 -25.226400
vt 34.009102 -25.233700
vt 34.013500 -25.233200
vt 34.006001 -25.226801
vt 34.001400 -25.228201
vt 34.002399 -25.235500
vt 34.005501 -25.235201
vt 34.006001 -25.233601
vt 34.006500 -25.226000
vt 34.003399 -25.227100
vt 34.009602 -25.231701
vt 34.008499 -25.223499
vt 34.011600 -25.226200
vt 34.011600 -25.224701
vt 34.013000 -25.228500
vt 34.011600 -25.221300
vt 34.017300 -25.226000
vt 34.023998 -25.203400
vt 34.030499 -25.206499
vt 34.003399 -25.225599
vt 34.007301 -25.225000
vt 34.006599 -25.223900
vt 34.008202 -25.227501
vt 34.005798 -25.223101
vt 34.008701 -25.222500
vt 34.018398 -25.144400
vt 34.039700 -25.098900
vt 34.029499 -25.036699
vt 34.030102 -25.033001
vt 34.001499 -25.087299
vt 34.028500 -25.033100
vt 34.000000 -25.084101
vt 34.000000 -24.977200
vt 34.000000 -24.973499
vt 33.971500 -25.033100
vt 33.953201 -24.924000
vt 33.998402 -24.974100
vt 33.934898 -24.996799
vt 33.927898 -24.991899
vt 33.951698 -24.922899
vt 33.946098 -24.918501
vt 33.933102 -24.995899
vt 34.092602 -25.000700
vt 34.074600 -25.059500
vt 34.099300 -25.004400
vt 34.145901 -24.978100
vt 34.093498 -25.026699
vt 34.151501 -24.983101
vt 34.088299 -25.021400
vt 34.112598 -25.031900
vt 34.147499 -24.976999
vt 34.106499 -25.027500
vt 34.157501 -24.868299
vt 34.150501 -24.871201
vt 34.147301 -24.857500
vt 34.130299 -24.935301
vt 34.154701 -24.857500
vt 34.123100 -24.935301
vt 34.103298 -24.993900
vt 34.113499 -25.063101
vt 34.110802 -24.994499
vt 34.120399 -25.065100
vt 34.068001 -25.113100
vt 34.117901 -25.070400
vt 34.112499 -25.065399
vt 34.073200 -25.118500
vt 33.934799 -25.091000
vt 33.891399 -25.035900
vt 33.938900 -25.062700
vt 33.895802 -25.029699
vt 33.842499 -24.998800
vt 33.935699 -25.081699
vt 33.888699 -25.034700
vt 33.930500 -25.087200
vt 33.894001 -25.029400
vt 33.846001 -25.002600
vt 33.851501 -24.997400
vt 33.852501 -24.976999
vt 33.887402 -25.031900
vt 33.893501 -25.027500
vt 33.848499 -24.983101
vt 33.906502 -25.026699
vt 33.854099 -24.978100
vt 33.911701 -25.021400
vt 33.852699 -24.857500
vt 33.869701 -24.935301
vt 33.876900 -24.935301
vt 33.845299 -24.857500
vt 33.889198 -24.994499
vt 33.886501 -25.063101
vt 33.896702 -24.993900
vt 33.879601 -25.065100
vt 33.900700 -25.004400
vt 33.925400 -25.059500
vt 33.907398 -25.000700
vt 33.909401 -25.028099
vt 33.960701 -25.052401
vt 33.913700 -25.021999
vt 34.079399 -24.922600
vt 34.113499 -24.979700
vt 34.120399 -24.976500
vt 34.073502 -24.927200
vt 33.886501 -24.979700
vt 33.920601 -24.922600
vt 33.879601 -24.976500
vt 33.926498 -24.927200
vt 34.046799 -24.924000
vt 34.001598 -24.974100
vt 34.066799 -24.997299
vt 34.065102 -24.996799
vt 34.073200 -25.068600
vt 34.065800 -25.000601
vt 34.041698 -25.096701
vt 34.072102 -25.067801
vt 34.031101 -25.033899
vt 34.046398 -25.094200
vt 34.036301 -25.031000
vt 34.071999 -25.071501
vt 34.041901 -25.100201
vt 34.051601 -25.159300
vt 34.047401 -25.098600
vt 34.044998 -25.160299
vt 34.043900 -25.164200
vt 34.037899 -25.195900
vt 34.050900 -25.166401
vt 34.031200 -25.193199
vt 33.924801 -25.118500
vt 33.898300 -25.058599
vt 33.917999 -25.121799
vt 33.905602 -25.056700
vt 33.886200 -24.982401
vt 33.897301 -25.054701
vt 33.904701 -25.054001
vt 33.878700 -24.982700
vt 34.019100 -25.200701
vt 34.046799 -25.169100
vt 34.042400 -25.163500
vt 34.049801 -25.167101
vt 34.079102 -25.125299
vt 34.044498 -25.161900
vt 34.073002 -25.120701
vt 34.082001 -25.121799
vt 34.101700 -25.058599
vt 34.075199 -25.118500
vt 34.094398 -25.056700
vt 34.102699 -25.054701
vt 34.113800 -24.982401
vt 34.095299 -25.054001
vt 34.121300 -24.982700
vt 34.048302 -24.922899
vt 34.072102 -24.991899
vt 34.053902 -24.918501
vt 34.066898 -24.995899
vt 34.067402 -24.998699
vt 34.080898 -25.064800
vt 34.073200 -24.995800
vt 34.074001 -25.066401
vt 34.073200 -25.069901
vt 34.068001 -25.129400
vt 34.080399 -25.070400
vt 34.060799 -25.128201
vt 34.059399 -25.131201
vt 34.045700 -25.183599
vt 34.066601 -25.133301
vt 34.052700 -25.186501
vt 34.022499 -25.206699
vt 34.048698 -25.191500
vt 34.043499 -25.186300
vt 34.027401 -25.212299
vt 33.953201 -25.169100
vt 33.980900 -25.200701
vt 33.957600 -25.163500
vt 33.955502 -25.161900
vt 33.920898 -25.125299
vt 33.950199 -25.167101
vt 33.926998 -25.120701
vt 34.086300 -25.021999
vt 34.039299 -25.052401
vt 34.090599 -25.028099
vt 33.882099 -25.070400
vt 33.931999 -25.113100
vt 33.887501 -25.065399
vt 33.926800 -25.118500
vt 33.775101 -25.061100
vt 33.704201 -25.000000
vt 33.703999 -25.001600
vt 33.634201 -25.062300
vt 33.706402 -25.105900
vt 33.706402 -25.104200
vt 33.777302 -25.060900
vt 33.631901 -25.062401
vt 33.631901 -24.937599
vt 33.634201 -24.937700
vt 33.634800 -25.064301
vt 33.703701 -25.106001
vt 33.632301 -25.150499
vt 33.634899 -25.148500
vt 33.989300 -25.041500
vt 34.069599 -25.078400
vt 34.073002 -25.078100
vt 33.887199 -25.090700
vt 33.986401 -25.041901
vt 33.887600 -25.088400
vt 33.814301 -25.063299
vt 33.983101 -25.039200
vt 33.884201 -25.084000
vt 33.893799 -25.000000
vt 33.893799 -25.002501
vt 33.809101 -25.063801
vt 33.798500 -25.146200
vt 33.884102 -25.090900
vt 33.881001 -25.086000
vt 33.800098 -25.151100
vt 33.799702 -25.154200
vt 33.720600 -25.109501
vt 33.717499 -25.109900
vt 33.808899 -25.067801
vt 33.804001 -25.063801
vt 33.717300 -25.107401
vt 33.635799 -25.065201
vt 33.719700 -25.000000
vt 33.719601 -25.002701
vt 33.632599 -25.065300
vt 33.714802 -25.109900
vt 33.633900 -25.069099
vt 33.633801 -25.153999
vt 33.633801 -24.939899
vt 33.632599 -24.934700
vt 33.633801 -25.060101
vt 33.716900 -25.000000
vt 33.635799 -24.934799
vt 33.719601 -24.997299
vt 33.804001 -24.936199
vt 33.809101 -24.936199
vt 33.722900 -25.000000
vt 33.809200 -25.058701
vt 33.890598 -25.000000
vt 33.809200 -24.941299
vt 33.717499 -24.890100
vt 33.717300 -24.892599
vt 33.633801 -24.846001
vt 33.633900 -24.930901
vt 33.714802 -24.890100
vt 33.709702 -24.843599
vt 33.635201 -24.849501
vt 33.709202 -24.851101
vt 33.633900 -24.842100
vt 33.635899 -24.842600
vt 33.711800 -24.851900
vt 33.712002 -24.844400
vt 33.795101 -24.845699
vt 33.799702 -24.845800
vt 33.795898 -24.852600
vt 33.635101 -24.849501
vt 33.720600 -24.890499
vt 33.884102 -24.909100
vt 33.887199 -24.909300
vt 33.798500 -24.853800
vt 33.800098 -24.848900
vt 33.881001 -24.914000
vt 33.808899 -24.932199
vt 33.884201 -24.916000
vt 33.983101 -24.960800
vt 33.887600 -24.911600
vt 33.814301 -24.936701
vt 33.986401 -24.958099
vt 33.893799 -24.997499
vt 34.355999 -25.010401
vt 34.362499 -25.009300
vt 34.356499 -25.006001
vt 34.362598 -25.013700
vt 34.335098 -25.029400
vt 34.358200 -25.019699
vt 34.353699 -25.013800
vt 34.355301 -25.026199
vt 34.335499 -25.042801
vt 34.341499 -25.047300
vt 34.349300 -25.021700
vt 34.269199 -24.926001
vt 34.186600 -24.898300
vt 34.184502 -24.905600
vt 34.271801 -24.919100
vt 34.239601 -24.925900
vt 34.286301 -24.931999
vt 34.241299 -24.918600
vt 34.284100 -24.939199
vt 34.260300 -24.955700
vt 34.302898 -24.947300
vt 34.258701 -24.949699
vt 34.303501 -24.954300
vt 34.262501 -24.957399
vt 34.306000 -24.955299
vt 34.258999 -24.956100
vt 34.304901 -24.956499
vt 34.314201 -24.977501
vt 34.316399 -24.978300
vt 34.288399 -24.982000
vt 34.285099 -24.981300
vt 34.309101 -25.000000
vt 34.309700 -24.998400
vt 34.338001 -24.994400
vt 34.341702 -24.995199
vt 34.315899 -24.979900
vt 34.347301 -24.988400
vt 34.325001 -24.982800
vt 34.348301 -24.994900
vt 34.342300 -24.993900
vt 34.344398 -24.986300
vt 34.344799 -24.996401
vt 34.346600 -25.000000
vt 34.347198 -24.998199
vt 34.351002 -24.998600
vt 34.355000 -25.000000
vt 34.347801 -24.996700
vt 34.345901 -24.989599
vt 34.346600 -24.993999
vt 34.349098 -24.991301
vt 34.349800 -24.994101
vt 34.352699 -24.996599
vt 34.351101 -24.993500
vt 34.352600 -24.992701
vt 34.355000 -24.996599
vt 34.354801 -24.987000
vt 34.348400 -24.988400
vt 34.351501 -24.991501
vt 34.352100 -24.982700
vt 34.353500 -24.988400
vt 34.355301 -24.988400
vt 34.355099 -24.991301
vt 34.354099 -24.993401
vt 34.356800 -24.994801
vt 34.355400 -24.994200
vt 34.356602 -25.001400
vt 34.363201 -25.005699
vt 34.362801 -25.002501
vt 34.356602 -24.998600
vt 34.362801 -24.997499
vt 34.363201 -24.994301
vt 34.355999 -24.989599
vt 34.362499 -24.990700
vt 34.362598 -24.986300
vt 34.356499 -24.993999
vt 34.358200 -24.980301
vt 34.335098 -24.970600
vt 34.353699 -24.986200
vt 34.335499 -24.957199
vt 34.355301 -24.973801
vt 34.341499 -24.952801
vt 34.349300 -24.978300
vt 34.365799 -25.000000
vt 34.360600 -24.996901
vt 34.358501 -25.000000
vt 34.360600 -25.003099
vt 34.272301 -24.927900
vt 34.310001 -24.958300
vt 34.277302 -24.923201
vt 34.315399 -24.953600
vt 34.332600 -24.955000
vt 34.290100 -24.933701
vt 34.287601 -24.940800
vt 34.336300 -24.948500
vt 34.307098 -24.955500
vt 34.334499 -24.962099
vt 34.309101 -24.948400
vt 34.332100 -24.968800
vt 34.308601 -24.957199
vt 34.344799 -24.980101
vt 34.317799 -24.977699
vt 34.308601 -25.042801
vt 34.316399 -25.021700
vt 34.306000 -25.044701
vt 34.344398 -25.013700
vt 34.317799 -25.022301
vt 34.344799 -25.019899
vt 34.347301 -25.011600
vt 34.325001 -25.017200
vt 34.345901 -25.010401
vt 34.346600 -25.006001
vt 34.348301 -25.005100
vt 34.342300 -25.006100
vt 34.341702 -25.004801
vt 34.344501 -25.000000
vt 34.341301 -25.003099
vt 34.319199 -25.000000
vt 34.341301 -24.996901
vt 34.344799 -25.003599
vt 34.347198 -25.001801
vt 34.347801 -25.003300
vt 34.351002 -25.001400
vt 34.352699 -25.003401
vt 34.349800 -25.005899
vt 34.349098 -25.008699
vt 34.351101 -25.006500
vt 34.352600 -25.007299
vt 34.348400 -25.011600
vt 34.354801 -25.013000
vt 34.351501 -25.008499
vt 34.352100 -25.017300
vt 34.353500 -25.011600
vt 34.355301 -25.011600
vt 34.355099 -25.008699
vt 34.354099 -25.006599
vt 34.355000 -25.003401
vt 34.356800 -25.005199
vt 34.355400 -25.005800
vt 34.238201 -25.000000
vt 34.300400 -25.032499
vt 34.300301 -25.027901
vt 34.300301 -24.972099
vt 34.300400 -24.967501
vt 34.235001 -25.000000
vt 34.296600 -24.966801
vt 34.234798 -24.997499
vt 34.181702 -24.950399
vt 34.177502 -24.950001
vt 34.220600 -24.927999
vt 34.221199 -24.930401
vt 34.216801 -24.934900
vt 34.292000 -24.969700
vt 34.076302 -24.922001
vt 34.175900 -24.946100
vt 34.146099 -24.882299
vt 34.213600 -24.933100
vt 34.217602 -24.927900
vt 34.143299 -24.887300
vt 34.144699 -24.879101
vt 34.014400 -25.074301
vt 33.930901 -25.038900
vt 34.010799 -25.074600
vt 33.931198 -25.040001
vt 34.008999 -25.079901
vt 33.857498 -25.087700
vt 33.853600 -25.087900
vt 33.947201 -25.093800
vt 33.946800 -25.092600
vt 33.943699 -25.094801
vt 33.855400 -25.094299
vt 33.944801 -25.101700
vt 33.854099 -25.088400
vt 33.788601 -25.146500
vt 33.791000 -25.153000
vt 33.850899 -25.088301
vt 33.785801 -25.147301
vt 33.785702 -25.145901
vt 33.709301 -25.105600
vt 33.634602 -25.150499
vt 33.706200 -25.106501
vt 33.707001 -25.112600
vt 33.783501 -25.147499
vt 33.783100 -25.154499
vt 33.636101 -25.157301
vt 33.785999 -25.147200
vt 33.715099 -25.156000
vt 33.787201 -25.154699
vt 33.868301 -25.130301
vt 33.633900 -25.157900
vt 33.709702 -25.156401
vt 33.635201 -25.150499
vt 33.709202 -25.148899
vt 33.635899 -25.157400
vt 33.711800 -25.148100
vt 33.635101 -25.150499
vt 33.712002 -25.155600
vt 33.795898 -25.147400
vt 33.795101 -25.154301
vt 33.714901 -25.148399
vt 33.866001 -25.123100
vt 33.804501 -25.152901
vt 33.869400 -25.121799
vt 33.801201 -25.146400
vt 33.871799 -25.129000
vt 33.966801 -25.094700
vt 33.969200 -25.101400
vt 33.971802 -25.100500
vt 33.947601 -25.093700
vt 33.873001 -25.122101
vt 33.947701 -25.101000
vt 34.039600 -25.104300
vt 33.874401 -25.129499
vt 34.039600 -25.111900
vt 34.012501 -25.080900
vt 34.096199 -25.113501
vt 34.014900 -25.074900
vt 34.093899 -25.120399
vt 34.099098 -25.113899
vt 34.017399 -25.074200
vt 34.098499 -25.112499
vt 34.067001 -25.053499
vt 34.147400 -25.068001
vt 34.068699 -25.048100
vt 34.146702 -25.073200
vt 34.150299 -25.067801
vt 34.068199 -25.047100
vt 34.071301 -25.046801
vt 34.136299 -25.000000
vt 34.136700 -25.001499
vt 34.150101 -25.066299
vt 33.634602 -24.940399
vt 33.634602 -25.059601
vt 33.701401 -25.000000
vt 33.703999 -24.998400
vt 33.775101 -24.938900
vt 33.706402 -24.894100
vt 33.706402 -24.895800
vt 33.777302 -24.939100
vt 33.707001 -25.000000
vt 33.634800 -24.935699
vt 33.703701 -24.893999
vt 33.632301 -24.849501
vt 33.634899 -24.851500
vt 33.634602 -24.849501
vt 33.707001 -24.887400
vt 33.706200 -24.893499
vt 33.636101 -24.842699
vt 33.783100 -24.845501
vt 33.783501 -24.852501
vt 33.709301 -24.894400
vt 33.785801 -24.852699
vt 33.785702 -24.854099
vt 33.850899 -24.911699
vt 33.853600 -24.912100
vt 33.943699 -24.905199
vt 33.855400 -24.905701
vt 33.854099 -24.911600
vt 33.788601 -24.853500
vt 33.791000 -24.847000
vt 33.944801 -24.898300
vt 33.947201 -24.906200
vt 33.785999 -24.852800
vt 33.868301 -24.869699
vt 33.787201 -24.845301
vt 33.715099 -24.844000
vt 33.866001 -24.876900
vt 33.714901 -24.851601
vt 33.801201 -24.853600
vt 33.869400 -24.878201
vt 33.804501 -24.847099
vt 33.966801 -24.905300
vt 33.871799 -24.871000
vt 33.969200 -24.898600
vt 33.971802 -24.899500
vt 33.947701 -24.899000
vt 33.873001 -24.877899
vt 33.947601 -24.906300
vt 34.039600 -24.895700
vt 33.874401 -24.870501
vt 34.039600 -24.888100
vt 34.096199 -24.886499
vt 34.012501 -24.919100
vt 34.014900 -24.925100
vt 34.093899 -24.879601
vt 33.857498 -24.912300
vt 33.946800 -24.907400
vt 34.008999 -24.920099
vt 33.931198 -24.959999
vt 34.010799 -24.925400
vt 33.930901 -24.961100
vt 34.014400 -24.925699
vt 33.927399 -24.960699
vt 33.853500 -24.913700
vt 33.779999 -24.939301
vt 33.847198 -25.000000
vt 33.847401 -24.998501
vt 33.777302 -24.940800
vt 33.844501 -25.000000
vt 33.777302 -25.059200
vt 34.043400 -25.110701
vt 34.139702 -25.113501
vt 34.043800 -25.103300
vt 34.139500 -25.120399
vt 33.974800 -25.101000
vt 33.974098 -25.094000
vt 34.144699 -25.120899
vt 33.972301 -25.098900
vt 34.067799 -25.073000
vt 33.970501 -25.092501
vt 33.888199 -25.085199
vt 33.890999 -25.090599
vt 33.988701 -25.043699
vt 34.139500 -24.879601
vt 34.043400 -24.889299
vt 34.139702 -24.886499
vt 34.043800 -24.896700
vt 33.974800 -24.899000
vt 33.974098 -24.906000
vt 34.073002 -24.921900
vt 33.972301 -24.901100
vt 33.888199 -24.914801
vt 33.970501 -24.907499
vt 34.067799 -24.927000
vt 34.069599 -24.921600
vt 33.890999 -24.909401
vt 33.989300 -24.958500
vt 33.988701 -24.956301
vt 34.085400 -25.000000
vt 33.992802 -24.958200
vt 34.073299 -24.924200
vt 34.171799 -24.950199
vt 34.084999 -24.997499
vt 34.177502 -25.049999
vt 34.231899 -25.000000
vt 34.177399 -25.045000
vt 34.088799 -25.000000
vt 34.177399 -24.955000
vt 34.181702 -25.049601
vt 34.296600 -25.033199
vt 34.234798 -25.002501
vt 34.220600 -25.072001
vt 34.221199 -25.069599
vt 34.292000 -25.030300
vt 34.216801 -25.065100
vt 34.277302 -25.076799
vt 34.310001 -25.041700
vt 34.272301 -25.072100
vt 34.315399 -25.046400
vt 34.290100 -25.066299
vt 34.332600 -25.045000
vt 34.287601 -25.059200
vt 34.336300 -25.051500
vt 34.334499 -25.037901
vt 34.307098 -25.044600
vt 34.309101 -25.051600
vt 34.332100 -25.031200
vt 34.235901 -24.924801
vt 34.150799 -24.925800
vt 34.151100 -24.931601
vt 34.235802 -24.917999
vt 34.182400 -24.897301
vt 34.099701 -24.886299
vt 34.180801 -24.904699
vt 34.100300 -24.878799
vt 34.211399 -25.031601
vt 34.214802 -25.031099
vt 34.140400 -25.000000
vt 34.214802 -24.968901
vt 34.214600 -25.029499
vt 34.214600 -24.970501
vt 34.244499 -25.000000
vt 34.247101 -25.000000
vt 34.217499 -24.969101
vt 34.217499 -25.030899
vt 34.247601 -25.001499
vt 34.258598 -25.042400
vt 34.258999 -25.043900
vt 34.256500 -25.044500
vt 34.215302 -25.032101
vt 34.255100 -25.049801
vt 34.154400 -25.067101
vt 34.238899 -25.074200
vt 34.237999 -25.073000
vt 34.150799 -25.074200
vt 34.235901 -25.075199
vt 34.151100 -25.068399
vt 34.235802 -25.082001
vt 34.100300 -25.121201
vt 34.182400 -25.102699
vt 34.099701 -25.113701
vt 34.180801 -25.095301
vt 33.897800 -25.000000
vt 33.989300 -25.038900
vt 34.081902 -25.000000
vt 33.989300 -24.961100
vt 33.992802 -25.041800
vt 34.073299 -25.075800
vt 34.171799 -25.049801
vt 34.084999 -25.002501
vt 34.076302 -25.077999
vt 34.175900 -25.053900
vt 34.213600 -25.066900
vt 34.146099 -25.117701
vt 34.217602 -25.072100
vt 34.143299 -25.112700
vt 34.186600 -25.101700
vt 34.269199 -25.073999
vt 34.184502 -25.094400
vt 34.271801 -25.080900
vt 34.241299 -25.081400
vt 34.286301 -25.068001
vt 34.239601 -25.074100
vt 34.284100 -25.060801
vt 34.258701 -25.050301
vt 34.302898 -25.052700
vt 34.260300 -25.044300
vt 34.303501 -25.045700
vt 34.262501 -25.042601
vt 34.285099 -25.018700
vt 34.282600 -25.019100
vt 34.304901 -25.043501
vt 34.314201 -25.022499
vt 34.288399 -25.018000
vt 34.315899 -25.020100
vt 34.338001 -25.005600
vt 34.309700 -25.001600
vt 34.306702 -25.000000
vt 34.285000 -25.017099
vt 34.250702 -25.000000
vt 34.285000 -24.982901
vt 34.282600 -24.980900
vt 34.247601 -24.998501
vt 34.258598 -24.957600
vt 34.255100 -24.950199
vt 34.215302 -24.967899
vt 34.256500 -24.955500
vt 34.150299 -24.932199
vt 34.154400 -24.932899
vt 34.238899 -24.925800
vt 34.237999 -24.927000
vt 33.779999 -25.060699
vt 33.847401 -25.001499
vt 33.927399 -25.039301
vt 33.853500 -25.086300
vt 33.930901 -25.037300
vt 33.851002 -25.000000
vt 33.998699 -25.000000
vt 33.930901 -24.962700
vt 34.002300 -25.000000
vt 33.934299 -24.960899
vt 34.014198 -24.927299
vt 34.065601 -24.952999
vt 34.002499 -24.998400
vt 34.068199 -24.952900
vt 34.017399 -24.925800
vt 34.099098 -24.886101
vt 34.098499 -24.887501
vt 34.147400 -24.931999
vt 34.067001 -24.946501
vt 34.068699 -24.951900
vt 34.146702 -24.926800
vt 34.071301 -24.953199
vt 34.150101 -24.933701
vt 34.211399 -24.968399
vt 34.136700 -24.998501
vt 34.133400 -25.000000
vt 34.068298 -24.954599
vt 34.005299 -25.000000
vt 34.068298 -25.045401
vt 34.065601 -25.047001
vt 34.002499 -25.001600
vt 33.934299 -25.039101
vt 34.014198 -25.072701
vt 34.224998 -25.069799
vt 34.292702 -25.035900
vt 34.224899 -25.062700
vt 34.365799 -25.083799
vt 34.363701 -25.090500
vt 34.293598 -25.029100
vt 34.222698 -25.062500
vt 34.368099 -25.084101
vt 34.365200 -25.081699
vt 34.365101 -24.997400
vt 34.296299 -25.029400
vt 34.367699 -24.995800
vt 34.016899 -24.871500
vt 34.112400 -24.846201
vt 34.013599 -24.865200
vt 34.115799 -24.851400
vt 34.189701 -24.771400
vt 34.185699 -24.765600
vt 34.013500 -24.873400
vt 34.116001 -24.851999
vt 34.118999 -24.851299
vt 34.192501 -24.769800
vt 34.282398 -24.819401
vt 34.279400 -24.819799
vt 34.199902 -24.849001
vt 34.201500 -24.854601
vt 34.279400 -24.814400
vt 34.192600 -24.771200
vt 34.282700 -24.812700
vt 34.195000 -24.770000
vt 34.282501 -24.818701
vt 34.364700 -24.782900
vt 34.195999 -24.763100
vt 34.364201 -24.775900
vt 34.367001 -24.783001
vt 34.364498 -24.869200
vt 34.285198 -24.819599
vt 34.364399 -24.784599
vt 34.283100 -24.769199
vt 34.364399 -24.782900
vt 34.366199 -24.775499
vt 34.282902 -24.776800
vt 34.280102 -24.777300
vt 34.280399 -24.769800
vt 34.192501 -24.770000
vt 34.277100 -24.769600
vt 34.190800 -24.762699
vt 34.109402 -24.810301
vt 34.277000 -24.777201
vt 34.112900 -24.816999
vt 34.282501 -24.813999
vt 34.190899 -24.762899
vt 34.285198 -24.814199
vt 34.367199 -24.868299
vt 34.366199 -24.864100
vt 34.367401 -24.776100
vt 34.366100 -24.993099
vt 34.365799 -24.873301
vt 34.290298 -24.923800
vt 34.366901 -24.998800
vt 34.287701 -24.923599
vt 34.364101 -24.868099
vt 34.287998 -24.920799
vt 34.204899 -24.852699
vt 34.200298 -24.852400
vt 34.282501 -24.816500
vt 34.115898 -24.846399
vt 34.112801 -24.847300
vt 34.191101 -24.766300
vt 34.109901 -24.818501
vt 34.106201 -24.812000
vt 33.644001 -25.219601
vt 33.641899 -25.194000
vt 33.637402 -25.220900
vt 33.647900 -25.193501
vt 33.640400 -25.217199
vt 33.643200 -25.222099
vt 33.643501 -25.220100
vt 33.639099 -25.217100
vt 33.649502 -25.183001
vt 33.644699 -25.220900
vt 33.666302 -25.195400
vt 33.646301 -25.217100
vt 33.664902 -25.194599
vt 33.663799 -25.166800
vt 33.665100 -25.163500
vt 33.650799 -25.183901
vt 33.664501 -25.162701
vt 33.680099 -25.102400
vt 33.658501 -25.161400
vt 33.685299 -25.104401
vt 33.646301 -25.148701
vt 33.645100 -25.148199
vt 33.650700 -25.180300
vt 33.687698 -25.099199
vt 33.779400 -24.993601
vt 33.851002 -24.981300
vt 33.855301 -24.978201
vt 33.814701 -25.056299
vt 33.780399 -24.995800
vt 33.728199 -25.064800
vt 33.813400 -25.054100
vt 33.724201 -25.067101
vt 33.699600 -25.028799
vt 33.776001 -24.996901
vt 33.810902 -25.058399
vt 33.760502 -25.122900
vt 33.727100 -25.070400
vt 33.758701 -25.120001
vt 33.713699 -25.129400
vt 33.711601 -25.131500
vt 33.758099 -25.125601
vt 33.743000 -25.168100
vt 33.713501 -25.133301
vt 33.741299 -25.166500
vt 33.697102 -25.186501
vt 33.693901 -25.189699
vt 33.718102 -25.208599
vt 33.740002 -25.170700
vt 33.714100 -25.201401
vt 33.687302 -25.212299
vt 33.716202 -25.206800
vt 33.685799 -25.206699
vt 33.696999 -25.191500
vt 33.685001 -25.214100
vt 33.711601 -25.203899
vt 33.690300 -25.213499
vt 33.713799 -25.210699
vt 33.693298 -25.220400
vt 33.661999 -25.228201
vt 33.664902 -25.234699
vt 33.651402 -25.236099
vt 33.655201 -25.229300
vt 33.652802 -25.228600
vt 33.648998 -25.228201
vt 33.647099 -25.235500
vt 33.659000 -25.237301
vt 33.652599 -25.233700
vt 33.649899 -25.234800
vt 33.676701 -25.219299
vt 33.657700 -25.228901
vt 33.657501 -25.234699
vt 33.653400 -25.226801
vt 33.648102 -25.233801
vt 33.650200 -25.226801
vt 33.647301 -25.227100
vt 33.644299 -25.233601
vt 33.651199 -25.232000
vt 33.645199 -25.228500
vt 33.643700 -25.230499
vt 33.659100 -25.206499
vt 33.647900 -25.228201
vt 33.640099 -25.224501
vt 33.644798 -25.226000
vt 33.663898 -25.198500
vt 33.655201 -25.228001
vt 33.645000 -25.225599
vt 33.638901 -25.227501
vt 33.640202 -25.230700
vt 33.636799 -25.226000
vt 33.643398 -25.224501
vt 33.642502 -25.221701
vt 33.640701 -25.219601
vt 33.634399 -25.223600
vt 33.635399 -25.225100
vt 33.637199 -25.228701
vt 33.641998 -25.221300
vt 33.637501 -25.223301
vt 33.632099 -25.219000
vt 33.637299 -25.226101
vt 33.634998 -25.219400
vt 33.643398 -25.183399
vt 33.641800 -25.218599
vt 33.645100 -25.184700
vt 33.661900 -25.197201
vt 33.659302 -25.168800
vt 33.660801 -25.164000
vt 33.644699 -25.180201
vt 33.640900 -25.147900
vt 33.638199 -25.146500
vt 33.639599 -25.212500
vt 33.635700 -25.177799
vt 33.632401 -25.212099
vt 33.643200 -25.178301
vt 33.637600 -25.152399
vt 33.644798 -25.152300
vt 33.634899 -25.188900
vt 33.639400 -25.216499
vt 33.642399 -25.189501
vt 33.634201 -25.221001
vt 33.631901 -25.217199
vt 33.642502 -25.182899
vt 33.648998 -25.182699
vt 33.638302 -25.145800
vt 33.636299 -25.173901
vt 33.645401 -25.148100
vt 33.668499 -25.089100
vt 33.643799 -25.175100
vt 33.675301 -25.092501
vt 33.682301 -25.097099
vt 33.647202 -25.144400
vt 33.671101 -25.083900
vt 33.640900 -25.141001
vt 33.677898 -25.087299
vt 33.696899 -25.034000
vt 33.703499 -25.036699
vt 33.689999 -25.096701
vt 33.706299 -25.033899
vt 33.684601 -25.094200
vt 33.701599 -25.031000
vt 33.722698 -25.064501
vt 33.721600 -25.071400
vt 33.683800 -25.098600
vt 33.663700 -25.159300
vt 33.709900 -25.129801
vt 33.709099 -25.135500
vt 33.664799 -25.166401
vt 33.665501 -25.195900
vt 33.690899 -25.186800
vt 33.665699 -25.199900
vt 33.682201 -25.207500
vt 33.683102 -25.212900
vt 33.690800 -25.193001
vt 33.694000 -25.185900
vt 33.691399 -25.188101
vt 33.683601 -25.208401
vt 33.667702 -25.196400
vt 33.655602 -25.223600
vt 33.652699 -25.226200
vt 33.658298 -25.230000
vt 33.674999 -25.213499
vt 33.654099 -25.226400
vt 33.655399 -25.233200
vt 33.651699 -25.227800
vt 33.658699 -25.229601
vt 33.655602 -25.235800
vt 33.660599 -25.236799
vt 33.684101 -25.224701
vt 33.655499 -25.228201
vt 33.680801 -25.217899
vt 33.650101 -25.235201
vt 33.652199 -25.228300
vt 33.653500 -25.236700
vt 33.647999 -25.232901
vt 33.650902 -25.226500
vt 33.648899 -25.226000
vt 33.645000 -25.231701
vt 33.647400 -25.225000
vt 33.648499 -25.223499
vt 33.661201 -25.203400
vt 33.651600 -25.224701
vt 33.646500 -25.221300
vt 33.645901 -25.223900
vt 33.640099 -25.227501
vt 33.642101 -25.229700
vt 33.681499 -25.096300
vt 33.687302 -25.098900
vt 33.699699 -25.028400
vt 33.673100 -25.080299
vt 33.705700 -25.033100
vt 33.761799 -24.971800
vt 33.679600 -25.084101
vt 33.767101 -24.977200
vt 33.765202 -24.968599
vt 33.703400 -25.025299
vt 33.770401 -24.974100
vt 33.818298 -24.919300
vt 33.708000 -25.030600
vt 33.823601 -24.924000
vt 33.822498 -24.915600
vt 33.782398 -24.991899
vt 33.824100 -24.918501
vt 33.923698 -24.922100
vt 33.853901 -24.974899
vt 33.989201 -25.059500
vt 34.069099 -25.052299
vt 34.068802 -25.051201
vt 34.142502 -25.022100
vt 34.053200 -25.000700
vt 34.142502 -25.027700
vt 34.146400 -25.021400
vt 34.052799 -24.999701
vt 33.991001 -25.064600
vt 34.053600 -25.004400
vt 33.985600 -25.060499
vt 34.145901 -25.019800
vt 34.056301 -24.999300
vt 34.211399 -24.976999
vt 34.214199 -24.976900
vt 34.131100 -24.935699
vt 34.131500 -24.937201
vt 34.290699 -25.028900
vt 34.222599 -25.061199
vt 34.149101 -25.021400
vt 34.216499 -24.976999
vt 34.293800 -25.027500
vt 34.365398 -24.995701
vt 34.287998 -24.923599
vt 34.287899 -24.925200
vt 34.364601 -24.873501
vt 34.290798 -24.923800
vt 34.364799 -24.992901
vt 34.367199 -24.871201
vt 34.364899 -24.871099
vt 34.282299 -24.821100
vt 34.204102 -24.855700
vt 34.288200 -24.922001
vt 34.201698 -24.855600
vt 34.285099 -24.923700
vt 34.214001 -24.975300
vt 34.201801 -24.857500
vt 34.133999 -24.935301
vt 34.198799 -24.856501
vt 34.130600 -24.934200
vt 34.033199 -24.924299
vt 34.116402 -24.853500
vt 34.029800 -24.925600
vt 34.126999 -24.936600
vt 34.030300 -24.927000
vt 34.052399 -24.998199
vt 33.960400 -24.991100
vt 33.956699 -24.992500
vt 34.049198 -25.001200
vt 33.957298 -24.993900
vt 33.985100 -25.059000
vt 33.903801 -25.063101
vt 33.900902 -25.064400
vt 33.982601 -25.061701
vt 33.931801 -25.123400
vt 33.931301 -25.122200
vt 33.852600 -25.113100
vt 33.849701 -25.114201
vt 33.928699 -25.124001
vt 33.850899 -25.120899
vt 33.929501 -25.131100
vt 33.849899 -25.114700
vt 33.788601 -25.156200
vt 33.790600 -25.163000
vt 34.365398 -25.083700
vt 34.297001 -25.080999
vt 34.365501 -25.091200
vt 34.298599 -25.073601
vt 34.294899 -25.079901
vt 34.296001 -25.072500
vt 34.365799 -25.087200
vt 34.365601 -25.002600
vt 34.295101 -25.034700
vt 34.292702 -25.034500
vt 34.363899 -24.998501
vt 34.292999 -25.031900
vt 34.216900 -24.979900
vt 34.287601 -24.926399
vt 34.213100 -24.979500
vt 34.290298 -25.034300
vt 34.213402 -24.983101
vt 34.147701 -25.026699
vt 34.221699 -25.066900
vt 34.145302 -25.026699
vt 34.209000 -24.980200
vt 34.144600 -25.024401
vt 34.055199 -25.002300
vt 34.128899 -24.935900
vt 34.129299 -24.938499
vt 34.053001 -25.002600
vt 34.131699 -24.935301
vt 34.212799 -24.975300
vt 34.284901 -24.923599
vt 34.200600 -24.857500
vt 34.195499 -24.854401
vt 34.128201 -24.933500
vt 34.030800 -24.921801
vt 34.028198 -24.923000
vt 34.113098 -24.849600
vt 34.125599 -24.937201
vt 34.052299 -25.000401
vt 33.960400 -24.991199
vt 34.028999 -24.925400
vt 33.957298 -24.992100
vt 34.050598 -25.003799
vt 33.958401 -24.994499
vt 33.906101 -25.065100
vt 33.988201 -25.065100
vt 33.987499 -25.062799
vt 33.901501 -25.067101
vt 34.070099 -25.057699
vt 34.070499 -25.059099
vt 34.072399 -25.059401
vt 34.152599 -25.056900
vt 34.072601 -25.052401
vt 34.220001 -25.062201
vt 34.218300 -25.069099
vt 34.151901 -25.064400
vt 34.292999 -25.072901
vt 34.221901 -25.069799
vt 34.292500 -25.080400
vt 34.154400 -25.065399
vt 34.155499 -25.057899
vt 34.222698 -25.062300
vt 33.857101 -24.980801
vt 33.860298 -24.979700
vt 33.956200 -24.990999
vt 34.025902 -24.926800
vt 33.928299 -24.925800
vt 33.928902 -24.927200
vt 33.932201 -24.924200
vt 34.111801 -24.853500
vt 34.029499 -24.924700
vt 34.109001 -24.848900
vt 34.027699 -24.921101
vt 34.013901 -24.874399
vt 33.860500 -24.976500
vt 33.956600 -24.989700
vt 34.025200 -24.924000
vt 33.926998 -24.920500
vt 33.928001 -24.922600
vt 33.930401 -24.919201
vt 34.011299 -24.868500
vt 34.010700 -24.866899
vt 34.007198 -24.867800
vt 33.916901 -24.899099
vt 34.009399 -24.874500
vt 33.828201 -24.913900
vt 33.829399 -24.920900
vt 33.915001 -24.891899
vt 33.911201 -24.892900
vt 33.826099 -24.921900
vt 33.913300 -24.900200
vt 33.822601 -24.915199
vt 33.772900 -24.972000
vt 33.768101 -24.966200
vt 33.778801 -24.992599
vt 33.783199 -24.996799
vt 33.783600 -24.997299
vt 33.826000 -24.921700
vt 33.705502 -25.033001
vt 33.780300 -25.000601
vt 33.728100 -25.068600
vt 33.727699 -25.067801
vt 33.725700 -25.071501
vt 33.713501 -25.130199
vt 33.712399 -25.129299
vt 33.667400 -25.160299
vt 33.688801 -25.100201
vt 33.710602 -25.134100
vt 33.692902 -25.184799
vt 33.666599 -25.164200
vt 33.667900 -25.193199
vt 33.764198 -25.121799
vt 33.850399 -25.119699
vt 33.849201 -25.117701
vt 33.897099 -25.069099
vt 33.815800 -25.058599
vt 33.817600 -25.054701
vt 33.899700 -25.062901
vt 33.954201 -24.993500
vt 33.857498 -24.982700
vt 33.787998 -25.163900
vt 33.859600 -25.140301
vt 33.785400 -25.156900
vt 33.861801 -25.147499
vt 33.755501 -25.176600
vt 33.758598 -25.183599
vt 33.782501 -25.158600
vt 33.744099 -25.169100
vt 33.785198 -25.165100
vt 33.721500 -25.206400
vt 33.717400 -25.200701
vt 33.741402 -25.163500
vt 33.785198 -25.157101
vt 33.741001 -25.163200
vt 33.743500 -25.161900
vt 33.784698 -25.156000
vt 33.845600 -25.115801
vt 33.762699 -25.125299
vt 33.846699 -25.121201
vt 33.761101 -25.120001
vt 33.762001 -25.120701
vt 33.764099 -25.118500
vt 33.848900 -25.112801
vt 33.897999 -25.065399
vt 33.816299 -25.055300
vt 33.817001 -25.056700
vt 33.819199 -25.054001
vt 33.900299 -25.062901
vt 33.953499 -24.993900
vt 33.857899 -24.982401
vt 34.102200 -24.812799
vt 34.010700 -24.866600
vt 34.105499 -24.819700
vt 34.013500 -24.873501
vt 33.920601 -24.896900
vt 33.918098 -24.889700
vt 33.926701 -24.919300
vt 33.928101 -24.925200
vt 33.924999 -24.927401
vt 33.856701 -24.979900
vt 33.786400 -24.995899
vt 33.826698 -24.922899
vt 33.854401 -24.982500
vt 33.815498 -25.053900
vt 33.730801 -25.066401
vt 33.784199 -24.998699
vt 33.812599 -25.057699
vt 33.729301 -25.069901
vt 33.760399 -25.118700
vt 33.715900 -25.128201
vt 33.758301 -25.121901
vt 33.714699 -25.131201
vt 33.739700 -25.162201
vt 33.696499 -25.183599
vt 33.737499 -25.165800
vt 33.714901 -25.202299
vt 33.695099 -25.186300
vt 33.685902 -25.214899
vt 33.684101 -25.208799
vt 33.696602 -25.219299
vt 33.715000 -25.202101
vt 33.693298 -25.212500
vt 33.718700 -25.208700
vt 33.753601 -25.186001
vt 33.749298 -25.179701
vt 33.756199 -25.183500
vt 33.752399 -25.177099
vt 33.787399 -25.163601
vt 33.744900 -25.167101
vt 33.786499 -25.161900
vt 34.145500 -25.028099
vt 34.146500 -25.021999
vt 34.148998 -25.058300
vt 34.070599 -25.059401
vt 34.149502 -25.065901
vt 34.069099 -25.052200
vt 34.001301 -25.088200
vt 34.003799 -25.095400
vt 34.068501 -25.060400
vt 34.065701 -25.054001
vt 33.997501 -25.088400
vt 34.000999 -25.094999
vt 33.938301 -25.127800
vt 33.934399 -25.122000
vt 33.934200 -25.129999
vt 33.985298 -25.066299
vt 33.903099 -25.070400
vt 33.853298 -25.118500
vt 33.863300 -25.138300
vt 33.865002 -25.145599
vt 33.994701 -25.090200
vt 33.931702 -25.123199
vt 33.998299 -25.096901
vt 33.868301 -25.145201
vt 33.866600 -25.137800
vt 33.934399 -25.130301
vt 33.988800 -25.066299
vt 33.985802 -25.061001
vt 33.937698 -25.083799
vt 33.930901 -24.779200
vt 33.935902 -24.784599
vt 33.939899 -24.775499
vt 34.059799 -24.782900
vt 34.060101 -24.775499
vt 33.940201 -24.782900
vt 34.064098 -24.784599
vt 34.069099 -24.779200
vt 34.150501 -24.992901
vt 34.157902 -24.873301
vt 34.150398 -24.873501
vt 34.157902 -24.993099
vt 34.150501 -24.871099
vt 34.111301 -24.816500
vt 34.105301 -24.821100
vt 33.992199 -25.226101
vt 34.000000 -25.233900
vt 33.997501 -25.228701
vt 33.983601 -25.224501
vt 33.990700 -25.223301
vt 33.986301 -25.220900
vt 33.978600 -25.194000
vt 33.993198 -25.219000
vt 33.974499 -25.183399
vt 33.970600 -25.194599
vt 33.964100 -25.197201
vt 33.952400 -25.168800
vt 33.973301 -25.184700
vt 33.949799 -25.164000
vt 33.973801 -25.180201
vt 33.952801 -25.161400
vt 33.953899 -25.097099
vt 33.955002 -25.102400
vt 33.975700 -25.147900
vt 33.979500 -25.146500
vt 34.113098 -24.982500
vt 34.101700 -25.054100
vt 34.119701 -24.981300
vt 34.094398 -25.053900
vt 34.079498 -25.067101
vt 34.071999 -24.993601
vt 34.070801 -24.996901
vt 34.093899 -25.057699
vt 34.081402 -25.120001
vt 34.101200 -25.058399
vt 34.074100 -25.118700
vt 34.073399 -25.121901
vt 34.050301 -25.166500
vt 34.080002 -25.125601
vt 34.044300 -25.162201
vt 34.042599 -25.165800
vt 34.019798 -25.201401
vt 34.047798 -25.170700
vt 34.024700 -25.206800
vt 34.003601 -25.229300
vt 34.001801 -25.236099
vt 34.004700 -25.236700
vt 34.010899 -25.234699
vt 34.021801 -25.219299
vt 34.006100 -25.228901
vt 34.017200 -25.213499
vt 34.008099 -25.233801
vt 34.008701 -25.226500
vt 34.005901 -25.226801
vt 34.011501 -25.232901
vt 34.017300 -25.228201
vt 34.011600 -25.227501
vt 34.006100 -25.230700
vt 34.009800 -25.229700
vt 34.010799 -25.230499
vt 34.007801 -25.226101
vt 34.016399 -25.224501
vt 33.994301 -25.226000
vt 33.995098 -25.223600
vt 34.000000 -25.224199
vt 33.998199 -25.225100
vt 34.002499 -25.228701
vt 34.001801 -25.225100
vt 34.005699 -25.226000
vt 34.004902 -25.223600
vt 34.006802 -25.219000
vt 34.000000 -25.221001
vt 34.009300 -25.223301
vt 34.001999 -25.217199
vt 34.013699 -25.220900
vt 34.021400 -25.194000
vt 34.025501 -25.183399
vt 34.029400 -25.194599
vt 34.035900 -25.197201
vt 34.047600 -25.168800
vt 34.026699 -25.184700
vt 34.050201 -25.164000
vt 34.026199 -25.180201
vt 34.047199 -25.161400
vt 34.020500 -25.146500
vt 34.024300 -25.147900
vt 34.044998 -25.102400
vt 34.019501 -25.152399
vt 34.023300 -25.182899
vt 34.008099 -25.212099
vt 34.000000 -25.177299
vt 34.002300 -25.177799
vt 34.000000 -25.188900
vt 33.998001 -25.217199
vt 33.991901 -25.212099
vt 33.976700 -25.182899
vt 33.980499 -25.152399
vt 33.997700 -25.177799
vt 34.000000 -25.173901
vt 33.984299 -25.145800
vt 34.000000 -25.089100
vt 34.000000 -25.083401
vt 34.015701 -25.145800
vt 34.021000 -25.141001
vt 34.046101 -25.097099
vt 34.002399 -25.083900
vt 34.032001 -25.034000
vt 34.032501 -25.028799
vt 34.043800 -25.096300
vt 34.076801 -25.064501
vt 34.078400 -25.071400
vt 34.066299 -25.129801
vt 34.059200 -25.129299
vt 34.058201 -25.134100
vt 34.051601 -25.186800
vt 34.065498 -25.135500
vt 34.044601 -25.184799
vt 34.027500 -25.212900
vt 34.042801 -25.188101
vt 34.022301 -25.207500
vt 34.048599 -25.193001
vt 33.972500 -25.212900
vt 33.957199 -25.188101
vt 33.951401 -25.193001
vt 33.977699 -25.207500
vt 33.978199 -25.219299
vt 33.993900 -25.228901
vt 33.982800 -25.213499
vt 33.989101 -25.234699
vt 33.998199 -25.236099
vt 33.996399 -25.229300
vt 33.995300 -25.236700
vt 33.991299 -25.226500
vt 33.991901 -25.233801
vt 33.994099 -25.226801
vt 33.988499 -25.232901
vt 33.982700 -25.228201
vt 33.989201 -25.230499
vt 33.993900 -25.230700
vt 33.990200 -25.229700
vt 33.988400 -25.227501
vt 33.967999 -25.034000
vt 33.956200 -25.096300
vt 33.979000 -25.141001
vt 33.967499 -25.028799
vt 33.997601 -25.083900
vt 34.000000 -25.080299
vt 33.972099 -25.028400
vt 34.000000 -24.971800
vt 34.000000 -24.967899
vt 34.027901 -25.028400
vt 34.049599 -24.919300
vt 34.002499 -24.968599
vt 34.069599 -24.992599
vt 34.072800 -24.927401
vt 34.117699 -24.974899
vt 34.077999 -24.922100
vt 33.907200 -25.027700
vt 33.959999 -25.051201
vt 33.912300 -25.022100
vt 33.911598 -25.019800
vt 33.853500 -24.976999
vt 33.905701 -25.024401
vt 33.932999 -25.066900
vt 33.894402 -25.028900
vt 33.889000 -25.034300
vt 33.938000 -25.061199
vt 33.849499 -24.992901
vt 33.842098 -24.873301
vt 33.842098 -24.993099
vt 33.849602 -24.873501
vt 33.888699 -24.816500
vt 33.849499 -24.871099
vt 33.894699 -24.821100
vt 33.878201 -24.934200
vt 33.847099 -24.854401
vt 33.870998 -24.933500
vt 33.898800 -25.003799
vt 33.925098 -25.059000
vt 33.905800 -25.001200
vt 33.919102 -25.062799
vt 33.920502 -25.066299
vt 33.951900 -25.122200
vt 33.925800 -25.061701
vt 33.946499 -25.127300
vt 33.940201 -25.091200
vt 34.059601 -25.083700
vt 33.940399 -25.083700
vt 34.059799 -25.091200
vt 34.062302 -25.083799
vt 34.105598 -25.028900
vt 34.067001 -25.066900
vt 34.111000 -25.034300
vt 34.062000 -25.061199
vt 34.094299 -25.024401
vt 34.146500 -24.976999
vt 34.088402 -25.019800
vt 34.152901 -24.854401
vt 34.121799 -24.934200
vt 34.129002 -24.933500
vt 34.074902 -25.059000
vt 34.101200 -25.003799
vt 34.094200 -25.001200
vt 34.080898 -25.062799
vt 34.087700 -25.022100
vt 34.040001 -25.051201
vt 34.092800 -25.027700
vt 33.950401 -24.919300
vt 33.997501 -24.968599
vt 33.928001 -24.993601
vt 33.930401 -24.992599
vt 33.920502 -25.067101
vt 33.923199 -25.064501
vt 33.929199 -24.996901
vt 33.921600 -25.071400
vt 33.933701 -25.129801
vt 33.940800 -25.129299
vt 33.934502 -25.135500
vt 33.948399 -25.186800
vt 33.941799 -25.134100
vt 33.955399 -25.184799
vt 34.074200 -25.117701
vt 34.113098 -25.065399
vt 34.068401 -25.112801
vt 34.119598 -25.069099
vt 34.113701 -25.062901
vt 34.111401 -24.993500
vt 34.103802 -24.993900
vt 34.121201 -25.062901
vt 34.000000 -25.177601
vt 33.998501 -25.177099
vt 33.956100 -25.163200
vt 33.927601 -25.121201
vt 33.967899 -25.156000
vt 33.932899 -25.115801
vt 33.886902 -25.065399
vt 33.925800 -25.117701
vt 33.931599 -25.112801
vt 33.880402 -25.069099
vt 33.886299 -25.062901
vt 33.888599 -24.993500
vt 33.878799 -25.062901
vt 33.896198 -24.993900
vt 33.922001 -24.922100
vt 33.882301 -24.974899
vt 33.927200 -24.927401
vt 33.905602 -25.053900
vt 33.886902 -24.982500
vt 33.898300 -25.054100
vt 33.880299 -24.981300
vt 33.898800 -25.058399
vt 33.918598 -25.120001
vt 33.906101 -25.057699
vt 33.925900 -25.118700
vt 33.949600 -25.166500
vt 33.926601 -25.121901
vt 33.919998 -25.125601
vt 33.955700 -25.162201
vt 33.952202 -25.170700
vt 33.980202 -25.201401
vt 33.957401 -25.165800
vt 33.975300 -25.206800
vt 34.001499 -25.177099
vt 34.043900 -25.163200
vt 34.067101 -25.115801
vt 34.032101 -25.156000
vt 34.072399 -25.121201
vt 34.074200 -25.061701
vt 34.048100 -25.122200
vt 34.079498 -25.066299
vt 34.053501 -25.127300
vt 34.292702 -25.111200
vt 34.224998 -25.063999
vt 34.221901 -25.063900
vt 34.294800 -25.000000
vt 34.294899 -25.002800
vt 34.363701 -25.065100
vt 34.292702 -25.108601
vt 34.366699 -25.065201
vt 34.365501 -25.059799
vt 34.295101 -25.111300
vt 34.365101 -25.148500
vt 34.296299 -25.106001
vt 34.365799 -25.069500
vt 34.366901 -25.157499
vt 34.115799 -25.084000
vt 34.016899 -25.039200
vt 34.116001 -25.085699
vt 34.189701 -25.060600
vt 34.109798 -25.000000
vt 34.109901 -25.001600
vt 34.192501 -25.061100
vt 34.013500 -25.038700
vt 34.201698 -25.147499
vt 34.118999 -25.086000
vt 34.201500 -25.146200
vt 34.279400 -25.104200
vt 34.282398 -25.104601
vt 34.191101 -25.067801
vt 34.192600 -25.062201
vt 34.195000 -25.061001
vt 34.282501 -25.102800
vt 34.364700 -25.062401
vt 34.279999 -25.000000
vt 34.280102 -25.001699
vt 34.367001 -25.062300
vt 34.285198 -25.109900
vt 34.366100 -25.069099
vt 34.285198 -25.104601
vt 34.364399 -25.064100
vt 34.364498 -25.148600
vt 34.367001 -24.937700
vt 34.364399 -25.059900
vt 34.364399 -24.940100
vt 34.282902 -25.000000
vt 34.364700 -24.937599
vt 34.280102 -24.998301
vt 34.195000 -24.938999
vt 34.277000 -25.000000
vt 34.192501 -25.059401
vt 34.112900 -25.000000
vt 34.192501 -24.938900
vt 34.192501 -24.940599
vt 34.282398 -24.895399
vt 34.282501 -24.897200
vt 34.364498 -24.851400
vt 34.364399 -24.935900
vt 34.367199 -24.849501
vt 34.285198 -24.895399
vt 34.366100 -24.930901
vt 34.285198 -24.890100
vt 34.364601 -24.849600
vt 34.290298 -24.843599
vt 34.290798 -24.851101
vt 34.365799 -24.842100
vt 34.204102 -24.852600
vt 34.282501 -24.888700
vt 34.204899 -24.845699
vt 34.364101 -24.842600
vt 34.364899 -24.849501
vt 34.282299 -24.894699
vt 34.201698 -24.852501
vt 34.279400 -24.895800
vt 34.201500 -24.853800
vt 34.118999 -24.914000
vt 34.116001 -24.914301
vt 34.191101 -24.932199
vt 34.192600 -24.937799
vt 34.189701 -24.939400
vt 34.115799 -24.916000
vt 34.016899 -24.960800
vt 34.109901 -24.998400
vt 33.645100 -25.026699
vt 33.663799 -25.041901
vt 33.650799 -25.021799
vt 33.659302 -25.047600
vt 33.640900 -25.024300
vt 33.680099 -25.045000
vt 33.646301 -25.019100
vt 33.851002 -24.880301
vt 33.780399 -24.926800
vt 33.854401 -24.886900
vt 33.784199 -24.932600
vt 33.729301 -24.926800
vt 33.810902 -24.898800
vt 33.727100 -24.919600
vt 33.812599 -24.906099
vt 33.758099 -24.920000
vt 33.713501 -24.933399
vt 33.758301 -24.926600
vt 33.714699 -24.940599
vt 33.743000 -24.950800
vt 33.693901 -24.948799
vt 33.740002 -24.952200
vt 33.718102 -24.978500
vt 33.716202 -24.975300
vt 33.687302 -24.972601
vt 33.696999 -24.951300
vt 33.685001 -24.973499
vt 33.713799 -24.979601
vt 33.694000 -25.000000
vt 33.693298 -24.997601
vt 33.664902 -24.991699
vt 33.659000 -24.993299
vt 33.685902 -24.975700
vt 33.652401 -25.000000
vt 33.653500 -24.995300
vt 33.651402 -24.998199
vt 33.647099 -24.997601
vt 33.649899 -24.992500
vt 33.650101 -24.994499
vt 33.640598 -25.000000
vt 33.652599 -24.990900
vt 33.657501 -24.989100
vt 33.676701 -24.978201
vt 33.651199 -24.983801
vt 33.655399 -24.986500
vt 33.648102 -24.991899
vt 33.647999 -24.988501
vt 33.644299 -24.993999
vt 33.643700 -24.989201
vt 33.645000 -24.990400
vt 33.640202 -24.993900
vt 33.645199 -24.987000
vt 33.647900 -24.982700
vt 33.640099 -24.983601
vt 33.644798 -24.982700
vt 33.655201 -24.980101
vt 33.640099 -24.988400
vt 33.642101 -24.990200
vt 33.638901 -24.991800
vt 33.644901 -24.991301
vt 33.644600 -24.994200
vt 33.637299 -24.992201
vt 33.640701 -25.003599
vt 33.635399 -25.001801
vt 33.634399 -25.004900
vt 33.635399 -24.998199
vt 33.640701 -24.996401
vt 33.634399 -24.995100
vt 33.650799 -24.978201
vt 33.663799 -24.958099
vt 33.645100 -24.973301
vt 33.659302 -24.952400
vt 33.646301 -24.980900
vt 33.680099 -24.955000
vt 33.640900 -24.975700
vt 33.776001 -24.929199
vt 33.706299 -24.968901
vt 33.780300 -24.934200
vt 33.701599 -24.963699
vt 33.721600 -24.921600
vt 33.683800 -24.952600
vt 33.725700 -24.927999
vt 33.688801 -24.958099
vt 33.709099 -24.934500
vt 33.664799 -24.949100
vt 33.710602 -24.941799
vt 33.666599 -24.956100
vt 33.691399 -24.957199
vt 33.665699 -24.964001
vt 33.667702 -24.970400
vt 33.690800 -24.951401
vt 33.683102 -24.972500
vt 33.685001 -25.026501
vt 33.690800 -25.048599
vt 33.693901 -25.051201
vt 33.683102 -25.027500
vt 33.691399 -25.042801
vt 33.665699 -25.035999
vt 33.667702 -25.029600
vt 33.651199 -25.016199
vt 33.655201 -25.019899
vt 33.676701 -25.021799
vt 33.655399 -25.013500
vt 33.652599 -25.009100
vt 33.659000 -25.006701
vt 33.657501 -25.010900
vt 33.649899 -25.007500
vt 33.653500 -25.004700
vt 33.647999 -25.011499
vt 33.650101 -25.005501
vt 33.655602 -25.000000
vt 33.660599 -25.001801
vt 33.684101 -25.000000
vt 33.660599 -24.998199
vt 33.651402 -25.001801
vt 33.647099 -25.002399
vt 33.644299 -25.006001
vt 33.648102 -25.008101
vt 33.643700 -25.010799
vt 33.645000 -25.009600
vt 33.647900 -25.017300
vt 33.645199 -25.013000
vt 33.640099 -25.016399
vt 33.644798 -25.017300
vt 33.640099 -25.011600
vt 33.642101 -25.009800
vt 33.640202 -25.006100
vt 33.644901 -25.008699
vt 33.638901 -25.008200
vt 33.644600 -25.005800
vt 33.637299 -25.007799
vt 33.705502 -25.030100
vt 33.767101 -25.000000
vt 33.705700 -25.028500
vt 33.705502 -24.969900
vt 33.705700 -24.971500
vt 33.770100 -25.000000
vt 33.708000 -24.969700
vt 33.770401 -24.998400
vt 33.823601 -24.953199
vt 33.826000 -24.952801
vt 33.783600 -24.933201
vt 33.783199 -24.934900
vt 33.923698 -24.922001
vt 33.826698 -24.951700
vt 33.924999 -24.927200
vt 33.824100 -24.946100
vt 33.857101 -24.886000
vt 33.856701 -24.887300
vt 33.786400 -24.933100
vt 33.938301 -25.049900
vt 33.988201 -25.079599
vt 33.988800 -25.077200
vt 34.068501 -25.042000
vt 34.070499 -25.041800
vt 33.991001 -25.079901
vt 34.070099 -25.043600
vt 34.142502 -25.092800
vt 34.145302 -25.093100
vt 34.053600 -25.099300
vt 34.053200 -25.092600
vt 34.053001 -25.100800
vt 34.055199 -25.101700
vt 34.050598 -25.101200
vt 34.131500 -25.121901
vt 34.056301 -25.094801
vt 34.211399 -25.146500
vt 34.209000 -25.153000
vt 34.129299 -25.129101
vt 34.213100 -25.154400
vt 34.147701 -25.093500
vt 34.221699 -25.066999
vt 34.290298 -25.111000
vt 34.216900 -25.154499
vt 34.287899 -25.148100
vt 34.216499 -25.147499
vt 34.365398 -25.150499
vt 34.363899 -25.157301
vt 34.287601 -25.155600
vt 34.364601 -25.150400
vt 34.290298 -25.156401
vt 34.365799 -25.157900
vt 34.290798 -25.148899
vt 34.367199 -25.150499
vt 34.282299 -25.105301
vt 34.204102 -25.147400
vt 34.282501 -25.111300
vt 34.364899 -25.150499
vt 34.364101 -25.157400
vt 34.204899 -25.154301
vt 34.200600 -25.154699
vt 34.284901 -25.156000
vt 34.201801 -25.147301
vt 34.285099 -25.148399
vt 34.198799 -25.146400
vt 34.113098 -25.091999
vt 34.195499 -25.152901
vt 34.030800 -25.101400
vt 34.033199 -25.094700
vt 34.116402 -25.086399
vt 34.028999 -25.100800
vt 34.126999 -25.122101
vt 34.030300 -25.093599
vt 33.960400 -25.104300
vt 34.125599 -25.129499
vt 33.960400 -25.111900
vt 33.958401 -25.110800
vt 34.049198 -25.094200
vt 33.957298 -25.103300
vt 33.901501 -25.120899
vt 33.985298 -25.079500
vt 33.982601 -25.074200
vt 33.901501 -25.112499
vt 33.903099 -25.117901
vt 33.934200 -25.050100
vt 33.932999 -25.053499
vt 33.853298 -25.073200
vt 33.850399 -25.072901
vt 33.929501 -25.049500
vt 33.865398 -25.000000
vt 33.865002 -25.002600
vt 33.790600 -25.034300
vt 33.850899 -25.070601
vt 34.366699 -24.934799
vt 34.365501 -24.940201
vt 34.297001 -25.000000
vt 34.363701 -24.934900
vt 34.294899 -24.997200
vt 34.224998 -24.936001
vt 34.292702 -24.888800
vt 34.292702 -24.891399
vt 34.366901 -24.842501
vt 34.365799 -24.930500
vt 34.295101 -24.888700
vt 34.296299 -24.893999
vt 34.365101 -24.851500
vt 34.363899 -24.842699
vt 34.287899 -24.851900
vt 34.365398 -24.849501
vt 34.216900 -24.845501
vt 34.216499 -24.852501
vt 34.287601 -24.844400
vt 34.213100 -24.845600
vt 34.290298 -24.889000
vt 34.221901 -24.936100
vt 34.292500 -25.000000
vt 34.221699 -24.933001
vt 34.147701 -24.906500
vt 34.145302 -24.906900
vt 34.209000 -24.847000
vt 34.131500 -24.878099
vt 34.211399 -24.853500
vt 34.055199 -24.898300
vt 34.056301 -24.905199
vt 34.129299 -24.870899
vt 34.053001 -24.899200
vt 34.284901 -24.844000
vt 34.201801 -24.852699
vt 34.285099 -24.851601
vt 34.200600 -24.845301
vt 34.195499 -24.847099
vt 34.113098 -24.908001
vt 34.198799 -24.853600
vt 34.033199 -24.905300
vt 34.030800 -24.898600
vt 34.116402 -24.913601
vt 34.126999 -24.877899
vt 34.028999 -24.899200
vt 34.030300 -24.906401
vt 33.960400 -24.895700
vt 34.125599 -24.870501
vt 33.960400 -24.888100
vt 34.049198 -24.905800
vt 33.958401 -24.889200
vt 33.957298 -24.896700
vt 34.050598 -24.898800
vt 33.988201 -24.920401
vt 34.053200 -24.907400
vt 34.142502 -24.907200
vt 34.053600 -24.900700
vt 34.070499 -24.958200
vt 34.070099 -24.956400
vt 33.991001 -24.920099
vt 34.072399 -24.957800
vt 34.145500 -24.909401
vt 34.218300 -24.936600
vt 34.152199 -25.000000
vt 34.151901 -24.997299
vt 34.154400 -25.000000
vt 34.221901 -24.940100
vt 34.025902 -25.094000
vt 33.928001 -25.079399
vt 34.025200 -25.101000
vt 33.928902 -25.073500
vt 34.029800 -25.093599
vt 33.928299 -25.072901
vt 34.029499 -25.092501
vt 33.932201 -25.073000
vt 34.111801 -25.085199
vt 34.013901 -25.039700
vt 34.109001 -25.090599
vt 34.025200 -24.899000
vt 33.928001 -24.920601
vt 34.025902 -24.906000
vt 33.928902 -24.926500
vt 33.928299 -24.927099
vt 34.029800 -24.906401
vt 33.932201 -24.927000
vt 34.029499 -24.907499
vt 34.109001 -24.909401
vt 34.013901 -24.960300
vt 34.111801 -24.914801
vt 34.013500 -24.961300
vt 34.009399 -24.961100
vt 33.928101 -24.928699
vt 33.829399 -24.952999
vt 33.916599 -25.000000
vt 33.916901 -24.998501
vt 33.913300 -25.000000
vt 33.826000 -25.047199
vt 33.826099 -24.954399
vt 33.826099 -25.045601
vt 33.772900 -25.000000
vt 33.708000 -25.030300
vt 33.770401 -25.001600
vt 33.783199 -25.065100
vt 33.783600 -25.066799
vt 33.823601 -25.046801
vt 33.780300 -25.065800
vt 33.706299 -25.031099
vt 33.776001 -25.070801
vt 33.701599 -25.036301
vt 33.725700 -25.072001
vt 33.683800 -25.047400
vt 33.721600 -25.078400
vt 33.688801 -25.041901
vt 33.710602 -25.058201
vt 33.664799 -25.050900
vt 33.709099 -25.065500
vt 33.666599 -25.043900
vt 33.760502 -24.918800
vt 33.850399 -24.927099
vt 33.764198 -24.917999
vt 33.901501 -24.879101
vt 33.897099 -24.880400
vt 33.815800 -24.898300
vt 33.897999 -24.886900
vt 33.817001 -24.905600
vt 33.954201 -24.888599
vt 33.857899 -24.886200
vt 33.953499 -24.896200
vt 33.857498 -24.878700
vt 33.787399 -25.034100
vt 33.861801 -25.000000
vt 33.787399 -24.965900
vt 33.787998 -25.030899
vt 33.787998 -24.969101
vt 33.758598 -25.000000
vt 33.756699 -25.000000
vt 33.785198 -24.966400
vt 33.785198 -25.033600
vt 33.756199 -25.002600
vt 33.721500 -25.022100
vt 33.743000 -25.049200
vt 33.744099 -25.046801
vt 33.718102 -25.021500
vt 33.744900 -25.049801
vt 33.786499 -25.036501
vt 33.846699 -25.072399
vt 33.762699 -25.079100
vt 33.845600 -25.067101
vt 33.762001 -25.073000
vt 33.760502 -25.081200
vt 33.764198 -25.082001
vt 33.897099 -25.119600
vt 33.897999 -25.113100
vt 33.815800 -25.101700
vt 33.817001 -25.094400
vt 33.953499 -25.103800
vt 33.857899 -25.113800
vt 33.954201 -25.111401
vt 33.857498 -25.121300
vt 34.105499 -25.000000
vt 34.013500 -24.962700
vt 33.920601 -25.000000
vt 34.013500 -25.037300
vt 34.009399 -25.038900
vt 33.928101 -25.071301
vt 33.829399 -25.047001
vt 33.916901 -25.001499
vt 33.824100 -25.053900
vt 33.923698 -25.077999
vt 33.826698 -25.048300
vt 33.924999 -25.072800
vt 33.786400 -25.066900
vt 33.857101 -25.114000
vt 33.856701 -25.112700
vt 33.854401 -25.113100
vt 33.780399 -25.073200
vt 33.851002 -25.119699
vt 33.784199 -25.067400
vt 33.727100 -25.080400
vt 33.810902 -25.101200
vt 33.729301 -25.073200
vt 33.812599 -25.093901
vt 33.758301 -25.073400
vt 33.713501 -25.066601
vt 33.758099 -25.080000
vt 33.714699 -25.059401
vt 33.740002 -25.047800
vt 33.716202 -25.024700
vt 33.687302 -25.027399
vt 33.696999 -25.048700
vt 33.713799 -25.020399
vt 33.685902 -25.024300
vt 33.693298 -25.002399
vt 33.664902 -25.008301
vt 33.696602 -25.000000
vt 33.718700 -25.017401
vt 33.753601 -25.000000
vt 33.718700 -24.982599
vt 33.721500 -24.977900
vt 33.756199 -24.997400
vt 33.744099 -24.953199
vt 33.744900 -24.950199
vt 33.786499 -24.963499
vt 33.846699 -24.927601
vt 33.845600 -24.932899
vt 33.762699 -24.920900
vt 33.762001 -24.927000
vt 34.221901 -25.059900
vt 34.218300 -25.063400
vt 34.151901 -25.002701
vt 34.072399 -25.042200
vt 34.145500 -25.090599
vt 34.149502 -25.000000
vt 34.070599 -25.039499
vt 34.070599 -24.960501
vt 34.003799 -25.000000
vt 34.001099 -25.000000
vt 34.068501 -24.958000
vt 33.985802 -24.927299
vt 34.065701 -24.960899
vt 33.988800 -24.922800
vt 34.000999 -24.997400
vt 33.938301 -24.950100
vt 33.934200 -24.949900
vt 33.985298 -24.920500
vt 33.901501 -24.887501
vt 33.982601 -24.925800
vt 33.932999 -24.946501
vt 33.903099 -24.882099
vt 33.853298 -24.926800
vt 33.929501 -24.950500
vt 33.850899 -24.929399
vt 33.790600 -24.965700
vt 33.865002 -24.997400
vt 33.868301 -25.000000
vt 33.934399 -24.954500
vt 33.998299 -25.000000
vt 33.934399 -25.045500
vt 34.000999 -25.002600
vt 34.065701 -25.039101
vt 33.985802 -25.072701
vt 33.705101 -25.079901
vt 33.775002 -25.069799
vt 33.703999 -25.072500
vt 33.636299 -25.090500
vt 33.775101 -25.062700
vt 33.634201 -25.083799
vt 33.633099 -24.998800
vt 33.634201 -25.087200
vt 33.634399 -25.002600
vt 33.704899 -25.034700
vt 33.887199 -24.847300
vt 33.989300 -24.866899
vt 33.986401 -24.865200
vt 34.073002 -24.920500
vt 33.992802 -24.867800
vt 33.890099 -24.818501
vt 33.983101 -24.871500
vt 33.814301 -24.765600
vt 33.810299 -24.771400
vt 33.893799 -24.812000
vt 33.809101 -24.762899
vt 33.799702 -24.852400
vt 33.884102 -24.846399
vt 33.800098 -24.849001
vt 33.720600 -24.814400
vt 33.717499 -24.813999
vt 33.720600 -24.819799
vt 33.808899 -24.766300
vt 33.807400 -24.771200
vt 33.881001 -24.851299
vt 33.804001 -24.763100
vt 33.719898 -24.777300
vt 33.805000 -24.770000
vt 33.635300 -24.782900
vt 33.635799 -24.775900
vt 33.719601 -24.769800
vt 33.632801 -24.868299
vt 33.714802 -24.814199
vt 33.633801 -24.864100
vt 33.632599 -24.776100
vt 33.635601 -24.782900
vt 33.716900 -24.769199
vt 33.633801 -24.775499
vt 33.717098 -24.776800
vt 33.809200 -24.762699
vt 33.722900 -24.769600
vt 33.807499 -24.770000
vt 33.890598 -24.810301
vt 33.723000 -24.777201
vt 33.887100 -24.816999
vt 33.717499 -24.818701
vt 33.717300 -24.812700
vt 33.632999 -24.783001
vt 33.717602 -24.819401
vt 33.635601 -24.784599
vt 33.635502 -24.869200
vt 33.714802 -24.819599
vt 33.635201 -24.992901
vt 33.632801 -24.871201
vt 33.632301 -24.995800
vt 33.712002 -24.923599
vt 33.635101 -24.871099
vt 33.635399 -24.873501
vt 33.709202 -24.923800
vt 33.795898 -24.855700
vt 33.711800 -24.922001
vt 33.717701 -24.821100
vt 33.807499 -24.769800
vt 33.798500 -24.854601
vt 33.883999 -24.851999
vt 33.887600 -24.846201
vt 33.884201 -24.851400
vt 34.362499 -25.223301
vt 34.359600 -25.217199
vt 34.356499 -25.220100
vt 34.367901 -25.219000
vt 34.362701 -25.226101
vt 34.365002 -25.219400
vt 34.352100 -25.193501
vt 34.358101 -25.194000
vt 34.356602 -25.183399
vt 34.336102 -25.198500
vt 34.359901 -25.224501
vt 34.358200 -25.218599
vt 34.338100 -25.197201
vt 34.340698 -25.168800
vt 34.339199 -25.164000
vt 34.349201 -25.183901
vt 34.354900 -25.184700
vt 34.319901 -25.102400
vt 34.341499 -25.161400
vt 34.353699 -25.148701
vt 34.314701 -25.104401
vt 34.355301 -25.180201
vt 34.349300 -25.180300
vt 34.359100 -25.147900
vt 34.361801 -25.146500
vt 34.317699 -25.097099
vt 34.216400 -24.997299
vt 34.142899 -24.980801
vt 34.145599 -24.982500
vt 34.183701 -25.055300
vt 34.184502 -25.053900
vt 34.269199 -25.066401
vt 34.215801 -24.998699
vt 34.271900 -25.068600
vt 34.294498 -25.033001
vt 34.219700 -25.000601
vt 34.187401 -25.057699
vt 34.238899 -25.120001
vt 34.270699 -25.069901
vt 34.239601 -25.118700
vt 34.284100 -25.128201
vt 34.286499 -25.130199
vt 34.241699 -25.121901
vt 34.258999 -25.163200
vt 34.285301 -25.131201
vt 34.303501 -25.183599
vt 34.260300 -25.162201
vt 34.306000 -25.185900
vt 34.285099 -25.202299
vt 34.262501 -25.165800
vt 34.259998 -25.170700
vt 34.304901 -25.186300
vt 34.285900 -25.201401
vt 34.314201 -25.206699
vt 34.303001 -25.191500
vt 34.316399 -25.208401
vt 34.314098 -25.214899
vt 34.288399 -25.203899
vt 34.286201 -25.210699
vt 34.338001 -25.228201
vt 34.335098 -25.234699
vt 34.315899 -25.208799
vt 34.341702 -25.230000
vt 34.325001 -25.213499
vt 34.342300 -25.228901
vt 34.344799 -25.229300
vt 34.349899 -25.235201
vt 34.347801 -25.228300
vt 34.351002 -25.228201
vt 34.346500 -25.236700
vt 34.323299 -25.219299
vt 34.345901 -25.226400
vt 34.348301 -25.227800
vt 34.346600 -25.226801
vt 34.344601 -25.233200
vt 34.352001 -25.232901
vt 34.351101 -25.226000
vt 34.349098 -25.226500
vt 34.355000 -25.231701
vt 34.351501 -25.223499
vt 34.347301 -25.226200
vt 34.352600 -25.225000
vt 34.338799 -25.203400
vt 34.348400 -25.224701
vt 34.355301 -25.220900
vt 34.353500 -25.221300
vt 34.333698 -25.195400
vt 34.344398 -25.223600
vt 34.354099 -25.223900
vt 34.357899 -25.229700
vt 34.359901 -25.227501
vt 34.364601 -25.225100
vt 34.358002 -25.221300
vt 34.356602 -25.224501
vt 34.359299 -25.219601
vt 34.362801 -25.228701
vt 34.363201 -25.226000
vt 34.357498 -25.221701
vt 34.365601 -25.223600
vt 34.355999 -25.219601
vt 34.362598 -25.220900
vt 34.356800 -25.222099
vt 34.360901 -25.217100
vt 34.350498 -25.183001
vt 34.353699 -25.217100
vt 34.335098 -25.194599
vt 34.336201 -25.166800
vt 34.334900 -25.163500
vt 34.335499 -25.162701
vt 34.354900 -25.148199
vt 34.312302 -25.099199
vt 34.357498 -25.182899
vt 34.355202 -25.152300
vt 34.351002 -25.182699
vt 34.360401 -25.212500
vt 34.362400 -25.152399
vt 34.367599 -25.212099
vt 34.360600 -25.216499
vt 34.365101 -25.188900
vt 34.357601 -25.189501
vt 34.368099 -25.217199
vt 34.365799 -25.221001
vt 34.364300 -25.177799
vt 34.356800 -25.178301
vt 34.363701 -25.173901
vt 34.354599 -25.148100
vt 34.356201 -25.175100
vt 34.331501 -25.089100
vt 34.324699 -25.092501
vt 34.361698 -25.145800
vt 34.296501 -25.036699
vt 34.318501 -25.096300
vt 34.303101 -25.034000
vt 34.359100 -25.141001
vt 34.352798 -25.144400
vt 34.312698 -25.098900
vt 34.310001 -25.096701
vt 34.293701 -25.033899
vt 34.272301 -25.067801
vt 34.223999 -24.996901
vt 34.277302 -25.064501
vt 34.274300 -25.071501
vt 34.287601 -25.129299
vt 34.332600 -25.160299
vt 34.311199 -25.100201
vt 34.289398 -25.134100
vt 34.333401 -25.164200
vt 34.307098 -25.184799
vt 34.332100 -25.193199
vt 34.308601 -25.188101
vt 34.332298 -25.196400
vt 34.317799 -25.207500
vt 34.306099 -25.189699
vt 34.334499 -25.195900
vt 34.309200 -25.193001
vt 34.314999 -25.214100
vt 34.344799 -25.228001
vt 34.316898 -25.212900
vt 34.334301 -25.199900
vt 34.348801 -25.232000
vt 34.341000 -25.237301
vt 34.347401 -25.233700
vt 34.342499 -25.234699
vt 34.350101 -25.234800
vt 34.341301 -25.229601
vt 34.344398 -25.235800
vt 34.344501 -25.228201
vt 34.339401 -25.236799
vt 34.315899 -25.224701
vt 34.319199 -25.217899
vt 34.348598 -25.236099
vt 34.347198 -25.228600
vt 34.352901 -25.235500
vt 34.352699 -25.227100
vt 34.351898 -25.233801
vt 34.355701 -25.233601
vt 34.349800 -25.226801
vt 34.356300 -25.230499
vt 34.354801 -25.228500
vt 34.340900 -25.206499
vt 34.352100 -25.228201
vt 34.355202 -25.226000
vt 34.355000 -25.225599
vt 34.359798 -25.230700
vt 34.361099 -25.227501
vt 34.328899 -25.083900
vt 34.322102 -25.087299
vt 34.294300 -25.033100
vt 34.238201 -24.971800
vt 34.232899 -24.977200
vt 34.326900 -25.080299
vt 34.320400 -25.084101
vt 34.300301 -25.028400
vt 34.176399 -24.924000
vt 34.221199 -24.992599
vt 34.181702 -24.919300
vt 34.296600 -25.025299
vt 34.292000 -25.030600
vt 34.216801 -24.996799
vt 34.174000 -24.921700
vt 34.213600 -24.995899
vt 34.173302 -24.922899
vt 34.075001 -24.927401
vt 34.146099 -24.974899
vt 34.143299 -24.979900
vt 34.011799 -25.065100
vt 34.061699 -25.127800
vt 34.065800 -25.129999
vt 33.929501 -25.059099
vt 33.931499 -25.060400
vt 34.008999 -25.064600
vt 33.931198 -25.051201
vt 33.929901 -25.057699
vt 33.857498 -25.027700
vt 33.946999 -25.002600
vt 33.946400 -25.004400
vt 33.854698 -25.026699
vt 33.944801 -25.002300
vt 33.855400 -25.024401
vt 33.791000 -24.980200
vt 33.871101 -24.935900
vt 33.870701 -24.938499
vt 33.786900 -24.979500
vt 33.709702 -25.034300
vt 33.786598 -24.983101
vt 33.852299 -25.026699
vt 33.778301 -25.066900
vt 33.777401 -25.061199
vt 33.850899 -25.021400
vt 33.783100 -24.979900
vt 33.707001 -25.031900
vt 33.707298 -25.034500
vt 33.636101 -24.998501
vt 33.712299 -24.923599
vt 33.712399 -24.926399
vt 33.715099 -24.923599
vt 33.787201 -24.975300
vt 33.868301 -24.935301
vt 33.709702 -24.923800
vt 33.633900 -24.993099
vt 33.634201 -24.873301
vt 33.635899 -24.868099
vt 33.712002 -24.920799
vt 33.795101 -24.852699
vt 33.717499 -24.816500
vt 33.799400 -24.857500
vt 33.804501 -24.854401
vt 33.871799 -24.933500
vt 33.969200 -24.921801
vt 33.971802 -24.923000
vt 33.883598 -24.853500
vt 33.966801 -24.924299
vt 33.886902 -24.849600
vt 33.874401 -24.937201
vt 33.971001 -24.925400
vt 34.039600 -24.991199
vt 33.947701 -25.000401
vt 34.042702 -24.992100
vt 33.949402 -25.003799
vt 34.041599 -24.994499
vt 34.012501 -25.062799
vt 34.093899 -25.065100
vt 34.098499 -25.067101
vt 34.014702 -25.066299
vt 34.096901 -25.070400
vt 34.146702 -25.118500
vt 34.149601 -25.119699
vt 34.136700 -25.138300
vt 34.070499 -25.131100
vt 34.134998 -25.145599
vt 34.209400 -25.163000
vt 34.071301 -25.124001
vt 33.634602 -25.083700
vt 33.702999 -25.080999
vt 33.701401 -25.073601
vt 33.634499 -25.091200
vt 33.707298 -25.035900
vt 33.777302 -25.062500
vt 33.706402 -25.029100
vt 33.631901 -25.084101
vt 33.634800 -25.081699
vt 33.634899 -24.997400
vt 33.703701 -25.029400
vt 33.634602 -24.995701
vt 33.706200 -25.027500
vt 33.783501 -24.976999
vt 33.785801 -24.976900
vt 33.712101 -24.925200
vt 33.709301 -25.028900
vt 33.853600 -25.021400
vt 33.788601 -24.976999
vt 33.854099 -25.019800
vt 33.943699 -24.999300
vt 33.868900 -24.935699
vt 33.868500 -24.937201
vt 33.947201 -24.999701
vt 33.866001 -24.935301
vt 33.785999 -24.975300
vt 33.714901 -24.923700
vt 33.798302 -24.855600
vt 33.798199 -24.857500
vt 33.801201 -24.856501
vt 33.869400 -24.934200
vt 33.970200 -24.925600
vt 33.873001 -24.936600
vt 33.969700 -24.927000
vt 33.947601 -24.998199
vt 34.039600 -24.991100
vt 34.043301 -24.992500
vt 33.950802 -25.001200
vt 34.042702 -24.993900
vt 34.096199 -25.063101
vt 34.014400 -25.060499
vt 34.014900 -25.059000
vt 34.099098 -25.064400
vt 34.010799 -25.059500
vt 33.946800 -25.000700
vt 33.857498 -25.022100
vt 33.930901 -25.052299
vt 33.927399 -25.052401
vt 33.854500 -25.028099
vt 33.927601 -25.059401
vt 33.779999 -25.062201
vt 33.853500 -25.021999
vt 33.781700 -25.069099
vt 33.844501 -25.057899
vt 33.778099 -25.069799
vt 33.845600 -25.065399
vt 33.707500 -25.080400
vt 33.707001 -25.072901
vt 33.777302 -25.062300
vt 34.144699 -24.978201
vt 34.139500 -24.976500
vt 34.043400 -24.989700
vt 33.974800 -24.924000
vt 34.071999 -24.922600
vt 34.069599 -24.919201
vt 33.972301 -24.921101
vt 33.890999 -24.848900
vt 33.986099 -24.874399
vt 34.067799 -24.924200
vt 33.988701 -24.868500
vt 34.180801 -25.054001
vt 34.139702 -24.979700
vt 34.043800 -24.990999
vt 33.974098 -24.926800
vt 34.071701 -24.925800
vt 34.071098 -24.927200
vt 33.888199 -24.853500
vt 33.970501 -24.924700
vt 33.986500 -24.873400
vt 34.073299 -24.919300
vt 33.990601 -24.874500
vt 34.071899 -24.925200
vt 34.170601 -24.920900
vt 34.171799 -24.913900
vt 34.086700 -24.900200
vt 34.173901 -24.921900
vt 34.088799 -24.892900
vt 34.231899 -24.966200
vt 34.227100 -24.972000
vt 34.177399 -24.915199
vt 34.177502 -24.915600
vt 34.220600 -24.993601
vt 34.234798 -24.968599
vt 34.229599 -24.974100
vt 34.300400 -25.028799
vt 34.315399 -25.094200
vt 34.298401 -25.031000
vt 34.275799 -25.067101
vt 34.288399 -25.131500
vt 34.278400 -25.071400
vt 34.316200 -25.098600
vt 34.290100 -25.129801
vt 34.336300 -25.159300
vt 34.290901 -25.135500
vt 34.335201 -25.166401
vt 34.309101 -25.186800
vt 34.235901 -25.118500
vt 34.150299 -25.114201
vt 34.151100 -25.112801
vt 34.102001 -25.065399
vt 34.182999 -25.056700
vt 34.099701 -25.062901
vt 34.046501 -24.993900
vt 34.142101 -24.982401
vt 34.211399 -25.156200
vt 34.212002 -25.163900
vt 34.140400 -25.140301
vt 34.138199 -25.147499
vt 34.214600 -25.156900
vt 34.244499 -25.176600
vt 34.241402 -25.183599
vt 34.214802 -25.165100
vt 34.247601 -25.177099
vt 34.217499 -25.158600
vt 34.243801 -25.183500
vt 34.282600 -25.200701
vt 34.278500 -25.206400
vt 34.257000 -25.168100
vt 34.212601 -25.163601
vt 34.281898 -25.208599
vt 34.255100 -25.167101
vt 34.215302 -25.156000
vt 34.213501 -25.161900
vt 34.153301 -25.121201
vt 34.239498 -25.122900
vt 34.237301 -25.125299
vt 34.235802 -25.121799
vt 34.150799 -25.117701
vt 34.102901 -25.069099
vt 34.185299 -25.056299
vt 34.184200 -25.058599
vt 34.182400 -25.054701
vt 34.100300 -25.062901
vt 34.045799 -24.993500
vt 34.142502 -24.982700
vt 33.894501 -24.819700
vt 33.989300 -24.866600
vt 33.897800 -24.812799
vt 33.986500 -24.873501
vt 34.081902 -24.889700
vt 34.079399 -24.896900
vt 34.083099 -24.899099
vt 34.084999 -24.891899
vt 34.076302 -24.922100
vt 34.217602 -24.991899
vt 34.175900 -24.918501
vt 34.148998 -24.981300
vt 34.186600 -25.054100
vt 34.271801 -25.064800
vt 34.219601 -24.995800
vt 34.189098 -25.058399
vt 34.272900 -25.070400
vt 34.241299 -25.120001
vt 34.286301 -25.129400
vt 34.241901 -25.125601
vt 34.258701 -25.166500
vt 34.302898 -25.186501
vt 34.286499 -25.133301
vt 34.312698 -25.212299
vt 34.283798 -25.206800
vt 34.309700 -25.213499
vt 34.306702 -25.220400
vt 34.285000 -25.202101
vt 34.303398 -25.219299
vt 34.306702 -25.212500
vt 34.246399 -25.186001
vt 34.250702 -25.179701
vt 34.281300 -25.208700
vt 34.255901 -25.169100
vt 34.258598 -25.163500
vt 34.214802 -25.157101
vt 34.256500 -25.161900
vt 34.154400 -25.115801
vt 34.237999 -25.120701
vt 33.847401 -25.056900
vt 33.848099 -25.064400
vt 33.929401 -25.059401
vt 33.851002 -25.058300
vt 33.850498 -25.065901
vt 33.930901 -25.052200
vt 33.998699 -25.088200
vt 33.996201 -25.095400
vt 33.934299 -25.054001
vt 34.011200 -25.066299
vt 34.065601 -25.122000
vt 34.014198 -25.061001
vt 34.068199 -25.123400
vt 34.017399 -25.061701
vt 34.068699 -25.122200
vt 34.147400 -25.113100
vt 34.149101 -25.120899
vt 34.150101 -25.114700
vt 34.131699 -25.145201
vt 34.068298 -25.123199
vt 34.065601 -25.130301
vt 34.001701 -25.096901
vt 34.133400 -25.137800
vt 34.005299 -25.090200
vt 34.002499 -25.088400
vt 33.999001 -25.094999
s 1
usemtl Meshpart1Mtl.003
f 3/1/1 1/2/2 2/3/3
f 6/4/4 5/5/5 4/6/6
f 7/7/7 9/8/8 8/9/9
f 10/10/10 9/8/8 12/11/11
f 13/12/12 9/8/8 7/7/7
f 5/5/5 14/13/13 4/6/6
f 4/6/6 14/13/13 11/14/14
f 17/15/15 15/16/16 16/17/17
f 23/18/18 22/19/19 20/20/20
f 22/19/19 23/18/18 24/21/21
f 19/22/22 25/23/23 18/24/24
f 18/24/24 25/23/23 26/25/25
f 25/23/23 28/26/26 26/25/25
f 27/27/27 29/28/28 30/29/29
f 30/29/29 29/28/28 31/30/30
f 28/26/26 25/23/23 32/31/31
f 32/31/31 33/32/32 28/26/26
f 37/33/33 35/34/34 36/35/35
f 38/36/36 39/37/37 40/38/38
f 39/37/37 38/36/36 41/39/39
f 40/38/38 42/40/40 38/36/36
f 44/41/41 42/40/42 43/42/43
f 45/43/44 39/37/37 43/42/45
f 40/38/38 46/44/46 42/40/40
f 46/44/46 40/38/38 48/45/47
f 50/46/48 46/44/46 49/47/49
f 47/48/50 51/49/51 48/45/47
f 46/44/46 50/46/48 52/50/52
f 52/50/52 50/46/48 53/51/53
f 50/46/48 54/52/54 53/51/53
f 50/46/48 55/53/55 54/52/54
f 59/54/56 61/55/57 58/56/58
f 61/55/57 59/54/56 60/57/59
f 57/58/60 62/59/61 63/60/62
f 65/61/63 67/62/64 66/63/65
f 66/63/65 67/62/64 68/64/66
f 69/65/67 71/66/68 70/67/69
f 71/66/68 69/65/67 72/68/70
f 76/69/71 75/70/72 73/71/73
f 75/70/72 76/69/71 74/72/74
f 79/73/75 81/74/76 82/75/77
f 83/76/78 85/77/79 84/78/80
f 83/76/78 84/78/80 86/79/81
f 88/80/82 87/81/83 89/82/84
f 90/83/85 88/80/82 89/82/84
f 77/84/86 93/85/87 94/86/88
f 95/87/89 93/85/87 97/88/90
f 97/88/90 99/89/91 95/87/89
f 99/89/91 97/88/90 96/90/92
f 98/91/93 99/89/91 96/90/92
f 91/92/94 92/93/95 103/94/96
f 104/95/97 92/93/98 105/96/99
f 92/93/98 106/97/100 105/96/99
f 80/98/101 106/97/100 92/93/98
f 106/97/100 100/99/102 101/100/103
f 106/97/100 80/98/101 107/101/104
f 106/97/100 107/101/104 108/102/105
f 80/98/101 109/103/106 107/101/104
f 109/103/106 80/98/101 110/104/107
f 80/98/101 39/37/37 110/104/107
f 110/104/107 39/37/37 111/105/108
f 39/37/37 112/106/109 111/105/108
f 39/37/37 45/43/44 112/106/109
f 45/43/44 109/103/106 112/106/109
f 110/104/107 113/107/110 109/103/106
f 112/106/109 109/103/106 113/107/110
f 114/108/111 107/101/104 109/103/106
f 109/103/106 115/109/112 114/108/111
f 115/109/112 106/97/100 108/102/105
f 115/109/112 109/103/106 116/110/113
f 116/110/113 106/97/100 115/109/112
f 117/111/114 116/110/113 109/103/106
f 45/43/44 117/111/114 109/103/106
f 118/112/115 106/97/100 119/113/116
f 100/99/102 106/97/100 118/112/115
f 120/114/117 106/97/100 116/110/113
f 121/115/118 100/99/102 118/112/115
f 121/115/119 122/116/120 120/114/117
f 123/117/121 100/99/102 121/115/118
f 100/99/102 123/117/121 125/118/122
f 126/119/123 124/120/124 125/118/125
f 123/117/121 128/121/126 127/122/127
f 128/121/126 130/123/128 129/124/129
f 130/123/128 128/121/126 123/117/121
f 131/125/130 128/121/126 129/124/129
f 133/126/131 128/121/126 131/125/130
f 132/127/132 123/117/121 134/128/133
f 134/128/133 123/117/121 135/129/134
f 123/117/121 136/130/135 135/129/134
f 123/117/121 116/110/113 136/130/135
f 137/131/136 136/130/135 138/132/137
f 134/128/133 137/131/136 138/132/137
f 116/110/113 138/132/137 136/130/135
f 138/132/137 132/127/132 134/128/133
f 138/132/137 116/110/113 139/133/138
f 139/133/138 116/110/113 140/134/139
f 116/110/113 117/111/114 140/134/139
f 117/111/114 45/43/44 141/135/140
f 45/43/44 139/133/138 141/135/140
f 45/43/44 138/132/137 139/133/138
f 142/136/141 138/132/137 45/43/44
f 45/43/44 46/44/46 142/136/141
f 143/137/142 142/136/141 46/44/46
f 46/44/46 144/138/143 143/137/142
f 46/44/46 56/139/144 144/138/143
f 56/139/144 138/132/137 144/138/143
f 138/132/137 142/136/141 145/140/145
f 144/138/143 138/132/137 145/140/145
f 138/132/137 56/139/144 146/141/146
f 146/141/146 132/127/132 138/132/137
f 146/141/146 56/139/144 147/142/147
f 56/139/144 148/143/148 147/142/147
f 56/139/144 149/144/149 148/143/148
f 149/144/149 132/127/132 148/143/148
f 132/127/132 146/141/146 150/145/150
f 148/143/148 132/127/132 150/145/150
f 132/127/132 149/144/149 151/146/151
f 133/126/152 132/127/132 151/146/151
f 152/147/153 151/146/151 149/144/149
f 153/148/154 152/147/153 149/144/149
f 149/144/149 64/149/155 153/148/154
f 64/149/155 133/126/152 153/148/154
f 133/126/152 151/146/151 154/150/156
f 153/148/154 133/126/152 154/150/156
f 157/151/157 159/152/158 156/153/159
f 62/59/160 155/154/161 158/155/162
f 155/154/161 62/59/160 133/126/163
f 133/126/163 62/59/160 160/156/164
f 162/157/165 164/158/166 161/159/167
f 164/158/166 162/157/165 163/160/168
f 128/121/126 133/126/131 163/160/169
f 165/161/170 166/162/171 167/163/172
f 167/163/172 166/162/171 168/164/173
f 170/165/174 78/166/175 169/167/176
f 78/166/175 170/165/174 102/168/177
f 175/169/178 173/170/179 174/171/180
f 172/172/181 173/170/179 175/169/178
f 177/173/182 179/174/183 178/175/184
f 179/174/183 177/173/182 180/176/185
f 182/177/186 183/178/187 181/179/188
f 184/180/189 186/181/190 185/182/191
f 186/181/190 184/180/189 187/183/192
f 189/184/193 176/185/194 190/186/195
f 192/187/196 194/188/197 189/184/198
f 194/188/197 192/187/196 195/189/199
f 191/190/200 195/189/199 193/191/201
f 195/189/199 191/190/200 194/188/197
f 198/192/202 188/193/203 197/194/204
f 199/195/205 200/196/206 198/192/202
f 39/37/37 198/192/202 200/196/206
f 39/37/37 80/98/101 198/192/202
f 40/38/38 39/37/37 196/197/207
f 56/139/144 55/53/55 201/198/208
f 202/199/209 201/198/208 55/53/55
f 55/53/55 203/200/210 202/199/209
f 55/53/55 204/201/211 203/200/210
f 149/144/149 201/198/208 205/202/212
f 203/200/210 149/144/149 205/202/212
f 201/198/208 149/144/149 56/139/144
f 204/201/211 149/144/149 203/200/210
f 204/201/211 206/203/213 207/204/214
f 149/144/149 204/201/211 207/204/214
f 208/205/215 204/201/211 209/206/216
f 64/149/155 207/204/214 210/207/217
f 209/206/216 64/149/155 208/205/215
f 207/204/214 64/149/155 149/144/149
f 209/206/216 212/208/218 211/209/219
f 212/208/220 57/58/60 213/210/221
f 217/211/222 215/212/223 216/213/224
f 214/214/225 215/212/223 217/211/222
f 219/215/226 218/216/227 220/217/228
f 223/218/229 221/219/230 222/220/231
f 221/219/230 223/218/229 224/221/232
f 227/222/233 225/223/234 226/224/235
f 14/13/13 21/225/236 11/14/14
f 229/226/237 11/14/14 21/225/236
f 19/22/22 229/226/237 21/225/236
f 229/226/237 19/22/22 18/24/24
f 231/227/238 228/228/239 230/229/240
f 228/228/239 231/227/238 232/230/241
f 233/231/242 235/232/243 234/233/244
f 236/234/245 234/233/244 235/232/243
f 239/235/246 238/236/247 237/237/248
f 240/238/249 238/236/247 239/235/246
f 241/239/250 5/5/5 6/4/4
f 243/240/251 242/241/252 244/242/253
f 6/4/4 34/243/254 241/239/250
f 34/243/254 6/4/4 33/32/32
f 245/244/255 247/245/256 246/246/257
f 247/245/256 245/244/255 249/247/258
f 248/248/259 247/245/260 250/249/261
f 252/250/262 253/251/263 251/252/264
f 33/32/32 32/31/31 34/243/254
f 254/253/265 255/254/266 256/255/267
f 257/256/268 256/255/267 255/254/266
f 260/257/269 258/258/270 259/259/271
f 261/260/272 258/258/270 260/257/269
f 263/261/273 264/262/274 262/263/275
f 264/262/274 263/261/273 265/264/276
f 266/265/277 267/266/278 268/267/279
f 269/268/280 270/269/281 271/270/282
f 274/271/283 272/272/284 273/273/285
f 272/272/284 274/271/283 275/274/286
f 278/275/287 279/276/288 277/277/289
f 279/276/288 278/275/287 280/278/290
f 282/279/291 209/206/216 281/280/292
f 284/281/293 282/279/294 283/282/295
f 286/283/296 284/281/297 285/284/298
f 289/285/299 286/283/300 288/286/301
f 287/287/302 291/288/303 290/289/304
f 55/53/55 286/283/300 289/285/299
f 286/283/300 55/53/55 293/290/305
f 296/291/306 295/292/307 292/293/308
f 295/292/307 296/291/306 294/294/309
f 55/53/55 50/46/48 294/294/310
f 298/295/311 171/296/312 297/297/313
f 171/296/312 298/295/311 299/298/314
f 300/299/315 302/300/316 301/301/317
f 302/300/316 300/299/315 303/302/318
f 305/303/319 304/304/320 276/305/321
f 306/306/322 304/304/320 305/303/319
f 307/307/323 308/308/324 309/309/325
f 311/310/326 312/311/327 310/312/328
f 310/312/328 312/311/327 313/313/329
f 315/314/330 316/315/331 314/316/332
f 317/317/333 314/316/332 316/315/331
f 318/318/334 320/319/335 319/320/336
f 320/319/335 318/318/334 321/321/337
f 323/322/338 324/323/339 322/324/340
f 324/323/339 323/322/338 325/325/341
f 329/326/342 327/327/343 328/328/344
f 327/327/343 329/326/342 326/329/345
f 331/330/346 332/331/347 330/332/348
f 332/331/347 331/330/346 333/333/349
f 334/334/350 337/335/351 336/336/352
f 335/337/353 336/336/352 337/335/351
f 341/338/354 340/339/355 338/340/356
f 339/341/357 340/339/355 341/338/354
f 343/342/358 342/343/359 344/344/360
f 346/345/361 347/346/362 345/347/363
f 347/346/362 346/345/361 348/348/364
f 351/349/365 349/350/366 350/351/367
f 353/352/368 354/353/369 352/354/370
f 354/353/369 353/352/368 355/355/371
f 357/356/372 360/357/373 356/358/374
f 360/357/373 358/359/375 356/358/374
f 361/360/376 357/356/377 359/361/378
f 358/359/375 361/360/376 359/361/378
f 362/362/379 360/357/373 357/356/372
f 358/359/375 360/357/373 363/363/380
f 363/363/380 361/360/376 358/359/375
f 364/364/381 360/357/373 365/365/382
f 361/360/383 366/366/384 367/367/385
f 369/368/386 361/360/383 368/369/387
f 370/370/388 371/371/389 372/372/390
f 373/373/391 374/374/392 376/375/393
f 377/376/394 373/373/391 376/375/393
f 376/375/395 378/377/396 379/378/397
f 374/374/398 381/379/399 380/380/400
f 377/376/401 380/380/400 381/379/399
f 381/379/399 374/374/398 370/370/402
f 381/379/399 382/381/403 377/376/401
f 384/382/404 385/383/405 383/384/406
f 385/383/405 384/382/404 386/385/407
f 387/386/408 373/373/409 385/383/410
f 387/386/411 388/387/412 389/388/413
f 382/381/414 388/387/412 390/389/17
f 385/383/415 382/381/414 390/389/17
f 389/388/416 391/390/417 392/391/418
f 393/392/419 389/388/416 392/391/418
f 391/390/417 395/393/420 394/394/421
f 393/392/419 394/394/421 395/393/420
f 395/393/420 391/390/417 382/381/403
f 389/388/416 393/392/419 396/395/422
f 395/393/420 396/395/422 393/392/419
f 396/395/422 397/396/423 389/388/416
f 397/396/423 396/395/422 399/397/424
f 396/395/422 398/398/425 399/397/424
f 396/395/422 401/399/426 400/400/23
f 401/399/426 396/395/422 402/401/427
f 396/395/422 403/402/428 402/401/427
f 403/402/428 400/400/23 401/399/426
f 396/395/422 395/393/420 403/402/428
f 400/400/23 403/402/428 395/393/420
f 395/393/420 404/403/429 400/400/23
f 404/403/429 395/393/420 405/404/430
f 395/393/420 406/405/431 405/404/430
f 395/393/420 407/406/432 406/405/431
f 407/406/432 395/393/420 408/407/433
f 382/381/403 408/407/433 395/393/420
f 408/407/433 382/381/403 409/408/434
f 382/381/403 410/409/435 409/408/434
f 382/381/403 381/379/399 410/409/435
f 407/406/432 410/409/435 381/379/399
f 410/409/435 407/406/432 411/410/436
f 408/407/433 411/410/436 407/406/432
f 406/405/431 413/411/437 412/412/438
f 404/403/429 412/412/438 413/411/437
f 413/411/437 400/400/23 404/403/429
f 415/413/439 400/400/23 414/414/440
f 400/400/23 416/415/441 414/414/440
f 400/400/23 413/411/437 416/415/441
f 421/416/442 418/417/443 420/418/444
f 418/417/443 421/416/442 422/419/445
f 423/420/446 426/421/447 424/422/448
f 426/421/447 425/423/449 424/422/448
f 413/411/450 427/424/451 425/423/449
f 425/423/449 426/421/447 428/425/452
f 426/421/447 423/420/446 419/426/453
f 427/424/451 413/411/450 429/427/454
f 427/424/451 431/428/455 432/429/456
f 433/430/457 431/428/458 430/431/459
f 431/428/458 433/430/457 434/432/460
f 431/428/461 435/433/462 407/406/463
f 429/427/464 407/406/463 435/433/462
f 436/434/465 437/435/466 438/436/467
f 439/437/468 438/436/469 432/429/470
f 381/379/399 439/437/468 407/406/432
f 440/438/471 432/429/470 438/436/469
f 439/437/468 381/379/399 441/439/472
f 381/379/399 440/438/473 441/439/472
f 443/440/474 447/441/475 446/442/476
f 443/440/474 448/443/477 447/441/475
f 451/444/478 449/445/50 450/446/47
f 453/447/479 455/448/480 454/449/481
f 455/448/480 453/447/479 452/450/482
f 461/451/483 459/452/484 460/453/485
f 459/452/484 461/451/483 458/454/56
f 465/455/486 466/456/487 464/457/488
f 466/456/487 465/455/486 467/458/489
f 471/459/490 472/460/491 469/461/492
f 472/460/491 471/459/490 470/462/493
f 474/463/494 473/464/495 468/465/496
f 473/464/495 474/463/494 476/466/497
f 476/466/497 477/467/498 473/464/495
f 478/468/499 473/464/495 477/467/498
f 479/469/500 478/468/501 475/470/502
f 475/470/502 480/471/503 479/469/500
f 479/469/500 480/471/503 481/472/504
f 480/471/503 482/473/505 481/472/504
f 480/471/503 483/474/506 482/473/505
f 478/468/501 479/469/500 484/475/507
f 482/473/505 478/468/501 484/475/507
f 483/474/506 478/468/501 482/473/505
f 487/476/508 478/468/499 485/477/509
f 483/474/506 488/478/510 486/479/511
f 478/468/499 487/476/508 489/480/512
f 488/478/510 483/474/506 490/481/513
f 483/474/506 491/482/514 490/481/513
f 490/481/513 491/482/514 492/483/515
f 491/482/514 493/484/516 492/483/515
f 491/482/514 494/485/517 493/484/516
f 490/481/513 495/486/518 488/478/510
f 493/484/516 488/478/510 495/486/518
f 494/485/517 488/478/510 493/484/516
f 487/476/508 485/477/509 496/487/519
f 487/476/508 496/487/519 497/488/520
f 488/478/510 487/476/508 497/488/520
f 487/476/508 488/478/510 498/489/521
f 498/489/521 488/478/510 499/490/522
f 488/478/510 500/491/523 499/490/522
f 488/478/510 494/485/517 500/491/523
f 501/492/524 500/491/523 502/493/525
f 502/493/525 498/489/521 501/492/524
f 494/485/517 502/493/525 500/491/523
f 502/493/525 487/476/508 498/489/521
f 502/493/525 494/485/517 503/494/98
f 506/495/526 505/496/88 504/497/87
f 505/496/88 506/495/526 507/498/527
f 502/493/528 508/499/90 504/497/87
f 508/499/90 502/493/528 509/500/529
f 509/500/529 502/493/528 510/501/103
f 502/493/528 512/502/530 510/501/103
f 514/503/100 510/501/103 513/504/531
f 516/505/532 517/506/533 442/507/534
f 515/508/535 518/509/536 519/510/537
f 524/511/538 522/512/539 523/513/540
f 522/512/539 524/511/538 525/514/541
f 526/515/542 528/516/543 527/517/544
f 531/518/545 529/519/546 530/520/547
f 529/519/546 531/518/545 532/521/548
f 521/522/549 533/523/139 520/524/550
f 534/525/551 521/522/549 520/524/550
f 536/526/552 535/527/553 538/528/554
f 537/529/555 538/528/554 535/527/553
f 542/530/556 540/531/557 541/532/558
f 540/531/557 542/530/556 539/533/559
f 545/534/560 543/535/171 544/536/561
f 543/535/171 545/534/560 546/537/562
f 473/464/495 478/468/499 547/538/563
f 511/539/564 548/540/565 489/480/512
f 551/541/566 552/542/567 550/543/568
f 555/544/569 554/545/570 553/546/571
f 556/547/194 552/542/567 555/544/572
f 552/542/567 556/547/194 557/548/573
f 557/548/573 556/547/194 560/549/574
f 556/547/194 561/550/575 560/549/574
f 561/550/575 556/547/194 562/551/576
f 559/552/577 562/551/576 558/553/578
f 558/553/578 564/554/579 563/555/580
f 563/555/580 566/556/581 558/553/578
f 483/474/506 566/556/581 565/557/582
f 564/554/579 483/474/506 565/557/582
f 480/471/503 558/553/578 566/556/581
f 483/474/506 480/471/503 566/556/581
f 564/554/579 558/553/578 491/482/514
f 491/482/514 483/474/506 564/554/579
f 491/482/514 558/553/578 567/558/583
f 558/553/578 562/551/576 567/558/583
f 491/482/514 567/558/583 568/559/584
f 569/560/585 567/558/583 562/551/576
f 570/561/186 569/560/585 562/551/576
f 570/561/186 491/482/514 568/559/584
f 494/485/517 491/482/514 570/561/186
f 562/551/576 494/485/517 570/561/186
f 494/485/517 562/551/576 571/562/191
f 562/551/576 572/563/586 571/562/191
f 562/551/576 573/564/587 572/563/586
f 562/551/576 556/547/194 573/564/587
f 571/562/191 574/565/588 575/566/589
f 573/564/587 575/566/589 574/565/588
f 556/547/194 575/566/589 573/564/587
f 575/566/589 494/485/517 571/562/191
f 577/567/590 578/568/591 576/569/592
f 578/568/591 577/567/590 579/570/593
f 576/569/193 580/571/197 575/566/594
f 445/572/595 575/566/594 580/571/197
f 581/573/596 575/566/594 445/572/595
f 575/566/594 581/573/596 582/574/597
f 494/485/517 575/566/589 583/575/202
f 444/576/37 584/577/598 581/573/207
f 587/578/599 585/579/600 586/580/601
f 587/578/602 589/581/603 463/582/604
f 588/583/605 463/582/604 591/584/606
f 588/583/605 591/584/606 592/585/607
f 588/583/608 593/586/609 594/587/610
f 591/584/606 456/588/611 595/589/612
f 596/590/613 590/591/614 595/589/615
f 598/592/616 594/587/617 599/593/618
f 601/594/619 597/595/620 600/596/621
f 597/595/620 601/594/619 602/597/622
f 456/588/611 457/598/623 600/596/624
f 603/599/625 604/600/626 605/601/627
f 607/602/628 606/603/629 605/601/630
f 604/600/631 608/604/632 607/602/633
f 608/604/632 604/600/631 609/605/634
f 608/604/632 611/606/635 610/607/636
f 615/608/637 613/609/638 612/610/639
f 613/609/638 615/608/637 616/611/640
f 613/609/641 617/612/642 614/613/643
f 611/606/644 609/605/634 615/608/645
f 621/614/232 618/615/229 609/605/634
f 618/615/229 621/614/232 620/616/229
f 620/616/229 619/617/646 618/615/229
f 361/360/383 618/615/229 619/617/646
f 624/618/647 361/360/383 369/368/386
f 623/619/648 624/618/649 625/620/233
f 622/621/234 625/620/233 626/622/650
f 627/623/651 625/620/233 624/618/649
f 631/624/652 628/625/653 629/626/654
f 629/626/654 630/627/655 631/624/652
f 633/628/656 632/629/657 634/630/658
f 635/631/659 634/630/658 632/629/657
f 638/632/660 639/633/661 636/634/662
f 639/633/661 638/632/660 640/635/663
f 637/636/664 639/633/661 641/637/665
f 640/635/663 641/637/665 639/633/661
f 389/388/413 641/637/665 387/386/411
f 628/625/653 631/624/652 642/638/666
f 643/639/667 631/624/652 630/627/655
f 645/640/668 646/641/669 644/642/670
f 648/643/671 647/644/672 646/641/673
f 647/644/672 648/643/671 649/645/674
f 650/646/675 373/373/391 649/645/674
f 652/647/676 651/648/677 654/649/678
f 654/649/678 653/650/679 652/647/676
f 655/651/680 654/649/678 651/648/677
f 653/650/679 654/649/678 656/652/681
f 658/653/682 659/654/683 657/655/684
f 659/654/683 658/653/682 660/656/685
f 603/599/625 661/657/686 662/658/687
f 662/658/687 661/657/686 664/659/688
f 666/660/689 667/661/246 665/662/690
f 661/657/686 667/661/691 664/659/688
f 667/661/246 666/660/689 668/663/692
f 667/661/691 661/657/686 669/664/693
f 663/665/694 669/664/695 670/666/696
f 670/666/696 671/667/697 663/665/694
f 671/667/697 670/666/696 672/668/698
f 673/669/699 670/666/696 669/664/695
f 364/364/381 363/363/380 675/670/700
f 675/670/700 363/363/380 676/671/701
f 363/363/380 360/357/373 676/671/701
f 360/357/373 364/364/381 675/670/700
f 676/671/701 360/357/373 677/672/702
f 360/357/373 675/670/700 677/672/702
f 365/365/382 360/357/373 678/673/703
f 360/357/373 679/674/704 678/673/703
f 681/675/705 365/365/382 680/676/253
f 679/674/704 681/675/705 680/676/253
f 365/365/382 681/675/705 364/364/381
f 679/674/704 360/357/373 682/677/706
f 683/678/707 682/677/706 360/357/373
f 360/357/373 362/362/379 683/678/707
f 684/679/708 681/675/705 685/680/258
f 681/675/705 417/681/709 686/682/261
f 417/681/709 681/675/705 688/683/710
f 691/684/711 688/683/712 689/685/713
f 688/683/712 691/684/711 687/686/714
f 692/687/715 691/684/711 690/688/716
f 694/689/717 693/690/718 681/675/705
f 693/690/718 694/689/717 695/691/718
f 696/692/719 693/690/718 695/691/718
f 697/693/720 693/690/718 696/692/719
f 700/694/721 701/695/722 699/696/723
f 698/697/724 701/695/725 702/698/726
f 703/699/727 701/695/722 700/694/721
f 697/693/720 704/700/728 700/694/721
f 708/701/729 705/702/270 706/703/730
f 707/704/731 708/701/729 706/703/730
f 705/702/270 708/701/729 709/705/271
f 708/701/729 707/704/731 710/706/732
f 712/707/733 713/708/734 711/709/735
f 714/710/736 715/711/737 713/708/738
f 715/711/737 714/710/736 716/712/739
f 432/429/740 717/713/741 716/712/739
f 720/714/742 718/715/743 719/716/744
f 721/717/745 720/714/742 719/716/744
f 718/715/743 720/714/742 722/718/746
f 723/719/747 720/714/742 721/717/745
f 724/720/748 728/721/749 726/722/750
f 725/723/751 728/721/749 724/720/748
f 704/700/728 733/724/752 732/725/753
f 730/726/754 734/727/755 731/728/756
f 733/724/757 735/729/758 734/727/759
f 697/693/760 735/729/758 733/724/757
f 731/728/756 735/729/761 727/730/762
f 736/731/763 697/693/760 737/732/764
f 697/693/760 738/733/765 737/732/764
f 735/729/758 697/693/760 736/731/763
f 738/733/766 740/734/767 739/735/768
f 740/734/767 736/731/763 739/735/768
f 682/677/706 740/734/767 738/733/766
f 736/731/763 740/734/767 735/729/758
f 682/677/706 683/678/707 742/736/769
f 741/737/770 682/677/706 742/736/769
f 740/734/767 682/677/706 741/737/770
f 683/678/707 362/362/379 743/738/771
f 362/362/379 741/737/770 743/738/771
f 741/737/770 362/362/379 740/734/767
f 749/739/772 744/740/773 747/741/774
f 744/740/773 749/739/772 746/742/775
f 747/741/774 750/743/776 749/739/772
f 750/743/776 747/741/774 748/744/777
f 372/372/390 650/646/675 750/743/778
f 745/745/779 372/372/780 746/742/285
f 754/746/781 751/747/782 752/748/783
f 752/748/783 753/749/784 754/746/781
f 751/747/782 754/746/781 371/371/389
f 370/370/388 755/750/785 756/751/786
f 371/371/389 370/370/388 756/751/786
f 370/370/388 373/373/787 755/750/785
f 758/752/788 759/753/789 761/754/790
f 761/754/790 759/753/789 762/755/791
f 759/753/789 760/756/792 762/755/791
f 762/755/791 760/756/792 763/757/793
f 764/758/794 760/756/795 717/713/741
f 764/758/796 457/598/797 758/752/798
f 768/759/799 767/760/800 766/761/801
f 765/762/802 768/759/799 766/761/801
f 768/759/799 765/762/802 770/763/803
f 769/764/804 772/765/805 771/766/806
f 772/765/805 770/763/807 771/766/806
f 772/765/805 764/758/794 770/763/807
f 774/767/707 773/768/808 772/765/809
f 773/768/808 775/769/810 764/758/794
f 776/770/811 764/758/794 775/769/810
f 773/768/808 774/767/707 777/771/812
f 774/767/707 776/770/811 777/771/812
f 774/767/707 594/587/610 776/770/811
f 457/598/797 764/758/796 598/592/813
f 782/772/814 780/773/815 779/774/816
f 778/775/817 782/772/814 779/774/816
f 782/772/814 778/775/817 774/767/707
f 594/587/610 774/767/707 778/775/817
f 778/775/817 781/776/818 594/587/610
f 780/773/815 594/587/610 781/776/818
f 782/772/814 588/583/608 780/773/815
f 594/587/610 780/773/815 588/583/608
f 588/583/608 782/772/814 783/777/819
f 786/778/820 588/583/608 785/779/821
f 784/780/822 786/778/820 787/781/823
f 588/583/608 786/778/820 585/579/600
f 787/781/823 788/782/824 789/783/825
f 793/784/826 791/785/827 790/786/828
f 791/785/827 793/784/826 792/787/829
f 794/788/830 796/789/310 795/790/831
f 796/789/310 794/788/830 797/791/832
f 549/792/833 799/793/834 798/794/835
f 800/795/836 799/793/834 549/792/833
f 801/796/837 804/797/838 803/798/839
f 805/799/840 804/797/838 801/796/837
f 807/800/841 806/801/842 757/802/843
f 806/801/842 807/800/841 808/803/844
f 674/804/845 671/667/697 672/668/698
f 669/664/695 674/804/845 673/669/699
f 809/805/846 671/667/697 674/804/845
f 669/664/695 809/805/846 674/804/845
f 671/667/697 809/805/846 810/806/847
f 811/807/848 671/667/697 810/806/847
f 812/808/849 810/806/847 809/805/846
f 811/807/848 810/806/847 813/809/850
f 809/805/846 814/810/851 812/808/849
f 814/810/851 811/807/848 813/809/850
f 815/811/852 811/807/848 814/810/851
f 814/810/851 809/805/846 815/811/852
f 811/807/848 815/811/852 816/812/853
f 817/813/854 815/811/852 809/805/846
f 815/811/852 817/813/854 818/814/855
f 820/815/856 817/813/854 821/816/857
f 821/816/858 809/805/859 822/817/860
f 824/818/861 823/819/862 822/817/863
f 809/805/846 669/664/695 825/820/864
f 825/820/865 827/821/866 826/822/867
f 830/823/868 828/824/869 829/825/870
f 828/824/869 830/823/868 831/826/330
f 833/827/871 832/828/334 834/829/872
f 835/830/873 834/829/872 832/828/334
f 381/379/399 772/765/809 440/438/473
f 772/765/809 381/379/399 836/831/874
f 381/379/399 370/370/402 836/831/874
f 432/429/740 772/765/805 769/764/804
f 836/831/874 370/370/402 837/832/875
f 370/370/402 838/833/876 837/832/875
f 836/831/874 839/834/877 772/765/809
f 838/833/876 772/765/809 839/834/877
f 370/370/402 774/767/707 838/833/876
f 772/765/809 838/833/876 774/767/707
f 375/835/878 372/372/390 840/836/879
f 372/372/390 841/837/880 840/836/879
f 375/835/881 842/838/882 774/767/707
f 841/837/883 774/767/707 842/838/882
f 774/767/707 370/370/402 375/835/881
f 774/767/707 841/837/883 782/772/814
f 745/745/779 843/839/884 372/372/780
f 782/772/885 843/839/886 844/840/340
f 846/841/341 847/842/887 845/843/888
f 745/745/889 784/780/822 845/843/888
f 847/842/887 846/841/341 848/844/890
f 851/845/891 850/846/345 849/847/892
f 850/846/345 851/845/891 852/848/893
f 853/849/894 855/850/895 854/851/896
f 856/852/897 854/851/896 855/850/895
f 857/853/898 858/854/353 859/855/899
f 860/856/351 859/855/899 858/854/353
f 821/816/858 550/543/568 861/857/900
f 862/858/901 815/811/902 819/859/903
f 861/857/900 550/543/568 863/860/904
f 550/543/568 864/861/354 863/860/904
f 864/861/354 550/543/568 552/542/567
f 862/858/901 552/542/905 865/862/906
f 866/863/907 865/862/906 552/542/905
f 867/864/908 866/863/907 552/542/905
f 480/471/503 865/862/906 868/865/909
f 480/471/503 862/858/901 865/862/906
f 867/864/908 480/471/503 868/865/909
f 558/553/578 480/471/503 867/864/908
f 552/542/905 558/553/578 867/864/908
f 869/866/910 862/858/901 480/471/503
f 862/858/901 869/866/910 870/867/911
f 870/867/911 871/868/912 862/858/901
f 815/811/902 862/858/901 871/868/912
f 869/866/910 475/470/502 872/869/913
f 475/470/502 871/868/912 872/869/913
f 871/868/912 475/470/502 815/811/902
f 480/471/503 475/470/502 869/866/910
f 873/870/359 815/811/902 475/470/502
f 816/812/853 815/811/852 874/871/914
f 468/465/915 816/812/916 875/872/917
f 876/873/918 877/874/919 878/875/361
f 878/875/361 811/807/920 468/465/496
f 802/876/921 811/807/848 879/877/922
f 462/878/923 879/877/922 880/879/924
f 881/880/925 740/734/767 362/362/379
f 740/734/767 881/880/925 882/881/926
f 883/882/927 740/734/767 882/881/926
f 884/883/928 881/880/929 609/605/634
f 609/605/634 883/882/927 884/883/928
f 886/884/930 885/885/931 604/600/631
f 604/600/631 888/886/932 886/884/930
f 735/729/758 885/885/931 887/887/933
f 888/886/932 735/729/758 887/887/933
f 885/885/931 735/729/758 740/734/767
f 740/734/767 604/600/631 885/885/931
f 604/600/631 740/734/767 883/882/927
f 889/888/934 735/729/758 888/886/932
f 888/886/932 604/600/631 889/888/934
f 735/729/758 889/888/934 890/889/935
f 883/882/927 609/605/634 604/600/631
f 727/730/762 890/889/936 891/890/937
f 892/891/938 727/730/762 891/890/937
f 889/888/934 893/892/939 890/889/935
f 889/888/934 892/891/938 893/892/939
f 892/891/938 889/888/934 894/893/940
f 895/894/941 729/895/942 727/730/943
f 729/895/942 895/894/941 897/896/370
f 899/897/369 898/898/944 896/899/945
f 899/897/369 729/895/942 897/896/370
f 900/900/946 898/898/944 899/897/369
f 802/876/947 729/895/942 899/897/369
f 802/876/921 894/893/940 901/901/948
f 802/876/921 901/901/948 902/902/949
f 903/903/950 802/876/921 902/902/949
f 811/807/848 802/876/921 903/903/950
f 901/901/948 671/667/697 904/904/951
f 671/667/697 903/903/950 904/904/951
f 903/903/950 671/667/697 811/807/848
f 894/893/940 671/667/697 901/901/948
f 906/905/952 894/893/940 905/906/953
f 671/667/697 894/893/940 906/905/952
f 894/893/940 907/907/954 905/906/953
f 907/907/954 894/893/940 889/888/934
f 907/907/954 663/665/694 908/908/955
f 663/665/694 906/905/952 908/908/955
f 889/888/934 663/665/694 907/907/954
f 906/905/952 663/665/694 671/667/697
f 910/909/956 889/888/934 909/910/957
f 889/888/934 911/911/958 909/910/957
f 663/665/694 889/888/934 910/909/956
f 911/911/958 889/888/934 604/600/631
f 603/599/959 910/909/956 912/912/960
f 912/912/960 911/911/958 603/599/959
f 913/913/961 917/914/962 915/915/377
f 916/916/963 917/914/964 914/917/965
f 915/915/377 918/918/383 919/919/379
f 918/918/383 920/920/6 923/921/966
f 925/922/967 918/918/383 924/923/968
f 923/921/966 926/924/969 925/922/10
f 920/920/6 926/924/969 923/921/966
f 931/925/970 929/926/395 927/927/971
f 932/928/397 933/929/972 929/926/973
f 930/930/394 929/926/973 933/929/972
f 936/931/974 934/932/975 931/925/976
f 937/933/977 935/934/978 934/932/979
f 941/935/980 935/934/978 940/936/981
f 940/936/981 942/937/982 939/938/983
f 943/939/412 942/937/982 940/936/981
f 940/936/981 935/934/978 944/940/984
f 935/934/978 937/933/977 944/940/984
f 949/941/985 946/942/986 947/943/987
f 948/944/988 949/941/985 947/943/987
f 946/942/986 949/941/985 945/945/989
f 950/946/419 949/941/985 948/944/988
f 948/944/990 941/935/980 951/947/991
f 941/935/980 953/948/992 952/949/993
f 951/947/991 941/935/980 954/950/994
f 958/951/995 956/952/996 957/953/997
f 956/952/996 958/951/995 959/954/998
f 963/955/999 960/946/1000 961/956/1001
f 962/945/1002 963/955/999 961/956/1001
f 960/946/1000 963/955/999 964/944/1003
f 963/955/999 962/945/1002 965/942/1004
f 970/957/1005 967/958/1006 968/959/434
f 968/959/434 969/960/435 970/957/1005
f 967/958/1006 970/957/1005 971/961/1007
f 970/957/1005 969/960/435 972/962/1008
f 973/963/1009 962/945/1010 966/964/463
f 975/965/441 976/966/1011 974/967/29
f 955/968/23 974/967/29 976/966/1011
f 976/966/1011 975/965/441 973/963/1009
f 979/969/1012 976/966/1011 978/970/1013
f 976/966/1011 977/971/1014 978/970/1013
f 977/971/1014 980/972/1015 979/969/1012
f 976/966/1011 979/969/1012 980/972/1015
f 980/972/1015 977/971/1014 981/973/1016
f 976/966/1011 981/973/1016 977/971/1014
f 981/973/1016 976/966/1011 982/974/1017
f 973/963/1009 982/974/1017 976/966/1011
f 981/973/1016 982/974/1017 983/975/1018
f 984/976/1019 981/973/1016 983/975/1018
f 981/973/1016 984/976/1019 985/977/451
f 984/976/1020 986/978/1021 973/963/1009
f 982/974/1017 973/963/1009 986/978/1021
f 966/964/463 988/939/454 973/963/1009
f 988/939/454 989/937/1022 985/977/451
f 990/979/455 985/977/451 989/937/1022
f 966/964/463 991/980/740 990/979/458
f 992/933/1023 993/940/1024 990/979/461
f 988/939/1025 994/981/1026 987/936/1027
f 991/980/740 966/964/463 997/930/468
f 997/930/1028 999/982/1029 995/929/1030
f 999/982/1029 998/927/1031 996/925/1032
f 999/982/1029 997/930/1028 1000/983/1033
f 1000/983/1033 998/927/1031 999/982/1029
f 1001/984/1034 1007/985/1035 1006/986/477
f 1007/985/1035 1001/984/1034 1005/987/1036
f 1008/988/1037 1002/989/1038 1004/990/476
f 1005/987/40 1009/991/44 1008/988/45
f 1010/992/46 1009/991/44 1005/987/40
f 1003/993/595 1012/994/1039 1011/995/1040
f 1011/995/1040 1012/994/1039 1013/996/1041
f 1012/994/1039 1014/997/1042 1013/996/1041
f 1014/997/1042 1012/994/1039 1015/998/48
f 1010/992/1043 1011/995/47 1016/999/51
f 1016/999/51 1014/997/1042 1010/992/1043
f 1020/1000/53 1019/1001/1044 1018/1002/1045
f 1019/1001/1044 1020/1000/53 1021/1003/1046
f 1023/1004/1047 1021/1003/1046 1024/1005/144
f 1024/1005/144 1017/1006/1048 1023/1004/1047
f 1022/1007/1049 1024/1005/144 1021/1003/1046
f 1025/1008/611 1026/1009/1050 1027/1010/797
f 1028/1011/1051 1027/1010/797 1026/1009/1050
f 1026/1009/1050 1025/1008/611 1029/1012/1052
f 1030/1013/1053 1029/1012/1052 1025/1008/611
f 1028/1011/1051 1026/1009/1050 1031/1014/484
f 1030/1013/1053 1028/1011/1051 1031/1014/484
f 1032/1015/1054 1028/1011/1051 1030/1013/1053
f 1025/1008/611 1032/1015/1054 1030/1013/1053
f 1025/1008/1055 1034/1016/1056 1033/1017/1057
f 1032/1015/1054 1035/1018/1058 1028/1011/1051
f 1036/1019/1059 1028/1011/1051 1035/1018/1058
f 1035/1018/1058 1032/1015/1054 1037/1020/1060
f 1036/1019/1059 1035/1018/1058 1038/1021/1061
f 1039/1022/1062 1036/1019/1059 1038/1021/1061
f 1032/1015/1054 1039/1022/1062 1037/1020/1060
f 1036/1019/1059 1039/1022/1062 1040/1023/1063
f 1032/1015/1054 1040/1023/1063 1039/1022/1062
f 1040/1023/1063 1041/1024/1064 1036/1019/1059
f 1042/1025/1065 1036/1019/1059 1041/1024/1064
f 1041/1024/1064 1040/1023/1063 1043/1026/1066
f 1042/1025/1065 1041/1024/1064 1044/1027/1067
f 1045/1028/1068 1042/1025/1065 1044/1027/1067
f 1040/1023/1063 1045/1028/1068 1043/1026/1066
f 1046/1029/1069 1042/1025/1065 1045/1028/1068
f 1040/1023/1063 1046/1029/1069 1045/1028/1068
f 1048/1030/1070 1042/1025/1071 1047/1031/1072
f 1049/1032/1073 1051/1033/74 1050/1034/1074
f 1051/1033/74 1049/1032/1073 1052/1035/498
f 1047/1031/1075 1046/1029/1076 1053/1036/71
f 1048/1030/1070 1051/1033/74 1055/1037/1077
f 1054/1038/1078 1057/1039/1079 1056/1040/1080
f 1056/1040/1080 1057/1039/1079 1059/1041/1081
f 1057/1039/1079 1058/1042/505 1059/1041/1081
f 1059/1041/1081 1058/1042/505 1060/1043/294
f 1066/1044/1082 1063/1045/1083 1064/1046/1084
f 1066/1044/1082 1064/1046/1084 1065/1047/516
f 1065/1047/516 1067/1048/1085 1066/1044/1082
f 1061/1049/1086 1069/1050/1087 1068/1051/1088
f 1061/1049/1086 1055/1037/1089 1071/1052/1090
f 1062/1053/1091 1069/1050/78 1070/1054/1092
f 1069/1050/78 1062/1053/1091 1072/1055/520
f 1076/1056/1093 1074/1057/1094 1075/1058/83
f 1075/1058/83 1077/1059/1095 1076/1056/1093
f 1073/1060/1096 1081/1061/1097 1078/1062/1098
f 1073/1060/1099 1083/1063/1100 1082/1064/1101
f 1083/1063/1100 1085/1065/1102 1084/1066/1103
f 1085/1065/1104 1078/1062/1098 1081/1061/1097
f 1073/1060/1099 1086/1067/1105 1083/1063/1100
f 1086/1067/1105 1085/1065/1102 1083/1063/1100
f 1086/1067/1105 1073/1060/1099 1087/1068/177
f 1079/1069/1106 1088/1070/1107 1080/1071/1108
f 1094/1072/1109 1091/1073/1110 1092/1074/1111
f 1093/1075/109 1094/1072/1109 1092/1074/1111
f 1094/1072/1109 1093/1075/109 1095/1076/1112
f 1090/1073/1113 1097/1077/1114 1096/1078/1115
f 1097/1077/1114 1090/1073/1113 1098/1079/1116
f 1097/1077/1114 1098/1079/1116 1099/1075/1117
f 1102/1080/1118 1100/1081/1119 1089/1082/1120
f 1105/988/1121 1102/1080/1122 1104/990/1123
f 1102/1080/1122 1105/988/1121 1107/1083/1124
f 1103/985/1125 1107/1083/1124 1106/987/1126
f 1108/1084/1127 1100/1081/1128 1103/985/1129
f 1086/1067/1105 1109/1085/1130 1085/1065/1102
f 1111/1086/1131 1109/1085/124 1110/999/1132
f 1109/1085/124 1111/1086/1131 1108/1084/1133
f 1109/1085/1130 1086/1067/1105 1112/1087/1134
f 1113/1088/1135 1112/1087/1134 1086/1067/1105
f 1086/1067/1105 1114/1089/1136 1113/1088/1135
f 1114/1089/1137 1117/1001/1138 1116/1002/1139
f 1118/1006/1140 1119/1004/1141 1115/1090/1142
f 1117/1001/1143 1119/1004/1144 1120/1003/1145
f 1115/1090/1142 1119/1004/1141 1121/1091/1146
f 1122/1092/1147 1108/1084/1148 1115/1090/1149
f 1124/1093/135 1127/1094/1150 1126/1095/1151
f 1127/1094/1150 1124/1093/135 1128/1096/1152
f 1128/1096/1152 1125/1097/1153 1127/1094/1150
f 1125/1097/1153 1128/1096/1152 1123/1098/1154
f 1130/1099/1155 1131/1100/140 1129/1101/138
f 1101/1102/549 1131/1100/140 1132/1103/1156
f 1131/1100/140 1130/1099/1155 1132/1103/1156
f 1136/1093/1157 1134/1104/1158 1133/1095/1159
f 1134/1104/1158 1136/1093/1157 1137/1105/1160
f 1137/1105/1160 1138/1098/1161 1134/1104/1158
f 1134/1104/1158 1138/1098/1161 1135/1097/1162
f 1141/1106/1163 1140/1107/1164 1143/1108/147
f 1143/1108/147 1142/1109/1165 1141/1106/1163
f 1139/1110/146 1143/1108/147 1140/1107/1164
f 1142/1109/1165 1143/1108/147 1144/1111/148
f 1147/1112/1166 1122/1092/1147 1117/1001/1138
f 1145/1113/151 1148/1114/1167 1146/1115/1168
f 1150/1116/1169 1149/1117/1170 1148/1114/1167
f 1148/1114/1167 1145/1113/151 1150/1116/1169
f 1149/1117/1170 1150/1116/1169 1151/1118/154
f 1152/1119/553 1153/1120/1171 1155/1121/158
f 1033/1017/1057 1034/1016/1056 1154/1122/1172
f 1034/1016/1173 1147/1112/1174 1155/1121/158
f 1032/1015/1175 1033/1017/1057 1156/1123/1176
f 1040/1023/1063 1032/1015/1054 1157/1124/1177
f 1157/1124/1177 1147/1112/1166 1158/1125/1178
f 1147/1112/1166 1159/1126/165 1158/1125/1178
f 1040/1023/1063 1157/1124/1177 1160/1127/1179
f 1159/1126/559 1040/1023/1063 1160/1127/1179
f 1040/1023/1063 1159/1126/559 1114/1089/1136
f 1114/1089/1136 1161/1128/1180 1040/1023/1063
f 1046/1029/1069 1040/1023/1063 1161/1128/1180
f 1161/1128/1180 1114/1089/1136 1162/1129/1181
f 1114/1089/1136 1163/1130/171 1162/1129/1181
f 1114/1089/1136 1086/1067/1105 1163/1130/171
f 1046/1029/1069 1163/1130/171 1086/1067/1105
f 1046/1029/1069 1161/1128/1180 1164/1131/1182
f 1163/1130/171 1046/1029/1069 1164/1131/1182
f 1086/1067/1105 1087/1068/177 1166/1132/1183
f 1165/1133/1184 1087/1068/177 1167/1134/1185
f 1087/1068/177 1055/1037/1077 1167/1134/1185
f 1168/1135/1186 1086/1067/1105 1166/1132/1183
f 1086/1067/1105 1168/1135/1186 1046/1029/1069
f 1169/1136/1187 1012/994/1039 1170/1137/566
f 1171/1138/1188 1170/1137/1189 1172/1133/1190
f 1170/1137/566 1012/994/1039 1173/1139/180
f 1174/1140/178 1171/1138/1188 1172/1133/1190
f 1012/994/1039 1174/1140/572 1173/1139/180
f 1012/994/1039 1175/1141/1191 1174/1140/572
f 1178/1142/1192 1171/1138/567 1177/1143/573
f 1177/1143/573 1179/1053/577 1178/1142/1192
f 1177/1143/1193 1180/1144/182 1176/1052/1194
f 1181/1145/184 1176/1052/1194 1180/1144/182
f 1183/1146/1195 1179/1053/1196 1182/1055/1197
f 1190/1147/580 1187/1148/1198 1188/1149/1199
f 1189/1150/1200 1190/1147/580 1188/1149/1199
f 1187/1148/1198 1190/1147/580 1191/1151/1201
f 1192/1152/581 1190/1147/580 1189/1150/1200
f 1186/1153/1202 1193/1045/1203 1194/1154/1204
f 1193/1045/1203 1186/1153/1202 1184/1155/1205
f 1186/1153/1202 1194/1154/1204 1195/1047/1206
f 1185/1156/1207 1196/1157/1208 1197/1158/1209
f 1197/1158/1209 1198/1159/192 1185/1156/1207
f 1199/1160/594 1175/1141/1191 1200/1161/1210
f 1175/1141/1191 1202/1162/200 1201/1163/195
f 1175/1141/1191 1012/994/1039 1202/1162/200
f 1203/1164/197 1202/1162/200 1003/993/595
f 1012/994/1039 1003/993/595 1202/1162/200
f 1206/1165/1211 1204/1166/1212 1205/1167/1213
f 1017/1006/1048 1024/1005/144 1010/992/1043
f 1211/1168/1214 1207/1113/1215 1208/1169/1216
f 1208/1169/1216 1209/1118/210 1211/1168/1214
f 1212/1117/1217 1211/1168/1214 1209/1118/210
f 1207/1113/1215 1211/1168/1214 1213/1115/1218
f 1215/1170/1219 1214/1171/1220 1217/1172/1221
f 1217/1172/1221 1216/1173/602 1215/1170/1219
f 1218/1174/1222 1217/1172/1221 1214/1171/1220
f 1216/1173/602 1217/1172/1221 1219/1175/215
f 1222/1176/1223 1221/1177/606 1225/1178/1224
f 1225/1178/1224 1223/1179/609 1222/1176/1223
f 1220/1180/154 1225/1178/1224 1221/1177/606
f 1223/1179/609 1225/1178/1224 1226/1181/1225
f 1025/1008/611 1224/1182/617 1223/1179/609
f 1034/1016/1056 1025/1008/1055 1221/1177/606
f 1224/1182/617 1229/1183/222 1228/1184/618
f 1229/1183/222 1224/1182/617 1025/1008/611
f 1227/1185/616 1230/1186/1226 1027/1010/797
f 1229/1183/222 1027/1010/797 1230/1186/1226
f 1236/1187/1227 1235/1188/1228 1239/1189/628
f 1240/1190/1229 1242/1191/1230 1238/1192/1231
f 1241/1193/634 1243/1194/635 1240/1190/1232
f 1243/1194/635 1236/1187/1227 1242/1191/636
f 1237/1195/802 1244/1196/1233 1236/1187/1227
f 1236/1187/1227 1243/1194/635 1234/1197/1234
f 1246/1198/1235 1245/1199/645 1241/1193/1236
f 1241/1193/1236 1247/1200/642 1246/1198/1235
f 1247/1200/642 1241/1193/1236 1248/1201/229
f 1247/1200/642 1250/1202/1237 1249/1203/1238
f 1250/1202/1237 1245/1199/645 1249/1203/1238
f 1248/1201/229 1250/1202/1237 1247/1200/642
f 1245/1199/645 1250/1202/1237 1243/1194/635
f 919/919/379 1251/1204/1239 1252/1205/1240
f 1252/1205/1240 1253/1206/232 919/919/379
f 1241/1193/634 919/919/379 1253/1206/232
f 1251/1204/1239 919/919/379 918/918/383
f 1248/1201/229 918/918/383 1254/1207/1241
f 1254/1207/1241 918/918/383 1255/1208/1242
f 918/918/383 1256/1209/647 1255/1208/1242
f 1256/1209/649 1258/1210/1243 1257/1211/1244
f 1258/1210/1243 1254/1207/1241 1257/1211/1244
f 926/924/14 1258/1210/1243 1256/1209/649
f 1254/1207/1241 1258/1210/1243 1248/1201/229
f 1261/1212/1245 1258/1210/1243 1262/1213/659
f 1258/1210/1243 1260/1214/1246 1262/1213/659
f 1260/1214/1246 1263/1215/1247 1261/1212/1245
f 1263/1215/1247 1258/1210/1243 1261/1212/1245
f 1258/1210/1243 926/924/14 1260/1214/1246
f 926/924/14 1263/1215/1247 1260/1214/1246
f 1264/1216/1248 1258/1210/1243 1263/1215/1247
f 1263/1215/1247 941/935/980 1264/1216/1248
f 1264/1216/1248 941/935/980 1265/1217/1249
f 941/935/980 1266/1218/1250 1265/1217/1249
f 1258/1210/1243 1264/1216/1248 1267/1219/661
f 1266/1218/664 1258/1210/1243 1267/1219/661
f 938/1220/1251 1258/1210/1243 1266/1218/664
f 1258/1210/1243 938/1220/1251 1269/1221/1252
f 1269/1221/1252 1248/1201/229 1258/1210/1243
f 1248/1201/229 1269/1221/1252 1259/1222/652
f 1269/1221/1252 938/1220/1251 1268/1223/1253
f 1259/1222/652 1270/1224/667 1248/1201/229
f 938/1220/1251 1270/1224/667 1268/1223/1253
f 1250/1202/1237 1248/1201/229 1270/1224/667
f 1270/1224/667 938/1220/1251 1250/1202/1237
f 1271/1225/1254 1250/1202/1237 938/1220/1251
f 1250/1202/1237 1271/1225/1254 1272/1226/673
f 1272/1226/673 1273/1227/672 1250/1202/1237
f 1271/1225/1254 934/932/979 1274/1228/1255
f 934/932/979 1273/1227/672 1274/1228/1255
f 938/1220/1251 934/932/979 1271/1225/1254
f 1275/1229/1256 1250/1202/1237 1273/1227/672
f 934/932/979 1275/1229/1256 1273/1227/672
f 1250/1202/1237 1275/1229/1256 1276/1230/677
f 1276/1230/677 1243/1194/635 1250/1202/1237
f 1276/1230/677 1275/1229/1256 1277/1231/1257
f 1243/1194/635 1276/1230/677 1278/1232/1258
f 1278/1232/1258 1279/1233/1259 1243/1194/635
f 1275/1229/1256 1279/1233/1259 1277/1231/1257
f 1280/1234/1260 1243/1194/635 1279/1233/1259
f 1275/1229/1256 1280/1234/1260 1279/1233/1259
f 1243/1194/635 1280/1234/1260 1281/1235/1261
f 1234/1197/1234 1243/1194/635 1281/1235/1261
f 1281/1235/1261 1280/1234/1260 1282/1236/242
f 1281/1235/1261 1283/1237/1262 1234/1197/1234
f 1283/1237/1262 1284/1238/1263 1234/1197/1234
f 1280/1234/1260 1284/1238/1263 1282/1236/242
f 1285/1239/686 1234/1197/1234 1284/1238/1263
f 1280/1234/1260 1285/1239/686 1284/1238/1263
f 1286/1240/687 1287/1241/694 1234/1197/1234
f 1287/1241/694 1286/1240/687 1288/1242/690
f 1289/1243/246 1287/1241/694 1288/1242/690
f 1290/1244/695 1287/1241/694 1289/1243/246
f 1292/1245/1264 1294/1246/1265 1291/1247/1266
f 1294/1246/1265 1292/1245/1264 1295/1248/1267
f 1295/1248/1267 1296/1249/845 1294/1246/1265
f 1294/1246/1265 1296/1249/845 1293/1250/1268
f 1297/1251/701 1298/1252/1269 921/1253/1270
f 1298/1252/1269 1297/1251/701 1299/1254/702
f 1301/1255/1271 1300/917/1272 1303/1256/703
f 1303/1256/703 1302/913/1273 1301/1255/1271
f 922/916/1274 1303/1256/703 1300/917/1272
f 1302/913/1273 1303/1256/703 1304/915/1275
f 1307/1257/257 980/972/1015 1309/1258/1276
f 980/972/1015 1308/1259/1277 1309/1258/1276
f 980/972/1015 1305/1260/1278 1308/1259/1277
f 1305/1260/1278 980/972/1015 1310/1261/1279
f 1305/1260/1278 1310/1261/1279 1311/1262/263
f 1312/1263/715 1305/1260/1278 1311/1262/263
f 1310/1261/1279 981/973/1016 1313/1264/1280
f 1312/1263/715 1313/1264/1280 981/973/1016
f 981/973/1016 1310/1261/1279 980/972/1015
f 1305/1260/1278 1312/1263/715 1314/1265/1281
f 981/973/1016 1314/1265/1281 1312/1263/715
f 1315/1266/1282 1314/1265/1283 1318/1267/265
f 1319/1205/1284 1320/1268/1285 1317/1269/1286
f 1320/1268/1287 1318/1267/265 1314/1265/1283
f 1320/1268/1285 1319/1205/1284 1321/1206/1288
f 1322/1270/1289 1324/1271/726 1323/1272/1290
f 1325/1273/1291 1322/1270/1289 1323/1272/1290
f 1324/1271/726 1327/1274/1292 1326/1275/1293
f 1325/1273/1291 1326/1275/1293 1327/1274/1292
f 1327/1274/1292 1324/1271/726 1314/1265/1281
f 1327/1274/1292 1328/1276/1294 1325/1273/1291
f 1314/1265/1281 1329/1277/1295 1327/1274/1292
f 1329/1277/1295 1314/1265/1281 1330/1278/1296
f 1314/1265/1281 1331/1279/1297 1330/1278/1296
f 1314/1265/1281 981/973/1016 1331/1279/1297
f 1331/1279/1297 985/977/451 1332/1280/272
f 1329/1277/1295 1332/1280/272 985/977/451
f 985/977/451 1331/1279/1297 981/973/1016
f 985/977/451 1327/1274/1292 1329/1277/1295
f 1327/1274/1292 985/977/451 1333/1281/1298
f 1327/1274/1292 1333/1281/1298 1335/1282/1299
f 1336/1283/739 1327/1274/1292 1335/1282/1299
f 1327/1274/1292 1336/1283/739 1337/1284/1300
f 1333/1281/1298 991/980/740 1338/1285/1301
f 1336/1283/1302 1338/1285/1301 991/980/740
f 1338/1285/1303 1334/1227/1304 1339/1228/1305
f 991/980/740 1333/1281/1298 985/977/451
f 1328/1276/1294 1342/1286/1306 1341/1287/1307
f 1343/1288/747 1328/1276/1294 1341/1287/1307
f 1342/1286/1306 1337/1284/1300 1340/1289/1308
f 1343/1288/747 1340/1289/1308 1337/1284/1300
f 1328/1276/1294 1327/1274/1292 1342/1286/1306
f 1337/1284/1300 1342/1286/1306 1327/1274/1292
f 1344/1290/1309 1328/1276/1294 1343/1288/747
f 1337/1284/1300 1344/1290/1309 1343/1288/747
f 1346/1291/1310 1344/1290/1309 1345/1292/273
f 1347/1293/751 1345/1292/273 1344/1290/1309
f 1344/1290/1309 1346/1291/1310 1328/1276/1294
f 1349/1294/1311 1346/1291/1312 1348/1295/1313
f 1347/1293/751 1349/1294/1311 1348/1295/1313
f 1344/1290/1309 1350/1296/1314 1347/1293/751
f 1350/1296/1314 1349/1294/1311 1347/1293/751
f 1328/1276/1315 1349/1294/1316 1351/1195/782
f 1351/1195/782 1352/1196/277 1328/1276/1315
f 1353/1192/1317 1328/1276/1315 1352/1196/277
f 1328/1276/1315 1353/1192/1317 1322/1270/1289
f 1355/1297/1318 1353/1192/1319 1354/1189/1320
f 1354/1189/1320 1351/1195/1321 1355/1297/1318
f 1322/1270/1289 1356/1298/1322 1357/1299/1323
f 1357/1299/1324 1361/1300/1325 1359/1301/763
f 1360/1302/1326 1361/1300/1325 1358/1303/1327
f 1361/1300/1325 1357/1299/1324 1362/1304/1328
f 1362/1304/1328 1358/1303/1327 1361/1300/1325
f 1306/1305/707 1365/1306/1329 1316/1307/1330
f 1363/1308/1331 1365/1306/1329 1364/1309/1332
f 1365/1306/1329 1306/1305/707 1366/1310/1333
f 1366/1310/1333 1364/1309/1332 1365/1306/1329
f 1367/1311/1334 1280/1234/1260 1368/1312/284
f 1369/1313/1335 1368/1312/284 1280/1234/1260
f 1280/1234/1260 1370/1314/1336 1369/1313/1335
f 1370/1314/1336 1280/1234/1260 1275/1229/1256
f 1372/1315/1337 1368/1312/284 1371/1316/286
f 1370/1314/1338 1372/1315/1337 1371/1316/286
f 1372/1315/1337 1367/1311/1334 1368/1312/284
f 1372/1315/1339 1275/1229/1340 1373/1317/782
f 1375/1318/1341 1374/1319/783 1275/1229/1256
f 1275/1229/1256 934/932/979 1375/1318/1341
f 1377/1320/1342 1376/1321/1343 1375/1318/1344
f 1375/1318/1344 936/931/974 1378/1322/1345
f 936/931/974 1373/1317/1346 1378/1322/1345
f 1027/1010/797 1344/1290/1309 1379/1323/798
f 1379/1323/798 1344/1290/1309 1380/1324/789
f 1344/1290/1309 1381/1325/795 1380/1324/789
f 1344/1290/1309 1337/1284/1300 1381/1325/795
f 1381/1325/795 1382/1326/1347 1383/1327/1348
f 1379/1323/798 1383/1327/1348 1382/1326/1347
f 1337/1284/741 1386/1320/1349 1385/1321/1350
f 1387/1328/1351 1337/1284/741 1385/1321/1350
f 1382/1326/1347 1337/1284/741 1387/1328/1351
f 1387/1328/807 1384/1317/1352 1388/1322/1345
f 1388/1322/1345 1386/1320/804 1389/1329/806
f 1389/1329/806 1387/1328/807 1388/1322/1345
f 1382/1326/794 1390/1330/809 1392/1331/1353
f 1392/1331/1354 1394/1332/1355 1391/1333/1356
f 1394/1332/1355 1395/1334/1357 1393/1335/1358
f 1394/1332/1355 1392/1331/1354 1396/1336/1359
f 1396/1336/1359 1395/1334/1357 1394/1332/1355
f 1224/1182/617 1382/1326/1360 1395/1334/1361
f 1224/1182/617 1227/1185/1362 1382/1326/1360
f 1400/1337/817 1399/1338/1363 1397/1339/1364
f 1399/1338/1363 1400/1337/817 1402/1340/1365
f 1401/1341/1366 1399/1338/1363 1403/1342/815
f 1402/1340/1365 1403/1342/815 1399/1338/1363
f 1404/1179/1367 1407/1343/823 1406/1181/294
f 1408/1180/1368 1407/1343/1369 1405/1177/820
f 1409/1344/295 1406/1181/294 1407/1343/823
f 1410/1345/297 1398/1346/1370 1406/1181/1371
f 1210/1347/211 1410/1345/1372 1408/1180/1373
f 1410/1345/1372 1210/1347/211 1411/1348/1374
f 1411/1348/1374 1210/1347/211 1413/1120/302
f 1412/1349/1375 1411/1348/298 1414/1350/301
f 1415/1017/1376 1414/1350/301 1411/1348/298
f 1210/1347/211 1416/1119/1377 1413/1120/302
f 1414/1350/301 1415/1017/1376 1417/1123/1378
f 1210/1347/211 1022/1007/55 1416/1119/1377
f 1418/1351/1379 1419/1352/1380 1412/1349/296
f 1419/1352/1380 1418/1351/1379 1420/1353/831
f 1421/1354/1381 1419/1352/1380 1420/1353/831
f 1422/1355/1382 1418/1351/1383 1022/1007/55
f 1022/1007/55 1421/1354/1384 1422/1355/1382
f 1015/998/48 1419/1352/1380 1421/1354/1381
f 1419/1352/1380 1015/998/48 1423/1356/1385
f 1169/1136/1187 1419/1352/1380 1423/1356/1385
f 1169/1136/1187 1423/1356/1385 1424/1357/1386
f 1425/1358/311 1423/1356/1385 1015/998/48
f 1426/1359/836 1169/1136/1187 1424/1357/1386
f 1015/998/48 1426/1359/836 1425/1358/311
f 1012/994/1039 1169/1136/1187 1426/1359/836
f 1426/1359/836 1015/998/48 1012/994/1039
f 1428/1360/1387 1429/1361/1388 1427/1362/838
f 1429/1361/1388 1430/1363/1389 1427/1362/838
f 1430/1363/1389 1028/1011/1051 1431/1364/1390
f 1428/1360/317 1431/1364/1390 1028/1011/1051
f 1028/1011/1051 1430/1363/1389 1350/1296/1314
f 1028/1011/1051 1036/1019/1059 1428/1360/317
f 1432/1365/320 1350/1296/1314 1433/1366/1391
f 1350/1296/1314 1434/1367/1392 1433/1366/1391
f 1350/1296/1314 1432/1365/320 1028/1011/1051
f 1350/1296/1314 1344/1290/1309 1434/1367/1392
f 1027/1010/797 1432/1365/320 1435/1368/1393
f 1434/1367/1392 1027/1010/797 1435/1368/1393
f 1432/1365/320 1027/1010/797 1028/1011/1051
f 1027/1010/797 1434/1367/1392 1344/1290/1309
f 1441/1369/1394 1439/1370/847 1440/1371/849
f 1439/1370/847 1441/1369/1394 1437/1372/1395
f 1440/1371/849 1442/1373/1396 1441/1369/1394
f 1441/1369/1394 1442/1373/1396 1443/1374/1397
f 1446/1375/854 1450/1376/1398 1447/1377/1399
f 1449/1378/1400 1450/1376/1398 1448/1379/1401
f 1450/1376/1398 1446/1375/854 1451/1380/1402
f 1436/1381/1403 1452/1382/1404 1446/1375/854
f 1453/1383/860 1436/1381/1403 1455/1384/1405
f 1436/1381/1403 1456/1385/864 1455/1384/1405
f 1456/1385/864 1457/1386/1406 1454/1387/1407
f 1459/1388/1408 1453/1383/860 1458/1389/1409
f 1290/1244/695 1459/1388/1408 1456/1385/1410
f 1453/1383/860 1459/1388/1408 1452/1382/857
f 1459/1388/1408 1290/1244/695 1460/1390/869
f 1460/1390/869 1290/1244/695 1461/1391/1411
f 1290/1244/695 1462/1392/1412 1461/1391/1411
f 1462/1392/1412 1290/1244/695 1285/1239/686
f 1464/1393/1413 1460/1390/869 1463/1394/1414
f 1462/1392/1412 1464/1393/1413 1463/1394/1414
f 1464/1393/1413 1459/1388/1408 1460/1390/869
f 1285/1239/686 1464/1393/1413 1462/1392/1412
f 1466/1395/336 1285/1239/686 1465/1396/1415
f 1464/1393/1413 1285/1239/686 1466/1395/336
f 1285/1239/686 1467/1397/1416 1465/1396/1415
f 1467/1397/1416 1285/1239/686 1280/1234/1260
f 1467/1397/1416 1367/1311/1334 1468/1398/1417
f 1367/1311/1334 1466/1395/336 1468/1398/1417
f 1280/1234/1260 1367/1311/1334 1467/1397/1416
f 1466/1395/336 1367/1311/1334 1464/1393/1413
f 1390/1330/805 991/980/740 998/927/473
f 1337/1284/741 991/980/740 1386/1320/1349
f 1470/1399/874 1471/1400/1418 1469/1401/1331
f 1469/1401/1331 1471/1400/1418 1473/1402/1419
f 1474/1403/1420 1471/1400/1418 1472/1404/1421
f 1471/1400/1418 1474/1403/1420 1473/1402/1419
f 1478/1405/879 1476/1406/1422 1475/1333/1423
f 1478/1405/879 1477/1335/1424 1476/1406/1422
f 928/1331/1425 1478/1405/879 1475/1333/1423
f 1477/1335/1424 1478/1405/879 1479/1334/880
f 1481/1407/1426 1483/1186/1427 1484/1408/1428
f 1398/1346/1370 1482/1409/1429 1480/1410/1430
f 1481/1407/1426 1398/1346/1370 1480/1410/1430
f 1372/1315/1339 1398/1346/1370 1481/1407/1426
f 1482/1409/1429 1398/1346/1370 1410/1345/297
f 1367/1311/1334 1410/1345/1372 1485/1411/1431
f 1485/1411/1431 1464/1393/1413 1367/1311/1334
f 1464/1393/1413 1485/1411/1431 1486/1412/1432
f 1487/1413/345 1464/1393/1413 1486/1412/1432
f 1485/1411/1431 1410/1345/1372 1488/1414/342
f 1410/1345/1372 1487/1413/345 1488/1414/342
f 1410/1345/1372 1412/1349/296 1487/1413/345
f 1412/1349/296 1464/1393/1413 1487/1413/345
f 1464/1393/1413 1412/1349/296 1489/1415/1433
f 1459/1388/1408 1464/1393/1413 1489/1415/1433
f 1489/1415/1433 1412/1349/296 1490/1416/1434
f 1489/1415/1433 1491/1417/1435 1459/1388/1408
f 1492/1418/1436 1459/1388/1408 1491/1417/1435
f 1412/1349/296 1492/1418/1436 1490/1416/1434
f 1419/1352/1380 1459/1388/1408 1492/1418/1436
f 1492/1418/1436 1412/1349/296 1419/1352/1380
f 1459/1388/1408 1419/1352/1380 1493/1419/1437
f 1493/1419/1437 1452/1382/857 1459/1388/1408
f 1493/1419/1437 1419/1352/1380 1494/1420/1438
f 1452/1382/857 1493/1419/1437 1495/1421/1439
f 1496/1422/351 1452/1382/857 1495/1421/1439
f 1419/1352/1380 1496/1422/351 1494/1420/1438
f 1169/1136/1187 1452/1382/857 1496/1422/351
f 1496/1422/351 1419/1352/1380 1169/1136/1187
f 1498/1423/1440 1499/1424/901 1452/1382/857
f 1448/1379/1441 1452/1382/857 1499/1424/901
f 1498/1423/900 1500/1425/356 1497/1031/1442
f 1499/1424/901 1498/1423/1440 1501/1032/1443
f 1497/1031/1442 1500/1425/356 1502/1036/1444
f 1503/1035/354 1499/1424/901 1501/1032/1443
f 1171/1138/567 1499/1424/901 1503/1035/354
f 1506/1426/1445 1504/1038/1446 1505/1427/1447
f 1505/1427/1447 1507/1042/908 1506/1426/1445
f 1504/1038/1446 1506/1426/1445 1508/1040/1448
f 1506/1426/1445 1507/1042/908 1509/1043/1449
f 1513/1428/1450 1511/1429/1451 1510/1430/910
f 1511/1429/1451 1513/1428/1450 1514/1431/1452
f 1511/1429/1451 1515/1432/1453 1512/1433/912
f 1515/1432/1453 1511/1429/1451 1514/1431/1452
f 1517/1434/1454 1518/1379/1455 1516/1378/1456
f 1445/1377/1457 1519/1435/914 1517/1434/1454
f 1518/1379/1455 1517/1434/1454 1519/1435/914
f 1444/1375/1458 1519/1435/914 1445/1377/1457
f 1042/1025/1071 1048/1030/1070 1516/1378/1456
f 1042/1025/1459 1445/1377/1457 1438/1436/1460
f 1523/1384/1461 1520/1437/1462 1521/1438/1463
f 1522/1387/1464 1523/1384/1461 1521/1438/1463
f 1036/1019/1059 1520/1437/1465 1524/1386/362
f 1522/1387/1466 1036/1019/1059 1524/1386/362
f 1520/1437/1465 1036/1019/1059 1042/1025/1065
f 1036/1019/1059 1522/1387/1466 1429/1361/1388
f 1525/1302/925 1529/1439/367 1526/1303/1467
f 1527/1299/1468 1529/1439/367 1528/1301/927
f 1529/1439/367 1525/1302/925 1530/1440/1469
f 919/919/379 1241/1193/634 1525/1302/929
f 1533/1441/1470 1532/1442/1471 1531/1443/1472
f 1532/1442/1471 1533/1441/1470 1534/1444/1473
f 1534/1444/1473 1535/1445/932 1532/1442/1471
f 1532/1442/1471 1535/1445/932 1536/1446/1474
f 1356/1298/1475 1349/1294/1311 1537/1447/1476
f 1538/1448/1477 1540/1449/939 1537/1447/1476
f 1537/1447/1476 1540/1449/939 1541/1450/1478
f 1540/1449/939 1542/1451/1479 1541/1450/1478
f 1542/1451/1479 1540/1449/939 1539/1452/1480
f 1349/1294/1481 1543/1453/1482 1542/1451/1479
f 1543/1453/1482 1349/1294/1481 1544/1454/1483
f 1544/1454/1483 1350/1296/1484 1545/1455/1485
f 1546/1456/371 1545/1455/1485 1350/1296/1484
f 1429/1361/1388 1543/1453/1482 1546/1456/371
f 1550/1250/1486 1551/1457/1487 1548/1249/950
f 1547/1245/948 1551/1457/1487 1549/1247/1488
f 1551/1457/1487 1550/1250/1486 1552/1458/1489
f 1552/1458/1489 1549/1247/1488 1551/1457/1487
f 1556/1459/1490 1557/1460/955 1554/1461/1491
f 1553/1462/1492 1557/1460/955 1555/1463/952
f 1554/1461/1491 1557/1460/955 1558/1464/1493
f 1557/1460/955 1553/1462/1492 1558/1464/1493
f 1232/1465/1494 1559/1452/1495 1231/1451/1496
f 1560/1448/958 1232/1465/1494 1233/1447/1497
f 1561/1466/1498 1559/1452/1495 1232/1465/1494
f 1559/1452/956 1234/1197/1234 1287/1241/694
f 1235/1188/1228 1234/1197/1234 1560/1448/958
f 1563/240/3 1562/1467/1499 1564/242/1500
f 1569/248/11 1567/244/7 1568/249/1501
f 1567/244/7 1569/248/11 1570/246/12
f 1573/27/1502 1572/1468/424 1571/29/1503
f 1572/1468/424 1573/27/1502 1574/1469/994
f 1577/1470/1504 1578/1471/1505 1576/1472/426
f 1578/1471/1505 1577/1470/1504 1575/1473/1506
f 1579/1474/1507 1580/21/1508 1581/1475/1509
f 1582/19/29 1581/1475/1509 1580/21/1508
f 1583/1476/1510 1586/1477/1511 1585/1478/1512
f 1586/1477/1511 1583/1476/1510 1587/1479/445
f 1584/1480/1513 1588/1481/1514 1589/1482/1515
f 1590/1483/1516 1591/1484/1517 1592/1485/1518
f 1594/1486/1519 1590/1483/1516 1593/1487/1520
f 1593/1487/1520 1595/1488/1521 1594/1486/1519
f 1596/1489/1522 1594/1486/1519 1595/1488/1521
f 1593/1487/1520 1597/1490/1523 1598/116/1524
f 1596/1489/1522 1598/116/1524 1597/1490/1523
f 1599/1491/1525 1594/1486/1519 1596/1489/1522
f 1599/1491/1525 1600/120/50 1594/1486/1519
f 1600/120/1526 1601/1492/478 1603/1493/1527
f 1601/1492/478 1602/122/1042 1603/1493/1527
f 1603/1493/1527 1602/122/1042 1604/1494/1528
f 1604/1494/1529 1606/1495/1530 1599/1491/1531
f 1599/1491/1531 1605/1496/1532 1604/1494/1529
f 1605/1496/1532 1599/1491/1531 1607/1497/479
f 1605/1496/1532 1607/1497/479 1608/1498/1533
f 1610/1499/1534 1605/1496/1532 1609/1500/1535
f 1609/1500/1044 1611/1501/1536 1612/1502/1537
f 1607/1497/479 1612/1502/1537 1611/1501/1536
f 1613/1503/1538 1616/1504/484 1615/1505/1539
f 1616/1504/484 1613/1503/1538 1617/1506/1540
f 1618/1507/1175 1614/1508/1541 1620/1509/1542
f 1619/1510/1543 1623/1511/488 1622/1512/1544
f 1623/1511/488 1619/1510/1543 1624/1513/1545
f 1625/1514/1546 1628/1515/492 1627/1516/1547
f 1628/1515/492 1625/1514/1546 1629/1517/1548
f 1631/1518/1549 1632/1519/1550 1630/1520/1551
f 1630/1520/1551 1632/1519/1550 1633/1521/1552
f 1636/1522/1553 1637/1523/1554 1638/1524/1555
f 1639/1525/1092 1640/1526/1556 1635/1527/1557
f 1634/1528/1558 1635/1527/1557 1640/1526/1556
f 1643/1529/1559 1641/1530/1560 1642/1531/1561
f 1641/1530/1560 1643/1529/1559 1644/1532/1562
f 1650/1533/1563 1649/190/1564 1648/186/1565
f 1649/190/1564 1650/1533/1563 1651/191/93
f 1655/1534/1566 1653/197/1567 1654/194/1568
f 1654/194/1568 1647/1535/1108 1656/1536/1569
f 1647/1535/1108 1654/194/1568 1646/192/98
f 1647/1535/1108 1645/1537/1570 1656/1536/1569
f 1658/1538/1120 1647/1535/1108 1657/195/1107
f 1658/1538/1120 1655/1534/1566 1652/1539/1571
f 1658/1538/1120 1591/1484/1517 1647/1535/1108
f 1590/1483/1516 1592/1485/1518 1659/1540/1109
f 1660/1541/1572 1590/1483/1516 1659/1540/1109
f 1590/1483/1516 1660/1541/1572 1597/1490/1573
f 1592/1485/1518 1662/1542/1574 1661/1543/1575
f 1662/1542/1574 1660/1541/1572 1661/1543/1575
f 1662/1542/1574 1597/1490/1573 1660/1541/1572
f 1662/1542/1574 1592/1485/1518 1591/1484/1517
f 1662/1542/1574 1591/1484/1517 1663/1544/536
f 1658/1538/1120 1663/1544/536 1591/1484/1517
f 1662/1542/1574 1663/1544/536 1664/1545/1576
f 1663/1544/536 1658/1538/1120 1665/1546/1577
f 1666/1547/1578 1662/1542/1574 1664/1545/1576
f 1666/1547/1578 1665/1546/1577 1658/1538/1120
f 1662/1542/1574 1666/1547/1578 1667/1548/1128
f 1658/1538/1120 1667/1548/1128 1666/1547/1578
f 1667/1548/1128 1668/1549/1579 1662/1542/1574
f 1597/1490/1573 1662/1542/1574 1668/1549/1579
f 1652/1539/1571 1669/1550/1118 1658/1538/1120
f 1668/1549/1579 1667/1548/1128 1670/1551/1580
f 1669/1550/1118 1652/1539/1571 1671/1552/540
f 1652/1539/1571 1672/1553/1125 1671/1552/540
f 1667/1548/1581 1669/1550/1582 1673/41/1583
f 1672/1553/1125 1667/1548/1581 1673/41/1583
f 1652/1539/1571 1674/1554/1584 1672/1553/1125
f 1674/1554/1584 1652/1539/1571 1675/48/1130
f 1676/1555/543 1675/48/1130 1678/1556/1585
f 1678/1556/1585 1679/47/127 1676/1555/543
f 1679/47/127 1678/1556/1585 1680/1557/1135
f 1680/1557/1586 1674/1554/1133 1677/1558/1587
f 1674/1554/1133 1680/1557/1586 1681/1559/1137
f 1681/1559/1137 1682/1560/1142 1674/1554/1133
f 1682/1560/1142 1681/1559/1137 1683/1561/1588
f 1686/1562/1589 1682/1560/1142 1685/1563/1146
f 1684/1564/1138 1686/1562/1589 1685/1563/1146
f 1688/1565/1153 1687/1566/1590 1674/1554/1133
f 1689/1567/1151 1674/1554/1133 1687/1566/1590
f 1667/1548/1128 1674/1554/1133 1689/1567/1151
f 1674/1554/1133 1686/1562/1147 1688/1565/1153
f 1690/1568/1591 1667/1548/1128 1689/1567/1151
f 1690/1568/1591 1689/1567/1151 1691/1569/1592
f 1688/1565/1153 1690/1568/1591 1691/1569/1592
f 1690/1568/1591 1688/1565/1153 1686/1562/1147
f 1667/1548/1128 1690/1568/1591 1692/1570/1593
f 1667/1548/1128 1692/1570/1593 1670/1551/1580
f 1597/1490/1573 1668/1549/1579 1693/1571/1156
f 1692/1570/1593 1597/1490/1573 1693/1571/1156
f 1690/1568/1591 1597/1490/1573 1692/1570/1593
f 1690/1568/1591 1694/1572/1594 1597/1490/1573
f 1599/1491/1595 1597/1490/1573 1694/1572/1594
f 1599/1491/1595 1694/1572/1594 1695/1573/1596
f 1696/1574/1597 1599/1491/1595 1695/1573/1596
f 1694/1572/1594 1690/1568/1591 1697/1575/1598
f 1696/1574/1597 1697/1575/1598 1690/1568/1591
f 1690/1568/1591 1612/1502/1599 1696/1574/1597
f 1612/1502/1599 1690/1568/1591 1698/1576/1164
f 1686/1562/1147 1698/1576/1164 1690/1568/1591
f 1612/1502/1599 1698/1576/1164 1699/1577/1600
f 1700/1578/1165 1612/1502/1599 1699/1577/1600
f 1701/1579/1601 1612/1502/1599 1700/1578/1165
f 1698/1576/1164 1686/1562/1147 1702/1580/1602
f 1700/1578/1165 1702/1580/1602 1686/1562/1147
f 1686/1562/1147 1701/1579/1601 1700/1578/1165
f 1701/1579/1601 1686/1562/1147 1703/1581/1168
f 1704/1582/1603 1703/1581/1168 1686/1562/1147
f 1701/1579/1601 1703/1581/1168 1705/1583/1604
f 1706/1584/1605 1701/1579/1601 1705/1583/1604
f 1681/1559/1137 1704/1582/1603 1684/1564/1606
f 1701/1579/1601 1706/1584/1605 1621/1585/1173
f 1704/1582/1603 1621/1585/1173 1706/1584/1605
f 1704/1582/1603 1706/1584/1605 1707/1586/1607
f 1703/1581/1168 1704/1582/1603 1707/1586/1607
f 1621/1585/1056 1709/288/158 1708/289/1608
f 1709/288/158 1618/1507/1175 1710/1587/1609
f 1618/1507/1175 1709/288/158 1704/1582/1603
f 1618/1507/1175 1704/1582/1603 1712/1588/1177
f 1711/290/1610 1714/1589/1611 1712/1588/1177
f 1714/1589/1611 1711/290/1610 1715/1590/1612
f 1704/1582/1603 1681/1559/1137 1713/292/165
f 1717/1591/1613 1718/1592/1182 1716/1593/1614
f 1718/1592/1182 1717/1591/1613 1719/1594/560
f 1722/1595/1615 1720/1596/1616 1721/1597/1184
f 1720/1596/1616 1722/1595/1615 1723/1598/1617
f 1726/1599/1618 1725/1600/566 1724/1601/1619
f 1725/1600/566 1726/1599/1618 1727/1602/1190
f 1728/1603/1620 1730/1604/1621 1729/1605/573
f 1730/1604/1621 1728/1603/1620 1731/1606/1622
f 1735/1607/1623 1734/1608/583 1732/1609/1205
f 1738/1610/1624 1736/1611/1625 1737/1612/1626
f 1736/1611/1625 1738/1610/1624 1733/1613/1627
f 1741/90/200 1742/1614/1628 1740/86/195
f 1742/1614/1628 1741/90/200 1743/91/1629
f 1739/1615/1630 1747/1616/1631 1746/1617/1632
f 1747/1616/1631 1748/94/204 1746/1617/1632
f 1745/1618/1633 1748/94/1634 1744/100/207
f 1748/94/204 1747/1616/1631 1749/93/202
f 1747/1616/1635 1590/1483/1516 1750/95/1636
f 1590/1483/1516 1747/1616/1635 1591/1484/1517
f 1590/1483/1516 1594/1486/1519 1745/1618/1633
f 1612/1502/1599 1599/1491/1595 1696/1574/1597
f 1752/1619/1217 1610/1499/1534 1751/1620/1637
f 1610/1499/1534 1753/1621/1218 1751/1620/1637
f 1610/1499/1534 1612/1502/1599 1753/1621/1218
f 1755/1622/1638 1610/1499/1534 1752/1619/1217
f 1753/1621/1218 1701/1579/1601 1754/1623/1639
f 1701/1579/1601 1753/1621/1218 1612/1502/1599
f 1752/1619/1217 1754/1623/1639 1701/1579/1601
f 1701/1579/1601 1755/1622/1638 1752/1619/1217
f 1755/1622/1638 1701/1579/1601 1756/1624/1220
f 1755/1622/1638 1756/1624/1220 1757/1625/1219
f 1755/1622/1640 1758/1626/599 1759/1627/1641
f 1756/1624/1220 1621/1585/1173 1760/1628/1642
f 1621/1585/1056 1759/1627/1641 1758/1626/599
f 1621/1585/1173 1756/1624/1220 1701/1579/1601
f 1762/1629/609 1759/1627/1643 1761/1630/607
f 1614/1508/611 1762/1629/1644 1763/1631/612
f 1764/1632/1645 1766/1633/619 1765/1634/1362
f 1767/1635/1646 1768/1636/628 1769/1637/632
f 1772/1638/1647 1773/1639/642 1771/1640/641
f 1774/1641/1648 1776/1642/1649 1775/1643/1650
f 1776/1642/1649 1777/253/1651 1775/1643/1650
f 1776/1642/1649 1774/1641/1648 1778/1644/1652
f 1777/253/1651 1776/1642/1649 1779/255/229
f 1782/1645/658 1781/1646/1653 1780/1647/656
f 1781/1646/1653 1782/1645/658 1783/1648/1654
f 1786/1649/1655 1784/1650/1656 1785/1651/1657
f 1788/1652/673 1787/1653/1658 1789/1654/1659
f 1770/1655/1660 1791/1656/1262 1790/1657/1661
f 1791/1656/1262 1770/1655/1660 1792/1658/1662
f 1793/1659/1663 1795/1660/690 1794/1661/687
f 1795/1660/690 1793/1659/1663 1796/1662/689
f 1565/1663/1270 1797/1664/700 1798/1665/1664
f 1797/1664/700 1565/1663/1270 1799/1666/1665
f 1801/1/253 1566/1667/1666 1800/3/1667
f 1803/12/1668 1804/11/1669 1802/7/1670
f 1805/10/1671 1802/7/1670 1804/11/1669
f 1808/1668/1672 1807/1669/1673 1806/1670/1674
f 1809/220/1675 1808/1668/1672 1806/1670/1674
f 1807/1669/1673 1808/1668/1672 1810/1671/1676
f 1811/218/718 1808/1668/1672 1809/220/1675
f 1814/1672/1290 1812/1673/1677 1813/1674/1678
f 1815/1675/1679 1816/1676/738 1817/1677/1680
f 1820/1678/750 1819/1679/1681 1818/1680/1682
f 1819/1679/1681 1820/1678/750 1821/1681/1683
f 1823/1682/1684 1824/1683/1320 1822/1684/1685
f 1825/1685/819 1827/1686/821 1759/1627/1641
f 1825/1685/819 1826/1687/822 1828/1688/1686
f 1831/152/829 1755/1622/1638 1830/151/304
f 1833/1689/1687 1831/152/829 1832/1690/1688
f 1826/1687/1689 1833/1689/1687 1829/1691/1690
f 1833/1689/1687 1610/1499/1534 1831/152/829
f 1610/1499/1534 1833/1689/1687 1834/1692/1691
f 1834/1692/1691 1836/1693/830 1835/156/1692
f 1837/1694/1693 1835/156/1692 1836/1693/830
f 1605/1496/1532 1610/1499/1534 1838/157/832
f 1839/1695/1694 1841/1696/1695 1840/1697/1696
f 1842/1698/1386 1840/1697/1696 1841/1696/1695
f 1845/1699/838 1844/1700/1697 1843/1701/1698
f 1844/1700/1697 1845/1699/838 1846/1702/1389
f 1847/1703/842 1850/1704/1699 1848/1705/1700
f 1849/1706/1391 1850/1704/1699 1847/1703/842
f 1853/343/903 1851/1707/852 1852/1708/855
f 1855/1709/1404 1853/343/1401 1854/344/856
f 1856/1710/1407 1857/1711/1701 1858/1712/865
f 1860/1713/1702 1861/1714/1703 1859/1715/870
f 1861/1714/1703 1860/1713/1702 1862/1716/1704
f 1865/1717/1705 1864/1718/1706 1863/1719/1707
f 1864/1718/1706 1865/1717/1705 1866/1720/1708
f 1867/1721/1709 1869/1722/887 1868/1723/1710
f 1871/1724/1432 1870/1725/1431 1872/1726/1711
f 1873/1727/1712 1872/1726/1711 1870/1725/1431
f 1874/1728/1713 1876/1729/1714 1875/1730/1715
f 1877/1731/1435 1875/1730/1715 1876/1729/1714
f 1880/1732/898 1879/1733/1437 1878/1734/1716
f 1879/1733/1437 1880/1732/898 1881/1735/1439
f 1882/1736/1717 1884/1737/1718 1883/1738/1440
f 1884/1737/1718 1882/1736/1717 1885/1739/1719
f 1851/1707/902 1886/307/1720 1887/1740/914
f 1886/307/359 1626/1741/496 1888/309/1721
f 1891/1742/1722 1890/1743/1723 1889/1744/1724
f 1893/1745/941 1894/1746/1725 1892/1747/1726
f 1892/1747/1726 1894/1746/1725 1895/1748/1727
f 1896/1749/1728 1897/1750/1729 1898/1751/1730
f 1899/1752/1731 1898/1751/1730 1897/1750/1729
f 1897/1750/1729 1900/1753/1732 1899/1752/1731
f 1901/1754/965 1899/1752/1731 1900/1753/1732
f 1897/1750/1729 1896/1749/1728 1902/1755/964
f 1896/1749/1728 1901/1754/965 1902/1755/964
f 1896/1749/1728 1903/1756/1733 1901/1754/965
f 1899/1752/1731 1901/1754/965 1903/1756/1733
f 1899/1752/1731 1903/1756/1733 1904/1757/1270
f 1906/1758/1734 1907/1759/1501 1905/1760/968
f 1903/1756/1733 1906/1758/8 1908/1761/12
f 1908/1761/12 1909/1762/1735 1903/1756/1733
f 1911/1763/397 1910/1764/396 1913/1765/975
f 1913/1765/975 1912/1766/972 1911/1763/397
f 1912/1766/972 1915/1767/1736 1914/1768/1737
f 1915/1767/1736 1910/1764/1738 1914/1768/1737
f 1912/1766/972 1913/1765/975 1916/1769/978
f 1916/1769/978 1915/1767/1736 1912/1766/972
f 1910/1764/1738 1915/1767/1736 1917/1770/974
f 1913/1765/1739 1919/1771/1251 1918/1772/1740
f 1918/1772/1740 1919/1771/1251 1920/1773/983
f 1919/1771/1251 1921/1774/1741 1920/1773/983
f 1921/1774/1741 1919/1771/1251 1922/1775/1742
f 1923/1776/1743 1921/1774/1744 1924/1777/1745
f 1916/1769/978 1922/1775/1746 1925/1778/1747
f 1926/1779/987 1925/1778/1747 1922/1775/1746
f 1922/1775/1746 1927/1780/990 1926/1779/987
f 1929/1781/1748 1925/1778/1747 1928/1782/1749
f 1927/1780/1750 1929/1781/1748 1928/1782/1749
f 1925/1778/1747 1929/1781/1748 1916/1769/978
f 1930/1783/24 1929/1781/1748 1927/1780/1750
f 1931/1784/423 1933/1785/424 1932/1786/18
f 1935/1787/994 1932/1786/18 1933/1785/424
f 1935/1787/994 1922/1775/980 1932/1786/18
f 1934/1788/992 1930/1783/24 1935/1787/1751
f 1930/1783/24 1936/1789/25 1937/1790/996
f 1929/1781/1748 1930/1783/24 1937/1790/996
f 1937/1790/996 1936/1789/25 1938/1791/1752
f 1929/1781/1748 1937/1790/996 1939/1792/998
f 1938/1791/1752 1929/1781/1748 1939/1792/998
f 1936/1789/25 1929/1781/1748 1938/1791/1752
f 1929/1781/1748 1941/1793/1753 1940/1794/1754
f 1942/1795/1755 1929/1781/1748 1940/1794/1754
f 1941/1793/1753 1929/1781/1748 1936/1789/25
f 1916/1769/978 1944/1796/1007 1943/1797/1756
f 1946/1798/1008 1916/1769/978 1943/1797/1756
f 1944/1796/1007 1916/1769/978 1929/1781/1748
f 1915/1767/1736 1916/1769/978 1946/1798/1008
f 1944/1796/1007 1947/1799/1757 1945/1800/1758
f 1929/1781/1748 1947/1799/1757 1944/1796/1007
f 1947/1799/1757 1946/1798/1008 1945/1800/1758
f 1946/1798/1008 1947/1799/1757 1915/1767/1736
f 1947/1799/1757 1929/1781/1748 1942/1795/1755
f 1942/1795/1755 1948/1801/1759 1947/1799/1757
f 1948/1801/1759 1942/1795/1755 1949/1802/1760
f 1941/1793/1761 1948/1801/1759 1949/1802/1760
f 1936/1789/25 1951/1803/1762 1950/1804/1763
f 1951/1803/1762 1936/1789/25 1952/1805/1764
f 1952/1805/1764 1948/1801/1765 1951/1803/1762
f 1948/1801/1765 1950/1804/1763 1954/1806/1766
f 1953/1807/1767 1954/1806/1766 1950/1804/1763
f 1954/1806/1766 1953/1807/1767 1955/1808/1768
f 1957/1809/1769 1959/1810/1770 1958/1811/1771
f 1959/1810/1770 1957/1809/1769 1960/1812/1013
f 1964/1813/1772 1965/1814/1773 1963/1815/1774
f 1962/1816/1775 1965/1814/1773 1956/1817/1776
f 1965/1814/1773 1964/1813/1772 1966/1818/1777
f 1967/1819/1778 1948/1801/1759 1964/1813/1772
f 1948/1801/1759 1967/1819/1778 1968/1820/1779
f 1968/1820/1779 1967/1819/1778 1969/1821/457
f 1967/1819/1778 1970/1822/1780 1969/1821/457
f 1970/1822/1780 1967/1819/1778 1971/1823/1781
f 1968/1820/1782 1973/1824/1783 1972/1825/1784
f 1947/1799/1757 1971/1823/1785 1974/1826/1030
f 1974/1826/1030 1915/1767/1736 1947/1799/1757
f 1974/1826/1030 1971/1823/1785 1975/1827/1786
f 1971/1823/1785 1976/1828/1032 1975/1827/1786
f 1915/1767/1736 1974/1826/1030 1977/1829/1787
f 1977/1829/1787 1976/1828/1788 1915/1767/1736
f 1984/1830/1789 1981/1831/49 1983/1832/51
f 1981/1831/49 1984/1830/1789 1982/1833/1529
f 1987/1834/1536 1985/1835/1044 1986/1836/1047
f 1991/1837/1790 1992/1838/1791 1990/1839/1792
f 1992/1838/1791 1993/1840/57 1990/1839/1792
f 2001/1841/1793 1998/1842/1794 2000/1843/1060
f 1998/1842/1794 2001/1841/1793 1996/1844/1795
f 2003/1845/1064 2005/1846/1066 2002/1847/1796
f 2002/1847/1796 2005/1846/1066 2006/1848/1797
f 2004/1849/1459 2007/1850/1076 2008/1851/1798
f 2009/1852/1070 2008/1851/1551 2010/1853/1799
f 2011/1854/1800 2009/1852/1070 2010/1853/1799
f 2007/1850/1076 2011/1854/74 2012/1855/1801
f 2011/1854/74 2007/1850/1076 2013/1856/1089
f 2013/1856/1089 2014/1857/1080 2009/1852/1802
f 2015/1858/1803 2009/1852/1802 2014/1857/1080
f 2015/1858/1803 2014/1857/1080 2016/1859/1081
f 2017/1860/1804 2015/1858/1803 2016/1859/1081
f 2015/1858/1803 2017/1860/1804 2018/1861/1086
f 2013/1856/1089 2018/1861/1086 2017/1860/1804
f 2014/1857/1080 2013/1856/1089 2019/1862/1805
f 2017/1860/1804 2019/1862/1805 2013/1856/1089
f 2023/1863/1806 2022/1864/1555 2020/1865/1082
f 2024/1866/77 2023/1863/1806 2020/1865/1082
f 2023/1863/1806 2018/1861/1086 2022/1864/1555
f 2022/1864/1555 2025/1867/1807 2021/1868/1808
f 2025/1867/1807 2024/1866/77 2021/1868/1808
f 2025/1867/1807 2022/1864/1555 2018/1861/1086
f 2023/1863/1806 2024/1866/77 1979/1869/1809
f 2025/1867/1807 1979/1869/1809 2024/1866/77
f 2026/1870/1087 2018/1861/1810 2027/1871/1811
f 2018/1861/1810 2028/1872/1090 2027/1871/1811
f 2028/1872/1812 2030/1873/1813 2029/1874/81
f 2030/1873/1813 2026/1870/1087 2029/1874/81
f 2013/1856/1089 2030/1873/1813 2028/1872/1812
f 2026/1870/1087 2030/1873/1813 2025/1867/1807
f 2031/1875/1093 2025/1867/1807 2032/1876/1814
f 2025/1867/1807 2030/1873/1813 2032/1876/1814
f 2033/1877/1815 2025/1867/1807 2031/1875/1093
f 2025/1867/1807 2033/1877/1815 1979/1869/1809
f 2035/1878/1570 2033/1877/1815 2034/1879/1816
f 2032/1876/1814 2035/1878/1570 2034/1879/1816
f 2035/1878/1570 1979/1869/1809 2033/1877/1815
f 2035/1878/1570 2032/1876/1814 2030/1873/1813
f 2035/1878/1570 2036/1880/1817 1979/1869/1809
f 2037/1881/526 2030/1873/1818 2038/1882/1101
f 2040/1883/1104 2037/1881/526 2039/1884/1819
f 2030/1873/1813 2013/1856/1089 2042/1885/564
f 2035/1878/1570 2043/1886/1566 2044/1887/1820
f 2043/1886/1566 2035/1878/1570 2040/1883/1102
f 2043/1886/1821 2045/1888/1822 2041/1889/1823
f 2045/1888/1822 2046/1890/1824 2041/1889/1823
f 2043/1886/1821 2047/1891/1825 2045/1888/1822
f 2048/1892/109 2050/1893/1826 2049/1894/1827
f 2051/1895/1114 2052/1896/1828 2053/1897/1829
f 2054/1898/1830 2056/1899/1831 2055/1900/1587
f 2057/1901/1832 2055/1900/1587 2056/1899/1831
f 2059/1902/1144 2058/1903/1138 2060/1904/1833
f 1997/1905/1834 2061/1906/1835 1994/1907/1836
f 2061/1906/1835 1997/1905/1834 2062/1908/1172
f 2064/1909/1837 2065/1910/1178 2063/1911/1838
f 2066/1912/166 2063/1911/1838 2065/1910/1178
f 2067/1913/1180 2069/1914/1181 2068/1915/1613
f 2068/1915/1613 2069/1914/1181 2070/1916/172
f 2071/1917/563 2073/1918/174 2072/1919/176
f 2075/1920/1186 2073/1918/174 2071/1917/563
f 2075/1920/1617 2074/1921/1839 2013/1856/1089
f 2013/1856/1089 2007/1850/1076 2075/1920/1617
f 2078/1922/1840 2077/1923/1619 2076/1924/1841
f 2077/1923/1619 2078/1922/1840 2080/1925/1842
f 2079/1926/566 2082/1927/1843 2077/1923/1619
f 2082/1927/1843 2079/1926/566 2083/1928/1844
f 2078/1922/1845 2084/1929/1846 2081/1930/1847
f 2084/1929/1846 2078/1922/1845 2085/1931/1620
f 2085/1931/1620 2087/1932/184 2084/1929/1846
f 2088/1933/1848 2084/1929/1846 2087/1932/184
f 2085/1931/1620 2086/1934/1849 2089/1935/1850
f 2086/1934/1849 2088/1933/183 2089/1935/1850
f 2084/1929/1846 2088/1933/1848 2090/1936/1851
f 2090/1936/1851 2086/1934/1852 2091/1937/1205
f 2090/1936/1851 2092/1938/1853 2084/1929/1846
f 2023/1863/1806 2091/1937/1205 2086/1934/1852
f 2090/1936/1851 2091/1937/1205 2093/1939/1854
f 2086/1934/1852 2094/1940/1803 2023/1863/1806
f 2094/1940/1803 2086/1934/1852 2095/1941/1199
f 2086/1934/1852 2096/1942/1200 2095/1941/1199
f 2086/1934/1852 2015/1858/1803 2096/1942/1200
f 2097/1943/1855 2018/1861/1086 2094/1940/1803
f 2096/1942/1200 2018/1861/1086 2097/1943/1855
f 2018/1861/1086 2023/1863/1806 2094/1940/1803
f 2015/1858/1803 2018/1861/1086 2096/1942/1200
f 2091/1937/1205 2023/1863/1806 2098/1944/1856
f 2023/1863/1806 2099/1945/187 2098/1944/1856
f 2099/1945/187 2090/1936/1851 2093/1939/1854
f 2090/1936/1851 2099/1945/187 1979/1869/1809
f 2023/1863/1806 1979/1869/1809 2099/1945/187
f 2090/1936/1851 1979/1869/1809 2100/1946/1857
f 2090/1936/1851 2100/1946/1857 2101/1947/1858
f 2092/1938/1853 2090/1936/1851 2101/1947/1858
f 2100/1946/1857 2103/1948/1859 2102/1949/192
f 2092/1938/1853 2102/1949/192 2103/1948/1859
f 2103/1948/1859 2100/1946/1857 1979/1869/1809
f 2103/1948/1859 2084/1929/1846 2092/1938/1853
f 2105/1950/593 2084/1929/1860 2104/1951/1861
f 2104/1951/1861 1980/1952/1862 2106/1953/1863
f 2103/1948/1859 2108/1954/1633 1980/1952/1864
f 2108/1954/1633 2103/1948/1859 2109/1955/1865
f 2103/1948/1859 1979/1869/1809 2110/1956/1866
f 2107/1957/1867 2111/1958/1868 2108/1954/1869
f 2111/1958/1868 2107/1957/1867 2112/1959/598
f 1978/1960/1870 2108/1954/1869 2111/1958/1868
f 2113/1961/211 2115/1962/1871 2114/1963/1221
f 2115/1962/1871 1995/1964/155 2117/1965/1872
f 1995/1964/155 2116/1966/1873 2118/1967/1874
f 2119/1968/219 2118/1967/1874 2116/1966/1873
f 2120/1969/1875 2116/1966/1873 2121/1970/1876
f 1988/1971/1877 2118/1967/1878 2122/1972/221
f 2126/1973/1879 2124/1974/1880 2125/1975/1881
f 2124/1974/1880 2126/1973/1879 2127/1976/1882
f 2125/1975/1881 1989/1977/1883 2128/1978/1884
f 1989/1977/1883 2123/1979/620 2128/1978/1884
f 2123/1979/620 1989/1977/1883 1988/1971/1877
f 2129/1980/1885 2130/1981/1886 2131/1982/1887
f 2130/1981/1886 2132/1983/1888 2131/1982/1887
f 2134/1984/1889 2130/1981/1890 2135/1985/1891
f 2134/1984/1889 2135/1985/1891 2136/1986/1892
f 2137/1987/1231 2134/1984/1889 2136/1986/1892
f 2134/1984/1889 2137/1987/1231 2138/1988/1893
f 2140/1989/1894 2137/1987/1646 2139/1990/636
f 2138/1988/1895 2141/1991/1896 2142/1992/639
f 2141/1991/1897 2130/1981/1890 2143/1993/1898
f 2142/1992/1899 2147/1994/1238 2145/1995/645
f 2146/1996/1900 2147/1994/1238 2144/1997/643
f 2147/1994/1238 2142/1992/1899 2148/1998/1901
f 2148/1998/1901 2144/1997/643 2147/1994/1238
f 2138/1988/1895 2144/1997/1902 2149/1999/1903
f 2149/1999/1903 2150/2000/1904 2138/1988/1895
f 1898/1751/1730 2138/1988/1895 2150/2000/1904
f 2150/2000/1904 2151/2001/1905 1898/1751/1730
f 2152/2002/1906 1898/1751/1730 2151/2001/1905
f 1898/1751/1730 2152/2002/1906 1896/1749/1728
f 2149/1999/1903 1896/1749/1728 2152/2002/1906
f 2155/2003/650 2157/2004/1907 2153/2005/1241
f 2154/2006/649 2157/2004/1907 2156/2007/651
f 2157/2004/1907 2155/2003/650 2158/2008/1908
f 2158/2008/1908 2156/2007/651 2157/2004/1907
f 2162/2009/1909 2160/2010/1910 2161/2011/1911
f 2160/2010/1910 2162/2009/1909 2163/2012/1912
f 1922/1775/1742 2164/2013/1913 1934/1788/992
f 2164/2013/1913 1930/1783/24 1934/1788/992
f 2166/2014/1249 2168/2015/664 2167/2016/1914
f 2165/2017/1656 2167/2016/1915 2169/2018/660
f 2170/2019/665 2167/2016/1914 2168/2015/664
f 2168/2015/1916 1922/1775/1742 1919/1771/1251
f 2171/2020/1917 2159/2021/653 2172/2022/1253
f 2173/2023/666 2172/2022/1253 2159/2021/653
f 2174/2024/1254 2178/2025/1918 2175/2026/668
f 2177/2027/1919 2178/2025/1920 2176/2028/672
f 2178/2025/1918 2174/2024/1254 2179/2029/1255
f 2183/2030/1921 2181/2031/1922 2182/2032/1923
f 2182/2032/1923 2184/2033/1924 2183/2030/1921
f 2181/2031/1922 2183/2030/1921 2185/2034/1925
f 2186/2035/1926 2183/2030/1921 2184/2033/1924
f 2189/2036/1927 2187/2037/1928 2188/2038/1929
f 2187/2037/1928 2189/2036/1927 2143/1993/1898
f 2190/2039/1930 2130/1981/1931 2191/2040/1663
f 2192/2041/687 2193/2042/1932 2191/2040/1933
f 2191/2040/1933 2193/2042/1932 2194/2043/247
f 2191/2040/1934 2133/2044/1935 2195/2045/1936
f 2133/2044/1935 2196/2046/1937 2195/2045/1936
f 2190/2039/1938 2196/2046/1937 2197/2047/1939
f 2197/2047/1940 2133/2044/1935 2198/2048/1941
f 2199/2049/1942 2198/2048/1941 2133/2044/1935
f 2198/2048/1941 2199/2049/1942 2200/2050/1943
f 2201/2051/1268 2200/2050/1943 2199/2049/1942
f 2197/2047/1940 2198/2048/1941 2202/2052/1944
f 2201/2051/1268 2197/2047/1940 2202/2052/1944
f 1903/1756/1733 1896/1749/1728 1906/1758/8
f 2203/2053/1945 1904/1757/1270 1903/1756/1733
f 1904/1757/1270 2203/2053/1945 2205/2054/1946
f 1899/1752/1731 1904/1757/1270 2204/2055/1947
f 2205/2054/1946 1899/1752/1731 2204/2055/1947
f 1899/1752/1731 2205/2054/1946 2203/2053/1945
f 1899/1752/1731 2203/2053/1945 2206/2056/1948
f 1899/1752/1731 2206/2056/1948 2207/2057/1271
f 2208/2058/1273 1899/1752/1731 2207/2057/1271
f 2206/2056/1948 2210/2059/1949 2209/2060/1667
f 2210/2059/1949 2206/2056/1948 2203/2053/1945
f 2208/2058/1273 2209/2060/1667 2210/2059/1949
f 1961/2061/254 2211/2062/257 2203/2053/1945
f 2212/2063/1950 2203/2053/1945 2211/2062/257
f 2203/2053/1945 2212/2063/1950 2210/2059/1949
f 2213/2064/258 2214/2065/261 2212/2063/1277
f 2215/2066/714 2219/2067/1951 2216/2068/710
f 2219/2067/1951 2218/2069/715 2217/2070/1952
f 2219/2067/1951 2215/2066/714 2220/2071/1953
f 2218/2069/715 2219/2067/1951 2220/2071/1953
f 2221/2072/1283 2222/2073/1674 2210/2059/1949
f 2223/2074/1954 2210/2059/1949 2222/2073/1674
f 2210/2059/1949 2223/2074/1954 2208/2058/1273
f 1899/1752/1731 2208/2058/1273 2223/2074/1954
f 2223/2074/1954 2224/2075/1330 1899/1752/1731
f 1898/1751/1730 1899/1752/1731 2224/2075/1330
f 2223/2074/1954 2222/2073/1674 2225/2076/1955
f 2226/2077/266 2223/2074/1954 2225/2076/1955
f 2221/2072/1281 2227/2078/1289 2226/2077/266
f 2223/2074/1954 2226/2077/266 2227/2078/1289
f 2227/2078/1289 2221/2072/1281 2230/2079/726
f 2230/2079/726 2232/2080/1956 2228/2081/1957
f 2232/2080/1956 2231/2082/727 2229/2083/1958
f 2232/2080/1956 2230/2079/726 2233/2084/1293
f 2233/2084/1293 2231/2082/727 2232/2080/1956
f 2234/2085/1294 2227/2078/1959 2231/2082/1291
f 2235/2086/1960 2237/2087/1961 2236/2088/1962
f 2237/2087/1961 2235/2086/1960 2238/2089/1963
f 2239/2090/1679 2243/2091/1303 2240/2092/1964
f 2241/2093/1965 2243/2091/1966 2242/2094/1967
f 2244/2095/1968 2240/2092/1964 2243/2091/1303
f 2246/2096/1969 2248/2097/1970 2247/2098/1971
f 2248/2097/1970 2249/2099/1972 2247/2098/1971
f 2250/2100/746 2248/2097/1970 2246/2096/1969
f 2249/2099/1972 2248/2097/1970 2251/2101/747
f 2252/2102/1973 2254/2103/273 2253/2104/1974
f 2254/2103/273 2252/2102/1973 2255/2105/1310
f 2256/2106/1311 2234/2085/1294 2255/2105/1310
f 2261/2107/753 2260/2108/1317 2259/2109/1975
f 2263/2110/1322 2260/2108/1319 2262/2111/1318
f 2258/2112/782 2263/2110/1322 2262/2111/1318
f 2263/2110/1322 2227/2078/1289 2260/2108/1319
f 2263/2110/1322 2258/2112/782 2256/2106/1311
f 2264/2113/1323 2265/2114/367 2227/2078/1289
f 2266/2115/1327 2227/2078/1289 2265/2114/367
f 2227/2078/1289 2266/2115/1327 2223/2074/1954
f 2264/2113/1323 2268/2116/1976 2267/2117/1977
f 2268/2116/1976 2266/2115/1327 2267/2117/1977
f 2268/2116/1976 2223/2074/1954 2266/2115/1327
f 2268/2116/1976 2264/2113/1323 2263/2110/1475
f 2223/2074/1954 2268/2116/1976 2269/2118/1331
f 2269/2118/1331 2270/2119/1978 2223/2074/1954
f 2224/2075/1330 2223/2074/1954 2270/2119/1978
f 2273/2120/1979 2275/2121/283 2274/2122/1980
f 2275/2121/283 2273/2120/1979 2276/2123/1981
f 2180/2124/1340 2277/2125/1337 2273/2120/1338
f 2279/2126/1982 2278/2127/1346 2180/2124/1340
f 2280/2128/1983 2282/2129/1345 2281/2130/1984
f 1913/1765/1739 1917/1770/974 2280/2128/1985
f 2278/2127/1346 1917/1770/974 2277/2125/1986
f 2283/2131/795 2285/2132/1348 2284/2133/1987
f 2284/2133/1987 2285/2132/1348 2286/2134/1988
f 2287/2135/1989 2245/2136/1990 2284/2133/793
f 2245/2136/1991 2288/2137/629 2289/2138/1992
f 2291/2139/1993 2292/2140/1345 2290/2141/1994
f 2287/2135/1989 2293/2142/1995 2288/2137/1996
f 2293/2142/1995 2287/2135/1989 2294/2143/1997
f 2294/2143/1997 2287/2135/1989 2295/2144/1998
f 2287/2135/1989 2296/2145/1999 2295/2144/1998
f 2298/2146/2000 2294/2143/1997 2297/2147/2001
f 2297/2147/2001 2296/2145/1999 2298/2146/2000
f 2121/1970/1876 2298/2146/2000 2296/2145/1999
f 2287/2135/1989 2121/1970/1876 2296/2145/1999
f 2287/2135/1989 1989/1977/1883 2125/1975/1881
f 2298/2146/2000 2121/1970/1876 2299/2148/2002
f 2299/2148/2002 2300/2149/2003 2298/2146/2000
f 2299/2148/2002 2121/1970/1876 2301/2150/2004
f 2300/2149/2003 2299/2148/2002 2302/2151/1363
f 2303/2152/2005 2300/2149/2003 2302/2151/1363
f 2121/1970/1876 2303/2152/2005 2301/2150/2004
f 2116/1966/1873 2300/2149/2003 2303/2152/2005
f 2303/2152/2005 2121/1970/1876 2116/1966/1873
f 2116/1966/1873 2306/2153/2006 2304/2154/292
f 2307/2155/295 2306/2153/1368 2308/2156/297
f 2300/2149/2003 2116/1966/1873 2305/2157/294
f 2306/2153/2006 2116/1966/1873 2113/1961/2007
f 2309/2158/2008 2310/2159/302 2311/2160/1690
f 2312/2161/2009 2311/2160/1690 2310/2159/302
f 2315/2162/305 2314/2163/2010 2313/2164/1691
f 2314/2163/2010 2315/2162/305 2316/2165/306
f 2318/2166/1696 2319/2167/2011 2317/2168/2012
f 2319/2167/2011 2318/2166/1696 2320/2169/2013
f 1999/2170/1059 2323/2171/2014 2322/2172/840
f 2323/2171/2015 2257/2173/1314 2324/2174/2016
f 2324/2174/1389 2325/2175/2017 2321/2176/1697
f 2321/2176/1697 2325/2175/2017 2326/2177/2018
f 2328/2178/1392 2329/2179/2019 2327/2180/2020
f 2329/2179/2019 2328/2178/1392 2330/2181/2021
f 2199/2049/1942 2331/2182/2022 2201/2051/1268
f 2197/2047/1940 2201/2051/1268 2331/2182/2022
f 2331/2182/2022 2199/2049/1942 2332/2183/1395
f 2333/2184/2023 2332/2183/1395 2199/2049/1942
f 2331/2182/2022 2332/2183/1395 2334/2185/1394
f 2332/2183/1395 2333/2184/2023 2335/2186/2024
f 2336/2187/2025 2335/2186/2024 2333/2184/2023
f 2336/2187/2025 2331/2182/2022 2334/2185/1394
f 2333/2184/2023 2337/2188/2026 2336/2187/2025
f 2331/2182/2022 2336/2187/2025 2337/2188/2026
f 2337/2188/2026 2333/2184/2023 2338/2189/1457
f 2337/2188/2026 2339/2190/2027 2331/2182/2022
f 2339/2190/2027 2337/2188/2026 2340/2191/2028
f 2337/2188/2026 2341/2192/1400 2340/2191/2028
f 2343/2193/2029 2339/2190/2030 2342/2194/1398
f 2341/2192/1400 2343/2193/2029 2342/2194/1398
f 2337/2188/2026 2344/2195/2031 2341/2192/1400
f 2331/2182/2022 2343/2193/2032 2345/2196/2033
f 2331/2182/2022 2345/2196/2033 2346/2197/2034
f 2347/2198/1407 2331/2182/2022 2346/2197/2034
f 2197/2047/1940 2331/2182/2022 2347/2198/1407
f 2349/2199/1406 2348/2200/2035 2350/2201/1409
f 2197/2047/1940 2351/2202/2036 2353/2203/2037
f 2190/2039/1938 2197/2047/1939 2354/2204/2038
f 2352/2205/2039 2355/2206/2040 2354/2204/2041
f 2355/2206/2040 2352/2205/2039 2356/2207/2042
f 2358/2208/2043 2359/2209/2044 2357/2210/2045
f 2360/2211/2046 2357/2210/2045 2359/2209/2044
f 2293/2142/1995 1915/1767/1736 1976/1828/1788
f 1915/1767/1736 2293/2142/1995 2361/2212/1331
f 1917/1770/974 1915/1767/1736 2361/2212/1331
f 2293/2142/1995 1971/1823/1785 2290/2141/2047
f 2361/2212/1331 2293/2142/1995 2363/2213/2048
f 2293/2142/1995 2364/2214/2049 2363/2213/2048
f 1917/1770/974 2361/2212/1331 2362/2215/2050
f 2362/2215/2050 2364/2214/2049 1917/1770/974
f 2298/2146/2000 1917/1770/974 2364/2214/2049
f 2293/2142/1995 2298/2146/2000 2364/2214/2049
f 1917/1770/974 2298/2146/2000 2365/2216/2051
f 2277/2125/1986 1917/1770/974 2365/2216/2051
f 2298/2146/2000 2293/2142/1995 2294/2143/1997
f 2277/2125/1986 2365/2216/2051 2366/2217/2052
f 2366/2217/2052 2367/2218/2053 2277/2125/1986
f 2365/2216/2051 2298/2146/2000 2368/2219/2054
f 2298/2146/2000 2367/2218/2053 2368/2219/2054
f 2370/2220/2055 2369/2221/886 2371/2222/1430
f 2372/2223/2056 2371/2222/1430 2369/2221/886
f 2373/2224/341 2272/2225/1334 2374/2226/2057
f 2272/2225/1334 2372/2223/1710 2374/2226/2057
f 2372/2223/1710 2272/2225/1334 2277/2125/1986
f 2300/2149/2003 2277/2125/1986 2367/2218/2053
f 2308/2156/293 2272/2225/1334 2373/2224/341
f 2298/2146/2000 2300/2149/2003 2367/2218/2053
f 2375/2227/2058 2377/2228/2059 2376/2229/1712
f 2377/2228/2059 2375/2227/2058 2378/2230/342
f 2381/2231/2060 2379/2232/2061 2382/2233/2062
f 2380/2234/2063 2382/2233/2062 2379/2232/2061
f 2384/2235/2064 2386/2236/352 2383/2237/1716
f 2386/2236/352 2384/2235/2064 2385/2238/2065
f 2076/1924/1841 2343/2193/2029 2387/2239/1717
f 2387/2239/1442 2344/2195/2066 2388/2240/1719
f 2344/2195/2066 2389/2241/2067 2388/2240/1719
f 2389/2241/2068 2076/1924/1841 2390/2242/2069
f 2076/1924/1841 2389/2241/2068 2078/1922/1840
f 2078/1922/1840 2392/2243/1448 2391/2244/1445
f 2078/1922/1840 2344/2195/2031 2392/2243/1448
f 2392/2243/1448 2015/1858/1803 2393/2245/2070
f 2015/1858/1803 2392/2243/1448 2344/2195/2031
f 2015/1858/1803 2394/2246/1875 2393/2245/2070
f 2394/2246/1875 2078/1922/1840 2391/2244/1445
f 2078/1922/1840 2394/2246/1875 2086/1934/1852
f 2015/1858/1803 2086/1934/1852 2394/2246/1875
f 2395/2247/1450 2344/2195/2031 2396/2248/1452
f 2344/2195/2031 2397/2249/1345 2396/2248/1452
f 2344/2195/2031 2395/2247/1450 2015/1858/1803
f 2344/2195/2031 2337/2188/2026 2397/2249/1345
f 2395/2247/1450 2398/2250/2071 2009/1852/1802
f 2397/2249/1345 2009/1852/1802 2398/2250/2071
f 2009/1852/1802 2397/2249/1345 2337/2188/2026
f 2009/1852/1802 2015/1858/1803 2395/2247/1450
f 2337/2188/2026 2399/2251/1456 2009/1852/1802
f 2399/2251/1456 2337/2188/2026 2400/2252/2072
f 2337/2188/2026 2338/2189/1457 2400/2252/2072
f 2399/2251/1456 2401/2253/358 2004/1849/1459
f 2338/2189/1457 2004/1849/1459 2401/2253/358
f 2333/2184/2023 2402/2254/1465 2004/1849/1071
f 2402/2254/1465 2333/2184/2023 2403/2255/2073
f 2333/2184/2023 2404/2256/2074 2403/2255/2073
f 2333/2184/2023 2323/2171/2075 2404/2256/2074
f 2405/2257/2076 2406/2258/2077 2407/2259/2078
f 1898/1751/1730 2224/2075/1330 2271/2260/1329
f 2269/2118/1331 1898/1751/1730 2271/2260/1329
f 1898/1751/1730 2269/2118/1331 2268/2116/1976
f 2268/2116/1976 2408/2261/2079 1898/1751/1730
f 2408/2261/2079 2268/2116/1976 2409/2262/2080
f 2410/2263/1468 2409/2262/2080 2268/2116/1976
f 2138/1988/1895 2408/2261/2079 2411/2264/367
f 2410/2263/1468 2138/1988/1895 2411/2264/367
f 2138/1988/1895 1898/1751/1730 2408/2261/2079
f 2268/2116/1976 2134/1984/2081 2410/2263/1468
f 2134/1984/2081 2268/2116/1976 2412/2265/1472
f 2263/2110/1475 2412/2265/1472 2268/2116/1976
f 2134/1984/2081 2412/2265/1472 2413/2266/1471
f 2412/2265/1472 2263/2110/1475 2414/2267/2082
f 2415/2268/2083 2414/2267/2082 2263/2110/1475
f 2415/2268/2083 2134/1984/2081 2413/2266/1471
f 2263/2110/1475 2416/2269/2084 2415/2268/2083
f 2134/1984/2081 2415/2268/2083 2416/2269/2084
f 2416/2269/2084 2263/2110/1475 2417/2270/2085
f 2419/2271/2086 2418/2272/935 2420/2273/1887
f 2417/2270/2087 2256/2106/2088 2420/2273/1887
f 2416/2269/2084 2417/2270/2085 2421/2274/2089
f 2422/2275/2090 2420/2273/1887 2256/2106/2088
f 2422/2275/1479 2416/2269/2084 2421/2274/2089
f 2416/2269/2084 2422/2275/1479 2423/2276/2091
f 2257/2173/1314 2424/2277/2092 2256/2106/2088
f 2424/2277/2093 2426/2278/2094 2425/2279/941
f 2423/2276/1482 2424/2277/1483 2427/2280/2095
f 2426/2278/2094 2424/2277/2093 2428/2281/2096
f 2429/2282/371 2423/2276/1482 2427/2280/2095
f 2257/2173/1314 2323/2171/2015 2429/2282/2097
f 2431/2283/2098 2323/2171/2075 2430/2284/2099
f 2432/2285/2100 2430/2284/2099 2323/2171/2075
f 2432/2285/2100 2199/2049/1942 2433/2286/2101
f 2199/2049/1942 2431/2283/2098 2433/2286/2101
f 2199/2049/1942 2432/2285/2100 2333/2184/2023
f 2323/2171/2075 2333/2184/2023 2432/2285/2100
f 2199/2049/1942 2423/2276/2091 2431/2283/2098
f 2323/2171/2075 2431/2283/2098 2423/2276/2091
f 2423/2276/2091 2199/2049/1942 2434/2287/2102
f 2434/2287/2102 2435/2288/2103 2423/2276/2091
f 2436/2289/1491 2423/2276/2091 2435/2288/2103
f 2423/2276/2091 2436/2289/1491 2416/2269/2084
f 2133/2044/1935 2436/2289/1491 2437/2290/1493
f 2434/2287/2102 2133/2044/1935 2437/2290/1493
f 2133/2044/1935 2416/2269/2084 2436/2289/1491
f 2133/2044/1935 2434/2287/2102 2199/2049/1942
f 2416/2269/2084 2133/2044/1935 2129/1980/2104
f 2129/1980/2104 2438/2291/2105 2416/2269/2084
f 2132/1983/2106 2416/2269/2084 2438/2291/2105
f 2416/2269/2084 2132/1983/2106 2134/1984/2081
f 2131/1982/1494 2439/2292/958 2440/2293/1498
f 2443/2294/1732 2442/2295/2107 2444/2296/374
f 2444/2296/374 2445/2297/2108 2443/2294/1732
f 2444/2296/374 2442/2295/2107 2446/2298/2109
f 2445/2297/2108 2444/2296/374 2447/2299/1499
f 2453/2300/1735 2452/2301/12 2451/2302/11
f 2450/2303/8 2453/2300/1735 2451/2302/11
f 2457/2304/391 2454/2305/388 2458/2306/392
f 2454/2305/402 2456/2307/390 2459/2308/878
f 2458/2306/398 2463/2309/2110 2461/2310/396
f 2463/2309/2110 2460/2311/394 2462/2312/972
f 2463/2309/2110 2458/2306/398 2464/2313/2111
f 2464/2313/2111 2460/2311/394 2463/2309/2110
f 2465/2314/403 2457/2304/391 2460/2311/2112
f 2470/2315/411 2468/2316/410 2469/2317/2113
f 2471/2318/412 2470/2315/411 2469/2317/2113
f 2465/2314/403 2468/2316/405 2457/2304/391
f 2465/2314/414 2472/2319/2114 2471/2318/2115
f 2467/2320/2116 2473/2321/2117 2471/2318/2118
f 2468/2316/2119 2474/2322/2120 2466/2323/406
f 2472/2319/2114 2465/2314/414 2475/2324/2121
f 2475/2324/417 2479/2325/2122 2476/2326/1747
f 2477/2327/990 2479/2325/2122 2478/2328/419
f 2479/2325/2122 2475/2324/417 2480/2329/421
f 2480/2329/421 2478/2328/419 2479/2325/2122
f 2483/2330/2123 2472/2319/2124 2482/2331/423
f 2483/2330/2123 2482/2331/423 2484/2332/2125
f 2484/2332/2125 2481/2333/422 2483/2330/2123
f 2488/2334/1752 2487/2335/2126 2486/2336/2127
f 2487/2335/2126 2488/2334/1752 2489/2337/2128
f 2497/2338/2129 2494/2339/433 2498/2340/2130
f 2498/2340/2130 2495/2341/2131 2497/2338/2129
f 2496/2342/2132 2498/2340/2130 2494/2339/433
f 2495/2341/2131 2498/2340/2130 2499/2343/1008
f 2502/2344/1760 2493/2326/1755 2503/2345/2133
f 2491/2324/2134 2503/2345/2133 2493/2326/1755
f 2503/2345/2133 2492/2327/1761 2502/2344/1760
f 2492/2327/1761 2503/2345/2133 2490/2328/1000
f 2485/2346/2135 2501/2347/1765 2492/2327/1003
f 2501/2347/1765 2485/2346/2135 2504/2348/1763
f 2505/2349/1762 2501/2347/1765 2507/2350/1766
f 2509/2351/1510 2506/2352/2136 2508/2353/709
f 2508/2353/709 2510/2354/2137 2509/2351/1510
f 2506/2352/2136 2510/2354/2137 2511/2355/1776
f 2511/2355/1776 2501/2347/1765 2506/2352/2136
f 2510/2354/2137 2506/2352/2136 2512/2356/2138
f 2506/2352/2136 2509/2351/1510 2512/2356/2138
f 2510/2354/2137 2512/2356/2138 2513/2357/444
f 2509/2351/1510 2510/2354/2137 2513/2357/444
f 2510/2354/2137 2515/2358/2139 2514/2359/2140
f 2511/2355/1776 2510/2354/2137 2514/2359/2140
f 2501/2347/1765 2511/2355/1776 2516/2360/2141
f 2516/2360/2141 2515/2358/1772 2501/2347/1765
f 2518/2320/2142 2500/2361/1757 2501/2347/2143
f 2518/2320/2144 2520/2317/1022 2519/2318/2145
f 2520/2317/1022 2518/2320/2144 2521/2362/2146
f 2523/2363/2147 2500/2361/1757 2522/2323/1023
f 2522/2323/1023 2500/2361/1757 2524/2322/2148
f 2500/2361/1757 2518/2320/2142 2524/2322/2148
f 2528/2364/2149 2525/2312/2150 2526/2365/2151
f 2525/2312/2150 2528/2364/2149 2529/2311/468
f 2530/2306/2152 2528/2364/2149 2527/2310/2153
f 2535/2366/2154 2538/2367/45 2533/2368/476
f 2539/2369/1573 2535/2366/2154 2531/2370/1516
f 2538/2367/45 2535/2366/2154 2540/2371/2155
f 2534/2372/40 2540/2371/41 2537/2373/2156
f 2539/2369/1573 2541/2374/2157 2537/2373/2158
f 2543/2375/2159 2536/2376/2160 2542/2377/50
f 2543/2375/2159 2542/2377/50 2544/2378/1527
f 2545/2379/2161 2543/2375/2159 2544/2378/1527
f 2543/2375/2159 2545/2379/2161 2546/2380/2162
f 2547/2381/51 2542/2377/50 2548/2382/1789
f 2542/2377/50 2541/2374/1531 2548/2382/1789
f 2552/2383/1044 2546/2380/2163 2551/2384/1045
f 2555/2385/1047 2552/2383/1535 2554/2386/54
f 2550/2387/2164 2555/2385/1047 2549/2388/2165
f 2555/2385/1047 2550/2387/2164 2556/2389/2166
f 2557/2390/2167 2553/2391/2168 2552/2383/2169
f 2557/2390/1599 2550/2387/479 2541/2374/1531
f 2558/2392/60 2559/2393/1883 2560/2394/1792
f 2559/2393/1883 2561/2395/2170 2560/2394/1792
f 2560/2394/1792 2561/2395/2170 2562/2396/485
f 2561/2395/2170 2563/2397/59 2562/2396/485
f 2558/2392/60 2560/2394/1792 2564/2398/2171
f 2563/2397/59 2558/2392/60 2564/2398/2171
f 2565/2399/2172 2558/2392/60 2563/2397/59
f 2563/2397/59 2561/2395/2170 2565/2399/2172
f 2567/2400/155 2558/2392/60 2566/2401/2173
f 2565/2399/2172 2561/2395/2170 2568/2402/1795
f 2561/2395/2170 2569/2403/2174 2568/2402/1795
f 2565/2399/2172 2568/2402/1795 2571/2404/2175
f 2568/2402/1795 2569/2403/2174 2572/2405/486
f 2569/2403/2174 2573/2406/489 2572/2405/486
f 2573/2406/489 2565/2399/2172 2571/2404/2175
f 2573/2406/489 2569/2403/2174 2574/2407/2176
f 2574/2407/2176 2565/2399/2172 2573/2406/489
f 2574/2407/2176 2569/2403/2174 2575/2408/1796
f 2569/2403/2174 2576/2409/2177 2575/2408/1796
f 2574/2407/2176 2575/2408/1796 2577/2410/1797
f 2578/2411/2178 2574/2407/2176 2577/2410/1797
f 2579/2412/490 2575/2408/1796 2576/2409/2177
f 2576/2409/2177 2578/2411/2178 2579/2412/490
f 2576/2409/2177 2580/2413/2179 2578/2411/2178
f 2580/2413/2179 2574/2407/2176 2578/2411/2178
f 2576/2409/496 2583/2414/502 2582/2415/2180
f 2581/2416/1798 2584/2417/2181 2582/2415/494
f 2585/2418/1073 2582/2415/2180 2583/2414/502
f 2583/2414/502 2586/2419/498 2585/2418/1073
f 2584/2417/2181 2581/2416/1798 2587/2420/2182
f 2586/2419/498 2583/2414/502 2588/2421/499
f 2594/2422/1805 2589/2423/500 2590/2424/2183
f 2591/2425/505 2594/2422/1805 2593/2426/1804
f 2589/2423/500 2594/2422/1805 2595/2427/507
f 2594/2422/1805 2591/2425/505 2595/2427/507
f 2588/2421/499 2592/2428/506 2596/2429/2184
f 2596/2429/2184 2592/2428/506 2597/2430/511
f 2601/2431/513 2604/2432/1808 2603/2433/2185
f 2604/2432/1808 2602/2434/2186 2603/2433/2185
f 2601/2431/513 2605/2435/1555 2604/2432/1808
f 2606/2436/1812 2607/2437/519 2596/2429/509
f 2597/2430/1557 2599/2438/2187 2608/2439/79
f 2607/2437/519 2606/2436/1812 2609/2440/81
f 2611/2441/2188 2612/2442/2189 2610/2443/2190
f 2612/2442/2189 2611/2441/2188 2613/2444/2191
f 2615/2445/2192 2598/2446/508 2614/2447/2193
f 2617/2448/2194 2598/2446/508 2616/2449/1565
f 2619/2450/2195 2617/2448/2194 2618/2451/90
f 2620/2452/2196 2598/2446/508 2617/2448/2194
f 2619/2450/2195 2620/2452/2196 2617/2448/2194
f 2598/2446/508 2620/2452/2196 2600/2453/2197
f 2621/2454/2198 2623/2455/1820 2622/2456/1566
f 2630/2457/2199 2629/2458/2200 2627/2459/107
f 2630/2457/2199 2628/2460/2201 2629/2458/2200
f 2627/2459/107 2532/2461/534 2630/2457/2199
f 2631/2462/537 2626/2463/2202 2625/2459/2203
f 2631/2462/537 2632/2460/112 2626/2463/2202
f 2632/2460/112 2631/2462/537 2633/2464/2204
f 2638/2373/1125 2639/2465/538 2637/2466/2205
f 2624/2467/2206 2641/2367/2207 2640/2368/116
f 2642/2372/1126 2639/2465/538 2638/2373/1125
f 2642/2372/119 2641/2367/117 2634/2468/113
f 2634/2468/113 2643/2469/121 2642/2372/119
f 2620/2452/2196 2619/2450/2195 2644/2470/2208
f 2644/2470/544 2643/2469/2209 2645/2381/123
f 2620/2452/2196 2644/2470/2208 2646/2471/2210
f 2647/2472/2211 2620/2452/2196 2646/2471/2210
f 2647/2472/1831 2645/2381/123 2643/2469/2209
f 2648/2473/2212 2620/2452/2196 2647/2472/2211
f 2650/2383/1138 2651/2474/129 2649/2384/547
f 2651/2474/129 2650/2383/1138 2654/2386/130
f 2652/2388/2213 2655/2475/2214 2653/2385/1144
f 2655/2475/2214 2654/2386/2215 2653/2385/1144
f 2643/2469/2216 2655/2475/2214 2652/2388/2213
f 2655/2475/2214 2656/2476/152 2654/2386/2215
f 2660/2477/1590 2657/2478/2217 2658/2479/2218
f 2658/2479/2218 2659/2480/135 2660/2477/1590
f 2657/2478/2217 2660/2477/1590 2661/2481/1153
f 2660/2477/1590 2659/2480/135 2662/2482/2219
f 2664/2483/139 2665/2484/2220 2663/2485/138
f 2665/2484/2220 2664/2483/139 2636/2486/1580
f 2664/2483/139 2635/2487/1579 2636/2486/1580
f 2670/2488/2221 2668/2480/141 2666/2482/2222
f 2668/2480/141 2670/2488/2221 2671/2489/2223
f 2667/2481/2224 2671/2489/2223 2670/2488/2221
f 2669/2478/2225 2671/2489/2223 2667/2481/2224
f 2673/2490/2226 2676/2491/2227 2672/2492/2228
f 2676/2491/2227 2674/2493/1165 2675/2494/148
f 2676/2491/2227 2673/2490/2226 2677/2495/1602
f 2674/2493/1165 2676/2491/2227 2677/2495/1602
f 2681/2496/1878 2682/2497/2229 2680/2498/2230
f 2679/2499/1168 2682/2497/2229 2678/2500/2231
f 2678/2500/2231 2682/2497/2229 2683/2501/2232
f 2682/2497/2229 2681/2496/1878 2683/2501/2232
f 2656/2476/152 2567/2400/155 2684/2502/161
f 2684/2502/161 2567/2400/155 2685/2503/2233
f 2567/2400/155 2566/2401/2173 2685/2503/2233
f 2686/2504/552 2570/2505/2234 2566/2401/1836
f 2566/2401/1836 2565/2399/160 2686/2504/552
f 2687/2506/2235 2570/2505/2234 2686/2504/552
f 2565/2399/2172 2574/2407/2176 2688/2507/1838
f 2689/2508/558 2688/2507/1838 2574/2407/2176
f 2574/2407/2176 2690/2509/169 2689/2508/558
f 2656/2476/2236 2688/2507/164 2691/2510/2237
f 2690/2509/556 2656/2476/2236 2691/2510/2237
f 2574/2407/2176 2648/2473/2212 2690/2509/169
f 2648/2473/2212 2574/2407/2176 2692/2511/2238
f 2574/2407/2176 2580/2413/2179 2692/2511/2238
f 2648/2473/2212 2692/2511/2238 2693/2512/2239
f 2694/2513/2240 2692/2511/2238 2580/2413/2179
f 2695/2514/2241 2648/2473/2212 2693/2512/2239
f 2580/2413/2179 2695/2514/2241 2694/2513/2240
f 2620/2452/2196 2648/2473/2212 2695/2514/2241
f 2695/2514/2241 2580/2413/2179 2620/2452/2196
f 2620/2452/2196 2580/2413/2179 2696/2515/563
f 2620/2452/2196 2696/2515/563 2697/2516/2242
f 2600/2453/2197 2620/2452/2196 2697/2516/2242
f 2588/2421/499 2600/2453/512 2698/2517/1184
f 2696/2515/563 2588/2421/499 2698/2517/1184
f 2699/2518/2243 2543/2375/2159 2700/2519/833
f 2546/2380/2162 2700/2519/833 2543/2375/2159
f 2543/2375/2159 2699/2518/2243 2701/2520/2244
f 2702/2521/2245 2704/2522/571 2703/2523/2246
f 2701/2520/2244 2705/2524/179 2543/2375/2159
f 2703/2523/2246 2704/2522/571 2706/2517/2247
f 2704/2522/571 2543/2375/2159 2705/2524/179
f 2543/2375/2159 2704/2522/571 2707/2525/2248
f 2702/2521/2245 2709/2526/1852 2708/2436/1620
f 2711/2527/2249 2710/2430/1621 2712/2528/2250
f 2710/2430/1621 2711/2527/2249 2713/2439/2251
f 2709/2526/1849 2714/2529/1851 2711/2527/2249
f 2718/2530/582 2715/2531/1803 2717/2532/2252
f 2715/2531/1803 2718/2530/582 2719/2533/1855
f 2718/2530/582 2716/2534/2253 2719/2533/1855
f 2716/2534/2253 2718/2530/582 2720/2535/581
f 2721/2431/2254 2723/2536/2255 2722/2537/2256
f 2723/2536/2255 2724/2434/2257 2722/2537/2256
f 2724/2434/2257 2723/2536/2255 2725/2538/2258
f 2727/2539/2259 2728/2540/2260 2726/2541/2261
f 2728/2540/2260 2727/2539/2259 2729/2542/2262
f 2707/2525/1860 2730/2543/2263 2731/2544/196
f 2733/2545/1629 2707/2525/2248 2732/2546/1628
f 2543/2375/2159 2707/2525/2248 2733/2545/1629
f 2733/2545/1629 2734/2547/2264 2536/2376/2160
f 2536/2376/2160 2543/2375/2159 2733/2545/1629
f 2536/2376/1862 2731/2544/196 2730/2543/2263
f 2736/2548/2265 2735/2549/1635 2737/2550/2266
f 2742/2551/2267 2738/2500/208 2741/2499/2268
f 2740/2498/2269 2744/2552/212 2742/2551/2267
f 2738/2500/208 2742/2551/2267 2744/2552/212
f 2744/2552/212 2740/2498/2269 2739/2496/2270
f 2749/2553/217 2746/2554/599 2748/2555/1871
f 2745/2556/2271 2749/2553/217 2747/2557/214
f 2750/2558/2272 2746/2554/599 2749/2553/217
f 2749/2553/217 2745/2556/2271 2750/2558/2272
f 2754/2559/220 2756/2560/612 2753/2561/2273
f 2752/2562/606 2756/2560/2274 2751/2563/1874
f 2756/2560/612 2754/2559/220 2757/2564/221
f 2755/2565/1876 2558/2392/60 2754/2559/2275
f 2558/2392/60 2567/2400/155 2751/2563/1878
f 2558/2392/60 2755/2565/1876 2758/2566/620
f 2758/2566/620 2755/2565/1876 2759/2567/1880
f 2755/2565/1876 2760/2568/1881 2759/2567/1880
f 2761/2569/2276 2760/2568/2277 2762/2570/2278
f 2764/2571/2279 2763/2572/1496 2766/2573/1935
f 2764/2571/1890 2767/2574/1889 2765/2575/2280
f 2768/2576/2281 2772/2577/628 2769/2578/2282
f 2772/2577/628 2770/2579/2283 2769/2578/2282
f 2774/2580/2284 2770/2579/1646 2773/2581/2285
f 2768/2576/1996 2774/2580/2284 2773/2581/2285
f 2774/2580/2284 2771/2582/2286 2770/2579/1646
f 2774/2580/2284 2768/2576/1996 2764/2571/1931
f 2771/2582/1893 2775/2583/639 2777/2584/641
f 2778/2585/643 2771/2582/1893 2777/2584/641
f 2775/2583/639 2780/2586/2287 2779/2587/1901
f 2780/2586/2287 2778/2585/1902 2779/2587/1901
f 2780/2586/2287 2775/2583/639 2774/2580/1897
f 2780/2586/2287 2781/2588/2288 2778/2585/1902
f 2781/2588/1903 2784/2589/2289 2785/2590/231
f 2782/2591/2290 2781/2588/1903 2785/2590/231
f 2783/2592/2291 2782/2591/2292 2786/2593/2293
f 2786/2593/2293 2782/2591/2292 2787/2594/2294
f 2789/2595/2295 2788/2596/2296 2441/2597/2297
f 2790/2598/651 2441/2597/2297 2788/2596/2296
f 2441/2597/2297 2781/2588/2288 2789/2595/2295
f 2441/2597/2297 2790/2598/651 2453/2300/1735
f 2789/2595/2295 2792/2599/2298 2791/2600/2299
f 2792/2599/2298 2790/2598/651 2791/2600/2299
f 2792/2599/2298 2789/2595/2295 2781/2588/2288
f 2792/2599/2298 2453/2300/1735 2790/2598/651
f 2781/2588/2288 2793/2601/653 2792/2599/2298
f 2793/2601/653 2781/2588/2288 2794/2602/2300
f 2795/2603/2301 2794/2602/2300 2781/2588/2288
f 2781/2588/2288 2780/2586/2287 2795/2603/2301
f 2453/2300/1735 2792/2599/2298 2796/2604/657
f 2483/2330/2123 2796/2604/657 2792/2599/2298
f 2796/2604/657 2797/2605/656 2453/2300/1735
f 2797/2605/656 2483/2330/2123 2453/2300/1735
f 2483/2330/2123 2797/2605/656 2798/2606/1653
f 2796/2604/657 2483/2330/2123 2798/2606/1653
f 2800/2607/660 2792/2599/2298 2801/2608/2302
f 2802/2609/665 2801/2608/2302 2792/2599/2298
f 2472/2319/2124 2800/2607/660 2799/2610/1655
f 2802/2609/665 2472/2319/2124 2799/2610/1655
f 2792/2599/2298 2800/2607/660 2483/2330/2123
f 2472/2319/2124 2483/2330/2123 2800/2607/660
f 2792/2599/2298 2470/2315/411 2802/2609/665
f 2470/2315/411 2792/2599/2298 2793/2601/653
f 2470/2315/411 2793/2601/653 2803/2611/240
f 2795/2603/2301 2470/2315/411 2803/2611/240
f 2470/2315/411 2795/2603/2301 2780/2586/2287
f 2780/2586/2287 2804/2612/1658 2470/2315/411
f 2804/2612/1658 2780/2586/2287 2806/2613/1659
f 2780/2586/2287 2807/2614/2303 2806/2613/1659
f 2780/2586/2287 2808/2615/2304 2807/2614/2303
f 2810/2616/1255 2805/2617/2305 2809/2618/1920
f 2807/2614/2303 2457/2304/787 2809/2618/1920
f 2457/2304/787 2804/2612/1658 2809/2618/1920
f 2457/2304/787 2470/2315/411 2804/2612/1658
f 2808/2615/2304 2813/2619/1925 2811/2620/2306
f 2814/2621/2307 2808/2615/2304 2811/2620/2306
f 2813/2619/1925 2774/2580/1897 2812/2622/678
f 2774/2580/1897 2814/2621/2307 2812/2622/678
f 2780/2586/2287 2774/2580/1897 2813/2619/1925
f 2808/2615/2304 2780/2586/2287 2813/2619/1925
f 2774/2580/1897 2815/2623/2308 2814/2621/2307
f 2808/2615/2304 2814/2621/2307 2815/2623/2308
f 2776/2624/2309 2815/2623/2308 2774/2580/1897
f 2815/2623/2308 2776/2624/2309 2816/2625/2310
f 2776/2624/1898 2764/2571/1890 2817/2626/1662
f 2764/2571/1890 2818/2627/685 2817/2626/1662
f 2818/2627/685 2815/2623/2308 2816/2625/2310
f 2764/2571/1890 2819/2628/1930 2818/2627/685
f 2815/2623/2308 2818/2627/685 2819/2628/1930
f 2766/2573/1935 2820/2629/1934 2764/2571/2279
f 2820/2629/1934 2821/2630/247 2819/2628/1938
f 2822/2631/1937 2819/2628/1938 2821/2630/247
f 2766/2573/1935 2823/2632/2311 2822/2631/1937
f 2828/2633/2312 2824/2634/1941 2826/2635/1943
f 2827/2636/1268 2828/2633/2312 2826/2635/1943
f 2824/2634/1941 2828/2633/2312 2825/2637/2313
f 2453/2300/1735 2450/2303/8 2441/2597/2297
f 2830/2638/2314 2831/2639/2315 2832/2640/2316
f 2833/2641/2317 2831/2639/2315 2830/2638/2314
f 2834/2297/2318 2837/2642/2319 2449/2299/382
f 2836/2298/704 2837/2642/251 2835/2295/1273
f 2839/2643/2320 2838/2644/2321 2836/2298/2322
f 2448/2645/4 2838/2644/2323 2841/2646/255
f 2841/2646/255 2508/2353/2324 2448/2645/4
f 2838/2644/2323 2843/2647/261 2842/2648/258
f 2508/2353/2324 2841/2646/255 2843/2647/2325
f 2844/2649/2326 2838/2644/2323 2845/2650/264
f 2838/2644/2323 2846/2651/2327 2845/2650/264
f 2846/2651/2327 2838/2644/2323 2847/2652/718
f 2510/2354/2137 2844/2649/712 2848/2653/2328
f 2846/2651/2327 2510/2354/2137 2848/2653/2328
f 2847/2652/718 2510/2354/2137 2846/2651/2327
f 2844/2649/712 2510/2354/2137 2508/2353/709
f 2850/2654/1672 2839/2643/2320 2851/2593/2329
f 2839/2643/2320 2852/2594/719 2851/2593/2329
f 2838/2644/2321 2839/2643/2320 2850/2654/1672
f 2852/2594/719 2839/2643/2320 2853/2655/720
f 2847/2652/718 2853/2655/720 2854/2656/2330
f 2854/2656/2330 2853/2655/720 2855/2657/2331
f 2853/2655/720 2856/2658/721 2855/2657/2331
f 2859/2659/2332 2854/2656/2330 2858/2660/2333
f 2856/2658/721 2859/2659/2332 2858/2660/2333
f 2854/2656/2330 2859/2659/2332 2847/2652/718
f 2857/2661/728 2859/2659/2332 2856/2658/721
f 2847/2652/718 2861/2662/2334 2860/2663/729
f 2861/2662/2334 2847/2652/718 2859/2659/2332
f 2862/2664/732 2847/2652/718 2860/2663/729
f 2510/2354/2137 2847/2652/718 2862/2664/732
f 2517/2665/1778 2862/2664/732 2863/2666/269
f 2861/2662/2334 2517/2665/1778 2863/2666/269
f 2862/2664/732 2517/2665/1778 2510/2354/2137
f 2859/2659/2332 2517/2665/1778 2861/2662/2334
f 2517/2665/1778 2859/2659/2332 2864/2667/2335
f 2515/2358/2139 2510/2354/2137 2517/2665/1778
f 2864/2667/2335 2859/2659/2332 2865/2668/738
f 2859/2659/2332 2866/2617/1965 2865/2668/738
f 2523/2363/2336 2864/2667/2335 2867/2616/1305
f 2866/2617/1965 2523/2363/2336 2867/2616/1305
f 2523/2363/2336 2517/2665/1778 2864/2667/2335
f 2868/2669/2337 2523/2363/2336 2866/2617/1965
f 2866/2617/1965 2859/2659/2332 2868/2669/2337
f 2868/2669/2337 2859/2659/2332 2869/2670/1969
f 2859/2659/2332 2857/2661/728 2869/2670/1969
f 2868/2669/2337 2869/2670/1969 2870/2671/2338
f 2869/2670/1969 2857/2661/728 2871/2672/744
f 2872/2673/2339 2868/2669/2337 2870/2671/2338
f 2857/2661/728 2872/2673/2339 2871/2672/744
f 2872/2673/2339 2857/2661/728 2873/2674/2340
f 2873/2674/2340 2868/2669/2337 2872/2673/2339
f 2873/2674/2340 2857/2661/728 2874/2675/1973
f 2873/2674/2340 2874/2675/1973 2875/2676/2341
f 2876/2677/748 2873/2674/2340 2875/2676/2341
f 2874/2675/1973 2878/2678/2342 2877/2679/2343
f 2857/2661/728 2878/2678/2342 2874/2675/1973
f 2878/2678/2342 2876/2677/748 2877/2679/2343
f 2876/2677/748 2878/2678/2342 2879/2680/942
f 2879/2680/942 2873/2674/2340 2876/2677/748
f 2883/2681/2344 2881/2581/1975 2880/2576/1346
f 2883/2681/2344 2857/2661/728 2884/2682/753
f 2878/2678/2342 2857/2661/728 2883/2681/2344
f 2882/2579/2345 2884/2682/2346 2885/2683/2347
f 2857/2661/728 2853/2655/2348 2885/2683/757
f 2887/2684/761 2883/2681/756 2886/2577/759
f 2891/2685/281 2889/2686/280 2888/2687/1323
f 2893/2688/2349 2889/2686/2350 2892/2689/2351
f 2890/2690/1327 2889/2686/2350 2893/2688/2349
f 2893/2688/2352 2853/2655/720 2839/2643/2320
f 2896/2691/1332 2895/2692/2353 2894/2693/2354
f 2849/2694/2355 2895/2692/2353 2840/2695/707
f 2895/2692/2353 2896/2691/1332 2897/2696/2356
f 2840/2695/707 2895/2692/2353 2897/2696/2356
f 2815/2623/2308 2898/2697/779 2899/2698/285
f 2815/2623/2308 2899/2698/285 2900/2699/772
f 2901/2700/778 2815/2623/2308 2900/2699/772
f 2808/2615/2304 2815/2623/2308 2901/2700/778
f 2899/2698/285 2456/2307/2357 2902/2701/283
f 2456/2307/2357 2901/2700/778 2902/2701/283
f 2808/2615/675 2456/2307/2358 2455/2702/2359
f 2808/2615/675 2455/2702/2359 2904/2703/2360
f 2905/2704/785 2808/2615/675 2904/2703/2360
f 2457/2304/787 2808/2615/675 2905/2704/785
f 2455/2702/2361 2906/2705/2362 2903/2706/1321
f 2907/2707/2363 2905/2704/2364 2906/2705/2362
f 2906/2705/2362 2455/2702/2361 2907/2707/2363
f 2561/2395/2170 2559/2393/1883 2908/2708/321
f 2909/2709/2365 2873/2674/2340 2559/2393/1883
f 2873/2674/2340 2909/2709/2365 2910/2710/2366
f 2911/2711/1987 2873/2674/2340 2910/2710/2366
f 2868/2669/2337 2873/2674/2340 2911/2711/1987
f 2913/2712/2367 2911/2711/1987 2912/2713/1988
f 2909/2709/2365 2913/2712/2367 2912/2713/1988
f 2559/2393/1883 2913/2712/2367 2909/2709/2365
f 2914/2706/1891 2868/2669/1991 2913/2712/2367
f 2916/2714/2368 2868/2669/2337 2915/2715/1992
f 2916/2714/2047 2917/2703/2369 2918/2704/804
f 2920/2716/2370 2916/2714/2047 2919/2705/2371
f 2919/2705/2371 2914/2706/629 2920/2716/2370
f 2925/2717/810 2921/2718/2372 2923/2719/2373
f 2923/2719/2373 2924/2720/2374 2925/2717/810
f 2921/2718/2372 2925/2717/810 2922/2308/1354
f 2926/2721/811 2925/2717/810 2924/2720/2374
f 2760/2568/1881 2755/2565/1876 2913/2712/2367
f 2927/2722/1364 2928/2723/2004 2929/2724/2375
f 2931/2725/2376 2928/2723/2004 2930/2726/2005
f 2928/2723/2004 2931/2725/2376 2932/2727/2377
f 2932/2727/2377 2929/2724/2375 2928/2723/2004
f 2933/2728/814 2935/2729/822 2934/2561/819
f 2936/2730/821 2934/2561/819 2937/2731/2378
f 2937/2731/2378 2938/2562/2379 2936/2730/821
f 2937/2731/2378 2934/2561/819 2939/2559/1804
f 2938/2562/2379 2937/2731/2378 2940/2563/2380
f 2935/2729/822 2743/2732/600 2938/2562/820
f 2945/2733/829 2941/2503/302 2943/2502/1377
f 2942/2505/1376 2944/2734/304 2743/2732/600
f 2942/2505/2381 2947/2735/2382 2946/2506/1688
f 2743/2732/600 2935/2729/822 2942/2505/1376
f 2743/2732/1638 2945/2733/829 2553/2391/2383
f 2947/2735/2384 2949/2736/2385 2948/2737/1691
f 2948/2737/1691 2950/2738/2386 2553/2391/2168
f 2948/2737/1691 2949/2736/2385 2951/2739/830
f 2949/2736/2385 2952/2740/832 2951/2739/830
f 2952/2740/832 2553/2391/2168 2950/2738/2386
f 2949/2736/2385 2546/2380/2162 2952/2740/832
f 2546/2380/2162 2949/2736/2385 2953/2741/2387
f 2949/2736/2385 2699/2518/2243 2953/2741/2387
f 2953/2741/2387 2954/2742/2388 2546/2380/2162
f 2953/2741/2387 2699/2518/2243 2955/2743/2389
f 2699/2518/2243 2700/2519/833 2955/2743/2389
f 2700/2519/833 2546/2380/2162 2954/2742/2388
f 2956/2744/837 2957/2745/2390 2569/2403/2174
f 2957/2745/2390 2956/2744/837 2958/2746/2391
f 2959/2747/1697 2957/2745/2390 2958/2746/2391
f 2879/2680/942 2957/2745/2390 2959/2747/1697
f 2561/2395/2170 2959/2747/1697 2960/2748/2392
f 2956/2744/837 2561/2395/2170 2960/2748/2392
f 2561/2395/2170 2879/2680/942 2959/2747/1697
f 2569/2403/2174 2561/2395/2170 2956/2744/837
f 2908/2708/321 2879/2680/942 2561/2395/2170
f 2879/2680/942 2908/2708/321 2961/2749/2393
f 2962/2750/2394 2879/2680/942 2961/2749/2393
f 2873/2674/2340 2879/2680/942 2962/2750/2394
f 2908/2708/321 2559/2393/1883 2963/2751/319
f 2559/2393/1883 2962/2750/2394 2963/2751/319
f 2962/2750/2394 2559/2393/1883 2873/2674/2340
f 2828/2633/2312 2827/2636/1268 2829/2752/2395
f 2969/2753/2396 2966/2754/847 2965/2755/1395
f 2966/2754/847 2969/2753/2396 2968/2756/850
f 2969/2753/2396 2970/2757/2397 2968/2756/850
f 2970/2757/2397 2969/2753/2396 2971/2758/2025
f 2975/2759/1399 2976/2760/855 2974/2761/854
f 2976/2760/855 2975/2759/1399 2978/2762/2398
f 2978/2762/2398 2977/2763/2399 2976/2760/855
f 2977/2763/2399 2978/2762/2398 2979/2764/1400
f 2980/2765/2029 2964/2766/2400 2975/2759/2030
f 2980/2765/2032 2979/2764/1400 2981/2767/2066
f 2982/2768/2401 2985/2769/1405 2983/2770/2402
f 2985/2769/1405 2984/2771/2403 2983/2770/2402
f 2982/2768/326 2987/2772/2404 2986/2773/327
f 2984/2771/1407 2986/2773/327 2987/2772/2404
f 2987/2772/2404 2982/2768/326 2980/2765/2405
f 2987/2772/2404 2823/2632/1940 2984/2771/1407
f 2823/2632/1940 2989/2774/330 2988/2775/868
f 2990/2776/2041 2823/2632/1940 2988/2775/868
f 2989/2774/330 2992/2777/2406 2991/2778/331
f 2992/2777/2406 2990/2776/2041 2991/2778/331
f 2992/2777/2406 2989/2774/330 2987/2772/2404
f 2990/2776/2041 2992/2777/2406 2819/2628/1930
f 2819/2628/1930 2992/2777/2406 2993/2779/334
f 2819/2628/1930 2993/2779/334 2994/2780/1707
f 2995/2781/2045 2819/2628/1930 2994/2780/1707
f 2819/2628/1930 2995/2781/2045 2815/2623/2308
f 2898/2697/779 2995/2781/2045 2996/2782/2407
f 2993/2779/334 2898/2697/779 2996/2782/2407
f 2995/2781/2045 2898/2697/779 2815/2623/2308
f 2898/2697/779 2993/2779/334 2992/2777/2406
f 2523/2363/1785 2920/2716/2370 2527/2310/1032
f 2523/2363/2336 2868/2669/2337 2916/2714/2368
f 2997/2783/2408 3000/2784/2409 2998/2785/2410
f 3000/2784/2409 2997/2783/2408 3001/2786/2411
f 2999/2787/876 3000/2784/2409 3002/2788/2412
f 3001/2786/2411 3002/2788/2412 3000/2784/2409
f 3003/2718/2413 3006/2789/2414 2459/2308/881
f 3005/2721/883 3006/2789/2414 3004/2720/2415
f 3007/2790/882 2459/2308/881 3006/2789/2414
f 3006/2789/2414 3005/2721/883 3007/2790/882
f 2456/2307/2357 2933/2728/814 3005/2721/880
f 3008/2791/1709 2933/2728/814 2456/2307/2357
f 3010/2792/888 2933/2728/814 3009/2793/340
f 3008/2791/2416 2898/2697/2417 3011/2569/2418
f 2898/2697/2417 3010/2792/2419 3011/2569/2418
f 2933/2728/814 3010/2792/888 2935/2729/822
f 3013/2794/1712 2992/2777/2406 3012/2795/1711
f 2992/2777/2406 3014/2796/343 3012/2795/1711
f 2992/2777/2406 3013/2794/1712 2898/2697/779
f 2935/2729/822 2898/2697/779 3013/2794/1712
f 3013/2794/1712 3015/2797/2420 2935/2729/822
f 3014/2796/343 2935/2729/822 3015/2797/2420
f 2992/2777/2406 2947/2735/2384 3014/2796/343
f 2935/2729/822 3014/2796/343 2947/2735/2384
f 2947/2735/2384 2992/2777/2406 3016/2798/1713
f 2992/2777/2406 2987/2772/2404 3016/2798/1713
f 3016/2798/1713 3017/2799/2421 2947/2735/2384
f 3016/2798/1713 2987/2772/2404 3018/2800/2422
f 2987/2772/2404 3019/2801/2423 3018/2800/2422
f 3019/2801/2423 2947/2735/2384 3017/2799/2421
f 2987/2772/2404 2949/2736/2385 3019/2801/2423
f 2947/2735/2384 3019/2801/2423 2949/2736/2385
f 2949/2736/2385 2987/2772/2404 3020/2802/1716
f 2987/2772/2404 2980/2765/2405 3020/2802/1716
f 3020/2802/1716 2980/2765/2405 3021/2803/2424
f 2980/2765/2405 3022/2804/2425 3021/2803/2424
f 3020/2802/1716 3023/2805/2426 2949/2736/2385
f 3022/2804/2425 2949/2736/2385 3023/2805/2426
f 2980/2765/2405 2699/2518/2243 3022/2804/2425
f 2949/2736/2385 3022/2804/2425 2699/2518/2243
f 2980/2765/2032 2981/2767/2066 3024/2416/2427
f 3027/2806/2068 3025/2418/2428 3026/2807/1719
f 3024/2416/1717 3028/2420/2429 2699/2518/1841
f 3025/2418/2428 3027/2806/2068 3029/2419/2430
f 2981/2767/2066 2702/2521/2245 3027/2806/2068
f 3032/2424/1448 3033/2808/2431 3030/2423/2432
f 3033/2808/2431 3032/2424/1448 3034/2809/2433
f 3034/2809/2433 3031/2425/2434 3033/2808/2431
f 3031/2425/2434 3034/2809/2433 3035/2426/1875
f 3040/2810/913 3038/2811/2435 3036/2812/2436
f 3039/2813/2437 3040/2810/913 3037/2814/912
f 3038/2811/2435 3040/2810/913 3041/2815/2438
f 3040/2810/913 3039/2813/2437 3041/2815/2438
f 3043/2763/359 3044/2816/358 3042/2764/1456
f 3044/2816/358 2972/2761/853 2973/2759/1457
f 3045/2817/2439 2972/2761/853 3044/2816/358
f 2583/2414/502 2576/2409/496 3043/2763/1720
f 2576/2409/2440 2967/2818/2441 2972/2761/916
f 2967/2818/920 3048/2819/361 3047/2769/2442
f 3049/2820/922 2967/2818/920 3047/2769/2442
f 3050/2773/362 3049/2820/922 3046/2771/1466
f 3048/2819/361 2569/2403/2174 3051/2821/2443
f 2576/2409/2177 2569/2403/2174 3048/2819/361
f 2569/2403/2174 2957/2745/2390 3049/2820/1722
f 3056/2822/2444 3053/2690/2079 3054/2823/2080
f 3055/2687/2445 3056/2822/2444 3054/2823/2080
f 3053/2690/2079 3056/2822/2444 3052/2688/2446
f 3056/2822/2444 3055/2687/2445 3057/2685/2447
f 2767/2574/2081 2771/2582/1893 3055/2687/1468
f 3059/2824/2448 3060/2825/2449 3058/2826/2450
f 3060/2825/2449 3059/2824/2448 3061/2827/2451
f 3059/2824/2448 3062/2828/2452 3061/2827/2451
f 3062/2828/2452 3059/2824/2448 3063/2829/1474
f 2878/2678/762 2887/2684/761 3065/2830/935
f 3068/2831/1887 3067/2832/938 3066/2833/2453
f 3068/2831/2454 3065/2830/935 3064/2575/2087
f 3067/2832/938 3068/2831/1887 3069/2572/2090
f 3070/2834/2455 2878/2678/762 3067/2832/938
f 2878/2678/762 3070/2834/2455 3071/2835/941
f 3071/2835/941 3070/2834/2455 3072/2836/2456
f 3070/2834/2455 3073/2837/2457 3072/2836/2456
f 3073/2837/2457 3070/2834/2455 2957/2745/947
f 3074/2637/2458 3077/2838/2459 3075/2839/2460
f 3077/2838/2459 3076/2752/2461 3075/2839/2460
f 3078/2634/1488 3077/2838/2459 3074/2637/2458
f 3076/2752/2461 3077/2838/2459 3079/2636/2100
f 3080/2840/2102 3083/2841/2462 3081/2842/2463
f 3083/2841/2462 3082/2843/2464 3081/2842/2463
f 3083/2841/2462 3080/2840/2102 3084/2844/952
f 3082/2843/2464 3083/2841/2462 3085/2845/1490
f 2763/2572/2104 3087/2846/957 3086/2847/2465
f 3087/2846/957 2765/2575/2280 3086/2847/2465
f 3088/2832/2466 3087/2846/957 2763/2572/2104
f 2765/2575/2280 3087/2846/957 3089/2830/958
