# Blender 5.2.0 LTS
# www.blender.org
mtllib neh.mtl
o THE_NET
v 0.473921 -0.027005 0.196393
v 0.269510 0.087569 0.303403
v 0.269874 0.103331 0.293555
v -0.000642 0.022369 0.199577
v -0.000011 0.004353 0.205906
v -0.000775 0.022399 -0.081337
v 0.009717 0.026166 0.203821
v 0.261182 0.106020 0.297584
v 0.262233 0.092115 0.309513
v 0.056262 0.233994 0.393481
v 0.048573 0.239792 0.398015
v 0.051700 0.221614 0.405891
v 0.005068 0.012932 0.215500
v 0.049424 0.231880 0.413603
v 0.944259 0.428768 0.263416
v 0.744671 0.680029 0.211394
v 0.736941 0.668929 0.198959
v 0.166378 0.764153 0.199408
v 0.168862 0.781645 0.206021
v 0.414015 0.628968 0.306430
v 0.119379 0.553872 0.413688
v 0.124874 0.563588 0.405892
v 0.411086 0.615777 0.294359
v 0.127624 0.549922 0.393733
v 0.168723 0.781676 -0.087780
v 0.166246 0.764183 -0.081197
v 0.127307 0.549993 -0.275503
v 0.117433 0.547026 -0.279607
v 0.410863 0.615826 -0.176382
v 0.124546 0.563661 -0.287656
v 0.413781 0.629020 -0.188454
v 0.119043 0.553947 -0.295478
v 0.048252 0.239864 -0.279775
v 0.049089 0.231955 -0.295366
v 0.944065 0.428811 -0.145983
v 0.736808 0.668959 -0.081280
v 0.744527 0.680061 -0.093720
v 2.267952 -0.828018 0.081326
v 2.269392 -0.834671 0.069562
v 2.264998 -0.830600 0.084000
v 2.269346 -0.829617 0.071449
v 2.269782 -0.760824 0.095543
v 2.280931 -0.824605 0.071557
v 2.297261 -0.833765 0.082466
v 2.285207 -0.825288 0.068712
v 2.270117 -0.733646 0.105310
v 2.275791 -0.827126 0.102258
v 2.262105 -0.820198 0.088928
v 2.232822 -0.683565 0.152354
v 2.230201 -0.674517 0.156971
v 2.265405 -0.734934 0.107001
v 2.267698 -0.726129 0.106775
v 2.232690 -0.672997 0.154268
v 2.196985 -0.514289 0.147915
v 2.191992 -0.499934 0.150817
v 2.303180 -0.651156 0.098494
v 1.937306 -0.180220 -0.092096
v 1.948234 -0.178585 -0.106677
v 2.079823 -0.386124 -0.124011
v 2.070428 -0.388289 -0.108418
v 1.934382 -0.183229 -0.093474
v 2.077925 -0.395663 -0.106734
v 1.946184 -0.190678 -0.089878
v 2.170634 -0.323924 -0.009633
v 2.080346 -0.400786 -0.122859
v 2.073489 -0.397919 -0.106591
v 2.091648 -0.555767 -0.094911
v 2.085080 -0.551377 -0.078811
v 2.090032 -0.565595 -0.091843
v 2.087365 -0.559413 -0.075717
v 2.117845 -0.701712 -0.044822
v 2.114231 -0.708416 -0.060522
v 2.120834 -0.709450 -0.039929
v 2.131961 -0.779210 -0.003556
v 2.139952 -0.766421 0.007359
v 2.111822 -0.720913 -0.051574
v 2.236329 -0.838120 0.031899
v 2.228435 -0.829591 0.027176
v 2.247320 -0.845714 0.054799
v 2.260586 -0.847214 0.057944
v 2.239794 -0.862095 0.045570
v 2.249524 -0.864981 0.052460
v 2.232559 -0.856523 0.037584
v 2.231822 -0.837579 0.034463
v 2.233643 -0.838981 0.044536
v 2.223887 -0.853450 0.027627
v 2.253232 -0.844170 0.050350
v 2.259671 -0.862205 0.044549
v 2.248888 -0.840273 0.043402
v 2.258286 -0.857118 0.036305
v 2.253995 -0.838747 0.041627
v 2.261595 -0.841973 0.050347
v 2.251447 -0.834306 0.038928
v 2.240715 -0.835239 0.031757
v 2.259474 -0.849198 0.028708
v 2.221104 -0.775572 0.004055
v 2.259107 -0.830368 0.031749
v 2.226162 -0.784932 -0.010693
v 2.262052 -0.843206 0.018971
v 2.264973 -0.830595 0.031914
v 2.263503 -0.834375 0.038275
v 2.227188 -0.840600 0.013247
v 2.259459 -0.837300 0.043088
v 2.280312 -0.851140 0.039587
v 2.264141 -0.836230 0.044831
v 2.269381 -0.834669 0.046319
v 2.267483 -0.840426 0.054818
v 2.271767 -0.834094 0.050286
v 2.275826 -0.832954 0.057939
v 2.267486 -0.840427 0.061093
v 2.271775 -0.834096 0.065594
v 2.278879 -0.830329 0.066125
v 2.273658 -0.833672 0.061935
v 2.273654 -0.833672 0.053972
v 2.278870 -0.830327 0.049777
v 2.285197 -0.825286 0.047158
v 2.276774 -0.827665 0.057939
v 2.267930 -0.828013 0.034587
v 2.269333 -0.829614 0.044463
v 2.280918 -0.824602 0.044345
v 2.269747 -0.760816 0.020383
v 2.297237 -0.833760 0.033391
v 2.270072 -0.733636 0.010621
v 2.275749 -0.827116 0.013619
v 2.262076 -0.820192 0.026965
v 2.265359 -0.734924 0.008907
v 2.232733 -0.683545 -0.036376
v 2.230107 -0.674496 -0.040989
v 2.232599 -0.672976 -0.038289
v 2.267652 -0.726118 0.009160
v 2.196900 -0.514270 -0.031867
v 2.303141 -0.651147 0.017396
v 2.191905 -0.499915 -0.034762
v 2.302039 -0.661379 0.019421
v 2.272088 -0.733304 0.014363
v 2.286135 -0.813565 0.045076
v 2.293077 -0.726647 0.054228
v 2.294951 -0.726024 0.057941
v 2.289561 -0.754870 0.057940
v 2.284552 -0.823625 0.051041
v 2.284558 -0.823626 0.064858
v 2.286148 -0.813568 0.070823
v 2.272130 -0.733313 0.101538
v 2.302076 -0.661388 0.096495
v 2.293080 -0.726647 0.061684
v 2.293066 -0.718271 0.057942
v 2.302278 -0.650570 0.094921
v 2.236020 -0.492274 0.057993
v 2.232071 -0.476726 0.057997
v 2.302243 -0.650562 0.020998
v 2.298563 -0.640214 0.016499
v 2.230472 -0.477441 0.054536
v 2.175052 -0.334531 -0.008286
v 2.193525 -0.499431 -0.031245
v 2.186054 -0.491967 -0.035940
v 2.167277 -0.325608 -0.012051
v 2.184209 -0.321612 -0.023568
v 2.079809 -0.393912 -0.104173
v 2.204893 -0.489714 -0.046530
v 2.084285 -0.404468 -0.103952
v 2.204947 -0.501170 -0.048725
v 2.237014 -0.665252 -0.058072
v 2.224651 -0.664953 -0.043265
v 2.187866 -0.501482 -0.036393
v 2.229693 -0.681903 -0.056664
v 2.211194 -0.754187 -0.027313
v 2.224861 -0.675215 -0.040846
v 2.204902 -0.745784 -0.012311
v 2.204135 -0.753762 -0.008653
v 2.208467 -0.763835 -0.023120
v 2.211275 -0.754205 0.143296
v 2.227230 -0.840610 0.102702
v 2.208544 -0.763852 0.139103
v 2.204198 -0.753776 0.124643
v 2.228464 -0.829598 0.088745
v 2.236353 -0.838126 0.084042
v 2.231844 -0.837584 0.081483
v 2.223916 -0.853457 0.088323
v 2.232578 -0.856527 0.078357
v 2.233656 -0.838984 0.071408
v 2.239806 -0.862098 0.070361
v 2.247323 -0.845715 0.061130
v 2.249529 -0.864982 0.063435
v 2.259682 -0.862208 0.071365
v 2.253239 -0.844172 0.065574
v 2.248901 -0.840276 0.072527
v 2.258307 -0.857122 0.079611
v 2.254012 -0.838751 0.074297
v 2.251465 -0.834310 0.077000
v 2.240740 -0.835245 0.084152
v 2.221155 -0.775583 0.111913
v 2.259501 -0.849205 0.087209
v 2.226227 -0.784946 0.126627
v 2.259131 -0.830373 0.084173
v 2.262089 -0.843214 0.096945
v 2.263522 -0.834379 0.077642
v 2.259473 -0.837303 0.072831
v 2.261602 -0.841975 0.065542
v 2.280329 -0.851144 0.076309
v 2.264154 -0.836233 0.071085
v 2.298603 -0.640223 0.099425
v 2.193609 -0.499450 0.147298
v 2.175115 -0.334545 0.124391
v 2.170698 -0.323938 0.125716
v 2.230475 -0.477442 0.061486
v 2.169970 -0.323906 0.122228
v 2.226366 -0.468390 0.058000
v 2.001625 -0.142343 0.058141
v 1.993778 -0.131076 0.058146
v 2.169909 -0.323892 -0.006115
v 1.992589 -0.132464 0.054544
v 1.847683 0.029260 -0.047121
v 1.938835 -0.179102 -0.088355
v 1.929031 -0.174646 -0.092430
v 1.838337 0.034002 -0.050437
v 1.848968 0.043038 -0.063104
v 1.943823 -0.167721 -0.104057
v 1.238371 -0.186994 0.226404
v 1.063212 0.003570 0.267169
v 1.060104 -0.005280 0.282055
v 0.743518 0.006765 0.269318
v 0.554789 0.161170 0.399990
v 0.554358 0.174100 0.387273
v 0.741675 0.020847 0.257559
v 0.547960 0.178580 0.390850
v 0.270543 0.109034 0.298733
v 0.270590 0.097515 0.312436
v 0.844970 0.220761 0.352135
v 0.117754 0.546954 0.397846
v 0.664406 0.461914 0.407202
v 0.660308 0.462654 0.390377
v 0.837479 0.222575 0.335874
v 1.377351 -0.048086 0.291074
v 1.373274 -0.048675 0.307875
v 1.512898 -0.256787 0.313836
v 1.504116 -0.260155 0.329402
v 1.519125 -0.264044 0.311610
v 1.510869 -0.275352 0.323684
v 1.651248 -0.416549 0.211300
v 1.646029 -0.429430 0.223119
v -0.000150 0.004384 -0.087670
v 0.473791 -0.026976 -0.078640
v 0.269279 0.087621 -0.185432
v 0.269652 0.103381 -0.175582
v 0.009580 0.026197 -0.085591
v 0.004920 0.012965 -0.097268
v 0.261996 0.092168 -0.191507
v 0.051372 0.221687 -0.287658
v 0.260956 0.106071 -0.179602
v 0.055945 0.234065 -0.275278
v 0.270316 0.109085 -0.180732
v 0.547646 0.178650 -0.273095
v 0.270351 0.097569 -0.194437
v 0.554466 0.161242 -0.282246
v 0.743319 0.006809 -0.151785
v 0.554047 0.174169 -0.269526
v 0.741487 0.020889 -0.140022
v 0.844693 0.220823 -0.234654
v 0.837217 0.222633 -0.218413
v 0.659994 0.462724 -0.272669
v 0.664076 0.461988 -0.289526
v 1.377131 -0.048037 -0.174152
v 1.373037 -0.048622 -0.190978
v 1.512656 -0.256733 -0.197116
v 1.503859 -0.260098 -0.212645
v 1.059892 -0.005233 -0.164825
v 1.238212 -0.186959 -0.109410
v 1.063015 0.003614 -0.149939
v 0.749744 0.001872 -0.145232
v 0.972346 -0.110180 -0.029810
v 0.749550 0.017754 -0.135467
v 1.698882 -0.082205 0.313824
v 1.699907 -0.074025 0.329244
v 1.510781 0.106913 0.237253
v 1.505442 0.096159 0.223860
v 1.791208 -0.294701 -0.156365
v 1.699651 -0.073968 -0.212633
v 1.698640 -0.082150 -0.197214
v 1.510612 0.106950 -0.120426
v 1.505285 0.096194 -0.107030
v 1.992592 -0.132465 0.061748
v 1.847782 0.029237 0.163614
v 1.938973 -0.179133 0.204716
v 1.937448 -0.180252 0.208459
v 1.946324 -0.190709 0.206231
v 2.078081 -0.395697 0.222918
v 2.167343 -0.325623 0.128166
v 2.079963 -0.393946 0.220356
v 2.186143 -0.491986 0.152002
v 2.184287 -0.321629 0.139668
v 2.204992 -0.489736 0.162545
v 2.205048 -0.501193 0.164739
v 2.084438 -0.404502 0.220129
v 2.224746 -0.664974 0.159253
v 2.237124 -0.665277 0.174021
v 2.187956 -0.501502 0.152450
v 2.229801 -0.681927 0.172615
v 2.224954 -0.675236 0.156832
v 2.204969 -0.745799 0.128302
v 1.934323 -0.492849 -0.111206
v 1.932213 -0.500985 -0.126542
v 1.799764 -0.308354 -0.170638
v 1.796933 -0.302782 -0.154343
v 1.796054 -0.297611 -0.172971
v 1.704846 -0.090337 -0.197780
v 1.705976 -0.091558 -0.214805
v 2.040780 -0.728892 0.101114
v 1.971807 -0.632038 0.163457
v 1.983390 -0.620203 0.153492
v 1.977712 -0.614749 0.158306
v 1.970238 -0.626550 0.170296
v 1.935406 -0.510772 0.236142
v 1.940197 -0.500061 0.222579
v 1.934483 -0.492885 0.227506
v 1.932388 -0.501024 0.242842
v 1.799981 -0.308402 0.287104
v 1.797135 -0.302827 0.270814
v 1.796272 -0.297660 0.289443
v 1.791411 -0.294747 0.272843
v 1.705088 -0.090392 0.314382
v 1.706234 -0.091616 0.331406
v 1.849082 0.043012 0.179598
v 1.838440 0.033979 0.166911
v 1.943977 -0.167755 0.220417
v 1.929174 -0.174677 0.208801
v 2.070586 -0.388324 0.224611
v 2.079996 -0.386162 0.240167
v 1.948390 -0.178620 0.223003
v 1.934526 -0.183261 0.209811
v 2.080517 -0.400824 0.239041
v 2.073645 -0.397953 0.222779
v 2.091793 -0.555799 0.211048
v 2.085210 -0.551406 0.194928
v 2.087492 -0.559442 0.191830
v 2.114343 -0.708442 0.176606
v 2.090173 -0.565626 0.207980
v 2.117942 -0.701734 0.160875
v 2.120927 -0.709471 0.156005
v 2.132020 -0.779223 0.119609
v 2.111926 -0.720937 0.167658
v 2.140000 -0.766432 0.108689
v 2.040739 -0.728883 0.015036
v 1.971707 -0.632015 -0.047250
v 1.983300 -0.620183 -0.037265
v 1.970132 -0.626526 -0.054059
v 1.977617 -0.614728 -0.042073
v 1.935237 -0.510735 -0.119847
v 1.940042 -0.500026 -0.106285
v 0.972430 -0.110199 0.147102
v 0.749937 0.001829 0.262758
v 0.749734 0.017713 0.252996
v 1.518886 -0.263991 -0.194897
v 1.510618 -0.275295 -0.206938
v 1.651104 -0.416516 -0.094715
v 1.645873 -0.429395 -0.106533
v 0.238848 -0.000363 0.062649
v 0.473921 -0.027005 0.196393
v 0.006797 0.021507 0.199405
v 0.269874 0.103331 0.293555
v 0.238804 -0.002228 0.058990
v 0.270245 0.104833 0.297299
v 0.481373 -0.027902 0.196079
v -0.000642 0.022369 0.199577
v -0.000775 0.022399 -0.081337
v 0.006664 0.021537 -0.081172
v 0.009717 0.026166 0.203821
v 0.261182 0.106020 0.297584
v 0.056262 0.233994 0.393481
v 0.048573 0.239792 0.398015
v 1.273305 0.303256 0.152067
v 1.504877 0.117169 0.234922
v 1.515100 0.111392 0.234297
v 0.953831 0.424333 0.262932
v 1.264942 0.309558 0.152860
v 1.284189 0.298593 0.152540
v 0.955764 0.426783 0.257697
v 0.762491 0.677849 0.201283
v 1.250908 0.296455 0.146732
v 0.942003 0.416368 0.247882
v 0.994387 0.506853 0.064315
v 0.994790 0.508769 0.058687
v 0.747138 0.688375 0.202417
v 0.931496 0.419038 0.252333
v 0.662942 0.469574 0.388013
v 0.944259 0.428768 0.263416
v 0.671094 0.482261 0.398956
v 0.668176 0.474175 0.406020
v 0.432665 0.624472 0.305409
v 0.422945 0.627582 0.306370
v 0.744671 0.680029 0.211394
v 0.730296 0.691535 0.202566
v 0.423044 0.630986 0.300798
v 0.179274 0.779869 0.205932
v 0.453651 0.735064 0.065044
v 0.454379 0.736939 0.058966
v 0.168862 0.781645 0.206021
v 0.414015 0.628968 0.306430
v 0.124874 0.563588 0.405892
v 0.171349 0.772918 0.214686
v 0.168723 0.781676 -0.087780
v 0.172777 0.782174 -0.076189
v 0.172905 0.782145 0.194426
v 0.445234 0.738406 0.058971
v 0.179135 0.779900 -0.087702
v 0.453646 0.735065 0.052889
v 0.730160 0.691566 -0.084876
v 0.747002 0.688405 -0.084744
v 0.464287 0.733140 0.058961
v 0.747577 0.688796 0.191049
v 0.984778 0.513367 0.058692
v 0.747452 0.688824 -0.073375
v 0.422815 0.631038 -0.182831
v 0.422711 0.627635 -0.188403
v 0.171202 0.772951 -0.096449
v 0.124546 0.563661 -0.287656
v 0.413781 0.629020 -0.188454
v 0.048252 0.239864 -0.279775
v 0.059078 0.245078 -0.279611
v 0.124955 0.545660 -0.279666
v 0.336116 0.362778 -0.276156
v 0.337888 0.362355 -0.293181
v 0.054991 0.245329 -0.296436
v 0.129284 0.552273 -0.295285
v 0.346881 0.368003 -0.291215
v 0.652615 0.476764 -0.288534
v 0.345578 0.365382 -0.274332
v 0.667847 0.474249 -0.288317
v 0.653741 0.468986 -0.272919
v 0.432432 0.624524 -0.187479
v 0.670772 0.482333 -0.281254
v 0.944065 0.428811 -0.145983
v 0.953638 0.424376 -0.145510
v 0.662631 0.469644 -0.270306
v 0.931313 0.419079 -0.134919
v 0.744527 0.680061 -0.093720
v 0.941824 0.416408 -0.130450
v 1.250825 0.296474 -0.029618
v 0.955575 0.426825 -0.140276
v 0.762357 0.677879 -0.083626
v 1.264852 0.309578 -0.035785
v 0.994382 0.506854 0.053087
v 2.285254 -0.855236 0.063672
v 2.267952 -0.828018 0.081326
v 2.269392 -0.834671 0.069562
v 2.264998 -0.830600 0.084000
v 2.269346 -0.829617 0.071449
v 2.287223 -0.841638 0.078952
v 2.288857 -0.835953 0.088856
v 2.275791 -0.827126 0.102258
v 2.262105 -0.820198 0.088928
v 2.213945 -0.751432 0.124188
v 2.267698 -0.726129 0.106775
v 2.287328 -0.730293 0.117036
v 2.252741 -0.674149 0.164332
v 2.232690 -0.672997 0.154268
v 1.952602 -0.174085 -0.103836
v 1.715588 -0.082037 -0.213823
v 2.079823 -0.386124 -0.124011
v 1.809947 -0.298990 -0.170642
v 1.803128 -0.297069 -0.154261
v 2.070428 -0.388289 -0.108418
v 1.943327 -0.498811 -0.108904
v 2.191736 -0.317644 -0.015073
v 1.950992 -0.500532 -0.125115
v 1.946364 -0.496247 -0.108708
v 2.091648 -0.555767 -0.094911
v 2.085080 -0.551377 -0.078811
v 1.985032 -0.619627 -0.040614
v 1.982205 -0.627634 -0.055218
v 2.117845 -0.701712 -0.044822
v 1.989490 -0.618118 -0.041601
v 2.114231 -0.708416 -0.060522
v 2.124478 -0.709091 -0.042546
v 1.994716 -0.628549 -0.037862
v 2.047991 -0.734651 0.015932
v 2.120834 -0.709450 -0.039929
v 2.139952 -0.766421 0.007359
v 2.146183 -0.772095 0.009157
v 2.057906 -0.740943 0.017615
v 2.119511 -0.780507 0.058018
v 2.121663 -0.780044 0.054527
v 2.205028 -0.836233 0.045308
v 2.216038 -0.843476 0.047159
v 2.144149 -0.772648 0.012703
v 2.171059 -0.790895 0.019245
v 2.218791 -0.841044 0.044345
v 2.236329 -0.838120 0.031899
v 2.238811 -0.842771 0.046503
v 2.228435 -0.829591 0.027176
v 2.226688 -0.844012 0.049856
v 2.232571 -0.844435 0.057958
v 2.234652 -0.843956 0.053905
v 2.247320 -0.845714 0.054799
v 2.260586 -0.847214 0.057944
v 2.236707 -0.843472 0.050499
v 2.231822 -0.837579 0.034463
v 2.233643 -0.838981 0.044536
v 2.241897 -0.840025 0.038340
v 2.244037 -0.841402 0.044614
v 2.253232 -0.844170 0.050350
v 2.248888 -0.840273 0.043402
v 2.253995 -0.838747 0.041627
v 2.261595 -0.841973 0.050347
v 2.251447 -0.834306 0.038928
v 2.240715 -0.835239 0.031757
v 2.259474 -0.849198 0.028708
v 2.250658 -0.846255 0.018919
v 2.259107 -0.830368 0.031749
v 2.264973 -0.830595 0.031914
v 2.263503 -0.834375 0.038275
v 2.227188 -0.840600 0.013247
v 2.259459 -0.837300 0.043088
v 2.264141 -0.836230 0.044831
v 2.269381 -0.834669 0.046319
v 2.267483 -0.840426 0.054818
v 2.267486 -0.840427 0.061093
v 2.287991 -0.848953 0.070819
v 2.285249 -0.855235 0.052219
v 2.287978 -0.848950 0.045071
v 2.276774 -0.827665 0.057939
v 2.298940 -0.838434 0.057927
v 2.287203 -0.841634 0.036940
v 2.288828 -0.835947 0.027007
v 2.267930 -0.828013 0.034587
v 2.269333 -0.829614 0.044463
v 2.275749 -0.827116 0.013619
v 2.262076 -0.820192 0.026965
v 2.213883 -0.751418 -0.008207
v 2.287272 -0.730281 -0.001120
v 2.252640 -0.674126 -0.048401
v 2.232599 -0.672976 -0.038289
v 2.267652 -0.726118 0.009160
v 2.284552 -0.823625 0.051041
v 2.284558 -0.823626 0.064858
v 2.186054 -0.491967 -0.035940
v 2.079809 -0.393912 -0.104173
v 2.204893 -0.489714 -0.046530
v 2.097695 -0.389383 -0.114734
v 2.237014 -0.665252 -0.058072
v 2.103620 -0.559601 -0.091146
v 2.095661 -0.556555 -0.075103
v 2.224651 -0.664953 -0.043265
v 2.211194 -0.754187 -0.027313
v 2.134156 -0.713613 -0.058057
v 2.128663 -0.707199 -0.042267
v 2.204902 -0.745784 -0.012311
v 2.131641 -0.716519 -0.038274
v 2.151145 -0.770988 0.007916
v 2.211275 -0.754205 0.143296
v 2.124573 -0.709112 0.158621
v 2.131732 -0.716540 0.154340
v 2.146228 -0.772105 0.106884
v 2.227230 -0.840610 0.102702
v 2.151191 -0.770999 0.108120
v 2.228464 -0.829598 0.088745
v 2.236353 -0.838126 0.084042
v 2.171096 -0.790903 0.096768
v 2.216048 -0.843478 0.068799
v 2.218803 -0.841047 0.071612
v 2.231844 -0.837584 0.081483
v 2.233656 -0.838984 0.071408
v 2.238822 -0.842774 0.069435
v 2.215090 -0.842039 0.064973
v 2.226293 -0.840918 0.057961
v 2.215084 -0.842038 0.050988
v 2.149840 -0.797437 0.058002
v 2.226696 -0.844014 0.066093
v 2.234656 -0.843957 0.062037
v 2.236714 -0.843473 0.065441
v 2.247323 -0.845715 0.061130
v 2.253239 -0.844172 0.065574
v 2.244050 -0.841405 0.071319
v 2.241915 -0.840029 0.077594
v 2.248901 -0.840276 0.072527
v 2.254012 -0.838751 0.074297
v 2.251465 -0.834310 0.077000
v 2.240740 -0.835245 0.084152
v 2.259501 -0.849205 0.087209
v 2.250695 -0.846263 0.096978
v 2.259131 -0.830373 0.084173
v 2.263522 -0.834379 0.077642
v 2.259473 -0.837303 0.072831
v 2.261602 -0.841975 0.065542
v 2.264154 -0.836233 0.071085
v 2.191806 -0.317660 0.131167
v 2.191740 -0.316644 0.120868
v 2.021637 -0.132688 0.058133
v 2.013403 -0.120949 0.058138
v 2.191681 -0.316631 -0.004774
v 2.163571 -0.316063 -0.010136
v 2.181350 -0.306371 -0.016671
v 2.012189 -0.122559 0.052455
v 1.867272 0.037066 -0.053405
v 1.855700 0.049250 -0.054383
v 1.955401 -0.172018 -0.098604
v 1.938835 -0.179102 -0.088355
v 1.929031 -0.174646 -0.092430
v 1.524812 0.105245 -0.117224
v 1.848968 0.043038 -0.063104
v 1.943823 -0.167721 -0.104057
v 1.721753 -0.074763 -0.206566
v 1.710055 -0.085117 -0.195363
v 1.249569 -0.191982 0.225668
v 0.983651 -0.112252 0.146195
v 1.238371 -0.186994 0.226404
v 1.229947 -0.198294 0.238423
v 0.985469 -0.109742 0.148784
v 0.762914 0.014518 0.256113
v 0.750617 0.019037 0.256541
v 1.063212 0.003570 0.267169
v 1.064978 0.005769 0.269701
v 1.056140 0.001121 0.287545
v 0.754643 0.010295 0.271030
v 0.570402 0.165262 0.403276
v 1.054007 0.009219 0.272042
v 0.753089 0.022535 0.257778
v 0.564447 0.174852 0.388759
v 0.555475 0.176989 0.390565
v 0.279627 0.103348 0.296730
v 0.554358 0.174100 0.387273
v 0.741675 0.020847 0.257559
v 0.547960 0.178580 0.390850
v 0.270543 0.109034 0.298733
v 0.056003 0.238545 0.397815
v 0.270590 0.097515 0.312436
v 0.544978 0.171705 0.406580
v 0.059446 0.230446 0.413232
v 0.355599 0.359034 0.410067
v 0.560848 0.179879 0.407080
v 0.844970 0.220761 0.352135
v 0.556922 0.180744 0.390227
v 0.338222 0.362281 0.411145
v 0.055327 0.245254 0.414671
v 0.059398 0.245006 0.397842
v 0.336433 0.362707 0.394150
v 0.125276 0.545588 0.397898
v 0.654055 0.468915 0.390634
v 0.129619 0.552198 0.413514
v 0.345894 0.365311 0.392317
v 0.347212 0.367929 0.409199
v 0.652943 0.476690 0.406253
v 0.355130 0.358847 0.393015
v 0.837479 0.222575 0.335874
v 0.670560 0.463079 0.388487
v 0.682580 0.465830 0.403029
v 0.849094 0.222891 0.332914
v 1.169405 0.177728 0.271696
v 0.857135 0.222802 0.349062
v 1.178688 0.182246 0.286803
v 1.186415 0.177537 0.284857
v 0.859473 0.214204 0.333612
v 1.067389 0.009149 0.269616
v 1.368711 -0.038941 0.293359
v 1.066319 0.003791 0.285992
v 0.863524 0.211825 0.350353
v 1.368670 -0.039031 0.310439
v 1.252037 -0.188614 0.227045
v 1.242160 -0.196523 0.240641
v 1.512898 -0.256787 0.313836
v 1.504116 -0.260155 0.329402
v 1.521325 -0.262073 0.314705
v 1.258682 -0.197157 0.225437
v 1.389369 -0.385554 0.164462
v 1.519125 -0.264044 0.311610
v 1.391685 -0.383058 0.166797
v 1.383331 -0.394309 0.178900
v 1.651248 -0.416549 0.211300
v 1.646029 -0.429430 0.223119
v 1.659926 -0.421371 0.210873
v 1.398896 -0.389333 0.163810
v 1.601129 -0.472166 0.058296
v 1.602661 -0.471016 0.061700
v 1.658956 -0.422514 0.207469
v 1.834674 -0.568461 0.129227
v 0.008061 0.021552 -0.075010
v 0.008188 0.021524 0.193242
v 0.229824 -0.001317 0.058995
v 0.238845 -0.000362 0.055360
v 0.473791 -0.026976 -0.078640
v 0.269652 0.103381 -0.175582
v 0.270019 0.104883 -0.179325
v 0.481243 -0.027873 -0.078306
v 0.248105 -0.003470 0.058986
v 0.009580 0.026197 -0.085591
v 0.260956 0.106071 -0.179602
v 0.055945 0.234065 -0.275278
v 0.059111 0.230521 -0.295033
v 0.055682 0.238616 -0.279582
v 0.270316 0.109085 -0.180732
v 0.547646 0.178650 -0.273095
v 0.270351 0.097569 -0.194437
v 0.544649 0.171778 -0.288854
v 0.555161 0.177059 -0.272818
v 0.279402 0.103398 -0.178767
v 0.554047 0.174169 -0.269526
v 0.741487 0.020889 -0.140022
v 0.750430 0.019079 -0.139013
v 0.564134 0.174921 -0.271022
v 0.752901 0.022577 -0.140251
v 1.053805 0.009264 -0.154802
v 0.754442 0.010340 -0.153507
v 0.570076 0.165335 -0.285545
v 1.055923 0.001169 -0.170309
v 1.064779 0.005813 -0.152501
v 0.844693 0.220823 -0.234654
v 0.560519 0.179953 -0.289338
v 0.355267 0.359108 -0.292092
v 0.556608 0.180815 -0.272509
v 0.837217 0.222633 -0.218413
v 0.354813 0.358917 -0.275040
v 0.682254 0.465903 -0.285342
v 0.670248 0.463149 -0.270789
v 0.848835 0.222949 -0.215464
v 1.169203 0.177774 -0.154558
v 0.856860 0.222863 -0.231591
v 1.178472 0.182294 -0.169673
v 1.186201 0.177585 -0.167707
v 0.859213 0.214263 -0.216145
v 1.067190 0.009194 -0.152417
v 1.066104 0.003839 -0.168767
v 1.368489 -0.038891 -0.176455
v 0.863248 0.211886 -0.232890
v 1.368432 -0.038978 -0.193507
v 1.512656 -0.256733 -0.197116
v 1.503859 -0.260098 -0.212645
v 1.251878 -0.188579 -0.110035
v 1.249410 -0.191947 -0.108684
v 1.241988 -0.196485 -0.123651
v 1.521083 -0.262018 -0.197965
v 1.229777 -0.198256 -0.121394
v 1.238212 -0.186959 -0.109410
v 1.063015 0.003614 -0.149939
v 0.762728 0.014559 -0.138625
v 0.985383 -0.109723 -0.031505
v 0.983568 -0.112233 -0.028915
v 0.972346 -0.110180 -0.029810
v 0.749550 0.017754 -0.135467
v 0.490131 -0.029217 -0.077776
v 0.711184 -0.064279 0.055270
v 0.710138 -0.065859 0.058761
v 0.701223 -0.064637 0.058765
v 0.481228 -0.027547 -0.074311
v 0.481354 -0.027575 0.192056
v 1.698882 -0.082205 0.313824
v 1.715845 -0.082095 0.330417
v 1.699907 -0.074025 0.329244
v 1.382377 -0.041728 0.290988
v 1.191821 0.166293 0.270192
v 1.381938 -0.038139 0.307759
v 1.195724 0.172869 0.285893
v 1.496453 0.105963 0.222825
v 1.181287 0.174205 0.266850
v 0.953794 0.408371 0.250577
v 1.189132 0.181755 0.281310
v 0.965169 0.417825 0.262588
v 1.270702 0.299723 0.156937
v 1.791208 -0.294701 -0.156365
v 1.699651 -0.073968 -0.212633
v 1.381702 -0.038086 -0.190841
v 1.195509 0.172917 -0.168781
v 1.698640 -0.082150 -0.197214
v 1.382157 -0.041678 -0.174070
v 1.191621 0.166338 -0.153050
v 1.514933 0.111429 -0.117500
v 1.496298 0.105998 -0.105983
v 1.181090 0.174249 -0.149696
v 0.953613 0.408412 -0.133158
v 1.188921 0.181803 -0.164162
v 0.964976 0.417868 -0.145179
v 1.504710 0.117206 -0.118086
v 1.270609 0.299744 -0.039869
v 1.273217 0.303275 -0.034974
v 1.284100 0.298613 -0.035458
v 1.571121 0.174793 0.058379
v 1.516626 0.114191 -0.112267
v 1.838290 0.057256 -0.053896
v 1.569505 0.173534 0.052723
v 1.581171 0.168312 0.058373
v 1.855750 0.050111 0.159560
v 2.004423 -0.114477 0.058143
v 1.855655 0.050133 -0.043071
v 1.855807 0.049226 0.170872
v 1.867378 0.037042 0.169852
v 1.952755 -0.174119 0.220159
v 2.012194 -0.122560 0.063822
v 2.181421 -0.306387 0.132776
v 1.955549 -0.172051 0.214951
v 2.163636 -0.316078 0.126227
v 1.938973 -0.179133 0.204716
v 2.079963 -0.393946 0.220356
v 2.186143 -0.491986 0.152002
v 2.204992 -0.489736 0.162545
v 2.097858 -0.389420 0.230901
v 2.103761 -0.559632 0.207271
v 2.095787 -0.556583 0.191236
v 2.224746 -0.664974 0.159253
v 2.237124 -0.665277 0.174021
v 2.134266 -0.713638 0.174120
v 2.128757 -0.707220 0.158310
v 2.204969 -0.745799 0.128302
v 1.934323 -0.492849 -0.111206
v 1.659781 -0.421339 -0.094298
v 1.663165 -0.418528 -0.095678
v 1.659411 -0.430245 -0.108762
v 1.932213 -0.500985 -0.126542
v 1.523992 -0.258844 -0.197544
v 1.796054 -0.297611 -0.172971
v 1.525788 -0.259079 -0.214569
v 1.845408 -0.573088 0.128096
v 1.613720 -0.478625 0.058289
v 1.845342 -0.573073 -0.011729
v 1.844760 -0.572461 0.124579
v 1.844697 -0.572447 -0.008211
v 1.930569 -0.642412 0.058122
v 1.938449 -0.646637 0.058118
v 1.853164 -0.578775 -0.011339
v 1.853230 -0.578789 0.127698
v 1.940554 -0.645904 0.061437
v 2.040780 -0.728892 0.101114
v 1.983390 -0.620203 0.153492
v 1.985125 -0.619648 0.156839
v 1.977712 -0.614749 0.158306
v 1.970238 -0.626550 0.170296
v 1.847451 -0.570921 0.130374
v 1.672270 -0.428293 0.209290
v 1.940197 -0.500061 0.222579
v 1.943485 -0.498847 0.225194
v 1.934483 -0.492885 0.227506
v 1.663310 -0.418560 0.212250
v 1.659569 -0.430280 0.225336
v 1.932388 -0.501024 0.242842
v 1.796272 -0.297660 0.289443
v 1.526047 -0.259137 0.331304
v 1.524234 -0.258898 0.314282
v 1.791411 -0.294747 0.272843
v 1.006722 0.501937 0.058680
v 1.273618 0.303993 0.146046
v 1.560548 0.181002 0.058384
v 1.273535 0.304012 -0.028952
v 1.516787 0.114155 0.229090
v 1.838396 0.057232 0.170402
v 1.569510 0.173533 0.064063
v 1.524978 0.105208 0.234010
v 1.849082 0.043012 0.179598
v 1.943977 -0.167755 0.220417
v 1.929174 -0.174677 0.208801
v 1.722003 -0.074819 0.323156
v 1.710295 -0.085171 0.311961
v 1.803329 -0.297114 0.270726
v 2.070586 -0.388324 0.224611
v 1.810164 -0.299039 0.287072
v 2.079996 -0.386162 0.240167
v 1.951166 -0.500571 0.241398
v 1.946522 -0.496282 0.224968
v 2.091793 -0.555799 0.211048
v 2.085210 -0.551406 0.194928
v 1.982312 -0.627658 0.171443
v 2.114343 -0.708442 0.176606
v 1.989584 -0.618140 0.157822
v 2.117942 -0.701734 0.160875
v 1.994807 -0.628569 0.154076
v 2.048031 -0.734660 0.100209
v 2.120927 -0.709471 0.156005
v 2.140000 -0.766432 0.108689
v 2.057945 -0.740951 0.098515
v 2.144192 -0.772658 0.103339
v 2.205040 -0.836236 0.070663
v 2.121666 -0.780044 0.061535
v 2.112365 -0.775247 0.058022
v 2.047952 -0.734125 0.096608
v 1.949007 -0.654492 0.058112
v 2.047916 -0.734117 0.019534
v 2.040739 -0.728883 0.015036
v 1.940551 -0.645903 0.054825
v 1.983300 -0.620183 -0.037265
v 1.970132 -0.626526 -0.054059
v 1.847383 -0.570906 -0.014008
v 1.977617 -0.614728 -0.042073
v 1.672127 -0.428261 -0.092729
v 1.940042 -0.500026 -0.106285
v 0.490261 -0.029246 0.195541
v 0.711187 -0.064280 0.062249
v 0.972430 -0.110199 0.147102
v 0.749734 0.017713 0.252996
v 0.722016 -0.070222 0.058754
v 0.983641 -0.112153 0.142509
v 0.983562 -0.112136 -0.025257
v 1.183516 -0.249293 0.058517
v 1.194704 -0.253827 0.058511
v 0.993690 -0.118794 -0.029342
v 1.248271 -0.193183 -0.105110
v 1.381603 -0.380222 -0.047338
v 1.195728 -0.252306 0.054993
v 1.389269 -0.385532 -0.047624
v 1.258523 -0.197121 -0.108435
v 1.391582 -0.383035 -0.049960
v 1.518886 -0.263991 -0.194897
v 1.383217 -0.394284 -0.062057
v 1.651104 -0.416516 -0.094715
v 1.645873 -0.429395 -0.106533
v 1.398796 -0.389311 -0.046981
v 1.658814 -0.422482 -0.090893
v 1.834607 -0.568446 -0.012848
v 1.602658 -0.471015 0.054918
v 1.389500 -0.385129 -0.043853
v 1.592352 -0.467548 0.058301
v 1.203710 -0.258754 0.058507
v 1.389597 -0.385151 0.160691
v 1.195732 -0.252307 0.062057
v 1.381703 -0.380244 0.164185
v 0.993773 -0.118813 0.146612
v 1.248425 -0.193217 0.222094
v 0.469988 -0.044274 0.202893
v 0.009904 0.003397 0.205648
v 0.473921 -0.027005 0.196393
v 0.006797 0.021507 0.199405
v 0.269510 0.087569 0.303403
v 0.270245 0.104833 0.297299
v 0.481373 -0.027902 0.196079
v -0.000642 0.022369 0.199577
v 0.003595 0.002945 0.193749
v 0.006664 0.021537 -0.081172
v 0.009717 0.026166 0.203821
v 0.261182 0.106020 0.297584
v 0.056262 0.233994 0.393481
v 0.048573 0.239792 0.398015
v 1.264942 0.309558 0.152860
v 1.284189 0.298593 0.152540
v 0.955764 0.426783 0.257697
v 0.762491 0.677849 0.201283
v 1.250908 0.296455 0.146732
v 0.942003 0.416368 0.247882
v 0.746195 0.666407 0.195268
v 0.940778 0.415151 0.251653
v 0.738112 0.672519 0.196398
v 1.260875 0.289247 0.145769
v 0.931496 0.419038 0.252333
v 0.661941 0.467274 0.390855
v 0.662942 0.469574 0.388013
v 0.429842 0.610934 0.293618
v 0.420490 0.614156 0.294382
v 0.671094 0.482261 0.398956
v 0.432665 0.624472 0.305409
v 0.736941 0.668929 0.198959
v 0.730296 0.691535 0.202566
v 0.729849 0.673661 0.196149
v 0.420362 0.615930 0.290500
v 0.174033 0.762888 0.199488
v 0.423044 0.630986 0.300798
v 0.179274 0.779869 0.205932
v 0.166378 0.764153 0.199408
v 0.411086 0.615777 0.294359
v 0.127624 0.549922 0.393733
v 0.174021 0.758397 0.203315
v 0.168723 0.781676 -0.087780
v 0.174928 0.762691 0.193832
v 0.172905 0.782145 0.194426
v 0.445234 0.738406 0.058971
v 0.441740 0.719585 0.058971
v 0.179135 0.779900 -0.087702
v 0.453646 0.735065 0.052889
v 0.730160 0.691566 -0.084876
v 0.450636 0.716298 0.055110
v 0.173901 0.762918 -0.081257
v 0.729719 0.673690 -0.078490
v 0.747002 0.688405 -0.084744
v 0.464287 0.733140 0.058961
v 0.747577 0.688796 0.191049
v 0.984778 0.513367 0.058692
v 0.738051 0.671886 0.192571
v 0.460466 0.714391 0.058961
v 0.969985 0.499169 0.058697
v 0.422711 0.627635 -0.188403
v 0.124546 0.563661 -0.287656
v 0.413781 0.629020 -0.188454
v 0.119043 0.553947 -0.295478
v 0.337888 0.362355 -0.293181
v 0.120823 0.540816 -0.296324
v 0.054991 0.245329 -0.296436
v 0.049089 0.231955 -0.295366
v 0.346269 0.361091 -0.293073
v 0.129284 0.552273 -0.295285
v 0.346881 0.368003 -0.291215
v 0.652615 0.476764 -0.288534
v 0.667847 0.474249 -0.288317
v 0.421416 0.621453 -0.191554
v 0.429620 0.610983 -0.175661
v 0.432432 0.624524 -0.187479
v 0.670772 0.482333 -0.281254
v 0.944065 0.428811 -0.145983
v 0.953638 0.424376 -0.145510
v 0.931313 0.419079 -0.134919
v 0.736808 0.668959 -0.081280
v 0.744527 0.680061 -0.093720
v 0.746066 0.666436 -0.077599
v 1.250825 0.296474 -0.029618
v 0.762357 0.677879 -0.083626
v 1.264852 0.309578 -0.035785
v 0.978751 0.493390 0.055090
v 0.994382 0.506854 0.053087
v 2.267952 -0.828018 0.081326
v 2.269392 -0.834671 0.069562
v 2.264998 -0.830600 0.084000
v 2.269346 -0.829617 0.071449
v 2.269782 -0.760824 0.095543
v 2.288857 -0.835953 0.088856
v 2.288728 -0.766389 0.106057
v 2.280931 -0.824605 0.071557
v 2.285207 -0.825288 0.068712
v 2.270117 -0.733646 0.105310
v 2.262105 -0.820198 0.088928
v 2.209094 -0.752497 0.125935
v 2.213945 -0.751432 0.124188
v 2.232822 -0.683565 0.152354
v 2.230201 -0.674517 0.156971
v 2.265405 -0.734934 0.107001
v 2.267698 -0.726129 0.106775
v 2.252741 -0.674149 0.164332
v 2.215162 -0.513154 0.159303
v 2.232690 -0.672997 0.154268
v 2.196985 -0.514289 0.147915
v 2.191992 -0.499934 0.150817
v 2.299060 -0.651509 0.100943
v 2.303180 -0.651156 0.098494
v 1.952602 -0.174085 -0.103836
v 1.727790 -0.092709 -0.211185
v 1.715588 -0.082037 -0.213823
v 1.804587 -0.303435 -0.172356
v 1.948234 -0.178585 -0.106677
v 2.079823 -0.386124 -0.124011
v 1.809947 -0.298990 -0.170642
v 2.091352 -0.394581 -0.120978
v 1.961967 -0.184490 -0.101226
v 2.191736 -0.317644 -0.015073
v 1.815572 -0.311319 -0.169660
v 1.943460 -0.506469 -0.124578
v 2.080346 -0.400786 -0.122859
v 1.950992 -0.500532 -0.125115
v 2.091648 -0.555767 -0.094911
v 2.097101 -0.562431 -0.093141
v 1.949932 -0.514878 -0.121852
v 1.975743 -0.630446 -0.052654
v 2.090032 -0.565595 -0.091843
v 1.982205 -0.627634 -0.055218
v 2.114231 -0.708416 -0.060522
v 2.122711 -0.718592 -0.057292
v 1.983903 -0.638839 -0.049592
v 2.034383 -0.747978 0.009662
v 2.051218 -0.733165 0.013595
v 2.041362 -0.744830 0.002512
v 2.131961 -0.779210 -0.003556
v 2.139952 -0.766421 0.007359
v 2.111822 -0.720913 -0.051574
v 2.057906 -0.740943 0.017615
v 2.138401 -0.785218 -0.001534
v 2.047123 -0.756249 0.012104
v 2.121663 -0.780044 0.054527
v 2.205028 -0.836233 0.045308
v 2.108073 -0.794862 0.052732
v 2.192368 -0.850319 0.039348
v 2.209830 -0.861021 0.042940
v 2.218791 -0.841044 0.044345
v 2.226688 -0.844012 0.049856
v 2.234652 -0.843956 0.053905
v 2.247320 -0.845714 0.054799
v 2.235136 -0.863331 0.054015
v 2.249524 -0.864981 0.052460
v 2.240696 -0.861226 0.041040
v 2.232559 -0.856523 0.037584
v 2.216209 -0.855540 0.033427
v 2.162470 -0.804001 0.008920
v 2.233643 -0.838981 0.044536
v 2.237896 -0.853498 0.021430
v 2.244037 -0.841402 0.044614
v 2.253232 -0.844170 0.050350
v 2.246910 -0.860106 0.039828
v 2.259671 -0.862205 0.044549
v 2.263015 -0.855121 0.033601
v 2.261595 -0.841973 0.050347
v 2.274464 -0.858191 0.044289
v 2.259474 -0.849198 0.028708
v 2.250658 -0.846255 0.018919
v 2.226162 -0.784932 -0.010693
v 2.262052 -0.843206 0.018971
v 2.278135 -0.842739 0.021130
v 2.215304 -0.761654 -0.024614
v 2.227188 -0.840600 0.013247
v 2.280312 -0.851140 0.039587
v 2.286131 -0.848802 0.040429
v 2.267483 -0.840426 0.054818
v 2.267486 -0.840427 0.061093
v 2.271775 -0.834096 0.065594
v 2.278879 -0.830329 0.066125
v 2.287991 -0.848953 0.070819
v 2.297036 -0.844802 0.068873
v 2.285249 -0.855235 0.052219
v 2.292848 -0.847695 0.053933
v 2.273654 -0.833672 0.053972
v 2.278870 -0.830327 0.049777
v 2.306975 -0.835032 0.042587
v 2.298940 -0.838434 0.057927
v 2.287203 -0.841634 0.036940
v 2.288681 -0.766379 0.009849
v 2.269333 -0.829614 0.044463
v 2.280918 -0.824602 0.044345
v 2.269747 -0.760816 0.020383
v 2.297237 -0.833760 0.033391
v 2.289580 -0.739032 0.000537
v 2.275749 -0.827116 0.013619
v 2.265359 -0.734924 0.008907
v 2.283464 -0.741113 -0.002077
v 2.222200 -0.760038 -0.022732
v 2.246223 -0.691849 -0.049271
v 2.243774 -0.678736 -0.055009
v 2.287272 -0.730281 -0.001120
v 2.252640 -0.674126 -0.048401
v 2.215066 -0.513132 -0.043273
v 2.267652 -0.726118 0.009160
v 2.299019 -0.651499 0.014977
v 2.196900 -0.514270 -0.031867
v 2.317029 -0.653334 0.003207
v 2.326596 -0.651885 0.011842
v 2.302039 -0.661379 0.019421
v 2.286135 -0.813565 0.045076
v 2.325268 -0.666852 0.014092
v 2.309583 -0.817794 0.039690
v 2.317723 -0.730881 0.052808
v 2.293077 -0.726647 0.054228
v 2.289561 -0.754870 0.057940
v 2.314331 -0.758840 0.057928
v 2.284558 -0.823626 0.064858
v 2.308355 -0.830711 0.062510
v 2.309600 -0.817798 0.076186
v 2.292876 -0.738530 0.110476
v 2.325310 -0.666862 0.101802
v 2.286148 -0.813568 0.070823
v 2.272130 -0.733313 0.101538
v 2.302076 -0.661388 0.096495
v 2.293066 -0.718271 0.057942
v 2.317934 -0.720711 0.057930
v 2.326780 -0.649987 0.093333
v 2.259801 -0.488720 0.057983
v 2.302278 -0.650570 0.094921
v 2.236020 -0.492274 0.057993
v 2.298563 -0.640214 0.016499
v 2.320693 -0.636329 0.010664
v 2.210621 -0.498477 -0.045661
v 2.254076 -0.473881 0.052640
v 2.197826 -0.332435 -0.014093
v 2.230472 -0.477441 0.054536
v 2.175052 -0.334531 -0.008286
v 2.186054 -0.491967 -0.035940
v 2.167277 -0.325608 -0.012051
v 2.184209 -0.321612 -0.023568
v 2.204893 -0.489714 -0.046530
v 2.097695 -0.389383 -0.114734
v 2.097551 -0.407001 -0.118365
v 2.204947 -0.501170 -0.048725
v 2.237014 -0.665252 -0.058072
v 2.103620 -0.559601 -0.091146
v 2.102998 -0.574206 -0.089290
v 2.229693 -0.681903 -0.056664
v 2.211194 -0.754187 -0.027313
v 2.134156 -0.713613 -0.058057
v 2.151145 -0.770988 0.007916
v 2.208467 -0.763835 -0.023120
v 2.145118 -0.783628 -0.003873
v 2.131113 -0.728881 -0.051360
v 2.124573 -0.709112 0.158621
v 2.131732 -0.716540 0.154340
v 2.146228 -0.772105 0.106884
v 2.151191 -0.770999 0.108120
v 2.204198 -0.753776 0.124643
v 2.228464 -0.829598 0.088745
v 2.236353 -0.838126 0.084042
v 2.162517 -0.804011 0.107098
v 2.171096 -0.790903 0.096768
v 2.216048 -0.843478 0.068799
v 2.218803 -0.841047 0.071612
v 2.231844 -0.837584 0.081483
v 2.223916 -0.853457 0.088323
v 2.233656 -0.838984 0.071408
v 2.238822 -0.842774 0.069435
v 2.228051 -0.863225 0.068622
v 2.247895 -0.857931 0.083865
v 2.239806 -0.862098 0.070361
v 2.221637 -0.859516 0.057961
v 2.205113 -0.858526 0.062021
v 2.135654 -0.812060 0.058007
v 2.215090 -0.842039 0.064973
v 2.226293 -0.840918 0.057961
v 2.149840 -0.797437 0.058002
v 2.226696 -0.844014 0.066093
v 2.236714 -0.843473 0.065441
v 2.247323 -0.845715 0.061130
v 2.241915 -0.840029 0.077594
v 2.248901 -0.840276 0.072527
v 2.258307 -0.857122 0.079611
v 2.254012 -0.838751 0.074297
v 2.251465 -0.834310 0.077000
v 2.240740 -0.835245 0.084152
v 2.221155 -0.775583 0.111913
v 2.259131 -0.830373 0.084173
v 2.276448 -0.850321 0.084133
v 2.268742 -0.854183 0.079944
v 2.259473 -0.837303 0.072831
v 2.298603 -0.640223 0.099425
v 2.193609 -0.499450 0.147298
v 2.175115 -0.334545 0.124391
v 2.170698 -0.323938 0.125716
v 2.213732 -0.497192 0.156659
v 2.197895 -0.332451 0.130178
v 2.320737 -0.636339 0.105240
v 2.249650 -0.463660 0.057990
v 2.191740 -0.316644 0.120868
v 2.021637 -0.132688 0.058133
v 2.169970 -0.323906 0.122228
v 2.226366 -0.468390 0.058000
v 2.001625 -0.142343 0.058141
v 2.163571 -0.316063 -0.010136
v 2.181350 -0.306371 -0.016671
v 2.012189 -0.122559 0.052455
v 1.867272 0.037066 -0.053405
v 1.855700 0.049250 -0.054383
v 1.992589 -0.132464 0.054544
v 1.847683 0.029260 -0.047121
v 1.524812 0.105245 -0.117224
v 1.848968 0.043038 -0.063104
v 1.943823 -0.167721 -0.104057
v 1.721753 -0.074763 -0.206566
v 1.365957 -0.391872 0.170635
v 1.235949 -0.204142 0.232370
v 0.981299 -0.132681 0.153145
v 1.249569 -0.191982 0.225668
v 0.983651 -0.112252 0.146195
v 1.238371 -0.186994 0.226404
v 1.229947 -0.198294 0.238423
v 0.759854 0.000773 0.267678
v 0.985469 -0.109742 0.148784
v 0.762914 0.014518 0.256113
v 0.750617 0.019037 0.256541
v 1.063212 0.003570 0.267169
v 1.064978 0.005769 0.269701
v 1.060104 -0.005280 0.282055
v 1.054007 0.009219 0.272042
v 0.753089 0.022535 0.257778
v 0.564447 0.174852 0.388759
v 0.555475 0.176989 0.390565
v 0.844489 0.216115 0.333253
v 0.846581 0.219565 0.334687
v 0.279627 0.103348 0.296730
v 0.482401 -0.024895 0.198556
v 0.741675 0.020847 0.257559
v 0.547960 0.178580 0.390850
v 0.270543 0.109034 0.298733
v 0.056003 0.238545 0.397815
v 0.344943 0.357051 0.392316
v 0.345664 0.361127 0.393976
v 0.556922 0.180744 0.390227
v 0.059398 0.245006 0.397842
v 0.125111 0.539256 0.397729
v 0.336433 0.362707 0.394150
v 0.117754 0.546954 0.397846
v 0.125276 0.545588 0.397898
v 0.419660 0.609944 0.295930
v 0.654055 0.468915 0.390634
v 0.345894 0.365311 0.392317
v 0.660308 0.462654 0.390377
v 0.355130 0.358847 0.393015
v 0.837479 0.222575 0.335874
v 0.670560 0.463079 0.388487
v 0.849094 0.222891 0.332914
v 1.169405 0.177728 0.271696
v 0.938858 0.411630 0.253145
v 1.179791 0.172046 0.269327
v 0.859473 0.214204 0.333612
v 1.177400 0.168952 0.269187
v 1.067389 0.009149 0.269616
v 1.368711 -0.038941 0.293359
v 1.380038 -0.044961 0.292536
v 1.075917 -0.000457 0.270680
v 1.377351 -0.048086 0.291074
v 1.252037 -0.188614 0.227045
v 1.512898 -0.256787 0.313836
v 1.521325 -0.262073 0.314705
v 1.258682 -0.197157 0.225437
v 1.389369 -0.385554 0.164462
v 1.391685 -0.383058 0.166797
v 1.651248 -0.416549 0.211300
v 1.659926 -0.421371 0.210873
v 1.392612 -0.406183 0.169833
v 1.398896 -0.389333 0.163810
v 1.824721 -0.583821 0.135505
v 1.652357 -0.436934 0.217178
v 1.658956 -0.422514 0.207469
v 1.834674 -0.568461 0.129227
v 0.008188 0.021524 0.193242
v 0.230695 -0.020710 0.058992
v 0.229824 -0.001317 0.058995
v 0.009765 0.003428 -0.087423
v 0.238377 -0.019396 0.052658
v 0.469852 -0.044244 -0.085112
v 0.238845 -0.000362 0.055360
v 0.473791 -0.026976 -0.078640
v 0.269782 0.091131 -0.191313
v 0.248105 -0.003470 0.058986
v 0.004920 0.012965 -0.097268
v 0.261996 0.092168 -0.191507
v 0.051372 0.221687 -0.287658
v 0.059111 0.230521 -0.295033
v 0.270351 0.097569 -0.194437
v 0.544649 0.171778 -0.288854
v 0.345098 0.354043 -0.291215
v 0.557164 0.169958 -0.288690
v 0.277793 0.089884 -0.190783
v 0.245787 -0.022516 0.058985
v 0.482060 -0.039529 -0.091899
v 0.554466 0.161242 -0.282246
v 0.482269 -0.024866 -0.080782
v 0.743319 0.006809 -0.151785
v 0.741487 0.020889 -0.140022
v 0.750981 0.005057 -0.150805
v 0.754442 0.010340 -0.153507
v 0.570076 0.165335 -0.285545
v 1.055923 0.001169 -0.170309
v 0.850538 0.211261 -0.231843
v 0.853303 0.217407 -0.233532
v 1.062812 -0.001190 -0.168259
v 0.844693 0.220823 -0.234654
v 0.560519 0.179953 -0.289338
v 0.355267 0.359108 -0.292092
v 0.664076 0.461988 -0.289526
v 0.682254 0.465903 -0.285342
v 1.169203 0.177774 -0.154558
v 0.856860 0.222863 -0.231591
v 1.178472 0.182294 -0.169673
v 1.186201 0.177585 -0.167707
v 0.951319 0.418938 -0.148407
v 0.938674 0.411671 -0.135711
v 1.182274 0.172082 -0.168438
v 1.066104 0.003839 -0.168767
v 0.863248 0.211886 -0.232890
v 1.368432 -0.038978 -0.193507
v 1.377902 -0.043553 -0.192612
v 1.373037 -0.048622 -0.190978
v 1.069993 -0.005778 -0.169247
v 1.503859 -0.260098 -0.212645
v 1.241988 -0.196485 -0.123651
v 1.238539 -0.201674 -0.120779
v 1.517614 -0.268237 -0.213862
v 1.229777 -0.198256 -0.121394
v 1.059892 -0.005233 -0.164825
v 0.759656 0.000817 -0.150190
v 0.985383 -0.109723 -0.031505
v 0.977503 -0.124958 -0.039466
v 0.975436 -0.128190 -0.035469
v 0.969025 -0.127552 -0.036339
v 0.491778 -0.047424 -0.083772
v 0.972346 -0.110180 -0.029810
v 0.490131 -0.029217 -0.077776
v 0.711184 -0.064279 0.055270
v 0.709348 -0.083174 0.052793
v 0.700671 -0.083946 0.058763
v 0.701223 -0.064637 0.058765
v 0.479924 -0.046656 0.193631
v 0.481354 -0.027575 0.192056
v 1.708613 -0.087192 0.314888
v 1.698882 -0.082205 0.313824
v 1.382377 -0.041728 0.290988
v 1.191821 0.166293 0.270192
v 1.505442 0.096159 0.223860
v 1.508154 0.099217 0.222452
v 1.496453 0.105963 0.222825
v 1.181287 0.174205 0.266850
v 0.953794 0.408371 0.250577
v 1.189132 0.181755 0.281310
v 0.965169 0.417825 0.262588
v 1.259144 0.287009 0.147936
v 1.699651 -0.073968 -0.212633
v 1.381702 -0.038086 -0.190841
v 1.195509 0.172917 -0.168781
v 1.514933 0.111429 -0.117500
v 1.510612 0.106950 -0.120426
v 1.496298 0.105998 -0.105983
v 1.188921 0.181803 -0.164162
v 0.964976 0.417868 -0.145179
v 1.504710 0.117206 -0.118086
v 1.259060 0.287028 -0.030832
v 1.270609 0.299744 -0.039869
v 1.273217 0.303275 -0.034974
v 1.273446 0.283730 -0.028982
v 1.284100 0.298613 -0.035458
v 1.830433 0.041076 -0.047562
v 1.559291 0.157002 0.054949
v 1.838290 0.057256 -0.053896
v 1.569505 0.173534 0.052723
v 1.570315 0.151890 0.058377
v 1.841333 0.036509 0.164574
v 1.840626 0.036179 0.160833
v 1.581171 0.168312 0.058373
v 1.985571 -0.125388 0.058151
v 1.855750 0.050111 0.159560
v 2.004423 -0.114477 0.058143
v 1.867378 0.037042 0.169852
v 2.181421 -0.306387 0.132776
v 1.847782 0.029237 0.163614
v 1.955549 -0.172051 0.214951
v 2.163636 -0.316078 0.126227
v 1.938973 -0.179133 0.204716
v 1.937448 -0.180252 0.208459
v 1.946324 -0.190709 0.206231
v 2.078081 -0.395697 0.222918
v 2.167343 -0.325623 0.128166
v 2.079963 -0.393946 0.220356
v 1.962118 -0.184523 0.217564
v 2.186143 -0.491986 0.152002
v 2.097858 -0.389420 0.230901
v 2.084438 -0.404502 0.220129
v 2.091707 -0.557978 0.193010
v 2.095787 -0.556583 0.191236
v 2.224746 -0.664974 0.159253
v 2.187956 -0.501502 0.152450
v 2.099133 -0.569571 0.189010
v 2.128757 -0.707220 0.158310
v 2.224954 -0.675236 0.156832
v 2.204969 -0.745799 0.128302
v 1.659411 -0.430245 -0.108762
v 1.932213 -0.500985 -0.126542
v 1.654429 -0.434383 -0.105918
v 1.531032 -0.276397 -0.210915
v 1.799764 -0.308354 -0.170638
v 1.796054 -0.297611 -0.172971
v 1.525788 -0.259079 -0.214569
v 1.387250 -0.049105 -0.192279
v 1.705976 -0.091558 -0.214805
v 1.845408 -0.573088 0.128096
v 1.602683 -0.494945 0.058293
v 1.834559 -0.587703 -0.018563
v 1.613720 -0.478625 0.058289
v 1.844760 -0.572461 0.124579
v 1.832662 -0.587867 0.127762
v 1.930569 -0.642412 0.058122
v 1.917042 -0.657407 0.058127
v 1.853164 -0.578775 -0.011339
v 1.840944 -0.593021 -0.017497
v 1.853230 -0.578789 0.127698
v 1.841016 -0.593037 0.133865
v 2.040780 -0.728892 0.101114
v 2.024660 -0.740082 0.107789
v 1.971807 -0.632038 0.163457
v 1.983390 -0.620203 0.153492
v 1.985125 -0.619648 0.156839
v 1.977712 -0.614749 0.158306
v 1.665860 -0.440686 0.221167
v 1.847451 -0.570921 0.130374
v 1.672270 -0.428293 0.209290
v 1.935406 -0.510772 0.236142
v 1.940197 -0.500061 0.222579
v 1.943485 -0.498847 0.225194
v 1.934483 -0.492885 0.227506
v 1.663310 -0.418560 0.212250
v 1.530233 -0.266654 0.312899
v 1.797135 -0.302827 0.270814
v 1.799892 -0.299977 0.272304
v 1.524234 -0.258898 0.314282
v 1.791411 -0.294747 0.272843
v 1.389430 -0.050619 0.292194
v 1.705088 -0.090392 0.314382
v 0.992292 0.487464 0.058686
v 1.006722 0.501937 0.058680
v 1.273618 0.303993 0.146046
v 1.560548 0.181002 0.058384
v 1.260694 0.289127 0.142505
v 1.548613 0.165109 0.058388
v 1.273529 0.283712 0.146072
v 1.508949 0.100561 0.218935
v 1.830533 0.041054 0.164073
v 1.516787 0.114155 0.229090
v 1.838396 0.057232 0.170402
v 1.838440 0.033979 0.166911
v 1.517809 0.093079 0.222194
v 1.929174 -0.174677 0.208801
v 1.722003 -0.074819 0.323156
v 1.710295 -0.085171 0.311961
v 1.716255 -0.093207 0.312801
v 1.803329 -0.297114 0.270726
v 2.070586 -0.388324 0.224611
v 1.934526 -0.183261 0.209811
v 1.810853 -0.308533 0.269512
v 2.073645 -0.397953 0.222779
v 1.946522 -0.496282 0.224968
v 2.085210 -0.551406 0.194928
v 1.951452 -0.505483 0.223304
v 2.087492 -0.559442 0.191830
v 1.989584 -0.618140 0.157822
v 2.117942 -0.701734 0.160875
v 1.984005 -0.638861 0.165786
v 1.994807 -0.628569 0.154076
v 2.048031 -0.734660 0.100209
v 2.120927 -0.709471 0.156005
v 2.051260 -0.733174 0.102544
v 2.111926 -0.720937 0.167658
v 2.140000 -0.766432 0.108689
v 2.057945 -0.740951 0.098515
v 2.144192 -0.772658 0.103339
v 2.135068 -0.786423 0.112656
v 2.205040 -0.836236 0.070663
v 2.047167 -0.756258 0.104006
v 2.192384 -0.850323 0.076632
v 2.112365 -0.775247 0.058022
v 2.047952 -0.734125 0.096608
v 1.949007 -0.654492 0.058112
v 2.098185 -0.789871 0.058027
v 2.032273 -0.747708 0.097232
v 1.931913 -0.666987 0.058119
v 2.024612 -0.740072 0.008373
v 1.924640 -0.659049 0.052186
v 2.040739 -0.728883 0.015036
v 1.940551 -0.645903 0.054825
v 1.970132 -0.626526 -0.054059
v 1.838411 -0.584122 -0.024023
v 1.665706 -0.440651 -0.104601
v 1.847383 -0.570906 -0.014008
v 1.935237 -0.510735 -0.119847
v 0.490261 -0.029246 0.195541
v 0.491913 -0.047455 0.201532
v 0.969114 -0.127572 0.153630
v 0.972430 -0.110199 0.147102
v 0.749937 0.001829 0.262758
v 0.749734 0.017713 0.252996
v 0.716103 -0.088476 0.058755
v 0.975079 -0.128662 0.147464
v 0.722016 -0.070222 0.058754
v 0.983641 -0.112153 0.142509
v 1.183516 -0.249293 0.058517
v 1.171641 -0.265202 0.058521
v 0.981209 -0.132661 -0.035867
v 0.993690 -0.118794 -0.029342
v 1.381603 -0.380222 -0.047338
v 1.195728 -0.252306 0.054993
v 1.180860 -0.266261 0.052607
v 1.365850 -0.391848 -0.053804
v 1.378037 -0.400029 -0.054289
v 1.247292 -0.206577 -0.120531
v 1.510618 -0.275295 -0.206938
v 1.645873 -0.429395 -0.106533
v 1.398796 -0.389311 -0.046981
v 1.834607 -0.568446 -0.012848
v 1.392507 -0.406159 -0.053002
v 1.824647 -0.583805 -0.019120
v 1.602658 -0.471015 0.054918
v 1.593419 -0.487924 0.052557
v 1.582935 -0.484613 0.058303
v 1.188634 -0.272791 0.058512
v 1.592352 -0.467548 0.058301
v 1.203710 -0.258754 0.058507
v 1.389597 -0.385151 0.160691
v 1.377247 -0.400824 0.160864
v 1.381703 -0.380244 0.164185
v 0.993773 -0.118813 0.146612
v 1.248425 -0.193217 0.222094
v 0.006797 0.021507 0.199405
v 0.269510 0.087569 0.303403
v 0.269874 0.103331 0.293555
v 0.003595 0.002945 0.193749
v 0.006664 0.021537 -0.081172
v 0.009717 0.026166 0.203821
v 0.056262 0.233994 0.393481
v 0.051700 0.221614 0.405891
v 0.005068 0.012932 0.215500
v 0.124874 0.563588 0.405892
v 0.171349 0.772918 0.214686
v 0.127624 0.549922 0.393733
v 0.174021 0.758397 0.203315
v 0.174928 0.762691 0.193832
v 0.172777 0.782174 -0.076189
v 0.172905 0.782145 0.194426
v 0.174801 0.762719 -0.075630
v 0.173885 0.758428 -0.085113
v 0.127307 0.549993 -0.275503
v 0.171202 0.772951 -0.096449
v 0.124546 0.563661 -0.287656
v 0.059078 0.245078 -0.279611
v 0.124955 0.545660 -0.279666
v 0.124790 0.539328 -0.279499
v 0.120823 0.540816 -0.296324
v 0.054991 0.245329 -0.296436
v 0.421416 0.621453 -0.191554
v 0.419436 0.609994 -0.177992
v 2.286148 -0.848806 0.075462
v 2.271461 -0.865580 0.057937
v 2.285254 -0.855236 0.063672
v 2.287223 -0.841638 0.078952
v 2.278170 -0.842746 0.094770
v 2.288857 -0.835953 0.088856
v 2.288728 -0.766389 0.106057
v 2.306989 -0.835035 0.073260
v 2.297261 -0.833765 0.082466
v 2.289635 -0.739044 0.115374
v 2.275791 -0.827126 0.102258
v 2.213945 -0.751432 0.124188
v 2.232822 -0.683565 0.152354
v 2.222276 -0.760055 0.138675
v 2.246325 -0.691872 0.165234
v 2.243881 -0.678760 0.170949
v 2.283521 -0.741125 0.117965
v 2.287328 -0.730293 0.117036
v 2.252741 -0.674149 0.164332
v 2.215162 -0.513154 0.159303
v 2.210719 -0.498499 0.161698
v 2.317080 -0.653345 0.112697
v 2.326639 -0.651895 0.104053
v 1.716014 -0.093153 -0.196210
v 1.952602 -0.174085 -0.103836
v 1.727790 -0.092709 -0.211185
v 1.809947 -0.298990 -0.170642
v 1.803128 -0.297069 -0.154261
v 2.091352 -0.394581 -0.120978
v 1.810653 -0.308489 -0.153084
v 1.961967 -0.184490 -0.101226
v 2.191736 -0.317644 -0.015073
v 1.815572 -0.311319 -0.169660
v 1.950992 -0.500532 -0.125115
v 1.946364 -0.496247 -0.108708
v 1.951296 -0.505448 -0.107023
v 1.985032 -0.619627 -0.040614
v 1.949932 -0.514878 -0.121852
v 1.982205 -0.627634 -0.055218
v 1.989490 -0.618118 -0.041601
v 1.983903 -0.638839 -0.049592
v 1.994716 -0.628549 -0.037862
v 2.051218 -0.733165 0.013595
v 2.041362 -0.744830 0.002512
v 2.171059 -0.790895 0.019245
v 2.218791 -0.841044 0.044345
v 2.226688 -0.844012 0.049856
v 2.235136 -0.863331 0.054015
v 2.228041 -0.863223 0.047321
v 2.216209 -0.855540 0.033427
v 2.162470 -0.804001 0.008920
v 2.241897 -0.840025 0.038340
v 2.244037 -0.841402 0.044614
v 2.246910 -0.860106 0.039828
v 2.247871 -0.857926 0.032061
v 2.263015 -0.855121 0.033601
v 2.261595 -0.841973 0.050347
v 2.274464 -0.858191 0.044289
v 2.240715 -0.835239 0.031757
v 2.221104 -0.775572 0.004055
v 2.250658 -0.846255 0.018919
v 2.226162 -0.784932 -0.010693
v 2.278135 -0.842739 0.021130
v 2.263503 -0.834375 0.038275
v 2.259459 -0.837300 0.043088
v 2.276423 -0.850316 0.031766
v 2.268722 -0.854178 0.035962
v 2.280312 -0.851140 0.039587
v 2.286131 -0.848802 0.040429
v 2.287991 -0.848953 0.070819
v 2.297036 -0.844802 0.068873
v 2.292851 -0.847695 0.061952
v 2.295974 -0.846089 0.057928
v 2.285249 -0.855235 0.052219
v 2.292848 -0.847695 0.053933
v 2.287978 -0.848950 0.045071
v 2.297024 -0.844799 0.047009
v 2.306975 -0.835032 0.042587
v 2.298940 -0.838434 0.057927
v 2.287203 -0.841634 0.036940
v 2.308350 -0.830710 0.053365
v 2.288828 -0.835947 0.027007
v 2.288681 -0.766379 0.009849
v 2.297237 -0.833760 0.033391
v 2.289580 -0.739032 0.000537
v 2.275749 -0.827116 0.013619
v 2.213883 -0.751418 -0.008207
v 2.283464 -0.741113 -0.002077
v 2.222200 -0.760038 -0.022732
v 2.232733 -0.683545 -0.036376
v 2.246223 -0.691849 -0.049271
v 2.243774 -0.678736 -0.055009
v 2.287272 -0.730281 -0.001120
v 2.252640 -0.674126 -0.048401
v 2.215066 -0.513132 -0.043273
v 2.317029 -0.653334 0.003207
v 2.326596 -0.651885 0.011842
v 2.292826 -0.738519 0.005433
v 2.325268 -0.666852 0.014092
v 2.309583 -0.817794 0.039690
v 2.319725 -0.729931 0.057929
v 2.317723 -0.730881 0.052808
v 2.314331 -0.758840 0.057928
v 2.308355 -0.830711 0.062510
v 2.309600 -0.817798 0.076186
v 2.292876 -0.738530 0.110476
v 2.325310 -0.666862 0.101802
v 2.317728 -0.730882 0.063079
v 2.317934 -0.720711 0.057930
v 2.326780 -0.649987 0.093333
v 2.259801 -0.488720 0.057983
v 2.255754 -0.472959 0.057986
v 2.326747 -0.649980 0.022562
v 2.320693 -0.636329 0.010664
v 2.210621 -0.498477 -0.045661
v 2.254076 -0.473881 0.052640
v 2.197826 -0.332435 -0.014093
v 2.213639 -0.497171 -0.040653
v 2.184209 -0.321612 -0.023568
v 2.204893 -0.489714 -0.046530
v 2.097695 -0.389383 -0.114734
v 2.084285 -0.404468 -0.103952
v 2.097551 -0.407001 -0.118365
v 2.237014 -0.665252 -0.058072
v 2.103620 -0.559601 -0.091146
v 2.095661 -0.556555 -0.075103
v 2.102998 -0.574206 -0.089290
v 2.099009 -0.569543 -0.072882
v 2.134156 -0.713613 -0.058057
v 2.128663 -0.707199 -0.042267
v 2.131641 -0.716519 -0.038274
v 2.151145 -0.770988 0.007916
v 2.145118 -0.783628 -0.003873
v 2.131113 -0.728881 -0.051360
v 2.131216 -0.728904 0.167423
v 2.131732 -0.716540 0.154340
v 2.145177 -0.783641 0.119911
v 2.151191 -0.770999 0.108120
v 2.162517 -0.804011 0.107098
v 2.171096 -0.790903 0.096768
v 2.218803 -0.841047 0.071612
v 2.216232 -0.855545 0.082530
v 2.228051 -0.863225 0.068622
v 2.247895 -0.857931 0.083865
v 2.226696 -0.844014 0.066093
v 2.235140 -0.863331 0.061894
v 2.246927 -0.860110 0.076099
v 2.244050 -0.841405 0.071319
v 2.241915 -0.840029 0.077594
v 2.263038 -0.855126 0.082282
v 2.240740 -0.835245 0.084152
v 2.221155 -0.775583 0.111913
v 2.250695 -0.846263 0.096978
v 2.226227 -0.784946 0.126627
v 2.263522 -0.834379 0.077642
v 2.276448 -0.850321 0.084133
v 2.268742 -0.854183 0.079944
v 2.274477 -0.858194 0.071584
v 2.259473 -0.837303 0.072831
v 2.261602 -0.841975 0.065542
v 2.280329 -0.851144 0.076309
v 2.213732 -0.497192 0.156659
v 2.197895 -0.332451 0.130178
v 2.320737 -0.636339 0.105240
v 2.254081 -0.473882 0.063361
v 2.191806 -0.317660 0.131167
v 2.249650 -0.463660 0.057990
v 2.191740 -0.316644 0.120868
v 2.021637 -0.132688 0.058133
v 2.013403 -0.120949 0.058138
v 2.191681 -0.316631 -0.004774
v 2.012189 -0.122559 0.052455
v 1.867272 0.037066 -0.053405
v 1.955401 -0.172018 -0.098604
v 1.517654 0.093114 -0.105376
v 1.524812 0.105245 -0.117224
v 1.721753 -0.074763 -0.206566
v 0.759854 0.000773 0.267678
v 0.985469 -0.109742 0.148784
v 0.762914 0.014518 0.256113
v 1.070215 -0.005796 0.286468
v 0.754643 0.010295 0.271030
v 0.753089 0.022535 0.257778
v 0.564447 0.174852 0.388759
v 0.482203 -0.039561 0.209670
v 0.278029 0.089831 0.308774
v 0.279627 0.103348 0.296730
v 0.554789 0.161170 0.399990
v 0.482401 -0.024895 0.198556
v 0.554358 0.174100 0.387273
v 0.055327 0.245254 0.414671
v 0.121159 0.540741 0.414530
v 0.059398 0.245006 0.397842
v 0.125111 0.539256 0.397729
v 0.125276 0.545588 0.397898
v 0.419660 0.609944 0.295930
v 0.421653 0.621400 0.309494
v 0.682580 0.465830 0.403029
v 0.849094 0.222891 0.332914
v 0.857135 0.222802 0.349062
v 1.075917 -0.000457 0.270680
v 1.252037 -0.188614 0.227045
v 1.242160 -0.196523 0.240641
v 1.247462 -0.206615 0.237541
v 1.258682 -0.197157 0.225437
v 1.391685 -0.383058 0.166797
v 1.383331 -0.394309 0.178900
v 0.008061 0.021552 -0.075010
v 0.008188 0.021524 0.193242
v 0.003467 0.002973 -0.075516
v 0.269279 0.087621 -0.185432
v 0.269652 0.103381 -0.175582
v 0.009580 0.026197 -0.085591
v 0.004920 0.012965 -0.097268
v 0.051372 0.221687 -0.287658
v 0.055945 0.234065 -0.275278
v 0.277793 0.089884 -0.190783
v 0.482060 -0.039529 -0.091899
v 0.279402 0.103398 -0.178767
v 0.554466 0.161242 -0.282246
v 0.482269 -0.024866 -0.080782
v 0.554047 0.174169 -0.269526
v 0.564134 0.174921 -0.271022
v 0.752901 0.022577 -0.140251
v 0.754442 0.010340 -0.153507
v 0.682254 0.465903 -0.285342
v 0.848835 0.222949 -0.215464
v 0.856860 0.222863 -0.231591
v 1.075716 -0.000412 -0.153491
v 1.069993 -0.005778 -0.169247
v 1.251878 -0.188579 -0.110035
v 1.241988 -0.196485 -0.123651
v 0.759656 0.000817 -0.150190
v 0.762728 0.014559 -0.138625
v 0.985383 -0.109723 -0.031505
v 1.867378 0.037042 0.169852
v 1.952755 -0.174119 0.220159
v 2.012194 -0.122560 0.063822
v 1.955549 -0.172051 0.214951
v 1.962118 -0.184523 0.217564
v 2.184287 -0.321629 0.139668
v 2.204992 -0.489736 0.162545
v 2.097858 -0.389420 0.230901
v 2.091522 -0.394619 0.237122
v 2.097718 -0.407038 0.234501
v 2.084438 -0.404502 0.220129
v 2.103761 -0.559632 0.207271
v 2.095787 -0.556583 0.191236
v 2.237124 -0.665277 0.174021
v 2.103137 -0.574237 0.205413
v 2.099133 -0.569571 0.189010
v 2.134266 -0.713638 0.174120
v 2.128757 -0.707220 0.158310
v 1.663165 -0.418528 -0.095678
v 1.529992 -0.266601 -0.196168
v 1.659411 -0.430245 -0.108762
v 1.531032 -0.276397 -0.210915
v 1.523992 -0.258844 -0.197544
v 1.389208 -0.050570 -0.175312
v 1.525788 -0.259079 -0.214569
v 1.387250 -0.049105 -0.192279
v 1.938449 -0.646637 0.058118
v 1.940554 -0.645904 0.061437
v 2.040780 -0.728892 0.101114
v 1.983390 -0.620203 0.153492
v 1.985125 -0.619648 0.156839
v 1.665860 -0.440686 0.221167
v 1.847451 -0.570921 0.130374
v 1.672270 -0.428293 0.209290
v 1.663310 -0.418560 0.212250
v 1.530233 -0.266654 0.312899
v 1.659569 -0.430280 0.225336
v 1.531287 -0.276454 0.327643
v 1.526047 -0.259137 0.331304
v 1.387487 -0.049158 0.309190
v 1.524234 -0.258898 0.314282
v 1.389430 -0.050619 0.292194
v 1.524978 0.105208 0.234010
v 1.517809 0.093079 0.222194
v 1.722003 -0.074819 0.323156
v 1.716255 -0.093207 0.312801
v 1.803329 -0.297114 0.270726
v 1.810164 -0.299039 0.287072
v 1.728045 -0.092766 0.327766
v 1.815788 -0.311367 0.286111
v 1.810853 -0.308533 0.269512
v 1.951166 -0.500571 0.241398
v 1.946522 -0.496282 0.224968
v 1.950103 -0.514916 0.238133
v 1.951452 -0.505483 0.223304
v 1.982312 -0.627658 0.171443
v 1.989584 -0.618140 0.157822
v 1.984005 -0.638861 0.165786
v 1.994807 -0.628569 0.154076
v 2.051260 -0.733174 0.102544
v 2.041414 -0.744842 0.113633
v 2.040739 -0.728883 0.015036
v 1.940551 -0.645903 0.054825
v 1.983300 -0.620183 -0.037265
v 1.665706 -0.440651 -0.104601
v 1.847383 -0.570906 -0.014008
v 1.672127 -0.428261 -0.092729
v 1.247292 -0.206577 -0.120531
v 1.258523 -0.197121 -0.108435
v 1.391582 -0.383035 -0.049960
v 1.383217 -0.394284 -0.062057
v 0.270019 0.091078 0.309284
v 0.469988 -0.044274 0.202893
v 0.480318 -0.045581 0.202803
v 0.238234 -0.021500 0.058989
v 0.238383 -0.019397 0.065348
v 0.009904 0.003397 0.205648
v 0.269510 0.087569 0.303403
v -0.000011 0.004353 0.205906
v 0.003595 0.002945 0.193749
v 0.261182 0.106020 0.297584
v 0.262233 0.092115 0.309513
v 0.056262 0.233994 0.393481
v 0.005068 0.012932 0.215500
v 0.049424 0.231880 0.413603
v 1.250908 0.296455 0.146732
v 0.942003 0.416368 0.247882
v 0.746195 0.666407 0.195268
v 0.940778 0.415151 0.251653
v 0.978754 0.493390 0.062322
v 0.979334 0.495008 0.058692
v 0.738112 0.672519 0.196398
v 1.260875 0.289247 0.145769
v 0.931496 0.419038 0.252333
v 0.661941 0.467274 0.390855
v 0.662942 0.469574 0.388013
v 0.429842 0.610934 0.293618
v 0.420490 0.614156 0.294382
v 0.744671 0.680029 0.211394
v 0.736941 0.668929 0.198959
v 0.729849 0.673661 0.196149
v 0.420362 0.615930 0.290500
v 0.174033 0.762888 0.199488
v 0.450639 0.716297 0.062849
v 0.451221 0.718044 0.058966
v 0.166378 0.764153 0.199408
v 0.414015 0.628968 0.306430
v 0.411086 0.615777 0.294359
v 0.171349 0.772918 0.214686
v 0.127624 0.549922 0.393733
v 0.174021 0.758397 0.203315
v 0.166246 0.764183 -0.081197
v 0.174928 0.762691 0.193832
v 0.174801 0.762719 -0.075630
v 0.441740 0.719585 0.058971
v 0.450636 0.716298 0.055110
v 0.173901 0.762918 -0.081257
v 0.729719 0.673690 -0.078490
v 0.738051 0.671886 0.192571
v 0.460466 0.714391 0.058961
v 0.737925 0.671914 -0.074893
v 0.969985 0.499169 0.058697
v 0.737982 0.672548 -0.078719
v 0.420267 0.614206 -0.176416
v 0.420143 0.615979 -0.172560
v 0.173885 0.758428 -0.085113
v 0.127307 0.549993 -0.275503
v 0.117433 0.547026 -0.279607
v 0.171202 0.772951 -0.096449
v 0.410863 0.615826 -0.176382
v 0.413781 0.629020 -0.188454
v 0.124955 0.545660 -0.279666
v 0.124790 0.539328 -0.279499
v 0.336116 0.362778 -0.276156
v 0.337888 0.362355 -0.293181
v 0.120823 0.540816 -0.296324
v 0.049089 0.231955 -0.295366
v 0.129284 0.552273 -0.295285
v 0.652615 0.476764 -0.288534
v 0.653741 0.468986 -0.272919
v 0.421416 0.621453 -0.191554
v 0.419436 0.609994 -0.177992
v 0.661627 0.467344 -0.273176
v 0.429620 0.610983 -0.175661
v 0.662631 0.469644 -0.270306
v 0.931313 0.419079 -0.134919
v 0.940595 0.415191 -0.134221
v 0.736808 0.668959 -0.081280
v 0.744527 0.680061 -0.093720
v 0.746066 0.666436 -0.077599
v 0.941824 0.416408 -0.130450
v 1.250825 0.296474 -0.029618
v 0.978751 0.493390 0.055090
v 2.286148 -0.848806 0.075462
v 2.271461 -0.865580 0.057937
v 2.278170 -0.842746 0.094770
v 2.232822 -0.683565 0.152354
v 2.246325 -0.691872 0.165234
v 2.265405 -0.734934 0.107001
v 2.283521 -0.741125 0.117965
v 2.215162 -0.513154 0.159303
v 2.299060 -0.651509 0.100943
v 2.317080 -0.653345 0.112697
v 1.937306 -0.180220 -0.092096
v 1.708370 -0.087138 -0.198288
v 1.716014 -0.093153 -0.196210
v 1.727790 -0.092709 -0.211185
v 1.948234 -0.178585 -0.106677
v 1.934382 -0.183229 -0.093474
v 1.946184 -0.190678 -0.089878
v 2.170634 -0.323924 -0.009633
v 1.810653 -0.308489 -0.153084
v 1.961967 -0.184490 -0.101226
v 1.815572 -0.311319 -0.169660
v 1.943460 -0.506469 -0.124578
v 2.080346 -0.400786 -0.122859
v 2.073489 -0.397919 -0.106591
v 1.951296 -0.505448 -0.107023
v 1.949932 -0.514878 -0.121852
v 1.975743 -0.630446 -0.052654
v 2.090032 -0.565595 -0.091843
v 2.087365 -0.559413 -0.075717
v 2.122711 -0.718592 -0.057292
v 1.983903 -0.638839 -0.049592
v 2.034383 -0.747978 0.009662
v 2.041362 -0.744830 0.002512
v 2.131961 -0.779210 -0.003556
v 2.111822 -0.720913 -0.051574
v 2.138401 -0.785218 -0.001534
v 2.047123 -0.756249 0.012104
v 2.105646 -0.795296 0.058023
v 2.108073 -0.794862 0.052732
v 2.192368 -0.850319 0.039348
v 2.209830 -0.861021 0.042940
v 2.135017 -0.786412 0.003392
v 2.235136 -0.863331 0.054015
v 2.239794 -0.862095 0.045570
v 2.228041 -0.863223 0.047321
v 2.231674 -0.863668 0.057956
v 2.249524 -0.864981 0.052460
v 2.240696 -0.861226 0.041040
v 2.232559 -0.856523 0.037584
v 2.216209 -0.855540 0.033427
v 2.162470 -0.804001 0.008920
v 2.223887 -0.853450 0.027627
v 2.237896 -0.853498 0.021430
v 2.246910 -0.860106 0.039828
v 2.247871 -0.857926 0.032061
v 2.259671 -0.862205 0.044549
v 2.258286 -0.857118 0.036305
v 2.263015 -0.855121 0.033601
v 2.274464 -0.858191 0.044289
v 2.259474 -0.849198 0.028708
v 2.250658 -0.846255 0.018919
v 2.262052 -0.843206 0.018971
v 2.278135 -0.842739 0.021130
v 2.263503 -0.834375 0.038275
v 2.227188 -0.840600 0.013247
v 2.276423 -0.850316 0.031766
v 2.268722 -0.854178 0.035962
v 2.280312 -0.851140 0.039587
v 2.264141 -0.836230 0.044831
v 2.286131 -0.848802 0.040429
v 2.278879 -0.830329 0.066125
v 2.297036 -0.844802 0.068873
v 2.292851 -0.847695 0.061952
v 2.292848 -0.847695 0.053933
v 2.278870 -0.830327 0.049777
v 2.297024 -0.844799 0.047009
v 2.265359 -0.734924 0.008907
v 2.283464 -0.741113 -0.002077
v 2.232733 -0.683545 -0.036376
v 2.246223 -0.691849 -0.049271
v 2.215066 -0.513132 -0.043273
v 2.299019 -0.651499 0.014977
v 2.317029 -0.653334 0.003207
v 2.167277 -0.325608 -0.012051
v 2.184209 -0.321612 -0.023568
v 2.084285 -0.404468 -0.103952
v 2.097551 -0.407001 -0.118365
v 2.204947 -0.501170 -0.048725
v 2.187866 -0.501482 -0.036393
v 2.102998 -0.574206 -0.089290
v 2.099009 -0.569543 -0.072882
v 2.229693 -0.681903 -0.056664
v 2.224861 -0.675215 -0.040846
v 2.131641 -0.716519 -0.038274
v 2.204135 -0.753762 -0.008653
v 2.208467 -0.763835 -0.023120
v 2.145118 -0.783628 -0.003873
v 2.131113 -0.728881 -0.051360
v 2.122820 -0.718616 0.173337
v 2.131216 -0.728904 0.167423
v 2.138457 -0.785231 0.117551
v 2.131732 -0.716540 0.154340
v 2.145177 -0.783641 0.119911
v 2.227230 -0.840610 0.102702
v 2.208544 -0.763852 0.139103
v 2.204198 -0.753776 0.124643
v 2.237931 -0.853506 0.094507
v 2.162517 -0.804011 0.107098
v 2.209844 -0.861024 0.073022
v 2.223916 -0.853457 0.088323
v 2.232578 -0.856527 0.078357
v 2.216232 -0.855545 0.082530
v 2.240712 -0.861230 0.074892
v 2.228051 -0.863225 0.068622
v 2.247895 -0.857931 0.083865
v 2.239806 -0.862098 0.070361
v 2.221637 -0.859516 0.057961
v 2.205113 -0.858526 0.062021
v 2.135654 -0.812060 0.058007
v 2.205109 -0.858525 0.053945
v 2.235140 -0.863331 0.061894
v 2.249529 -0.864982 0.063435
v 2.259682 -0.862208 0.071365
v 2.246927 -0.860110 0.076099
v 2.258307 -0.857122 0.079611
v 2.263038 -0.855126 0.082282
v 2.259501 -0.849205 0.087209
v 2.250695 -0.846263 0.096978
v 2.262089 -0.843214 0.096945
v 2.263522 -0.834379 0.077642
v 2.276448 -0.850321 0.084133
v 2.268742 -0.854183 0.079944
v 2.274477 -0.858194 0.071584
v 2.280329 -0.851144 0.076309
v 2.264154 -0.836233 0.071085
v 2.170698 -0.323938 0.125716
v 2.169970 -0.323906 0.122228
v 2.001625 -0.142343 0.058141
v 1.993778 -0.131076 0.058146
v 2.169909 -0.323892 -0.006115
v 2.163571 -0.316063 -0.010136
v 1.992589 -0.132464 0.054544
v 1.847683 0.029260 -0.047121
v 1.841232 0.036531 -0.048074
v 1.938835 -0.179102 -0.088355
v 1.929031 -0.174646 -0.092430
v 1.838337 0.034002 -0.050437
v 1.517654 0.093114 -0.105376
v 1.524812 0.105245 -0.117224
v 1.848968 0.043038 -0.063104
v 1.710055 -0.085117 -0.195363
v 1.365957 -0.391872 0.170635
v 1.238709 -0.201712 0.237799
v 1.235949 -0.204142 0.232370
v 0.981299 -0.132681 0.153145
v 1.378143 -0.400052 0.171135
v 0.975525 -0.128210 0.152754
v 1.229947 -0.198294 0.238423
v 0.977596 -0.124979 0.156749
v 0.759854 0.000773 0.267678
v 0.751180 0.005013 0.268330
v 1.063212 0.003570 0.267169
v 1.060104 -0.005280 0.282055
v 1.063027 -0.001238 0.285488
v 1.056140 0.001121 0.287545
v 1.070215 -0.005796 0.286468
v 0.570402 0.165262 0.403276
v 1.054007 0.009219 0.272042
v 0.564447 0.174852 0.388759
v 0.844489 0.216115 0.333253
v 0.850813 0.211199 0.349317
v 0.557492 0.169885 0.406434
v 0.743518 0.006765 0.269318
v 0.482203 -0.039561 0.209670
v 0.278029 0.089831 0.308774
v 0.547960 0.178580 0.390850
v 0.056003 0.238545 0.397815
v 0.544978 0.171705 0.406580
v 0.059446 0.230446 0.413232
v 0.344943 0.357051 0.392316
v 0.345430 0.353969 0.409171
v 0.355599 0.359034 0.410067
v 0.338222 0.362281 0.411145
v 0.121159 0.540741 0.414530
v 0.125111 0.539256 0.397729
v 0.336433 0.362707 0.394150
v 0.117754 0.546954 0.397846
v 0.125276 0.545588 0.397898
v 0.419660 0.609944 0.295930
v 0.421653 0.621400 0.309494
v 0.654055 0.468915 0.390634
v 0.129619 0.552198 0.413514
v 0.652943 0.476690 0.406253
v 0.664406 0.461914 0.407202
v 0.660308 0.462654 0.390377
v 0.355130 0.358847 0.393015
v 0.670560 0.463079 0.388487
v 0.682580 0.465830 0.403029
v 1.169405 0.177728 0.271696
v 1.178688 0.182246 0.286803
v 0.951515 0.418894 0.265831
v 0.938858 0.411630 0.253145
v 1.179791 0.172046 0.269327
v 0.859473 0.214204 0.333612
v 1.177400 0.168952 0.269187
v 1.182489 0.172034 0.285590
v 1.368711 -0.038941 0.293359
v 0.863524 0.211825 0.350353
v 1.368670 -0.039031 0.310439
v 1.075917 -0.000457 0.270680
v 1.377351 -0.048086 0.291074
v 1.373274 -0.048675 0.307875
v 1.517872 -0.268294 0.330576
v 1.247462 -0.206615 0.237541
v 1.258682 -0.197157 0.225437
v 1.519125 -0.264044 0.311610
v 1.510869 -0.275352 0.323684
v 1.383331 -0.394309 0.178900
v 1.646029 -0.429430 0.223119
v 1.654585 -0.434418 0.222495
v 1.392612 -0.406183 0.169833
v 1.591582 -0.489135 0.058299
v 1.593424 -0.487925 0.064067
v 1.824721 -0.583821 0.135505
v 1.652357 -0.436934 0.217178
v -0.000150 0.004384 -0.087670
v 0.230695 -0.020710 0.058992
v 0.003467 0.002973 -0.075516
v 0.009765 0.003428 -0.087423
v 0.238377 -0.019396 0.052658
v 0.469852 -0.044244 -0.085112
v 0.269279 0.087621 -0.185432
v 0.269782 0.091131 -0.191313
v 0.004920 0.012965 -0.097268
v 0.261996 0.092168 -0.191507
v 0.260956 0.106071 -0.179602
v 0.055945 0.234065 -0.275278
v 0.059111 0.230521 -0.295033
v 0.055682 0.238616 -0.279582
v 0.547646 0.178650 -0.273095
v 0.544649 0.171778 -0.288854
v 0.344627 0.357122 -0.274360
v 0.345098 0.354043 -0.291215
v 0.557164 0.169958 -0.288690
v 0.277793 0.089884 -0.190783
v 0.480182 -0.045550 -0.085033
v 0.245787 -0.022516 0.058985
v 0.482060 -0.039529 -0.091899
v 0.743319 0.006809 -0.151785
v 0.750981 0.005057 -0.150805
v 0.564134 0.174921 -0.271022
v 1.053805 0.009264 -0.154802
v 0.570076 0.165335 -0.285545
v 1.055923 0.001169 -0.170309
v 0.844229 0.216173 -0.215772
v 0.850538 0.211261 -0.231843
v 1.062812 -0.001190 -0.168259
v 0.355267 0.359108 -0.292092
v 0.354813 0.358917 -0.275040
v 0.659994 0.462724 -0.272669
v 0.664076 0.461988 -0.289526
v 0.682254 0.465903 -0.285342
v 0.670248 0.463149 -0.270789
v 1.169203 0.177774 -0.154558
v 1.178472 0.182294 -0.169673
v 0.951319 0.418938 -0.148407
v 0.938674 0.411671 -0.135711
v 1.179591 0.172091 -0.152172
v 0.859213 0.214263 -0.216145
v 1.177201 0.168997 -0.152030
v 1.182274 0.172082 -0.168438
v 1.368489 -0.038891 -0.176455
v 0.863248 0.211886 -0.232890
v 1.368432 -0.038978 -0.193507
v 1.075716 -0.000412 -0.153491
v 1.377131 -0.048037 -0.174152
v 1.373037 -0.048622 -0.190978
v 1.069993 -0.005778 -0.169247
v 1.238539 -0.201674 -0.120779
v 1.517614 -0.268237 -0.213862
v 1.229777 -0.198256 -0.121394
v 1.059892 -0.005233 -0.164825
v 0.759656 0.000817 -0.150190
v 1.063015 0.003614 -0.149939
v 0.977503 -0.124958 -0.039466
v 0.975436 -0.128190 -0.035469
v 0.969025 -0.127552 -0.036339
v 0.749744 0.001872 -0.145232
v 0.491778 -0.047424 -0.083772
v 0.709348 -0.083174 0.052793
v 0.707899 -0.084892 0.058760
v 0.700671 -0.083946 0.058763
v 0.479796 -0.046627 -0.075860
v 0.479924 -0.046656 0.193631
v 1.708613 -0.087192 0.314888
v 1.191821 0.166293 0.270192
v 1.195724 0.172869 0.285893
v 1.510781 0.106913 0.237253
v 1.505442 0.096159 0.223860
v 1.508154 0.099217 0.222452
v 1.496453 0.105963 0.222825
v 1.181287 0.174205 0.266850
v 0.953794 0.408371 0.250577
v 0.965169 0.417825 0.262588
v 1.259144 0.287009 0.147936
v 1.195509 0.172917 -0.168781
v 1.191621 0.166338 -0.153050
v 1.510612 0.106950 -0.120426
v 1.505285 0.096194 -0.107030
v 1.507999 0.099251 -0.105624
v 1.496298 0.105998 -0.105983
v 1.181090 0.174249 -0.149696
v 0.953613 0.408412 -0.133158
v 0.964976 0.417868 -0.145179
v 1.259060 0.287028 -0.030832
v 1.260792 0.289266 -0.028667
v 1.273446 0.283730 -0.028982
v 1.508797 0.100595 -0.102106
v 1.830433 0.041076 -0.047562
v 1.559291 0.157002 0.054949
v 1.560571 0.158240 0.058382
v 1.570315 0.151890 0.058377
v 1.841333 0.036509 0.164574
v 1.840529 0.036200 -0.044332
v 1.840626 0.036179 0.160833
v 1.985571 -0.125388 0.058151
v 1.992592 -0.132465 0.061748
v 1.847782 0.029237 0.163614
v 2.163636 -0.316078 0.126227
v 1.938973 -0.179133 0.204716
v 1.937448 -0.180252 0.208459
v 1.946324 -0.190709 0.206231
v 2.167343 -0.325623 0.128166
v 1.962118 -0.184523 0.217564
v 2.184287 -0.321629 0.139668
v 2.097718 -0.407038 0.234501
v 2.205048 -0.501193 0.164739
v 2.084438 -0.404502 0.220129
v 2.187956 -0.501502 0.152450
v 2.103137 -0.574237 0.205413
v 2.099133 -0.569571 0.189010
v 2.229801 -0.681927 0.172615
v 2.224954 -0.675236 0.156832
v 1.529992 -0.266601 -0.196168
v 1.932213 -0.500985 -0.126542
v 1.654429 -0.434383 -0.105918
v 1.531032 -0.276397 -0.210915
v 1.799764 -0.308354 -0.170638
v 1.796933 -0.302782 -0.154343
v 1.389208 -0.050570 -0.175312
v 1.387250 -0.049105 -0.192279
v 1.704846 -0.090337 -0.197780
v 1.705976 -0.091558 -0.214805
v 1.834632 -0.587719 0.134937
v 1.602683 -0.494945 0.058293
v 1.834559 -0.587703 -0.018563
v 1.832662 -0.587867 0.127762
v 1.832596 -0.587853 -0.011414
v 1.917042 -0.657407 0.058127
v 1.922621 -0.660123 0.058124
v 1.840944 -0.593021 -0.017497
v 1.841016 -0.593037 0.133865
v 1.924646 -0.659050 0.064060
v 2.024660 -0.740082 0.107789
v 1.971807 -0.632038 0.163457
v 1.975848 -0.630469 0.168886
v 2.034429 -0.747989 0.106489
v 1.970238 -0.626550 0.170296
v 1.838489 -0.584139 0.140394
v 1.665860 -0.440686 0.221167
v 1.672270 -0.428293 0.209290
v 1.935406 -0.510772 0.236142
v 1.940197 -0.500061 0.222579
v 1.943633 -0.506508 0.240866
v 1.530233 -0.266654 0.312899
v 1.932388 -0.501024 0.242842
v 1.531287 -0.276454 0.327643
v 1.799981 -0.308402 0.287104
v 1.797135 -0.302827 0.270814
v 1.387487 -0.049158 0.309190
v 1.389430 -0.050619 0.292194
v 1.705088 -0.090392 0.314382
v 1.706234 -0.091616 0.331406
v 0.992292 0.487464 0.058686
v 1.260694 0.289127 0.142505
v 1.260614 0.289145 -0.025430
v 1.548613 0.165109 0.058388
v 1.273529 0.283712 0.146072
v 1.508949 0.100561 0.218935
v 1.830533 0.041054 0.164073
v 1.559295 0.157002 0.061815
v 1.524978 0.105208 0.234010
v 1.849082 0.043012 0.179598
v 1.838440 0.033979 0.166911
v 1.517809 0.093079 0.222194
v 1.929174 -0.174677 0.208801
v 1.710295 -0.085171 0.311961
v 1.716255 -0.093207 0.312801
v 1.728045 -0.092766 0.327766
v 1.948390 -0.178620 0.223003
v 1.934526 -0.183261 0.209811
v 1.815788 -0.311367 0.286111
v 1.810853 -0.308533 0.269512
v 2.080517 -0.400824 0.239041
v 2.073645 -0.397953 0.222779
v 1.950103 -0.514916 0.238133
v 1.951452 -0.505483 0.223304
v 2.087492 -0.559442 0.191830
v 2.090173 -0.565626 0.207980
v 1.984005 -0.638861 0.165786
v 2.041414 -0.744842 0.113633
v 2.132020 -0.779223 0.119609
v 2.111926 -0.720937 0.167658
v 2.135068 -0.786423 0.112656
v 2.047167 -0.756258 0.104006
v 2.108078 -0.794863 0.063340
v 2.192384 -0.850323 0.076632
v 2.098185 -0.789871 0.058027
v 2.032273 -0.747708 0.097232
v 1.931913 -0.666987 0.058119
v 2.032236 -0.747700 0.018892
v 2.024612 -0.740072 0.008373
v 1.924640 -0.659049 0.052186
v 1.971707 -0.632015 -0.047250
v 1.970132 -0.626526 -0.054059
v 1.838411 -0.584122 -0.024023
v 1.665706 -0.440651 -0.104601
v 1.672127 -0.428261 -0.092729
v 1.935237 -0.510735 -0.119847
v 1.940042 -0.500026 -0.106285
v 0.491913 -0.047455 0.201532
v 0.709354 -0.083175 0.064752
v 0.969114 -0.127572 0.153630
v 0.749937 0.001829 0.262758
v 0.716103 -0.088476 0.058755
v 0.975079 -0.128662 0.147464
v 0.974995 -0.128643 -0.030179
v 1.171641 -0.265202 0.058521
v 1.180121 -0.268167 0.058517
v 0.981209 -0.132661 -0.035867
v 0.993690 -0.118794 -0.029342
v 1.248271 -0.193183 -0.105110
v 1.235784 -0.204105 -0.115348
v 1.180860 -0.266261 0.052607
v 1.365850 -0.391848 -0.053804
v 1.378037 -0.400029 -0.054289
v 1.247292 -0.206577 -0.120531
v 1.258523 -0.197121 -0.108435
v 1.518886 -0.263991 -0.194897
v 1.383217 -0.394284 -0.062057
v 1.510618 -0.275295 -0.206938
v 1.645873 -0.429395 -0.106533
v 1.652207 -0.436900 -0.100599
v 1.392507 -0.406159 -0.053002
v 1.824647 -0.583805 -0.019120
v 1.593419 -0.487924 0.052557
v 1.582935 -0.484613 0.058303
v 1.377150 -0.400803 -0.044018
v 1.188634 -0.272791 0.058512
v 1.377247 -0.400824 0.160864
v 1.180866 -0.266262 0.064454
v 0.993773 -0.118813 0.146612
v 1.248425 -0.193217 0.222094
v 0.270019 0.091078 0.309284
v 0.469988 -0.044274 0.202893
v 0.238383 -0.019397 0.065348
v 0.238848 -0.000363 0.062649
v 0.009904 0.003397 0.205648
v 0.473921 -0.027005 0.196393
v 0.006797 0.021507 0.199405
v -0.000775 0.022399 -0.081337
v 0.006664 0.021537 -0.081172
v 0.262233 0.092115 0.309513
v 0.051700 0.221614 0.405891
v 0.005068 0.012932 0.215500
v 0.049424 0.231880 0.413603
v 1.273305 0.303256 0.152067
v 1.504877 0.117169 0.234922
v 1.515100 0.111392 0.234297
v 0.953831 0.424333 0.262932
v 1.264942 0.309558 0.152860
v 1.284189 0.298593 0.152540
v 0.762491 0.677849 0.201283
v 1.250908 0.296455 0.146732
v 0.746195 0.666407 0.195268
v 0.978754 0.493390 0.062322
v 0.994387 0.506853 0.064315
v 0.747138 0.688375 0.202417
v 0.931496 0.419038 0.252333
v 0.429842 0.610934 0.293618
v 0.944259 0.428768 0.263416
v 0.671094 0.482261 0.398956
v 0.668176 0.474175 0.406020
v 0.432665 0.624472 0.305409
v 0.422945 0.627582 0.306370
v 0.744671 0.680029 0.211394
v 0.736941 0.668929 0.198959
v 0.730296 0.691535 0.202566
v 0.729849 0.673661 0.196149
v 0.174033 0.762888 0.199488
v 0.179274 0.779869 0.205932
v 0.450639 0.716297 0.062849
v 0.453651 0.735064 0.065044
v 0.168862 0.781645 0.206021
v 0.414015 0.628968 0.306430
v 0.119379 0.553872 0.413688
v 0.124874 0.563588 0.405892
v 0.166246 0.764183 -0.081197
v 0.172777 0.782174 -0.076189
v 0.445234 0.738406 0.058971
v 0.174801 0.762719 -0.075630
v 0.441740 0.719585 0.058971
v 0.179135 0.779900 -0.087702
v 0.730160 0.691566 -0.084876
v 0.173901 0.762918 -0.081257
v 0.729719 0.673690 -0.078490
v 0.464287 0.733140 0.058961
v 0.984778 0.513367 0.058692
v 0.460466 0.714391 0.058961
v 0.747452 0.688824 -0.073375
v 0.737925 0.671914 -0.074893
v 0.969985 0.499169 0.058697
v 0.737982 0.672548 -0.078719
v 0.420267 0.614206 -0.176416
v 0.420143 0.615979 -0.172560
v 0.422815 0.631038 -0.182831
v 0.173885 0.758428 -0.085113
v 0.127307 0.549993 -0.275503
v 0.117433 0.547026 -0.279607
v 0.410863 0.615826 -0.176382
v 0.048252 0.239864 -0.279775
v 0.059078 0.245078 -0.279611
v 0.345346 0.361198 -0.275991
v 0.124955 0.545660 -0.279666
v 0.124790 0.539328 -0.279499
v 0.336116 0.362778 -0.276156
v 0.345578 0.365382 -0.274332
v 0.653741 0.468986 -0.272919
v 0.419436 0.609994 -0.177992
v 0.661627 0.467344 -0.273176
v 0.429620 0.610983 -0.175661
v 0.432432 0.624524 -0.187479
v 0.670772 0.482333 -0.281254
v 0.662631 0.469644 -0.270306
v 0.931313 0.419079 -0.134919
v 0.940595 0.415191 -0.134221
v 0.736808 0.668959 -0.081280
v 0.746066 0.666436 -0.077599
v 0.941824 0.416408 -0.130450
v 1.250825 0.296474 -0.029618
v 0.955575 0.426825 -0.140276
v 0.762357 0.677879 -0.083626
v 1.264852 0.309578 -0.035785
v 2.286148 -0.848806 0.075462
v 2.285254 -0.855236 0.063672
v 2.269346 -0.829617 0.071449
v 2.269782 -0.760824 0.095543
v 2.287223 -0.841638 0.078952
v 2.278170 -0.842746 0.094770
v 2.288728 -0.766389 0.106057
v 2.280931 -0.824605 0.071557
v 2.306989 -0.835035 0.073260
v 2.297261 -0.833765 0.082466
v 2.289635 -0.739044 0.115374
v 2.275791 -0.827126 0.102258
v 2.215382 -0.761671 0.140591
v 2.222276 -0.760055 0.138675
v 2.246325 -0.691872 0.165234
v 2.243881 -0.678760 0.170949
v 2.265405 -0.734934 0.107001
v 2.283521 -0.741125 0.117965
v 2.267698 -0.726129 0.106775
v 2.287328 -0.730293 0.117036
v 2.252741 -0.674149 0.164332
v 2.215162 -0.513154 0.159303
v 2.210719 -0.498499 0.161698
v 2.196985 -0.514289 0.147915
v 2.299060 -0.651509 0.100943
v 2.317080 -0.653345 0.112697
v 2.326639 -0.651895 0.104053
v 1.937306 -0.180220 -0.092096
v 1.708370 -0.087138 -0.198288
v 1.716014 -0.093153 -0.196210
v 1.799685 -0.299931 -0.155835
v 1.803128 -0.297069 -0.154261
v 2.070428 -0.388289 -0.108418
v 1.934382 -0.183229 -0.093474
v 2.077925 -0.395663 -0.106734
v 1.946184 -0.190678 -0.089878
v 2.170634 -0.323924 -0.009633
v 1.810653 -0.308489 -0.153084
v 1.943327 -0.498811 -0.108904
v 1.961967 -0.184490 -0.101226
v 2.073489 -0.397919 -0.106591
v 1.946364 -0.496247 -0.108708
v 2.085080 -0.551377 -0.078811
v 2.091579 -0.557949 -0.076873
v 1.951296 -0.505448 -0.107023
v 1.985032 -0.619627 -0.040614
v 2.087365 -0.559413 -0.075717
v 2.117845 -0.701712 -0.044822
v 1.989490 -0.618118 -0.041601
v 2.124478 -0.709091 -0.042546
v 1.983903 -0.638839 -0.049592
v 1.994716 -0.628549 -0.037862
v 2.047991 -0.734651 0.015932
v 2.120834 -0.709450 -0.039929
v 2.051218 -0.733165 0.013595
v 2.139952 -0.766421 0.007359
v 2.111822 -0.720913 -0.051574
v 2.146183 -0.772095 0.009157
v 2.057906 -0.740943 0.017615
v 2.047123 -0.756249 0.012104
v 2.205028 -0.836233 0.045308
v 2.216038 -0.843476 0.047159
v 2.192368 -0.850319 0.039348
v 2.135017 -0.786412 0.003392
v 2.144149 -0.772648 0.012703
v 2.171059 -0.790895 0.019245
v 2.218791 -0.841044 0.044345
v 2.236329 -0.838120 0.031899
v 2.238811 -0.842771 0.046503
v 2.228435 -0.829591 0.027176
v 2.226688 -0.844012 0.049856
v 2.247320 -0.845714 0.054799
v 2.236707 -0.843472 0.050499
v 2.239794 -0.862095 0.045570
v 2.228041 -0.863223 0.047321
v 2.162470 -0.804001 0.008920
v 2.231822 -0.837579 0.034463
v 2.233643 -0.838981 0.044536
v 2.223887 -0.853450 0.027627
v 2.241897 -0.840025 0.038340
v 2.247871 -0.857926 0.032061
v 2.248888 -0.840273 0.043402
v 2.258286 -0.857118 0.036305
v 2.253995 -0.838747 0.041627
v 2.251447 -0.834306 0.038928
v 2.240715 -0.835239 0.031757
v 2.221104 -0.775572 0.004055
v 2.259107 -0.830368 0.031749
v 2.264973 -0.830595 0.031914
v 2.209029 -0.752482 -0.009950
v 2.259459 -0.837300 0.043088
v 2.276423 -0.850316 0.031766
v 2.268722 -0.854178 0.035962
v 2.269381 -0.834669 0.046319
v 2.267483 -0.840426 0.054818
v 2.271767 -0.834094 0.050286
v 2.267486 -0.840427 0.061093
v 2.278879 -0.830329 0.066125
v 2.273658 -0.833672 0.061935
v 2.292851 -0.847695 0.061952
v 2.287978 -0.848950 0.045071
v 2.278870 -0.830327 0.049777
v 2.297024 -0.844799 0.047009
v 2.285197 -0.825286 0.047158
v 2.298940 -0.838434 0.057927
v 2.308350 -0.830710 0.053365
v 2.288828 -0.835947 0.027007
v 2.288681 -0.766379 0.009849
v 2.267930 -0.828013 0.034587
v 2.269333 -0.829614 0.044463
v 2.280918 -0.824602 0.044345
v 2.269747 -0.760816 0.020383
v 2.270072 -0.733636 0.010621
v 2.262076 -0.820192 0.026965
v 2.265359 -0.734924 0.008907
v 2.213883 -0.751418 -0.008207
v 2.232733 -0.683545 -0.036376
v 2.230107 -0.674496 -0.040989
v 2.252640 -0.674126 -0.048401
v 2.215066 -0.513132 -0.043273
v 2.232599 -0.672976 -0.038289
v 2.267652 -0.726118 0.009160
v 2.299019 -0.651499 0.014977
v 2.196900 -0.514270 -0.031867
v 2.303141 -0.651147 0.017396
v 2.191905 -0.499915 -0.034762
v 2.302039 -0.661379 0.019421
v 2.272088 -0.733304 0.014363
v 2.286135 -0.813565 0.045076
v 2.292826 -0.738519 0.005433
v 2.325268 -0.666852 0.014092
v 2.309583 -0.817794 0.039690
v 2.289561 -0.754870 0.057940
v 2.284552 -0.823625 0.051041
v 2.314331 -0.758840 0.057928
v 2.309600 -0.817798 0.076186
v 2.325310 -0.666862 0.101802
v 2.286148 -0.813568 0.070823
v 2.302076 -0.661388 0.096495
v 2.317728 -0.730882 0.063079
v 2.293080 -0.726647 0.061684
v 2.293066 -0.718271 0.057942
v 2.317934 -0.720711 0.057930
v 2.259801 -0.488720 0.057983
v 2.236020 -0.492274 0.057993
v 2.302243 -0.650562 0.020998
v 2.326747 -0.649980 0.022562
v 2.298563 -0.640214 0.016499
v 2.320693 -0.636329 0.010664
v 2.197826 -0.332435 -0.014093
v 2.175052 -0.334531 -0.008286
v 2.213639 -0.497171 -0.040653
v 2.193525 -0.499431 -0.031245
v 2.186054 -0.491967 -0.035940
v 2.167277 -0.325608 -0.012051
v 2.079809 -0.393912 -0.104173
v 2.097695 -0.389383 -0.114734
v 2.084285 -0.404468 -0.103952
v 2.095661 -0.556555 -0.075103
v 2.224651 -0.664953 -0.043265
v 2.187866 -0.501482 -0.036393
v 2.099009 -0.569543 -0.072882
v 2.224861 -0.675215 -0.040846
v 2.128663 -0.707199 -0.042267
v 2.204902 -0.745784 -0.012311
v 2.131641 -0.716519 -0.038274
v 2.204135 -0.753762 -0.008653
v 2.151145 -0.770988 0.007916
v 2.122820 -0.718616 0.173337
v 2.211275 -0.754205 0.143296
v 2.131216 -0.728904 0.167423
v 2.138457 -0.785231 0.117551
v 2.145177 -0.783641 0.119911
v 2.227230 -0.840610 0.102702
v 2.208544 -0.763852 0.139103
v 2.151191 -0.770999 0.108120
v 2.237931 -0.853506 0.094507
v 2.162517 -0.804011 0.107098
v 2.209844 -0.861024 0.073022
v 2.218803 -0.841047 0.071612
v 2.232578 -0.856527 0.078357
v 2.216232 -0.855545 0.082530
v 2.233656 -0.838984 0.071408
v 2.240712 -0.861230 0.074892
v 2.221637 -0.859516 0.057961
v 2.135654 -0.812060 0.058007
v 2.226293 -0.840918 0.057961
v 2.215084 -0.842038 0.050988
v 2.205109 -0.858525 0.053945
v 2.149840 -0.797437 0.058002
v 2.226696 -0.844014 0.066093
v 2.234656 -0.843957 0.062037
v 2.235140 -0.863331 0.061894
v 2.247323 -0.845715 0.061130
v 2.249529 -0.864982 0.063435
v 2.259682 -0.862208 0.071365
v 2.253239 -0.844172 0.065574
v 2.246927 -0.860110 0.076099
v 2.244050 -0.841405 0.071319
v 2.263038 -0.855126 0.082282
v 2.259501 -0.849205 0.087209
v 2.250695 -0.846263 0.096978
v 2.226227 -0.784946 0.126627
v 2.262089 -0.843214 0.096945
v 2.274477 -0.858194 0.071584
v 2.261602 -0.841975 0.065542
v 2.280329 -0.851144 0.076309
v 2.298603 -0.640223 0.099425
v 2.175115 -0.334545 0.124391
v 2.197895 -0.332451 0.130178
v 2.320737 -0.636339 0.105240
v 2.254081 -0.473882 0.063361
v 2.191806 -0.317660 0.131167
v 2.230475 -0.477442 0.061486
v 2.249650 -0.463660 0.057990
v 2.021637 -0.132688 0.058133
v 2.226366 -0.468390 0.058000
v 2.001625 -0.142343 0.058141
v 2.169909 -0.323892 -0.006115
v 2.191681 -0.316631 -0.004774
v 2.163571 -0.316063 -0.010136
v 2.181350 -0.306371 -0.016671
v 1.867272 0.037066 -0.053405
v 1.847683 0.029260 -0.047121
v 1.841232 0.036531 -0.048074
v 1.955401 -0.172018 -0.098604
v 1.938835 -0.179102 -0.088355
v 1.929031 -0.174646 -0.092430
v 1.838337 0.034002 -0.050437
v 1.517654 0.093114 -0.105376
v 1.721753 -0.074763 -0.206566
v 1.710055 -0.085117 -0.195363
v 1.365957 -0.391872 0.170635
v 1.238709 -0.201712 0.237799
v 0.981299 -0.132681 0.153145
v 1.378143 -0.400052 0.171135
v 0.975525 -0.128210 0.152754
v 1.229947 -0.198294 0.238423
v 0.977596 -0.124979 0.156749
v 0.759854 0.000773 0.267678
v 0.751180 0.005013 0.268330
v 0.985469 -0.109742 0.148784
v 1.060104 -0.005280 0.282055
v 1.063027 -0.001238 0.285488
v 1.056140 0.001121 0.287545
v 1.070215 -0.005796 0.286468
v 0.754643 0.010295 0.271030
v 0.570402 0.165262 0.403276
v 0.850813 0.211199 0.349317
v 0.853580 0.217345 0.351005
v 0.557492 0.169885 0.406434
v 0.743518 0.006765 0.269318
v 0.482203 -0.039561 0.209670
v 0.278029 0.089831 0.308774
v 0.554789 0.161170 0.399990
v 0.482401 -0.024895 0.198556
v 0.741675 0.020847 0.257559
v 0.270590 0.097515 0.312436
v 0.544978 0.171705 0.406580
v 0.059446 0.230446 0.413232
v 0.345430 0.353969 0.409171
v 0.346602 0.361017 0.411028
v 0.355599 0.359034 0.410067
v 0.560848 0.179879 0.407080
v 0.844970 0.220761 0.352135
v 0.338222 0.362281 0.411145
v 0.055327 0.245254 0.414671
v 0.121159 0.540741 0.414530
v 0.421653 0.621400 0.309494
v 0.129619 0.552198 0.413514
v 0.347212 0.367929 0.409199
v 0.652943 0.476690 0.406253
v 0.664406 0.461914 0.407202
v 0.682580 0.465830 0.403029
v 1.169405 0.177728 0.271696
v 0.857135 0.222802 0.349062
v 1.178688 0.182246 0.286803
v 1.186415 0.177537 0.284857
v 0.951515 0.418894 0.265831
v 0.938858 0.411630 0.253145
v 1.182489 0.172034 0.285590
v 1.066319 0.003791 0.285992
v 0.863524 0.211825 0.350353
v 1.368670 -0.039031 0.310439
v 1.378140 -0.043606 0.309533
v 1.373274 -0.048675 0.307875
v 1.242160 -0.196523 0.240641
v 1.504116 -0.260155 0.329402
v 1.517872 -0.268294 0.330576
v 1.247462 -0.206615 0.237541
v 1.510869 -0.275352 0.323684
v 1.646029 -0.429430 0.223119
v 1.654585 -0.434418 0.222495
v 1.392612 -0.406183 0.169833
v 1.398896 -0.389333 0.163810
v 1.593424 -0.487925 0.064067
v 1.824721 -0.583821 0.135505
v 1.602661 -0.471016 0.061700
v 1.834674 -0.568461 0.129227
v 0.008061 0.021552 -0.075010
v 0.230695 -0.020710 0.058992
v 0.229824 -0.001317 0.058995
v 0.003467 0.002973 -0.075516
v 0.009765 0.003428 -0.087423
v 0.469852 -0.044244 -0.085112
v 0.473791 -0.026976 -0.078640
v 0.269279 0.087621 -0.185432
v 0.270019 0.104883 -0.179325
v 0.481243 -0.027873 -0.078306
v 0.248105 -0.003470 0.058986
v 0.009580 0.026197 -0.085591
v 0.260956 0.106071 -0.179602
v 0.055945 0.234065 -0.275278
v 0.055682 0.238616 -0.279582
v 0.270316 0.109085 -0.180732
v 0.547646 0.178650 -0.273095
v 0.555161 0.177059 -0.272818
v 0.344627 0.357122 -0.274360
v 0.245787 -0.022516 0.058985
v 0.279402 0.103398 -0.178767
v 0.482269 -0.024866 -0.080782
v 0.741487 0.020889 -0.140022
v 0.750430 0.019079 -0.139013
v 0.564134 0.174921 -0.271022
v 0.752901 0.022577 -0.140251
v 1.053805 0.009264 -0.154802
v 1.064779 0.005813 -0.152501
v 0.844229 0.216173 -0.215772
v 0.846320 0.219624 -0.217208
v 0.556608 0.180815 -0.272509
v 0.837217 0.222633 -0.218413
v 0.354813 0.358917 -0.275040
v 0.659994 0.462724 -0.272669
v 0.670248 0.463149 -0.270789
v 0.848835 0.222949 -0.215464
v 1.169203 0.177774 -0.154558
v 0.938674 0.411671 -0.135711
v 1.179591 0.172091 -0.152172
v 0.859213 0.214263 -0.216145
v 1.177201 0.168997 -0.152030
v 1.067190 0.009194 -0.152417
v 1.368489 -0.038891 -0.176455
v 1.379816 -0.044912 -0.175645
v 1.075716 -0.000412 -0.153491
v 1.377131 -0.048037 -0.174152
v 1.512656 -0.256733 -0.197116
v 1.251878 -0.188579 -0.110035
v 1.249410 -0.191947 -0.108684
v 1.521083 -0.262018 -0.197965
v 1.229777 -0.198256 -0.121394
v 1.059892 -0.005233 -0.164825
v 0.759656 0.000817 -0.150190
v 1.238212 -0.186959 -0.109410
v 1.063015 0.003614 -0.149939
v 0.762728 0.014559 -0.138625
v 0.985383 -0.109723 -0.031505
v 0.983568 -0.112233 -0.028915
v 0.969025 -0.127552 -0.036339
v 0.749744 0.001872 -0.145232
v 0.491778 -0.047424 -0.083772
v 0.972346 -0.110180 -0.029810
v 0.749550 0.017754 -0.135467
v 0.490131 -0.029217 -0.077776
v 0.700671 -0.083946 0.058763
v 0.479796 -0.046627 -0.075860
v 0.701223 -0.064637 0.058765
v 0.481228 -0.027547 -0.074311
v 1.715845 -0.082095 0.330417
v 1.699907 -0.074025 0.329244
v 1.381938 -0.038139 0.307759
v 1.195724 0.172869 0.285893
v 1.510781 0.106913 0.237253
v 1.496453 0.105963 0.222825
v 1.189132 0.181755 0.281310
v 0.965169 0.417825 0.262588
v 1.259144 0.287009 0.147936
v 1.270702 0.299723 0.156937
v 1.791208 -0.294701 -0.156365
v 1.698640 -0.082150 -0.197214
v 1.382157 -0.041678 -0.174070
v 1.191621 0.166338 -0.153050
v 1.505285 0.096194 -0.107030
v 1.507999 0.099251 -0.105624
v 1.496298 0.105998 -0.105983
v 1.181090 0.174249 -0.149696
v 0.953613 0.408412 -0.133158
v 1.188921 0.181803 -0.164162
v 0.964976 0.417868 -0.145179
v 1.259060 0.287028 -0.030832
v 1.260792 0.289266 -0.028667
v 1.273446 0.283730 -0.028982
v 1.284100 0.298613 -0.035458
v 1.508797 0.100595 -0.102106
v 1.830433 0.041076 -0.047562
v 1.516626 0.114191 -0.112267
v 1.838290 0.057256 -0.053896
v 1.570315 0.151890 0.058377
v 1.840529 0.036200 -0.044332
v 1.581171 0.168312 0.058373
v 1.985571 -0.125388 0.058151
v 2.004423 -0.114477 0.058143
v 1.855655 0.050133 -0.043071
v 1.855807 0.049226 0.170872
v 1.867378 0.037042 0.169852
v 1.952755 -0.174119 0.220159
v 2.012194 -0.122560 0.063822
v 1.992592 -0.132465 0.061748
v 2.181421 -0.306387 0.132776
v 1.847782 0.029237 0.163614
v 2.163636 -0.316078 0.126227
v 2.167343 -0.325623 0.128166
v 1.962118 -0.184523 0.217564
v 2.186143 -0.491986 0.152002
v 2.184287 -0.321629 0.139668
v 2.204992 -0.489736 0.162545
v 2.097858 -0.389420 0.230901
v 2.091522 -0.394619 0.237122
v 2.097718 -0.407038 0.234501
v 2.097244 -0.562463 0.209272
v 2.205048 -0.501193 0.164739
v 2.103761 -0.559632 0.207271
v 2.237124 -0.665277 0.174021
v 2.103137 -0.574237 0.205413
v 2.229801 -0.681927 0.172615
v 2.134266 -0.713638 0.174120
v 1.934323 -0.492849 -0.111206
v 1.659781 -0.421339 -0.094298
v 1.663165 -0.418528 -0.095678
v 1.529992 -0.266601 -0.196168
v 1.796933 -0.302782 -0.154343
v 1.523992 -0.258844 -0.197544
v 1.389208 -0.050570 -0.175312
v 1.704846 -0.090337 -0.197780
v 1.834632 -0.587719 0.134937
v 1.602683 -0.494945 0.058293
v 1.613720 -0.478625 0.058289
v 1.845342 -0.573073 -0.011729
v 1.844697 -0.572447 -0.008211
v 1.832596 -0.587853 -0.011414
v 1.930569 -0.642412 0.058122
v 1.917042 -0.657407 0.058127
v 1.853164 -0.578775 -0.011339
v 1.840944 -0.593021 -0.017497
v 1.853230 -0.578789 0.127698
v 1.841016 -0.593037 0.133865
v 1.940554 -0.645904 0.061437
v 2.040780 -0.728892 0.101114
v 1.924646 -0.659050 0.064060
v 2.024660 -0.740082 0.107789
v 1.975848 -0.630469 0.168886
v 2.034429 -0.747989 0.106489
v 1.970238 -0.626550 0.170296
v 1.838489 -0.584139 0.140394
v 1.665860 -0.440686 0.221167
v 1.847451 -0.570921 0.130374
v 1.935406 -0.510772 0.236142
v 1.943633 -0.506508 0.240866
v 1.659569 -0.430280 0.225336
v 1.932388 -0.501024 0.242842
v 1.531287 -0.276454 0.327643
v 1.799981 -0.308402 0.287104
v 1.804805 -0.303484 0.288819
v 1.796272 -0.297660 0.289443
v 1.526047 -0.259137 0.331304
v 1.387487 -0.049158 0.309190
v 1.706234 -0.091616 0.331406
v 0.992292 0.487464 0.058686
v 1.006722 0.501937 0.058680
v 1.560548 0.181002 0.058384
v 1.273535 0.304012 -0.028952
v 1.260614 0.289145 -0.025430
v 1.548613 0.165109 0.058388
v 1.273529 0.283712 0.146072
v 1.830533 0.041054 0.164073
v 1.838396 0.057232 0.170402
v 1.559295 0.157002 0.061815
v 1.569510 0.173533 0.064063
v 1.524978 0.105208 0.234010
v 1.849082 0.043012 0.179598
v 1.943977 -0.167755 0.220417
v 1.722003 -0.074819 0.323156
v 1.810164 -0.299039 0.287072
v 1.728045 -0.092766 0.327766
v 2.079996 -0.386162 0.240167
v 1.948390 -0.178620 0.223003
v 1.815788 -0.311367 0.286111
v 2.080517 -0.400824 0.239041
v 1.951166 -0.500571 0.241398
v 2.091793 -0.555799 0.211048
v 1.950103 -0.514916 0.238133
v 1.982312 -0.627658 0.171443
v 2.114343 -0.708442 0.176606
v 2.090173 -0.565626 0.207980
v 1.984005 -0.638861 0.165786
v 2.051260 -0.733174 0.102544
v 2.041414 -0.744842 0.113633
v 2.132020 -0.779223 0.119609
v 2.111926 -0.720937 0.167658
v 2.140000 -0.766432 0.108689
v 2.057945 -0.740951 0.098515
v 2.205040 -0.836236 0.070663
v 2.047167 -0.756258 0.104006
v 2.121666 -0.780044 0.061535
v 2.108078 -0.794863 0.063340
v 2.192384 -0.850323 0.076632
v 2.112365 -0.775247 0.058022
v 1.949007 -0.654492 0.058112
v 2.098185 -0.789871 0.058027
v 1.931913 -0.666987 0.058119
v 2.047916 -0.734117 0.019534
v 2.032236 -0.747700 0.018892
v 2.024612 -0.740072 0.008373
v 2.040739 -0.728883 0.015036
v 1.971707 -0.632015 -0.047250
v 1.983300 -0.620183 -0.037265
v 1.665706 -0.440651 -0.104601
v 1.847383 -0.570906 -0.014008
v 1.977617 -0.614728 -0.042073
v 1.672127 -0.428261 -0.092729
v 1.935237 -0.510735 -0.119847
v 1.940042 -0.500026 -0.106285
v 0.490261 -0.029246 0.195541
v 0.491913 -0.047455 0.201532
v 0.709354 -0.083175 0.064752
v 0.969114 -0.127572 0.153630
v 0.711187 -0.064280 0.062249
v 0.972430 -0.110199 0.147102
v 0.716103 -0.088476 0.058755
v 0.974995 -0.128643 -0.030179
v 0.722016 -0.070222 0.058754
v 0.983562 -0.112136 -0.025257
v 1.183516 -0.249293 0.058517
v 1.171641 -0.265202 0.058521
v 0.981209 -0.132661 -0.035867
v 0.993690 -0.118794 -0.029342
v 1.248271 -0.193183 -0.105110
v 1.381603 -0.380222 -0.047338
v 1.235784 -0.204105 -0.115348
v 1.365850 -0.391848 -0.053804
v 1.389269 -0.385532 -0.047624
v 1.258523 -0.197121 -0.108435
v 1.391582 -0.383035 -0.049960
v 1.651104 -0.416516 -0.094715
v 1.398796 -0.389311 -0.046981
v 1.658814 -0.422482 -0.090893
v 1.834607 -0.568446 -0.012848
v 1.652207 -0.436900 -0.100599
v 1.392507 -0.406159 -0.053002
v 1.824647 -0.583805 -0.019120
v 1.582935 -0.484613 0.058303
v 1.377150 -0.400803 -0.044018
v 1.188634 -0.272791 0.058512
v 1.389500 -0.385129 -0.043853
v 1.592352 -0.467548 0.058301
v 1.203710 -0.258754 0.058507
v 1.180866 -0.266262 0.064454
v 1.195732 -0.252307 0.062057
v 1.381703 -0.380244 0.164185
v 0.993773 -0.118813 0.146612
vn 0.0291 0.4672 -0.8836
vn -0.1422 0.8983 -0.4158
vn -0.1318 -0.9899 0.0530
vn -0.7140 0.6620 0.2281
vn -0.5584 -0.7393 0.3762
vn -0.7124 0.6603 -0.2375
vn 0.1537 0.8064 -0.5711
vn -0.3129 -0.6192 0.7202
vn -0.2260 0.6664 -0.7105
vn 0.0933 0.4508 -0.8877
vn -0.3128 -0.6192 0.7202
vn -0.1299 -0.7794 0.6129
vn -0.0898 -0.5375 0.8385
vn -0.4721 -0.2393 0.8484
vn -0.7010 0.3789 -0.6042
vn -0.3482 -0.8337 -0.4286
vn 0.1994 0.6658 0.7190
vn 0.1658 0.2193 0.9615
vn -0.3631 -0.5967 -0.7157
vn 0.0949 0.7783 0.6207
vn -0.1205 0.6667 0.7356
vn -0.0084 -0.4743 -0.8803
vn -0.3636 0.8575 0.3640
vn -0.3640 0.8576 -0.3634
vn -0.8081 -0.5051 -0.3031
vn -0.8078 -0.5051 0.3038
vn -0.7318 -0.1009 0.6740
vn -0.0077 -0.4744 0.8803
vn -0.3623 -0.5968 0.7159
vn 0.0943 0.7784 -0.6206
vn -0.1213 0.6668 -0.7353
vn -0.3988 0.3798 -0.8347
vn -0.7004 0.3788 0.6049
vn 0.1649 0.2197 -0.9615
vn 0.1987 0.6660 -0.7190
vn -0.3479 -0.8337 0.4289
vn -0.2828 0.5862 -0.7592
vn -0.5327 0.7106 -0.4597
vn -0.3628 0.5942 -0.7179
vn -0.4970 0.7754 -0.3895
vn -0.6133 0.1877 -0.7673
vn 0.0956 -0.3090 0.9462
vn -0.6132 0.1876 -0.7673
vn -0.8627 0.4681 -0.1914
vn -0.7786 0.5081 -0.3682
vn -0.5326 0.7107 -0.4597
vn -0.8626 0.4683 -0.1913
vn -0.6464 0.1956 -0.7375
vn -0.3887 0.4358 -0.8118
vn -0.4067 0.1527 -0.9007
vn -0.6465 0.1955 -0.7375
vn -0.3840 0.1714 -0.9073
vn 0.3689 -0.1440 0.9183
vn -0.9373 -0.0658 -0.3422
vn -0.6487 0.3513 -0.6751
vn -0.2664 0.2020 -0.9425
vn -0.5605 -0.2239 -0.7973
vn -0.6349 -0.1776 -0.7519
vn 0.1761 0.2688 -0.9470
vn -0.6358 -0.6253 0.4524
vn 0.0944 -0.1735 -0.9803
vn -0.4386 -0.0295 0.8982
vn -0.5171 -0.3880 0.7629
vn -0.4193 -0.1188 0.9000
vn -0.4514 -0.4624 0.7631
vn -0.1409 -0.3820 -0.9133
vn 0.0627 0.0367 -0.9974
vn -0.4529 -0.1691 0.8754
vn -0.2375 0.3829 0.8928
vn -0.3464 -0.5808 -0.7367
vn 0.0559 0.5100 0.8583
vn -0.3548 -0.0446 0.9339
vn -0.1987 -0.1621 -0.9666
vn -0.6432 -0.7115 -0.2830
vn 0.1782 0.8078 0.5619
vn 0.0022 0.3902 0.9207
vn -0.4360 -0.4297 -0.7908
vn -0.0714 0.9915 0.1086
vn -0.1314 -0.9277 0.3495
vn -0.1571 -0.9627 -0.2202
vn -0.3188 -0.6920 -0.6477
vn 0.0108 0.9418 0.3360
vn -0.0736 0.6810 0.7285
vn -0.6237 -0.7812 0.0284
vn 0.0399 -0.8351 -0.5486
vn -0.1758 0.9474 0.2674
vn -0.5629 0.4426 0.6980
vn -0.1961 -0.9738 -0.1149
vn 0.0189 0.7600 0.6497
vn -0.2187 0.8435 0.4906
vn 0.0987 0.7704 0.6299
vn 0.0899 -0.4145 -0.9056
vn -0.2181 0.8436 0.4907
vn -0.4890 0.5314 0.6918
vn -0.3831 -0.5977 -0.7043
vn -0.0934 0.4025 0.9107
vn 0.1163 -0.4641 -0.8781
vn -0.2045 0.7988 0.5657
vn -0.3367 0.8993 0.2792
vn 0.1885 0.7989 0.5712
vn -0.0148 -0.8629 -0.5051
vn -0.3367 0.8992 0.2794
vn -0.9175 0.3805 0.1156
vn -0.5321 0.7106 0.4603
vn -0.2804 0.9599 0.0002
vn -0.5322 0.7105 0.4604
vn -0.3620 0.5941 0.7183
vn -0.3693 0.6651 0.6490
vn -0.4617 0.8788 0.1205
vn -0.2012 0.5779 0.7910
vn -0.7246 0.6892 0.0004
vn -0.4618 0.8789 -0.1199
vn -0.1996 0.5831 -0.7875
vn -0.7395 0.5850 -0.3330
vn -0.6732 0.4277 0.6032
vn -0.6738 0.4279 -0.6024
vn -0.7391 0.5850 0.3339
vn -0.7782 0.5081 0.3690
vn -0.6459 0.7635 0.0004
vn -0.2821 0.5861 0.7596
vn -0.4967 0.7753 0.3901
vn -0.8624 0.4683 0.1921
vn -0.6125 0.1875 0.7679
vn 0.0946 -0.3088 -0.9464
vn -0.8625 0.4681 0.1923
vn -0.6456 0.1954 0.7382
vn -0.3879 0.4357 0.8122
vn -0.9370 -0.0659 0.3431
vn 0.3680 -0.1437 -0.9186
vn -0.6458 0.1953 0.7381
vn -0.4059 0.1526 0.9011
vn -0.3830 0.1713 0.9077
vn -0.6481 0.3512 0.6757
vn -0.2656 0.2019 0.9427
vn -0.5598 -0.2239 0.7978
vn -0.6297 -0.1764 0.7566
vn -0.8937 -0.0783 0.4418
vn -0.6457 0.1953 0.7382
vn -0.8905 -0.0111 0.4548
vn -0.2902 0.1778 0.9403
vn -0.8556 0.3191 0.4075
vn -0.8142 -0.0287 -0.5799
vn -0.9957 0.0924 0.0005
vn -0.9966 0.0823 0.0005
vn -0.7138 0.4842 0.5060
vn -0.7143 0.4842 -0.5052
vn -0.8560 0.3192 -0.4067
vn -0.6464 0.1955 -0.7375
vn -0.2912 0.1780 -0.9400
vn -0.8910 -0.0110 -0.4539
vn -0.8941 -0.0780 -0.4410
vn -0.8136 -0.0288 0.5807
vn -0.9669 0.2550 0.0005
vn -0.8080 -0.0567 -0.5865
vn -0.8986 -0.4388 0.0004
vn -0.9258 -0.3780 0.0004
vn -0.8074 -0.0569 0.5873
vn -0.8843 -0.1575 0.4395
vn -0.6297 -0.1765 0.7566
vn -0.7600 -0.3560 -0.5437
vn -0.7886 -0.4481 0.4211
vn -0.7848 -0.4739 0.3995
vn -0.3083 -0.0451 0.9502
vn 0.2117 0.0197 -0.9771
vn 0.5159 0.4371 -0.7367
vn -0.8020 -0.5146 0.3033
vn -0.4192 -0.1191 0.9000
vn -0.6918 -0.0340 0.7213
vn -0.2389 0.0451 0.9700
vn -0.6297 -0.1763 0.7565
vn -0.3631 -0.1420 0.9209
vn 0.3105 0.1874 -0.9319
vn -0.8418 -0.3905 0.3728
vn 0.0817 -0.2077 -0.9748
vn -0.4128 0.1388 0.9002
vn -0.4129 0.1386 0.9002
vn -0.2815 -0.4184 -0.8636
vn 0.0745 -0.1105 -0.9911
vn -0.4844 0.1149 0.8673
vn -0.1861 0.5549 0.8108
vn -0.3664 -0.7075 -0.6043
vn 0.0509 0.6502 0.7580
vn -0.4194 0.1321 0.8982
vn -0.1346 -0.4051 -0.9043
vn 0.0501 0.6503 -0.7580
vn -0.3659 -0.7075 0.6046
vn -0.4202 0.1324 -0.8977
vn -0.1338 -0.4054 0.9043
vn -0.0743 0.6812 -0.7283
vn -0.3183 -0.6922 0.6478
vn -0.6238 -0.7811 -0.0281
vn 0.0105 0.9418 -0.3359
vn -0.0715 0.9915 -0.1085
vn -0.1569 -0.9628 0.2202
vn -0.1316 -0.9276 -0.3495
vn 0.0404 -0.8352 0.5484
vn -0.5637 0.4427 -0.6973
vn -0.1762 0.9474 -0.2671
vn -0.1960 -0.9738 0.1150
vn -0.2208 0.8374 -0.5000
vn 0.0185 0.7603 -0.6493
vn 0.0985 0.7706 -0.6297
vn 0.0907 -0.4146 0.9055
vn -0.4896 0.5315 -0.6912
vn -0.2206 0.8373 -0.5003
vn -0.3824 -0.5978 0.7045
vn -0.0944 0.4027 -0.9105
vn 0.1171 -0.4643 0.8779
vn -0.3383 0.9016 -0.2697
vn -0.2054 0.7989 -0.5653
vn 0.1875 0.7991 -0.5712
vn -0.0143 -0.8630 0.5051
vn -0.9174 0.3810 -0.1146
vn -0.3379 0.9016 -0.2699
vn -0.3703 0.6650 -0.6486
vn -0.6349 -0.1779 -0.7519
vn -0.8806 -0.1561 -0.4475
vn -0.3092 -0.0451 -0.9499
vn -0.7856 -0.4463 -0.4286
vn -0.7850 -0.4741 -0.3988
vn -0.7635 -0.3581 0.5374
vn -0.7018 -0.4171 -0.5775
vn -0.9706 -0.2407 0.0004
vn -0.6767 -0.7363 0.0003
vn -0.7851 -0.4738 -0.3989
vn -0.7385 -0.6743 0.0003
vn -0.7014 -0.4169 0.5782
vn -0.7847 -0.4739 0.3995
vn -0.7386 -0.6741 0.0005
vn -0.5745 -0.6887 0.4424
vn -0.6368 -0.6321 -0.4416
vn -0.5746 -0.6886 0.4423
vn -0.5173 -0.3877 0.7630
vn -0.2877 -0.1684 0.9428
vn 0.2965 0.6029 -0.7407
vn -0.5383 -0.7461 0.3919
vn 0.1214 0.1538 -0.9806
vn -0.6009 -0.2877 0.7458
vn -0.0564 0.0196 -0.9982
vn 0.0988 0.6880 -0.7189
vn -0.3387 -0.8458 0.4123
vn -0.0301 0.3215 -0.9464
vn -0.2623 -0.5876 0.7655
vn -0.1239 -0.8922 0.4342
vn -0.2236 0.7332 -0.6422
vn 0.0331 -0.0502 0.9982
vn -0.1708 0.3459 -0.9226
vn 0.1121 0.8346 -0.5393
vn -0.3980 0.3795 0.8352
vn -0.7325 -0.1008 -0.6733
vn -0.1983 -0.3106 -0.9296
vn -0.0203 0.0547 0.9983
vn 0.0018 -0.3756 0.9268
vn -0.3700 0.1596 -0.9152
vn -0.0989 -0.3207 -0.9420
vn 0.1179 0.3097 -0.9435
vn -0.3877 -0.5271 0.7562
vn -0.4017 -0.0749 0.9127
vn 0.0685 0.7369 -0.6725
vn -0.4579 -0.8277 0.3243
vn 0.0978 0.2698 -0.9579
vn -0.4108 -0.4875 0.7704
vn -0.5588 -0.7392 -0.3760
vn -0.1318 -0.9893 -0.0619
vn -0.1418 0.8982 0.4162
vn 0.0315 0.4725 0.8808
vn -0.4729 -0.2390 -0.8481
vn 0.1542 0.8063 0.5711
vn -0.3136 -0.6191 -0.7200
vn -0.0905 -0.5374 -0.8385
vn -0.2280 0.6618 0.7142
vn -0.1305 -0.7792 -0.6130
vn -0.3135 -0.6190 -0.7201
vn 0.0928 0.4450 0.8907
vn -0.1700 0.3458 0.9228
vn 0.0322 -0.0501 -0.9982
vn 0.1126 0.8345 0.5393
vn -0.1243 -0.8922 -0.4342
vn -0.2629 -0.5875 -0.7653
vn -0.0292 0.3214 0.9465
vn -0.2231 0.7331 0.6425
vn -0.1974 -0.3107 0.9298
vn -0.0212 0.0549 -0.9983
vn -0.3692 0.1594 0.9156
vn 0.0009 -0.3754 -0.9269
vn -0.3884 -0.5270 -0.7559
vn 0.1188 0.3095 0.9434
vn -0.0980 -0.3208 0.9421
vn -0.4026 -0.0747 -0.9123
vn -0.3391 -0.8457 -0.4121
vn 0.0995 0.6878 0.7191
vn -0.0554 0.0194 0.9983
vn -0.1503 -0.9886 -0.0000
vn -0.0690 0.9310 0.3584
vn -0.0101 0.4382 0.8988
vn -0.0700 0.0299 0.9971
vn -0.1998 -0.2943 -0.9346
vn -0.0616 0.4713 0.8798
vn -0.3669 -0.8285 -0.4231
vn -0.1979 -0.2880 0.9370
vn -0.0709 0.0301 -0.9970
vn -0.0624 0.4715 -0.8797
vn -0.3664 -0.8286 0.4233
vn -0.5748 -0.6887 -0.4420
vn -0.7385 -0.6743 0.0001
vn -0.6363 -0.6323 0.4420
vn -0.5133 -0.3901 -0.7645
vn -0.5749 -0.6887 -0.4418
vn -0.2885 -0.1683 -0.9426
vn -0.4170 -0.1175 -0.9013
vn -0.5133 -0.3898 -0.7646
vn -0.4523 -0.4619 -0.7629
vn -0.6925 -0.0339 -0.7207
vn -0.4169 -0.1178 -0.9013
vn -0.2399 0.0453 -0.9697
vn -0.8023 -0.5146 -0.3026
vn 0.5166 0.4370 0.7363
vn 0.2127 0.0195 0.9769
vn -0.6349 -0.1774 -0.7520
vn -0.3639 -0.1413 -0.9207
vn -0.8421 -0.3905 -0.3721
vn 0.3114 0.1872 0.9316
vn 0.0826 -0.2078 0.9747
vn -0.4136 0.1390 -0.8998
vn -0.4137 0.1390 -0.8997
vn -0.4852 0.1150 -0.8668
vn 0.0754 -0.1107 0.9910
vn -0.2826 -0.4215 0.8616
vn -0.1868 0.5552 -0.8105
vn -0.0765 0.4826 0.8725
vn -0.2456 -0.6864 -0.6845
vn -0.2106 -0.2689 -0.9399
vn -0.2905 -0.1533 0.9445
vn -0.2428 -0.2810 0.9285
vn -0.0476 0.0610 -0.9970
vn -0.2289 0.2393 0.9436
vn -0.2062 -0.3932 -0.8960
vn 0.3928 0.8380 -0.3788
vn -0.6000 -0.7999 0.0096
vn 0.1865 0.3642 -0.9125
vn -0.4390 -0.3904 0.8092
vn -0.4667 -0.7628 0.4476
vn 0.0984 0.8001 -0.5917
vn -0.0531 0.2677 -0.9620
vn -0.2097 -0.2691 0.9400
vn -0.2450 -0.6865 0.6846
vn -0.0773 0.4827 -0.8724
vn -0.2914 -0.1532 -0.9443
vn -0.0466 0.0608 0.9971
vn -0.2437 -0.2808 -0.9283
vn -0.2298 0.2394 -0.9433
vn -0.2053 -0.3934 0.8962
vn -0.5367 -0.7434 -0.3992
vn 0.2972 0.6029 0.7405
vn 0.1223 0.1535 0.9805
vn -0.6016 -0.2875 -0.7452
vn -0.6363 -0.6252 -0.4520
vn 0.1770 0.2686 0.9469
vn 0.0953 -0.1737 0.9802
vn -0.4394 -0.0292 -0.8978
vn -0.4537 -0.1690 -0.8750
vn 0.0637 0.0365 0.9973
vn -0.1400 -0.3822 0.9134
vn -0.2332 0.3824 -0.8941
vn -0.3557 -0.0446 -0.9336
vn 0.0551 0.5101 -0.8583
vn -0.3457 -0.5809 0.7369
vn -0.1978 -0.1623 0.9667
vn 0.1777 0.8078 -0.5620
vn -0.6429 -0.7115 0.2835
vn 0.0013 0.3903 -0.9207
vn -0.4352 -0.4297 0.7911
vn -0.6000 -0.8000 -0.0091
vn 0.3932 0.8379 0.3786
vn 0.1873 0.3640 0.9123
vn 0.0990 0.8000 0.5917
vn -0.4671 -0.7627 -0.4473
vn -0.4397 -0.3902 -0.8089
vn -0.0522 0.2677 0.9621
vn -0.0110 0.4384 -0.8987
vn -0.0694 0.9311 -0.3582
vn -0.1504 -0.9886 -0.0000
vn -0.4582 -0.8276 -0.3241
vn 0.0691 0.7367 0.6726
vn 0.0987 0.2697 0.9579
vn -0.4115 -0.4874 -0.7701
vn -0.1426 0.8981 -0.4160
vn 0.1082 0.9941 -0.0000
vn 0.1005 0.9545 0.2809
vn 0.2888 0.8691 -0.4016
vn 0.0648 0.6649 -0.7441
vn -0.1419 0.8982 -0.4161
vn 0.0292 0.4671 -0.8837
vn 0.1120 0.8940 -0.4338
vn -0.7124 0.6604 -0.2375
vn -0.7141 0.6619 0.2281
vn 0.2891 0.8689 0.4019
vn 0.0646 0.6650 -0.7440
vn 0.1536 0.8064 -0.5710
vn -0.2260 0.6665 -0.7104
vn -0.7017 0.3785 -0.6036
vn 0.0644 0.6651 -0.7440
vn 0.0935 0.4504 -0.8879
vn 0.4579 0.7846 0.4180
vn 0.1737 0.6554 0.7350
vn 0.2601 0.6234 0.7373
vn 0.4418 0.5215 0.7300
vn 0.3619 0.8356 0.4134
vn 0.5742 0.8153 -0.0745
vn 0.7327 0.5583 0.3892
vn 0.5743 0.8153 -0.0745
vn -0.6817 -0.6109 -0.4025
vn -0.2756 -0.2444 -0.9297
vn 0.3620 0.8355 0.4134
vn 0.5758 0.8176 -0.0002
vn 0.4165 0.4801 0.7720
vn 0.7330 0.5580 0.3891
vn 0.4578 0.7846 0.4181
vn 0.3519 0.8492 0.3938
vn -0.1616 -0.2501 -0.9546
vn -0.5726 -0.4394 -0.6922
vn 0.3660 0.9060 0.2124
vn 0.2075 0.3526 0.9125
vn 0.4420 0.5215 0.7298
vn 0.1996 0.6659 0.7188
vn 0.2075 0.3523 0.9126
vn 0.4037 0.5848 0.7036
vn 0.1276 0.6574 0.7427
vn 0.3517 0.8492 0.3940
vn 0.4038 0.5846 0.7037
vn 0.1658 0.2194 0.9614
vn 0.1994 0.6657 0.7191
vn 0.1278 0.6574 0.7427
vn -0.1259 0.9090 0.3974
vn 0.1915 0.9805 0.0442
vn 0.4510 0.8006 0.3944
vn -0.1259 0.9090 0.3972
vn 0.1859 0.9826 -0.0001
vn 0.1292 0.6903 0.7119
vn -0.3636 0.8575 0.3639
vn -0.1207 0.6667 0.7354
vn 0.0519 0.5162 0.8549
vn 0.0950 0.7782 0.6207
vn 0.1280 0.9708 0.2030
vn -0.3640 0.8576 -0.3635
vn 0.1279 0.9708 -0.2029
vn -0.0773 0.9970 0.0001
vn 0.4507 0.8007 -0.3947
vn 0.1285 0.6902 -0.7121
vn -0.1263 0.9091 -0.3969
vn 0.3514 0.8493 -0.3939
vn 0.4842 0.8750 -0.0002
vn 0.3210 0.7522 -0.5755
vn 0.3025 0.9531 -0.0001
vn 0.3214 0.7521 0.5753
vn -0.1262 0.9091 -0.3970
vn 0.1271 0.6576 -0.7426
vn 0.1914 0.9805 -0.0440
vn 0.0944 0.7784 -0.6206
vn 0.0511 0.5164 -0.8548
vn -0.1213 0.6670 -0.7351
vn -0.2104 0.0168 -0.9775
vn 0.0830 0.1991 0.9765
vn -0.2730 0.0302 0.9615
vn -0.0069 0.1459 -0.9893
vn 0.3593 0.2809 -0.8899
vn 0.0380 0.2453 0.9687
vn 0.1375 0.6255 -0.7680
vn -0.2122 0.3814 -0.8997
vn 0.1269 0.6574 -0.7428
vn 0.2066 0.3525 -0.9127
vn -0.2120 0.3813 -0.8998
vn -0.2375 -0.3342 0.9121
vn 0.1155 -0.3526 0.9286
vn 0.4030 0.5848 -0.7040
vn 0.2067 0.3529 -0.9126
vn 0.1989 0.6662 -0.7188
vn 0.4413 0.5218 -0.7300
vn -0.1607 -0.2502 0.9548
vn 0.1987 0.6660 -0.7191
vn 0.3659 0.9060 -0.2128
vn -0.5719 -0.4394 0.6927
vn 0.1987 0.6659 -0.7191
vn 0.1650 0.2196 -0.9615
vn 0.4032 0.5848 -0.7038
vn -0.2749 -0.2447 0.9298
vn -0.6814 -0.6110 0.4030
vn 0.5742 0.8154 0.0742
vn 0.7323 0.5584 -0.3897
vn 0.5743 0.8153 0.0742
vn 0.4412 0.5216 -0.7303
vn 0.7325 0.5582 -0.3897
vn 0.3615 0.8356 -0.4136
vn 0.4159 0.4801 -0.7724
vn 0.3616 0.8356 -0.4135
vn -0.2829 0.5862 -0.7592
vn 0.6066 -0.1597 0.7788
vn -0.4970 0.7755 -0.3895
vn 0.9980 0.0300 0.0564
vn 0.1871 0.4409 -0.8778
vn 0.3690 -0.1439 0.9182
vn -0.3888 0.4358 -0.8118
vn 0.5935 0.1964 0.7805
vn -0.2666 0.2022 -0.9424
vn 0.9336 0.3379 0.1189
vn -0.6488 0.3513 -0.6750
vn 0.5279 0.4033 -0.7474
vn 0.0816 0.3682 0.9261
vn 0.1760 0.2688 -0.9470
vn 0.2083 0.5544 0.8057
vn 0.0627 0.0368 -0.9974
vn 0.4432 0.2962 -0.8461
vn -0.2375 0.3828 0.8928
vn 0.5633 0.6573 0.5006
vn -0.1988 -0.1621 -0.9665
vn 0.1670 -0.1543 -0.9738
vn 0.0559 0.5099 0.8584
vn 0.4416 0.4527 0.7747
vn 0.0885 0.4520 0.8876
vn 0.3244 0.5663 0.7577
vn 0.0018 0.3903 0.9207
vn 0.1785 0.8077 0.5620
vn 0.2963 0.6749 0.6758
vn 0.5505 0.7109 0.4376
vn 0.2960 0.6752 0.6757
vn 0.4931 0.7607 0.4222
vn 0.5266 0.8501 -0.0002
vn 0.5515 0.6928 -0.4646
vn 0.3634 0.8693 0.3351
vn 0.2651 0.9252 0.2715
vn 0.1059 0.4027 0.9092
vn 0.0191 0.7602 0.6495
vn 0.2961 0.6750 0.6758
vn 0.3318 0.6677 0.6664
vn 0.0399 0.9287 0.3687
vn 0.3226 0.9315 0.1681
vn 0.0508 0.6501 0.7582
vn 0.1801 0.9567 0.2289
vn 0.1378 0.9905 -0.0000
vn 0.2137 0.8099 -0.5463
vn -0.0713 0.9915 0.1089
vn -0.2804 0.9599 0.0003
vn -0.1262 0.5969 0.7923
vn -0.0738 0.6811 0.7285
vn 0.0109 0.9418 0.3361
vn -0.0239 0.8199 0.5720
vn 0.3664 0.9303 0.0177
vn -0.1758 0.9474 0.2676
vn -0.5626 0.4427 0.6982
vn -0.2046 0.7989 0.5657
vn -0.3379 0.8989 0.2789
vn 0.0898 -0.4145 -0.9056
vn 0.0990 0.7705 0.6298
vn -0.2183 0.8436 0.4906
vn 0.5982 -0.1146 -0.7931
vn -0.2043 0.7989 0.5658
vn -0.4887 0.5314 0.6919
vn -0.2178 0.8436 0.4908
vn -0.3619 0.5941 0.7184
vn -0.3692 0.6651 0.6492
vn 0.1888 0.7988 0.5712
vn -0.5320 0.7106 0.4604
vn -0.3690 0.6652 0.6491
vn -0.9174 0.3809 0.1156
vn -0.4617 0.8789 -0.1197
vn 0.6688 -0.6569 -0.3481
vn 0.7189 -0.6211 0.3123
vn -0.4616 0.8788 0.1206
vn 0.7185 -0.6210 -0.3132
vn 0.6691 -0.6570 0.3473
vn -0.2821 0.5860 0.7596
vn 0.6059 -0.1595 -0.7794
vn 0.9979 0.0300 -0.0573
vn -0.4965 0.7754 0.3902
vn 0.1880 0.4407 0.8778
vn -0.3880 0.4356 0.8123
vn -0.2656 0.2020 0.9427
vn 0.5926 0.1965 -0.7812
vn 0.9335 0.3379 -0.1196
vn -0.6481 0.3512 0.6758
vn 0.9995 -0.0311 -0.0003
vn -0.7140 0.4841 0.5059
vn -0.6461 0.7632 0.0004
vn -0.7146 0.4841 -0.5050
vn -0.2391 0.0452 0.9699
vn -0.6918 -0.0344 0.7212
vn 0.7710 0.6317 -0.0802
vn 0.5158 0.4371 -0.7368
vn -0.4128 0.1387 0.9002
vn 0.6931 0.2255 -0.6846
vn 0.1462 0.3055 0.9409
vn 0.3105 0.1875 -0.9319
vn 0.2296 0.5201 0.8227
vn 0.0744 -0.1105 -0.9911
vn 0.5017 0.0599 -0.8630
vn -0.1861 0.5550 0.8108
vn 0.1177 0.4304 0.8949
vn 0.5885 0.7142 0.3790
vn 0.0509 0.6501 0.7581
vn 0.1168 0.4306 -0.8950
vn 0.2957 0.6750 -0.6759
vn 0.0878 0.4522 -0.8876
vn 0.5881 0.7143 -0.3794
vn -0.1337 -0.4052 0.9044
vn 0.0186 0.7603 -0.6494
vn 0.2955 0.6752 -0.6759
vn 0.0500 0.6506 -0.7578
vn 0.3313 0.6678 -0.6666
vn -0.0744 0.6812 -0.7283
vn 0.0106 0.9418 -0.3359
vn 0.0395 0.9288 -0.3685
vn 0.3224 0.9316 -0.1680
vn 0.2648 0.9253 -0.2715
vn 0.0953 0.9954 -0.0001
vn 0.2470 0.8744 -0.4176
vn 0.5514 0.8343 -0.0004
vn 0.2478 0.8743 0.4174
vn 0.1800 0.9567 -0.2289
vn 0.2141 0.8098 0.5463
vn -0.1277 0.6011 -0.7889
vn -0.0715 0.9915 -0.1086
vn -0.1764 0.9474 -0.2672
vn 0.3663 0.9304 -0.0089
vn -0.0244 0.8200 -0.5718
vn -0.5632 0.4430 -0.6975
vn -0.2051 0.7990 -0.5653
vn 0.0985 0.7707 -0.6296
vn 0.0907 -0.4148 0.9054
vn -0.2209 0.8374 -0.5000
vn 0.5990 -0.1147 0.7925
vn -0.2205 0.8373 -0.5004
vn -0.4895 0.5315 -0.6913
vn -0.2050 0.7989 -0.5655
vn -0.3627 0.5942 -0.7179
vn -0.3698 0.6652 -0.6486
vn 0.1881 0.7989 -0.5713
vn -0.3382 0.9016 -0.2696
vn -0.5326 0.7106 -0.4597
vn -0.9176 0.3806 -0.1146
vn 0.8643 0.5030 -0.0004
vn 0.7822 0.4771 0.4007
vn 0.5707 0.4192 -0.7062
vn 0.8641 0.5033 -0.0003
vn 0.5719 0.4132 0.7087
vn 0.7816 0.4776 -0.4013
vn 0.7351 0.6780 -0.0003
vn 0.5085 0.7382 -0.4433
vn 0.4866 0.3567 -0.7975
vn 0.7354 0.6776 -0.0003
vn 0.8296 0.3529 -0.4327
vn 0.5273 0.7353 -0.4258
vn 0.5086 0.7380 -0.4435
vn 0.5091 0.3874 -0.7686
vn 0.7381 0.6735 0.0389
vn -0.2877 -0.1686 0.9428
vn -0.7887 -0.4481 0.4210
vn 0.7380 0.6737 0.0391
vn 0.4388 0.4887 -0.7541
vn 0.5354 0.8157 -0.2192
vn -0.6009 -0.2876 0.7458
vn 0.2964 0.6028 -0.7408
vn -0.1833 -0.2012 0.9622
vn 0.5091 0.3878 -0.7684
vn 0.2270 0.2671 -0.9366
vn 0.2965 0.6031 -0.7405
vn 0.3700 0.5298 -0.7631
vn 0.3196 0.8455 -0.4277
vn 0.0988 0.6879 -0.7190
vn 0.3832 0.9235 0.0178
vn -0.4490 -0.4789 0.7544
vn 0.0988 0.6880 -0.7190
vn 0.3197 0.8456 -0.4276
vn 0.3244 0.5431 -0.7745
vn 0.3832 0.9235 0.0181
vn 0.0514 0.6837 -0.7280
vn 0.3241 0.5428 -0.7748
vn 0.0767 0.3253 -0.9425
vn -0.0565 0.0190 -0.9982
vn -0.2138 0.4816 -0.8499
vn 0.2028 -0.0520 0.9778
vn -0.1290 -0.2849 0.9498
vn 0.1729 0.8677 -0.4661
vn 0.0457 0.3103 -0.9495
vn 0.3141 -0.4952 0.8100
vn 0.0767 0.3255 -0.9424
vn 0.0512 0.6836 -0.7281
vn -0.2138 0.4814 -0.8500
vn -0.2235 0.7333 -0.6422
vn -0.0301 0.3214 -0.9465
vn 0.0514 0.6837 -0.7279
vn 0.3306 0.6174 -0.7139
vn 0.0645 0.6649 -0.7441
vn 0.2094 0.3395 -0.9170
vn 0.1122 0.8347 -0.5392
vn 0.2097 0.3390 -0.9171
vn 0.0332 -0.0503 0.9982
vn -0.3334 -0.2768 0.9012
vn 0.2919 -0.3761 0.8794
vn 0.0331 0.4606 -0.8870
vn 0.2658 -0.0436 0.9630
vn 0.2257 0.4281 0.8751
vn -0.0060 0.1457 0.9893
vn -0.2094 0.0167 0.9777
vn 0.0821 0.1993 -0.9765
vn -0.2739 0.0304 -0.9613
vn 0.3601 0.2808 0.8896
vn 0.0370 0.2455 -0.9687
vn 0.1146 -0.3524 -0.9288
vn 0.1381 0.6253 0.7681
vn -0.2383 -0.3340 -0.9119
vn -0.2113 0.3812 0.9000
vn -0.2112 0.3812 0.9001
vn 0.1674 -0.0222 -0.9856
vn -0.3701 0.1596 -0.9152
vn 0.5220 0.0809 0.8491
vn -0.0209 0.3637 -0.9313
vn -0.2270 -0.3119 -0.9226
vn 0.4637 0.5535 0.6918
vn -0.4546 -0.1210 -0.8824
vn 0.1478 0.3400 0.9287
vn 0.2145 0.2840 0.9345
vn 0.4419 0.5217 0.7298
vn 0.1479 0.3403 0.9286
vn 0.2490 0.6309 -0.7348
vn 0.0217 -0.0479 -0.9986
vn 0.2139 0.3063 0.9276
vn -0.1611 0.1089 -0.9809
vn 0.2256 -0.1695 0.9594
vn -0.1248 0.0857 0.9885
vn -0.0421 0.0814 0.9958
vn 0.1178 0.3097 -0.9435
vn 0.4853 0.7344 -0.4744
vn -0.4017 -0.0750 0.9127
vn 0.3699 0.5297 -0.7633
vn 0.1219 0.3022 -0.9454
vn 0.5117 0.4024 -0.7591
vn 0.0979 0.2699 -0.9579
vn -0.0849 -0.2123 0.9735
vn 0.0685 0.7369 -0.6726
vn 0.4511 0.8321 -0.3226
vn 0.0684 0.7369 -0.6725
vn -0.4107 -0.4876 0.7704
vn 0.2133 0.6538 -0.7260
vn 0.4201 0.7931 -0.4411
vn 0.2136 0.6536 -0.7261
vn 0.4504 0.7789 -0.4364
vn 0.3830 0.9237 -0.0000
vn 0.3742 0.8391 0.3949
vn 0.0861 0.3916 -0.9161
vn 0.1594 0.9513 0.2638
vn 0.1588 0.9514 -0.2637
vn -0.2170 0.9762 0.0002
vn 0.1003 0.9545 -0.2808
vn -0.1417 0.8982 0.4162
vn 0.0657 0.6648 0.7441
vn 0.0317 0.4725 0.8808
vn -0.1416 0.8981 0.4163
vn 0.1126 0.8939 0.4339
vn 0.4134 0.9105 -0.0001
vn 0.1541 0.8062 0.5713
vn 0.0653 0.6647 0.7443
vn -0.2281 0.6616 0.7143
vn 0.0649 0.6646 0.7444
vn -0.7012 0.3780 0.6045
vn 0.0930 0.4449 0.8907
vn 0.2101 0.3387 0.9171
vn 0.2107 0.3387 0.9170
vn 0.1127 0.8345 0.5393
vn 0.2911 -0.3759 -0.8797
vn -0.3342 -0.2766 -0.9010
vn -0.1698 0.3457 0.9228
vn 0.3313 0.6173 0.7136
vn -0.0293 0.3212 0.9465
vn 0.0653 0.6649 0.7441
vn -0.2229 0.7331 0.6425
vn 0.0521 0.6836 0.7280
vn -0.2129 0.4813 0.8503
vn 0.2017 -0.0519 -0.9781
vn 0.1733 0.8677 0.4660
vn 0.0466 0.3101 0.9496
vn 0.2018 -0.0518 -0.9780
vn 0.3133 -0.4950 -0.8105
vn -0.1298 -0.2846 -0.9498
vn 0.0520 0.6837 0.7279
vn 0.0777 0.3257 0.9423
vn -0.2129 0.4816 0.8501
vn 0.0354 0.4660 0.8841
vn 0.2248 0.4283 -0.8753
vn 0.2649 -0.0433 -0.9633
vn 0.1684 -0.0225 0.9855
vn -0.2261 -0.3123 0.9227
vn -0.0217 0.3574 0.9337
vn 0.5213 0.0810 -0.8495
vn -0.4537 -0.1212 0.8829
vn 0.4629 0.5536 -0.6923
vn -0.0216 0.3574 0.9337
vn 0.1480 0.3428 -0.9277
vn 0.4413 0.5213 -0.7304
vn 0.2135 0.2836 -0.9349
vn 0.1481 0.3425 -0.9278
vn 0.2130 0.3064 -0.9278
vn 0.0227 -0.0481 0.9986
vn 0.2497 0.6308 0.7346
vn -0.1602 0.1086 0.9811
vn 0.2247 -0.1692 -0.9596
vn -0.1257 0.0859 -0.9883
vn 0.1187 0.3094 0.9435
vn -0.0431 0.0816 -0.9957
vn 0.4858 0.7343 0.4741
vn 0.0778 0.3258 0.9422
vn 0.3251 0.5434 0.7740
vn -0.0553 0.0199 0.9983
vn -0.4497 -0.4786 -0.7542
vn 0.3832 0.9235 -0.0178
vn 0.0995 0.6877 0.7192
vn 0.3251 0.5430 0.7743
vn 0.3200 0.8455 0.4275
vn 0.3833 0.9235 -0.0182
vn 0.0520 0.6835 0.7281
vn 0.0996 0.6877 0.7191
vn 0.3201 0.8454 0.4276
vn 0.3708 0.5295 0.7630
vn -0.0689 0.9310 0.3585
vn -0.0101 0.4380 0.8989
vn 0.2842 0.8499 0.4436
vn 0.2844 0.8500 0.4434
vn 0.1619 0.9868 0.0001
vn 0.1842 0.9222 -0.3400
vn 0.1086 0.8452 0.5233
vn -0.1785 0.9839 0.0002
vn 0.1082 0.8453 -0.5233
vn 0.2676 0.6551 0.7066
vn -0.1999 -0.2943 -0.9346
vn 0.2037 0.2413 -0.9488
vn -0.0616 0.4712 0.8799
vn 0.2604 0.2258 0.9387
vn 0.0062 -0.4315 -0.9021
vn 0.2600 0.6233 0.7375
vn 0.2143 0.2836 0.9347
vn 0.2603 0.2257 0.9388
vn 0.2277 0.2666 0.9365
vn 0.2600 0.6236 0.7372
vn -0.0617 0.4712 0.8799
vn 0.4606 0.8201 0.3395
vn -0.4497 -0.4786 -0.7541
vn -0.0362 0.0367 -0.9987
vn -0.2582 -0.6152 -0.7448
vn 0.1738 0.6553 0.7351
vn 0.5010 0.4299 0.7511
vn 0.1607 0.2209 0.9620
vn 0.4419 0.5213 0.7300
vn -0.0624 0.4715 -0.8796
vn 0.2670 0.6552 -0.7067
vn -0.1979 -0.2882 0.9369
vn 0.2047 0.2411 0.9487
vn 0.2595 0.2259 -0.9390
vn 0.0071 -0.4318 0.9019
vn 0.2594 0.6235 -0.7376
vn 0.2134 0.2838 -0.9348
vn 0.2594 0.6234 -0.7377
vn 0.2269 0.2671 -0.9366
vn -0.0625 0.4717 -0.8796
vn 0.4603 0.8202 -0.3397
vn -0.2575 -0.6155 0.7449
vn -0.0353 0.0365 0.9987
vn -0.4490 -0.4787 0.7545
vn 0.1732 0.6555 -0.7351
vn 0.5003 0.4299 -0.7516
vn 0.4574 0.7847 -0.4183
vn 0.1597 0.2211 -0.9621
vn 0.1732 0.6554 -0.7352
vn 0.2595 0.6234 -0.7376
vn 0.5386 0.7265 -0.4268
vn 0.4576 0.7846 -0.4184
vn 0.5388 0.7264 -0.4266
vn 0.4069 0.9106 0.0719
vn 0.2595 0.6237 -0.7374
vn 0.1754 0.9069 -0.3830
vn 0.2333 0.5874 -0.7749
vn 0.1755 0.9069 -0.3831
vn 0.4388 0.4884 -0.7542
vn 0.5277 0.7352 0.4255
vn 0.4723 0.8814 -0.0001
vn 0.4315 0.6627 -0.6120
vn 0.6194 0.7851 -0.0003
vn 0.4321 0.6626 0.6117
vn 0.8300 0.3529 0.4320
vn 0.5087 0.7382 0.4429
vn 0.7351 0.6779 -0.0001
vn 0.4873 0.3564 0.7972
vn 0.5098 0.3875 0.7680
vn 0.5090 0.7381 0.4429
vn 0.7380 0.6737 -0.0398
vn 0.7818 0.4778 0.4006
vn 0.7380 0.6736 -0.0398
vn -0.7891 -0.4480 -0.4203
vn -0.2886 -0.1684 -0.9425
vn 0.7711 0.6317 0.0796
vn -0.6925 -0.0342 -0.7206
vn -0.2401 0.0454 -0.9697
vn 0.5166 0.4368 0.7364
vn 0.6938 0.2253 0.6840
vn 0.1452 0.3057 -0.9410
vn 0.3114 0.1872 0.9317
vn 0.0754 -0.1108 0.9910
vn 0.2287 0.5203 -0.8228
vn 0.5024 0.0599 0.8625
vn -0.1869 0.5552 -0.8105
vn -0.0765 0.4825 0.8726
vn 0.1470 -0.1126 -0.9827
vn 0.3694 0.8202 0.4369
vn -0.2106 -0.2688 -0.9399
vn -0.0476 0.0611 -0.9970
vn 0.1803 0.3815 0.9066
vn -0.2290 0.2393 0.9436
vn 0.2740 0.3896 -0.8793
vn 0.1806 0.9028 -0.3904
vn 0.4095 0.7979 -0.4424
vn 0.5755 0.8178 -0.0003
vn 0.4099 0.7978 0.4422
vn 0.2988 0.6865 -0.6629
vn 0.2992 0.6864 0.6628
vn 0.2032 0.9791 -0.0000
vn 0.5876 0.8092 -0.0002
vn 0.6504 0.5632 0.5097
vn 0.6466 0.5608 -0.5171
vn 0.6108 0.7027 0.3648
vn 0.1866 0.3641 -0.9125
vn 0.6466 0.5608 -0.5172
vn 0.3237 0.5664 -0.7579
vn 0.3235 0.5665 -0.7579
vn 0.4093 0.7979 -0.4426
vn 0.0983 0.8001 -0.5918
vn 0.4648 0.8807 -0.0908
vn -0.4389 -0.3903 0.8094
vn 0.3641 0.5554 -0.7477
vn 0.3642 0.5552 -0.7477
vn 0.0339 0.3592 -0.9326
vn -0.0532 0.2676 -0.9621
vn 0.1480 -0.1128 0.9825
vn -0.0774 0.4827 -0.8724
vn 0.3691 0.8202 -0.4371
vn -0.2097 -0.2690 0.9400
vn 0.2749 0.3894 0.8791
vn 0.1793 0.3817 -0.9067
vn -0.2299 0.2394 -0.9433
vn 0.6621 0.7494 -0.0001
vn 0.4412 0.5214 -0.7304
vn 0.4189 0.7400 -0.5263
vn 0.3142 0.9494 0.0001
vn 0.4144 0.7422 0.5267
vn 0.5371 0.7234 0.4339
vn 0.2602 0.6234 0.7374
vn 0.4069 0.9106 -0.0719
vn 0.1758 0.9068 0.3832
vn 0.5368 0.7236 0.4338
vn 0.2341 0.5872 0.7748
vn 0.1757 0.9068 0.3831
vn 0.4395 0.4888 0.7536
vn 0.5277 0.7351 0.4257
vn 0.4396 0.4883 0.7538
vn 0.1223 0.1533 0.9806
vn 0.5356 0.8155 0.2190
vn 0.2972 0.6027 0.7405
vn 0.2279 0.2666 0.9365
vn 0.5099 0.3874 0.7681
vn 0.2973 0.6028 0.7405
vn -0.1843 -0.2008 -0.9621
vn 0.5287 0.4031 0.7470
vn -0.4395 -0.0293 -0.8978
vn 0.0807 0.3685 -0.9261
vn 0.1770 0.2685 0.9469
vn 0.4441 0.2960 0.8457
vn 0.0636 0.0366 0.9973
vn 0.2089 0.5583 -0.8029
vn -0.2332 0.3825 -0.8941
vn 0.1680 -0.1545 0.9736
vn -0.1978 -0.1624 0.9667
vn 0.5628 0.6574 -0.5011
vn 0.0551 0.5102 -0.8583
vn 0.3237 0.5665 -0.7579
vn 0.4360 0.4550 -0.7765
vn 0.4927 0.7608 -0.4225
vn 0.5880 0.8088 -0.0002
vn 0.0010 0.3906 -0.9206
vn 0.1780 0.8078 -0.5620
vn 0.2954 0.6752 -0.6759
vn 0.5500 0.7111 -0.4380
vn 0.1051 0.4028 -0.9092
vn 0.3633 0.8693 -0.3351
vn 0.5519 0.6928 0.4642
vn 0.3371 0.9415 -0.0001
vn 0.4381 0.6877 -0.5790
vn 0.7457 0.6663 -0.0003
vn 0.4386 0.6876 0.5786
vn 0.3931 0.8379 0.3786
vn 0.6102 0.7033 -0.3649
vn 0.3243 0.5666 0.7575
vn 0.6501 0.5637 0.5095
vn 0.1874 0.3643 0.9122
vn -0.4398 -0.3902 -0.8089
vn 0.4650 0.8807 0.0904
vn 0.0990 0.8001 0.5917
vn 0.0990 0.7999 0.5919
vn 0.4099 0.7977 0.4424
vn 0.3243 0.5663 0.7577
vn 0.2142 0.6536 0.7259
vn 0.3647 0.5555 0.7473
vn 0.0349 0.3593 0.9326
vn 0.3650 0.5553 0.7472
vn -0.0521 0.2677 0.9621
vn 0.2840 0.8501 -0.4435
vn 0.1848 0.9220 0.3402
vn -0.0691 0.9311 -0.3582
vn -0.0108 0.4383 -0.8987
vn 0.2839 0.8501 -0.4436
vn 0.2343 0.6180 -0.7504
vn 0.4897 0.8719 -0.0004
vn 0.2213 0.9752 -0.0001
vn 0.2350 0.6179 0.7503
vn 0.5440 0.8391 -0.0002
vn 0.6502 0.6235 0.4341
vn 0.3710 0.5292 0.7631
vn 0.6503 0.6233 0.4344
vn 0.2327 0.2875 0.9291
vn 0.3765 0.8208 0.4295
vn 0.5031 0.7719 -0.3887
vn 0.3763 0.8210 0.4293
vn 0.4203 0.7931 0.4409
vn 0.5126 0.4024 0.7585
vn 0.1228 0.3020 0.9454
vn 0.3708 0.5296 0.7629
vn 0.0988 0.2696 0.9579
vn -0.0858 -0.2122 -0.9734
vn 0.4514 0.8322 0.3221
vn 0.0690 0.7368 0.6726
vn 0.2140 0.6536 0.7260
vn 0.4506 0.7788 0.4364
vn 0.0869 0.3916 0.9160
vn 0.1811 0.9026 0.3906
vn 0.3739 0.8392 -0.3950
vn 0.1977 0.9803 -0.0000
vn 0.3984 0.7584 0.5159
vn 0.7169 0.6972 -0.0002
vn 0.3981 0.7584 -0.5161
vn 0.3760 0.8210 -0.4295
vn 0.5035 0.7718 0.3884
vn 0.6495 0.6240 -0.4345
vn 0.3702 0.5297 -0.7631
vn 0.3759 0.8211 -0.4296
vn 0.2317 0.2881 -0.9292
vn 0.6498 0.6237 -0.4345
vn -0.4477 -0.8001 0.3992
vn -0.1317 -0.9899 0.0530
vn -0.1422 0.8982 -0.4159
vn 0.2885 0.8691 -0.4018
vn -0.1317 -0.9899 0.0531
vn 0.2716 -0.8837 0.3812
vn 0.1123 0.8940 -0.4338
vn 0.0640 0.6640 -0.7450
vn -0.7122 0.6605 -0.2377
vn 0.1534 0.8060 -0.5717
vn 0.0933 0.4509 -0.8877
vn 0.0647 0.6649 -0.7441
vn -0.2258 0.6664 -0.7105
vn -0.7011 0.3789 -0.6040
vn 0.0932 0.4509 -0.8877
vn -0.6818 -0.6110 -0.4023
vn 0.5742 0.8153 -0.0747
vn -0.4479 -0.7949 -0.4092
vn 0.7329 0.5583 0.3889
vn -0.4579 -0.7845 -0.4182
vn -0.4468 -0.5192 -0.7286
vn -0.6818 -0.6109 -0.4024
vn -0.5727 -0.4393 -0.6921
vn -0.3529 -0.8522 -0.3862
vn -0.1286 -0.6614 -0.7389
vn 0.0197 -0.6806 -0.7323
vn 0.0196 -0.6804 -0.7325
vn 0.3662 0.9059 0.2126
vn -0.1616 -0.2499 -0.9547
vn 0.4039 0.5846 0.7036
vn -0.3482 -0.8338 -0.4284
vn 0.1915 0.9805 0.0441
vn -0.3169 -0.8598 -0.4003
vn -0.0628 -0.4363 -0.8976
vn 0.0405 -0.9079 -0.4171
vn -0.1259 0.9090 0.3973
vn 0.4511 0.8007 0.3942
vn 0.0406 -0.9080 -0.4169
vn -0.1287 -0.6610 -0.7392
vn -0.8082 -0.5049 -0.3032
vn -0.1289 -0.6614 -0.7389
vn -0.0087 -0.4744 -0.8803
vn -0.3632 -0.5967 -0.7156
vn -0.0677 -0.8475 -0.5264
vn -0.0779 0.9970 -0.0000
vn -0.0759 -0.9540 -0.2901
vn 0.1279 0.9708 -0.2028
vn -0.4188 -0.9081 0.0002
vn -0.1452 -0.9348 -0.3241
vn 0.1284 0.6904 -0.7119
vn 0.0408 -0.9080 0.4170
vn -0.3165 -0.8599 0.4005
vn -0.3428 -0.8357 -0.4291
vn 0.4845 0.8748 -0.0000
vn 0.3208 0.7522 -0.5756
vn -0.0464 -0.9989 -0.0001
vn -0.6882 -0.7255 0.0002
vn 0.1268 0.6573 -0.7429
vn -0.1265 0.9092 -0.3967
vn 0.3513 0.8494 -0.3939
vn -0.1212 0.6669 -0.7352
vn -0.3988 0.3796 -0.8348
vn 0.0943 0.7784 -0.6207
vn -0.3640 0.8575 -0.3635
vn 0.1269 0.6575 -0.7427
vn -0.0069 0.1460 -0.9893
vn -0.0510 -0.1545 -0.9867
vn -0.2104 0.0169 -0.9775
vn -0.4730 -0.2389 -0.8481
vn 0.0272 0.0012 -0.9996
vn 0.3593 0.2807 -0.8900
vn 0.1374 0.6256 -0.7680
vn -0.2121 0.3813 -0.8998
vn 0.2064 0.3525 -0.9128
vn -0.2122 0.3815 -0.8997
vn 0.0114 0.0549 -0.9984
vn 0.4029 0.5846 -0.7042
vn 0.3661 0.9059 -0.2127
vn 0.1989 0.6658 -0.7191
vn 0.3513 0.8494 -0.3938
vn 0.4412 0.5215 -0.7303
vn 0.1987 0.6658 -0.7192
vn -0.3478 -0.8337 0.4288
vn 0.4033 0.5848 -0.7038
vn 0.1651 0.2196 -0.9615
vn 0.0202 -0.6806 0.7323
vn 0.7324 0.5584 -0.3896
vn 0.7324 0.5583 -0.3897
vn -0.5093 -0.7439 -0.4327
vn -0.4475 -0.7949 0.4097
vn 0.3614 0.8357 -0.4135
vn -0.6814 -0.6110 0.4028
vn 0.4159 0.4800 -0.7724
vn -0.2830 0.5862 -0.7592
vn 0.6215 -0.2694 0.7356
vn 0.9980 0.0298 0.0563
vn -0.6132 0.1877 -0.7673
vn -0.8627 0.4679 -0.1917
vn -0.5330 0.7104 -0.4595
vn -0.4974 0.7752 -0.3895
vn -0.6135 0.1877 -0.7671
vn -0.7787 0.5079 -0.3683
vn -0.8628 0.4680 -0.1914
vn -0.6466 0.1956 -0.7373
vn -0.3629 0.5940 -0.7180
vn -0.1396 0.4056 -0.9033
vn -0.3890 0.4357 -0.8117
vn 0.1873 0.4409 -0.8778
vn -0.3836 0.1714 -0.9075
vn -0.4069 0.1527 -0.9006
vn -0.6463 0.1957 -0.7376
vn -0.9373 -0.0657 -0.3422
vn -0.3836 0.1716 -0.9074
vn -0.2666 0.2021 -0.9424
vn 0.6375 0.0072 0.7704
vn 0.9336 0.3380 0.1187
vn -0.5606 -0.2239 -0.7973
vn -0.9428 -0.0945 -0.3198
vn -0.8940 -0.0782 -0.4411
vn -0.6486 0.3514 -0.6751
vn -0.6348 -0.1777 -0.7519
vn 0.5090 0.3876 -0.7686
vn 0.4635 -0.0698 -0.8834
vn 0.2269 0.2669 -0.9366
vn 0.1233 -0.1439 -0.9819
vn 0.0944 -0.1736 -0.9803
vn 0.1761 0.2690 -0.9469
vn 0.5279 0.4030 -0.7476
vn 0.4103 0.1121 -0.9050
vn 0.5092 0.3871 -0.7687
vn 0.7817 0.4776 -0.4012
vn 0.6264 0.2602 -0.7348
vn 0.2207 -0.2134 -0.9517
vn -0.0279 -0.3515 -0.9358
vn -0.1409 -0.3821 -0.9133
vn 0.0628 0.0368 -0.9973
vn 0.1379 -0.1846 -0.9731
vn 0.0185 -0.5940 -0.8042
vn -0.3241 -0.5663 -0.7578
vn -0.3465 -0.5809 -0.7366
vn 0.1672 -0.1543 -0.9738
vn -0.1987 -0.1622 -0.9665
vn -0.0887 -0.4519 -0.8877
vn -0.4978 -0.7582 -0.4212
vn -0.3245 -0.5661 -0.7578
vn -0.2855 -0.6783 -0.6771
vn 0.5740 0.7881 0.2224
vn -0.4361 -0.4297 -0.7907
vn -0.0434 -0.2952 -0.9544
vn 0.1783 0.8078 0.5618
vn -0.2853 -0.6784 -0.6770
vn -0.0888 -0.4517 -0.8878
vn -0.6432 -0.7114 -0.2832
vn -0.4980 -0.7580 -0.4213
vn -0.4360 -0.4297 -0.7907
vn -0.2923 -0.6807 -0.6717
vn 0.5504 0.7111 0.4375
vn 0.5516 0.6928 -0.4645
vn -0.2804 -0.9126 -0.2975
vn -0.2425 -0.6244 -0.7426
vn 0.3635 0.8693 0.3349
vn 0.1114 -0.7900 -0.6029
vn 0.1804 0.9566 0.2287
vn 0.2138 0.8098 -0.5464
vn -0.0715 0.9915 0.1088
vn -0.1571 -0.9627 -0.2204
vn -0.2768 -0.9212 -0.2734
vn -0.3189 -0.6920 -0.6477
vn -0.0283 -0.9323 -0.3606
vn -0.2923 -0.6807 -0.6718
vn -0.2949 -0.7158 -0.6330
vn 0.3224 0.9316 0.1681
vn -0.3188 -0.6921 -0.6476
vn 0.0885 -0.3365 -0.9375
vn 0.0108 0.9419 0.3358
vn 0.4414 -0.6818 -0.5833
vn 0.3666 0.9302 0.0177
vn -0.1759 0.9474 0.2675
vn 0.0398 -0.8352 -0.5485
vn -0.0174 -0.7485 -0.6629
vn 0.0899 -0.4144 -0.9056
vn 0.2103 -0.8134 -0.5424
vn -0.0174 -0.7485 -0.6630
vn 0.5984 -0.1144 -0.7930
vn 0.3662 -0.5791 -0.7283
vn -0.3829 -0.5978 -0.7043
vn 0.3660 -0.5792 -0.7284
vn 0.1452 -0.4090 -0.9009
vn -0.1348 -0.4052 -0.9043
vn -0.3372 0.8992 0.2788
vn -0.0146 -0.8630 -0.5050
vn 0.3652 -0.6916 -0.6232
vn 0.6687 -0.6569 -0.3483
vn -0.1995 0.5833 -0.7874
vn -0.7395 0.5851 -0.3329
vn 0.3857 -0.9193 0.0781
vn -0.4615 0.8789 0.1206
vn 0.3185 -0.7223 -0.6139
vn -0.6736 0.4280 -0.6025
vn -0.7395 0.5848 0.3335
vn 0.6059 -0.1594 -0.7794
vn 0.7875 -0.4921 -0.3712
vn 0.5188 -0.7334 -0.4394
vn -0.8624 0.4682 0.1923
vn 0.6058 -0.1596 -0.7794
vn -0.4965 0.7753 0.3903
vn 0.0948 -0.3087 -0.9464
vn 0.6208 -0.2694 -0.7362
vn 0.0948 -0.3088 -0.9464
vn -0.6125 0.1876 0.7679
vn 0.6480 -0.2054 -0.7334
vn 0.7873 -0.4923 -0.3713
vn 0.6207 -0.2695 -0.7363
vn 0.3680 -0.1437 -0.9187
vn 0.0459 -0.4352 -0.8991
vn -0.9370 -0.0658 0.3430
vn 0.6482 -0.2053 -0.7333
vn 0.7579 -0.1483 -0.6353
vn 0.3979 -0.5295 -0.7492
vn 0.4011 -0.1517 -0.9034
vn 0.4012 -0.1518 -0.9033
vn 0.6368 0.0074 -0.7710
vn 0.9335 0.3380 -0.1195
vn -0.6480 0.3511 0.6759
vn -0.9425 -0.0946 0.3206
vn 0.5926 0.1964 -0.7812
vn 0.6368 0.0073 -0.7710
vn -0.9425 -0.0946 0.3205
vn -0.5598 -0.2241 0.7977
vn 0.1618 -0.1017 -0.9816
vn 0.8934 0.0876 -0.4407
vn 0.6481 -0.2051 -0.7334
vn -0.8557 0.3190 0.4075
vn 0.5288 -0.2174 -0.8205
vn 0.8853 0.0592 -0.4612
vn -0.8142 -0.0286 -0.5799
vn 0.8212 -0.4313 -0.3736
vn -0.8905 -0.0110 0.4548
vn 0.9828 -0.1847 -0.0006
vn -0.7143 0.4842 -0.5053
vn 0.9995 -0.0317 -0.0003
vn 0.6461 -0.0722 -0.7598
vn -0.8561 0.3190 -0.4065
vn 0.9721 -0.0893 -0.2171
vn 0.8857 0.0591 0.4604
vn -0.2912 0.1781 -0.9399
vn -0.8910 -0.0109 -0.4540
vn 0.8215 -0.4314 0.3728
vn 0.6472 0.2014 -0.7352
vn 0.9257 0.3781 -0.0004
vn -0.8080 -0.0569 -0.5864
vn 0.9810 0.1941 -0.0005
vn -0.9669 0.2551 0.0007
vn 0.6296 0.1691 -0.7583
vn 0.8934 0.0877 -0.4405
vn 0.6369 0.0076 -0.7709
vn -0.8842 -0.1572 0.4398
vn 0.5388 0.1369 -0.8312
vn 0.7461 0.5069 -0.4318
vn -0.7601 -0.3561 -0.5436
vn 0.8997 0.0583 -0.4326
vn -0.7886 -0.4480 0.4211
vn -0.6919 -0.0344 0.7212
vn -0.8020 -0.5147 0.3032
vn 0.7817 0.4775 -0.4012
vn 0.6295 0.1689 -0.7584
vn 0.4103 0.1122 -0.9050
vn 0.6263 0.2608 -0.7347
vn 0.7711 0.6317 -0.0801
vn 0.4459 -0.2285 -0.8654
vn 0.4457 -0.2286 -0.8655
vn 0.6294 0.1686 -0.7585
vn 0.0816 -0.2077 -0.9748
vn 0.3105 0.1873 -0.9319
vn 0.6931 0.2253 -0.6847
vn 0.3105 0.1877 -0.9319
vn 0.1368 -0.3271 -0.9351
vn -0.2815 -0.4183 -0.8636
vn 0.0746 -0.1103 -0.9911
vn 0.5018 0.0599 -0.8629
vn -0.3665 -0.7072 -0.6046
vn 0.5886 0.7141 0.3788
vn -0.1347 -0.4052 -0.9043
vn 0.2283 -0.3540 -0.9070
vn -0.2924 -0.6807 -0.6717
vn -0.0054 -0.7189 -0.6951
vn 0.0878 0.4519 -0.8877
vn 0.1168 0.4302 -0.8951
vn 0.2952 0.6752 -0.6759
vn 0.1166 0.4306 -0.8950
vn 0.5881 0.7143 -0.3793
vn -0.4201 0.1324 -0.8978
vn 0.0502 0.6504 -0.7579
vn 0.0499 0.6505 -0.7579
vn 0.0186 0.7602 -0.6494
vn 0.2647 0.9253 -0.2714
vn 0.2953 0.6753 -0.6759
vn 0.3310 0.6680 -0.6665
vn 0.3223 0.9316 -0.1681
vn 0.3311 0.6679 -0.6666
vn -0.2943 -0.7160 0.6331
vn -0.6237 -0.7812 -0.0280
vn 0.0394 0.9287 -0.3688
vn 0.3221 0.9316 -0.1686
vn 0.0104 0.9417 -0.3362
vn 0.2469 0.8745 -0.4175
vn -0.5194 -0.8545 0.0002
vn -0.3577 -0.6030 -0.7130
vn -0.4948 -0.8690 0.0002
vn 0.0954 0.9954 0.0001
vn 0.5514 0.8343 -0.0003
vn -0.1317 -0.9276 -0.3495
vn 0.1800 0.9566 -0.2290
vn -0.1278 0.6010 -0.7890
vn 0.1262 -0.9893 0.0728
vn -0.0717 0.9915 -0.1087
vn 0.2024 -0.9615 0.1859
vn -0.0244 0.8201 -0.5717
vn -0.5636 0.4427 -0.6974
vn -0.2209 0.8373 -0.5001
vn -0.0943 0.4027 -0.9105
vn 0.0985 0.7705 -0.6297
vn -0.4899 0.5311 -0.6913
vn 0.1876 0.7990 -0.5713
vn 0.3080 -0.9339 0.1819
vn 0.7296 -0.6484 0.2175
vn -0.6463 0.1956 -0.7376
vn 0.9058 0.3830 -0.1811
vn -0.8805 -0.1563 -0.4475
vn -0.3093 -0.0449 -0.9499
vn -0.7857 -0.4460 -0.4286
vn 0.9043 0.0583 0.4230
vn 0.7465 0.5067 0.4313
vn 0.5706 0.4194 -0.7061
vn 0.7563 0.6542 -0.0001
vn -0.7020 -0.4167 -0.5776
vn 0.8641 0.5032 -0.0002
vn -0.9705 -0.2411 0.0003
vn -0.6768 -0.7362 0.0002
vn 0.4866 0.3566 -0.7975
vn 0.5086 0.7381 -0.4432
vn -0.6368 -0.6320 -0.4417
vn 0.8296 0.3528 -0.4327
vn -0.7887 -0.4480 0.4211
vn -0.5745 -0.6888 0.4422
vn 0.5090 0.3873 -0.7687
vn 0.5273 0.7352 -0.4259
vn 0.8296 0.3528 -0.4328
vn 0.5085 0.7385 -0.4428
vn 0.2965 0.6027 -0.7409
vn 0.1214 0.1536 -0.9806
vn 0.4389 0.4887 -0.7540
vn 0.5355 0.8156 -0.2193
vn 0.2964 0.6028 -0.7407
vn 0.0989 0.6883 -0.7187
vn 0.3197 0.8457 -0.4272
vn 0.3830 0.9236 0.0185
vn 0.3244 0.5433 -0.7744
vn -0.0563 0.0198 -0.9982
vn -0.0022 -0.7348 0.6782
vn 0.0515 0.6844 -0.7273
vn 0.0770 0.3265 -0.9421
vn 0.3244 0.5438 -0.7739
vn 0.0768 0.3258 -0.9423
vn 0.0989 0.6877 -0.7192
vn -0.0565 0.0197 -0.9982
vn -0.4489 -0.4788 0.7544
vn -0.3387 -0.8458 0.4121
vn 0.0989 0.6879 -0.7190
vn 0.1729 0.8675 -0.4664
vn -0.2138 0.4810 -0.8502
vn 0.0512 0.6834 -0.7282
vn 0.0455 0.3101 -0.9496
vn -0.0302 0.3214 -0.9465
vn -0.1846 0.0773 -0.9798
vn -0.2817 -0.2147 -0.9352
vn -0.2140 0.4815 -0.8499
vn 0.3308 0.6173 -0.7137
vn 0.1490 0.9531 -0.2633
vn -0.2237 0.7334 -0.6420
vn 0.0513 0.6838 -0.7278
vn 0.0652 0.6648 -0.7442
vn -0.1708 0.3460 -0.9226
vn 0.1126 0.8346 -0.5393
vn 0.2103 0.3391 -0.9170
vn 0.2097 0.3385 -0.9173
vn -0.0281 -0.0009 -0.9996
vn -0.0609 -0.2247 -0.9725
vn -0.7011 0.3788 -0.6041
vn 0.0095 -0.2551 -0.9669
vn 0.0823 0.2002 -0.9763
vn -0.7325 -0.1010 -0.6733
vn 0.1145 -0.3528 -0.9287
vn -0.1286 -0.6613 -0.7390
vn -0.1432 -0.8394 -0.5243
vn -0.2383 -0.3341 -0.9119
vn 0.0371 0.2459 -0.9686
vn -0.2383 -0.3337 -0.9121
vn -0.2088 -0.3549 -0.9113
vn -0.1982 -0.3105 -0.9297
vn -0.3702 0.1595 -0.9152
vn -0.2268 -0.3120 -0.9226
vn -0.0207 0.3637 -0.9313
vn -0.4547 -0.1210 -0.8824
vn -0.4468 -0.5193 -0.7285
vn -0.5181 -0.7469 -0.4168
vn -0.2171 -0.2922 -0.9314
vn 0.0216 -0.0479 -0.9986
vn -0.3443 -0.5725 -0.7441
vn 0.2491 0.6311 -0.7347
vn -0.1612 0.1087 -0.9809
vn 0.0482 -0.0539 -0.9974
vn 0.3367 0.1385 -0.9314
vn 0.4853 0.7343 -0.4746
vn 0.1179 0.3096 -0.9435
vn 0.5121 0.4022 -0.7589
vn 0.4199 0.7931 -0.4412
vn 0.3702 0.5295 -0.7633
vn 0.4510 0.8322 -0.3225
vn 0.0684 0.7369 -0.6726
vn 0.2133 0.6537 -0.7261
vn 0.4503 0.7790 -0.4364
vn -0.3893 -0.9190 -0.0624
vn -0.1011 -0.9310 0.3508
vn 0.0859 0.3917 -0.9161
vn 0.1806 0.9027 -0.3905
vn -0.5385 -0.7204 0.4371
vn 0.1605 0.9512 -0.2636
vn -0.3666 -0.9304 0.0001
vn -0.1409 -0.9726 -0.1847
vn -0.2174 0.9761 0.0001
vn -0.0681 -0.7054 -0.7055
vn 0.2714 -0.8835 -0.3817
vn 0.1003 0.9546 -0.2806
vn -0.4480 -0.8000 -0.3991
vn 0.2890 0.8690 0.4017
vn -0.1417 0.8981 0.4162
vn -0.0909 -0.5373 -0.8385
vn -0.1308 -0.7792 -0.6130
vn -0.3133 -0.6191 -0.7201
vn -0.0652 -0.6645 -0.7444
vn 0.2911 -0.3758 -0.8798
vn 0.0323 -0.0498 -0.9982
vn -0.3343 -0.2766 -0.9010
vn -0.0902 -0.6176 -0.7813
vn 0.0293 -0.3211 -0.9466
vn 0.1678 -0.6844 -0.7095
vn 0.0292 -0.3214 -0.9465
vn -0.1242 -0.8922 -0.4342
vn 0.1490 0.9531 0.2635
vn -0.2630 -0.5875 -0.7653
vn 0.0269 -0.3051 -0.9519
vn -0.2629 -0.5877 -0.7652
vn -0.2231 0.7332 0.6424
vn -0.0448 -0.6764 -0.7352
vn 0.3133 -0.4951 -0.8104
vn 0.2018 -0.0519 -0.9781
vn -0.1298 -0.2848 -0.9498
vn 0.3134 -0.4949 -0.8105
vn 0.1919 -0.0719 -0.9788
vn -0.0482 -0.6924 -0.7199
vn -0.1299 -0.2844 -0.9499
vn -0.0851 -0.3330 -0.9391
vn -0.0213 0.0546 -0.9983
vn 0.2249 0.4284 -0.8752
vn 0.2649 -0.0434 -0.9633
vn 0.0010 -0.3754 -0.9269
vn 0.5211 0.0810 -0.8496
vn 0.4631 0.5538 -0.6920
vn 0.1481 0.3429 -0.9276
vn 0.2135 0.2839 -0.9348
vn 0.1706 -0.1108 -0.9791
vn 0.1481 0.3430 -0.9276
vn -0.4539 -0.1213 0.8828
vn -0.5178 -0.7468 0.4173
vn 0.2246 -0.1696 -0.9596
vn 0.2129 0.3063 -0.9278
vn -0.1258 0.0858 -0.9883
vn -0.1207 -0.3685 -0.9218
vn -0.0492 0.0541 -0.9973
vn -0.0537 -0.3683 -0.9281
vn -0.3884 -0.5269 -0.7560
vn -0.3708 -0.5249 -0.7661
vn -0.0538 -0.3682 -0.9282
vn -0.0431 0.0812 -0.9958
vn -0.1228 -0.3020 -0.9454
vn -0.0849 -0.3328 -0.9392
vn -0.3709 -0.5250 -0.7660
vn -0.4498 -0.4789 -0.7539
vn -0.3390 -0.8456 -0.4123
vn -0.0030 -0.7351 -0.6780
vn -0.0448 -0.6768 -0.7348
vn -0.0968 -0.3366 -0.9367
vn -0.0028 -0.7345 -0.6786
vn 0.3832 0.9235 -0.0177
vn -0.4496 -0.4785 -0.7543
vn -0.0444 -0.6762 -0.7353
vn -0.3254 -0.8435 -0.4274
vn -0.3808 -0.8137 -0.4392
vn -0.3810 -0.8138 -0.4389
vn 0.1848 0.9221 -0.3400
vn 0.2843 0.8500 0.4435
vn 0.1924 -0.9208 -0.3394
vn -0.0392 -0.6772 -0.7348
vn 0.4134 0.9106 -0.0001
vn -0.1260 -0.9001 -0.4171
vn 0.1352 -0.9908 -0.0002
vn -0.3956 -0.9184 0.0001
vn -0.1789 0.9839 0.0001
vn 0.1083 0.8452 -0.5233
vn -0.2306 -0.2751 -0.9334
vn -0.2000 -0.2945 -0.9345
vn 0.2038 0.2415 -0.9488
vn 0.0063 -0.4316 -0.9020
vn -0.2600 -0.6235 -0.7373
vn -0.3667 -0.8286 -0.4230
vn 0.0062 -0.4314 -0.9021
vn -0.2601 -0.6229 -0.7378
vn -0.2170 -0.2918 -0.9316
vn -0.4497 -0.4782 -0.7544
vn -0.2582 -0.6153 -0.7448
vn -0.0362 0.0368 -0.9987
vn 0.5010 0.4300 0.7511
vn 0.4607 0.8201 0.3394
vn -0.2579 -0.6150 -0.7451
vn -0.4577 -0.7846 -0.4182
vn -0.4895 -0.8720 0.0002
vn -0.4498 -0.4790 -0.7538
vn -0.0626 0.4710 -0.8799
vn 0.2595 0.2260 -0.9389
vn 0.2594 0.2257 -0.9390
vn 0.2595 0.6233 -0.7376
vn -0.0709 0.0299 -0.9970
vn -0.0623 0.4715 -0.8797
vn 0.2135 0.2840 -0.9348
vn 0.5003 0.4302 -0.7515
vn 0.4603 0.8202 -0.3396
vn 0.1732 0.6561 -0.7345
vn 0.2595 0.6240 -0.7370
vn 0.1732 0.6556 -0.7350
vn -0.4896 -0.8719 0.0001
vn 0.5003 0.4301 -0.7515
vn 0.1598 0.2209 -0.9621
vn 0.2596 0.6237 -0.7373
vn 0.4577 0.7847 -0.4182
vn 0.5389 0.7264 -0.4265
vn 0.5388 0.7264 -0.4267
vn -0.3708 -0.8232 -0.4299
vn -0.2373 -0.8851 0.4005
vn 0.1755 0.9069 -0.3830
vn -0.4572 -0.7792 0.4287
vn 0.2334 0.5874 -0.7749
vn 0.2595 0.6235 -0.7375
vn 0.1754 0.9069 -0.3831
vn 0.4390 0.4886 -0.7541
vn 0.6194 0.7851 -0.0001
vn -0.5129 -0.7079 -0.4855
vn -0.3083 -0.9513 -0.0000
vn -0.8238 -0.5668 0.0003
vn 0.4721 0.8815 -0.0001
vn 0.8300 0.3526 0.4321
vn 0.7380 0.6736 -0.0397
vn -0.7891 -0.4481 -0.4203
vn 0.7379 0.6737 -0.0398
vn -0.5132 -0.3902 -0.7645
vn -0.5276 -0.7352 -0.4255
vn -0.5751 -0.6884 -0.4420
vn -0.7852 -0.4736 -0.3989
vn -0.5134 -0.3902 -0.7643
vn -0.7891 -0.4477 -0.4206
vn -0.4523 -0.4623 -0.7627
vn -0.8023 -0.5145 -0.3026
vn -0.4170 -0.1179 -0.9012
vn -0.4521 -0.4623 -0.7628
vn -0.2400 0.0453 -0.9697
vn 0.6270 0.2606 0.7342
vn -0.6925 -0.0343 -0.7206
vn -0.6349 -0.1778 -0.7519
vn -0.3636 -0.1414 -0.9207
vn -0.1458 0.1789 -0.9730
vn -0.4170 -0.1177 -0.9013
vn 0.1453 0.3055 -0.9410
vn -0.4139 0.1390 -0.8997
vn -0.8422 -0.3905 -0.3718
vn -0.3639 -0.1417 -0.9206
vn -0.6350 -0.1777 -0.7518
vn -0.0513 0.1200 -0.9914
vn 0.2287 0.5204 -0.8227
vn -0.4853 0.1148 -0.8668
vn -0.1868 0.5551 -0.8105
vn -0.2107 -0.2689 -0.9398
vn -0.2141 -0.6535 -0.7260
vn 0.1469 -0.1127 -0.9827
vn 0.1201 -0.5606 -0.8193
vn 0.1203 -0.5607 -0.8192
vn -0.2457 -0.6864 -0.6845
vn -0.2106 -0.2687 -0.9399
vn 0.2741 0.3896 -0.8792
vn 0.1083 -0.0819 -0.9907
vn -0.2061 -0.3931 -0.8961
vn -0.4838 -0.7519 -0.4478
vn 0.5758 0.8176 -0.0001
vn -0.2854 -0.9584 -0.0000
vn 0.2034 0.9791 -0.0000
vn -0.7563 -0.6542 0.0002
vn 0.6465 0.5608 -0.5172
vn -0.2656 -0.9014 0.3420
vn -0.7224 -0.4809 0.4969
vn -0.6000 -0.7999 0.0094
vn 0.3929 0.8379 -0.3789
vn 0.4095 0.7980 -0.4421
vn 0.3238 0.5667 -0.7576
vn 0.6466 0.5611 -0.5168
vn 0.0984 0.7997 -0.5923
vn 0.4096 0.7977 -0.4426
vn 0.4650 0.8806 -0.0908
vn 0.3646 0.5555 -0.7473
vn 0.3643 0.5555 -0.7475
vn -0.4667 -0.7628 0.4475
vn -0.1263 -0.7069 0.6960
vn 0.0341 0.3593 -0.9326
vn 0.0986 0.8002 -0.5916
vn -0.0527 0.2678 -0.9620
vn 0.2132 0.6537 -0.7261
vn 0.3643 0.5554 -0.7475
vn 0.3237 0.5668 -0.7576
vn -0.0774 0.4828 -0.8723
vn 0.3690 0.8202 -0.4372
vn 0.1350 0.3123 -0.9404
vn -0.1327 0.1311 -0.9824
vn -0.2913 -0.1534 -0.9442
vn -0.2299 0.2393 -0.9433
vn 0.1794 0.3817 -0.9067
vn 0.1520 -0.1432 -0.9780
vn -0.2437 -0.2807 -0.9284
vn 0.4575 0.7848 -0.4182
vn 0.4412 0.5219 -0.7301
vn 0.3614 0.8359 -0.4132
vn 0.4411 0.5215 -0.7304
vn 0.6620 0.7495 0.0001
vn 0.4189 0.7399 -0.5263
vn -0.3955 -0.9184 -0.0001
vn -0.3370 -0.5663 -0.7522
vn -0.6121 -0.7908 0.0001
vn 0.3141 0.9494 0.0002
vn 0.4069 0.9107 -0.0720
vn -0.1149 -0.3416 -0.9328
vn -0.2376 -0.8850 -0.4003
vn -0.4594 -0.7821 -0.4210
vn 0.5371 0.7234 0.4338
vn -0.1616 -0.6789 -0.7162
vn 0.5357 0.8155 0.2190
vn -0.1842 -0.2009 -0.9621
vn -0.6016 -0.2875 -0.7453
vn -0.5365 -0.7435 -0.3992
vn -0.1616 -0.6790 -0.7161
vn -0.2602 -0.6235 -0.7373
vn -0.5131 -0.3901 -0.7646
vn -0.2443 -0.2349 -0.9408
vn 0.0808 0.3685 -0.9261
vn -0.4394 -0.0293 -0.8978
vn -0.6361 -0.6252 -0.4522
vn -0.0331 0.0499 -0.9982
vn -0.4539 -0.1691 -0.8749
vn 0.2093 0.5584 -0.8027
vn -0.2330 0.3830 -0.8939
vn 0.1326 0.2025 -0.9703
vn -0.3560 -0.0447 -0.9334
vn 0.5630 0.6576 -0.5005
vn 0.0550 0.5099 -0.8585
vn 0.4360 0.4552 -0.7764
vn 0.4926 0.7608 -0.4225
vn 0.3236 0.5666 -0.7578
vn 0.3927 0.8379 -0.3792
vn 0.4359 0.4549 -0.7766
vn 0.0012 0.3903 -0.9207
vn -0.2845 -0.6786 0.6772
vn 0.5739 0.7881 -0.2227
vn -0.6428 -0.7116 0.2836
vn 0.1776 0.8080 -0.5618
vn 0.2953 0.6753 -0.6758
vn -0.5303 -0.8394 -0.1193
vn 0.5500 0.7112 -0.4379
vn 0.1051 0.4028 -0.9093
vn 0.3632 0.8694 -0.3350
vn -0.2801 -0.9127 0.2976
vn -0.5744 -0.6888 0.4423
vn -0.7631 -0.6462 0.0004
vn 0.4380 0.6878 -0.5789
vn 0.3375 0.9413 -0.0002
vn -0.5194 -0.6354 -0.5714
vn -0.4897 -0.8719 -0.0000
vn 0.7456 0.6664 -0.0001
vn -0.3347 -0.5579 -0.7595
vn -0.7228 -0.4808 -0.4964
vn -0.2659 -0.9014 -0.3418
vn 0.6106 0.7027 -0.3653
vn 0.6501 0.5635 0.5098
vn -0.7226 -0.4811 -0.4964
vn -0.3244 -0.5663 -0.7576
vn -0.4030 -0.7970 -0.4499
vn 0.4649 0.8807 0.0905
vn -0.4397 -0.3901 -0.8090
vn -0.0709 -0.2448 -0.9670
vn -0.1269 -0.7067 -0.6961
vn -0.4394 -0.3902 -0.8091
vn -0.4671 -0.7628 -0.4472
vn -0.1269 -0.7064 -0.6963
vn -0.2140 -0.6532 -0.7263
vn 0.2839 0.8501 -0.4435
vn -0.1503 -0.9886 -0.0001
vn 0.1926 -0.9208 0.3390
vn -0.3807 -0.8137 0.4392
vn -0.0693 0.9310 -0.3583
vn -0.0108 0.4384 -0.8987
vn 0.2839 0.8500 -0.4437
vn 0.4896 0.8719 -0.0000
vn -0.3323 -0.8446 -0.4198
vn -0.0953 -0.9954 -0.0002
vn 0.2344 0.6181 -0.7503
vn 0.2210 0.9753 -0.0001
vn -0.6239 -0.7815 0.0003
vn -0.3254 -0.8437 -0.4269
vn -0.3706 -0.5250 -0.7662
vn -0.2866 -0.8631 -0.4157
vn 0.6500 0.6236 0.4343
vn 0.5032 0.7718 -0.3887
vn -0.2868 -0.8628 -0.4163
vn -0.3810 -0.5155 -0.7676
vn -0.7287 -0.5339 -0.4289
vn 0.3763 0.8210 0.4294
vn -0.3705 -0.5248 -0.7664
vn -0.4205 -0.7930 -0.4408
vn -0.7288 -0.5339 -0.4287
vn -0.1901 -0.6515 -0.7344
vn -0.1903 -0.6512 -0.7346
vn -0.4583 -0.8277 -0.3240
vn -0.4116 -0.4874 -0.7701
vn -0.2142 -0.6536 -0.7259
vn -0.4206 -0.7931 -0.4406
vn -0.4116 -0.4875 -0.7700
vn -0.5389 -0.7203 -0.4368
vn 0.3741 0.8389 -0.3953
vn 0.1811 0.9025 0.3907
vn 0.4506 0.7787 0.4365
vn -0.1015 -0.9308 -0.3511
vn -0.2012 -0.6231 -0.7558
vn 0.7171 0.6970 -0.0002
vn 0.3980 0.7584 -0.5161
vn -0.3376 -0.9413 -0.0000
vn -0.6166 -0.7873 0.0002
vn 0.1976 0.9803 0.0001
vn -0.4019 -0.7434 -0.5346
vn -0.5612 -0.8277 0.0001
vn -0.7282 -0.5340 0.4295
vn 0.6496 0.6238 -0.4346
vn -0.5611 -0.8277 0.0001
vn -0.2865 -0.8628 0.4164
vn 0.2317 0.2881 -0.9291
vn 0.3757 0.8212 -0.4295
vn 0.3196 0.8456 -0.4276
vn 0.3700 0.5299 -0.7631
vn 0.6496 0.6239 -0.4345
vn -0.1318 -0.9899 0.0531
vn 0.2886 0.8691 -0.4018
vn 0.0292 0.4672 -0.8837
vn -0.1300 -0.7794 0.6129
vn 0.1537 0.8063 -0.5711
vn 0.0934 0.4508 -0.8877
vn -0.0897 -0.5375 0.8385
vn -0.0084 -0.4742 -0.8804
vn 0.0518 0.5162 0.8549
vn 0.0949 0.7783 0.6206
vn -0.0676 -0.8486 -0.5247
vn 0.1278 0.9708 -0.2030
vn -0.0754 -0.9541 0.2899
vn -0.0757 -0.9540 -0.2901
vn -0.0670 -0.8488 0.5245
vn -0.0077 -0.4745 0.8802
vn 0.0510 0.5164 -0.8549
vn 0.0830 0.1990 0.9765
vn -0.0510 -0.1544 -0.9867
vn 0.0104 -0.2555 0.9668
vn 0.1156 -0.3525 0.9286
vn 0.0116 0.0548 -0.9984
vn -0.1428 -0.8395 0.5243
vn 0.5191 -0.7336 0.4387
vn 0.2804 -0.9599 -0.0002
vn 0.7187 -0.6211 0.3124
vn 0.3668 -0.5793 0.7279
vn 0.5189 -0.7336 0.4388
vn 0.6066 -0.1596 0.7788
vn 0.6216 -0.2695 0.7355
vn 0.7877 -0.4922 0.3705
vn 0.6488 -0.2054 0.7327
vn 0.3689 -0.1440 0.9182
vn 0.3690 -0.1440 0.9182
vn 0.1872 0.4409 -0.8778
vn 0.7585 -0.1484 0.6345
vn -0.3837 0.1714 -0.9074
vn 0.3984 -0.5296 0.7489
vn 0.3988 -0.5297 0.7486
vn 0.0463 -0.4355 0.8990
vn 0.6485 -0.2054 0.7330
vn 0.4021 -0.1520 0.9029
vn 0.5933 0.1963 0.7807
vn 0.6302 0.1689 0.7578
vn 0.4020 -0.1520 0.9029
vn 0.6376 0.0074 0.7703
vn 0.6376 0.0073 0.7704
vn 0.1628 -0.1019 0.9814
vn 0.8938 0.0873 0.4399
vn 0.5934 0.1962 0.7806
vn -0.2432 -0.2352 0.9410
vn 0.4635 -0.0699 -0.8833
vn 0.0816 0.3682 0.9262
vn 0.4104 0.1120 -0.9050
vn 0.5091 0.3875 -0.7685
vn 0.6264 0.2607 -0.7347
vn -0.0322 0.0501 0.9982
vn 0.4432 0.2962 -0.8460
vn 0.2207 -0.2133 -0.9517
vn 0.2084 0.5544 0.8058
vn 0.1336 0.2027 0.9701
vn 0.0186 -0.5942 -0.8041
vn 0.5634 0.6572 0.5007
vn 0.4416 0.4528 0.7746
vn 0.5740 0.7880 0.2225
vn -0.2854 -0.6786 -0.6768
vn -0.0433 -0.2954 -0.9544
vn 0.1804 0.9566 0.2289
vn 0.1113 -0.7900 -0.6029
vn 0.1261 -0.9893 -0.0733
vn 0.0885 -0.3366 -0.9375
vn 0.3225 0.9315 0.1683
vn 0.4415 -0.6817 -0.5834
vn -0.0240 0.8199 0.5720
vn 0.3666 0.9302 0.0178
vn 0.2023 -0.9614 -0.1864
vn 0.5983 -0.1147 -0.7930
vn -0.0936 0.4024 0.9107
vn 0.0990 0.7704 0.6298
vn 0.1163 -0.4640 -0.8781
vn 0.3073 -0.9339 -0.1828
vn -0.3689 0.6650 0.6493
vn 0.1884 0.7988 0.5713
vn 0.1882 0.7989 0.5712
vn 0.3650 -0.6917 -0.6232
vn 0.7292 -0.6484 -0.2185
vn -0.3371 0.8992 0.2791
vn 0.2101 -0.8135 -0.5423
vn 0.5186 -0.7335 -0.4393
vn 0.3651 -0.6915 -0.6233
vn -0.0146 -0.8628 -0.5053
vn 0.5185 -0.7336 -0.4394
vn 0.3074 -0.9339 -0.1825
vn 0.3661 -0.5791 -0.7284
vn 0.3858 -0.9193 0.0784
vn 0.7045 -0.7097 -0.0004
vn 0.3193 -0.7222 0.6135
vn 0.7184 -0.6211 -0.3132
vn 0.3187 -0.7222 -0.6139
vn 0.6692 -0.6569 0.3474
vn 0.3856 -0.9193 -0.0789
vn 0.7873 -0.4922 -0.3713
vn 0.9995 -0.0317 -0.0005
vn 0.6468 -0.0723 0.7593
vn 0.9979 0.0299 -0.0574
vn 0.6209 -0.2693 -0.7362
vn 0.7873 -0.4921 -0.3715
vn 0.6058 -0.1595 -0.7795
vn 0.0947 -0.3087 -0.9464
vn 0.6209 -0.2692 -0.7362
vn 0.6482 -0.2052 -0.7333
vn 0.3680 -0.1438 -0.9186
vn 0.1880 0.4407 0.8777
vn 0.3681 -0.1437 -0.9186
vn 0.7579 -0.1484 -0.6353
vn -0.3828 0.1711 0.9078
vn 0.3977 -0.5295 -0.7493
vn 0.3980 -0.5295 -0.7491
vn 0.6478 -0.2053 -0.7336
vn 0.0454 -0.4354 -0.8991
vn 0.4014 -0.1518 -0.9033
vn 0.5924 0.1967 -0.7812
vn 0.9335 0.3381 -0.1193
vn 0.8933 0.0873 -0.4408
vn 0.5927 0.1964 -0.7811
vn 0.1618 -0.1018 -0.9816
vn 0.6368 0.0072 -0.7710
vn 0.9722 -0.0893 0.2163
vn 0.8853 0.0592 -0.4613
vn 0.8934 0.0875 -0.4406
vn 0.9935 -0.1137 -0.0005
vn 0.5288 -0.2174 -0.8204
vn 0.9828 -0.1848 -0.0005
vn 0.6461 -0.0720 -0.7599
vn 0.8857 0.0591 0.4605
vn 0.6489 -0.2053 0.7326
vn 0.9720 -0.0892 -0.2172
vn 0.8216 -0.4314 0.3727
vn 0.5296 -0.2176 0.8199
vn 0.8938 0.0874 0.4398
vn 0.9257 0.3782 -0.0004
vn 0.6471 0.2015 -0.7353
vn 0.9302 0.3671 -0.0004
vn 0.6479 0.2012 0.7347
vn 0.7460 0.5070 -0.4317
vn 0.5388 0.1370 -0.8312
vn 0.8997 0.0581 -0.4327
vn 0.4011 -0.1519 -0.9033
vn 0.6295 0.1688 -0.7584
vn 0.7817 0.4774 -0.4013
vn 0.9060 0.3829 0.1804
vn 0.7816 0.4774 -0.4014
vn 0.5159 0.4371 -0.7368
vn 0.2117 0.0196 -0.9771
vn 0.5159 0.4368 -0.7369
vn 0.4104 0.1122 -0.9050
vn 0.7711 0.6317 -0.0799
vn 0.6295 0.1686 -0.7585
vn 0.4457 -0.2281 -0.8656
vn -0.3628 -0.1417 0.9210
vn 0.6931 0.2256 -0.6846
vn 0.4457 -0.2285 -0.8655
vn 0.1461 0.3054 0.9409
vn -0.0505 0.1198 0.9915
vn 0.1368 -0.3269 -0.9351
vn 0.2295 0.5201 0.8227
vn 0.2283 -0.3540 -0.9069
vn 0.1177 0.4303 0.8950
vn 0.5886 0.7142 0.3789
vn -0.0053 -0.7186 -0.6954
vn 0.2292 -0.3543 0.9066
vn 0.1169 0.4306 -0.8950
vn -0.0046 -0.7187 0.6953
vn 0.5882 0.7142 -0.3793
vn -0.2944 -0.7160 0.6330
vn 0.3223 0.9316 -0.1683
vn 0.3312 0.6679 -0.6664
vn 0.0893 -0.3369 0.9373
vn 0.1119 -0.7901 0.6027
vn 0.1262 -0.9893 0.0732
vn -0.0245 0.8201 -0.5717
vn 0.4419 -0.6820 0.5827
vn 0.3667 0.9303 -0.0091
vn 0.2024 -0.9615 0.1858
vn -0.0945 0.4026 -0.9105
vn 0.5990 -0.1148 0.7924
vn 0.0984 0.7706 -0.6297
vn 0.1172 -0.4643 0.8779
vn 0.2109 -0.8134 0.5421
vn 0.3657 -0.6916 0.6228
vn 0.7296 -0.6482 0.2178
vn 0.1877 0.7991 -0.5712
vn 0.3078 -0.9339 0.1820
vn 0.1876 0.7990 -0.5712
vn -0.3698 0.6653 -0.6486
vn -0.3380 0.9017 -0.2697
vn 0.3656 -0.6917 0.6227
vn -0.0140 -0.8630 0.5049
vn 0.3075 -0.9340 0.1819
vn 0.6302 0.1686 0.7579
vn 0.9059 0.3828 -0.1811
vn 0.7465 0.5068 0.4311
vn 0.7821 0.4773 0.4007
vn 0.5402 0.1444 0.8291
vn 0.7561 0.6545 -0.0002
vn 0.5706 0.4193 -0.7061
vn 0.7821 0.4772 0.4007
vn 0.8642 0.5031 -0.0004
vn 0.7353 0.6778 -0.0003
vn 0.5720 0.4131 0.7087
vn 0.7817 0.4774 -0.4014
vn 0.8297 0.3527 -0.4326
vn 0.7353 0.6778 -0.0002
vn 0.4867 0.3564 -0.7975
vn 0.8296 0.3530 -0.4326
vn 0.7379 0.6738 0.0393
vn -0.1608 -0.6791 0.7162
vn 0.5355 0.8155 -0.2195
vn 0.4389 0.4885 -0.7541
vn -0.0022 -0.7348 0.6783
vn 0.3831 0.9235 0.0177
vn 0.3242 0.5431 -0.7746
vn 0.1730 0.8677 -0.4660
vn 0.0457 0.3104 -0.9495
vn 0.2027 -0.0520 0.9778
vn 0.0278 -0.3055 0.9518
vn 0.3308 0.6173 -0.7138
vn 0.1711 -0.6803 0.7127
vn -0.1238 -0.8922 0.4342
vn 0.1488 0.9532 -0.2633
vn -0.0501 -0.1546 0.9867
vn -0.0060 0.1458 0.9893
vn 0.0095 -0.2552 -0.9668
vn 0.0126 0.0545 0.9984
vn 0.1147 -0.3524 -0.9288
vn -0.1433 -0.8393 -0.5245
vn 0.5221 0.0808 0.8491
vn 0.4636 0.5535 0.6919
vn -0.0528 -0.3681 0.9283
vn 0.4854 0.7343 -0.4744
vn 0.3366 0.1383 -0.9314
vn -0.1896 -0.6515 0.7345
vn 0.4511 0.8322 -0.3224
vn 0.5119 0.4025 -0.7589
vn -0.0848 -0.2124 0.9735
vn 0.1608 0.9511 0.2637
vn 0.1606 0.9512 -0.2635
vn -0.1408 -0.9727 0.1846
vn 0.0314 0.4724 0.8808
vn 0.2890 0.8690 0.4016
vn -0.1317 -0.9893 -0.0620
vn -0.0905 -0.5373 -0.8385
vn -0.1306 -0.7793 -0.6129
vn 0.1542 0.8062 0.5712
vn 0.0929 0.4450 0.8907
vn 0.3314 0.6172 0.7136
vn 0.0269 -0.3052 -0.9519
vn 0.1680 -0.6843 -0.7096
vn -0.1242 -0.8921 -0.4344
vn 0.1491 0.9531 0.2635
vn -0.0292 0.3212 0.9466
vn 0.2018 -0.0518 -0.9781
vn 0.0467 0.3101 0.9496
vn 0.1734 0.8676 0.4660
vn 0.4629 0.5536 -0.6922
vn -0.0537 -0.3679 -0.9283
vn 0.3375 0.1381 0.9311
vn -0.0430 0.0816 -0.9957
vn 0.3832 0.9235 -0.0180
vn -0.0030 -0.7347 -0.6784
vn 0.8301 0.3526 0.4320
vn 0.4874 0.3562 0.7972
vn 0.8300 0.3527 0.4321
vn 0.5098 0.3874 0.7681
vn 0.7380 0.6737 -0.0397
vn 0.5165 0.4370 0.7364
vn 0.7820 0.4773 0.4007
vn 0.2126 0.0195 0.9769
vn 0.4113 0.1119 0.9046
vn 0.7712 0.6316 0.0795
vn 0.5098 0.3875 0.7681
vn 0.4113 0.1120 0.9046
vn 0.6271 0.2607 0.7340
vn 0.6302 0.1688 0.7579
vn 0.4465 -0.2286 0.8651
vn 0.4465 -0.2287 0.8650
vn 0.6938 0.2254 0.6840
vn -0.3637 -0.1414 -0.9207
vn 0.1452 0.3056 -0.9410
vn 0.3114 0.1873 0.9316
vn 0.1377 -0.3271 0.9349
vn 0.5025 0.0597 0.8625
vn -0.0514 0.1200 -0.9914
vn 0.2288 0.5203 -0.8228
vn 0.1357 0.3119 0.9404
vn 0.3695 0.8201 0.4370
vn 0.1204 -0.5606 -0.8193
vn 0.1083 -0.0817 -0.9908
vn 0.1529 -0.1435 0.9778
vn 0.2741 0.3896 -0.8793
vn 0.3930 0.8379 -0.3788
vn 0.5881 0.8088 -0.0003
vn 0.6110 0.7025 0.3648
vn 0.3235 0.5666 -0.7578
vn 0.3927 0.8380 -0.3789
vn 0.1864 0.3643 -0.9124
vn 0.4648 0.8807 -0.0907
vn 0.3642 0.5554 -0.7476
vn 0.1348 0.3122 -0.9404
vn 0.1480 -0.1129 0.9825
vn 0.1157 -0.5603 0.8202
vn 0.1093 -0.0820 0.9906
vn -0.1615 -0.6789 -0.7162
vn -0.2442 -0.2349 -0.9408
vn 0.5286 0.4031 0.7470
vn 0.4643 -0.0701 0.8829
vn 0.2217 -0.2136 0.9514
vn 0.4440 0.2961 0.8457
vn -0.0332 0.0503 -0.9982
vn 0.2090 0.5583 -0.8029
vn 0.1327 0.2030 -0.9701
vn 0.0194 -0.5944 0.8040
vn 0.5629 0.6573 -0.5011
vn -0.2848 -0.6787 0.6769
vn 0.5738 0.7881 -0.2228
vn 0.4361 0.4551 -0.7764
vn -0.0425 -0.2956 0.9544
vn 0.5879 0.8089 -0.0004
vn 0.3931 0.8380 0.3784
vn 0.6104 0.7027 -0.3657
vn 0.3930 0.8380 0.3785
vn 0.3241 0.5666 0.7576
vn 0.1872 0.3641 0.9123
vn 0.3649 0.5552 0.7474
vn -0.1269 -0.7067 -0.6960
vn 0.4515 0.8321 0.3222
vn -0.1904 -0.6513 -0.7346
vn -0.0647 -0.6649 0.7441
vn -0.4478 -0.8000 0.3994
vn -0.1123 -0.8940 0.4338
vn -0.1080 -0.9942 -0.0000
vn -0.0673 -0.7057 0.7053
vn 0.2717 -0.8837 0.3812
vn -0.5584 -0.7393 0.3763
vn -0.1411 -0.9726 -0.1847
vn -0.2260 0.6663 -0.7106
vn -0.3131 -0.6189 0.7204
vn -0.4721 -0.2391 0.8485
vn -0.2754 -0.2448 -0.9296
vn -0.6814 -0.6114 -0.4022
vn -0.4465 -0.5196 -0.7285
vn -0.4476 -0.7950 -0.4094
vn -0.5807 -0.8141 0.0002
vn -0.5090 -0.7438 0.4333
vn -0.3525 -0.8523 -0.3863
vn -0.4579 -0.7846 -0.4181
vn -0.4469 -0.5190 -0.7286
vn -0.2089 -0.3549 -0.9113
vn -0.5727 -0.4390 -0.6923
vn 0.0198 -0.6808 -0.7322
vn -0.1286 -0.6616 -0.7387
vn 0.1660 0.2194 0.9614
vn 0.0195 -0.6805 -0.7325
vn -0.3482 -0.8337 -0.4287
vn -0.1288 -0.6612 -0.7390
vn -0.3167 -0.8599 -0.4005
vn -0.0628 -0.4362 -0.8976
vn 0.0405 -0.9079 -0.4173
vn -0.1799 -0.9837 -0.0000
vn -0.1449 -0.9349 0.3241
vn 0.0407 -0.9079 -0.4172
vn -0.8083 -0.5048 -0.3031
vn -0.1206 0.6666 0.7356
vn -0.3631 -0.5968 -0.7155
vn -0.1288 -0.6615 -0.7388
vn -0.0078 -0.4740 -0.8805
vn -0.8081 -0.5051 -0.3032
vn -0.0675 -0.8486 -0.5247
vn -0.8074 -0.5059 0.3036
vn -0.0762 -0.9539 -0.2901
vn -0.0749 -0.9541 0.2899
vn -0.4187 -0.9081 0.0001
vn 0.0414 -0.9080 0.4169
vn -0.1453 -0.9348 -0.3241
vn -0.3165 -0.8598 0.4006
vn -0.0467 -0.9989 -0.0003
vn -0.3423 -0.8359 -0.4290
vn -0.6882 -0.7255 -0.0000
vn -0.3524 -0.8523 0.3865
vn -0.3421 -0.8359 0.4292
vn -0.1282 -0.6615 0.7389
vn -0.0617 -0.4334 0.8991
vn 0.0408 -0.9080 0.4171
vn -0.8075 -0.5055 0.3041
vn -0.0066 -0.4740 0.8805
vn -0.0666 -0.8488 0.5246
vn -0.7318 -0.1010 0.6740
vn -0.1259 -0.6608 0.7400
vn -0.1277 -0.6614 0.7391
vn -0.0670 -0.8487 0.5246
vn -0.3622 -0.5968 0.7160
vn 0.0510 0.5164 -0.8548
vn -0.1213 0.6667 -0.7354
vn 0.0103 -0.2554 0.9668
vn -0.2731 0.0302 0.9615
vn -0.2375 -0.3341 0.9121
vn 0.0116 0.0549 -0.9984
vn 0.3593 0.2810 -0.8899
vn 0.0115 0.0549 -0.9984
vn 0.1155 -0.3527 0.9286
vn -0.1429 -0.8395 0.5243
vn -0.2081 -0.3552 0.9113
vn -0.1280 -0.6616 0.7389
vn -0.2377 -0.3339 0.9121
vn 0.0204 -0.6807 0.7323
vn -0.1607 -0.2503 0.9547
vn -0.5722 -0.4392 0.6926
vn -0.4463 -0.5192 0.7288
vn 0.1651 0.2195 -0.9615
vn -0.3479 -0.8337 0.4288
vn -0.4459 -0.5194 0.7289
vn -0.4474 -0.7951 0.4095
vn -0.2746 -0.2447 0.9299
vn -0.6811 -0.6113 0.4030
vn -0.5092 -0.7439 -0.4328
vn -0.6813 -0.6112 0.4029
vn 0.0466 -0.4355 0.8990
vn -0.3838 0.1713 -0.9074
vn 0.3986 -0.5295 0.7488
vn 0.1627 -0.1020 0.9814
vn 0.6374 0.0071 0.7705
vn -0.9428 -0.0946 -0.3198
vn 0.4634 -0.0698 -0.8834
vn -0.2433 -0.2351 0.9410
vn -0.6358 -0.6254 0.4524
vn 0.2208 -0.2134 -0.9517
vn -0.0322 0.0502 0.9982
vn -0.3463 -0.5807 -0.7368
vn 0.1337 0.2029 0.9700
vn -0.3547 -0.0448 0.9339
vn -0.3243 -0.5665 -0.7576
vn -0.2853 -0.6787 -0.6768
vn -0.4980 -0.7579 -0.4214
vn -0.2854 -0.6785 -0.6769
vn -0.0434 -0.2953 -0.9544
vn -0.4360 -0.4296 -0.7908
vn -0.0887 -0.4518 -0.8877
vn -0.4363 -0.4296 -0.7907
vn -0.6428 -0.7117 -0.2832
vn -0.2923 -0.6806 -0.6718
vn -0.2804 -0.9126 -0.2976
vn -0.4980 -0.7579 -0.4213
vn -0.2423 -0.6244 -0.7425
vn -0.2768 -0.9212 -0.2733
vn -0.5303 -0.8394 0.1196
vn -0.1200 -0.9928 -0.0001
vn 0.1262 -0.9893 -0.0735
vn 0.1115 -0.7900 -0.6029
vn -0.1569 -0.9627 -0.2203
vn -0.0284 -0.9324 -0.3604
vn -0.1312 -0.9277 0.3494
vn -0.2767 -0.9212 -0.2735
vn 0.0884 -0.3366 -0.9375
vn -0.2950 -0.7157 -0.6330
vn -0.2949 -0.7159 -0.6329
vn -0.6236 -0.7812 0.0284
vn -0.3189 -0.6921 -0.6476
vn -0.2922 -0.6808 -0.6717
vn 0.4411 -0.6820 -0.5834
vn 0.2021 -0.9615 -0.1863
vn 0.2105 -0.8134 -0.5423
vn -0.1959 -0.9739 -0.1150
vn 0.3660 -0.5791 -0.7285
vn 0.0899 -0.4144 -0.9057
vn -0.3832 -0.5976 -0.7043
vn -0.1345 -0.4051 -0.9043
vn 0.2108 -0.8133 -0.5423
vn 0.3080 -0.9338 -0.1822
vn 0.7298 -0.6479 -0.2182
vn 0.3664 -0.5790 -0.7284
vn 0.3076 -0.9339 -0.1824
vn -0.0147 -0.8630 -0.5050
vn -0.3694 0.6650 0.6491
vn -0.9175 0.3805 0.1157
vn 0.5184 -0.7337 -0.4393
vn -0.7393 0.5852 -0.3332
vn 0.3190 -0.7224 0.6135
vn 0.3856 -0.9193 0.0785
vn 0.3184 -0.7223 -0.6140
vn -0.7389 0.5852 0.3340
vn 0.3855 -0.9193 -0.0791
vn -0.9370 -0.0660 0.3430
vn -0.3829 0.1711 0.9078
vn 0.0459 -0.4353 -0.8991
vn 0.3979 -0.5294 -0.7493
vn -0.9425 -0.0945 0.3205
vn 0.6263 0.2609 -0.7346
vn -0.4515 -0.4624 0.7631
vn 0.4458 -0.2283 -0.8655
vn 0.0817 -0.2075 -0.9748
vn -0.3628 -0.1418 0.9210
vn -0.8418 -0.3905 0.3727
vn 0.1369 -0.3270 -0.9351
vn -0.2815 -0.4184 -0.8635
vn -0.0505 0.1197 0.9915
vn -0.3665 -0.7074 -0.6044
vn -0.4193 0.1322 0.8982
vn -0.0052 -0.7185 -0.6955
vn -0.0055 -0.7186 -0.6954
vn 0.2286 -0.3539 -0.9069
vn -0.2917 -0.6808 0.6719
vn -0.0048 -0.7187 0.6953
vn -0.0878 -0.4521 0.8876
vn 0.2294 -0.3542 0.9066
vn 0.1169 0.4305 -0.8950
vn -0.3660 -0.7075 0.6046
vn -0.2916 -0.6809 0.6718
vn -0.0168 -0.7486 0.6628
vn -0.2943 -0.7160 0.6330
vn -0.6237 -0.7812 -0.0279
vn -0.3182 -0.6922 0.6477
vn -0.2944 -0.7159 0.6331
vn -0.2758 -0.9190 0.2816
vn 0.0893 -0.3368 0.9373
vn -0.3182 -0.6922 0.6478
vn -0.0280 -0.9354 0.3526
vn -0.2759 -0.9190 0.2816
vn 0.1262 -0.9893 0.0731
vn -0.1315 -0.9277 -0.3495
vn -0.5194 -0.8545 0.0001
vn -0.3570 -0.6031 0.7133
vn 0.1120 -0.7901 0.6027
vn -0.1568 -0.9628 0.2202
vn 0.0404 -0.8353 0.5484
vn 0.4418 -0.6820 0.5828
vn 0.2111 -0.8135 0.5420
vn -0.1958 -0.9739 0.1150
vn 0.5991 -0.1145 0.7924
vn -0.0165 -0.7487 0.6627
vn 0.0909 -0.4146 0.9055
vn 0.3669 -0.5791 0.7280
vn -0.3823 -0.5978 0.7046
vn 0.2112 -0.8135 0.5419
vn 0.3083 -0.9338 0.1816
vn 0.3672 -0.5792 0.7278
vn 0.7299 -0.6481 0.2175
vn 0.3656 -0.6917 0.6228
vn -0.3700 0.6651 -0.6487
vn -0.0142 -0.8631 0.5048
vn 0.3077 -0.9340 0.1818
vn -0.9177 0.3804 -0.1146
vn 0.5191 -0.7336 0.4386
vn -0.7850 -0.4740 -0.3989
vn -0.6766 -0.7364 0.0002
vn -0.7017 -0.4169 -0.5777
vn -0.6769 -0.7361 0.0003
vn -0.7848 -0.4737 0.3995
vn -0.7015 -0.4167 0.5782
vn -0.7846 -0.4740 0.3996
vn -0.7386 -0.6742 0.0001
vn -0.7886 -0.4482 0.4211
vn -0.6367 -0.6319 -0.4420
vn -0.5747 -0.6885 0.4423
vn -0.7387 -0.6740 0.0004
vn -0.5272 -0.7353 0.4258
vn -0.5169 -0.3881 0.7630
vn -0.7884 -0.4481 0.4214
vn -0.2874 -0.1686 0.9429
vn 0.4390 0.4887 -0.7540
vn -0.5382 -0.7461 0.3920
vn -0.1608 -0.6792 0.7161
vn 0.1214 0.1535 -0.9807
vn -0.1607 -0.6792 0.7162
vn -0.2297 -0.2750 0.9336
vn -0.1833 -0.2006 0.9624
vn -0.6011 -0.2877 0.7456
vn -0.5172 -0.3881 0.7628
vn -0.7282 -0.5342 0.4294
vn -0.3701 -0.5247 0.7666
vn -0.5611 -0.8277 0.0002
vn -0.2866 -0.8627 0.4166
vn -0.3252 -0.8434 0.4276
vn -0.3702 -0.5247 0.7665
vn -0.4491 -0.4786 0.7545
vn -0.0960 -0.3367 0.9367
vn -0.0024 -0.7348 0.6783
vn -0.0441 -0.6765 0.7351
vn -0.3387 -0.8457 0.4123
vn -0.0023 -0.7347 0.6783
vn -0.0564 0.0194 -0.9982
vn -0.0441 -0.6767 0.7349
vn -0.0842 -0.3334 0.9390
vn -0.1290 -0.2851 0.9498
vn -0.0839 -0.3327 0.9393
vn -0.3700 -0.5245 0.7668
vn -0.0527 -0.3678 0.9284
vn -0.1289 -0.2849 0.9499
vn -0.2818 -0.2150 -0.9351
vn -0.2137 0.4816 -0.8500
vn -0.0473 -0.6925 0.7199
vn -0.0442 -0.6766 0.7351
vn 0.3146 -0.4952 0.8098
vn 0.0304 -0.3216 0.9464
vn -0.2623 -0.5877 0.7654
vn 0.0277 -0.3055 0.9518
vn 0.1711 -0.6804 0.7126
vn 0.0301 -0.3217 0.9464
vn -0.3334 -0.2769 0.9012
vn -0.0610 -0.2248 -0.9725
vn -0.1707 0.3459 -0.9226
vn 0.2097 0.3389 -0.9171
vn 0.2919 -0.3760 0.8794
vn -0.0888 -0.6136 0.7846
vn 0.0095 -0.2553 -0.9668
vn -0.2095 0.0167 0.9777
vn -0.2740 0.0304 -0.9613
vn -0.1273 -0.6609 -0.7396
vn -0.7323 -0.1009 -0.6735
vn -0.1434 -0.8393 -0.5244
vn -0.2384 -0.3340 -0.9119
vn 0.0125 0.0546 0.9984
vn 0.3601 0.2807 0.8897
vn -0.2112 0.3812 0.9000
vn -0.2384 -0.3336 -0.9121
vn 0.0019 -0.3756 0.9268
vn 0.2659 -0.0435 0.9630
vn 0.1674 -0.0223 -0.9856
vn -0.2269 -0.3120 -0.9226
vn 0.1714 -0.1110 0.9789
vn 0.1714 -0.1111 0.9789
vn -0.4545 -0.1209 -0.8825
vn -0.5182 -0.7468 -0.4170
vn -0.1198 -0.3686 0.9218
vn 0.0218 -0.0478 -0.9986
vn -0.3442 -0.5725 -0.7441
vn 0.2256 -0.1694 0.9594
vn 0.3367 0.1383 -0.9314
vn -0.0988 -0.3207 -0.9420
vn -0.1220 -0.3022 0.9454
vn -0.3701 -0.5248 0.7666
vn -0.1898 -0.6515 0.7345
vn 0.5119 0.4026 -0.7589
vn 0.0978 0.2697 -0.9580
vn -0.1897 -0.6515 0.7345
vn -0.4580 -0.8277 0.3244
vn -0.1897 -0.6514 0.7346
vn -0.4200 -0.7930 0.4412
vn -0.0849 -0.2124 0.9735
vn -0.1220 -0.3020 0.9455
vn -0.4107 -0.4877 0.7704
vn -0.2133 -0.6538 0.7260
vn -0.2134 -0.6537 0.7261
vn -0.4200 -0.7931 0.4411
vn -0.1010 -0.9309 0.3510
vn -0.3834 -0.9236 0.0001
vn -0.2006 -0.6230 0.7561
vn -0.3894 -0.9190 -0.0625
vn -0.5587 -0.7393 -0.3760
vn -0.1405 -0.9727 0.1846
vn -0.3667 -0.9304 0.0001
vn 0.2714 -0.8835 -0.3818
vn -0.0681 -0.7056 -0.7054
vn -0.4482 -0.7999 -0.3991
vn -0.0654 -0.6647 -0.7442
vn -0.1318 -0.9893 -0.0621
vn -0.4728 -0.2391 -0.8481
vn -0.0904 -0.5373 -0.8385
vn -0.3139 -0.6190 -0.7200
vn -0.2280 0.6617 0.7142
vn 0.0929 0.4452 0.8906
vn 0.2911 -0.3759 -0.8798
vn -0.0601 -0.2249 0.9725
vn 0.2106 0.3388 0.9170
vn -0.3342 -0.2767 -0.9010
vn -0.1699 0.3457 0.9228
vn -0.0902 -0.6174 -0.7814
vn 0.0294 -0.3209 -0.9467
vn 0.1679 -0.6843 -0.7096
vn -0.1127 -0.8939 -0.4339
vn 0.1354 -0.9908 -0.0002
vn -0.2632 -0.5875 -0.7652
vn 0.0296 -0.3213 -0.9465
vn -0.0449 -0.6764 -0.7352
vn 0.3138 -0.4948 -0.8103
vn 0.3133 -0.4950 -0.8104
vn -0.2810 -0.2151 0.9353
vn 0.0465 0.3101 0.9496
vn -0.1298 -0.2847 -0.9498
vn -0.2129 0.4815 0.8502
vn -0.0480 -0.6923 -0.7200
vn -0.0850 -0.3331 -0.9390
vn -0.0448 -0.6765 -0.7350
vn -0.1299 -0.2848 -0.9497
vn 0.2650 -0.0433 -0.9633
vn -0.1974 -0.3108 0.9298
vn 0.1683 -0.0225 0.9855
vn 0.1705 -0.1109 -0.9791
vn -0.2261 -0.3121 0.9228
vn 0.1481 0.3428 -0.9276
vn -0.5177 -0.7468 0.4175
vn -0.1207 -0.3684 -0.9218
vn -0.3436 -0.5727 0.7443
vn -0.1602 0.1088 0.9811
vn 0.3375 0.1382 0.9311
vn -0.0980 -0.3209 0.9420
vn -0.0537 -0.3680 -0.9283
vn -0.3707 -0.5243 -0.7666
vn -0.0848 -0.3326 -0.9393
vn -0.0535 -0.3676 -0.9284
vn -0.0029 -0.7347 -0.6784
vn -0.3391 -0.8457 -0.4120
vn -0.3257 -0.8436 -0.4269
vn -0.0031 -0.7345 -0.6786
vn -0.0971 -0.3369 -0.9365
vn -0.4499 -0.4784 -0.7542
vn -0.0449 -0.6762 -0.7354
vn -0.3710 -0.5245 -0.7663
vn -0.3812 -0.8137 -0.4389
vn -0.1504 -0.9886 -0.0001
vn 0.1923 -0.9208 -0.3393
vn -0.3811 -0.8136 -0.4390
vn -0.1563 -0.9877 -0.0000
vn -0.0390 -0.6772 -0.7348
vn -0.3257 -0.8435 -0.4272
vn -0.3961 -0.9182 0.0001
vn -0.1255 -0.9002 0.4171
vn 0.0063 -0.4315 -0.9021
vn 0.2603 0.2258 0.9387
vn -0.3667 -0.8285 -0.4231
vn -0.2170 -0.2923 -0.9314
vn -0.2601 -0.6234 -0.7373
vn -0.0362 0.0359 -0.9987
vn -0.4495 -0.4792 -0.7539
vn -0.2169 -0.2929 -0.9312
vn -0.2582 -0.6152 -0.7449
vn -0.4897 -0.8719 0.0001
vn 0.5009 0.4301 0.7511
vn -0.4470 -0.5189 -0.7287
vn -0.4582 -0.7843 -0.4182
vn -0.2585 -0.6151 -0.7448
vn -0.4497 -0.4784 -0.7543
vn -0.2602 -0.6233 -0.7375
vn 0.2595 0.2261 -0.9389
vn 0.0071 -0.4318 0.9020
vn -0.2594 -0.6234 0.7376
vn -0.2161 -0.2923 0.9316
vn 0.0072 -0.4316 0.9020
vn -0.2159 -0.2927 0.9315
vn -0.4488 -0.4789 0.7545
vn -0.0351 0.0363 0.9987
vn 0.5002 0.4302 -0.7515
vn -0.4897 -0.8719 0.0002
vn -0.2575 -0.6153 0.7450
vn -0.2595 -0.6234 0.7376
vn -0.4575 -0.7846 0.4184
vn -0.4491 -0.4787 0.7544
vn -0.2371 -0.8851 0.4005
vn -0.1140 -0.3416 0.9329
vn -0.4573 -0.7792 0.4286
vn -0.4134 -0.9105 -0.0000
vn -0.3706 -0.8232 -0.4301
vn -0.2594 -0.6237 0.7374
vn -0.3083 -0.9513 0.0001
vn -0.5277 -0.7352 -0.4255
vn -0.5074 -0.7110 0.4869
vn -0.5128 -0.7081 -0.4855
vn -0.8240 -0.5667 0.0004
vn -0.7388 -0.6740 0.0003
vn -0.7889 -0.4481 -0.4204
vn -0.6364 -0.6320 0.4423
vn -0.2884 -0.1684 -0.9426
vn -0.7889 -0.4481 -0.4206
vn -0.5131 -0.3902 -0.7645
vn -0.5750 -0.6886 -0.4418
vn -0.7851 -0.4739 -0.3989
vn -0.4522 -0.4622 -0.7628
vn -0.8022 -0.5146 -0.3027
vn 0.6270 0.2607 0.7341
vn 0.2126 0.0194 0.9770
vn -0.3637 -0.1416 -0.9207
vn 0.4466 -0.2286 0.8650
vn -0.8421 -0.3904 -0.3720
vn -0.2827 -0.4216 0.8616
vn -0.4851 0.1150 -0.8669
vn -0.0278 -0.3520 -0.9356
vn -0.2140 -0.6540 -0.7256
vn -0.2107 -0.2694 -0.9397
vn -0.2141 -0.6535 -0.7261
vn -0.1228 -0.3019 -0.9454
vn 0.1204 -0.5605 -0.8194
vn 0.1203 -0.5605 -0.8193
vn 0.1357 0.3120 0.9404
vn -0.2904 -0.1534 0.9445
vn 0.1084 -0.0817 -0.9907
vn 0.1529 -0.1434 0.9778
vn -0.2061 -0.3933 -0.8960
vn -0.4026 -0.7971 0.4501
vn -0.2854 -0.9584 0.0001
vn -0.4030 -0.7970 -0.4498
vn -0.4835 -0.7520 0.4481
vn -0.7557 -0.6549 0.0004
vn -0.5925 -0.8056 0.0002
vn -0.2658 -0.9014 -0.3418
vn -0.2656 -0.9014 0.3419
vn -0.3340 -0.5581 0.7596
vn -0.7224 -0.4808 0.4970
vn -0.3238 -0.5665 0.7578
vn -0.2656 -0.9015 0.3419
vn -0.6001 -0.7999 0.0095
vn -0.7225 -0.4806 0.4969
vn -0.4976 -0.7580 0.4217
vn -0.3236 -0.5668 0.7576
vn -0.4390 -0.3907 0.8091
vn -0.0701 -0.2449 0.9670
vn -0.1261 -0.7069 0.6960
vn 0.3644 0.5553 -0.7475
vn -0.0530 0.2677 -0.9620
vn -0.2133 -0.6540 0.7258
vn -0.0269 -0.3519 0.9356
vn -0.2097 -0.2693 0.9399
vn 0.1156 -0.5602 0.8203
vn 0.1349 0.3121 -0.9404
vn -0.2451 -0.6865 0.6846
vn 0.1157 -0.5602 0.8202
vn -0.2913 -0.1532 -0.9443
vn 0.1092 -0.0819 0.9906
vn -0.2052 -0.3935 0.8961
vn -0.4578 -0.7844 0.4184
vn -0.4463 -0.5190 0.7290
vn -0.2578 -0.6153 0.7449
vn -0.3362 -0.5663 0.7525
vn -0.6121 -0.7907 0.0002
vn -0.3368 -0.5662 -0.7523
vn -0.2375 -0.8851 -0.4002
vn -0.1148 -0.3415 -0.9329
vn -0.4596 -0.7819 -0.4212
vn -0.3705 -0.8233 0.4300
vn -0.5366 -0.7434 -0.3992
vn -0.1616 -0.6788 -0.7164
vn -0.6016 -0.2874 -0.7453
vn -0.2307 -0.2751 -0.9333
vn -0.1844 -0.2008 -0.9621
vn -0.1614 -0.6789 -0.7163
vn -0.2601 -0.6234 -0.7374
vn -0.5132 -0.3901 -0.7645
vn -0.2441 -0.2349 -0.9409
vn 0.4643 -0.0700 0.8829
vn -0.6362 -0.6252 -0.4520
vn -0.1400 -0.3823 0.9134
vn 0.2217 -0.2135 0.9515
vn -0.4536 -0.1690 -0.8750
vn -0.0331 0.0504 -0.9982
vn 0.1328 0.2031 -0.9701
vn -0.3458 -0.5809 0.7369
vn 0.0194 -0.5944 0.8039
vn -0.3556 -0.0445 -0.9336
vn -0.0879 -0.4521 0.8876
vn -0.3236 -0.5666 0.7578
vn -0.2847 -0.6788 0.6769
vn -0.2846 -0.6786 0.6771
vn -0.4975 -0.7580 0.4218
vn -0.0425 -0.2954 0.9544
vn -0.4352 -0.4298 0.7911
vn -0.4355 -0.4296 0.7911
vn -0.6426 -0.7118 0.2836
vn -0.2800 -0.9127 0.2976
vn -0.5302 -0.8394 -0.1194
vn -0.2416 -0.6246 0.7427
vn -0.5746 -0.6887 0.4422
vn -0.7634 -0.6460 0.0003
vn -0.4894 -0.8720 0.0001
vn -0.5188 -0.6355 0.5718
vn -0.7230 -0.4804 -0.4964
vn -0.3347 -0.5580 -0.7594
vn -0.7230 -0.4805 -0.4963
vn -0.6001 -0.7999 -0.0092
vn -0.3245 -0.5663 -0.7576
vn -0.2659 -0.9013 -0.3419
vn -0.4397 -0.3900 -0.8090
vn -0.3243 -0.5662 -0.7578
vn -0.0710 -0.2449 -0.9669
vn -0.1268 -0.7067 -0.6960
vn -0.2140 -0.6536 -0.7260
vn 0.3649 0.5551 0.7474
vn -0.4670 -0.7627 -0.4474
vn -0.0522 0.2674 0.9622
vn -0.1261 -0.9001 -0.4171
vn 0.1928 -0.9208 0.3390
vn -0.0383 -0.6773 0.7347
vn -0.3807 -0.8137 0.4393
vn -0.1505 -0.9886 -0.0000
vn -0.3808 -0.8138 0.4391
vn -0.3253 -0.8435 0.4274
vn -0.0954 -0.9954 -0.0001
vn -0.3324 -0.8446 -0.4197
vn -0.3320 -0.8447 0.4198
vn -0.6237 -0.7817 0.0001
vn -0.5440 -0.8391 -0.0003
vn -0.2870 -0.8628 -0.4162
vn 0.2326 0.2881 0.9289
vn 0.6501 0.6238 0.4339
vn -0.5610 -0.8278 0.0004
vn -0.2868 -0.8629 -0.4161
vn -0.3707 -0.5247 -0.7663
vn -0.5610 -0.8278 0.0002
vn -0.3810 -0.5156 -0.7675
vn -0.7286 -0.5339 -0.4290
vn -0.7288 -0.5338 -0.4289
vn -0.4205 -0.7930 -0.4409
vn -0.1227 -0.3020 -0.9454
vn -0.1903 -0.6514 -0.7345
vn -0.1903 -0.6513 -0.7346
vn 0.0987 0.2696 0.9579
vn 0.5125 0.4024 0.7585
vn -0.4205 -0.7928 -0.4411
vn -0.1904 -0.6512 -0.7347
vn -0.0858 -0.2121 -0.9735
vn -0.4582 -0.8277 -0.3240
vn -0.4114 -0.4873 -0.7702
vn -0.4115 -0.4873 -0.7702
vn -0.1014 -0.9308 -0.3511
vn -0.3893 -0.9190 0.0627
vn -0.5389 -0.7204 -0.4367
vn -0.2014 -0.6228 -0.7560
vn -0.6163 -0.7875 0.0002
vn -0.4014 -0.7435 0.5348
vn -0.3379 -0.9412 0.0001
vn -0.4020 -0.7434 -0.5346
vn -0.7283 -0.5340 0.4295
vn -0.3803 -0.5157 0.7677
vn -0.2867 -0.8628 0.4165
vn -0.5611 -0.8278 0.0001
vn 0.6497 0.6238 -0.4345
vn 0.2317 0.2882 -0.9291
vn -0.0675 -0.7056 0.7054
vn -0.4477 -0.8000 0.3994
vn 0.1006 0.9545 0.2806
vn 0.2716 -0.8837 0.3813
vn 0.2886 0.8691 -0.4017
vn -0.4722 -0.2392 0.8484
vn -0.0903 -0.5374 0.8385
vn -0.1303 -0.7793 0.6129
vn 0.4418 0.5217 0.7298
vn 0.4578 0.7847 0.4180
vn 0.3617 0.8358 0.4131
vn 0.4582 0.7844 0.4180
vn 0.2605 0.6234 0.7372
vn 0.5374 0.7233 0.4336
vn 0.3618 0.8356 0.4133
vn -0.5089 -0.7441 0.4329
vn 0.7328 0.5582 0.3891
vn -0.4478 -0.7949 -0.4094
vn 0.4166 0.4798 0.7722
vn 0.3518 0.8493 0.3937
vn 0.4419 0.5213 0.7301
vn 0.7328 0.5583 0.3890
vn 0.2074 0.3523 0.9126
vn 0.1996 0.6657 0.7190
vn 0.3517 0.8494 0.3936
vn 0.1275 0.6573 0.7428
vn 0.4036 0.5845 0.7039
vn 0.1994 0.6658 0.7189
vn -0.3483 -0.8337 -0.4286
vn -0.5726 -0.4394 -0.6921
vn -0.1261 0.9092 0.3969
vn -0.1260 0.9091 0.3972
vn -0.1449 -0.9349 0.3239
vn -0.3169 -0.8599 -0.4003
vn 0.0406 -0.9079 -0.4172
vn 0.4510 0.8007 0.3943
vn 0.1291 0.6901 0.7121
vn -0.3980 0.3796 0.8352
vn 0.1276 0.6572 0.7428
vn -0.1206 0.6664 0.7358
vn 0.0950 0.7783 0.6207
vn -0.3635 0.8575 0.3641
vn -0.0756 -0.9540 0.2900
vn -0.0780 0.9970 0.0002
vn 0.1280 0.9708 0.2028
vn -0.4187 -0.9081 -0.0000
vn 0.3214 0.7521 0.5754
vn 0.4844 0.8748 -0.0002
vn -0.3424 -0.8358 0.4291
vn 0.3025 0.9532 -0.0001
vn -0.0463 -0.9989 -0.0000
vn -0.6881 -0.7256 0.0003
vn -0.0615 -0.4334 0.8991
vn -0.3165 -0.8598 0.4007
vn 0.1915 0.9805 -0.0440
vn -0.1262 0.9090 -0.3971
vn 0.0410 -0.9080 0.4170
vn 0.4506 0.8008 -0.3946
vn -0.8083 -0.5048 0.3029
vn -0.1285 -0.6616 0.7388
vn 0.0406 -0.9081 0.4167
vn -0.0676 -0.8487 0.5246
vn -0.0080 -0.4743 0.8803
vn -0.1284 -0.6613 0.7391
vn -0.3627 -0.5966 0.7159
vn 0.0828 0.1982 0.9767
vn -0.7005 0.3787 0.6049
vn -0.0272 -0.0013 0.9996
vn -0.1279 -0.6614 0.7390
vn 0.0102 -0.2561 0.9666
vn -0.2730 0.0303 0.9615
vn -0.2374 -0.3337 0.9123
vn 0.0379 0.2454 0.9687
vn -0.1427 -0.8395 0.5244
vn -0.2373 -0.3341 0.9122
vn 0.0204 -0.6802 0.7327
vn -0.3526 -0.8521 0.3868
vn -0.1280 -0.6610 0.7394
vn 0.0203 -0.6806 0.7324
vn 0.3660 0.9060 -0.2126
vn 0.4031 0.5848 -0.7039
vn -0.1607 -0.2503 0.9548
vn -0.4462 -0.5193 0.7289
vn -0.5720 -0.4394 0.6926
vn -0.3479 -0.8335 0.4292
vn 0.5742 0.8153 0.0743
vn -0.4474 -0.7950 0.4095
vn -0.2748 -0.2447 0.9299
vn 0.7324 0.5584 -0.3897
vn 0.5742 0.8153 0.0742
vn -0.6813 -0.6111 0.4029
vn 0.6065 -0.1597 0.7789
vn -0.4970 0.7753 -0.3897
vn 0.7877 -0.4922 0.3704
vn 0.6066 -0.1598 0.7788
vn 0.0957 -0.3089 0.9463
vn -0.6133 0.1876 -0.7672
vn 0.0956 -0.3090 0.9463
vn 0.7876 -0.4921 0.3709
vn 0.6487 -0.2052 0.7329
vn 0.6214 -0.2694 0.7358
vn 0.1460 -0.4093 0.9006
vn 0.3667 -0.5794 0.7279
vn 0.3688 -0.1442 0.9183
vn 0.7584 -0.1485 0.6346
vn 0.3984 -0.5296 0.7488
vn -0.9374 -0.0659 -0.3421
vn 0.0467 -0.4355 0.8990
vn 0.6489 -0.2054 0.7326
vn 0.4020 -0.1519 0.9029
vn -0.9428 -0.0945 -0.3196
vn 0.6376 0.0072 0.7704
vn 0.5934 0.1963 0.7806
vn -0.9428 -0.0946 -0.3196
vn -0.6486 0.3514 -0.6752
vn 0.8939 0.0871 0.4398
vn 0.6302 0.1684 0.7580
vn 0.6375 0.0069 0.7704
vn 0.6488 -0.2053 0.7327
vn -0.5170 -0.3882 0.7629
vn -0.2297 -0.2754 0.9335
vn -0.2434 -0.2351 0.9410
vn -0.1318 0.1310 0.9826
vn 0.0817 0.3685 0.9260
vn -0.4386 -0.0293 0.8982
vn -0.6357 -0.6255 0.4523
vn -0.4193 -0.1189 0.9000
vn -0.7848 -0.4739 0.3994
vn -0.5173 -0.3879 0.7629
vn -0.4516 -0.4623 0.7631
vn -0.0321 0.0503 0.9982
vn 0.0350 0.3591 0.9327
vn -0.4530 -0.1694 0.8753
vn 0.2085 0.5543 0.8058
vn -0.2374 0.3829 0.8928
vn -0.1448 0.1788 0.9732
vn -0.3549 -0.0446 0.9338
vn 0.0559 0.5100 0.8584
vn 0.5634 0.6573 0.5006
vn 0.0887 0.4520 0.8876
vn 0.3243 0.5662 0.7578
vn 0.4930 0.7607 0.4223
vn 0.4416 0.4526 0.7747
vn -0.2852 -0.6785 -0.6770
vn 0.0021 0.3901 0.9208
vn 0.5741 0.7880 0.2224
vn 0.1782 0.8079 0.5618
vn -0.6431 -0.7115 -0.2832
vn -0.5302 -0.8394 0.1196
vn 0.5503 0.7111 0.4376
vn -0.5749 -0.6887 -0.4419
vn 0.1059 0.4025 0.9093
vn 0.2962 0.6751 0.6757
vn 0.2649 0.9253 0.2714
vn 0.3319 0.6678 0.6662
vn 0.3223 0.9316 0.1680
vn 0.1803 0.9566 0.2288
vn -0.1313 -0.9277 0.3494
vn -0.1262 0.5970 0.7923
vn -0.0715 0.9915 0.1089
vn 0.1262 -0.9893 -0.0733
vn -0.2949 -0.7158 -0.6329
vn -0.0737 0.6809 0.7286
vn 0.3224 0.9315 0.1685
vn 0.0398 0.9286 0.3690
vn 0.0107 0.9417 0.3364
vn -0.6237 -0.7812 0.0282
vn 0.2023 -0.9615 -0.1862
vn -0.5630 0.4424 0.6981
vn -0.0241 0.8199 0.5720
vn -0.2179 0.8440 0.4901
vn 0.0193 0.7603 0.6492
vn -0.2045 0.7991 0.5654
vn -0.0934 0.4024 0.9107
vn 0.0191 0.7601 0.6495
vn 0.0991 0.7705 0.6297
vn -0.3620 0.5943 0.7182
vn -0.4888 0.5316 0.6918
vn -0.1387 0.4054 0.9035
vn 0.0506 0.6502 0.7580
vn 0.1879 0.7992 0.5709
vn 0.7297 -0.6481 -0.2179
vn 0.3080 -0.9338 -0.1819
vn 0.3192 -0.7224 0.6134
vn -0.6731 0.4280 0.6031
vn -0.4617 0.8789 -0.1199
vn 0.7188 -0.6212 0.3121
vn 0.6691 -0.6569 0.3475
vn -0.2013 0.5778 0.7910
vn -0.4615 0.8789 0.1205
vn -0.7392 0.5850 0.3337
vn 0.3856 -0.9193 -0.0787
vn -0.2822 0.5860 0.7596
vn 0.9979 0.0298 -0.0573
vn -0.5324 0.7105 0.4601
vn -0.8625 0.4680 0.1922
vn -0.4968 0.7753 0.3899
vn -0.6129 0.1874 0.7676
vn -0.8625 0.4681 0.1924
vn -0.7783 0.5080 0.3692
vn -0.6460 0.1953 0.7379
vn -0.3880 0.4356 0.8122
vn -0.3879 0.4356 0.8123
vn -0.6457 0.1954 0.7382
vn -0.9371 -0.0660 0.3428
vn 0.1880 0.4408 0.8777
vn -0.3829 0.1712 0.9078
vn -0.3830 0.1710 0.9078
vn -0.4060 0.1527 0.9010
vn -0.2657 0.2019 0.9427
vn -0.5598 -0.2241 0.7978
vn -0.6480 0.3512 0.6758
vn -0.8936 -0.0779 0.4420
vn -0.9425 -0.0944 0.3207
vn -0.5597 -0.2241 0.7978
vn -0.6296 -0.1766 0.7565
vn 0.9723 -0.0893 0.2161
vn -0.2903 0.1778 0.9403
vn 0.8852 0.0592 -0.4613
vn -0.7138 0.4841 0.5060
vn 0.9828 -0.1848 -0.0004
vn -0.9966 0.0823 0.0004
vn 0.6468 -0.0723 0.7592
vn 0.9995 -0.0318 -0.0006
vn 0.5295 -0.2176 0.8199
vn -0.8560 0.3191 -0.4067
vn 0.8858 0.0591 0.4604
vn -0.8137 -0.0289 0.5806
vn -0.8909 -0.0110 -0.4540
vn -0.8075 -0.0570 0.5872
vn -0.9669 0.2553 0.0004
vn 0.9810 0.1941 -0.0004
vn -0.8986 -0.4388 0.0003
vn 0.8997 0.0581 -0.4326
vn 0.7461 0.5068 -0.4318
vn -0.8843 -0.1573 0.4396
vn -0.3084 -0.0452 0.9502
vn -0.6297 -0.1766 0.7565
vn -0.6919 -0.0343 0.7212
vn -0.8020 -0.5147 0.3031
vn -0.2391 0.0454 0.9699
vn -0.4515 -0.4623 0.7631
vn -0.4193 -0.1186 0.9000
vn 0.7711 0.6316 -0.0801
vn -0.3627 -0.1415 0.9211
vn 0.1463 0.3055 0.9409
vn -0.4131 0.1387 0.9001
vn -0.6296 -0.1765 0.7566
vn -0.3627 -0.1417 0.9211
vn -0.8417 -0.3905 0.3728
vn -0.4127 0.1389 0.9002
vn -0.0504 0.1196 0.9915
vn -0.4845 0.1148 0.8672
vn 0.2295 0.5204 0.8225
vn -0.1860 0.5550 0.8108
vn 0.1178 0.4303 0.8950
vn -0.4191 0.1323 0.8983
vn 0.2959 0.6752 0.6757
vn 0.0510 0.6505 0.7578
vn 0.5885 0.7143 0.3786
vn 0.1175 0.4304 0.8950
vn -0.0879 -0.4520 0.8877
vn 0.0755 -0.1107 0.9910
vn -0.0046 -0.7186 0.6954
vn -0.2918 -0.6808 0.6719
vn 0.2291 -0.3542 0.9067
vn -0.3659 -0.7076 0.6045
vn 0.5883 0.7142 -0.3792
vn -0.1339 -0.4054 0.9043
vn -0.0168 -0.7487 0.6627
vn -0.2914 -0.6810 0.6719
vn -0.2757 -0.9192 0.2813
vn -0.2941 -0.7161 0.6330
vn 0.3222 0.9316 -0.1682
vn 0.0893 -0.3367 0.9374
vn 0.0105 0.9419 -0.3358
vn -0.2758 -0.9190 0.2818
vn -0.0280 -0.9353 0.3528
vn -0.3182 -0.6920 0.6479
vn 0.2473 0.8743 0.4176
vn -0.5194 -0.8545 -0.0000
vn 0.0953 0.9954 -0.0000
vn -0.3571 -0.6033 0.7131
vn 0.5513 0.8343 -0.0004
vn 0.1801 0.9566 -0.2289
vn 0.2143 0.8097 0.5464
vn -0.0716 0.9915 -0.1084
vn -0.1568 -0.9627 0.2204
vn 0.4421 -0.6818 0.5828
vn 0.3666 0.9303 -0.0090
vn -0.0169 -0.7486 0.6628
vn 0.2106 -0.8135 0.5422
vn 0.0905 -0.4147 0.9055
vn 0.1173 -0.4641 0.8780
vn 0.5991 -0.1149 0.7924
vn -0.3825 -0.5979 0.7044
vn 0.3662 -0.5794 0.7281
vn -0.3381 0.9016 -0.2697
vn 0.3656 -0.6916 0.6229
vn -0.0142 -0.8631 0.5049
vn 0.5403 0.1442 0.8290
vn -0.8805 -0.1564 -0.4476
vn 0.9044 0.0584 0.4228
vn -0.7636 -0.3581 0.5373
vn -0.7857 -0.4461 -0.4286
vn -0.7014 -0.4169 0.5781
vn 0.8642 0.5032 -0.0004
vn -0.6768 -0.7362 0.0003
vn 0.7563 0.6543 -0.0006
vn -0.9705 -0.2411 0.0007
vn 0.5719 0.4131 0.7087
vn 0.7380 0.6736 0.0392
vn 0.8297 0.3527 -0.4327
vn 0.5086 0.7381 -0.4433
vn -0.2876 -0.1685 0.9428
vn -0.5274 -0.7351 0.4259
vn -0.5171 -0.3881 0.7629
vn -0.5748 -0.6883 0.4425
vn -0.6009 -0.2878 0.7457
vn -0.1609 -0.6792 0.7161
vn -0.1609 -0.6790 0.7163
vn -0.1833 -0.2011 0.9623
vn -0.3698 -0.5248 0.7667
vn -0.7284 -0.5340 0.4294
vn -0.4201 -0.7930 0.4412
vn -0.3699 -0.5252 0.7663
vn -0.3250 -0.8438 0.4270
vn -0.2862 -0.8633 0.4158
vn -0.4490 -0.4786 0.7545
vn 0.3832 0.9235 0.0177
vn -0.0960 -0.3369 0.9366
vn -0.0023 -0.7347 0.6784
vn -0.0842 -0.3333 0.9391
vn -0.0022 -0.7346 0.6785
vn -0.4490 -0.4788 0.7545
vn -0.0440 -0.6764 0.7353
vn -0.3700 -0.5248 0.7666
vn -0.0440 -0.6763 0.7353
vn -0.1289 -0.2846 0.9499
vn 0.2027 -0.0519 0.9779
vn 0.3140 -0.4952 0.8101
vn -0.1290 -0.2848 0.9499
vn 0.1928 -0.0722 0.9786
vn -0.0475 -0.6927 0.7197
vn 0.3142 -0.4951 0.8101
vn -0.0841 -0.3331 0.9392
vn 0.0302 -0.3213 0.9465
vn 0.0301 -0.3215 0.9464
vn 0.1709 -0.6804 0.7127
vn -0.1238 -0.8923 0.4342
vn -0.2621 -0.5877 0.7655
vn 0.0278 -0.3054 0.9518
vn -0.2622 -0.5876 0.7655
vn 0.1487 0.9532 -0.2634
vn -0.2237 0.7332 -0.6422
vn 0.0331 -0.0503 0.9982
vn -0.0647 -0.6648 0.7442
vn 0.2919 -0.3763 0.8793
vn 0.0281 0.0011 0.9996
vn -0.0888 -0.6133 0.7848
vn 0.2257 0.4282 0.8750
vn -0.0203 0.0546 0.9983
vn -0.2094 0.0168 0.9777
vn 0.3602 0.2808 0.8896
vn 0.1382 0.6253 0.7681
vn -0.2113 0.3814 0.9000
vn 0.0123 0.0547 0.9984
vn -0.2113 0.3813 0.9000
vn 0.2073 0.3523 0.9126
vn 0.0018 -0.3757 0.9267
vn 0.5220 0.0810 0.8491
vn 0.4637 0.5532 0.6921
vn 0.1478 0.3401 0.9287
vn 0.2143 0.2835 0.9347
vn -0.5182 -0.7467 -0.4170
vn 0.1715 -0.1110 0.9789
vn 0.4418 0.5214 0.7300
vn 0.1714 -0.1109 0.9789
vn -0.1198 -0.3688 0.9217
vn -0.1249 0.0856 0.9885
vn -0.0482 0.0540 0.9974
vn -0.0527 -0.3682 0.9283
vn -0.3877 -0.5270 0.7563
vn -0.0529 -0.3681 0.9283
vn -0.3701 -0.5248 0.7665
vn -0.4018 -0.0749 0.9127
vn -0.1219 -0.3022 0.9454
vn -0.1894 -0.6515 0.7346
vn -0.1896 -0.6513 0.7347
vn -0.4579 -0.8278 0.3243
vn -0.4108 -0.4876 0.7703
vn -0.4202 -0.7931 0.4409
vn -0.2135 -0.6537 0.7260
vn -0.4109 -0.4876 0.7703
vn 0.3744 0.8389 0.3951
vn -0.1010 -0.9309 0.3511
vn -0.2005 -0.6232 0.7559
vn -0.5385 -0.7203 0.4372
vn 0.4501 0.7788 -0.4368
vn 0.1607 0.9511 0.2636
vn -0.2174 0.9761 0.0002
vn -0.1407 -0.9727 0.1846
vn 0.2713 -0.8836 -0.3817
vn 0.2889 0.8690 0.4017
vn -0.1418 0.8981 0.4163
vn 0.1127 0.8939 0.4339
vn 0.0655 0.6646 0.7443
vn -0.1421 0.8983 0.4158
vn -0.7141 0.6619 0.2280
vn 0.0638 0.6653 0.7439
vn 0.1533 0.8065 0.5710
vn -0.7005 0.3788 0.6049
vn 0.0655 0.6648 0.7442
vn 0.0930 0.4451 0.8906
vn -0.2278 0.6617 0.7143
vn 0.2110 0.3388 0.9169
vn 0.0658 0.6646 0.7443
vn 0.1130 0.8345 0.5394
vn -0.1699 0.3459 0.9227
vn 0.2107 0.3389 0.9169
vn -0.0601 -0.2251 0.9725
vn 0.3315 0.6170 0.7137
vn 0.1492 0.9530 0.2635
vn -0.2231 0.7330 0.6426
vn 0.0519 0.6835 0.7281
vn 0.0519 0.6834 0.7282
vn 0.0466 0.3100 0.9496
vn 0.1733 0.8675 0.4662
vn -0.2129 0.4809 0.8505
vn -0.1839 0.0771 0.9799
vn -0.2810 -0.2153 0.9352
vn -0.2130 0.4813 0.8503
vn 0.0778 0.3254 0.9424
vn -0.3693 0.1595 0.9155
vn 0.1683 -0.0228 0.9855
vn -0.2079 -0.3551 0.9114
vn -0.2259 -0.3123 0.9227
vn -0.0215 0.3575 0.9337
vn -0.4536 -0.1212 0.8829
vn -0.4461 -0.5193 0.7289
vn -0.2161 -0.2922 0.9316
vn 0.0225 -0.0483 0.9986
vn -0.3435 -0.5721 0.7448
vn 0.2498 0.6310 0.7345
vn -0.1603 0.1087 0.9811
vn 0.0491 -0.0542 0.9973
vn 0.3376 0.1380 0.9311
vn 0.1188 0.3100 0.9433
vn 0.4858 0.7342 0.4742
vn 0.1227 0.3022 0.9453
vn 0.0995 0.6878 0.7190
vn 0.0996 0.6881 0.7187
vn -0.0556 0.0189 0.9983
vn -0.0028 -0.7344 -0.6787
vn -0.0554 0.0193 0.9983
vn 0.3249 0.5429 0.7744
vn 0.0777 0.3253 0.9424
vn 0.3250 0.5429 0.7743
vn 0.3203 0.8455 0.4272
vn 0.0997 0.6880 0.7188
vn 0.3832 0.9235 -0.0186
vn -0.1503 -0.9886 0.0001
vn -0.3811 -0.8137 -0.4390
vn -0.0100 0.4383 0.8988
vn 0.1923 -0.9208 -0.3394
vn 0.2844 0.8501 0.4433
vn -0.1255 -0.9001 0.4173
vn -0.3956 -0.9184 0.0002
vn 0.1351 -0.9908 -0.0003
vn 0.4134 0.9105 -0.0000
vn 0.1089 0.8452 0.5233
vn 0.2278 0.2668 0.9365
vn -0.0617 0.4711 0.8799
vn 0.2675 0.6550 0.7067
vn 0.2602 0.2255 0.9389
vn -0.0615 0.4713 0.8798
vn 0.2604 0.2260 0.9387
vn 0.2144 0.2836 0.9347
vn 0.2603 0.6235 0.7372
vn 0.1740 0.6555 0.7349
vn 0.4607 0.8200 0.3396
vn 0.5010 0.4301 0.7510
vn 0.4419 0.5215 0.7299
vn 0.1739 0.6554 0.7350
vn -0.4896 -0.8719 -0.0000
vn 0.1606 0.2206 0.9620
vn -0.2289 0.2391 0.9436
vn -0.1980 -0.2882 0.9369
vn 0.2046 0.2411 0.9487
vn 0.0072 -0.4318 0.9019
vn -0.2592 -0.6236 0.7375
vn 0.0070 -0.4319 0.9019
vn -0.3662 -0.8287 0.4233
vn -0.4490 -0.4788 0.7544
vn -0.2162 -0.2925 0.9315
vn -0.2595 -0.6236 0.7374
vn -0.2575 -0.6153 0.7451
vn -0.0353 0.0362 0.9987
vn -0.2576 -0.6155 0.7449
vn 0.5003 0.4303 -0.7514
vn -0.4574 -0.7847 0.4184
vn -0.2574 -0.6155 0.7450
vn -0.4894 -0.8720 -0.0000
vn -0.4489 -0.4791 0.7543
vn 0.4070 0.9106 0.0718
vn -0.2372 -0.8852 0.4002
vn -0.1140 -0.3419 0.9328
vn -0.4572 -0.7793 0.4285
vn 0.5388 0.7264 -0.4268
vn -0.5076 -0.7108 0.4868
vn 0.6194 0.7851 -0.0004
vn 0.4721 0.8816 -0.0002
vn -0.8238 -0.5669 0.0004
vn 0.4321 0.6626 0.6118
vn 0.5277 0.7352 0.4254
vn 0.5098 0.3873 0.7682
vn 0.8300 0.3529 0.4318
vn 0.4875 0.3564 0.7971
vn 0.8301 0.3528 0.4319
vn -0.6363 -0.6322 0.4422
vn 0.5090 0.7380 0.4429
vn -0.7891 -0.4479 -0.4204
vn 0.5098 0.3872 0.7682
vn 0.7821 0.4774 0.4006
vn 0.5091 0.7378 0.4432
vn 0.5166 0.4369 0.7364
vn -0.8022 -0.5146 -0.3026
vn 0.6271 0.2604 0.7341
vn 0.2127 0.0196 0.9769
vn 0.6269 0.2605 0.7342
vn 0.4112 0.1119 0.9047
vn 0.7712 0.6316 0.0796
vn 0.7822 0.4774 0.4004
vn 0.6303 0.1688 0.7578
vn 0.1388 -0.1848 0.9729
vn 0.4468 -0.2287 0.8649
vn 0.0825 -0.2078 0.9747
vn 0.6302 0.1687 0.7579
vn 0.6937 0.2254 0.6840
vn 0.3113 0.1873 0.9317
vn 0.1378 -0.3271 0.9349
vn -0.2827 -0.4217 0.8616
vn 0.5026 0.0597 0.8625
vn -0.0766 0.4827 0.8724
vn 0.2139 0.6535 0.7261
vn 0.3694 0.8201 0.4370
vn 0.1359 0.3123 0.9402
vn -0.2905 -0.1537 0.9445
vn 0.1802 0.3814 0.9067
vn 0.1529 -0.1433 0.9778
vn -0.2429 -0.2812 0.9284
vn 0.1806 0.9026 -0.3907
vn -0.4834 -0.7520 0.4481
vn 0.2994 0.6864 0.6628
vn 0.2034 0.9791 -0.0001
vn -0.7563 -0.6543 0.0003
vn 0.6109 0.7026 0.3649
vn 0.6465 0.5609 -0.5172
vn -0.3340 -0.5580 0.7597
vn 0.3928 0.8379 -0.3790
vn -0.7223 -0.4808 0.4971
vn -0.3237 -0.5661 0.7581
vn -0.4027 -0.7968 0.4504
vn -0.2657 -0.9012 0.3423
vn -0.3240 -0.5664 0.7577
vn -0.7222 -0.4810 0.4971
vn -0.4974 -0.7581 0.4217
vn 0.4649 0.8807 -0.0906
vn -0.0701 -0.2450 0.9670
vn -0.1262 -0.7069 0.6960
vn -0.4389 -0.3903 0.8093
vn -0.0270 -0.3516 0.9358
vn -0.1263 -0.7069 0.6959
vn -0.3235 -0.5665 0.7580
vn -0.2134 -0.6538 0.7260
vn -0.2135 -0.6536 0.7261
vn -0.2098 -0.2689 0.9400
vn 0.1479 -0.1127 0.9826
vn 0.1155 -0.5603 0.8202
vn -0.2097 -0.2689 0.9401
vn 0.1243 -0.1439 0.9818
vn 0.1157 -0.5606 0.8200
vn -0.0466 0.0611 0.9970
vn 0.1093 -0.0818 0.9906
vn -0.2052 -0.3933 0.8962
vn -0.4460 -0.5194 0.7289
vn -0.3956 -0.9184 -0.0001
vn 0.4143 0.7423 0.5267
vn 0.6622 0.7493 -0.0000
vn 0.3140 0.9494 -0.0000
vn -0.6120 -0.7909 0.0001
vn -0.2376 -0.8849 -0.4006
vn -0.3704 -0.8233 0.4301
vn 0.5371 0.7233 0.4340
vn 0.1758 0.9068 0.3831
vn -0.4593 -0.7821 -0.4212
vn 0.2342 0.5872 0.7748
vn 0.2603 0.6231 0.7376
vn 0.5276 0.7353 0.4254
vn 0.1757 0.9070 0.3828
vn 0.4398 0.4882 0.7538
vn 0.2972 0.6026 0.7406
vn 0.1224 0.1535 0.9805
vn 0.4396 0.4884 0.7538
vn 0.5357 0.8155 0.2191
vn 0.2971 0.6027 0.7406
vn 0.4643 -0.0699 0.8829
vn 0.5286 0.4033 0.7469
vn 0.5098 0.3873 0.7681
vn 0.0954 -0.1738 0.9801
vn 0.2216 -0.2139 0.9514
vn 0.4440 0.2962 0.8456
vn 0.0636 0.0362 0.9973
vn 0.0192 -0.5941 0.8041
vn 0.1682 -0.1544 0.9736
vn -0.3457 -0.5810 0.7368
vn -0.2851 -0.6786 0.6769
vn -0.4353 -0.4298 0.7910
vn 0.5737 0.7881 -0.2228
vn -0.0425 -0.2955 0.9544
vn -0.2846 -0.6785 0.6772
vn -0.6429 -0.7115 0.2837
vn -0.0879 -0.4518 0.8878
vn 0.1777 0.8079 -0.5619
vn -0.4976 -0.7581 0.4215
vn -0.2917 -0.6809 0.6718
vn -0.4353 -0.4299 0.7910
vn -0.2801 -0.9127 0.2975
vn 0.5519 0.6927 0.4642
vn 0.5499 0.7112 -0.4380
vn -0.2418 -0.6245 0.7426
vn 0.3631 0.8695 -0.3349
vn -0.5745 -0.6889 0.4420
vn 0.4386 0.6877 0.5786
vn -0.7631 -0.6463 0.0003
vn 0.3375 0.9413 -0.0001
vn 0.3933 0.8379 0.3785
vn -0.6000 -0.7999 -0.0090
vn -0.7229 -0.4807 -0.4963
vn -0.6001 -0.7999 -0.0094
vn 0.6501 0.5636 0.5097
vn 0.1874 0.3638 0.9124
vn 0.3930 0.8378 0.3790
vn 0.3245 0.5661 0.7578
vn 0.4101 0.7975 0.4425
vn 0.6503 0.5632 0.5098
vn 0.4100 0.7975 0.4425
vn 0.0989 0.7997 0.5922
vn 0.4651 0.8806 0.0908
vn 0.3652 0.5550 0.7474
vn -0.4672 -0.7628 -0.4470
vn 0.3650 0.5554 0.7472
vn -0.1269 -0.7069 -0.6959
vn 0.0991 0.8000 0.5918
vn -0.0518 0.2675 0.9622
vn 0.3650 0.5551 0.7474
vn 0.1850 0.9220 0.3402
vn 0.1927 -0.9209 0.3389
vn -0.0385 -0.6774 0.7346
vn -0.3806 -0.8138 0.4392
vn 0.2838 0.8502 -0.4435
vn -0.3250 -0.8435 0.4276
vn -0.0438 -0.6763 0.7353
vn -0.3805 -0.8137 0.4395
vn 0.4895 0.8720 -0.0002
vn -0.0953 -0.9955 0.0001
vn 0.2351 0.6178 0.7503
vn 0.2210 0.9753 -0.0000
vn -0.6238 -0.7816 0.0001
vn 0.3706 0.5301 0.7627
vn 0.3198 0.8458 0.4270
vn 0.6498 0.6241 0.4338
vn -0.5611 -0.8277 0.0003
vn 0.3762 0.8211 0.4294
vn 0.6501 0.6237 0.4341
vn -0.2869 -0.8628 -0.4163
vn 0.4204 0.7930 0.4409
vn 0.3762 0.8210 0.4295
vn 0.5126 0.4023 0.7585
vn 0.4513 0.8322 0.3220
vn 0.2140 0.6535 0.7260
vn 0.4507 0.7788 0.4364
vn 0.0867 0.3916 0.9160
vn 0.1809 0.9026 0.3905
vn -0.1015 -0.9308 -0.3512
vn -0.5388 -0.7204 -0.4367
vn -0.6166 -0.7873 0.0003
vn 0.3985 0.7581 0.5161
vn -0.4015 -0.7437 0.5345
vn -0.3375 -0.9413 -0.0000
vn 0.1976 0.9803 -0.0001
vn 0.7171 0.6970 -0.0003
vn -0.7283 -0.5339 0.4295
vn 0.5036 0.7717 0.3884
vn -0.3803 -0.5156 0.7678
vn -0.2864 -0.8629 0.4163
vn 0.3758 0.8210 -0.4297
vn 0.6496 0.6238 -0.4347
vt 34.104198 -25.029699
vt 34.061100 -25.062700
vt 34.108601 -25.035900
vt 33.937599 -25.084101
vt 34.065201 -25.091000
vt 34.062401 -25.084101
vt 34.064301 -25.081699
vt 34.111301 -25.034700
vt 34.105999 -25.029400
vt 34.148499 -24.997400
vt 34.153999 -25.002600
vt 34.069500 -25.087200
vt 34.157501 -24.998800
vt 34.150501 -24.995800
vt 34.062199 -24.771200
vt 34.090900 -24.846399
vt 34.067799 -24.766300
vt 34.104599 -24.819599
vt 34.153999 -24.864100
vt 34.109901 -24.814199
vt 34.148602 -24.869200
vt 34.065300 -24.776100
vt 33.934700 -24.776100
vt 34.062302 -24.783001
vt 33.937698 -24.783001
vt 33.849499 -24.871201
vt 33.851398 -24.869200
vt 33.895401 -24.819599
vt 33.846001 -24.864100
vt 33.890099 -24.814199
vt 33.842499 -24.868299
vt 33.849499 -24.995800
vt 33.932201 -24.766300
vt 33.909100 -24.846399
vt 33.937801 -24.771200
vt 34.010399 -25.219601
vt 34.005199 -25.222099
vt 34.011600 -25.220900
vt 34.006001 -25.220100
vt 34.016701 -25.193501
vt 34.010899 -25.219400
vt 34.006001 -25.217199
vt 34.004799 -25.217100
vt 34.021000 -25.183001
vt 34.013802 -25.217100
vt 34.043999 -25.163500
vt 34.041901 -25.166800
vt 34.019699 -25.218599
vt 34.021801 -25.183901
vt 34.021702 -25.180300
vt 34.042801 -25.162701
vt 34.039902 -25.104401
vt 34.041199 -25.099199
vt 33.919102 -25.064800
vt 33.932598 -24.998699
vt 33.926800 -24.995800
vt 33.925999 -25.066401
vt 33.933201 -24.997299
vt 33.926800 -25.068600
vt 33.934200 -25.000601
vt 33.919601 -25.070400
vt 33.931999 -25.129400
vt 33.926800 -25.069901
vt 33.939201 -25.128201
vt 33.933399 -25.133301
vt 33.954300 -25.183599
vt 33.940601 -25.131201
vt 33.947300 -25.186501
vt 33.951302 -25.191500
vt 33.977501 -25.206699
vt 33.956501 -25.186300
vt 33.972599 -25.212299
vt 33.998600 -25.228201
vt 33.994499 -25.235201
vt 33.997601 -25.235500
vt 33.990898 -25.233700
vt 33.993999 -25.226801
vt 33.989601 -25.226400
vt 33.986500 -25.233200
vt 33.993999 -25.233601
vt 33.996601 -25.227100
vt 33.993500 -25.226000
vt 33.990398 -25.231701
vt 33.988400 -25.226200
vt 33.991501 -25.223499
vt 33.988400 -25.224701
vt 33.987000 -25.228500
vt 33.988400 -25.221300
vt 33.982700 -25.226000
vt 33.976002 -25.203400
vt 33.969501 -25.206499
vt 33.992699 -25.225000
vt 33.996601 -25.225599
vt 33.993401 -25.223900
vt 33.991798 -25.227501
vt 33.994202 -25.223101
vt 33.994801 -25.222099
vt 34.000000 -25.227699
vt 33.988400 -25.220900
vt 33.991299 -25.222500
vt 33.998600 -25.224501
vt 33.996601 -25.221701
vt 34.000000 -25.220900
vt 34.001400 -25.224501
vt 34.003399 -25.221701
vt 34.003601 -25.219601
vt 34.001801 -25.221300
vt 33.998199 -25.221300
vt 33.996399 -25.219601
vt 33.995201 -25.217100
vt 34.000000 -25.218700
vt 33.989601 -25.219601
vt 33.993999 -25.220100
vt 33.993999 -25.217199
vt 33.983299 -25.193501
vt 33.989101 -25.219400
vt 33.979000 -25.183001
vt 33.986198 -25.217100
vt 33.978199 -25.183901
vt 33.980301 -25.218599
vt 33.956001 -25.163500
vt 33.958099 -25.166800
vt 33.978298 -25.180300
vt 33.957199 -25.162701
vt 33.960098 -25.104401
vt 33.958801 -25.099199
vt 33.981998 -25.148199
vt 33.982899 -25.152300
vt 33.980598 -25.182699
vt 33.994301 -25.212500
vt 33.998299 -25.178301
vt 34.000000 -25.177900
vt 34.000000 -25.189501
vt 33.996899 -25.216499
vt 34.003101 -25.216499
vt 34.005699 -25.212500
vt 34.019402 -25.182699
vt 34.017101 -25.152300
vt 34.018002 -25.148199
vt 34.001701 -25.178301
vt 34.000000 -25.175100
vt 34.016399 -25.148100
vt 34.000000 -25.092501
vt 34.000000 -25.086901
vt 33.983601 -25.148100
vt 33.981602 -25.144400
vt 33.998501 -25.087299
vt 33.970501 -25.036699
vt 33.969898 -25.033001
vt 33.960300 -25.098900
vt 33.963699 -25.031000
vt 33.953602 -25.094200
vt 33.968899 -25.033899
vt 33.958302 -25.096701
vt 33.927898 -25.067801
vt 33.928001 -25.071501
vt 33.948399 -25.159300
vt 33.958099 -25.100201
vt 33.952599 -25.098600
vt 33.955002 -25.160299
vt 33.949100 -25.166401
vt 33.962101 -25.195900
vt 33.956100 -25.164200
vt 33.968800 -25.193199
vt 33.964001 -25.199900
vt 33.986301 -25.223600
vt 33.970402 -25.196400
vt 33.980099 -25.228001
vt 34.013699 -25.223600
vt 34.035999 -25.199900
vt 34.029598 -25.196400
vt 34.019901 -25.228001
vt 34.010399 -25.226400
vt 34.009102 -25.233700
vt 34.013500 -25.233200
vt 34.006001 -25.226801
vt 34.001400 -25.228201
vt 34.002399 -25.235500
vt 34.005501 -25.235201
vt 34.006001 -25.233601
vt 34.006500 -25.226000
vt 34.003399 -25.227100
vt 34.009602 -25.231701
vt 34.008499 -25.223499
vt 34.011600 -25.226200
vt 34.011600 -25.224701
vt 34.013000 -25.228500
vt 34.011600 -25.221300
vt 34.017300 -25.226000
vt 34.023998 -25.203400
vt 34.030499 -25.206499
vt 34.003399 -25.225599
vt 34.007301 -25.225000
vt 34.006599 -25.223900
vt 34.008202 -25.227501
vt 34.005798 -25.223101
vt 34.008701 -25.222500
vt 34.018398 -25.144400
vt 34.039700 -25.098900
vt 34.029499 -25.036699
vt 34.030102 -25.033001
vt 34.001499 -25.087299
vt 34.028500 -25.033100
vt 34.000000 -25.084101
vt 34.000000 -24.977200
vt 34.000000 -24.973499
vt 33.971500 -25.033100
vt 33.953201 -24.924000
vt 33.998402 -24.974100
vt 33.934898 -24.996799
vt 33.927898 -24.991899
vt 33.951698 -24.922899
vt 33.946098 -24.918501
vt 33.933102 -24.995899
vt 34.092602 -25.000700
vt 34.074600 -25.059500
vt 34.099300 -25.004400
vt 34.145901 -24.978100
vt 34.093498 -25.026699
vt 34.151501 -24.983101
vt 34.088299 -25.021400
vt 34.112598 -25.031900
vt 34.147499 -24.976999
vt 34.106499 -25.027500
vt 34.157501 -24.868299
vt 34.150501 -24.871201
vt 34.147301 -24.857500
vt 34.130299 -24.935301
vt 34.154701 -24.857500
vt 34.123100 -24.935301
vt 34.103298 -24.993900
vt 34.113499 -25.063101
vt 34.110802 -24.994499
vt 34.120399 -25.065100
vt 34.068001 -25.113100
vt 34.117901 -25.070400
vt 34.112499 -25.065399
vt 34.073200 -25.118500
vt 33.934799 -25.091000
vt 33.891399 -25.035900
vt 33.938900 -25.062700
vt 33.895802 -25.029699
vt 33.842499 -24.998800
vt 33.935699 -25.081699
vt 33.888699 -25.034700
vt 33.930500 -25.087200
vt 33.894001 -25.029400
vt 33.846001 -25.002600
vt 33.851501 -24.997400
vt 33.852501 -24.976999
vt 33.887402 -25.031900
vt 33.893501 -25.027500
vt 33.848499 -24.983101
vt 33.906502 -25.026699
vt 33.854099 -24.978100
vt 33.911701 -25.021400
vt 33.852699 -24.857500
vt 33.869701 -24.935301
vt 33.876900 -24.935301
vt 33.845299 -24.857500
vt 33.889198 -24.994499
vt 33.886501 -25.063101
vt 33.896702 -24.993900
vt 33.879601 -25.065100
vt 33.900700 -25.004400
vt 33.925400 -25.059500
vt 33.907398 -25.000700
vt 33.909401 -25.028099
vt 33.960701 -25.052401
vt 33.913700 -25.021999
vt 34.079399 -24.922600
vt 34.113499 -24.979700
vt 34.120399 -24.976500
vt 34.073502 -24.927200
vt 33.886501 -24.979700
vt 33.920601 -24.922600
vt 33.879601 -24.976500
vt 33.926498 -24.927200
vt 34.046799 -24.924000
vt 34.001598 -24.974100
vt 34.066799 -24.997299
vt 34.065102 -24.996799
vt 34.073200 -25.068600
vt 34.065800 -25.000601
vt 34.041698 -25.096701
vt 34.072102 -25.067801
vt 34.031101 -25.033899
vt 34.046398 -25.094200
vt 34.036301 -25.031000
vt 34.071999 -25.071501
vt 34.041901 -25.100201
vt 34.051601 -25.159300
vt 34.047401 -25.098600
vt 34.044998 -25.160299
vt 34.043900 -25.164200
vt 34.037899 -25.195900
vt 34.050900 -25.166401
vt 34.031200 -25.193199
vt 33.924801 -25.118500
vt 33.898300 -25.058599
vt 33.917999 -25.121799
vt 33.905602 -25.056700
vt 33.886200 -24.982401
vt 33.897301 -25.054701
vt 33.904701 -25.054001
vt 33.878700 -24.982700
vt 34.019100 -25.200701
vt 34.046799 -25.169100
vt 34.042400 -25.163500
vt 34.049801 -25.167101
vt 34.079102 -25.125299
vt 34.044498 -25.161900
vt 34.073002 -25.120701
vt 34.082001 -25.121799
vt 34.101700 -25.058599
vt 34.075199 -25.118500
vt 34.094398 -25.056700
vt 34.102699 -25.054701
vt 34.113800 -24.982401
vt 34.095299 -25.054001
vt 34.121300 -24.982700
vt 34.048302 -24.922899
vt 34.072102 -24.991899
vt 34.053902 -24.918501
vt 34.066898 -24.995899
vt 34.067402 -24.998699
vt 34.080898 -25.064800
vt 34.073200 -24.995800
vt 34.074001 -25.066401
vt 34.073200 -25.069901
vt 34.068001 -25.129400
vt 34.080399 -25.070400
vt 34.060799 -25.128201
vt 34.059399 -25.131201
vt 34.045700 -25.183599
vt 34.066601 -25.133301
vt 34.052700 -25.186501
vt 34.022499 -25.206699
vt 34.048698 -25.191500
vt 34.043499 -25.186300
vt 34.027401 -25.212299
vt 33.953201 -25.169100
vt 33.980900 -25.200701
vt 33.957600 -25.163500
vt 33.955502 -25.161900
vt 33.920898 -25.125299
vt 33.950199 -25.167101
vt 33.926998 -25.120701
vt 34.086300 -25.021999
vt 34.039299 -25.052401
vt 34.090599 -25.028099
vt 33.882099 -25.070400
vt 33.931999 -25.113100
vt 33.887501 -25.065399
vt 33.926800 -25.118500
vt 33.775101 -25.061100
vt 33.704201 -25.000000
vt 33.703999 -25.001600
vt 33.634201 -25.062300
vt 33.706402 -25.105900
vt 33.706402 -25.104200
vt 33.777302 -25.060900
vt 33.631901 -25.062401
vt 33.631901 -24.937599
vt 33.634201 -24.937700
vt 33.634800 -25.064301
vt 33.703701 -25.106001
vt 33.632301 -25.150499
vt 33.634899 -25.148500
vt 33.989300 -25.041500
vt 34.069599 -25.078400
vt 34.073002 -25.078100
vt 33.887199 -25.090700
vt 33.986401 -25.041901
vt 33.887600 -25.088400
vt 33.814301 -25.063299
vt 33.983101 -25.039200
vt 33.884201 -25.084000
vt 33.893799 -25.000000
vt 33.893799 -25.002501
vt 33.809101 -25.063801
vt 33.798500 -25.146200
vt 33.884102 -25.090900
vt 33.881001 -25.086000
vt 33.800098 -25.151100
vt 33.799702 -25.154200
vt 33.720600 -25.109501
vt 33.717499 -25.109900
vt 33.808899 -25.067801
vt 33.804001 -25.063801
vt 33.717300 -25.107401
vt 33.635799 -25.065201
vt 33.719700 -25.000000
vt 33.719601 -25.002701
vt 33.632599 -25.065300
vt 33.714802 -25.109900
vt 33.633900 -25.069099
vt 33.633801 -25.153999
vt 33.633801 -24.939899
vt 33.632599 -24.934700
vt 33.633801 -25.060101
vt 33.716900 -25.000000
vt 33.635799 -24.934799
vt 33.719601 -24.997299
vt 33.804001 -24.936199
vt 33.809101 -24.936199
vt 33.722900 -25.000000
vt 33.809200 -25.058701
vt 33.890598 -25.000000
vt 33.809200 -24.941299
vt 33.717499 -24.890100
vt 33.717300 -24.892599
vt 33.633801 -24.846001
vt 33.633900 -24.930901
vt 33.714802 -24.890100
vt 33.709702 -24.843599
vt 33.635201 -24.849501
vt 33.709202 -24.851101
vt 33.633900 -24.842100
vt 33.635899 -24.842600
vt 33.711800 -24.851900
vt 33.712002 -24.844400
vt 33.795101 -24.845699
vt 33.799702 -24.845800
vt 33.795898 -24.852600
vt 33.635101 -24.849501
vt 33.720600 -24.890499
vt 33.884102 -24.909100
vt 33.887199 -24.909300
vt 33.798500 -24.853800
vt 33.800098 -24.848900
vt 33.881001 -24.914000
vt 33.808899 -24.932199
vt 33.884201 -24.916000
vt 33.983101 -24.960800
vt 33.887600 -24.911600
vt 33.814301 -24.936701
vt 33.986401 -24.958099
vt 33.893799 -24.997499
vt 34.355999 -25.010401
vt 34.362499 -25.009300
vt 34.356499 -25.006001
vt 34.362598 -25.013700
vt 34.335098 -25.029400
vt 34.358200 -25.019699
vt 34.353699 -25.013800
vt 34.355301 -25.026199
vt 34.335499 -25.042801
vt 34.341499 -25.047300
vt 34.349300 -25.021700
vt 34.269199 -24.926001
vt 34.186600 -24.898300
vt 34.184502 -24.905600
vt 34.271801 -24.919100
vt 34.239601 -24.925900
vt 34.286301 -24.931999
vt 34.241299 -24.918600
vt 34.284100 -24.939199
vt 34.260300 -24.955700
vt 34.302898 -24.947300
vt 34.258701 -24.949699
vt 34.303501 -24.954300
vt 34.262501 -24.957399
vt 34.306000 -24.955299
vt 34.258999 -24.956100
vt 34.304901 -24.956499
vt 34.314201 -24.977501
vt 34.316399 -24.978300
vt 34.288399 -24.982000
vt 34.285099 -24.981300
vt 34.309101 -25.000000
vt 34.309700 -24.998400
vt 34.338001 -24.994400
vt 34.341702 -24.995199
vt 34.315899 -24.979900
vt 34.347301 -24.988400
vt 34.325001 -24.982800
vt 34.348301 -24.994900
vt 34.342300 -24.993900
vt 34.344398 -24.986300
vt 34.344799 -24.996401
vt 34.346600 -25.000000
vt 34.347198 -24.998199
vt 34.351002 -24.998600
vt 34.355000 -25.000000
vt 34.347801 -24.996700
vt 34.345901 -24.989599
vt 34.346600 -24.993999
vt 34.349098 -24.991301
vt 34.349800 -24.994101
vt 34.352699 -24.996599
vt 34.351101 -24.993500
vt 34.352600 -24.992701
vt 34.355000 -24.996599
vt 34.354801 -24.987000
vt 34.348400 -24.988400
vt 34.351501 -24.991501
vt 34.352100 -24.982700
vt 34.353500 -24.988400
vt 34.355301 -24.988400
vt 34.355099 -24.991301
vt 34.354099 -24.993401
vt 34.356800 -24.994801
vt 34.355400 -24.994200
vt 34.356602 -25.001400
vt 34.363201 -25.005699
vt 34.362801 -25.002501
vt 34.356602 -24.998600
vt 34.362801 -24.997499
vt 34.363201 -24.994301
vt 34.355999 -24.989599
vt 34.362499 -24.990700
vt 34.362598 -24.986300
vt 34.356499 -24.993999
vt 34.358200 -24.980301
vt 34.335098 -24.970600
vt 34.353699 -24.986200
vt 34.335499 -24.957199
vt 34.355301 -24.973801
vt 34.341499 -24.952801
vt 34.349300 -24.978300
vt 34.365799 -25.000000
vt 34.360600 -24.996901
vt 34.358501 -25.000000
vt 34.360600 -25.003099
vt 34.272301 -24.927900
vt 34.310001 -24.958300
vt 34.277302 -24.923201
vt 34.315399 -24.953600
vt 34.332600 -24.955000
vt 34.290100 -24.933701
vt 34.287601 -24.940800
vt 34.336300 -24.948500
vt 34.307098 -24.955500
vt 34.334499 -24.962099
vt 34.309101 -24.948400
vt 34.332100 -24.968800
vt 34.308601 -24.957199
vt 34.344799 -24.980101
vt 34.317799 -24.977699
vt 34.308601 -25.042801
vt 34.316399 -25.021700
vt 34.306000 -25.044701
vt 34.344398 -25.013700
vt 34.317799 -25.022301
vt 34.344799 -25.019899
vt 34.347301 -25.011600
vt 34.325001 -25.017200
vt 34.345901 -25.010401
vt 34.346600 -25.006001
vt 34.348301 -25.005100
vt 34.342300 -25.006100
vt 34.341702 -25.004801
vt 34.344501 -25.000000
vt 34.341301 -25.003099
vt 34.319199 -25.000000
vt 34.341301 -24.996901
vt 34.344799 -25.003599
vt 34.347198 -25.001801
vt 34.347801 -25.003300
vt 34.351002 -25.001400
vt 34.352699 -25.003401
vt 34.349800 -25.005899
vt 34.349098 -25.008699
vt 34.351101 -25.006500
vt 34.352600 -25.007299
vt 34.348400 -25.011600
vt 34.354801 -25.013000
vt 34.351501 -25.008499
vt 34.352100 -25.017300
vt 34.353500 -25.011600
vt 34.355301 -25.011600
vt 34.355099 -25.008699
vt 34.354099 -25.006599
vt 34.355000 -25.003401
vt 34.356800 -25.005199
vt 34.355400 -25.005800
vt 34.238201 -25.000000
vt 34.300400 -25.032499
vt 34.300301 -25.027901
vt 34.300301 -24.972099
vt 34.300400 -24.967501
vt 34.235001 -25.000000
vt 34.296600 -24.966801
vt 34.234798 -24.997499
vt 34.181702 -24.950399
vt 34.177502 -24.950001
vt 34.220600 -24.927999
vt 34.221199 -24.930401
vt 34.216801 -24.934900
vt 34.292000 -24.969700
vt 34.076302 -24.922001
vt 34.175900 -24.946100
vt 34.146099 -24.882299
vt 34.213600 -24.933100
vt 34.217602 -24.927900
vt 34.143299 -24.887300
vt 34.144699 -24.879101
vt 34.014400 -25.074301
vt 33.930901 -25.038900
vt 34.010799 -25.074600
vt 33.931198 -25.040001
vt 34.008999 -25.079901
vt 33.857498 -25.087700
vt 33.853600 -25.087900
vt 33.947201 -25.093800
vt 33.946800 -25.092600
vt 33.943699 -25.094801
vt 33.855400 -25.094299
vt 33.944801 -25.101700
vt 33.854099 -25.088400
vt 33.788601 -25.146500
vt 33.791000 -25.153000
vt 33.850899 -25.088301
vt 33.785801 -25.147301
vt 33.785702 -25.145901
vt 33.709301 -25.105600
vt 33.634602 -25.150499
vt 33.706200 -25.106501
vt 33.707001 -25.112600
vt 33.783501 -25.147499
vt 33.783100 -25.154499
vt 33.636101 -25.157301
vt 33.785999 -25.147200
vt 33.715099 -25.156000
vt 33.787201 -25.154699
vt 33.868301 -25.130301
vt 33.633900 -25.157900
vt 33.709702 -25.156401
vt 33.635201 -25.150499
vt 33.709202 -25.148899
vt 33.635899 -25.157400
vt 33.711800 -25.148100
vt 33.635101 -25.150499
vt 33.712002 -25.155600
vt 33.795898 -25.147400
vt 33.795101 -25.154301
vt 33.714901 -25.148399
vt 33.866001 -25.123100
vt 33.804501 -25.152901
vt 33.869400 -25.121799
vt 33.801201 -25.146400
vt 33.871799 -25.129000
vt 33.966801 -25.094700
vt 33.969200 -25.101400
vt 33.971802 -25.100500
vt 33.947601 -25.093700
vt 33.873001 -25.122101
vt 33.947701 -25.101000
vt 34.039600 -25.104300
vt 33.874401 -25.129499
vt 34.039600 -25.111900
vt 34.012501 -25.080900
vt 34.096199 -25.113501
vt 34.014900 -25.074900
vt 34.093899 -25.120399
vt 34.099098 -25.113899
vt 34.017399 -25.074200
vt 34.098499 -25.112499
vt 34.067001 -25.053499
vt 34.147400 -25.068001
vt 34.068699 -25.048100
vt 34.146702 -25.073200
vt 34.150299 -25.067801
vt 34.068199 -25.047100
vt 34.071301 -25.046801
vt 34.136299 -25.000000
vt 34.136700 -25.001499
vt 34.150101 -25.066299
vt 33.634602 -24.940399
vt 33.634602 -25.059601
vt 33.701401 -25.000000
vt 33.703999 -24.998400
vt 33.775101 -24.938900
vt 33.706402 -24.894100
vt 33.706402 -24.895800
vt 33.777302 -24.939100
vt 33.707001 -25.000000
vt 33.634800 -24.935699
vt 33.703701 -24.893999
vt 33.632301 -24.849501
vt 33.634899 -24.851500
vt 33.634602 -24.849501
vt 33.707001 -24.887400
vt 33.706200 -24.893499
vt 33.636101 -24.842699
vt 33.783100 -24.845501
vt 33.783501 -24.852501
vt 33.709301 -24.894400
vt 33.785801 -24.852699
vt 33.785702 -24.854099
vt 33.850899 -24.911699
vt 33.853600 -24.912100
vt 33.943699 -24.905199
vt 33.855400 -24.905701
vt 33.854099 -24.911600
vt 33.788601 -24.853500
vt 33.791000 -24.847000
vt 33.944801 -24.898300
vt 33.947201 -24.906200
vt 33.785999 -24.852800
vt 33.868301 -24.869699
vt 33.787201 -24.845301
vt 33.715099 -24.844000
vt 33.866001 -24.876900
vt 33.714901 -24.851601
vt 33.801201 -24.853600
vt 33.869400 -24.878201
vt 33.804501 -24.847099
vt 33.966801 -24.905300
vt 33.871799 -24.871000
vt 33.969200 -24.898600
vt 33.971802 -24.899500
vt 33.947701 -24.899000
vt 33.873001 -24.877899
vt 33.947601 -24.906300
vt 34.039600 -24.895700
vt 33.874401 -24.870501
vt 34.039600 -24.888100
vt 34.096199 -24.886499
vt 34.012501 -24.919100
vt 34.014900 -24.925100
vt 34.093899 -24.879601
vt 33.857498 -24.912300
vt 33.946800 -24.907400
vt 34.008999 -24.920099
vt 33.931198 -24.959999
vt 34.010799 -24.925400
vt 33.930901 -24.961100
vt 34.014400 -24.925699
vt 33.927399 -24.960699
vt 33.853500 -24.913700
vt 33.779999 -24.939301
vt 33.847198 -25.000000
vt 33.847401 -24.998501
vt 33.777302 -24.940800
vt 33.844501 -25.000000
vt 33.777302 -25.059200
vt 34.043400 -25.110701
vt 34.139702 -25.113501
vt 34.043800 -25.103300
vt 34.139500 -25.120399
vt 33.974800 -25.101000
vt 33.974098 -25.094000
vt 34.144699 -25.120899
vt 33.972301 -25.098900
vt 34.067799 -25.073000
vt 33.970501 -25.092501
vt 33.888199 -25.085199
vt 33.890999 -25.090599
vt 33.988701 -25.043699
vt 34.139500 -24.879601
vt 34.043400 -24.889299
vt 34.139702 -24.886499
vt 34.043800 -24.896700
vt 33.974800 -24.899000
vt 33.974098 -24.906000
vt 34.073002 -24.921900
vt 33.972301 -24.901100
vt 33.888199 -24.914801
vt 33.970501 -24.907499
vt 34.067799 -24.927000
vt 34.069599 -24.921600
vt 33.890999 -24.909401
vt 33.989300 -24.958500
vt 33.988701 -24.956301
vt 34.085400 -25.000000
vt 33.992802 -24.958200
vt 34.073299 -24.924200
vt 34.171799 -24.950199
vt 34.084999 -24.997499
vt 34.177502 -25.049999
vt 34.231899 -25.000000
vt 34.177399 -25.045000
vt 34.088799 -25.000000
vt 34.177399 -24.955000
vt 34.181702 -25.049601
vt 34.296600 -25.033199
vt 34.234798 -25.002501
vt 34.220600 -25.072001
vt 34.221199 -25.069599
vt 34.292000 -25.030300
vt 34.216801 -25.065100
vt 34.277302 -25.076799
vt 34.310001 -25.041700
vt 34.272301 -25.072100
vt 34.315399 -25.046400
vt 34.290100 -25.066299
vt 34.332600 -25.045000
vt 34.287601 -25.059200
vt 34.336300 -25.051500
vt 34.334499 -25.037901
vt 34.307098 -25.044600
vt 34.309101 -25.051600
vt 34.332100 -25.031200
vt 34.235901 -24.924801
vt 34.150799 -24.925800
vt 34.151100 -24.931601
vt 34.235802 -24.917999
vt 34.182400 -24.897301
vt 34.099701 -24.886299
vt 34.180801 -24.904699
vt 34.100300 -24.878799
vt 34.211399 -25.031601
vt 34.214802 -25.031099
vt 34.140400 -25.000000
vt 34.214802 -24.968901
vt 34.214600 -25.029499
vt 34.214600 -24.970501
vt 34.244499 -25.000000
vt 34.247101 -25.000000
vt 34.217499 -24.969101
vt 34.217499 -25.030899
vt 34.247601 -25.001499
vt 34.258598 -25.042400
vt 34.258999 -25.043900
vt 34.256500 -25.044500
vt 34.215302 -25.032101
vt 34.255100 -25.049801
vt 34.154400 -25.067101
vt 34.238899 -25.074200
vt 34.237999 -25.073000
vt 34.150799 -25.074200
vt 34.235901 -25.075199
vt 34.151100 -25.068399
vt 34.235802 -25.082001
vt 34.100300 -25.121201
vt 34.182400 -25.102699
vt 34.099701 -25.113701
vt 34.180801 -25.095301
vt 33.897800 -25.000000
vt 33.989300 -25.038900
vt 34.081902 -25.000000
vt 33.989300 -24.961100
vt 33.992802 -25.041800
vt 34.073299 -25.075800
vt 34.171799 -25.049801
vt 34.084999 -25.002501
vt 34.076302 -25.077999
vt 34.175900 -25.053900
vt 34.213600 -25.066900
vt 34.146099 -25.117701
vt 34.217602 -25.072100
vt 34.143299 -25.112700
vt 34.186600 -25.101700
vt 34.269199 -25.073999
vt 34.184502 -25.094400
vt 34.271801 -25.080900
vt 34.241299 -25.081400
vt 34.286301 -25.068001
vt 34.239601 -25.074100
vt 34.284100 -25.060801
vt 34.258701 -25.050301
vt 34.302898 -25.052700
vt 34.260300 -25.044300
vt 34.303501 -25.045700
vt 34.262501 -25.042601
vt 34.285099 -25.018700
vt 34.282600 -25.019100
vt 34.304901 -25.043501
vt 34.314201 -25.022499
vt 34.288399 -25.018000
vt 34.315899 -25.020100
vt 34.338001 -25.005600
vt 34.309700 -25.001600
vt 34.306702 -25.000000
vt 34.285000 -25.017099
vt 34.250702 -25.000000
vt 34.285000 -24.982901
vt 34.282600 -24.980900
vt 34.247601 -24.998501
vt 34.258598 -24.957600
vt 34.255100 -24.950199
vt 34.215302 -24.967899
vt 34.256500 -24.955500
vt 34.150299 -24.932199
vt 34.154400 -24.932899
vt 34.238899 -24.925800
vt 34.237999 -24.927000
vt 33.779999 -25.060699
vt 33.847401 -25.001499
vt 33.927399 -25.039301
vt 33.853500 -25.086300
vt 33.930901 -25.037300
vt 33.851002 -25.000000
vt 33.998699 -25.000000
vt 33.930901 -24.962700
vt 34.002300 -25.000000
vt 33.934299 -24.960899
vt 34.014198 -24.927299
vt 34.065601 -24.952999
vt 34.002499 -24.998400
vt 34.068199 -24.952900
vt 34.017399 -24.925800
vt 34.099098 -24.886101
vt 34.098499 -24.887501
vt 34.147400 -24.931999
vt 34.067001 -24.946501
vt 34.068699 -24.951900
vt 34.146702 -24.926800
vt 34.071301 -24.953199
vt 34.150101 -24.933701
vt 34.211399 -24.968399
vt 34.136700 -24.998501
vt 34.133400 -25.000000
vt 34.068298 -24.954599
vt 34.005299 -25.000000
vt 34.068298 -25.045401
vt 34.065601 -25.047001
vt 34.002499 -25.001600
vt 33.934299 -25.039101
vt 34.014198 -25.072701
vt 34.224998 -25.069799
vt 34.292702 -25.035900
vt 34.224899 -25.062700
vt 34.365799 -25.083799
vt 34.363701 -25.090500
vt 34.293598 -25.029100
vt 34.222698 -25.062500
vt 34.368099 -25.084101
vt 34.365200 -25.081699
vt 34.365101 -24.997400
vt 34.296299 -25.029400
vt 34.367699 -24.995800
vt 34.016899 -24.871500
vt 34.112400 -24.846201
vt 34.013599 -24.865200
vt 34.115799 -24.851400
vt 34.189701 -24.771400
vt 34.185699 -24.765600
vt 34.013500 -24.873400
vt 34.116001 -24.851999
vt 34.118999 -24.851299
vt 34.192501 -24.769800
vt 34.282398 -24.819401
vt 34.279400 -24.819799
vt 34.199902 -24.849001
vt 34.201500 -24.854601
vt 34.279400 -24.814400
vt 34.192600 -24.771200
vt 34.282700 -24.812700
vt 34.195000 -24.770000
vt 34.282501 -24.818701
vt 34.364700 -24.782900
vt 34.195999 -24.763100
vt 34.364201 -24.775900
vt 34.367001 -24.783001
vt 34.364498 -24.869200
vt 34.285198 -24.819599
vt 34.364399 -24.784599
vt 34.283100 -24.769199
vt 34.364399 -24.782900
vt 34.366199 -24.775499
vt 34.282902 -24.776800
vt 34.280102 -24.777300
vt 34.280399 -24.769800
vt 34.192501 -24.770000
vt 34.277100 -24.769600
vt 34.190800 -24.762699
vt 34.109402 -24.810301
vt 34.277000 -24.777201
vt 34.112900 -24.816999
vt 34.282501 -24.813999
vt 34.190899 -24.762899
vt 34.285198 -24.814199
vt 34.367199 -24.868299
vt 34.366199 -24.864100
vt 34.367401 -24.776100
vt 34.366100 -24.993099
vt 34.365799 -24.873301
vt 34.290298 -24.923800
vt 34.366901 -24.998800
vt 34.287701 -24.923599
vt 34.364101 -24.868099
vt 34.287998 -24.920799
vt 34.204899 -24.852699
vt 34.200298 -24.852400
vt 34.282501 -24.816500
vt 34.115898 -24.846399
vt 34.112801 -24.847300
vt 34.191101 -24.766300
vt 34.109901 -24.818501
vt 34.106201 -24.812000
vt 33.644001 -25.219601
vt 33.641899 -25.194000
vt 33.637402 -25.220900
vt 33.647900 -25.193501
vt 33.640400 -25.217199
vt 33.643200 -25.222099
vt 33.643501 -25.220100
vt 33.639099 -25.217100
vt 33.649502 -25.183001
vt 33.644699 -25.220900
vt 33.666302 -25.195400
vt 33.646301 -25.217100
vt 33.664902 -25.194599
vt 33.663799 -25.166800
vt 33.665100 -25.163500
vt 33.650799 -25.183901
vt 33.664501 -25.162701
vt 33.680099 -25.102400
vt 33.658501 -25.161400
vt 33.685299 -25.104401
vt 33.646301 -25.148701
vt 33.645100 -25.148199
vt 33.650700 -25.180300
vt 33.687698 -25.099199
vt 33.779400 -24.993601
vt 33.851002 -24.981300
vt 33.855301 -24.978201
vt 33.814701 -25.056299
vt 33.780399 -24.995800
vt 33.728199 -25.064800
vt 33.813400 -25.054100
vt 33.724201 -25.067101
vt 33.699600 -25.028799
vt 33.776001 -24.996901
vt 33.810902 -25.058399
vt 33.760502 -25.122900
vt 33.727100 -25.070400
vt 33.758701 -25.120001
vt 33.713699 -25.129400
vt 33.711601 -25.131500
vt 33.758099 -25.125601
vt 33.743000 -25.168100
vt 33.713501 -25.133301
vt 33.741299 -25.166500
vt 33.697102 -25.186501
vt 33.693901 -25.189699
vt 33.718102 -25.208599
vt 33.740002 -25.170700
vt 33.714100 -25.201401
vt 33.687302 -25.212299
vt 33.716202 -25.206800
vt 33.685799 -25.206699
vt 33.696999 -25.191500
vt 33.685001 -25.214100
vt 33.711601 -25.203899
vt 33.690300 -25.213499
vt 33.713799 -25.210699
vt 33.693298 -25.220400
vt 33.661999 -25.228201
vt 33.664902 -25.234699
vt 33.651402 -25.236099
vt 33.655201 -25.229300
vt 33.652802 -25.228600
vt 33.648998 -25.228201
vt 33.647099 -25.235500
vt 33.659000 -25.237301
vt 33.652599 -25.233700
vt 33.649899 -25.234800
vt 33.676701 -25.219299
vt 33.657700 -25.228901
vt 33.657501 -25.234699
vt 33.653400 -25.226801
vt 33.648102 -25.233801
vt 33.650200 -25.226801
vt 33.647301 -25.227100
vt 33.644299 -25.233601
vt 33.651199 -25.232000
vt 33.645199 -25.228500
vt 33.643700 -25.230499
vt 33.659100 -25.206499
vt 33.647900 -25.228201
vt 33.640099 -25.224501
vt 33.644798 -25.226000
vt 33.663898 -25.198500
vt 33.655201 -25.228001
vt 33.645000 -25.225599
vt 33.638901 -25.227501
vt 33.640202 -25.230700
vt 33.636799 -25.226000
vt 33.643398 -25.224501
vt 33.642502 -25.221701
vt 33.640701 -25.219601
vt 33.634399 -25.223600
vt 33.635399 -25.225100
vt 33.637199 -25.228701
vt 33.641998 -25.221300
vt 33.637501 -25.223301
vt 33.632099 -25.219000
vt 33.637299 -25.226101
vt 33.634998 -25.219400
vt 33.643398 -25.183399
vt 33.641800 -25.218599
vt 33.645100 -25.184700
vt 33.661900 -25.197201
vt 33.659302 -25.168800
vt 33.660801 -25.164000
vt 33.644699 -25.180201
vt 33.640900 -25.147900
vt 33.638199 -25.146500
vt 33.639599 -25.212500
vt 33.635700 -25.177799
vt 33.632401 -25.212099
vt 33.643200 -25.178301
vt 33.637600 -25.152399
vt 33.644798 -25.152300
vt 33.634899 -25.188900
vt 33.639400 -25.216499
vt 33.642399 -25.189501
vt 33.634201 -25.221001
vt 33.631901 -25.217199
vt 33.642502 -25.182899
vt 33.648998 -25.182699
vt 33.638302 -25.145800
vt 33.636299 -25.173901
vt 33.645401 -25.148100
vt 33.668499 -25.089100
vt 33.643799 -25.175100
vt 33.675301 -25.092501
vt 33.682301 -25.097099
vt 33.647202 -25.144400
vt 33.671101 -25.083900
vt 33.640900 -25.141001
vt 33.677898 -25.087299
vt 33.696899 -25.034000
vt 33.703499 -25.036699
vt 33.689999 -25.096701
vt 33.706299 -25.033899
vt 33.684601 -25.094200
vt 33.701599 -25.031000
vt 33.722698 -25.064501
vt 33.721600 -25.071400
vt 33.683800 -25.098600
vt 33.663700 -25.159300
vt 33.709900 -25.129801
vt 33.709099 -25.135500
vt 33.664799 -25.166401
vt 33.665501 -25.195900
vt 33.690899 -25.186800
vt 33.665699 -25.199900
vt 33.682201 -25.207500
vt 33.683102 -25.212900
vt 33.690800 -25.193001
vt 33.694000 -25.185900
vt 33.691399 -25.188101
vt 33.683601 -25.208401
vt 33.667702 -25.196400
vt 33.655602 -25.223600
vt 33.652699 -25.226200
vt 33.658298 -25.230000
vt 33.674999 -25.213499
vt 33.654099 -25.226400
vt 33.655399 -25.233200
vt 33.651699 -25.227800
vt 33.658699 -25.229601
vt 33.655602 -25.235800
vt 33.660599 -25.236799
vt 33.684101 -25.224701
vt 33.655499 -25.228201
vt 33.680801 -25.217899
vt 33.650101 -25.235201
vt 33.652199 -25.228300
vt 33.653500 -25.236700
vt 33.647999 -25.232901
vt 33.650902 -25.226500
vt 33.648899 -25.226000
vt 33.645000 -25.231701
vt 33.647400 -25.225000
vt 33.648499 -25.223499
vt 33.661201 -25.203400
vt 33.651600 -25.224701
vt 33.646500 -25.221300
vt 33.645901 -25.223900
vt 33.640099 -25.227501
vt 33.642101 -25.229700
vt 33.681499 -25.096300
vt 33.687302 -25.098900
vt 33.699699 -25.028400
vt 33.673100 -25.080299
vt 33.705700 -25.033100
vt 33.761799 -24.971800
vt 33.679600 -25.084101
vt 33.767101 -24.977200
vt 33.765202 -24.968599
vt 33.703400 -25.025299
vt 33.770401 -24.974100
vt 33.818298 -24.919300
vt 33.708000 -25.030600
vt 33.823601 -24.924000
vt 33.822498 -24.915600
vt 33.782398 -24.991899
vt 33.824100 -24.918501
vt 33.923698 -24.922100
vt 33.853901 -24.974899
vt 33.989201 -25.059500
vt 34.069099 -25.052299
vt 34.068802 -25.051201
vt 34.142502 -25.022100
vt 34.053200 -25.000700
vt 34.142502 -25.027700
vt 34.146400 -25.021400
vt 34.052799 -24.999701
vt 33.991001 -25.064600
vt 34.053600 -25.004400
vt 33.985600 -25.060499
vt 34.145901 -25.019800
vt 34.056301 -24.999300
vt 34.211399 -24.976999
vt 34.214199 -24.976900
vt 34.131100 -24.935699
vt 34.131500 -24.937201
vt 34.290699 -25.028900
vt 34.222599 -25.061199
vt 34.149101 -25.021400
vt 34.216499 -24.976999
vt 34.293800 -25.027500
vt 34.365398 -24.995701
vt 34.287998 -24.923599
vt 34.287899 -24.925200
vt 34.364601 -24.873501
vt 34.290798 -24.923800
vt 34.364799 -24.992901
vt 34.367199 -24.871201
vt 34.364899 -24.871099
vt 34.282299 -24.821100
vt 34.204102 -24.855700
vt 34.288200 -24.922001
vt 34.201698 -24.855600
vt 34.285099 -24.923700
vt 34.214001 -24.975300
vt 34.201801 -24.857500
vt 34.133999 -24.935301
vt 34.198799 -24.856501
vt 34.130600 -24.934200
vt 34.033199 -24.924299
vt 34.116402 -24.853500
vt 34.029800 -24.925600
vt 34.126999 -24.936600
vt 34.030300 -24.927000
vt 34.052399 -24.998199
vt 33.960400 -24.991100
vt 33.956699 -24.992500
vt 34.049198 -25.001200
vt 33.957298 -24.993900
vt 33.985100 -25.059000
vt 33.903801 -25.063101
vt 33.900902 -25.064400
vt 33.982601 -25.061701
vt 33.931801 -25.123400
vt 33.931301 -25.122200
vt 33.852600 -25.113100
vt 33.849701 -25.114201
vt 33.928699 -25.124001
vt 33.850899 -25.120899
vt 33.929501 -25.131100
vt 33.849899 -25.114700
vt 33.788601 -25.156200
vt 33.790600 -25.163000
vt 34.365398 -25.083700
vt 34.297001 -25.080999
vt 34.365501 -25.091200
vt 34.298599 -25.073601
vt 34.294899 -25.079901
vt 34.296001 -25.072500
vt 34.365799 -25.087200
vt 34.365601 -25.002600
vt 34.295101 -25.034700
vt 34.292702 -25.034500
vt 34.363899 -24.998501
vt 34.292999 -25.031900
vt 34.216900 -24.979900
vt 34.287601 -24.926399
vt 34.213100 -24.979500
vt 34.290298 -25.034300
vt 34.213402 -24.983101
vt 34.147701 -25.026699
vt 34.221699 -25.066900
vt 34.145302 -25.026699
vt 34.209000 -24.980200
vt 34.144600 -25.024401
vt 34.055199 -25.002300
vt 34.128899 -24.935900
vt 34.129299 -24.938499
vt 34.053001 -25.002600
vt 34.131699 -24.935301
vt 34.212799 -24.975300
vt 34.284901 -24.923599
vt 34.200600 -24.857500
vt 34.195499 -24.854401
vt 34.128201 -24.933500
vt 34.030800 -24.921801
vt 34.028198 -24.923000
vt 34.113098 -24.849600
vt 34.125599 -24.937201
vt 34.052299 -25.000401
vt 33.960400 -24.991199
vt 34.028999 -24.925400
vt 33.957298 -24.992100
vt 34.050598 -25.003799
vt 33.958401 -24.994499
vt 33.906101 -25.065100
vt 33.988201 -25.065100
vt 33.987499 -25.062799
vt 33.901501 -25.067101
vt 34.070099 -25.057699
vt 34.070499 -25.059099
vt 34.072399 -25.059401
vt 34.152599 -25.056900
vt 34.072601 -25.052401
vt 34.220001 -25.062201
vt 34.218300 -25.069099
vt 34.151901 -25.064400
vt 34.292999 -25.072901
vt 34.221901 -25.069799
vt 34.292500 -25.080400
vt 34.154400 -25.065399
vt 34.155499 -25.057899
vt 34.222698 -25.062300
vt 33.857101 -24.980801
vt 33.860298 -24.979700
vt 33.956200 -24.990999
vt 34.025902 -24.926800
vt 33.928299 -24.925800
vt 33.928902 -24.927200
vt 33.932201 -24.924200
vt 34.111801 -24.853500
vt 34.029499 -24.924700
vt 34.109001 -24.848900
vt 34.027699 -24.921101
vt 34.013901 -24.874399
vt 33.860500 -24.976500
vt 33.956600 -24.989700
vt 34.025200 -24.924000
vt 33.926998 -24.920500
vt 33.928001 -24.922600
vt 33.930401 -24.919201
vt 34.011299 -24.868500
vt 34.010700 -24.866899
vt 34.007198 -24.867800
vt 33.916901 -24.899099
vt 34.009399 -24.874500
vt 33.828201 -24.913900
vt 33.829399 -24.920900
vt 33.915001 -24.891899
vt 33.911201 -24.892900
vt 33.826099 -24.921900
vt 33.913300 -24.900200
vt 33.822601 -24.915199
vt 33.772900 -24.972000
vt 33.768101 -24.966200
vt 33.778801 -24.992599
vt 33.783199 -24.996799
vt 33.783600 -24.997299
vt 33.826000 -24.921700
vt 33.705502 -25.033001
vt 33.780300 -25.000601
vt 33.728100 -25.068600
vt 33.727699 -25.067801
vt 33.725700 -25.071501
vt 33.713501 -25.130199
vt 33.712399 -25.129299
vt 33.667400 -25.160299
vt 33.688801 -25.100201
vt 33.710602 -25.134100
vt 33.692902 -25.184799
vt 33.666599 -25.164200
vt 33.667900 -25.193199
vt 33.764198 -25.121799
vt 33.850399 -25.119699
vt 33.849201 -25.117701
vt 33.897099 -25.069099
vt 33.815800 -25.058599
vt 33.817600 -25.054701
vt 33.899700 -25.062901
vt 33.954201 -24.993500
vt 33.857498 -24.982700
vt 33.787998 -25.163900
vt 33.859600 -25.140301
vt 33.785400 -25.156900
vt 33.861801 -25.147499
vt 33.755501 -25.176600
vt 33.758598 -25.183599
vt 33.782501 -25.158600
vt 33.744099 -25.169100
vt 33.785198 -25.165100
vt 33.721500 -25.206400
vt 33.717400 -25.200701
vt 33.741402 -25.163500
vt 33.785198 -25.157101
vt 33.741001 -25.163200
vt 33.743500 -25.161900
vt 33.784698 -25.156000
vt 33.845600 -25.115801
vt 33.762699 -25.125299
vt 33.846699 -25.121201
vt 33.761101 -25.120001
vt 33.762001 -25.120701
vt 33.764099 -25.118500
vt 33.848900 -25.112801
vt 33.897999 -25.065399
vt 33.816299 -25.055300
vt 33.817001 -25.056700
vt 33.819199 -25.054001
vt 33.900299 -25.062901
vt 33.953499 -24.993900
vt 33.857899 -24.982401
vt 34.102200 -24.812799
vt 34.010700 -24.866600
vt 34.105499 -24.819700
vt 34.013500 -24.873501
vt 33.920601 -24.896900
vt 33.918098 -24.889700
vt 33.926701 -24.919300
vt 33.928101 -24.925200
vt 33.924999 -24.927401
vt 33.856701 -24.979900
vt 33.786400 -24.995899
vt 33.826698 -24.922899
vt 33.854401 -24.982500
vt 33.815498 -25.053900
vt 33.730801 -25.066401
vt 33.784199 -24.998699
vt 33.812599 -25.057699
vt 33.729301 -25.069901
vt 33.760399 -25.118700
vt 33.715900 -25.128201
vt 33.758301 -25.121901
vt 33.714699 -25.131201
vt 33.739700 -25.162201
vt 33.696499 -25.183599
vt 33.737499 -25.165800
vt 33.714901 -25.202299
vt 33.695099 -25.186300
vt 33.685902 -25.214899
vt 33.684101 -25.208799
vt 33.696602 -25.219299
vt 33.715000 -25.202101
vt 33.693298 -25.212500
vt 33.718700 -25.208700
vt 33.753601 -25.186001
vt 33.749298 -25.179701
vt 33.756199 -25.183500
vt 33.752399 -25.177099
vt 33.787399 -25.163601
vt 33.744900 -25.167101
vt 33.786499 -25.161900
vt 34.145500 -25.028099
vt 34.146500 -25.021999
vt 34.148998 -25.058300
vt 34.070599 -25.059401
vt 34.149502 -25.065901
vt 34.069099 -25.052200
vt 34.001301 -25.088200
vt 34.003799 -25.095400
vt 34.068501 -25.060400
vt 34.065701 -25.054001
vt 33.997501 -25.088400
vt 34.000999 -25.094999
vt 33.938301 -25.127800
vt 33.934399 -25.122000
vt 33.934200 -25.129999
vt 33.985298 -25.066299
vt 33.903099 -25.070400
vt 33.853298 -25.118500
vt 33.863300 -25.138300
vt 33.865002 -25.145599
vt 33.994701 -25.090200
vt 33.931702 -25.123199
vt 33.998299 -25.096901
vt 33.868301 -25.145201
vt 33.866600 -25.137800
vt 33.934399 -25.130301
vt 33.988800 -25.066299
vt 33.985802 -25.061001
vt 33.937698 -25.083799
vt 33.930901 -24.779200
vt 33.935902 -24.784599
vt 33.939899 -24.775499
vt 34.059799 -24.782900
vt 34.060101 -24.775499
vt 33.940201 -24.782900
vt 34.064098 -24.784599
vt 34.069099 -24.779200
vt 34.150501 -24.992901
vt 34.157902 -24.873301
vt 34.150398 -24.873501
vt 34.157902 -24.993099
vt 34.150501 -24.871099
vt 34.111301 -24.816500
vt 34.105301 -24.821100
vt 33.992199 -25.226101
vt 34.000000 -25.233900
vt 33.997501 -25.228701
vt 33.983601 -25.224501
vt 33.990700 -25.223301
vt 33.986301 -25.220900
vt 33.978600 -25.194000
vt 33.993198 -25.219000
vt 33.974499 -25.183399
vt 33.970600 -25.194599
vt 33.964100 -25.197201
vt 33.952400 -25.168800
vt 33.973301 -25.184700
vt 33.949799 -25.164000
vt 33.973801 -25.180201
vt 33.952801 -25.161400
vt 33.953899 -25.097099
vt 33.955002 -25.102400
vt 33.975700 -25.147900
vt 33.979500 -25.146500
vt 34.113098 -24.982500
vt 34.101700 -25.054100
vt 34.119701 -24.981300
vt 34.094398 -25.053900
vt 34.079498 -25.067101
vt 34.071999 -24.993601
vt 34.070801 -24.996901
vt 34.093899 -25.057699
vt 34.081402 -25.120001
vt 34.101200 -25.058399
vt 34.074100 -25.118700
vt 34.073399 -25.121901
vt 34.050301 -25.166500
vt 34.080002 -25.125601
vt 34.044300 -25.162201
vt 34.042599 -25.165800
vt 34.019798 -25.201401
vt 34.047798 -25.170700
vt 34.024700 -25.206800
vt 34.003601 -25.229300
vt 34.001801 -25.236099
vt 34.004700 -25.236700
vt 34.010899 -25.234699
vt 34.021801 -25.219299
vt 34.006100 -25.228901
vt 34.017200 -25.213499
vt 34.008099 -25.233801
vt 34.008701 -25.226500
vt 34.005901 -25.226801
vt 34.011501 -25.232901
vt 34.017300 -25.228201
vt 34.011600 -25.227501
vt 34.006100 -25.230700
vt 34.009800 -25.229700
vt 34.010799 -25.230499
vt 34.007801 -25.226101
vt 34.016399 -25.224501
vt 33.994301 -25.226000
vt 33.995098 -25.223600
vt 34.000000 -25.224199
vt 33.998199 -25.225100
vt 34.002499 -25.228701
vt 34.001801 -25.225100
vt 34.005699 -25.226000
vt 34.004902 -25.223600
vt 34.006802 -25.219000
vt 34.000000 -25.221001
vt 34.009300 -25.223301
vt 34.001999 -25.217199
vt 34.013699 -25.220900
vt 34.021400 -25.194000
vt 34.025501 -25.183399
vt 34.029400 -25.194599
vt 34.035900 -25.197201
vt 34.047600 -25.168800
vt 34.026699 -25.184700
vt 34.050201 -25.164000
vt 34.026199 -25.180201
vt 34.047199 -25.161400
vt 34.020500 -25.146500
vt 34.024300 -25.147900
vt 34.044998 -25.102400
vt 34.019501 -25.152399
vt 34.023300 -25.182899
vt 34.008099 -25.212099
vt 34.000000 -25.177299
vt 34.002300 -25.177799
vt 34.000000 -25.188900
vt 33.998001 -25.217199
vt 33.991901 -25.212099
vt 33.976700 -25.182899
vt 33.980499 -25.152399
vt 33.997700 -25.177799
vt 34.000000 -25.173901
vt 33.984299 -25.145800
vt 34.000000 -25.089100
vt 34.000000 -25.083401
vt 34.015701 -25.145800
vt 34.021000 -25.141001
vt 34.046101 -25.097099
vt 34.002399 -25.083900
vt 34.032001 -25.034000
vt 34.032501 -25.028799
vt 34.043800 -25.096300
vt 34.076801 -25.064501
vt 34.078400 -25.071400
vt 34.066299 -25.129801
vt 34.059200 -25.129299
vt 34.058201 -25.134100
vt 34.051601 -25.186800
vt 34.065498 -25.135500
vt 34.044601 -25.184799
vt 34.027500 -25.212900
vt 34.042801 -25.188101
vt 34.022301 -25.207500
vt 34.048599 -25.193001
vt 33.972500 -25.212900
vt 33.957199 -25.188101
vt 33.951401 -25.193001
vt 33.977699 -25.207500
vt 33.978199 -25.219299
vt 33.993900 -25.228901
vt 33.982800 -25.213499
vt 33.989101 -25.234699
vt 33.998199 -25.236099
vt 33.996399 -25.229300
vt 33.995300 -25.236700
vt 33.991299 -25.226500
vt 33.991901 -25.233801
vt 33.994099 -25.226801
vt 33.988499 -25.232901
vt 33.982700 -25.228201
vt 33.989201 -25.230499
vt 33.993900 -25.230700
vt 33.990200 -25.229700
vt 33.988400 -25.227501
vt 33.967999 -25.034000
vt 33.956200 -25.096300
vt 33.979000 -25.141001
vt 33.967499 -25.028799
vt 33.997601 -25.083900
vt 34.000000 -25.080299
vt 33.972099 -25.028400
vt 34.000000 -24.971800
vt 34.000000 -24.967899
vt 34.027901 -25.028400
vt 34.049599 -24.919300
vt 34.002499 -24.968599
vt 34.069599 -24.992599
vt 34.072800 -24.927401
vt 34.117699 -24.974899
vt 34.077999 -24.922100
vt 33.907200 -25.027700
vt 33.959999 -25.051201
vt 33.912300 -25.022100
vt 33.911598 -25.019800
vt 33.853500 -24.976999
vt 33.905701 -25.024401
vt 33.932999 -25.066900
vt 33.894402 -25.028900
vt 33.889000 -25.034300
vt 33.938000 -25.061199
vt 33.849499 -24.992901
vt 33.842098 -24.873301
vt 33.842098 -24.993099
vt 33.849602 -24.873501
vt 33.888699 -24.816500
vt 33.849499 -24.871099
vt 33.894699 -24.821100
vt 33.878201 -24.934200
vt 33.847099 -24.854401
vt 33.870998 -24.933500
vt 33.898800 -25.003799
vt 33.925098 -25.059000
vt 33.905800 -25.001200
vt 33.919102 -25.062799
vt 33.920502 -25.066299
vt 33.951900 -25.122200
vt 33.925800 -25.061701
vt 33.946499 -25.127300
vt 33.940201 -25.091200
vt 34.059601 -25.083700
vt 33.940399 -25.083700
vt 34.059799 -25.091200
vt 34.062302 -25.083799
vt 34.105598 -25.028900
vt 34.067001 -25.066900
vt 34.111000 -25.034300
vt 34.062000 -25.061199
vt 34.094299 -25.024401
vt 34.146500 -24.976999
vt 34.088402 -25.019800
vt 34.152901 -24.854401
vt 34.121799 -24.934200
vt 34.129002 -24.933500
vt 34.074902 -25.059000
vt 34.101200 -25.003799
vt 34.094200 -25.001200
vt 34.080898 -25.062799
vt 34.087700 -25.022100
vt 34.040001 -25.051201
vt 34.092800 -25.027700
vt 33.950401 -24.919300
vt 33.997501 -24.968599
vt 33.928001 -24.993601
vt 33.930401 -24.992599
vt 33.920502 -25.067101
vt 33.923199 -25.064501
vt 33.929199 -24.996901
vt 33.921600 -25.071400
vt 33.933701 -25.129801
vt 33.940800 -25.129299
vt 33.934502 -25.135500
vt 33.948399 -25.186800
vt 33.941799 -25.134100
vt 33.955399 -25.184799
vt 34.074200 -25.117701
vt 34.113098 -25.065399
vt 34.068401 -25.112801
vt 34.119598 -25.069099
vt 34.113701 -25.062901
vt 34.111401 -24.993500
vt 34.103802 -24.993900
vt 34.121201 -25.062901
vt 34.000000 -25.177601
vt 33.998501 -25.177099
vt 33.956100 -25.163200
vt 33.927601 -25.121201
vt 33.967899 -25.156000
vt 33.932899 -25.115801
vt 33.886902 -25.065399
vt 33.925800 -25.117701
vt 33.931599 -25.112801
vt 33.880402 -25.069099
vt 33.886299 -25.062901
vt 33.888599 -24.993500
vt 33.878799 -25.062901
vt 33.896198 -24.993900
vt 33.922001 -24.922100
vt 33.882301 -24.974899
vt 33.927200 -24.927401
vt 33.905602 -25.053900
vt 33.886902 -24.982500
vt 33.898300 -25.054100
vt 33.880299 -24.981300
vt 33.898800 -25.058399
vt 33.918598 -25.120001
vt 33.906101 -25.057699
vt 33.925900 -25.118700
vt 33.949600 -25.166500
vt 33.926601 -25.121901
vt 33.919998 -25.125601
vt 33.955700 -25.162201
vt 33.952202 -25.170700
vt 33.980202 -25.201401
vt 33.957401 -25.165800
vt 33.975300 -25.206800
vt 34.001499 -25.177099
vt 34.043900 -25.163200
vt 34.067101 -25.115801
vt 34.032101 -25.156000
vt 34.072399 -25.121201
vt 34.074200 -25.061701
vt 34.048100 -25.122200
vt 34.079498 -25.066299
vt 34.053501 -25.127300
vt 34.292702 -25.111200
vt 34.224998 -25.063999
vt 34.221901 -25.063900
vt 34.294800 -25.000000
vt 34.294899 -25.002800
vt 34.363701 -25.065100
vt 34.292702 -25.108601
vt 34.366699 -25.065201
vt 34.365501 -25.059799
vt 34.295101 -25.111300
vt 34.365101 -25.148500
vt 34.296299 -25.106001
vt 34.365799 -25.069500
vt 34.366901 -25.157499
vt 34.115799 -25.084000
vt 34.016899 -25.039200
vt 34.116001 -25.085699
vt 34.189701 -25.060600
vt 34.109798 -25.000000
vt 34.109901 -25.001600
vt 34.192501 -25.061100
vt 34.013500 -25.038700
vt 34.201698 -25.147499
vt 34.118999 -25.086000
vt 34.201500 -25.146200
vt 34.279400 -25.104200
vt 34.282398 -25.104601
vt 34.191101 -25.067801
vt 34.192600 -25.062201
vt 34.195000 -25.061001
vt 34.282501 -25.102800
vt 34.364700 -25.062401
vt 34.279999 -25.000000
vt 34.280102 -25.001699
vt 34.367001 -25.062300
vt 34.285198 -25.109900
vt 34.366100 -25.069099
vt 34.285198 -25.104601
vt 34.364399 -25.064100
vt 34.364498 -25.148600
vt 34.367001 -24.937700
vt 34.364399 -25.059900
vt 34.364399 -24.940100
vt 34.282902 -25.000000
vt 34.364700 -24.937599
vt 34.280102 -24.998301
vt 34.195000 -24.938999
vt 34.277000 -25.000000
vt 34.192501 -25.059401
vt 34.112900 -25.000000
vt 34.192501 -24.938900
vt 34.192501 -24.940599
vt 34.282398 -24.895399
vt 34.282501 -24.897200
vt 34.364498 -24.851400
vt 34.364399 -24.935900
vt 34.367199 -24.849501
vt 34.285198 -24.895399
vt 34.366100 -24.930901
vt 34.285198 -24.890100
vt 34.364601 -24.849600
vt 34.290298 -24.843599
vt 34.290798 -24.851101
vt 34.365799 -24.842100
vt 34.204102 -24.852600
vt 34.282501 -24.888700
vt 34.204899 -24.845699
vt 34.364101 -24.842600
vt 34.364899 -24.849501
vt 34.282299 -24.894699
vt 34.201698 -24.852501
vt 34.279400 -24.895800
vt 34.201500 -24.853800
vt 34.118999 -24.914000
vt 34.116001 -24.914301
vt 34.191101 -24.932199
vt 34.192600 -24.937799
vt 34.189701 -24.939400
vt 34.115799 -24.916000
vt 34.016899 -24.960800
vt 34.109901 -24.998400
vt 33.645100 -25.026699
vt 33.663799 -25.041901
vt 33.650799 -25.021799
vt 33.659302 -25.047600
vt 33.640900 -25.024300
vt 33.680099 -25.045000
vt 33.646301 -25.019100
vt 33.851002 -24.880301
vt 33.780399 -24.926800
vt 33.854401 -24.886900
vt 33.784199 -24.932600
vt 33.729301 -24.926800
vt 33.810902 -24.898800
vt 33.727100 -24.919600
vt 33.812599 -24.906099
vt 33.758099 -24.920000
vt 33.713501 -24.933399
vt 33.758301 -24.926600
vt 33.714699 -24.940599
vt 33.743000 -24.950800
vt 33.693901 -24.948799
vt 33.740002 -24.952200
vt 33.718102 -24.978500
vt 33.716202 -24.975300
vt 33.687302 -24.972601
vt 33.696999 -24.951300
vt 33.685001 -24.973499
vt 33.713799 -24.979601
vt 33.694000 -25.000000
vt 33.693298 -24.997601
vt 33.664902 -24.991699
vt 33.659000 -24.993299
vt 33.685902 -24.975700
vt 33.652401 -25.000000
vt 33.653500 -24.995300
vt 33.651402 -24.998199
vt 33.647099 -24.997601
vt 33.649899 -24.992500
vt 33.650101 -24.994499
vt 33.640598 -25.000000
vt 33.652599 -24.990900
vt 33.657501 -24.989100
vt 33.676701 -24.978201
vt 33.651199 -24.983801
vt 33.655399 -24.986500
vt 33.648102 -24.991899
vt 33.647999 -24.988501
vt 33.644299 -24.993999
vt 33.643700 -24.989201
vt 33.645000 -24.990400
vt 33.640202 -24.993900
vt 33.645199 -24.987000
vt 33.647900 -24.982700
vt 33.640099 -24.983601
vt 33.644798 -24.982700
vt 33.655201 -24.980101
vt 33.640099 -24.988400
vt 33.642101 -24.990200
vt 33.638901 -24.991800
vt 33.644901 -24.991301
vt 33.644600 -24.994200
vt 33.637299 -24.992201
vt 33.640701 -25.003599
vt 33.635399 -25.001801
vt 33.634399 -25.004900
vt 33.635399 -24.998199
vt 33.640701 -24.996401
vt 33.634399 -24.995100
vt 33.650799 -24.978201
vt 33.663799 -24.958099
vt 33.645100 -24.973301
vt 33.659302 -24.952400
vt 33.646301 -24.980900
vt 33.680099 -24.955000
vt 33.640900 -24.975700
vt 33.776001 -24.929199
vt 33.706299 -24.968901
vt 33.780300 -24.934200
vt 33.701599 -24.963699
vt 33.721600 -24.921600
vt 33.683800 -24.952600
vt 33.725700 -24.927999
vt 33.688801 -24.958099
vt 33.709099 -24.934500
vt 33.664799 -24.949100
vt 33.710602 -24.941799
vt 33.666599 -24.956100
vt 33.691399 -24.957199
vt 33.665699 -24.964001
vt 33.667702 -24.970400
vt 33.690800 -24.951401
vt 33.683102 -24.972500
vt 33.685001 -25.026501
vt 33.690800 -25.048599
vt 33.693901 -25.051201
vt 33.683102 -25.027500
vt 33.691399 -25.042801
vt 33.665699 -25.035999
vt 33.667702 -25.029600
vt 33.651199 -25.016199
vt 33.655201 -25.019899
vt 33.676701 -25.021799
vt 33.655399 -25.013500
vt 33.652599 -25.009100
vt 33.659000 -25.006701
vt 33.657501 -25.010900
vt 33.649899 -25.007500
vt 33.653500 -25.004700
vt 33.647999 -25.011499
vt 33.650101 -25.005501
vt 33.655602 -25.000000
vt 33.660599 -25.001801
vt 33.684101 -25.000000
vt 33.660599 -24.998199
vt 33.651402 -25.001801
vt 33.647099 -25.002399
vt 33.644299 -25.006001
vt 33.648102 -25.008101
vt 33.643700 -25.010799
vt 33.645000 -25.009600
vt 33.647900 -25.017300
vt 33.645199 -25.013000
vt 33.640099 -25.016399
vt 33.644798 -25.017300
vt 33.640099 -25.011600
vt 33.642101 -25.009800
vt 33.640202 -25.006100
vt 33.644901 -25.008699
vt 33.638901 -25.008200
vt 33.644600 -25.005800
vt 33.637299 -25.007799
vt 33.705502 -25.030100
vt 33.767101 -25.000000
vt 33.705700 -25.028500
vt 33.705502 -24.969900
vt 33.705700 -24.971500
vt 33.770100 -25.000000
vt 33.708000 -24.969700
vt 33.770401 -24.998400
vt 33.823601 -24.953199
vt 33.826000 -24.952801
vt 33.783600 -24.933201
vt 33.783199 -24.934900
vt 33.923698 -24.922001
vt 33.826698 -24.951700
vt 33.924999 -24.927200
vt 33.824100 -24.946100
vt 33.857101 -24.886000
vt 33.856701 -24.887300
vt 33.786400 -24.933100
vt 33.938301 -25.049900
vt 33.988201 -25.079599
vt 33.988800 -25.077200
vt 34.068501 -25.042000
vt 34.070499 -25.041800
vt 33.991001 -25.079901
vt 34.070099 -25.043600
vt 34.142502 -25.092800
vt 34.145302 -25.093100
vt 34.053600 -25.099300
vt 34.053200 -25.092600
vt 34.053001 -25.100800
vt 34.055199 -25.101700
vt 34.050598 -25.101200
vt 34.131500 -25.121901
vt 34.056301 -25.094801
vt 34.211399 -25.146500
vt 34.209000 -25.153000
vt 34.129299 -25.129101
vt 34.213100 -25.154400
vt 34.147701 -25.093500
vt 34.221699 -25.066999
vt 34.290298 -25.111000
vt 34.216900 -25.154499
vt 34.287899 -25.148100
vt 34.216499 -25.147499
vt 34.365398 -25.150499
vt 34.363899 -25.157301
vt 34.287601 -25.155600
vt 34.364601 -25.150400
vt 34.290298 -25.156401
vt 34.365799 -25.157900
vt 34.290798 -25.148899
vt 34.367199 -25.150499
vt 34.282299 -25.105301
vt 34.204102 -25.147400
vt 34.282501 -25.111300
vt 34.364899 -25.150499
vt 34.364101 -25.157400
vt 34.204899 -25.154301
vt 34.200600 -25.154699
vt 34.284901 -25.156000
vt 34.201801 -25.147301
vt 34.285099 -25.148399
vt 34.198799 -25.146400
vt 34.113098 -25.091999
vt 34.195499 -25.152901
vt 34.030800 -25.101400
vt 34.033199 -25.094700
vt 34.116402 -25.086399
vt 34.028999 -25.100800
vt 34.126999 -25.122101
vt 34.030300 -25.093599
vt 33.960400 -25.104300
vt 34.125599 -25.129499
vt 33.960400 -25.111900
vt 33.958401 -25.110800
vt 34.049198 -25.094200
vt 33.957298 -25.103300
vt 33.901501 -25.120899
vt 33.985298 -25.079500
vt 33.982601 -25.074200
vt 33.901501 -25.112499
vt 33.903099 -25.117901
vt 33.934200 -25.050100
vt 33.932999 -25.053499
vt 33.853298 -25.073200
vt 33.850399 -25.072901
vt 33.929501 -25.049500
vt 33.865398 -25.000000
vt 33.865002 -25.002600
vt 33.790600 -25.034300
vt 33.850899 -25.070601
vt 34.366699 -24.934799
vt 34.365501 -24.940201
vt 34.297001 -25.000000
vt 34.363701 -24.934900
vt 34.294899 -24.997200
vt 34.224998 -24.936001
vt 34.292702 -24.888800
vt 34.292702 -24.891399
vt 34.366901 -24.842501
vt 34.365799 -24.930500
vt 34.295101 -24.888700
vt 34.296299 -24.893999
vt 34.365101 -24.851500
vt 34.363899 -24.842699
vt 34.287899 -24.851900
vt 34.365398 -24.849501
vt 34.216900 -24.845501
vt 34.216499 -24.852501
vt 34.287601 -24.844400
vt 34.213100 -24.845600
vt 34.290298 -24.889000
vt 34.221901 -24.936100
vt 34.292500 -25.000000
vt 34.221699 -24.933001
vt 34.147701 -24.906500
vt 34.145302 -24.906900
vt 34.209000 -24.847000
vt 34.131500 -24.878099
vt 34.211399 -24.853500
vt 34.055199 -24.898300
vt 34.056301 -24.905199
vt 34.129299 -24.870899
vt 34.053001 -24.899200
vt 34.284901 -24.844000
vt 34.201801 -24.852699
vt 34.285099 -24.851601
vt 34.200600 -24.845301
vt 34.195499 -24.847099
vt 34.113098 -24.908001
vt 34.198799 -24.853600
vt 34.033199 -24.905300
vt 34.030800 -24.898600
vt 34.116402 -24.913601
vt 34.126999 -24.877899
vt 34.028999 -24.899200
vt 34.030300 -24.906401
vt 33.960400 -24.895700
vt 34.125599 -24.870501
vt 33.960400 -24.888100
vt 34.049198 -24.905800
vt 33.958401 -24.889200
vt 33.957298 -24.896700
vt 34.050598 -24.898800
vt 33.988201 -24.920401
vt 34.053200 -24.907400
vt 34.142502 -24.907200
vt 34.053600 -24.900700
vt 34.070499 -24.958200
vt 34.070099 -24.956400
vt 33.991001 -24.920099
vt 34.072399 -24.957800
vt 34.145500 -24.909401
vt 34.218300 -24.936600
vt 34.152199 -25.000000
vt 34.151901 -24.997299
vt 34.154400 -25.000000
vt 34.221901 -24.940100
vt 34.025902 -25.094000
vt 33.928001 -25.079399
vt 34.025200 -25.101000
vt 33.928902 -25.073500
vt 34.029800 -25.093599
vt 33.928299 -25.072901
vt 34.029499 -25.092501
vt 33.932201 -25.073000
vt 34.111801 -25.085199
vt 34.013901 -25.039700
vt 34.109001 -25.090599
vt 34.025200 -24.899000
vt 33.928001 -24.920601
vt 34.025902 -24.906000
vt 33.928902 -24.926500
vt 33.928299 -24.927099
vt 34.029800 -24.906401
vt 33.932201 -24.927000
vt 34.029499 -24.907499
vt 34.109001 -24.909401
vt 34.013901 -24.960300
vt 34.111801 -24.914801
vt 34.013500 -24.961300
vt 34.009399 -24.961100
vt 33.928101 -24.928699
vt 33.829399 -24.952999
vt 33.916599 -25.000000
vt 33.916901 -24.998501
vt 33.913300 -25.000000
vt 33.826000 -25.047199
vt 33.826099 -24.954399
vt 33.826099 -25.045601
vt 33.772900 -25.000000
vt 33.708000 -25.030300
vt 33.770401 -25.001600
vt 33.783199 -25.065100
vt 33.783600 -25.066799
vt 33.823601 -25.046801
vt 33.780300 -25.065800
vt 33.706299 -25.031099
vt 33.776001 -25.070801
vt 33.701599 -25.036301
vt 33.725700 -25.072001
vt 33.683800 -25.047400
vt 33.721600 -25.078400
vt 33.688801 -25.041901
vt 33.710602 -25.058201
vt 33.664799 -25.050900
vt 33.709099 -25.065500
vt 33.666599 -25.043900
vt 33.760502 -24.918800
vt 33.850399 -24.927099
vt 33.764198 -24.917999
vt 33.901501 -24.879101
vt 33.897099 -24.880400
vt 33.815800 -24.898300
vt 33.897999 -24.886900
vt 33.817001 -24.905600
vt 33.954201 -24.888599
vt 33.857899 -24.886200
vt 33.953499 -24.896200
vt 33.857498 -24.878700
vt 33.787399 -25.034100
vt 33.861801 -25.000000
vt 33.787399 -24.965900
vt 33.787998 -25.030899
vt 33.787998 -24.969101
vt 33.758598 -25.000000
vt 33.756699 -25.000000
vt 33.785198 -24.966400
vt 33.785198 -25.033600
vt 33.756199 -25.002600
vt 33.721500 -25.022100
vt 33.743000 -25.049200
vt 33.744099 -25.046801
vt 33.718102 -25.021500
vt 33.744900 -25.049801
vt 33.786499 -25.036501
vt 33.846699 -25.072399
vt 33.762699 -25.079100
vt 33.845600 -25.067101
vt 33.762001 -25.073000
vt 33.760502 -25.081200
vt 33.764198 -25.082001
vt 33.897099 -25.119600
vt 33.897999 -25.113100
vt 33.815800 -25.101700
vt 33.817001 -25.094400
vt 33.953499 -25.103800
vt 33.857899 -25.113800
vt 33.954201 -25.111401
vt 33.857498 -25.121300
vt 34.105499 -25.000000
vt 34.013500 -24.962700
vt 33.920601 -25.000000
vt 34.013500 -25.037300
vt 34.009399 -25.038900
vt 33.928101 -25.071301
vt 33.829399 -25.047001
vt 33.916901 -25.001499
vt 33.824100 -25.053900
vt 33.923698 -25.077999
vt 33.826698 -25.048300
vt 33.924999 -25.072800
vt 33.786400 -25.066900
vt 33.857101 -25.114000
vt 33.856701 -25.112700
vt 33.854401 -25.113100
vt 33.780399 -25.073200
vt 33.851002 -25.119699
vt 33.784199 -25.067400
vt 33.727100 -25.080400
vt 33.810902 -25.101200
vt 33.729301 -25.073200
vt 33.812599 -25.093901
vt 33.758301 -25.073400
vt 33.713501 -25.066601
vt 33.758099 -25.080000
vt 33.714699 -25.059401
vt 33.740002 -25.047800
vt 33.716202 -25.024700
vt 33.687302 -25.027399
vt 33.696999 -25.048700
vt 33.713799 -25.020399
vt 33.685902 -25.024300
vt 33.693298 -25.002399
vt 33.664902 -25.008301
vt 33.696602 -25.000000
vt 33.718700 -25.017401
vt 33.753601 -25.000000
vt 33.718700 -24.982599
vt 33.721500 -24.977900
vt 33.756199 -24.997400
vt 33.744099 -24.953199
vt 33.744900 -24.950199
vt 33.786499 -24.963499
vt 33.846699 -24.927601
vt 33.845600 -24.932899
vt 33.762699 -24.920900
vt 33.762001 -24.927000
vt 34.221901 -25.059900
vt 34.218300 -25.063400
vt 34.151901 -25.002701
vt 34.072399 -25.042200
vt 34.145500 -25.090599
vt 34.149502 -25.000000
vt 34.070599 -25.039499
vt 34.070599 -24.960501
vt 34.003799 -25.000000
vt 34.001099 -25.000000
vt 34.068501 -24.958000
vt 33.985802 -24.927299
vt 34.065701 -24.960899
vt 33.988800 -24.922800
vt 34.000999 -24.997400
vt 33.938301 -24.950100
vt 33.934200 -24.949900
vt 33.985298 -24.920500
vt 33.901501 -24.887501
vt 33.982601 -24.925800
vt 33.932999 -24.946501
vt 33.903099 -24.882099
vt 33.853298 -24.926800
vt 33.929501 -24.950500
vt 33.850899 -24.929399
vt 33.790600 -24.965700
vt 33.865002 -24.997400
vt 33.868301 -25.000000
vt 33.934399 -24.954500
vt 33.998299 -25.000000
vt 33.934399 -25.045500
vt 34.000999 -25.002600
vt 34.065701 -25.039101
vt 33.985802 -25.072701
vt 33.705101 -25.079901
vt 33.775002 -25.069799
vt 33.703999 -25.072500
vt 33.636299 -25.090500
vt 33.775101 -25.062700
vt 33.634201 -25.083799
vt 33.633099 -24.998800
vt 33.634201 -25.087200
vt 33.634399 -25.002600
vt 33.704899 -25.034700
vt 33.887199 -24.847300
vt 33.989300 -24.866899
vt 33.986401 -24.865200
vt 34.073002 -24.920500
vt 33.992802 -24.867800
vt 33.890099 -24.818501
vt 33.983101 -24.871500
vt 33.814301 -24.765600
vt 33.810299 -24.771400
vt 33.893799 -24.812000
vt 33.809101 -24.762899
vt 33.799702 -24.852400
vt 33.884102 -24.846399
vt 33.800098 -24.849001
vt 33.720600 -24.814400
vt 33.717499 -24.813999
vt 33.720600 -24.819799
vt 33.808899 -24.766300
vt 33.807400 -24.771200
vt 33.881001 -24.851299
vt 33.804001 -24.763100
vt 33.719898 -24.777300
vt 33.805000 -24.770000
vt 33.635300 -24.782900
vt 33.635799 -24.775900
vt 33.719601 -24.769800
vt 33.632801 -24.868299
vt 33.714802 -24.814199
vt 33.633801 -24.864100
vt 33.632599 -24.776100
vt 33.635601 -24.782900
vt 33.716900 -24.769199
vt 33.633801 -24.775499
vt 33.717098 -24.776800
vt 33.809200 -24.762699
vt 33.722900 -24.769600
vt 33.807499 -24.770000
vt 33.890598 -24.810301
vt 33.723000 -24.777201
vt 33.887100 -24.816999
vt 33.717499 -24.818701
vt 33.717300 -24.812700
vt 33.632999 -24.783001
vt 33.717602 -24.819401
vt 33.635601 -24.784599
vt 33.635502 -24.869200
vt 33.714802 -24.819599
vt 33.635201 -24.992901
vt 33.632801 -24.871201
vt 33.632301 -24.995800
vt 33.712002 -24.923599
vt 33.635101 -24.871099
vt 33.635399 -24.873501
vt 33.709202 -24.923800
vt 33.795898 -24.855700
vt 33.711800 -24.922001
vt 33.717701 -24.821100
vt 33.807499 -24.769800
vt 33.798500 -24.854601
vt 33.883999 -24.851999
vt 33.887600 -24.846201
vt 33.884201 -24.851400
vt 34.362499 -25.223301
vt 34.359600 -25.217199
vt 34.356499 -25.220100
vt 34.367901 -25.219000
vt 34.362701 -25.226101
vt 34.365002 -25.219400
vt 34.352100 -25.193501
vt 34.358101 -25.194000
vt 34.356602 -25.183399
vt 34.336102 -25.198500
vt 34.359901 -25.224501
vt 34.358200 -25.218599
vt 34.338100 -25.197201
vt 34.340698 -25.168800
vt 34.339199 -25.164000
vt 34.349201 -25.183901
vt 34.354900 -25.184700
vt 34.319901 -25.102400
vt 34.341499 -25.161400
vt 34.353699 -25.148701
vt 34.314701 -25.104401
vt 34.355301 -25.180201
vt 34.349300 -25.180300
vt 34.359100 -25.147900
vt 34.361801 -25.146500
vt 34.317699 -25.097099
vt 34.216400 -24.997299
vt 34.142899 -24.980801
vt 34.145599 -24.982500
vt 34.183701 -25.055300
vt 34.184502 -25.053900
vt 34.269199 -25.066401
vt 34.215801 -24.998699
vt 34.271900 -25.068600
vt 34.294498 -25.033001
vt 34.219700 -25.000601
vt 34.187401 -25.057699
vt 34.238899 -25.120001
vt 34.270699 -25.069901
vt 34.239601 -25.118700
vt 34.284100 -25.128201
vt 34.286499 -25.130199
vt 34.241699 -25.121901
vt 34.258999 -25.163200
vt 34.285301 -25.131201
vt 34.303501 -25.183599
vt 34.260300 -25.162201
vt 34.306000 -25.185900
vt 34.285099 -25.202299
vt 34.262501 -25.165800
vt 34.259998 -25.170700
vt 34.304901 -25.186300
vt 34.285900 -25.201401
vt 34.314201 -25.206699
vt 34.303001 -25.191500
vt 34.316399 -25.208401
vt 34.314098 -25.214899
vt 34.288399 -25.203899
vt 34.286201 -25.210699
vt 34.338001 -25.228201
vt 34.335098 -25.234699
vt 34.315899 -25.208799
vt 34.341702 -25.230000
vt 34.325001 -25.213499
vt 34.342300 -25.228901
vt 34.344799 -25.229300
vt 34.349899 -25.235201
vt 34.347801 -25.228300
vt 34.351002 -25.228201
vt 34.346500 -25.236700
vt 34.323299 -25.219299
vt 34.345901 -25.226400
vt 34.348301 -25.227800
vt 34.346600 -25.226801
vt 34.344601 -25.233200
vt 34.352001 -25.232901
vt 34.351101 -25.226000
vt 34.349098 -25.226500
vt 34.355000 -25.231701
vt 34.351501 -25.223499
vt 34.347301 -25.226200
vt 34.352600 -25.225000
vt 34.338799 -25.203400
vt 34.348400 -25.224701
vt 34.355301 -25.220900
vt 34.353500 -25.221300
vt 34.333698 -25.195400
vt 34.344398 -25.223600
vt 34.354099 -25.223900
vt 34.357899 -25.229700
vt 34.359901 -25.227501
vt 34.364601 -25.225100
vt 34.358002 -25.221300
vt 34.356602 -25.224501
vt 34.359299 -25.219601
vt 34.362801 -25.228701
vt 34.363201 -25.226000
vt 34.357498 -25.221701
vt 34.365601 -25.223600
vt 34.355999 -25.219601
vt 34.362598 -25.220900
vt 34.356800 -25.222099
vt 34.360901 -25.217100
vt 34.350498 -25.183001
vt 34.353699 -25.217100
vt 34.335098 -25.194599
vt 34.336201 -25.166800
vt 34.334900 -25.163500
vt 34.335499 -25.162701
vt 34.354900 -25.148199
vt 34.312302 -25.099199
vt 34.357498 -25.182899
vt 34.355202 -25.152300
vt 34.351002 -25.182699
vt 34.360401 -25.212500
vt 34.362400 -25.152399
vt 34.367599 -25.212099
vt 34.360600 -25.216499
vt 34.365101 -25.188900
vt 34.357601 -25.189501
vt 34.368099 -25.217199
vt 34.365799 -25.221001
vt 34.364300 -25.177799
vt 34.356800 -25.178301
vt 34.363701 -25.173901
vt 34.354599 -25.148100
vt 34.356201 -25.175100
vt 34.331501 -25.089100
vt 34.324699 -25.092501
vt 34.361698 -25.145800
vt 34.296501 -25.036699
vt 34.318501 -25.096300
vt 34.303101 -25.034000
vt 34.359100 -25.141001
vt 34.352798 -25.144400
vt 34.312698 -25.098900
vt 34.310001 -25.096701
vt 34.293701 -25.033899
vt 34.272301 -25.067801
vt 34.223999 -24.996901
vt 34.277302 -25.064501
vt 34.274300 -25.071501
vt 34.287601 -25.129299
vt 34.332600 -25.160299
vt 34.311199 -25.100201
vt 34.289398 -25.134100
vt 34.333401 -25.164200
vt 34.307098 -25.184799
vt 34.332100 -25.193199
vt 34.308601 -25.188101
vt 34.332298 -25.196400
vt 34.317799 -25.207500
vt 34.306099 -25.189699
vt 34.334499 -25.195900
vt 34.309200 -25.193001
vt 34.314999 -25.214100
vt 34.344799 -25.228001
vt 34.316898 -25.212900
vt 34.334301 -25.199900
vt 34.348801 -25.232000
vt 34.341000 -25.237301
vt 34.347401 -25.233700
vt 34.342499 -25.234699
vt 34.350101 -25.234800
vt 34.341301 -25.229601
vt 34.344398 -25.235800
vt 34.344501 -25.228201
vt 34.339401 -25.236799
vt 34.315899 -25.224701
vt 34.319199 -25.217899
vt 34.348598 -25.236099
vt 34.347198 -25.228600
vt 34.352901 -25.235500
vt 34.352699 -25.227100
vt 34.351898 -25.233801
vt 34.355701 -25.233601
vt 34.349800 -25.226801
vt 34.356300 -25.230499
vt 34.354801 -25.228500
vt 34.340900 -25.206499
vt 34.352100 -25.228201
vt 34.355202 -25.226000
vt 34.355000 -25.225599
vt 34.359798 -25.230700
vt 34.361099 -25.227501
vt 34.328899 -25.083900
vt 34.322102 -25.087299
vt 34.294300 -25.033100
vt 34.238201 -24.971800
vt 34.232899 -24.977200
vt 34.326900 -25.080299
vt 34.320400 -25.084101
vt 34.300301 -25.028400
vt 34.176399 -24.924000
vt 34.221199 -24.992599
vt 34.181702 -24.919300
vt 34.296600 -25.025299
vt 34.292000 -25.030600
vt 34.216801 -24.996799
vt 34.174000 -24.921700
vt 34.213600 -24.995899
vt 34.173302 -24.922899
vt 34.075001 -24.927401
vt 34.146099 -24.974899
vt 34.143299 -24.979900
vt 34.011799 -25.065100
vt 34.061699 -25.127800
vt 34.065800 -25.129999
vt 33.929501 -25.059099
vt 33.931499 -25.060400
vt 34.008999 -25.064600
vt 33.931198 -25.051201
vt 33.929901 -25.057699
vt 33.857498 -25.027700
vt 33.946999 -25.002600
vt 33.946400 -25.004400
vt 33.854698 -25.026699
vt 33.944801 -25.002300
vt 33.855400 -25.024401
vt 33.791000 -24.980200
vt 33.871101 -24.935900
vt 33.870701 -24.938499
vt 33.786900 -24.979500
vt 33.709702 -25.034300
vt 33.786598 -24.983101
vt 33.852299 -25.026699
vt 33.778301 -25.066900
vt 33.777401 -25.061199
vt 33.850899 -25.021400
vt 33.783100 -24.979900
vt 33.707001 -25.031900
vt 33.707298 -25.034500
vt 33.636101 -24.998501
vt 33.712299 -24.923599
vt 33.712399 -24.926399
vt 33.715099 -24.923599
vt 33.787201 -24.975300
vt 33.868301 -24.935301
vt 33.709702 -24.923800
vt 33.633900 -24.993099
vt 33.634201 -24.873301
vt 33.635899 -24.868099
vt 33.712002 -24.920799
vt 33.795101 -24.852699
vt 33.717499 -24.816500
vt 33.799400 -24.857500
vt 33.804501 -24.854401
vt 33.871799 -24.933500
vt 33.969200 -24.921801
vt 33.971802 -24.923000
vt 33.883598 -24.853500
vt 33.966801 -24.924299
vt 33.886902 -24.849600
vt 33.874401 -24.937201
vt 33.971001 -24.925400
vt 34.039600 -24.991199
vt 33.947701 -25.000401
vt 34.042702 -24.992100
vt 33.949402 -25.003799
vt 34.041599 -24.994499
vt 34.012501 -25.062799
vt 34.093899 -25.065100
vt 34.098499 -25.067101
vt 34.014702 -25.066299
vt 34.096901 -25.070400
vt 34.146702 -25.118500
vt 34.149601 -25.119699
vt 34.136700 -25.138300
vt 34.070499 -25.131100
vt 34.134998 -25.145599
vt 34.209400 -25.163000
vt 34.071301 -25.124001
vt 33.634602 -25.083700
vt 33.702999 -25.080999
vt 33.701401 -25.073601
vt 33.634499 -25.091200
vt 33.707298 -25.035900
vt 33.777302 -25.062500
vt 33.706402 -25.029100
vt 33.631901 -25.084101
vt 33.634800 -25.081699
vt 33.634899 -24.997400
vt 33.703701 -25.029400
vt 33.634602 -24.995701
vt 33.706200 -25.027500
vt 33.783501 -24.976999
vt 33.785801 -24.976900
vt 33.712101 -24.925200
vt 33.709301 -25.028900
vt 33.853600 -25.021400
vt 33.788601 -24.976999
vt 33.854099 -25.019800
vt 33.943699 -24.999300
vt 33.868900 -24.935699
vt 33.868500 -24.937201
vt 33.947201 -24.999701
vt 33.866001 -24.935301
vt 33.785999 -24.975300
vt 33.714901 -24.923700
vt 33.798302 -24.855600
vt 33.798199 -24.857500
vt 33.801201 -24.856501
vt 33.869400 -24.934200
vt 33.970200 -24.925600
vt 33.873001 -24.936600
vt 33.969700 -24.927000
vt 33.947601 -24.998199
vt 34.039600 -24.991100
vt 34.043301 -24.992500
vt 33.950802 -25.001200
vt 34.042702 -24.993900
vt 34.096199 -25.063101
vt 34.014400 -25.060499
vt 34.014900 -25.059000
vt 34.099098 -25.064400
vt 34.010799 -25.059500
vt 33.946800 -25.000700
vt 33.857498 -25.022100
vt 33.930901 -25.052299
vt 33.927399 -25.052401
vt 33.854500 -25.028099
vt 33.927601 -25.059401
vt 33.779999 -25.062201
vt 33.853500 -25.021999
vt 33.781700 -25.069099
vt 33.844501 -25.057899
vt 33.778099 -25.069799
vt 33.845600 -25.065399
vt 33.707500 -25.080400
vt 33.707001 -25.072901
vt 33.777302 -25.062300
vt 34.144699 -24.978201
vt 34.139500 -24.976500
vt 34.043400 -24.989700
vt 33.974800 -24.924000
vt 34.071999 -24.922600
vt 34.069599 -24.919201
vt 33.972301 -24.921101
vt 33.890999 -24.848900
vt 33.986099 -24.874399
vt 34.067799 -24.924200
vt 33.988701 -24.868500
vt 34.180801 -25.054001
vt 34.139702 -24.979700
vt 34.043800 -24.990999
vt 33.974098 -24.926800
vt 34.071701 -24.925800
vt 34.071098 -24.927200
vt 33.888199 -24.853500
vt 33.970501 -24.924700
vt 33.986500 -24.873400
vt 34.073299 -24.919300
vt 33.990601 -24.874500
vt 34.071899 -24.925200
vt 34.170601 -24.920900
vt 34.171799 -24.913900
vt 34.086700 -24.900200
vt 34.173901 -24.921900
vt 34.088799 -24.892900
vt 34.231899 -24.966200
vt 34.227100 -24.972000
vt 34.177399 -24.915199
vt 34.177502 -24.915600
vt 34.220600 -24.993601
vt 34.234798 -24.968599
vt 34.229599 -24.974100
vt 34.300400 -25.028799
vt 34.315399 -25.094200
vt 34.298401 -25.031000
vt 34.275799 -25.067101
vt 34.288399 -25.131500
vt 34.278400 -25.071400
vt 34.316200 -25.098600
vt 34.290100 -25.129801
vt 34.336300 -25.159300
vt 34.290901 -25.135500
vt 34.335201 -25.166401
vt 34.309101 -25.186800
vt 34.235901 -25.118500
vt 34.150299 -25.114201
vt 34.151100 -25.112801
vt 34.102001 -25.065399
vt 34.182999 -25.056700
vt 34.099701 -25.062901
vt 34.046501 -24.993900
vt 34.142101 -24.982401
vt 34.211399 -25.156200
vt 34.212002 -25.163900
vt 34.140400 -25.140301
vt 34.138199 -25.147499
vt 34.214600 -25.156900
vt 34.244499 -25.176600
vt 34.241402 -25.183599
vt 34.214802 -25.165100
vt 34.247601 -25.177099
vt 34.217499 -25.158600
vt 34.243801 -25.183500
vt 34.282600 -25.200701
vt 34.278500 -25.206400
vt 34.257000 -25.168100
vt 34.212601 -25.163601
vt 34.281898 -25.208599
vt 34.255100 -25.167101
vt 34.215302 -25.156000
vt 34.213501 -25.161900
vt 34.153301 -25.121201
vt 34.239498 -25.122900
vt 34.237301 -25.125299
vt 34.235802 -25.121799
vt 34.150799 -25.117701
vt 34.102901 -25.069099
vt 34.185299 -25.056299
vt 34.184200 -25.058599
vt 34.182400 -25.054701
vt 34.100300 -25.062901
vt 34.045799 -24.993500
vt 34.142502 -24.982700
vt 33.894501 -24.819700
vt 33.989300 -24.866600
vt 33.897800 -24.812799
vt 33.986500 -24.873501
vt 34.081902 -24.889700
vt 34.079399 -24.896900
vt 34.083099 -24.899099
vt 34.084999 -24.891899
vt 34.076302 -24.922100
vt 34.217602 -24.991899
vt 34.175900 -24.918501
vt 34.148998 -24.981300
vt 34.186600 -25.054100
vt 34.271801 -25.064800
vt 34.219601 -24.995800
vt 34.189098 -25.058399
vt 34.272900 -25.070400
vt 34.241299 -25.120001
vt 34.286301 -25.129400
vt 34.241901 -25.125601
vt 34.258701 -25.166500
vt 34.302898 -25.186501
vt 34.286499 -25.133301
vt 34.312698 -25.212299
vt 34.283798 -25.206800
vt 34.309700 -25.213499
vt 34.306702 -25.220400
vt 34.285000 -25.202101
vt 34.303398 -25.219299
vt 34.306702 -25.212500
vt 34.246399 -25.186001
vt 34.250702 -25.179701
vt 34.281300 -25.208700
vt 34.255901 -25.169100
vt 34.258598 -25.163500
vt 34.214802 -25.157101
vt 34.256500 -25.161900
vt 34.154400 -25.115801
vt 34.237999 -25.120701
vt 33.847401 -25.056900
vt 33.848099 -25.064400
vt 33.929401 -25.059401
vt 33.851002 -25.058300
vt 33.850498 -25.065901
vt 33.930901 -25.052200
vt 33.998699 -25.088200
vt 33.996201 -25.095400
vt 33.934299 -25.054001
vt 34.011200 -25.066299
vt 34.065601 -25.122000
vt 34.014198 -25.061001
vt 34.068199 -25.123400
vt 34.017399 -25.061701
vt 34.068699 -25.122200
vt 34.147400 -25.113100
vt 34.149101 -25.120899
vt 34.150101 -25.114700
vt 34.131699 -25.145201
vt 34.068298 -25.123199
vt 34.065601 -25.130301
vt 34.001701 -25.096901
vt 34.133400 -25.137800
vt 34.005299 -25.090200
vt 34.002499 -25.088400
vt 33.999001 -25.094999
s 1
usemtl Meshpart1Mtl.003
f 3/1/1 1/2/2 2/3/3
f 6/4/4 5/5/5 4/6/6
f 7/7/7 9/8/8 8/9/9
f 10/10/10 9/8/11 12/11/12
f 13/12/13 9/8/8 7/7/7
f 5/5/5 14/13/14 4/6/6
f 4/6/6 14/13/14 11/14/15
f 17/15/16 15/16/17 16/17/18
f 23/18/19 22/19/20 20/20/21
f 22/19/20 23/18/19 24/21/22
f 19/22/23 25/23/24 18/24/25
f 18/24/25 25/23/24 26/25/26
f 25/23/24 28/26/27 26/25/26
f 27/27/28 29/28/29 30/29/30
f 30/29/30 29/28/29 31/30/31
f 28/26/27 25/23/24 32/31/32
f 32/31/32 33/32/33 28/26/27
f 37/33/34 35/34/35 36/35/36
f 38/36/37 39/37/38 40/38/39
f 39/37/38 38/36/37 41/39/40
f 40/38/39 42/40/41 38/36/37
f 44/41/42 42/40/43 43/42/44
f 45/43/45 39/37/46 43/42/47
f 40/38/39 46/44/48 42/40/41
f 46/44/48 40/38/39 48/45/49
f 50/46/50 46/44/51 49/47/52
f 47/48/53 51/49/54 48/45/49
f 46/44/51 50/46/50 52/50/55
f 52/50/55 50/46/50 53/51/56
f 50/46/50 54/52/57 53/51/56
f 50/46/50 55/53/58 54/52/57
f 59/54/59 61/55/60 58/56/61
f 61/55/60 59/54/59 60/57/62
f 57/58/63 62/59/64 63/60/65
f 65/61/66 67/62/67 66/63/68
f 66/63/68 67/62/67 68/64/69
f 69/65/70 71/66/71 70/67/72
f 71/66/71 69/65/70 72/68/73
f 76/69/74 75/70/75 73/71/76
f 75/70/75 76/69/74 74/72/77
f 79/73/78 81/74/79 82/75/80
f 83/76/81 85/77/82 84/78/83
f 83/76/81 84/78/83 86/79/84
f 88/80/85 87/81/86 89/82/87
f 90/83/88 88/80/85 89/82/87
f 77/84/89 93/85/90 94/86/91
f 95/87/92 93/85/93 97/88/94
f 97/88/94 99/89/95 95/87/92
f 99/89/95 97/88/94 96/90/96
f 98/91/97 99/89/95 96/90/96
f 91/92/98 92/93/99 103/94/100
f 104/95/101 92/93/102 105/96/103
f 92/93/102 106/97/104 105/96/103
f 80/98/105 106/97/104 92/93/102
f 106/97/106 100/99/107 101/100/108
f 106/97/104 80/98/105 107/101/109
f 106/97/104 107/101/109 108/102/110
f 80/98/105 109/103/111 107/101/109
f 109/103/111 80/98/105 110/104/112
f 80/98/105 39/37/46 110/104/112
f 110/104/112 39/37/46 111/105/113
f 39/37/46 112/106/114 111/105/113
f 39/37/46 45/43/45 112/106/114
f 45/43/45 109/103/111 112/106/114
f 110/104/112 113/107/115 109/103/111
f 112/106/114 109/103/111 113/107/115
f 114/108/116 107/101/109 109/103/111
f 109/103/111 115/109/117 114/108/116
f 115/109/117 106/97/104 108/102/110
f 115/109/117 109/103/111 116/110/118
f 116/110/118 106/97/104 115/109/117
f 117/111/119 116/110/118 109/103/111
f 45/43/45 117/111/119 109/103/111
f 118/112/120 106/97/106 119/113/121
f 100/99/107 106/97/106 118/112/120
f 120/114/122 106/97/104 116/110/118
f 121/115/123 100/99/107 118/112/120
f 121/115/123 122/116/124 120/114/125
f 123/117/126 100/99/107 121/115/123
f 100/99/107 123/117/126 125/118/127
f 126/119/128 124/120/129 125/118/127
f 123/117/130 128/121/131 127/122/132
f 128/121/131 130/123/133 129/124/134
f 130/123/133 128/121/131 123/117/130
f 131/125/135 128/121/131 129/124/134
f 133/126/136 128/121/131 131/125/135
f 132/127/137 123/117/138 134/128/139
f 134/128/139 123/117/138 135/129/140
f 123/117/138 136/130/141 135/129/140
f 123/117/138 116/110/118 136/130/141
f 137/131/142 136/130/141 138/132/143
f 134/128/139 137/131/142 138/132/143
f 116/110/118 138/132/143 136/130/141
f 138/132/143 132/127/137 134/128/139
f 138/132/143 116/110/118 139/133/144
f 139/133/144 116/110/118 140/134/145
f 116/110/118 117/111/119 140/134/145
f 117/111/119 45/43/45 141/135/146
f 45/43/45 139/133/144 141/135/146
f 45/43/45 138/132/143 139/133/144
f 142/136/147 138/132/143 45/43/45
f 45/43/45 46/44/148 142/136/147
f 143/137/149 142/136/147 46/44/148
f 46/44/148 144/138/150 143/137/149
f 46/44/148 56/139/151 144/138/150
f 56/139/151 138/132/143 144/138/150
f 138/132/143 142/136/147 145/140/152
f 144/138/150 138/132/143 145/140/152
f 138/132/143 56/139/151 146/141/153
f 146/141/153 132/127/137 138/132/143
f 146/141/153 56/139/151 147/142/154
f 56/139/151 148/143/155 147/142/154
f 56/139/151 149/144/156 148/143/155
f 149/144/156 132/127/137 148/143/155
f 132/127/137 146/141/153 150/145/157
f 148/143/155 132/127/137 150/145/157
f 132/127/137 149/144/156 151/146/158
f 133/126/159 132/127/137 151/146/158
f 152/147/160 151/146/158 149/144/156
f 153/148/161 152/147/160 149/144/156
f 149/144/156 64/149/162 153/148/161
f 64/149/162 133/126/159 153/148/161
f 133/126/159 151/146/158 154/150/163
f 153/148/161 133/126/159 154/150/163
f 157/151/164 159/152/165 156/153/166
f 62/59/167 155/154/168 158/155/169
f 155/154/168 62/59/167 133/126/170
f 133/126/170 62/59/167 160/156/171
f 162/157/172 164/158/173 161/159/174
f 164/158/173 162/157/172 163/160/175
f 128/121/131 133/126/136 163/160/176
f 165/161/177 166/162/178 167/163/179
f 167/163/179 166/162/178 168/164/180
f 170/165/181 78/166/182 169/167/183
f 78/166/182 170/165/181 102/168/184
f 175/169/185 173/170/186 174/171/187
f 172/172/188 173/170/186 175/169/185
f 177/173/189 179/174/190 178/175/191
f 179/174/190 177/173/189 180/176/192
f 182/177/193 183/178/194 181/179/195
f 184/180/196 186/181/197 185/182/198
f 186/181/197 184/180/196 187/183/199
f 189/184/200 176/185/201 190/186/202
f 192/187/203 194/188/204 189/184/205
f 194/188/204 192/187/203 195/189/206
f 191/190/207 195/189/206 193/191/208
f 195/189/206 191/190/207 194/188/204
f 198/192/209 188/193/210 197/194/211
f 199/195/212 200/196/213 198/192/214
f 39/37/46 198/192/214 200/196/213
f 39/37/46 80/98/105 198/192/214
f 40/38/39 39/37/38 196/197/215
f 56/139/151 55/53/216 201/198/217
f 202/199/218 201/198/217 55/53/216
f 55/53/216 203/200/219 202/199/218
f 55/53/216 204/201/220 203/200/219
f 149/144/156 201/198/217 205/202/221
f 203/200/219 149/144/156 205/202/221
f 201/198/217 149/144/156 56/139/151
f 204/201/220 149/144/156 203/200/219
f 204/201/220 206/203/222 207/204/223
f 149/144/156 204/201/220 207/204/223
f 208/205/224 204/201/225 209/206/226
f 64/149/162 207/204/223 210/207/227
f 209/206/226 64/149/228 208/205/224
f 207/204/223 64/149/162 149/144/156
f 209/206/229 212/208/230 211/209/231
f 212/208/232 57/58/233 213/210/234
f 217/211/235 215/212/236 216/213/237
f 214/214/238 215/212/236 217/211/235
f 219/215/239 218/216/240 220/217/241
f 223/218/242 221/219/243 222/220/244
f 221/219/243 223/218/242 224/221/245
f 227/222/246 225/223/247 226/224/248
f 14/13/14 21/225/249 11/14/15
f 229/226/250 11/14/15 21/225/249
f 19/22/23 229/226/250 21/225/249
f 229/226/250 19/22/23 18/24/25
f 231/227/251 228/228/252 230/229/253
f 228/228/252 231/227/251 232/230/254
f 233/231/255 235/232/256 234/233/257
f 236/234/258 234/233/257 235/232/256
f 239/235/259 238/236/260 237/237/261
f 240/238/262 238/236/260 239/235/259
f 241/239/263 5/5/5 6/4/4
f 243/240/264 242/241/265 244/242/266
f 6/4/4 34/243/267 241/239/263
f 34/243/267 6/4/4 33/32/33
f 245/244/268 247/245/269 246/246/270
f 247/245/269 245/244/268 249/247/271
f 248/248/272 247/245/273 250/249/274
f 252/250/275 253/251/276 251/252/277
f 33/32/33 32/31/32 34/243/267
f 254/253/278 255/254/279 256/255/280
f 257/256/281 256/255/280 255/254/279
f 260/257/282 258/258/283 259/259/284
f 261/260/285 258/258/283 260/257/282
f 263/261/286 264/262/287 262/263/288
f 264/262/287 263/261/286 265/264/289
f 266/265/290 267/266/291 268/267/292
f 269/268/293 270/269/294 271/270/295
f 274/271/296 272/272/297 273/273/298
f 272/272/297 274/271/296 275/274/299
f 278/275/300 279/276/301 277/277/302
f 279/276/301 278/275/300 280/278/303
f 282/279/304 209/206/305 281/280/306
f 284/281/307 282/279/308 283/282/309
f 286/283/310 284/281/311 285/284/312
f 289/285/313 286/283/314 288/286/315
f 287/287/316 291/288/317 290/289/318
f 55/53/319 286/283/314 289/285/313
f 286/283/314 55/53/319 293/290/320
f 296/291/321 295/292/322 292/293/323
f 295/292/322 296/291/321 294/294/324
f 55/53/58 50/46/50 294/294/325
f 298/295/326 171/296/327 297/297/328
f 171/296/327 298/295/326 299/298/329
f 300/299/330 302/300/331 301/301/332
f 302/300/331 300/299/330 303/302/333
f 305/303/334 304/304/335 276/305/336
f 306/306/337 304/304/335 305/303/334
f 307/307/338 308/308/339 309/309/340
f 311/310/341 312/311/342 310/312/343
f 310/312/343 312/311/342 313/313/344
f 315/314/345 316/315/346 314/316/347
f 317/317/348 314/316/347 316/315/346
f 318/318/349 320/319/350 319/320/351
f 320/319/350 318/318/349 321/321/352
f 323/322/353 324/323/354 322/324/355
f 324/323/354 323/322/353 325/325/356
f 329/326/357 327/327/358 328/328/359
f 327/327/358 329/326/357 326/329/360
f 331/330/361 332/331/362 330/332/363
f 332/331/362 331/330/361 333/333/364
f 334/334/365 337/335/366 336/336/367
f 335/337/368 336/336/367 337/335/366
f 341/338/369 340/339/370 338/340/371
f 339/341/372 340/339/370 341/338/369
f 343/342/373 342/343/374 344/344/375
f 346/345/376 347/346/377 345/347/378
f 347/346/377 346/345/376 348/348/379
f 351/349/380 349/350/381 350/351/382
f 353/352/383 354/353/384 352/354/385
f 354/353/384 353/352/383 355/355/386
f 357/356/387 360/357/388 356/358/389
f 360/357/388 358/359/390 356/358/389
f 361/360/391 357/356/392 359/361/393
f 358/359/390 361/360/391 359/361/393
f 362/362/394 360/357/388 357/356/387
f 358/359/390 360/357/388 363/363/395
f 363/363/395 361/360/391 358/359/390
f 364/364/396 360/357/388 365/365/397
f 361/360/398 366/366/399 367/367/400
f 369/368/401 361/360/402 368/369/403
f 370/370/404 371/371/405 372/372/406
f 373/373/407 374/374/408 376/375/409
f 377/376/410 373/373/407 376/375/409
f 376/375/411 378/377/412 379/378/413
f 374/374/414 381/379/415 380/380/416
f 377/376/417 380/380/416 381/379/415
f 381/379/415 374/374/414 370/370/418
f 381/379/415 382/381/419 377/376/417
f 384/382/420 385/383/17 383/384/421
f 385/383/17 384/382/420 386/385/422
f 387/386/423 373/373/424 385/383/425
f 387/386/426 388/387/427 389/388/428
f 382/381/429 388/387/430 390/389/431
f 385/383/432 382/381/429 390/389/431
f 389/388/433 391/390/434 392/391/435
f 393/392/436 389/388/433 392/391/435
f 391/390/437 395/393/438 394/394/439
f 393/392/436 394/394/439 395/393/438
f 395/393/438 391/390/437 382/381/419
f 389/388/433 393/392/436 396/395/440
f 395/393/438 396/395/440 393/392/436
f 396/395/440 397/396/441 389/388/433
f 397/396/441 396/395/440 399/397/442
f 396/395/440 398/398/443 399/397/442
f 396/395/440 401/399/444 400/400/445
f 401/399/444 396/395/440 402/401/446
f 396/395/440 403/402/447 402/401/446
f 403/402/447 400/400/445 401/399/444
f 396/395/440 395/393/438 403/402/447
f 400/400/445 403/402/447 395/393/438
f 395/393/438 404/403/448 400/400/445
f 404/403/448 395/393/438 405/404/449
f 395/393/438 406/405/450 405/404/449
f 395/393/438 407/406/451 406/405/450
f 407/406/451 395/393/438 408/407/452
f 382/381/419 408/407/452 395/393/438
f 408/407/452 382/381/419 409/408/453
f 382/381/419 410/409/454 409/408/453
f 382/381/419 381/379/415 410/409/454
f 407/406/451 410/409/454 381/379/415
f 410/409/454 407/406/451 411/410/455
f 408/407/452 411/410/455 407/406/451
f 406/405/456 413/411/457 412/412/458
f 404/403/448 412/412/458 413/411/457
f 413/411/457 400/400/445 404/403/448
f 415/413/459 400/400/445 414/414/460
f 400/400/445 416/415/461 414/414/460
f 400/400/445 413/411/457 416/415/461
f 421/416/462 418/417/463 420/418/464
f 418/417/463 421/416/462 422/419/465
f 423/420/466 426/421/467 424/422/468
f 426/421/467 425/423/469 424/422/468
f 413/411/470 427/424/471 425/423/472
f 425/423/469 426/421/467 428/425/473
f 426/421/467 423/420/466 419/426/474
f 427/424/471 413/411/470 429/427/475
f 427/424/476 431/428/477 432/429/478
f 433/430/479 431/428/480 430/431/481
f 431/428/480 433/430/479 434/432/482
f 431/428/483 435/433/484 407/406/451
f 429/427/485 407/406/451 435/433/484
f 436/434/486 437/435/487 438/436/488
f 439/437/489 438/436/490 432/429/491
f 381/379/415 439/437/492 407/406/451
f 440/438/493 432/429/491 438/436/490
f 439/437/492 381/379/415 441/439/494
f 381/379/415 440/438/495 441/439/494
f 443/440/496 447/441/497 446/442/498
f 443/440/496 448/443/499 447/441/497
f 451/444/500 449/445/501 450/446/502
f 453/447/503 455/448/504 454/449/505
f 455/448/504 453/447/503 452/450/506
f 461/451/62 459/452/507 460/453/508
f 459/452/507 461/451/62 458/454/509
f 465/455/510 466/456/511 464/457/512
f 466/456/511 465/455/510 467/458/513
f 471/459/514 472/460/515 469/461/516
f 472/460/515 471/459/514 470/462/517
f 474/463/518 473/464/519 468/465/520
f 473/464/519 474/463/518 476/466/521
f 476/466/521 477/467/522 473/464/519
f 478/468/523 473/464/519 477/467/522
f 479/469/524 478/468/525 475/470/526
f 475/470/526 480/471/527 479/469/524
f 479/469/524 480/471/527 481/472/528
f 480/471/527 482/473/529 481/472/528
f 480/471/527 483/474/530 482/473/529
f 478/468/525 479/469/524 484/475/531
f 482/473/529 478/468/525 484/475/531
f 483/474/530 478/468/525 482/473/529
f 487/476/532 478/468/533 485/477/534
f 483/474/530 488/478/535 486/479/536
f 478/468/533 487/476/532 489/480/537
f 488/478/535 483/474/530 490/481/538
f 483/474/530 491/482/539 490/481/538
f 490/481/538 491/482/539 492/483/540
f 491/482/539 493/484/541 492/483/540
f 491/482/539 494/485/542 493/484/541
f 490/481/538 495/486/543 488/478/535
f 493/484/541 488/478/535 495/486/543
f 494/485/542 488/478/535 493/484/541
f 487/476/532 485/477/534 496/487/544
f 487/476/532 496/487/544 497/488/545
f 488/478/535 487/476/532 497/488/545
f 487/476/532 488/478/535 498/489/546
f 498/489/546 488/478/535 499/490/547
f 488/478/535 500/491/548 499/490/547
f 488/478/535 494/485/542 500/491/548
f 501/492/549 500/491/548 502/493/550
f 502/493/550 498/489/546 501/492/549
f 494/485/542 502/493/550 500/491/548
f 502/493/550 487/476/532 498/489/546
f 502/493/550 494/485/542 503/494/551
f 506/495/552 505/496/553 504/497/554
f 505/496/553 506/495/552 507/498/555
f 502/493/556 508/499/557 504/497/558
f 508/499/557 502/493/556 509/500/559
f 509/500/559 502/493/556 510/501/560
f 502/493/556 512/502/561 510/501/560
f 514/503/562 510/501/563 513/504/564
f 516/505/565 517/506/566 442/507/567
f 515/508/568 518/509/569 519/510/570
f 524/511/571 522/512/572 523/513/573
f 522/512/572 524/511/571 525/514/574
f 526/515/129 528/516/575 527/517/576
f 531/518/577 529/519/578 530/520/579
f 529/519/578 531/518/577 532/521/580
f 521/522/581 533/523/582 520/524/583
f 534/525/584 521/522/581 520/524/583
f 536/526/585 535/527/586 538/528/587
f 537/529/588 538/528/587 535/527/586
f 542/530/589 540/531/590 541/532/591
f 540/531/590 542/530/589 539/533/592
f 545/534/593 543/535/594 544/536/595
f 543/535/594 545/534/593 546/537/596
f 473/464/519 478/468/523 547/538/597
f 511/539/184 548/540/598 489/480/599
f 551/541/600 552/542/601 550/543/602
f 555/544/185 554/545/603 553/546/604
f 556/547/605 552/542/606 555/544/607
f 552/542/606 556/547/605 557/548/608
f 557/548/608 556/547/605 560/549/609
f 556/547/605 561/550/610 560/549/609
f 561/550/610 556/547/605 562/551/611
f 559/552/612 562/551/611 558/553/613
f 558/553/613 564/554/614 563/555/615
f 563/555/615 566/556/616 558/553/613
f 483/474/530 566/556/616 565/557/617
f 564/554/614 483/474/530 565/557/617
f 480/471/527 558/553/613 566/556/616
f 483/474/530 480/471/527 566/556/616
f 564/554/614 558/553/613 491/482/539
f 491/482/539 483/474/530 564/554/614
f 491/482/539 558/553/613 567/558/618
f 558/553/613 562/551/611 567/558/618
f 491/482/539 567/558/618 568/559/619
f 569/560/620 567/558/618 562/551/611
f 570/561/621 569/560/620 562/551/611
f 570/561/621 491/482/539 568/559/619
f 494/485/542 491/482/539 570/561/621
f 562/551/611 494/485/542 570/561/621
f 494/485/542 562/551/611 571/562/622
f 562/551/611 572/563/623 571/562/622
f 562/551/611 573/564/624 572/563/623
f 562/551/611 556/547/605 573/564/624
f 571/562/622 574/565/625 575/566/626
f 573/564/624 575/566/626 574/565/625
f 556/547/605 575/566/626 573/564/624
f 575/566/626 494/485/542 571/562/622
f 577/567/627 578/568/628 576/569/629
f 578/568/628 577/567/627 579/570/630
f 576/569/631 580/571/632 575/566/633
f 445/572/634 575/566/633 580/571/632
f 581/573/635 575/566/633 445/572/634
f 575/566/633 581/573/635 582/574/636
f 494/485/542 575/566/626 583/575/637
f 444/576/638 584/577/639 581/573/635
f 587/578/640 585/579/641 586/580/642
f 587/578/643 589/581/644 463/582/645
f 588/583/646 463/582/645 591/584/647
f 588/583/646 591/584/647 592/585/648
f 588/583/649 593/586/650 594/587/651
f 591/584/652 456/588/653 595/589/654
f 596/590/655 590/591/656 595/589/657
f 598/592/658 594/587/651 599/593/237
f 601/594/659 597/595/660 600/596/661
f 597/595/660 601/594/659 602/597/662
f 456/588/663 457/598/664 600/596/665
f 603/599/666 604/600/667 605/601/668
f 607/602/669 606/603/670 605/601/671
f 604/600/672 608/604/673 607/602/674
f 608/604/673 604/600/672 609/605/675
f 608/604/676 611/606/677 610/607/678
f 615/608/679 613/609/680 612/610/681
f 613/609/680 615/608/679 616/611/682
f 613/609/680 617/612/683 614/613/684
f 611/606/685 609/605/686 615/608/687
f 621/614/688 618/615/689 609/605/690
f 618/615/689 621/614/688 620/616/689
f 620/616/689 619/617/691 618/615/689
f 361/360/692 618/615/689 619/617/691
f 624/618/693 361/360/402 369/368/401
f 623/619/694 624/618/695 625/620/696
f 622/621/247 625/620/696 626/622/697
f 627/623/698 625/620/696 624/618/695
f 631/624/699 628/625/700 629/626/701
f 629/626/701 630/627/252 631/624/699
f 633/628/702 632/629/703 634/630/704
f 635/631/705 634/630/704 632/629/703
f 638/632/706 639/633/707 636/634/708
f 639/633/707 638/632/706 640/635/709
f 637/636/710 639/633/707 641/637/711
f 640/635/709 641/637/711 639/633/707
f 389/388/428 641/637/712 387/386/426
f 628/625/700 631/624/699 642/638/713
f 643/639/714 631/624/699 630/627/252
f 645/640/715 646/641/716 644/642/717
f 648/643/718 647/644/719 646/641/716
f 647/644/719 648/643/718 649/645/720
f 650/646/721 373/373/722 649/645/723
f 652/647/724 651/648/725 654/649/726
f 654/649/726 653/650/727 652/647/724
f 655/651/728 654/649/726 651/648/725
f 653/650/727 654/649/726 656/652/729
f 658/653/730 659/654/731 657/655/732
f 659/654/731 658/653/730 660/656/733
f 603/599/734 661/657/735 662/658/736
f 662/658/736 661/657/735 664/659/737
f 666/660/738 667/661/739 665/662/740
f 661/657/735 667/661/741 664/659/737
f 667/661/739 666/660/738 668/663/742
f 667/661/741 661/657/735 669/664/743
f 663/665/744 669/664/745 670/666/746
f 670/666/746 671/667/747 663/665/744
f 671/667/747 670/666/746 672/668/748
f 673/669/749 670/666/746 669/664/745
f 364/364/396 363/363/395 675/670/750
f 675/670/750 363/363/395 676/671/751
f 363/363/395 360/357/388 676/671/751
f 360/357/388 364/364/396 675/670/750
f 676/671/751 360/357/388 677/672/752
f 360/357/388 675/670/750 677/672/752
f 365/365/397 360/357/388 678/673/753
f 360/357/388 679/674/754 678/673/753
f 681/675/755 365/365/397 680/676/756
f 679/674/757 681/675/755 680/676/756
f 365/365/397 681/675/755 364/364/396
f 679/674/754 360/357/388 682/677/758
f 683/678/759 682/677/758 360/357/388
f 360/357/388 362/362/394 683/678/759
f 684/679/760 681/675/761 685/680/762
f 681/675/763 417/681/764 686/682/765
f 417/681/764 681/675/763 688/683/766
f 691/684/276 688/683/767 689/685/768
f 688/683/767 691/684/276 687/686/769
f 692/687/770 691/684/276 690/688/771
f 694/689/772 693/690/773 681/675/774
f 693/690/773 694/689/772 695/691/773
f 696/692/775 693/690/773 695/691/773
f 697/693/776 693/690/773 696/692/775
f 700/694/777 701/695/778 699/696/779
f 698/697/780 701/695/781 702/698/782
f 703/699/783 701/695/778 700/694/777
f 697/693/784 704/700/785 700/694/786
f 708/701/787 705/702/283 706/703/788
f 707/704/789 708/701/787 706/703/788
f 705/702/283 708/701/787 709/705/284
f 708/701/787 707/704/789 710/706/790
f 712/707/791 713/708/792 711/709/793
f 714/710/794 715/711/795 713/708/796
f 715/711/795 714/710/794 716/712/797
f 432/429/798 717/713/799 716/712/800
f 720/714/801 718/715/802 719/716/803
f 721/717/804 720/714/801 719/716/803
f 718/715/802 720/714/801 722/718/805
f 723/719/806 720/714/801 721/717/804
f 724/720/807 728/721/808 726/722/809
f 725/723/289 728/721/808 724/720/807
f 704/700/810 733/724/811 732/725/812
f 730/726/813 734/727/814 731/728/815
f 733/724/816 735/729/817 734/727/818
f 697/693/819 735/729/817 733/724/816
f 731/728/820 735/729/821 727/730/822
f 736/731/823 697/693/819 737/732/824
f 697/693/819 738/733/825 737/732/824
f 735/729/817 697/693/819 736/731/823
f 738/733/826 740/734/827 739/735/828
f 740/734/827 736/731/823 739/735/828
f 682/677/758 740/734/827 738/733/826
f 736/731/823 740/734/827 735/729/817
f 682/677/758 683/678/759 742/736/829
f 741/737/830 682/677/758 742/736/829
f 740/734/827 682/677/758 741/737/830
f 683/678/759 362/362/394 743/738/831
f 362/362/394 741/737/830 743/738/831
f 741/737/830 362/362/394 740/734/827
f 749/739/832 744/740/833 747/741/834
f 744/740/833 749/739/832 746/742/835
f 747/741/834 750/743/836 749/739/832
f 750/743/836 747/741/834 748/744/837
f 372/372/838 650/646/839 750/743/840
f 745/745/841 372/372/842 746/742/843
f 754/746/844 751/747/845 752/748/846
f 752/748/846 753/749/847 754/746/844
f 751/747/845 754/746/844 371/371/848
f 370/370/404 755/750/849 756/751/850
f 371/371/405 370/370/404 756/751/850
f 370/370/404 373/373/851 755/750/849
f 758/752/852 759/753/853 761/754/854
f 761/754/854 759/753/853 762/755/855
f 759/753/853 760/756/856 762/755/855
f 762/755/855 760/756/856 763/757/857
f 764/758/858 760/756/856 717/713/859
f 764/758/860 457/598/861 758/752/862
f 768/759/863 767/760/864 766/761/865
f 765/762/866 768/759/863 766/761/865
f 768/759/863 765/762/866 770/763/867
f 769/764/868 772/765/869 771/766/870
f 772/765/869 770/763/871 771/766/870
f 772/765/869 764/758/872 770/763/871
f 774/767/759 773/768/873 772/765/874
f 773/768/875 775/769/876 764/758/877
f 776/770/878 764/758/877 775/769/876
f 773/768/873 774/767/759 777/771/879
f 774/767/759 776/770/880 777/771/879
f 774/767/759 594/587/651 776/770/880
f 457/598/861 764/758/860 598/592/881
f 782/772/882 780/773/883 779/774/884
f 778/775/885 782/772/882 779/774/884
f 782/772/882 778/775/885 774/767/759
f 594/587/651 774/767/759 778/775/885
f 778/775/885 781/776/886 594/587/651
f 780/773/883 594/587/651 781/776/886
f 782/772/882 588/583/649 780/773/883
f 594/587/651 780/773/883 588/583/649
f 588/583/649 782/772/882 783/777/887
f 786/778/888 588/583/889 785/779/890
f 784/780/891 786/778/892 787/781/893
f 588/583/889 786/778/888 585/579/894
f 787/781/895 788/782/896 789/783/897
f 793/784/898 791/785/899 790/786/900
f 791/785/899 793/784/898 792/787/901
f 794/788/902 796/789/325 795/790/903
f 796/789/325 794/788/902 797/791/904
f 549/792/905 799/793/906 798/794/907
f 800/795/908 799/793/906 549/792/905
f 801/796/909 804/797/910 803/798/911
f 805/799/912 804/797/910 801/796/909
f 807/800/913 806/801/914 757/802/915
f 806/801/914 807/800/913 808/803/916
f 674/804/917 671/667/747 672/668/748
f 669/664/745 674/804/917 673/669/749
f 809/805/918 671/667/747 674/804/917
f 669/664/745 809/805/918 674/804/917
f 671/667/747 809/805/918 810/806/919
f 811/807/920 671/667/747 810/806/919
f 812/808/921 810/806/919 809/805/918
f 811/807/920 810/806/919 813/809/922
f 809/805/918 814/810/923 812/808/921
f 814/810/923 811/807/920 813/809/922
f 815/811/924 811/807/920 814/810/923
f 814/810/923 809/805/918 815/811/924
f 811/807/920 815/811/924 816/812/925
f 817/813/926 815/811/924 809/805/918
f 815/811/924 817/813/926 818/814/927
f 820/815/928 817/813/929 821/816/930
f 821/816/931 809/805/932 822/817/933
f 824/818/934 823/819/935 822/817/933
f 809/805/918 669/664/745 825/820/936
f 825/820/937 827/821/938 826/822/939
f 830/823/940 828/824/941 829/825/942
f 828/824/941 830/823/940 831/826/943
f 833/827/944 832/828/349 834/829/945
f 835/830/946 834/829/945 832/828/349
f 381/379/415 772/765/874 440/438/495
f 772/765/874 381/379/415 836/831/947
f 381/379/415 370/370/418 836/831/947
f 432/429/948 772/765/869 769/764/868
f 836/831/947 370/370/418 837/832/949
f 370/370/418 838/833/950 837/832/949
f 836/831/947 839/834/951 772/765/874
f 838/833/950 772/765/874 839/834/951
f 370/370/418 774/767/759 838/833/950
f 772/765/874 838/833/950 774/767/759
f 375/835/952 372/372/953 840/836/954
f 372/372/953 841/837/955 840/836/954
f 375/835/956 842/838/957 774/767/759
f 841/837/958 774/767/759 842/838/957
f 774/767/759 370/370/418 375/835/956
f 774/767/759 841/837/958 782/772/882
f 745/745/841 843/839/959 372/372/842
f 782/772/960 843/839/961 844/840/962
f 846/841/356 847/842/963 845/843/964
f 745/745/965 784/780/966 845/843/967
f 847/842/963 846/841/356 848/844/968
f 851/845/969 850/846/970 849/847/971
f 850/846/970 851/845/969 852/848/972
f 853/849/973 855/850/974 854/851/975
f 856/852/976 854/851/975 855/850/974
f 857/853/977 858/854/978 859/855/979
f 860/856/980 859/855/979 858/854/978
f 821/816/981 550/543/602 861/857/982
f 862/858/983 815/811/984 819/859/338
f 861/857/982 550/543/602 863/860/985
f 550/543/602 864/861/986 863/860/985
f 864/861/986 550/543/602 552/542/601
f 862/858/983 552/542/987 865/862/988
f 866/863/989 865/862/988 552/542/987
f 867/864/990 866/863/989 552/542/987
f 480/471/527 865/862/988 868/865/991
f 480/471/527 862/858/983 865/862/988
f 867/864/990 480/471/527 868/865/991
f 558/553/613 480/471/527 867/864/990
f 552/542/987 558/553/613 867/864/990
f 869/866/992 862/858/983 480/471/527
f 862/858/983 869/866/992 870/867/993
f 870/867/993 871/868/994 862/858/983
f 815/811/984 862/858/983 871/868/994
f 869/866/992 475/470/526 872/869/995
f 475/470/526 871/868/994 872/869/995
f 871/868/994 475/470/526 815/811/984
f 480/471/527 475/470/526 869/866/992
f 873/870/996 815/811/984 475/470/526
f 816/812/925 815/811/924 874/871/997
f 468/465/998 816/812/999 875/872/1000
f 876/873/1001 877/874/1002 878/875/1003
f 878/875/1004 811/807/1005 468/465/1006
f 802/876/1007 811/807/920 879/877/1008
f 462/878/1009 879/877/1010 880/879/1011
f 881/880/1012 740/734/827 362/362/394
f 740/734/827 881/880/1012 882/881/1013
f 883/882/1014 740/734/827 882/881/1013
f 884/883/1015 881/880/1016 609/605/675
f 609/605/675 883/882/1014 884/883/1015
f 886/884/1017 885/885/1018 604/600/672
f 604/600/672 888/886/1019 886/884/1017
f 735/729/817 885/885/1018 887/887/1020
f 888/886/1019 735/729/817 887/887/1020
f 885/885/1018 735/729/817 740/734/827
f 740/734/827 604/600/672 885/885/1018
f 604/600/672 740/734/827 883/882/1014
f 889/888/1021 735/729/817 888/886/1019
f 888/886/1019 604/600/672 889/888/1021
f 735/729/817 889/888/1021 890/889/1022
f 883/882/1014 609/605/675 604/600/672
f 727/730/1023 890/889/1024 891/890/1025
f 892/891/1026 727/730/1023 891/890/1025
f 889/888/1021 893/892/1027 890/889/1022
f 889/888/1021 892/891/1028 893/892/1027
f 892/891/1028 889/888/1021 894/893/1029
f 895/894/1030 729/895/1031 727/730/1032
f 729/895/1031 895/894/1030 897/896/1033
f 899/897/384 898/898/1034 896/899/1035
f 899/897/1036 729/895/1031 897/896/1033
f 900/900/386 898/898/1034 899/897/384
f 802/876/1037 729/895/1031 899/897/1036
f 802/876/1007 894/893/1029 901/901/1038
f 802/876/1007 901/901/1038 902/902/1039
f 903/903/1040 802/876/1007 902/902/1039
f 811/807/920 802/876/1007 903/903/1040
f 901/901/1038 671/667/747 904/904/1041
f 671/667/747 903/903/1040 904/904/1041
f 903/903/1040 671/667/747 811/807/920
f 894/893/1029 671/667/747 901/901/1038
f 906/905/1042 894/893/1029 905/906/1043
f 671/667/747 894/893/1029 906/905/1042
f 894/893/1029 907/907/1044 905/906/1043
f 907/907/1044 894/893/1029 889/888/1021
f 907/907/1044 663/665/744 908/908/1045
f 663/665/744 906/905/1042 908/908/1045
f 889/888/1021 663/665/744 907/907/1044
f 906/905/1042 663/665/744 671/667/747
f 910/909/1046 889/888/1021 909/910/1047
f 889/888/1021 911/911/1048 909/910/1047
f 663/665/744 889/888/1021 910/909/1046
f 911/911/1048 889/888/1021 604/600/672
f 603/599/1049 910/909/1050 912/912/1051
f 912/912/1051 911/911/1052 603/599/1049
f 913/913/1053 917/914/1054 915/915/1055
f 916/916/1056 917/914/1057 914/917/1058
f 915/915/387 918/918/391 919/919/1059
f 918/918/1060 920/920/1061 923/921/1062
f 925/922/1063 918/918/1064 924/923/1065
f 923/921/1062 926/924/1066 925/922/1067
f 920/920/1061 926/924/1066 923/921/1062
f 931/925/1068 929/926/1069 927/927/408
f 932/928/413 933/929/1070 929/926/409
f 930/930/1071 929/926/409 933/929/1070
f 936/931/1072 934/932/1073 931/925/1074
f 937/933/1075 935/934/1076 934/932/1073
f 941/935/1077 935/934/1076 940/936/1078
f 940/936/1079 942/937/1080 939/938/1081
f 943/939/1082 942/937/1080 940/936/1079
f 940/936/1078 935/934/1076 944/940/1083
f 935/934/1076 937/933/1075 944/940/1083
f 949/941/1084 946/942/1085 947/943/1086
f 948/944/1087 949/941/1084 947/943/1086
f 946/942/1085 949/941/1084 945/945/1088
f 950/946/1089 949/941/1084 948/944/1087
f 948/944/1090 941/935/1091 951/947/1092
f 941/935/1093 953/948/1094 952/949/1095
f 951/947/1092 941/935/1091 954/950/1096
f 958/951/1097 956/952/1098 957/953/1099
f 956/952/1098 958/951/1097 959/954/1100
f 963/955/1101 960/946/448 961/956/1102
f 962/945/450 963/955/1101 961/956/1102
f 960/946/448 963/955/1101 964/944/1103
f 963/955/1101 962/945/450 965/942/1104
f 970/957/1105 967/958/1106 968/959/1107
f 968/959/1107 969/960/454 970/957/1105
f 967/958/1106 970/957/1105 971/961/1108
f 970/957/1105 969/960/454 972/962/1109
f 973/963/1110 962/945/1111 966/964/1112
f 975/965/1113 976/966/1114 974/967/1115
f 955/968/1116 974/967/1115 976/966/1114
f 976/966/1114 975/965/1113 973/963/1117
f 979/969/1118 976/966/1114 978/970/1119
f 976/966/1114 977/971/1120 978/970/1119
f 977/971/1120 980/972/1121 979/969/1118
f 976/966/1114 979/969/1118 980/972/1121
f 980/972/1121 977/971/1120 981/973/1122
f 976/966/1114 981/973/1122 977/971/1120
f 981/973/1122 976/966/1114 982/974/1123
f 973/963/1117 982/974/1123 976/966/1114
f 981/973/1122 982/974/1123 983/975/1124
f 984/976/1125 981/973/1122 983/975/1124
f 981/973/1122 984/976/1125 985/977/1126
f 984/976/1127 986/978/1128 973/963/1117
f 982/974/1123 973/963/1117 986/978/1128
f 966/964/1112 988/939/1129 973/963/1110
f 988/939/485 989/937/1130 985/977/471
f 990/979/1131 985/977/471 989/937/1130
f 966/964/1132 991/980/1133 990/979/1134
f 992/933/482 993/940/1135 990/979/483
f 988/939/1136 994/981/1137 987/936/1138
f 991/980/1133 966/964/1132 997/930/1139
f 997/930/1140 999/982/1141 995/929/1142
f 999/982/1141 998/927/1143 996/925/1144
f 999/982/1141 997/930/1140 1000/983/1145
f 1000/983/1145 998/927/1143 999/982/1141
f 1001/984/1146 1007/985/1147 1006/986/1148
f 1007/985/1147 1001/984/1146 1005/987/1149
f 1008/988/1150 1002/989/1151 1004/990/1152
f 1005/987/1153 1009/991/1154 1008/988/1155
f 1010/992/1156 1009/991/1154 1005/987/1153
f 1003/993/1157 1012/994/1158 1011/995/1159
f 1011/995/1159 1012/994/1158 1013/996/1160
f 1012/994/1158 1014/997/1161 1013/996/1160
f 1014/997/1161 1012/994/1158 1015/998/1162
f 1010/992/1163 1011/995/49 1016/999/1164
f 1016/999/1164 1014/997/1165 1010/992/1163
f 1020/1000/1166 1019/1001/1167 1018/1002/1168
f 1019/1001/1167 1020/1000/1166 1021/1003/1169
f 1023/1004/1170 1021/1003/57 1024/1005/1171
f 1024/1005/1171 1017/1006/1172 1023/1004/1170
f 1022/1007/1173 1024/1005/1171 1021/1003/57
f 1025/1008/1174 1026/1009/1175 1027/1010/1176
f 1028/1011/1177 1027/1010/1176 1026/1009/1175
f 1026/1009/1175 1025/1008/1174 1029/1012/1178
f 1030/1013/1179 1029/1012/1178 1025/1008/1174
f 1028/1011/1177 1026/1009/1175 1031/1014/1180
f 1030/1013/1179 1028/1011/1177 1031/1014/1180
f 1032/1015/1181 1028/1011/1177 1030/1013/1179
f 1025/1008/1174 1032/1015/1181 1030/1013/1179
f 1025/1008/1182 1034/1016/1183 1033/1017/1184
f 1032/1015/1181 1035/1018/1185 1028/1011/1177
f 1036/1019/1186 1028/1011/1177 1035/1018/1185
f 1035/1018/1185 1032/1015/1181 1037/1020/1187
f 1036/1019/1186 1035/1018/1185 1038/1021/512
f 1039/1022/1188 1036/1019/1186 1038/1021/512
f 1032/1015/1181 1039/1022/1188 1037/1020/1187
f 1036/1019/1186 1039/1022/1188 1040/1023/1189
f 1032/1015/1181 1040/1023/1189 1039/1022/1188
f 1040/1023/1189 1041/1024/1190 1036/1019/1186
f 1042/1025/1191 1036/1019/1186 1041/1024/1190
f 1041/1024/1190 1040/1023/1189 1043/1026/1192
f 1042/1025/1191 1041/1024/1190 1044/1027/1193
f 1045/1028/1194 1042/1025/1191 1044/1027/1193
f 1040/1023/1189 1045/1028/1194 1043/1026/1192
f 1046/1029/1195 1042/1025/1191 1045/1028/1194
f 1040/1023/1189 1046/1029/1195 1045/1028/1194
f 1048/1030/1196 1042/1025/1197 1047/1031/1198
f 1049/1032/1199 1051/1033/1200 1050/1034/1201
f 1051/1033/1200 1049/1032/1199 1052/1035/1202
f 1047/1031/1203 1046/1029/1204 1053/1036/1205
f 1048/1030/1206 1051/1033/1207 1055/1037/1208
f 1054/1038/1209 1057/1039/1210 1056/1040/1211
f 1056/1040/1211 1057/1039/1210 1059/1041/1212
f 1057/1039/1210 1058/1042/1213 1059/1041/1212
f 1059/1041/1212 1058/1042/1213 1060/1043/308
f 1066/1044/1214 1063/1045/1215 1064/1046/1216
f 1066/1044/1214 1064/1046/1216 1065/1047/1217
f 1065/1047/1217 1067/1048/1218 1066/1044/1214
f 1061/1049/1219 1069/1050/1220 1068/1051/1221
f 1061/1049/1219 1055/1037/1222 1071/1052/1223
f 1062/1053/1224 1069/1050/1225 1070/1054/1226
f 1069/1050/1225 1062/1053/1224 1072/1055/1227
f 1076/1056/1228 1074/1057/1229 1075/1058/1230
f 1075/1058/1230 1077/1059/1231 1076/1056/1228
f 1073/1060/1232 1081/1061/1233 1078/1062/1234
f 1073/1060/1235 1083/1063/97 1082/1064/1236
f 1083/1063/97 1085/1065/1237 1084/1066/1238
f 1085/1065/1239 1078/1062/1234 1081/1061/1233
f 1073/1060/1235 1086/1067/1240 1083/1063/97
f 1086/1067/1240 1085/1065/1237 1083/1063/97
f 1086/1067/1240 1073/1060/1235 1087/1068/1241
f 1079/1069/1242 1088/1070/1243 1080/1071/1244
f 1094/1072/1245 1091/1073/565 1092/1074/1246
f 1093/1075/1247 1094/1072/1245 1092/1074/1246
f 1094/1072/1245 1093/1075/1247 1095/1076/1248
f 1090/1073/1249 1097/1077/1250 1096/1078/569
f 1097/1077/1250 1090/1073/1249 1098/1079/1251
f 1097/1077/1250 1098/1079/1251 1099/1075/1252
f 1102/1080/1253 1100/1081/1254 1089/1082/1255
f 1105/988/1256 1102/1080/1257 1104/990/1258
f 1102/1080/1257 1105/988/1256 1107/1083/1259
f 1103/985/1260 1107/1083/1261 1106/987/1262
f 1108/1084/1263 1100/1081/1264 1103/985/1265
f 1086/1067/1240 1109/1085/1266 1085/1065/1237
f 1111/1086/1267 1109/1085/1266 1110/999/1268
f 1109/1085/1266 1111/1086/1267 1108/1084/1269
f 1109/1085/1266 1086/1067/1240 1112/1087/1270
f 1113/1088/1271 1112/1087/1270 1086/1067/1240
f 1086/1067/1240 1114/1089/1272 1113/1088/1271
f 1114/1089/1273 1117/1001/1274 1116/1002/1275
f 1118/1006/1276 1119/1004/1277 1115/1090/1278
f 1117/1001/1279 1119/1004/1280 1120/1003/1281
f 1115/1090/1278 1119/1004/1277 1121/1091/1282
f 1122/1092/1283 1108/1084/1284 1115/1090/578
f 1124/1093/1285 1127/1094/1286 1126/1095/1287
f 1127/1094/1286 1124/1093/1285 1128/1096/1288
f 1128/1096/1288 1125/1097/1289 1127/1094/1286
f 1125/1097/1289 1128/1096/1288 1123/1098/1290
f 1130/1099/1291 1131/1100/1292 1129/1101/144
f 1101/1102/1293 1131/1100/1292 1132/1103/1294
f 1131/1100/1292 1130/1099/1291 1132/1103/1294
f 1136/1093/1295 1134/1104/1296 1133/1095/1297
f 1134/1104/1296 1136/1093/1295 1137/1105/1298
f 1137/1105/1298 1138/1098/1299 1134/1104/1296
f 1134/1104/1296 1138/1098/1299 1135/1097/1300
f 1141/1106/1301 1140/1107/1302 1143/1108/1303
f 1143/1108/1303 1142/1109/1304 1141/1106/1301
f 1139/1110/1305 1143/1108/1303 1140/1107/1302
f 1142/1109/1304 1143/1108/1303 1144/1111/155
f 1147/1112/1306 1122/1092/1307 1117/1001/1308
f 1145/1113/1309 1148/1114/1310 1146/1115/1311
f 1150/1116/1312 1149/1117/1313 1148/1114/1310
f 1148/1114/1310 1145/1113/1309 1150/1116/1312
f 1149/1117/1313 1150/1116/1312 1151/1118/1314
f 1152/1119/1315 1153/1120/1316 1155/1121/165
f 1033/1017/1184 1034/1016/1183 1154/1122/164
f 1034/1016/1317 1147/1112/1318 1155/1121/165
f 1032/1015/1319 1033/1017/1320 1156/1123/1321
f 1040/1023/1189 1032/1015/1181 1157/1124/1322
f 1157/1124/1323 1147/1112/1324 1158/1125/1325
f 1147/1112/1324 1159/1126/1326 1158/1125/1325
f 1040/1023/1189 1157/1124/1322 1160/1127/1327
f 1159/1126/1328 1040/1023/1189 1160/1127/1327
f 1040/1023/1189 1159/1126/1328 1114/1089/1272
f 1114/1089/1272 1161/1128/1329 1040/1023/1189
f 1046/1029/1195 1040/1023/1189 1161/1128/1329
f 1161/1128/1329 1114/1089/1272 1162/1129/1330
f 1114/1089/1272 1163/1130/1331 1162/1129/1330
f 1114/1089/1272 1086/1067/1240 1163/1130/1331
f 1046/1029/1195 1163/1130/1331 1086/1067/1240
f 1046/1029/1195 1161/1128/1329 1164/1131/1332
f 1163/1130/1331 1046/1029/1195 1164/1131/1332
f 1086/1067/1240 1087/1068/1241 1166/1132/1333
f 1165/1133/1334 1087/1068/1335 1167/1134/1336
f 1087/1068/1335 1055/1037/1337 1167/1134/1336
f 1168/1135/1338 1086/1067/1240 1166/1132/1333
f 1086/1067/1240 1168/1135/1338 1046/1029/1195
f 1169/1136/1339 1012/994/1158 1170/1137/1340
f 1171/1138/1341 1170/1137/1342 1172/1133/1343
f 1170/1137/1340 1012/994/1158 1173/1139/1344
f 1174/1140/1345 1171/1138/1341 1172/1133/1343
f 1012/994/1158 1174/1140/1346 1173/1139/1344
f 1012/994/1158 1175/1141/1347 1174/1140/1346
f 1178/1142/1348 1171/1138/1349 1177/1143/1350
f 1177/1143/1350 1179/1053/1351 1178/1142/1348
f 1177/1143/1352 1180/1144/189 1176/1052/1353
f 1181/1145/1354 1176/1052/1353 1180/1144/189
f 1183/1146/1355 1179/1053/1356 1182/1055/1357
f 1190/1147/1358 1187/1148/1359 1188/1149/1360
f 1189/1150/1361 1190/1147/1358 1188/1149/1360
f 1187/1148/1359 1190/1147/1358 1191/1151/1362
f 1192/1152/1363 1190/1147/1358 1189/1150/1361
f 1186/1153/1364 1193/1045/1365 1194/1154/1366
f 1193/1045/1365 1186/1153/1364 1184/1155/1367
f 1186/1153/1364 1194/1154/1366 1195/1047/1368
f 1185/1156/1369 1196/1157/1370 1197/1158/1371
f 1197/1158/1371 1198/1159/199 1185/1156/1369
f 1199/1160/210 1175/1141/201 1200/1161/1372
f 1175/1141/1347 1202/1162/1373 1201/1163/1374
f 1175/1141/1347 1012/994/1158 1202/1162/1373
f 1203/1164/1375 1202/1162/1373 1003/993/1157
f 1012/994/1158 1003/993/1157 1202/1162/1373
f 1206/1165/1376 1204/1166/1377 1205/1167/1378
f 1017/1006/1172 1024/1005/1171 1010/992/1379
f 1211/1168/1380 1207/1113/1381 1208/1169/1382
f 1208/1169/1382 1209/1118/1383 1211/1168/1380
f 1212/1117/1384 1211/1168/1380 1209/1118/1383
f 1207/1113/1381 1211/1168/1380 1213/1115/1385
f 1215/1170/1386 1214/1171/1387 1217/1172/1388
f 1217/1172/1388 1216/1173/1389 1215/1170/1386
f 1218/1174/1390 1217/1172/1388 1214/1171/1387
f 1216/1173/1389 1217/1172/1388 1219/1175/1391
f 1222/1176/1392 1221/1177/1393 1225/1178/1394
f 1225/1178/1394 1223/1179/1395 1222/1176/1392
f 1220/1180/1396 1225/1178/1394 1221/1177/1393
f 1223/1179/1395 1225/1178/1394 1226/1181/1397
f 1025/1008/1398 1224/1182/1399 1223/1179/1400
f 1034/1016/1183 1025/1008/1182 1221/1177/1401
f 1224/1182/1399 1229/1183/1402 1228/1184/1403
f 1229/1183/1402 1224/1182/1399 1025/1008/1398
f 1227/1185/1404 1230/1186/1405 1027/1010/1176
f 1229/1183/1406 1027/1010/1176 1230/1186/1405
f 1236/1187/1407 1235/1188/1408 1239/1189/1409
f 1240/1190/1410 1242/1191/1411 1238/1192/1412
f 1241/1193/1413 1243/1194/1414 1240/1190/1415
f 1243/1194/1416 1236/1187/1417 1242/1191/1418
f 1237/1195/1419 1244/1196/1420 1236/1187/1421
f 1236/1187/1417 1243/1194/1416 1234/1197/734
f 1246/1198/1422 1245/1199/1423 1241/1193/1424
f 1241/1193/1424 1247/1200/1425 1246/1198/1422
f 1247/1200/1425 1241/1193/1424 1248/1201/1426
f 1247/1200/1425 1250/1202/1427 1249/1203/1428
f 1250/1202/1427 1245/1199/1429 1249/1203/1428
f 1248/1201/1426 1250/1202/1427 1247/1200/1425
f 1245/1199/1429 1250/1202/1427 1243/1194/1416
f 919/919/1059 1251/1204/1430 1252/1205/1431
f 1252/1205/1431 1253/1206/1432 919/919/1059
f 1241/1193/1433 919/919/1059 1253/1206/1432
f 1251/1204/1430 919/919/1059 918/918/391
f 1248/1201/1426 918/918/1434 1254/1207/1435
f 1254/1207/1435 918/918/1434 1255/1208/1436
f 918/918/1434 1256/1209/1437 1255/1208/1436
f 1256/1209/1438 1258/1210/1439 1257/1211/1440
f 1258/1210/1439 1254/1207/1435 1257/1211/1440
f 926/924/1441 1258/1210/1439 1256/1209/1438
f 1254/1207/1435 1258/1210/1439 1248/1201/1426
f 1261/1212/1442 1258/1210/1439 1262/1213/705
f 1258/1210/1439 1260/1214/1443 1262/1213/705
f 1260/1214/1443 1263/1215/1444 1261/1212/1442
f 1263/1215/1444 1258/1210/1439 1261/1212/1442
f 1258/1210/1439 926/924/1441 1260/1214/1443
f 926/924/1441 1263/1215/1444 1260/1214/1443
f 1264/1216/1445 1258/1210/1439 1263/1215/1444
f 1263/1215/1444 941/935/1446 1264/1216/1445
f 1264/1216/1445 941/935/1446 1265/1217/1447
f 941/935/1446 1266/1218/1448 1265/1217/1447
f 1258/1210/1439 1264/1216/1445 1267/1219/1449
f 1266/1218/1450 1258/1210/1439 1267/1219/1449
f 938/1220/1451 1258/1210/1439 1266/1218/1450
f 1258/1210/1439 938/1220/1451 1269/1221/713
f 1269/1221/713 1248/1201/1426 1258/1210/1439
f 1248/1201/1426 1269/1221/713 1259/1222/699
f 1269/1221/713 938/1220/1451 1268/1223/1452
f 1259/1222/699 1270/1224/1453 1248/1201/1426
f 938/1220/1451 1270/1224/1453 1268/1223/1452
f 1250/1202/1427 1248/1201/1426 1270/1224/1453
f 1270/1224/1453 938/1220/1451 1250/1202/1427
f 1271/1225/1454 1250/1202/1427 938/1220/1451
f 1250/1202/1427 1271/1225/1454 1272/1226/1455
f 1272/1226/1455 1273/1227/1456 1250/1202/1427
f 1271/1225/1454 934/932/1457 1274/1228/1458
f 934/932/1457 1273/1227/1456 1274/1228/1458
f 938/1220/1451 934/932/1457 1271/1225/1454
f 1275/1229/1459 1250/1202/1427 1273/1227/1456
f 934/932/1457 1275/1229/1459 1273/1227/1456
f 1250/1202/1427 1275/1229/1459 1276/1230/1460
f 1276/1230/1460 1243/1194/1416 1250/1202/1427
f 1276/1230/1460 1275/1229/1459 1277/1231/1461
f 1243/1194/1416 1276/1230/1460 1278/1232/1462
f 1278/1232/1462 1279/1233/1463 1243/1194/1416
f 1275/1229/1459 1279/1233/1463 1277/1231/1461
f 1280/1234/1464 1243/1194/1416 1279/1233/1463
f 1275/1229/1459 1280/1234/1464 1279/1233/1463
f 1243/1194/1416 1280/1234/1464 1281/1235/1465
f 1234/1197/734 1243/1194/1416 1281/1235/1465
f 1281/1235/1465 1280/1234/1464 1282/1236/255
f 1281/1235/1465 1283/1237/1466 1234/1197/734
f 1283/1237/1466 1284/1238/1467 1234/1197/734
f 1280/1234/1464 1284/1238/1467 1282/1236/255
f 1285/1239/735 1234/1197/734 1284/1238/1467
f 1280/1234/1464 1285/1239/735 1284/1238/1467
f 1286/1240/1468 1287/1241/1469 1234/1197/1470
f 1287/1241/1469 1286/1240/1468 1288/1242/1471
f 1289/1243/1472 1287/1241/1469 1288/1242/1471
f 1290/1244/1473 1287/1241/1469 1289/1243/1472
f 1292/1245/1474 1294/1246/1475 1291/1247/1476
f 1294/1246/1475 1292/1245/1474 1295/1248/1477
f 1295/1248/1477 1296/1249/1478 1294/1246/1475
f 1294/1246/1475 1296/1249/1478 1293/1250/1479
f 1297/1251/1480 1298/1252/1481 921/1253/1482
f 1298/1252/1481 1297/1251/1480 1299/1254/1483
f 1301/1255/1484 1300/917/1485 1303/1256/1486
f 1303/1256/1486 1302/913/1487 1301/1255/1484
f 922/916/1488 1303/1256/1486 1300/917/1485
f 1302/913/1487 1303/1256/1486 1304/915/1489
f 1307/1257/1490 980/972/1121 1309/1258/1491
f 980/972/1121 1308/1259/1492 1309/1258/1491
f 980/972/1121 1305/1260/1493 1308/1259/1492
f 1305/1260/1493 980/972/1121 1310/1261/1494
f 1305/1260/1493 1310/1261/1494 1311/1262/1495
f 1312/1263/1496 1305/1260/1493 1311/1262/1495
f 1310/1261/1494 981/973/1122 1313/1264/1497
f 1312/1263/1496 1313/1264/1497 981/973/1122
f 981/973/1122 1310/1261/1494 980/972/1121
f 1305/1260/1493 1312/1263/1496 1314/1265/1498
f 981/973/1122 1314/1265/1498 1312/1263/1496
f 1315/1266/1499 1314/1265/1500 1318/1267/1501
f 1319/1205/1502 1320/1268/1503 1317/1269/1504
f 1320/1268/1505 1318/1267/1501 1314/1265/1500
f 1320/1268/1503 1319/1205/1502 1321/1206/1506
f 1322/1270/1507 1324/1271/1508 1323/1272/1509
f 1325/1273/1510 1322/1270/1507 1323/1272/1509
f 1324/1271/1511 1327/1274/1512 1326/1275/1513
f 1325/1273/1514 1326/1275/1513 1327/1274/1512
f 1327/1274/1512 1324/1271/1511 1314/1265/1498
f 1327/1274/1512 1328/1276/1515 1325/1273/1514
f 1314/1265/1498 1329/1277/1516 1327/1274/1512
f 1329/1277/1516 1314/1265/1498 1330/1278/1517
f 1314/1265/1498 1331/1279/1518 1330/1278/1517
f 1314/1265/1498 981/973/1122 1331/1279/1518
f 1331/1279/1518 985/977/1126 1332/1280/1519
f 1329/1277/1516 1332/1280/1519 985/977/1126
f 985/977/1126 1331/1279/1518 981/973/1122
f 985/977/1126 1327/1274/1512 1329/1277/1516
f 1327/1274/1512 985/977/1126 1333/1281/1520
f 1327/1274/1512 1333/1281/1520 1335/1282/1521
f 1336/1283/1522 1327/1274/1512 1335/1282/1521
f 1327/1274/1512 1336/1283/1522 1337/1284/1523
f 1333/1281/1520 991/980/1133 1338/1285/1524
f 1336/1283/1525 1338/1285/1524 991/980/1133
f 1338/1285/1524 1334/1227/1526 1339/1228/1527
f 991/980/1133 1333/1281/1520 985/977/1126
f 1328/1276/1515 1342/1286/1528 1341/1287/1529
f 1343/1288/1530 1328/1276/1515 1341/1287/1529
f 1342/1286/1528 1337/1284/1523 1340/1289/1531
f 1343/1288/1530 1340/1289/1531 1337/1284/1523
f 1328/1276/1515 1327/1274/1512 1342/1286/1528
f 1337/1284/1523 1342/1286/1528 1327/1274/1512
f 1344/1290/1532 1328/1276/1515 1343/1288/1530
f 1337/1284/1523 1344/1290/1532 1343/1288/1530
f 1346/1291/1533 1344/1290/1532 1345/1292/1534
f 1347/1293/289 1345/1292/1534 1344/1290/1532
f 1344/1290/1532 1346/1291/1533 1328/1276/1515
f 1349/1294/1535 1346/1291/1536 1348/1295/1537
f 1347/1293/289 1349/1294/1535 1348/1295/1537
f 1344/1290/1532 1350/1296/1538 1347/1293/289
f 1350/1296/1538 1349/1294/1535 1347/1293/289
f 1328/1276/1539 1349/1294/1540 1351/1195/1541
f 1351/1195/1541 1352/1196/1542 1328/1276/1539
f 1353/1192/1543 1328/1276/1539 1352/1196/1542
f 1328/1276/1539 1353/1192/1543 1322/1270/1544
f 1355/1297/1545 1353/1192/1546 1354/1189/1547
f 1354/1189/1547 1351/1195/1548 1355/1297/1545
f 1322/1270/1549 1356/1298/1550 1357/1299/1551
f 1357/1299/1552 1361/1300/1553 1359/1301/294
f 1360/1302/1554 1361/1300/1553 1358/1303/1555
f 1361/1300/1553 1357/1299/1552 1362/1304/1556
f 1362/1304/1556 1358/1303/1555 1361/1300/1553
f 1306/1305/1557 1365/1306/1558 1316/1307/1559
f 1363/1308/1560 1365/1306/1558 1364/1309/1561
f 1365/1306/1558 1306/1305/1557 1366/1310/1562
f 1366/1310/1562 1364/1309/1561 1365/1306/1558
f 1367/1311/1563 1280/1234/1464 1368/1312/1564
f 1369/1313/1565 1368/1312/1564 1280/1234/1464
f 1280/1234/1464 1370/1314/1566 1369/1313/1565
f 1370/1314/1566 1280/1234/1464 1275/1229/1459
f 1372/1315/1567 1368/1312/1564 1371/1316/1568
f 1370/1314/1569 1372/1315/1567 1371/1316/1568
f 1372/1315/1567 1367/1311/1563 1368/1312/1564
f 1372/1315/1570 1275/1229/1571 1373/1317/1572
f 1375/1318/1573 1374/1319/1574 1275/1229/1459
f 1275/1229/1459 934/932/1457 1375/1318/1573
f 1377/1320/1575 1376/1321/1576 1375/1318/1573
f 1375/1318/1577 936/931/1578 1378/1322/1579
f 936/931/1578 1373/1317/1580 1378/1322/1579
f 1027/1010/1176 1344/1290/1532 1379/1323/1581
f 1379/1323/1581 1344/1290/1532 1380/1324/853
f 1344/1290/1532 1381/1325/1582 1380/1324/853
f 1344/1290/1532 1337/1284/1523 1381/1325/1582
f 1381/1325/1583 1382/1326/1584 1383/1327/1585
f 1379/1323/1586 1383/1327/1585 1382/1326/1584
f 1337/1284/1587 1386/1320/1588 1385/1321/1589
f 1387/1328/1590 1337/1284/1587 1385/1321/1589
f 1382/1326/1591 1337/1284/1587 1387/1328/1590
f 1387/1328/1592 1384/1317/866 1388/1322/1593
f 1388/1322/1593 1386/1320/1594 1389/1329/1595
f 1389/1329/1595 1387/1328/1592 1388/1322/1593
f 1382/1326/1596 1390/1330/1597 1392/1331/1598
f 1392/1331/1599 1394/1332/1600 1391/1333/1601
f 1394/1332/1600 1395/1334/1602 1393/1335/1603
f 1394/1332/1600 1392/1331/1599 1396/1336/1604
f 1396/1336/1604 1395/1334/1602 1394/1332/1600
f 1224/1182/1399 1382/1326/1605 1395/1334/1606
f 1224/1182/1399 1227/1185/1607 1382/1326/1605
f 1400/1337/1608 1399/1338/1609 1397/1339/1610
f 1399/1338/1609 1400/1337/1608 1402/1340/884
f 1401/1341/1611 1399/1338/1609 1403/1342/1612
f 1402/1340/884 1403/1342/1612 1399/1338/1609
f 1404/1179/1613 1407/1343/1614 1406/1181/308
f 1408/1180/1615 1407/1343/1616 1405/1177/892
f 1409/1344/309 1406/1181/308 1407/1343/1614
f 1410/1345/1617 1398/1346/1618 1406/1181/1619
f 1210/1347/1620 1410/1345/1621 1408/1180/1622
f 1410/1345/1621 1210/1347/1620 1411/1348/1623
f 1411/1348/1623 1210/1347/1620 1413/1120/1624
f 1412/1349/1625 1411/1348/1626 1414/1350/1627
f 1415/1017/1628 1414/1350/1627 1411/1348/1626
f 1210/1347/1620 1416/1119/1629 1413/1120/1624
f 1414/1350/1627 1415/1017/1628 1417/1123/898
f 1210/1347/1620 1022/1007/1630 1416/1119/1629
f 1418/1351/1631 1419/1352/1632 1412/1349/1633
f 1419/1352/1632 1418/1351/1631 1420/1353/1634
f 1421/1354/1635 1419/1352/1632 1420/1353/1634
f 1422/1355/1636 1418/1351/1637 1022/1007/1638
f 1022/1007/1638 1421/1354/324 1422/1355/1636
f 1015/998/1162 1419/1352/1632 1421/1354/1635
f 1419/1352/1632 1015/998/1162 1423/1356/1639
f 1169/1136/1339 1419/1352/1632 1423/1356/1639
f 1169/1136/1339 1423/1356/1639 1424/1357/1640
f 1425/1358/1641 1423/1356/1639 1015/998/1162
f 1426/1359/1642 1169/1136/1339 1424/1357/1640
f 1015/998/1162 1426/1359/1642 1425/1358/1641
f 1012/994/1158 1169/1136/1339 1426/1359/1642
f 1426/1359/1642 1015/998/1162 1012/994/1158
f 1428/1360/1643 1429/1361/1644 1427/1362/1645
f 1429/1361/1644 1430/1363/1646 1427/1362/1645
f 1430/1363/1647 1028/1011/1177 1431/1364/1648
f 1428/1360/1649 1431/1364/1648 1028/1011/1177
f 1028/1011/1177 1430/1363/1647 1350/1296/1538
f 1028/1011/1177 1036/1019/1186 1428/1360/1649
f 1432/1365/335 1350/1296/1538 1433/1366/1650
f 1350/1296/1538 1434/1367/1651 1433/1366/1650
f 1350/1296/1538 1432/1365/335 1028/1011/1177
f 1350/1296/1538 1344/1290/1532 1434/1367/1651
f 1027/1010/1176 1432/1365/335 1435/1368/1652
f 1434/1367/1651 1027/1010/1176 1435/1368/1652
f 1432/1365/335 1027/1010/1176 1028/1011/1177
f 1027/1010/1176 1434/1367/1651 1344/1290/1532
f 1441/1369/1653 1439/1370/1654 1440/1371/921
f 1439/1370/1654 1441/1369/1653 1437/1372/1655
f 1440/1371/921 1442/1373/1656 1441/1369/1653
f 1441/1369/1653 1442/1373/1656 1443/1374/1657
f 1446/1375/1658 1450/1376/339 1447/1377/1659
f 1449/1378/1660 1450/1376/1661 1448/1379/1662
f 1450/1376/339 1446/1375/1658 1451/1380/928
f 1436/1381/1663 1452/1382/1664 1446/1375/1665
f 1453/1383/1666 1436/1381/1667 1455/1384/1668
f 1436/1381/1667 1456/1385/1669 1455/1384/1668
f 1456/1385/1670 1457/1386/1671 1454/1387/1672
f 1459/1388/1673 1453/1383/1674 1458/1389/1675
f 1290/1244/1676 1459/1388/1673 1456/1385/1677
f 1453/1383/1674 1459/1388/1673 1452/1382/1678
f 1459/1388/1673 1290/1244/1676 1460/1390/1679
f 1460/1390/1679 1290/1244/1676 1461/1391/1680
f 1290/1244/1676 1462/1392/1681 1461/1391/1680
f 1462/1392/1681 1290/1244/1676 1285/1239/735
f 1464/1393/1682 1460/1390/1679 1463/1394/1683
f 1462/1392/1681 1464/1393/1682 1463/1394/1683
f 1464/1393/1682 1459/1388/1673 1460/1390/1679
f 1285/1239/735 1464/1393/1682 1462/1392/1681
f 1466/1395/1684 1285/1239/735 1465/1396/1685
f 1464/1393/1682 1285/1239/735 1466/1395/1684
f 1285/1239/735 1467/1397/1686 1465/1396/1685
f 1467/1397/1686 1285/1239/735 1280/1234/1464
f 1467/1397/1686 1367/1311/1563 1468/1398/1687
f 1367/1311/1563 1466/1395/1684 1468/1398/1687
f 1280/1234/1464 1367/1311/1563 1467/1397/1686
f 1466/1395/1684 1367/1311/1563 1464/1393/1682
f 1390/1330/1688 991/980/1689 998/927/1690
f 1337/1284/1587 991/980/1691 1386/1320/1588
f 1470/1399/1692 1471/1400/1693 1469/1401/1694
f 1469/1401/1694 1471/1400/1693 1473/1402/1695
f 1474/1403/1696 1471/1400/1693 1472/1404/1697
f 1471/1400/1693 1474/1403/1696 1473/1402/1695
f 1478/1405/1698 1476/1406/1699 1475/1333/1700
f 1478/1405/1698 1477/1335/1701 1476/1406/1699
f 928/1331/1702 1478/1405/1698 1475/1333/1700
f 1477/1335/1701 1478/1405/1698 1479/1334/955
f 1481/1407/1703 1483/1186/1704 1484/1408/1705
f 1398/1346/1618 1482/1409/1706 1480/1410/1707
f 1481/1407/1708 1398/1346/1618 1480/1410/1707
f 1372/1315/1709 1398/1346/1618 1481/1407/1708
f 1482/1409/1706 1398/1346/1618 1410/1345/1617
f 1367/1311/1563 1410/1345/1710 1485/1411/1711
f 1485/1411/1711 1464/1393/1682 1367/1311/1563
f 1464/1393/1682 1485/1411/1711 1486/1412/1712
f 1487/1413/1713 1464/1393/1682 1486/1412/1712
f 1485/1411/1711 1410/1345/1710 1488/1414/1714
f 1410/1345/1710 1487/1413/1713 1488/1414/1714
f 1410/1345/1710 1412/1349/1633 1487/1413/1713
f 1412/1349/1633 1464/1393/1682 1487/1413/1713
f 1464/1393/1682 1412/1349/1633 1489/1415/1715
f 1459/1388/1673 1464/1393/1682 1489/1415/1715
f 1489/1415/1715 1412/1349/1633 1490/1416/1716
f 1489/1415/1715 1491/1417/1717 1459/1388/1673
f 1492/1418/1718 1459/1388/1673 1491/1417/1717
f 1412/1349/1633 1492/1418/1718 1490/1416/1716
f 1419/1352/1632 1459/1388/1673 1492/1418/1718
f 1492/1418/1718 1412/1349/1633 1419/1352/1632
f 1459/1388/1673 1419/1352/1632 1493/1419/1719
f 1493/1419/1719 1452/1382/1678 1459/1388/1673
f 1493/1419/1719 1419/1352/1632 1494/1420/1720
f 1452/1382/1678 1493/1419/1719 1495/1421/1721
f 1496/1422/1722 1452/1382/1678 1495/1421/1721
f 1419/1352/1632 1496/1422/1722 1494/1420/1720
f 1169/1136/1339 1452/1382/1678 1496/1422/1722
f 1496/1422/1722 1419/1352/1632 1169/1136/1339
f 1498/1423/1723 1499/1424/1724 1452/1382/1725
f 1448/1379/1726 1452/1382/1725 1499/1424/1724
f 1498/1423/1727 1500/1425/1728 1497/1031/1729
f 1499/1424/1724 1498/1423/1723 1501/1032/1730
f 1497/1031/1729 1500/1425/1728 1502/1036/1731
f 1503/1035/1732 1499/1424/1724 1501/1032/1730
f 1171/1138/1733 1499/1424/1724 1503/1035/1732
f 1506/1426/1734 1504/1038/1735 1505/1427/1736
f 1505/1427/1736 1507/1042/1737 1506/1426/1734
f 1504/1038/1735 1506/1426/1734 1508/1040/1738
f 1506/1426/1734 1507/1042/1737 1509/1043/1739
f 1513/1428/1740 1511/1429/1741 1510/1430/1742
f 1511/1429/1741 1513/1428/1740 1514/1431/1743
f 1511/1429/1741 1515/1432/1744 1512/1433/1745
f 1515/1432/1744 1511/1429/1741 1514/1431/1743
f 1517/1434/1746 1518/1379/374 1516/1378/1747
f 1445/1377/1748 1519/1435/1749 1517/1434/1746
f 1518/1379/374 1517/1434/1746 1519/1435/1749
f 1444/1375/1750 1519/1435/1749 1445/1377/1748
f 1042/1025/1197 1048/1030/1196 1516/1378/1751
f 1042/1025/1752 1445/1377/1748 1438/1436/1753
f 1523/1384/1754 1520/1437/1755 1521/1438/1756
f 1522/1387/1757 1523/1384/1754 1521/1438/1756
f 1036/1019/1186 1520/1437/1758 1524/1386/1759
f 1522/1387/1760 1036/1019/1186 1524/1386/1759
f 1520/1437/1758 1036/1019/1186 1042/1025/1191
f 1036/1019/1186 1522/1387/1760 1429/1361/1761
f 1525/1302/1762 1529/1439/1763 1526/1303/1764
f 1527/1299/1765 1529/1439/382 1528/1301/1766
f 1529/1439/1763 1525/1302/1762 1530/1440/1767
f 919/919/1059 1241/1193/1433 1525/1302/1768
f 1533/1441/1769 1532/1442/1770 1531/1443/1771
f 1532/1442/1770 1533/1441/1769 1534/1444/1772
f 1534/1444/1772 1535/1445/1773 1532/1442/1770
f 1532/1442/1770 1535/1445/1773 1536/1446/1774
f 1356/1298/1775 1349/1294/1776 1537/1447/1777
f 1538/1448/1778 1540/1449/1779 1537/1447/1780
f 1537/1447/1780 1540/1449/1779 1541/1450/1781
f 1540/1449/1779 1542/1451/1782 1541/1450/1781
f 1542/1451/1782 1540/1449/1779 1539/1452/1783
f 1349/1294/1784 1543/1453/1785 1542/1451/1786
f 1543/1453/1785 1349/1294/1784 1544/1454/1787
f 1544/1454/1788 1350/1296/1538 1545/1455/1789
f 1546/1456/1790 1545/1455/1789 1350/1296/1538
f 1429/1361/1791 1543/1453/1792 1546/1456/1793
f 1550/1250/1794 1551/1457/1795 1548/1249/1796
f 1547/1245/1797 1551/1457/1795 1549/1247/1798
f 1551/1457/1795 1550/1250/1794 1552/1458/1799
f 1552/1458/1799 1549/1247/1798 1551/1457/1795
f 1556/1459/1800 1557/1460/1801 1554/1461/1802
f 1553/1462/1803 1557/1460/1801 1555/1463/1804
f 1554/1461/1802 1557/1460/1801 1558/1464/1805
f 1557/1460/1801 1553/1462/1803 1558/1464/1805
f 1232/1465/1806 1559/1452/1050 1231/1451/1807
f 1560/1448/1808 1232/1465/1809 1233/1447/1810
f 1561/1466/1811 1559/1452/1050 1232/1465/1806
f 1559/1452/1812 1234/1197/1470 1287/1241/1469
f 1235/1188/1813 1234/1197/1814 1560/1448/1815
f 1563/240/1816 1562/1467/1817 1564/242/1818
f 1569/248/1819 1567/244/1820 1568/249/1821
f 1567/244/1820 1569/248/1819 1570/246/1822
f 1573/27/1823 1572/1468/1824 1571/29/1825
f 1572/1468/1824 1573/27/1823 1574/1469/1826
f 1577/1470/1827 1578/1471/1828 1576/1472/444
f 1578/1471/1828 1577/1470/1827 1575/1473/1829
f 1579/1474/1830 1580/21/1831 1581/1475/1832
f 1582/19/30 1581/1475/1832 1580/21/1831
f 1583/1476/1833 1586/1477/1834 1585/1478/1835
f 1586/1477/1834 1583/1476/1833 1587/1479/465
f 1584/1480/1836 1588/1481/1837 1589/1482/1838
f 1590/1483/1839 1591/1484/1840 1592/1485/1841
f 1594/1486/1842 1590/1483/1843 1593/1487/1844
f 1593/1487/1844 1595/1488/499 1594/1486/1842
f 1596/1489/1845 1594/1486/1842 1595/1488/499
f 1593/1487/1844 1597/1490/1846 1598/116/42
f 1596/1489/1845 1598/116/42 1597/1490/1846
f 1599/1491/1847 1594/1486/1842 1596/1489/1845
f 1599/1491/1847 1600/120/1848 1594/1486/1842
f 1600/120/1849 1601/1492/1850 1603/1493/1851
f 1601/1492/1850 1602/122/1852 1603/1493/1851
f 1603/1493/1851 1602/122/1852 1604/1494/1853
f 1604/1494/1854 1606/1495/1855 1599/1491/1856
f 1599/1491/1856 1605/1496/1857 1604/1494/1854
f 1605/1496/1857 1599/1491/1856 1607/1497/1858
f 1605/1496/1857 1607/1497/1858 1608/1498/1168
f 1610/1499/1859 1605/1496/1860 1609/1500/1861
f 1609/1500/1862 1611/1501/1863 1612/1502/1864
f 1607/1497/1865 1612/1502/1864 1611/1501/1863
f 1613/1503/1866 1616/1504/507 1615/1505/1867
f 1616/1504/507 1613/1503/1866 1617/1506/1868
f 1618/1507/1869 1614/1508/1870 1620/1509/1871
f 1619/1510/1872 1623/1511/1873 1622/1512/1874
f 1623/1511/1873 1619/1510/1872 1624/1513/1875
f 1625/1514/1876 1628/1515/516 1627/1516/1877
f 1628/1515/516 1625/1514/1876 1629/1517/1878
f 1631/1518/1879 1632/1519/1880 1630/1520/1881
f 1630/1520/1881 1632/1519/1880 1633/1521/1882
f 1636/1522/1883 1637/1523/1884 1638/1524/1885
f 1639/1525/1886 1640/1526/1223 1635/1527/1887
f 1634/1528/534 1635/1527/1887 1640/1526/1223
f 1643/1529/1888 1641/1530/1889 1642/1531/1890
f 1641/1530/1889 1643/1529/1888 1644/1532/1891
f 1650/1533/1892 1649/190/1893 1648/186/1894
f 1649/190/1893 1650/1533/1892 1651/191/1895
f 1655/1534/1896 1653/197/1897 1654/194/1898
f 1654/194/1899 1647/1535/1900 1656/1536/1901
f 1647/1535/1900 1654/194/1899 1646/192/1902
f 1647/1535/1900 1645/1537/1903 1656/1536/1901
f 1658/1538/1904 1647/1535/1905 1657/195/1906
f 1658/1538/1907 1655/1534/1908 1652/1539/1909
f 1658/1538/1904 1591/1484/1840 1647/1535/1905
f 1590/1483/1839 1592/1485/1841 1659/1540/566
f 1660/1541/1910 1590/1483/1839 1659/1540/566
f 1590/1483/1839 1660/1541/1910 1597/1490/1846
f 1592/1485/1841 1662/1542/1911 1661/1543/1912
f 1662/1542/1911 1660/1541/1910 1661/1543/1912
f 1662/1542/1911 1597/1490/1846 1660/1541/1910
f 1662/1542/1911 1592/1485/1841 1591/1484/1840
f 1662/1542/1911 1591/1484/1840 1663/1544/1913
f 1658/1538/1904 1663/1544/1913 1591/1484/1840
f 1662/1542/1911 1663/1544/1913 1664/1545/1914
f 1663/1544/1913 1658/1538/1904 1665/1546/1915
f 1666/1547/1916 1662/1542/1911 1664/1545/1914
f 1666/1547/1916 1665/1546/1915 1658/1538/1904
f 1662/1542/1911 1666/1547/1916 1667/1548/1917
f 1658/1538/1904 1667/1548/1917 1666/1547/1916
f 1667/1548/1917 1668/1549/1918 1662/1542/1911
f 1597/1490/1846 1662/1542/1911 1668/1549/1918
f 1652/1539/1909 1669/1550/572 1658/1538/1907
f 1668/1549/1918 1667/1548/1917 1670/1551/1919
f 1669/1550/572 1652/1539/1909 1671/1552/1920
f 1652/1539/1909 1672/1553/1921 1671/1552/1920
f 1667/1548/1922 1669/1550/1923 1673/41/1924
f 1672/1553/1925 1667/1548/1922 1673/41/1924
f 1652/1539/1909 1674/1554/1926 1672/1553/1921
f 1674/1554/1926 1652/1539/1909 1675/48/1927
f 1676/1555/1928 1675/48/1929 1678/1556/1930
f 1678/1556/1930 1679/47/1931 1676/1555/1928
f 1679/47/1931 1678/1556/1930 1680/1557/1932
f 1680/1557/1933 1674/1554/1934 1677/1558/1935
f 1674/1554/1934 1680/1557/1933 1681/1559/1936
f 1681/1559/1936 1682/1560/1937 1674/1554/1934
f 1682/1560/1937 1681/1559/1936 1683/1561/1938
f 1686/1562/1939 1682/1560/1940 1685/1563/1941
f 1684/1564/1942 1686/1562/1939 1685/1563/1941
f 1688/1565/1289 1687/1566/1943 1674/1554/1926
f 1689/1567/1944 1674/1554/1926 1687/1566/1943
f 1667/1548/1917 1674/1554/1926 1689/1567/1944
f 1674/1554/1926 1686/1562/1945 1688/1565/1289
f 1690/1568/1946 1667/1548/1917 1689/1567/1944
f 1690/1568/1946 1689/1567/1944 1691/1569/1947
f 1688/1565/1289 1690/1568/1946 1691/1569/1947
f 1690/1568/1946 1688/1565/1289 1686/1562/1945
f 1667/1548/1917 1690/1568/1946 1692/1570/1948
f 1667/1548/1917 1692/1570/1948 1670/1551/1919
f 1597/1490/1846 1668/1549/1918 1693/1571/1949
f 1692/1570/1948 1597/1490/1846 1693/1571/1949
f 1690/1568/1946 1597/1490/1846 1692/1570/1948
f 1690/1568/1946 1694/1572/1950 1597/1490/1846
f 1599/1491/1951 1597/1490/1846 1694/1572/1950
f 1599/1491/1951 1694/1572/1950 1695/1573/1952
f 1696/1574/1953 1599/1491/1951 1695/1573/1952
f 1694/1572/1950 1690/1568/1946 1697/1575/1954
f 1696/1574/1953 1697/1575/1954 1690/1568/1946
f 1690/1568/1946 1612/1502/1955 1696/1574/1953
f 1612/1502/1955 1690/1568/1946 1698/1576/1956
f 1686/1562/1945 1698/1576/1956 1690/1568/1946
f 1612/1502/1955 1698/1576/1956 1699/1577/1957
f 1700/1578/1304 1612/1502/1955 1699/1577/1957
f 1701/1579/1958 1612/1502/1955 1700/1578/1304
f 1698/1576/1956 1686/1562/1945 1702/1580/1959
f 1700/1578/1304 1702/1580/1959 1686/1562/1945
f 1686/1562/1945 1701/1579/1958 1700/1578/1304
f 1701/1579/1958 1686/1562/1945 1703/1581/1960
f 1704/1582/1318 1703/1581/1960 1686/1562/1945
f 1701/1579/1958 1703/1581/1960 1705/1583/1961
f 1706/1584/1962 1701/1579/1958 1705/1583/1961
f 1681/1559/1963 1704/1582/1964 1684/1564/1279
f 1701/1579/1958 1706/1584/1962 1621/1585/1965
f 1704/1582/1318 1621/1585/1965 1706/1584/1962
f 1704/1582/1318 1706/1584/1962 1707/1586/1966
f 1703/1581/1960 1704/1582/1318 1707/1586/1966
f 1621/1585/1967 1709/288/1968 1708/289/1969
f 1709/288/1970 1618/1507/1971 1710/1587/1972
f 1618/1507/1971 1709/288/1970 1704/1582/1973
f 1618/1507/1971 1704/1582/1973 1712/1588/1974
f 1711/290/1975 1714/1589/1976 1712/1588/1977
f 1714/1589/1976 1711/290/1975 1715/1590/1978
f 1704/1582/1964 1681/1559/1963 1713/292/172
f 1717/1591/1979 1718/1592/595 1716/1593/1980
f 1718/1592/595 1717/1591/1979 1719/1594/1981
f 1722/1595/1982 1720/1596/1983 1721/1597/1984
f 1720/1596/1983 1722/1595/1982 1723/1598/1985
f 1726/1599/1986 1725/1600/1987 1724/1601/1988
f 1725/1600/1987 1726/1599/1986 1727/1602/1989
f 1728/1603/1990 1730/1604/1991 1729/1605/1992
f 1730/1604/1991 1728/1603/1990 1731/1606/1993
f 1735/1607/1994 1734/1608/618 1732/1609/1995
f 1738/1610/1996 1736/1611/1997 1737/1612/1998
f 1736/1611/1997 1738/1610/1996 1733/1613/1999
f 1741/90/2000 1742/1614/2001 1740/86/2002
f 1742/1614/2001 1741/90/2000 1743/91/2003
f 1739/1615/2004 1747/1616/2005 1746/1617/2006
f 1747/1616/2005 1748/94/2007 1746/1617/2006
f 1745/1618/2008 1748/94/2009 1744/100/2010
f 1748/94/2007 1747/1616/2005 1749/93/2011
f 1747/1616/2012 1590/1483/1839 1750/95/2013
f 1590/1483/1839 1747/1616/2012 1591/1484/1840
f 1590/1483/1843 1594/1486/1842 1745/1618/2014
f 1612/1502/1955 1599/1491/1951 1696/1574/1953
f 1752/1619/1384 1610/1499/2015 1751/1620/2016
f 1610/1499/2015 1753/1621/2017 1751/1620/2016
f 1610/1499/2015 1612/1502/1955 1753/1621/2017
f 1755/1622/2018 1610/1499/2015 1752/1619/1384
f 1753/1621/2017 1701/1579/1958 1754/1623/2019
f 1701/1579/1958 1753/1621/2017 1612/1502/1955
f 1752/1619/1384 1754/1623/2019 1701/1579/1958
f 1701/1579/1958 1755/1622/2018 1752/1619/1384
f 1755/1622/2018 1701/1579/1958 1756/1624/2020
f 1755/1622/2018 1756/1624/2020 1757/1625/2021
f 1755/1622/2022 1758/1626/2023 1759/1627/2024
f 1756/1624/2020 1621/1585/1965 1760/1628/2025
f 1621/1585/2026 1759/1627/2024 1758/1626/2023
f 1621/1585/1965 1756/1624/2020 1701/1579/1958
f 1762/1629/2027 1759/1627/2028 1761/1630/2029
f 1614/1508/663 1762/1629/2030 1763/1631/2031
f 1764/1632/2032 1766/1633/2033 1765/1634/2034
f 1767/1635/2035 1768/1636/2036 1769/1637/2037
f 1772/1638/2038 1773/1639/2039 1771/1640/2040
f 1774/1641/2041 1776/1642/2042 1775/1643/2043
f 1776/1642/2042 1777/253/2044 1775/1643/2043
f 1776/1642/2042 1774/1641/2041 1778/1644/2045
f 1777/253/2044 1776/1642/2042 1779/255/689
f 1782/1645/704 1781/1646/2046 1780/1647/2047
f 1781/1646/2046 1782/1645/704 1783/1648/2048
f 1786/1649/2049 1784/1650/2050 1785/1651/2051
f 1788/1652/716 1787/1653/2052 1789/1654/2053
f 1770/1655/2054 1791/1656/2055 1790/1657/2056
f 1791/1656/2055 1770/1655/2054 1792/1658/730
f 1793/1659/2057 1795/1660/2058 1794/1661/2059
f 1795/1660/2058 1793/1659/2057 1796/1662/2060
f 1565/1663/1482 1797/1664/2061 1798/1665/2062
f 1797/1664/2061 1565/1663/1482 1799/1666/2063
f 1801/1/2064 1566/1667/2065 1800/3/2066
f 1803/12/2067 1804/11/2068 1802/7/2069
f 1805/10/2070 1802/7/2069 1804/11/2068
f 1808/1668/2071 1807/1669/2072 1806/1670/2073
f 1809/220/2074 1808/1668/2071 1806/1670/2073
f 1807/1669/2072 1808/1668/2071 1810/1671/2075
f 1811/218/2076 1808/1668/2071 1809/220/2074
f 1814/1672/2077 1812/1673/2078 1813/1674/2079
f 1815/1675/793 1816/1676/796 1817/1677/2080
f 1820/1678/809 1819/1679/2081 1818/1680/2082
f 1819/1679/2081 1820/1678/809 1821/1681/2083
f 1823/1682/816 1824/1683/2084 1822/1684/2085
f 1825/1685/2086 1827/1686/2087 1759/1627/2028
f 1825/1685/2088 1826/1687/2089 1828/1688/2090
f 1831/152/2091 1755/1622/2092 1830/151/2093
f 1833/1689/2094 1831/152/2091 1832/1690/2095
f 1826/1687/2096 1833/1689/2097 1829/1691/2098
f 1833/1689/2094 1610/1499/2099 1831/152/2091
f 1610/1499/2099 1833/1689/2094 1834/1692/2100
f 1834/1692/2101 1836/1693/2102 1835/156/2103
f 1837/1694/2104 1835/156/2103 1836/1693/2102
f 1605/1496/1860 1610/1499/1859 1838/157/2105
f 1839/1695/2106 1841/1696/2107 1840/1697/2108
f 1842/1698/2109 1840/1697/2108 1841/1696/2107
f 1845/1699/910 1844/1700/2110 1843/1701/2111
f 1844/1700/2110 1845/1699/910 1846/1702/2112
f 1847/1703/914 1850/1704/2113 1848/1705/2114
f 1849/1706/2115 1850/1704/2113 1847/1703/914
f 1853/343/2116 1851/1707/2117 1852/1708/2118
f 1855/1709/2119 1853/343/2120 1854/344/2121
f 1856/1710/1672 1857/1711/2122 1858/1712/2123
f 1860/1713/2124 1861/1714/2125 1859/1715/942
f 1861/1714/2125 1860/1713/2124 1862/1716/2126
f 1865/1717/1685 1864/1718/2127 1863/1719/944
f 1864/1718/2127 1865/1717/1685 1866/1720/1686
f 1867/1721/961 1869/1722/963 1868/1723/2128
f 1871/1724/1712 1870/1725/2129 1872/1726/2130
f 1873/1727/2131 1872/1726/2130 1870/1725/2129
f 1874/1728/2132 1876/1729/2133 1875/1730/2134
f 1877/1731/2135 1875/1730/2134 1876/1729/2133
f 1880/1732/977 1879/1733/2136 1878/1734/2137
f 1879/1733/2136 1880/1732/977 1881/1735/2138
f 1882/1736/2139 1884/1737/2140 1883/1738/2141
f 1884/1737/2140 1882/1736/2139 1885/1739/2142
f 1851/1707/2143 1886/307/2144 1887/1740/2145
f 1886/307/2146 1626/1741/2147 1888/309/2148
f 1891/1742/2149 1890/1743/1754 1889/1744/2150
f 1893/1745/1030 1894/1746/2151 1892/1747/2152
f 1892/1747/2152 1894/1746/2151 1895/1748/1034
f 1896/1749/2153 1897/1750/2154 1898/1751/2155
f 1899/1752/2156 1898/1751/2155 1897/1750/2154
f 1897/1750/2154 1900/1753/2157 1899/1752/2156
f 1901/1754/2158 1899/1752/2156 1900/1753/2157
f 1897/1750/2154 1896/1749/2153 1902/1755/3
f 1896/1749/2153 1901/1754/2158 1902/1755/3
f 1896/1749/2153 1903/1756/2159 1901/1754/2158
f 1899/1752/2156 1901/1754/2158 1903/1756/2159
f 1899/1752/2156 1903/1756/2159 1904/1757/2160
f 1906/1758/8 1907/1759/10 1905/1760/2161
f 1903/1756/2159 1906/1758/2162 1908/1761/1822
f 1908/1761/1822 1909/1762/2163 1903/1756/2159
f 1911/1763/2164 1910/1764/2165 1913/1765/2166
f 1913/1765/2166 1912/1766/2167 1911/1763/2164
f 1912/1766/2167 1915/1767/2168 1914/1768/2169
f 1915/1767/2168 1910/1764/1074 1914/1768/2169
f 1912/1766/2167 1913/1765/2166 1916/1769/2170
f 1916/1769/2170 1915/1767/2168 1912/1766/2167
f 1910/1764/1074 1915/1767/2168 1917/1770/2171
f 1913/1765/2172 1919/1771/2173 1918/1772/2174
f 1918/1772/2174 1919/1771/2173 1920/1773/1081
f 1919/1771/2173 1921/1774/2175 1920/1773/1081
f 1921/1774/2175 1919/1771/2173 1922/1775/2176
f 1923/1776/2177 1921/1774/2178 1924/1777/2179
f 1916/1769/2170 1922/1775/2180 1925/1778/2181
f 1926/1779/2182 1925/1778/2181 1922/1775/2180
f 1922/1775/2180 1927/1780/2183 1926/1779/2182
f 1929/1781/2184 1925/1778/2181 1928/1782/2185
f 1927/1780/2186 1929/1781/2184 1928/1782/2185
f 1925/1778/2181 1929/1781/2184 1916/1769/2170
f 1930/1783/2187 1929/1781/2184 1927/1780/2186
f 1931/1784/2188 1933/1785/1824 1932/1786/2189
f 1935/1787/1826 1932/1786/2189 1933/1785/1824
f 1935/1787/1826 1922/1775/2190 1932/1786/2189
f 1934/1788/2191 1930/1783/2192 1935/1787/2193
f 1930/1783/2187 1936/1789/2194 1937/1790/2195
f 1929/1781/2184 1930/1783/2187 1937/1790/2195
f 1937/1790/2195 1936/1789/2194 1938/1791/2196
f 1929/1781/2184 1937/1790/2195 1939/1792/2197
f 1938/1791/2196 1929/1781/2184 1939/1792/2197
f 1936/1789/2194 1929/1781/2184 1938/1791/2196
f 1929/1781/2184 1941/1793/2198 1940/1794/2199
f 1942/1795/2200 1929/1781/2184 1940/1794/2199
f 1941/1793/2198 1929/1781/2184 1936/1789/2194
f 1916/1769/2170 1944/1796/2201 1943/1797/2202
f 1946/1798/2203 1916/1769/2170 1943/1797/2202
f 1944/1796/2201 1916/1769/2170 1929/1781/2184
f 1915/1767/2168 1916/1769/2170 1946/1798/2203
f 1944/1796/2201 1947/1799/2204 1945/1800/2205
f 1929/1781/2184 1947/1799/2204 1944/1796/2201
f 1947/1799/2204 1946/1798/2203 1945/1800/2205
f 1946/1798/2203 1947/1799/2204 1915/1767/2168
f 1947/1799/2204 1929/1781/2184 1942/1795/2200
f 1942/1795/2200 1948/1801/2206 1947/1799/2204
f 1948/1801/2206 1942/1795/2200 1949/1802/2207
f 1941/1793/2208 1948/1801/2206 1949/1802/2207
f 1936/1789/2209 1951/1803/2210 1950/1804/2211
f 1951/1803/2210 1936/1789/2209 1952/1805/2212
f 1952/1805/2212 1948/1801/2213 1951/1803/2210
f 1948/1801/2214 1950/1804/2215 1954/1806/2216
f 1953/1807/2217 1954/1806/2216 1950/1804/2215
f 1954/1806/2216 1953/1807/2217 1955/1808/2218
f 1957/1809/2219 1959/1810/462 1958/1811/2220
f 1959/1810/462 1957/1809/2219 1960/1812/1834
f 1964/1813/2221 1965/1814/2222 1963/1815/1125
f 1962/1816/2223 1965/1814/2224 1956/1817/2225
f 1965/1814/2222 1964/1813/2221 1966/1818/2226
f 1967/1819/2227 1948/1801/2228 1964/1813/2229
f 1948/1801/2228 1967/1819/2227 1968/1820/2230
f 1968/1820/2230 1967/1819/2227 1969/1821/2231
f 1967/1819/2227 1970/1822/2232 1969/1821/2231
f 1970/1822/2232 1967/1819/2227 1971/1823/2233
f 1968/1820/1138 1973/1824/2234 1972/1825/2235
f 1947/1799/2204 1971/1823/2236 1974/1826/2237
f 1974/1826/2237 1915/1767/2168 1947/1799/2204
f 1974/1826/2237 1971/1823/2236 1975/1827/2238
f 1971/1823/2236 1976/1828/2239 1975/1827/2238
f 1915/1767/2168 1974/1826/2237 1977/1829/2240
f 1977/1829/2240 1976/1828/2241 1915/1767/2168
f 1984/1830/2242 1981/1831/2243 1983/1832/1164
f 1981/1831/2243 1984/1830/2242 1982/1833/2244
f 1987/1834/2245 1985/1835/2246 1986/1836/2247
f 1991/1837/2248 1992/1838/61 1990/1839/2249
f 1992/1838/61 1993/1840/2250 1990/1839/2249
f 2001/1841/68 1998/1842/2251 2000/1843/1187
f 1998/1842/2251 2001/1841/68 1996/1844/2252
f 2003/1845/1877 2005/1846/2253 2002/1847/2254
f 2002/1847/2254 2005/1846/2253 2006/1848/2255
f 2004/1849/2256 2007/1850/1195 2008/1851/2257
f 2009/1852/2258 2008/1851/2259 2010/1853/2260
f 2011/1854/2261 2009/1852/2258 2010/1853/2260
f 2007/1850/2262 2011/1854/2263 2012/1855/2264
f 2011/1854/2263 2007/1850/2262 2013/1856/1222
f 2013/1856/2265 2014/1857/2266 2009/1852/2267
f 2015/1858/1359 2009/1852/2267 2014/1857/2266
f 2015/1858/1359 2014/1857/2266 2016/1859/2268
f 2017/1860/308 2015/1858/1359 2016/1859/2268
f 2015/1858/1359 2017/1860/308 2018/1861/2269
f 2013/1856/2265 2018/1861/2269 2017/1860/308
f 2014/1857/2266 2013/1856/2265 2019/1862/2270
f 2017/1860/308 2019/1862/2270 2013/1856/2265
f 2023/1863/2271 2022/1864/2272 2020/1865/2273
f 2024/1866/2274 2023/1863/2271 2020/1865/2273
f 2023/1863/2271 2018/1861/2269 2022/1864/2272
f 2022/1864/2272 2025/1867/2275 2021/1868/2276
f 2025/1867/2275 2024/1866/2274 2021/1868/2276
f 2025/1867/2275 2022/1864/2272 2018/1861/2269
f 2023/1863/2271 2024/1866/2274 1979/1869/1840
f 2025/1867/2275 1979/1869/1840 2024/1866/2274
f 2026/1870/1225 2018/1861/2277 2027/1871/2278
f 2018/1861/2277 2028/1872/2279 2027/1871/2278
f 2028/1872/2280 2030/1873/1232 2029/1874/2281
f 2030/1873/1232 2026/1870/2282 2029/1874/2281
f 2013/1856/2283 2030/1873/1232 2028/1872/2280
f 2026/1870/2282 2030/1873/1232 2025/1867/2275
f 2031/1875/2284 2025/1867/2275 2032/1876/2285
f 2025/1867/2275 2030/1873/1232 2032/1876/2285
f 2033/1877/1231 2025/1867/2275 2031/1875/2284
f 2025/1867/2275 2033/1877/1231 1979/1869/1840
f 2035/1878/2286 2033/1877/1231 2034/1879/2287
f 2032/1876/2285 2035/1878/2286 2034/1879/2287
f 2035/1878/2286 1979/1869/1840 2033/1877/1231
f 2035/1878/2286 2032/1876/2285 2030/1873/1232
f 2035/1878/2286 2036/1880/1905 1979/1869/1840
f 2037/1881/92 2030/1873/1232 2038/1882/555
f 2040/1883/2288 2037/1881/2289 2039/1884/2290
f 2030/1873/1232 2013/1856/2283 2042/1885/2291
f 2035/1878/2292 2043/1886/2293 2044/1887/2294
f 2043/1886/2293 2035/1878/2292 2040/1883/2295
f 2043/1886/2296 2045/1888/2297 2041/1889/2298
f 2045/1888/2297 2046/1890/2299 2041/1889/2298
f 2043/1886/2296 2047/1891/2300 2045/1888/2297
f 2048/1892/2301 2050/1893/2302 2049/1894/2303
f 2051/1895/2304 2052/1896/2305 2053/1897/2306
f 2054/1898/2307 2056/1899/2308 2055/1900/2309
f 2057/1901/2310 2055/1900/2309 2056/1899/2308
f 2059/1902/2311 2058/1903/1274 2060/1904/1941
f 1997/1905/2312 2061/1906/166 1994/1907/2313
f 2061/1906/166 1997/1905/2312 2062/1908/1969
f 2064/1909/2314 2065/1910/2315 2063/1911/2316
f 2066/1912/2317 2063/1911/2316 2065/1910/2315
f 2067/1913/2318 2069/1914/2319 2068/1915/2320
f 2068/1915/2320 2069/1914/2319 2070/1916/179
f 2071/1917/597 2073/1918/2321 2072/1919/2322
f 2075/1920/2323 2073/1918/2321 2071/1917/597
f 2075/1920/2324 2074/1921/2325 2013/1856/1222
f 2013/1856/1222 2007/1850/2262 2075/1920/2324
f 2078/1922/2326 2077/1923/2327 2076/1924/2328
f 2077/1923/2327 2078/1922/2326 2080/1925/2329
f 2079/1926/2330 2082/1927/2331 2077/1923/1988
f 2082/1927/2331 2079/1926/2330 2083/1928/187
f 2078/1922/2332 2084/1929/2333 2081/1930/604
f 2084/1929/2333 2078/1922/2332 2085/1931/2334
f 2085/1931/2334 2087/1932/2335 2084/1929/2333
f 2088/1933/2336 2084/1929/2333 2087/1932/2335
f 2085/1931/2337 2086/1934/2338 2089/1935/2339
f 2086/1934/2338 2088/1933/2340 2089/1935/2339
f 2084/1929/2333 2088/1933/2336 2090/1936/2341
f 2090/1936/2341 2086/1934/2342 2091/1937/2343
f 2090/1936/2341 2092/1938/1369 2084/1929/2333
f 2023/1863/2271 2091/1937/2343 2086/1934/2342
f 2090/1936/2341 2091/1937/2343 2093/1939/2344
f 2086/1934/2342 2094/1940/2345 2023/1863/2271
f 2094/1940/2345 2086/1934/2342 2095/1941/1360
f 2086/1934/2342 2096/1942/1361 2095/1941/1360
f 2086/1934/2342 2015/1858/1359 2096/1942/1361
f 2097/1943/2346 2018/1861/2269 2094/1940/2345
f 2096/1942/1361 2018/1861/2269 2097/1943/2346
f 2018/1861/2269 2023/1863/2271 2094/1940/2345
f 2015/1858/1359 2018/1861/2269 2096/1942/1361
f 2091/1937/2343 2023/1863/2271 2098/1944/2347
f 2023/1863/2271 2099/1945/2348 2098/1944/2347
f 2099/1945/2348 2090/1936/2341 2093/1939/2344
f 2090/1936/2341 2099/1945/2348 1979/1869/1840
f 2023/1863/2271 1979/1869/1840 2099/1945/2348
f 2090/1936/2341 1979/1869/1840 2100/1946/2349
f 2090/1936/2341 2100/1946/2349 2101/1947/2350
f 2092/1938/1369 2090/1936/2341 2101/1947/2350
f 2100/1946/2349 2103/1948/2351 2102/1949/2352
f 2092/1938/1369 2102/1949/2352 2103/1948/2351
f 2103/1948/2351 2100/1946/2349 1979/1869/1840
f 2103/1948/2351 2084/1929/2333 2092/1938/1369
f 2105/1950/2353 2084/1929/2354 2104/1951/2355
f 2104/1951/2355 1980/1952/2356 2106/1953/2357
f 2103/1948/2358 2108/1954/2359 1980/1952/2360
f 2108/1954/2359 2103/1948/2358 2109/1955/2361
f 2103/1948/2351 1979/1869/1840 2110/1956/2362
f 2107/1957/2363 2111/1958/2364 2108/1954/2365
f 2111/1958/2364 2107/1957/2363 2112/1959/2366
f 1978/1960/2367 2108/1954/2365 2111/1958/2364
f 2113/1961/2368 2115/1962/2369 2114/1963/2370
f 2115/1962/2371 1995/1964/2372 2117/1965/2373
f 1995/1964/2374 2116/1966/2375 2118/1967/2376
f 2119/1968/2377 2118/1967/2376 2116/1966/2375
f 2120/1969/2378 2116/1966/2379 2121/1970/2380
f 1988/1971/2381 2118/1967/2382 2122/1972/2383
f 2126/1973/2384 2124/1974/2385 2125/1975/2386
f 2124/1974/2385 2126/1973/2384 2127/1976/2387
f 2125/1975/2388 1989/1977/2389 2128/1978/2390
f 1989/1977/2389 2123/1979/2391 2128/1978/2390
f 2123/1979/2391 1989/1977/2389 1988/1971/2392
f 2129/1980/2393 2130/1981/2394 2131/1982/2395
f 2130/1981/2394 2132/1983/2396 2131/1982/2395
f 2134/1984/2397 2130/1981/2398 2135/1985/2399
f 2134/1984/2397 2135/1985/2399 2136/1986/2400
f 2137/1987/2401 2134/1984/2397 2136/1986/2400
f 2134/1984/2397 2137/1987/2401 2138/1988/2402
f 2140/1989/2403 2137/1987/2404 2139/1990/2405
f 2138/1988/2406 2141/1991/2407 2142/1992/2408
f 2141/1991/2409 2130/1981/2410 2143/1993/2411
f 2142/1992/2412 2147/1994/2413 2145/1995/2414
f 2146/1996/2039 2147/1994/2413 2144/1997/684
f 2147/1994/2413 2142/1992/2412 2148/1998/2415
f 2148/1998/2415 2144/1997/684 2147/1994/2413
f 2138/1988/2416 2144/1997/2417 2149/1999/2418
f 2149/1999/2418 2150/2000/2419 2138/1988/2416
f 1898/1751/2155 2138/1988/2416 2150/2000/2419
f 2150/2000/2419 2151/2001/2420 1898/1751/2155
f 2152/2002/2421 1898/1751/2155 2151/2001/2420
f 1898/1751/2155 2152/2002/2421 1896/1749/2153
f 2149/1999/2422 1896/1749/2153 2152/2002/2421
f 2155/2003/2423 2157/2004/2424 2153/2005/2425
f 2154/2006/2426 2157/2004/2424 2156/2007/2427
f 2157/2004/2424 2155/2003/2423 2158/2008/2428
f 2158/2008/2428 2156/2007/2427 2157/2004/2424
f 2162/2009/2429 2160/2010/2430 2161/2011/2046
f 2160/2010/2430 2162/2009/2429 2163/2012/2431
f 1922/1775/2432 2164/2013/2433 1934/1788/2191
f 2164/2013/2433 1930/1783/2192 1934/1788/2191
f 2166/2014/2434 2168/2015/2435 2167/2016/2436
f 2165/2017/2050 2167/2016/2436 2169/2018/2437
f 2170/2019/2438 2167/2016/2436 2168/2015/2435
f 2168/2015/2439 1922/1775/2176 1919/1771/2173
f 2171/2020/2440 2159/2021/2441 2172/2022/1452
f 2173/2023/2442 2172/2022/1452 2159/2021/2441
f 2174/2024/2443 2178/2025/2444 2175/2026/715
f 2177/2027/720 2178/2025/2445 2176/2028/2446
f 2178/2025/2444 2174/2024/2443 2179/2029/2447
f 2183/2030/2448 2181/2031/2449 2182/2032/2450
f 2182/2032/2450 2184/2033/727 2183/2030/2448
f 2181/2031/2449 2183/2030/2448 2185/2034/2451
f 2186/2035/729 2183/2030/2448 2184/2033/727
f 2189/2036/257 2187/2037/2452 2188/2038/2453
f 2187/2037/2452 2189/2036/257 2143/1993/2054
f 2190/2039/2454 2130/1981/2455 2191/2040/2456
f 2192/2041/2457 2193/2042/2458 2191/2040/2459
f 2191/2040/2459 2193/2042/2458 2194/2043/2460
f 2191/2040/2461 2133/2044/2462 2195/2045/2463
f 2133/2044/2462 2196/2046/742 2195/2045/2463
f 2190/2039/2464 2196/2046/2465 2197/2047/2466
f 2197/2047/2467 2133/2044/2468 2198/2048/2469
f 2199/2049/2470 2198/2048/2469 2133/2044/2468
f 2198/2048/2469 2199/2049/2470 2200/2050/2471
f 2201/2051/1479 2200/2050/2471 2199/2049/2470
f 2197/2047/2467 2198/2048/2469 2202/2052/2472
f 2201/2051/1479 2197/2047/2467 2202/2052/2472
f 1903/1756/2159 1896/1749/2153 1906/1758/2162
f 2203/2053/2473 1904/1757/2160 1903/1756/2159
f 1904/1757/2160 2203/2053/2473 2205/2054/2474
f 1899/1752/2156 1904/1757/2160 2204/2055/2475
f 2205/2054/2474 1899/1752/2156 2204/2055/2475
f 1899/1752/2156 2205/2054/2474 2203/2053/2473
f 1899/1752/2156 2203/2053/2473 2206/2056/2476
f 1899/1752/2156 2206/2056/2476 2207/2057/2477
f 2208/2058/2478 1899/1752/2156 2207/2057/2477
f 2206/2056/2476 2210/2059/2479 2209/2060/2480
f 2210/2059/2479 2206/2056/2476 2203/2053/2473
f 2208/2058/2478 2209/2060/2480 2210/2059/2479
f 1961/2061/2481 2211/2062/2482 2203/2053/2473
f 2212/2063/2483 2203/2053/2473 2211/2062/2482
f 2203/2053/2473 2212/2063/2483 2210/2059/2479
f 2213/2064/2484 2214/2065/2485 2212/2063/269
f 2215/2066/2486 2219/2067/2487 2216/2068/2488
f 2219/2067/2487 2218/2069/2489 2217/2070/2490
f 2219/2067/2487 2215/2066/2486 2220/2071/2491
f 2218/2069/2489 2219/2067/2487 2220/2071/2491
f 2221/2072/2492 2222/2073/2493 2210/2059/2479
f 2223/2074/2494 2210/2059/2479 2222/2073/2493
f 2210/2059/2479 2223/2074/2494 2208/2058/2478
f 1899/1752/2156 2208/2058/2478 2223/2074/2494
f 2223/2074/2494 2224/2075/2495 1899/1752/2156
f 1898/1751/2155 1899/1752/2156 2224/2075/2495
f 2223/2074/2494 2222/2073/2493 2225/2076/2072
f 2226/2077/2496 2223/2074/2494 2225/2076/2072
f 2221/2072/2497 2227/2078/2498 2226/2077/2496
f 2223/2074/2494 2226/2077/2496 2227/2078/2498
f 2227/2078/2498 2221/2072/2497 2230/2079/2499
f 2230/2079/2500 2232/2080/2501 2228/2081/2502
f 2232/2080/2501 2231/2082/2503 2229/2083/2504
f 2232/2080/2501 2230/2079/2500 2233/2084/2505
f 2233/2084/2505 2231/2082/2503 2232/2080/2501
f 2234/2085/2506 2227/2078/2507 2231/2082/2508
f 2235/2086/2509 2237/2087/2510 2236/2088/2511
f 2237/2087/2510 2235/2086/2509 2238/2089/1519
f 2239/2090/793 2243/2091/2512 2240/2092/2513
f 2241/2093/794 2243/2091/2512 2242/2094/2514
f 2244/2095/2515 2240/2092/2513 2243/2091/2512
f 2246/2096/802 2248/2097/2516 2247/2098/2517
f 2248/2097/2516 2249/2099/2518 2247/2098/2517
f 2250/2100/805 2248/2097/2516 2246/2096/802
f 2249/2099/2518 2248/2097/2516 2251/2101/806
f 2252/2102/2519 2254/2103/286 2253/2104/2520
f 2254/2103/286 2252/2102/2519 2255/2105/2521
f 2256/2106/2522 2234/2085/2523 2255/2105/2524
f 2261/2107/292 2260/2108/2525 2259/2109/2526
f 2263/2110/2527 2260/2108/2528 2262/2111/2529
f 2258/2112/2530 2263/2110/2527 2262/2111/2529
f 2263/2110/2527 2227/2078/2531 2260/2108/2528
f 2263/2110/2527 2258/2112/2530 2256/2106/2532
f 2264/2113/2533 2265/2114/2534 2227/2078/2498
f 2266/2115/2535 2227/2078/2498 2265/2114/2534
f 2227/2078/2498 2266/2115/2535 2223/2074/2494
f 2264/2113/2536 2268/2116/2537 2267/2117/2538
f 2268/2116/2537 2266/2115/2535 2267/2117/2538
f 2268/2116/2537 2223/2074/2494 2266/2115/2535
f 2268/2116/2537 2264/2113/2536 2263/2110/2539
f 2223/2074/2494 2268/2116/2537 2269/2118/2540
f 2269/2118/2540 2270/2119/2541 2223/2074/2494
f 2224/2075/2495 2223/2074/2494 2270/2119/2541
f 2273/2120/2542 2275/2121/296 2274/2122/2543
f 2275/2121/296 2273/2120/2542 2276/2123/2544
f 2180/2124/2545 2277/2125/2546 2273/2120/1566
f 2279/2126/2547 2278/2127/2548 2180/2124/2549
f 2280/2128/2550 2282/2129/2551 2281/2130/2552
f 1913/1765/2553 1917/1770/2554 2280/2128/2555
f 2278/2127/2556 1917/1770/2171 2277/2125/2557
f 2283/2131/2558 2285/2132/301 2284/2133/2559
f 2284/2133/2559 2285/2132/301 2286/2134/303
f 2287/2135/2560 2245/2136/2561 2284/2133/2562
f 2245/2136/2563 2288/2137/2564 2289/2138/2565
f 2291/2139/2566 2292/2140/2567 2290/2141/2568
f 2287/2135/2569 2293/2142/2570 2288/2137/2571
f 2293/2142/2570 2287/2135/2569 2294/2143/2572
f 2294/2143/2572 2287/2135/2569 2295/2144/2573
f 2287/2135/2569 2296/2145/2574 2295/2144/2573
f 2298/2146/2575 2294/2143/2572 2297/2147/2576
f 2297/2147/2576 2296/2145/2574 2298/2146/2575
f 2121/1970/2380 2298/2146/2575 2296/2145/2574
f 2287/2135/2569 2121/1970/2380 2296/2145/2574
f 2287/2135/2577 1989/1977/2389 2125/1975/2388
f 2298/2146/2575 2121/1970/2380 2299/2148/2578
f 2299/2148/2578 2300/2149/2579 2298/2146/2575
f 2299/2148/2578 2121/1970/2380 2301/2150/2580
f 2300/2149/2579 2299/2148/2578 2302/2151/2581
f 2303/2152/2582 2300/2149/2579 2302/2151/2581
f 2121/1970/2380 2303/2152/2582 2301/2150/2580
f 2116/1966/2379 2300/2149/2579 2303/2152/2582
f 2303/2152/2582 2121/1970/2380 2116/1966/2379
f 2116/1966/2583 2306/2153/2584 2304/2154/2585
f 2307/2155/2586 2306/2153/2587 2308/2156/2588
f 2300/2149/2579 2116/1966/2379 2305/2157/2589
f 2306/2153/2584 2116/1966/2583 2113/1961/2590
f 2309/2158/2591 2310/2159/2592 2311/2160/2593
f 2312/2161/2594 2311/2160/2593 2310/2159/2592
f 2315/2162/2595 2314/2163/323 2313/2164/2596
f 2314/2163/323 2315/2162/2595 2316/2165/2597
f 2318/2166/2108 2319/2167/2598 2317/2168/2106
f 2319/2167/2598 2318/2166/2108 2320/2169/2599
f 1999/2170/2600 2323/2171/2601 2322/2172/2602
f 2323/2171/2603 2257/2173/2604 2324/2174/2605
f 2324/2174/2606 2325/2175/331 2321/2176/2607
f 2321/2176/2607 2325/2175/331 2326/2177/2608
f 2328/2178/2609 2329/2179/334 2327/2180/2610
f 2329/2179/334 2328/2178/2609 2330/2181/2611
f 2199/2049/2470 2331/2182/2612 2201/2051/1479
f 2197/2047/2467 2201/2051/1479 2331/2182/2612
f 2331/2182/2612 2199/2049/2470 2332/2183/2613
f 2333/2184/2614 2332/2183/2613 2199/2049/2470
f 2331/2182/2612 2332/2183/2613 2334/2185/1653
f 2332/2183/2613 2333/2184/2614 2335/2186/2615
f 2336/2187/2616 2335/2186/2615 2333/2184/2614
f 2336/2187/2616 2331/2182/2612 2334/2185/1653
f 2333/2184/2614 2337/2188/2617 2336/2187/2616
f 2331/2182/2612 2336/2187/2616 2337/2188/2617
f 2337/2188/2617 2333/2184/2614 2338/2189/2618
f 2337/2188/2617 2339/2190/2619 2331/2182/2612
f 2339/2190/2619 2337/2188/2617 2340/2191/2620
f 2337/2188/2617 2341/2192/2621 2340/2191/2620
f 2343/2193/2622 2339/2190/2623 2342/2194/2624
f 2341/2192/2625 2343/2193/2622 2342/2194/2624
f 2337/2188/2617 2344/2195/2626 2341/2192/2621
f 2331/2182/2612 2343/2193/2627 2345/2196/2628
f 2331/2182/2612 2345/2196/2628 2346/2197/2629
f 2347/2198/2630 2331/2182/2612 2346/2197/2629
f 2197/2047/2467 2331/2182/2612 2347/2198/2630
f 2349/2199/1671 2348/2200/2631 2350/2201/2632
f 2197/2047/2633 2351/2202/2634 2353/2203/2635
f 2190/2039/2464 2197/2047/2466 2354/2204/2636
f 2352/2205/2637 2355/2206/2638 2354/2204/2639
f 2355/2206/2638 2352/2205/2637 2356/2207/2640
f 2358/2208/1686 2359/2209/350 2357/2210/2641
f 2360/2211/2642 2357/2210/2641 2359/2209/350
f 2293/2142/2570 1915/1767/2168 1976/1828/2241
f 1915/1767/2168 2293/2142/2570 2361/2212/1560
f 1917/1770/2171 1915/1767/2168 2361/2212/1560
f 2293/2142/2643 1971/1823/2644 2290/2141/2645
f 2361/2212/1560 2293/2142/2570 2363/2213/2646
f 2293/2142/2570 2364/2214/2647 2363/2213/2646
f 1917/1770/2171 2361/2212/1560 2362/2215/2648
f 2362/2215/2648 2364/2214/2647 1917/1770/2171
f 2298/2146/2575 1917/1770/2171 2364/2214/2647
f 2293/2142/2570 2298/2146/2575 2364/2214/2647
f 1917/1770/2171 2298/2146/2575 2365/2216/2649
f 2277/2125/2557 1917/1770/2171 2365/2216/2649
f 2298/2146/2575 2293/2142/2570 2294/2143/2572
f 2277/2125/2557 2365/2216/2649 2366/2217/2650
f 2366/2217/2650 2367/2218/2651 2277/2125/2557
f 2365/2216/2649 2298/2146/2575 2368/2219/2652
f 2298/2146/2575 2367/2218/2651 2368/2219/2652
f 2370/2220/355 2369/2221/961 2371/2222/2653
f 2372/2223/2654 2371/2222/2653 2369/2221/961
f 2373/2224/2655 2272/2225/2656 2374/2226/2657
f 2272/2225/2656 2372/2223/2658 2374/2226/2657
f 2372/2223/2658 2272/2225/2656 2277/2125/2659
f 2300/2149/2579 2277/2125/2557 2367/2218/2651
f 2308/2156/2660 2272/2225/2656 2373/2224/2655
f 2298/2146/2575 2300/2149/2579 2367/2218/2651
f 2375/2227/2661 2377/2228/359 2376/2229/2662
f 2377/2228/359 2375/2227/2661 2378/2230/2663
f 2381/2231/2664 2379/2232/2665 2382/2233/2666
f 2380/2234/2667 2382/2233/2666 2379/2232/2665
f 2384/2235/2668 2386/2236/2669 2383/2237/2670
f 2386/2236/2669 2384/2235/2668 2385/2238/2671
f 2076/1924/2672 2343/2193/2673 2387/2239/2674
f 2387/2239/2675 2344/2195/2676 2388/2240/2677
f 2344/2195/2676 2389/2241/2678 2388/2240/2677
f 2389/2241/2679 2076/1924/2328 2390/2242/2680
f 2076/1924/2328 2389/2241/2679 2078/1922/2326
f 2078/1922/2332 2392/2243/2681 2391/2244/2682
f 2078/1922/2332 2344/2195/2626 2392/2243/2681
f 2392/2243/2681 2015/1858/1359 2393/2245/2683
f 2015/1858/1359 2392/2243/2681 2344/2195/2626
f 2015/1858/1359 2394/2246/2684 2393/2245/2683
f 2394/2246/2684 2078/1922/2332 2391/2244/2682
f 2078/1922/2332 2394/2246/2684 2086/1934/2342
f 2015/1858/1359 2086/1934/2342 2394/2246/2684
f 2395/2247/2685 2344/2195/2626 2396/2248/1743
f 2344/2195/2626 2397/2249/2686 2396/2248/1743
f 2344/2195/2626 2395/2247/2685 2015/1858/1359
f 2344/2195/2626 2337/2188/2617 2397/2249/2686
f 2395/2247/2685 2398/2250/2687 2009/1852/2267
f 2397/2249/2686 2009/1852/2267 2398/2250/2687
f 2009/1852/2267 2397/2249/2686 2337/2188/2617
f 2009/1852/2267 2015/1858/1359 2395/2247/2685
f 2337/2188/2617 2399/2251/2688 2009/1852/2267
f 2399/2251/2688 2337/2188/2617 2400/2252/2689
f 2337/2188/2617 2338/2189/2618 2400/2252/2689
f 2399/2251/2690 2401/2253/2691 2004/1849/2692
f 2338/2189/2693 2004/1849/2692 2401/2253/2691
f 2333/2184/2614 2402/2254/2694 2004/1849/2695
f 2402/2254/2694 2333/2184/2614 2403/2255/2696
f 2333/2184/2614 2404/2256/2697 2403/2255/2696
f 2333/2184/2614 2323/2171/2698 2404/2256/2697
f 2405/2257/2699 2406/2258/2700 2407/2259/2701
f 1898/1751/2155 2224/2075/2495 2271/2260/2702
f 2269/2118/2540 1898/1751/2155 2271/2260/2702
f 1898/1751/2155 2269/2118/2540 2268/2116/2537
f 2268/2116/2537 2408/2261/2703 1898/1751/2155
f 2408/2261/2703 2268/2116/2537 2409/2262/2704
f 2410/2263/2705 2409/2262/2704 2268/2116/2537
f 2138/1988/2416 2408/2261/2703 2411/2264/2706
f 2410/2263/2707 2138/1988/2416 2411/2264/2706
f 2138/1988/2416 1898/1751/2155 2408/2261/2703
f 2268/2116/2537 2134/1984/2708 2410/2263/2705
f 2134/1984/2708 2268/2116/2537 2412/2265/2709
f 2263/2110/2539 2412/2265/2709 2268/2116/2537
f 2134/1984/2708 2412/2265/2709 2413/2266/2710
f 2412/2265/2709 2263/2110/2539 2414/2267/2711
f 2415/2268/2712 2414/2267/2711 2263/2110/2539
f 2415/2268/2712 2134/1984/2708 2413/2266/2710
f 2263/2110/2539 2416/2269/2713 2415/2268/2712
f 2134/1984/2708 2415/2268/2712 2416/2269/2713
f 2416/2269/2713 2263/2110/2539 2417/2270/2714
f 2419/2271/2715 2418/2272/2716 2420/2273/2717
f 2417/2270/2718 2256/2106/2719 2420/2273/2720
f 2416/2269/2713 2417/2270/2714 2421/2274/2721
f 2422/2275/2722 2420/2273/2720 2256/2106/2719
f 2422/2275/2723 2416/2269/2713 2421/2274/2721
f 2416/2269/2713 2422/2275/2723 2423/2276/2724
f 2257/2173/2725 2424/2277/2726 2256/2106/2719
f 2424/2277/2727 2426/2278/2728 2425/2279/2729
f 2423/2276/2730 2424/2277/2731 2427/2280/2732
f 2426/2278/2728 2424/2277/2727 2428/2281/2733
f 2429/2282/2734 2423/2276/2730 2427/2280/2732
f 2257/2173/2604 2323/2171/2603 2429/2282/2735
f 2431/2283/2736 2323/2171/2698 2430/2284/2737
f 2432/2285/2738 2430/2284/2737 2323/2171/2698
f 2432/2285/2738 2199/2049/2470 2433/2286/2739
f 2199/2049/2470 2431/2283/2736 2433/2286/2739
f 2199/2049/2470 2432/2285/2738 2333/2184/2614
f 2323/2171/2698 2333/2184/2614 2432/2285/2738
f 2199/2049/2470 2423/2276/2724 2431/2283/2736
f 2323/2171/2698 2431/2283/2736 2423/2276/2724
f 2423/2276/2724 2199/2049/2470 2434/2287/2740
f 2434/2287/2740 2435/2288/2741 2423/2276/2724
f 2436/2289/2742 2423/2276/2724 2435/2288/2741
f 2423/2276/2724 2436/2289/2742 2416/2269/2713
f 2133/2044/2468 2436/2289/2742 2437/2290/2743
f 2434/2287/2740 2133/2044/2468 2437/2290/2743
f 2133/2044/2468 2416/2269/2713 2436/2289/2742
f 2133/2044/2468 2434/2287/2740 2199/2049/2470
f 2416/2269/2713 2133/2044/2468 2129/1980/2744
f 2129/1980/2744 2438/2291/2745 2416/2269/2713
f 2132/1983/2746 2416/2269/2713 2438/2291/2745
f 2416/2269/2713 2132/1983/2746 2134/1984/2708
f 2131/1982/2747 2439/2292/2748 2440/2293/2749
f 2443/2294/2750 2442/2295/2751 2444/2296/2752
f 2444/2296/2752 2445/2297/2753 2443/2294/2750
f 2444/2296/2752 2442/2295/2751 2446/2298/1055
f 2445/2297/2753 2444/2296/2752 2447/2299/2754
f 2453/2300/2755 2452/2301/2756 2451/2302/2757
f 2450/2303/8 2453/2300/2755 2451/2302/2757
f 2457/2304/2758 2454/2305/2759 2458/2306/2760
f 2454/2305/2761 2456/2307/2762 2459/2308/2763
f 2458/2306/2764 2463/2309/2765 2461/2310/1068
f 2463/2309/2765 2460/2311/2766 2462/2312/2767
f 2463/2309/2765 2458/2306/2764 2464/2313/2768
f 2464/2313/2768 2460/2311/2766 2463/2309/2765
f 2465/2314/2769 2457/2304/2770 2460/2311/2771
f 2470/2315/2772 2468/2316/2773 2469/2317/1080
f 2471/2318/430 2470/2315/2772 2469/2317/1080
f 2465/2314/2769 2468/2316/432 2457/2304/2770
f 2465/2314/2774 2472/2319/2775 2471/2318/2776
f 2467/2320/1079 2473/2321/2177 2471/2318/430
f 2468/2316/2777 2474/2322/2778 2466/2323/2779
f 2472/2319/2775 2465/2314/2774 2475/2324/2780
f 2475/2324/2781 2479/2325/2782 2476/2326/2783
f 2477/2327/2784 2479/2325/2782 2478/2328/2785
f 2479/2325/2782 2475/2324/2781 2480/2329/2786
f 2480/2329/2786 2478/2328/2785 2479/2325/2782
f 2483/2330/2787 2472/2319/2788 2482/2331/2789
f 2483/2330/2787 2482/2331/2789 2484/2332/2790
f 2484/2332/2790 2481/2333/2791 2483/2330/2787
f 2488/2334/2792 2487/2335/2793 2486/2336/2794
f 2487/2335/2793 2488/2334/2792 2489/2337/2795
f 2497/2338/2796 2494/2339/2797 2498/2340/2798
f 2498/2340/2798 2495/2341/2799 2497/2338/2796
f 2496/2342/2800 2498/2340/2798 2494/2339/2797
f 2495/2341/2799 2498/2340/2798 2499/2343/2801
f 2502/2344/2802 2493/2326/2803 2503/2345/2804
f 2491/2324/2805 2503/2345/2804 2493/2326/2803
f 2503/2345/2804 2492/2327/2806 2502/2344/2802
f 2492/2327/2806 2503/2345/2804 2490/2328/2807
f 2485/2346/2808 2501/2347/2809 2492/2327/2810
f 2501/2347/2809 2485/2346/2808 2504/2348/2811
f 2505/2349/2812 2501/2347/2813 2507/2350/2814
f 2509/2351/2815 2506/2352/2212 2508/2353/2816
f 2508/2353/2816 2510/2354/2817 2509/2351/2815
f 2506/2352/2212 2510/2354/2817 2511/2355/2225
f 2511/2355/2225 2501/2347/2818 2506/2352/2212
f 2510/2354/2817 2506/2352/2212 2512/2356/2819
f 2506/2352/2212 2509/2351/2815 2512/2356/2819
f 2510/2354/2817 2512/2356/2819 2513/2357/2820
f 2509/2351/2815 2510/2354/2817 2513/2357/2820
f 2510/2354/2817 2515/2358/2821 2514/2359/2822
f 2511/2355/2225 2510/2354/2817 2514/2359/2822
f 2501/2347/2818 2511/2355/2225 2516/2360/2823
f 2516/2360/2823 2515/2358/2824 2501/2347/2818
f 2518/2320/2825 2500/2361/2826 2501/2347/2827
f 2518/2320/2828 2520/2317/2829 2519/2318/2830
f 2520/2317/2829 2518/2320/2828 2521/2362/2831
f 2523/2363/2832 2500/2361/2826 2522/2323/2833
f 2522/2323/2833 2500/2361/2826 2524/2322/2834
f 2500/2361/2826 2518/2320/2825 2524/2322/2834
f 2528/2364/2835 2525/2312/2836 2526/2365/2837
f 2525/2312/2836 2528/2364/2835 2529/2311/2838
f 2530/2306/493 2528/2364/2839 2527/2310/2840
f 2535/2366/2841 2538/2367/44 2533/2368/2842
f 2539/2369/2843 2535/2366/2844 2531/2370/2367
f 2538/2367/44 2535/2366/2841 2540/2371/2845
f 2534/2372/2846 2540/2371/2847 2537/2373/1147
f 2539/2369/2848 2541/2374/2849 2537/2373/2850
f 2543/2375/2851 2536/2376/2852 2542/2377/2853
f 2543/2375/2851 2542/2377/2853 2544/2378/2854
f 2545/2379/2855 2543/2375/2851 2544/2378/2854
f 2543/2375/2851 2545/2379/2855 2546/2380/1860
f 2547/2381/2856 2542/2377/1848 2548/2382/2857
f 2542/2377/1848 2541/2374/2858 2548/2382/2857
f 2552/2383/1167 2546/2380/2859 2551/2384/1168
f 2555/2385/2860 2552/2383/2861 2554/2386/57
f 2550/2387/2862 2555/2385/2863 2549/2388/2864
f 2555/2385/2863 2550/2387/2862 2556/2389/1863
f 2557/2390/2865 2553/2391/2866 2552/2383/2867
f 2557/2390/1955 2550/2387/2862 2541/2374/2868
f 2558/2392/2869 2559/2393/2870 2560/2394/2871
f 2559/2393/2870 2561/2395/2872 2560/2394/2871
f 2560/2394/2871 2561/2395/2872 2562/2396/2873
f 2561/2395/2872 2563/2397/2874 2562/2396/2873
f 2558/2392/2869 2560/2394/2871 2564/2398/2875
f 2563/2397/2874 2558/2392/2869 2564/2398/2875
f 2565/2399/2876 2558/2392/2869 2563/2397/2874
f 2563/2397/2874 2561/2395/2872 2565/2399/2876
f 2567/2400/2877 2558/2392/2878 2566/2401/2879
f 2565/2399/2876 2561/2395/2872 2568/2402/2880
f 2561/2395/2872 2569/2403/2881 2568/2402/2880
f 2565/2399/2876 2568/2402/2880 2571/2404/2882
f 2568/2402/2880 2569/2403/2881 2572/2405/2883
f 2569/2403/2881 2573/2406/2884 2572/2405/2883
f 2573/2406/2884 2565/2399/2876 2571/2404/2882
f 2573/2406/2884 2569/2403/2881 2574/2407/2885
f 2574/2407/2885 2565/2399/2876 2573/2406/2884
f 2574/2407/2885 2569/2403/2881 2575/2408/2254
f 2569/2403/2881 2576/2409/520 2575/2408/2254
f 2574/2407/2885 2575/2408/2254 2577/2410/2886
f 2578/2411/2887 2574/2407/2885 2577/2410/2886
f 2579/2412/2888 2575/2408/2254 2576/2409/520
f 2576/2409/520 2578/2411/2887 2579/2412/2888
f 2576/2409/520 2580/2413/2889 2578/2411/2887
f 2580/2413/2889 2574/2407/2885 2578/2411/2887
f 2576/2409/2890 2583/2414/2891 2582/2415/2892
f 2581/2416/2893 2584/2417/2894 2582/2415/518
f 2585/2418/2895 2582/2415/2892 2583/2414/2891
f 2583/2414/2891 2586/2419/2896 2585/2418/2895
f 2584/2417/2894 2581/2416/2893 2587/2420/2897
f 2586/2419/2896 2583/2414/2891 2588/2421/525
f 2594/2422/2898 2589/2423/2899 2590/2424/2266
f 2591/2425/1213 2594/2422/2898 2593/2426/2900
f 2589/2423/2899 2594/2422/2898 2595/2427/2901
f 2594/2422/2898 2591/2425/1213 2595/2427/2901
f 2588/2421/2902 2592/2428/2903 2596/2429/2904
f 2596/2429/2904 2592/2428/2903 2597/2430/2905
f 2601/2431/2906 2604/2432/2907 2603/2433/2908
f 2604/2432/2907 2602/2434/2909 2603/2433/2908
f 2601/2431/2906 2605/2435/2910 2604/2432/2907
f 2606/2436/2911 2607/2437/2912 2596/2429/534
f 2597/2430/2913 2599/2438/2914 2608/2439/2915
f 2607/2437/2912 2606/2436/2911 2609/2440/2916
f 2611/2441/2917 2612/2442/2918 2610/2443/2919
f 2612/2442/2918 2611/2441/2917 2613/2444/88
f 2615/2445/2920 2598/2446/2921 2614/2447/2922
f 2617/2448/2923 2598/2446/2924 2616/2449/2925
f 2619/2450/2926 2617/2448/2923 2618/2451/2927
f 2620/2452/2928 2598/2446/2924 2617/2448/2923
f 2619/2450/2926 2620/2452/2928 2617/2448/2923
f 2598/2446/2924 2620/2452/2928 2600/2453/2929
f 2621/2454/2930 2623/2455/2931 2622/2456/2932
f 2630/2457/2933 2629/2458/2934 2627/2459/2935
f 2630/2457/2933 2628/2460/114 2629/2458/2934
f 2627/2459/2935 2532/2461/2936 2630/2457/2933
f 2631/2462/2937 2626/2463/2938 2625/2459/2939
f 2631/2462/2937 2632/2460/2940 2626/2463/2938
f 2632/2460/2940 2631/2462/2937 2633/2464/2941
f 2638/2373/1260 2639/2465/2942 2637/2466/2943
f 2624/2467/2944 2641/2367/2945 2640/2368/2946
f 2642/2372/123 2639/2465/2942 2638/2373/1260
f 2642/2372/2947 2641/2367/2948 2634/2468/2949
f 2634/2468/2949 2643/2469/2950 2642/2372/2947
f 2620/2452/2928 2619/2450/2926 2644/2470/2951
f 2644/2470/2952 2643/2469/2953 2645/2381/2954
f 2620/2452/2928 2644/2470/2951 2646/2471/2955
f 2647/2472/2956 2620/2452/2928 2646/2471/2955
f 2647/2472/2957 2645/2381/2954 2643/2469/2953
f 2648/2473/2958 2620/2452/2928 2647/2472/2956
f 2650/2383/1279 2651/2474/2959 2649/2384/1275
f 2651/2474/2959 2650/2383/1279 2654/2386/2960
f 2652/2388/2961 2655/2475/2962 2653/2385/2963
f 2655/2475/2962 2654/2386/2964 2653/2385/2963
f 2643/2469/138 2655/2475/2962 2652/2388/2961
f 2655/2475/2962 2656/2476/2965 2654/2386/2964
f 2660/2477/2966 2657/2478/139 2658/2479/2967
f 2658/2479/2967 2659/2480/1285 2660/2477/2966
f 2657/2478/139 2660/2477/2966 2661/2481/1289
f 2660/2477/2966 2659/2480/1285 2662/2482/2968
f 2664/2483/2969 2665/2484/2970 2663/2485/2971
f 2665/2484/2970 2664/2483/2969 2636/2486/2972
f 2664/2483/2969 2635/2487/2973 2636/2486/2972
f 2670/2488/2974 2668/2480/2975 2666/2482/2976
f 2668/2480/2975 2670/2488/2974 2671/2489/2977
f 2667/2481/1953 2671/2489/2977 2670/2488/2974
f 2669/2478/2978 2671/2489/2977 2667/2481/1953
f 2673/2490/1302 2676/2491/2979 2672/2492/2980
f 2676/2491/2979 2674/2493/2981 2675/2494/2982
f 2676/2491/2979 2673/2490/1302 2677/2495/1959
f 2674/2493/2981 2676/2491/2979 2677/2495/1959
f 2681/2496/656 2682/2497/1966 2680/2498/2983
f 2679/2499/2984 2682/2497/1966 2678/2500/2985
f 2678/2500/2985 2682/2497/1966 2683/2501/2986
f 2682/2497/1966 2681/2496/656 2683/2501/2986
f 2656/2476/2987 2567/2400/2877 2684/2502/2988
f 2684/2502/2988 2567/2400/2877 2685/2503/2989
f 2567/2400/2877 2566/2401/2879 2685/2503/2989
f 2686/2504/2990 2570/2505/1320 2566/2401/2991
f 2566/2401/2991 2565/2399/2992 2686/2504/2990
f 2687/2506/2993 2570/2505/1320 2686/2504/2990
f 2565/2399/2876 2574/2407/2885 2688/2507/2994
f 2689/2508/2995 2688/2507/2994 2574/2407/2885
f 2574/2407/2885 2690/2509/2996 2689/2508/2995
f 2656/2476/2997 2688/2507/2998 2691/2510/2999
f 2690/2509/3000 2656/2476/2997 2691/2510/2999
f 2574/2407/2885 2648/2473/2958 2690/2509/2996
f 2648/2473/2958 2574/2407/2885 2692/2511/3001
f 2574/2407/2885 2580/2413/2889 2692/2511/3001
f 2648/2473/2958 2692/2511/3001 2693/2512/3002
f 2694/2513/3003 2692/2511/3001 2580/2413/2889
f 2695/2514/3004 2648/2473/2958 2693/2512/3002
f 2580/2413/2889 2695/2514/3004 2694/2513/3003
f 2620/2452/2928 2648/2473/2958 2695/2514/3004
f 2695/2514/3004 2580/2413/2889 2620/2452/2928
f 2620/2452/2928 2580/2413/2889 2696/2515/3005
f 2620/2452/2928 2696/2515/3005 2697/2516/3006
f 2600/2453/2929 2620/2452/2928 2697/2516/3006
f 2588/2421/3007 2600/2453/3008 2698/2517/3009
f 2696/2515/3010 2588/2421/3007 2698/2517/3009
f 2699/2518/3011 2543/2375/2851 2700/2519/3012
f 2546/2380/1860 2700/2519/3012 2543/2375/2851
f 2543/2375/2851 2699/2518/3011 2701/2520/3013
f 2702/2521/3014 2704/2522/188 2703/2523/3015
f 2701/2520/3013 2705/2524/3016 2543/2375/2851
f 2703/2523/3015 2704/2522/188 2706/2517/3017
f 2704/2522/3018 2543/2375/2851 2705/2524/3016
f 2543/2375/2851 2704/2522/3018 2707/2525/3019
f 2702/2521/3020 2709/2526/3021 2708/2436/3022
f 2711/2527/2340 2710/2430/3023 2712/2528/3024
f 2710/2430/3023 2711/2527/2340 2713/2439/3025
f 2709/2526/3026 2714/2529/3027 2711/2527/3028
f 2718/2530/3029 2715/2531/3030 2717/2532/3031
f 2715/2531/3030 2718/2530/3029 2719/2533/3032
f 2718/2530/3029 2716/2534/1361 2719/2533/3032
f 2716/2534/1361 2718/2530/3029 2720/2535/3033
f 2721/2431/3034 2723/2536/2347 2722/2537/3035
f 2723/2536/2347 2724/2434/3036 2722/2537/3035
f 2724/2434/3036 2723/2536/2347 2725/2538/3037
f 2727/2539/198 2728/2540/3038 2726/2541/196
f 2728/2540/3038 2727/2539/198 2729/2542/3039
f 2707/2525/3040 2730/2543/3041 2731/2544/3042
f 2733/2545/3043 2707/2525/3019 2732/2546/3044
f 2543/2375/2851 2707/2525/3019 2733/2545/3043
f 2733/2545/3043 2734/2547/3045 2536/2376/2852
f 2536/2376/2852 2543/2375/2851 2733/2545/3043
f 2536/2376/3046 2731/2544/3042 2730/2543/3041
f 2736/2548/3047 2735/2549/3048 2737/2550/3049
f 2742/2551/3050 2738/2500/3051 2741/2499/2017
f 2740/2498/3052 2744/2552/3053 2742/2551/3050
f 2738/2500/3051 2742/2551/3050 2744/2552/3053
f 2744/2552/3053 2740/2498/3052 2739/2496/3054
f 2749/2553/3055 2746/2554/3056 2748/2555/3057
f 2745/2556/3058 2749/2553/3055 2747/2557/3059
f 2750/2558/3060 2746/2554/3056 2749/2553/3055
f 2749/2553/3055 2745/2556/3058 2750/2558/3060
f 2754/2559/1397 2756/2560/3061 2753/2561/3062
f 2752/2562/3063 2756/2560/657 2751/2563/1314
f 2756/2560/3061 2754/2559/1397 2757/2564/3064
f 2755/2565/3065 2558/2392/3066 2754/2559/3067
f 2558/2392/2878 2567/2400/2877 2751/2563/161
f 2558/2392/3066 2755/2565/3065 2758/2566/3068
f 2758/2566/3068 2755/2565/3065 2759/2567/236
f 2755/2565/3065 2760/2568/3069 2759/2567/236
f 2761/2569/1405 2760/2568/3070 2762/2570/3071
f 2764/2571/3072 2763/2572/3073 2766/2573/3074
f 2764/2571/3075 2767/2574/3076 2765/2575/3077
f 2768/2576/3078 2772/2577/3079 2769/2578/3080
f 2772/2577/3079 2770/2579/3081 2769/2578/3080
f 2774/2580/3082 2770/2579/3083 2773/2581/1420
f 2768/2576/3084 2774/2580/3082 2773/2581/1420
f 2774/2580/3082 2771/2582/3085 2770/2579/3083
f 2774/2580/3082 2768/2576/3084 2764/2571/3086
f 2771/2582/3087 2775/2583/3088 2777/2584/3089
f 2778/2585/3090 2771/2582/3087 2777/2584/3089
f 2775/2583/3091 2780/2586/3092 2779/2587/3093
f 2780/2586/3092 2778/2585/3094 2779/2587/3093
f 2780/2586/3092 2775/2583/3091 2774/2580/3095
f 2780/2586/3092 2781/2588/3096 2778/2585/3094
f 2781/2588/3097 2784/2589/3098 2785/2590/3099
f 2782/2591/3100 2781/2588/3097 2785/2590/3099
f 2783/2592/3101 2782/2591/3102 2786/2593/3103
f 2786/2593/3103 2782/2591/3102 2787/2594/3104
f 2789/2595/697 2788/2596/3105 2441/2597/3106
f 2790/2598/3107 2441/2597/3106 2788/2596/3105
f 2441/2597/3106 2781/2588/3096 2789/2595/697
f 2441/2597/3106 2790/2598/3107 2453/2300/2755
f 2789/2595/697 2792/2599/3108 2791/2600/3109
f 2792/2599/3108 2790/2598/3107 2791/2600/3109
f 2792/2599/3108 2789/2595/697 2781/2588/3096
f 2792/2599/3108 2453/2300/2755 2790/2598/3107
f 2781/2588/3096 2793/2601/700 2792/2599/3108
f 2793/2601/700 2781/2588/3096 2794/2602/3110
f 2795/2603/3111 2794/2602/3110 2781/2588/3096
f 2781/2588/3096 2780/2586/3092 2795/2603/3111
f 2453/2300/2755 2792/2599/3108 2796/2604/3112
f 2483/2330/2787 2796/2604/3112 2792/2599/3108
f 2796/2604/3112 2797/2605/702 2453/2300/2755
f 2797/2605/702 2483/2330/2787 2453/2300/2755
f 2483/2330/2787 2797/2605/702 2798/2606/2046
f 2796/2604/3112 2483/2330/2787 2798/2606/2046
f 2800/2607/3113 2792/2599/3108 2801/2608/3114
f 2802/2609/3115 2801/2608/3114 2792/2599/3108
f 2472/2319/2788 2800/2607/3113 2799/2610/3116
f 2802/2609/3117 2472/2319/2788 2799/2610/3116
f 2792/2599/3108 2800/2607/3113 2483/2330/2787
f 2472/2319/2788 2483/2330/2787 2800/2607/3113
f 2792/2599/3108 2470/2315/3118 2802/2609/3115
f 2470/2315/3118 2792/2599/3108 2793/2601/700
f 2470/2315/3118 2793/2601/700 2803/2611/3119
f 2795/2603/3111 2470/2315/3118 2803/2611/3119
f 2470/2315/3118 2795/2603/3111 2780/2586/3092
f 2780/2586/3092 2804/2612/3120 2470/2315/3118
f 2804/2612/3120 2780/2586/3092 2806/2613/3121
f 2780/2586/3092 2807/2614/3122 2806/2613/3121
f 2780/2586/3092 2808/2615/3123 2807/2614/3122
f 2810/2616/3124 2805/2617/1456 2809/2618/3125
f 2807/2614/723 2457/2304/3126 2809/2618/3127
f 2457/2304/3126 2804/2612/3120 2809/2618/3127
f 2457/2304/3126 2470/2315/3118 2804/2612/3120
f 2808/2615/3123 2813/2619/728 2811/2620/3128
f 2814/2621/3129 2808/2615/3123 2811/2620/3128
f 2813/2619/728 2774/2580/3095 2812/2622/726
f 2774/2580/3095 2814/2621/3129 2812/2622/726
f 2780/2586/3092 2774/2580/3095 2813/2619/728
f 2808/2615/3123 2780/2586/3092 2813/2619/728
f 2774/2580/3095 2815/2623/3130 2814/2621/3129
f 2808/2615/3123 2814/2621/3129 2815/2623/3130
f 2776/2624/3131 2815/2623/3130 2774/2580/3095
f 2815/2623/3130 2776/2624/3131 2816/2625/3132
f 2776/2624/3133 2764/2571/3134 2817/2626/730
f 2764/2571/3134 2818/2627/3135 2817/2626/730
f 2818/2627/3135 2815/2623/3130 2816/2625/3132
f 2764/2571/3134 2819/2628/3136 2818/2627/3135
f 2815/2623/3130 2818/2627/3135 2819/2628/3136
f 2766/2573/3074 2820/2629/3137 2764/2571/3072
f 2820/2629/3138 2821/2630/3139 2819/2628/3136
f 2822/2631/3140 2819/2628/3136 2821/2630/3139
f 2766/2573/3141 2823/2632/3142 2822/2631/3143
f 2828/2633/3144 2824/2634/3145 2826/2635/3146
f 2827/2636/3147 2828/2633/3144 2826/2635/3146
f 2824/2634/3145 2828/2633/3144 2825/2637/3148
f 2453/2300/2755 2450/2303/8 2441/2597/3106
f 2830/2638/3149 2831/2639/1481 2832/2640/3150
f 2833/2641/3151 2831/2639/1481 2830/2638/3149
f 2834/2297/3152 2837/2642/264 2449/2299/3153
f 2836/2298/3154 2837/2642/2066 2835/2295/1487
f 2839/2643/3155 2838/2644/3156 2836/2298/3157
f 2448/2645/3158 2838/2644/3159 2841/2646/3160
f 2841/2646/3160 2508/2353/3161 2448/2645/3158
f 2838/2644/3162 2843/2647/3163 2842/2648/3164
f 2508/2353/3161 2841/2646/3160 2843/2647/2485
f 2844/2649/3165 2838/2644/3166 2845/2650/3167
f 2838/2644/3166 2846/2651/3168 2845/2650/3167
f 2846/2651/3168 2838/2644/3166 2847/2652/2076
f 2510/2354/2817 2844/2649/3169 2848/2653/3170
f 2846/2651/3168 2510/2354/2817 2848/2653/3170
f 2847/2652/2076 2510/2354/2817 2846/2651/3168
f 2844/2649/3169 2510/2354/2817 2508/2353/2816
f 2850/2654/3171 2839/2643/3155 2851/2593/3172
f 2839/2643/3155 2852/2594/3173 2851/2593/3172
f 2838/2644/3156 2839/2643/3155 2850/2654/3171
f 2852/2594/3173 2839/2643/3155 2853/2655/3174
f 2847/2652/2076 2853/2655/3175 2854/2656/3176
f 2854/2656/3176 2853/2655/3175 2855/2657/3177
f 2853/2655/3175 2856/2658/3178 2855/2657/3177
f 2859/2659/3179 2854/2656/3176 2858/2660/3180
f 2856/2658/3181 2859/2659/3179 2858/2660/3180
f 2854/2656/3176 2859/2659/3179 2847/2652/2076
f 2857/2661/3182 2859/2659/3179 2856/2658/3181
f 2847/2652/2076 2861/2662/3183 2860/2663/787
f 2861/2662/3183 2847/2652/2076 2859/2659/3179
f 2862/2664/3184 2847/2652/2076 2860/2663/787
f 2510/2354/2817 2847/2652/2076 2862/2664/3184
f 2517/2665/3185 2862/2664/3184 2863/2666/282
f 2861/2662/3183 2517/2665/3185 2863/2666/282
f 2862/2664/3184 2517/2665/3185 2510/2354/2817
f 2859/2659/3179 2517/2665/3185 2861/2662/3183
f 2517/2665/3185 2859/2659/3179 2864/2667/3186
f 2515/2358/2821 2510/2354/2817 2517/2665/3185
f 2864/2667/3186 2859/2659/3179 2865/2668/3187
f 2859/2659/3179 2866/2617/3188 2865/2668/3187
f 2523/2363/3189 2864/2667/3186 2867/2616/1527
f 2866/2617/3188 2523/2363/3189 2867/2616/1527
f 2523/2363/3189 2517/2665/3185 2864/2667/3186
f 2868/2669/3190 2523/2363/3189 2866/2617/3188
f 2866/2617/3188 2859/2659/3179 2868/2669/3190
f 2868/2669/3190 2859/2659/3179 2869/2670/3191
f 2859/2659/3179 2857/2661/3182 2869/2670/3191
f 2868/2669/3190 2869/2670/3191 2870/2671/3192
f 2869/2670/3191 2857/2661/3182 2871/2672/3193
f 2872/2673/3194 2868/2669/3190 2870/2671/3192
f 2857/2661/3182 2872/2673/3194 2871/2672/3193
f 2872/2673/3194 2857/2661/3182 2873/2674/3195
f 2873/2674/3195 2868/2669/3190 2872/2673/3194
f 2873/2674/3195 2857/2661/3182 2874/2675/3196
f 2873/2674/3195 2874/2675/3196 2875/2676/2520
f 2876/2677/3197 2873/2674/3195 2875/2676/2520
f 2874/2675/3196 2878/2678/822 2877/2679/3198
f 2857/2661/3182 2878/2678/822 2874/2675/3196
f 2878/2678/822 2876/2677/3197 2877/2679/3198
f 2876/2677/3197 2878/2678/822 2879/2680/3199
f 2879/2680/3199 2873/2674/3195 2876/2677/3197
f 2883/2681/3200 2881/2581/290 2880/2576/845
f 2883/2681/3201 2857/2661/3182 2884/2682/3202
f 2878/2678/822 2857/2661/3182 2883/2681/3201
f 2882/2579/3203 2884/2682/3204 2885/2683/3205
f 2857/2661/3206 2853/2655/3174 2885/2683/3207
f 2887/2684/3208 2883/2681/3209 2886/2577/3210
f 2891/2685/294 2889/2686/3211 2888/2687/3212
f 2893/2688/1554 2889/2686/293 2892/2689/3213
f 2890/2690/3214 2889/2686/293 2893/2688/1554
f 2893/2688/3215 2853/2655/3174 2839/2643/3155
f 2896/2691/1561 2895/2692/3216 2894/2693/3217
f 2849/2694/3218 2895/2692/3216 2840/2695/3219
f 2895/2692/3216 2896/2691/1561 2897/2696/3220
f 2840/2695/3219 2895/2692/3216 2897/2696/3220
f 2815/2623/3130 2898/2697/3221 2899/2698/3222
f 2815/2623/3130 2899/2698/3222 2900/2699/3223
f 2901/2700/3224 2815/2623/3130 2900/2699/3223
f 2808/2615/3123 2815/2623/3130 2901/2700/3224
f 2899/2698/3225 2456/2307/953 2902/2701/296
f 2456/2307/953 2901/2700/3226 2902/2701/296
f 2808/2615/3227 2456/2307/3228 2455/2702/3229
f 2808/2615/3227 2455/2702/3229 2904/2703/3230
f 2905/2704/3231 2808/2615/3227 2904/2703/3230
f 2457/2304/3232 2808/2615/3227 2905/2704/3231
f 2455/2702/3233 2906/2705/3234 2903/2706/845
f 2907/2707/3235 2905/2704/849 2906/2705/3234
f 2906/2705/3234 2455/2702/3233 2907/2707/3235
f 2561/2395/2872 2559/2393/2870 2908/2708/3236
f 2909/2709/3237 2873/2674/3195 2559/2393/2870
f 2873/2674/3195 2909/2709/3237 2910/2710/3238
f 2911/2711/3239 2873/2674/3195 2910/2710/3238
f 2868/2669/3190 2873/2674/3195 2911/2711/3239
f 2913/2712/3240 2911/2711/3241 2912/2713/3242
f 2909/2709/3237 2913/2712/3240 2912/2713/3242
f 2559/2393/2870 2913/2712/3240 2909/2709/3237
f 2914/2706/3243 2868/2669/3244 2913/2712/3245
f 2916/2714/3246 2868/2669/3190 2915/2715/3247
f 2916/2714/3248 2917/2703/1589 2918/2704/3249
f 2920/2716/3250 2916/2714/3251 2919/2705/3252
f 2919/2705/3252 2914/2706/3253 2920/2716/3250
f 2925/2717/3254 2921/2718/3255 2923/2719/3256
f 2923/2719/3256 2924/2720/3257 2925/2717/3254
f 2921/2718/3255 2925/2717/3254 2922/2308/3258
f 2926/2721/878 2925/2717/3254 2924/2720/3257
f 2760/2568/3069 2755/2565/3065 2913/2712/3245
f 2927/2722/2578 2928/2723/3259 2929/2724/3260
f 2931/2725/3261 2928/2723/3259 2930/2726/3262
f 2928/2723/3259 2931/2725/3261 2932/2727/3263
f 2932/2727/3263 2929/2724/3260 2928/2723/3259
f 2933/2728/3264 2935/2729/3265 2934/2561/3266
f 2936/2730/3267 2934/2561/3268 2937/2731/3269
f 2937/2731/3269 2938/2562/3270 2936/2730/3267
f 2937/2731/3269 2934/2561/3268 2939/2559/308
f 2938/2562/3270 2937/2731/3269 2940/2563/3271
f 2935/2729/3272 2743/2732/3273 2938/2562/3274
f 2945/2733/3275 2941/2503/3276 2943/2502/899
f 2942/2505/3277 2944/2734/3278 2743/2732/3273
f 2942/2505/3279 2947/2735/3280 2946/2506/3281
f 2743/2732/3273 2935/2729/3272 2942/2505/3277
f 2743/2732/3282 2945/2733/317 2553/2391/3283
f 2947/2735/3280 2949/2736/3284 2948/2737/3285
f 2948/2737/2100 2950/2738/3286 2553/2391/3287
f 2948/2737/3285 2949/2736/3284 2951/2739/3288
f 2949/2736/3284 2952/2740/3289 2951/2739/3288
f 2952/2740/322 2553/2391/3287 2950/2738/3286
f 2949/2736/3284 2546/2380/1860 2952/2740/3289
f 2546/2380/1860 2949/2736/3284 2953/2741/3290
f 2949/2736/3284 2699/2518/3011 2953/2741/3290
f 2953/2741/3290 2954/2742/3291 2546/2380/1860
f 2953/2741/3290 2699/2518/3011 2955/2743/3292
f 2699/2518/3011 2700/2519/3012 2955/2743/3292
f 2700/2519/3012 2546/2380/1860 2954/2742/3291
f 2956/2744/3293 2957/2745/3294 2569/2403/2881
f 2957/2745/3294 2956/2744/3293 2958/2746/3295
f 2959/2747/3296 2957/2745/3294 2958/2746/3295
f 2879/2680/3199 2957/2745/3294 2959/2747/3296
f 2561/2395/2872 2959/2747/3296 2960/2748/3297
f 2956/2744/3293 2561/2395/2872 2960/2748/3297
f 2561/2395/2872 2879/2680/3199 2959/2747/3296
f 2569/2403/2881 2561/2395/2872 2956/2744/3293
f 2908/2708/3236 2879/2680/3199 2561/2395/2872
f 2879/2680/3199 2908/2708/3236 2961/2749/3298
f 2962/2750/3299 2879/2680/3199 2961/2749/3298
f 2873/2674/3195 2879/2680/3199 2962/2750/3299
f 2908/2708/3236 2559/2393/2870 2963/2751/3300
f 2559/2393/2870 2962/2750/3299 2963/2751/3300
f 2962/2750/3299 2559/2393/2870 2873/2674/3195
f 2828/2633/3144 2827/2636/3147 2829/2752/3301
f 2969/2753/3302 2966/2754/1654 2965/2755/1655
f 2966/2754/1654 2969/2753/3302 2968/2756/3303
f 2969/2753/3302 2970/2757/3304 2968/2756/3303
f 2970/2757/3304 2969/2753/3302 2971/2758/3305
f 2975/2759/2619 2976/2760/3306 2974/2761/3307
f 2976/2760/3306 2975/2759/2619 2978/2762/3308
f 2978/2762/3308 2977/2763/3309 2976/2760/3306
f 2977/2763/3309 2978/2762/3308 2979/2764/3310
f 2980/2765/3311 2964/2766/3312 2975/2759/3313
f 2980/2765/3314 2979/2764/3315 2981/2767/3316
f 2982/2768/341 2985/2769/3317 2983/2770/3318
f 2985/2769/3317 2984/2771/3319 2983/2770/3318
f 2982/2768/3320 2987/2772/3321 2986/2773/342
f 2984/2771/3322 2986/2773/342 2987/2772/3321
f 2987/2772/3321 2982/2768/3320 2980/2765/3323
f 2987/2772/3321 2823/2632/3324 2984/2771/3322
f 2823/2632/3325 2989/2774/3326 2988/2775/3327
f 2990/2776/3328 2823/2632/3325 2988/2775/3327
f 2989/2774/3329 2992/2777/3330 2991/2778/346
f 2992/2777/3330 2990/2776/3331 2991/2778/346
f 2992/2777/3330 2989/2774/3329 2987/2772/3321
f 2990/2776/3331 2992/2777/3330 2819/2628/3136
f 2819/2628/3136 2992/2777/3330 2993/2779/3332
f 2819/2628/3136 2993/2779/3332 2994/2780/944
f 2995/2781/3333 2819/2628/3136 2994/2780/944
f 2819/2628/3136 2995/2781/3333 2815/2623/3130
f 2898/2697/3221 2995/2781/3333 2996/2782/3334
f 2993/2779/3332 2898/2697/3221 2996/2782/3334
f 2995/2781/3333 2898/2697/3221 2815/2623/3130
f 2898/2697/3221 2993/2779/3332 2992/2777/3330
f 2523/2363/3335 2920/2716/3250 2527/2310/2241
f 2523/2363/3189 2868/2669/3190 2916/2714/3246
f 2997/2783/3336 3000/2784/3337 2998/2785/3338
f 3000/2784/3337 2997/2783/3336 3001/2786/2646
f 2999/2787/3339 3000/2784/3337 3002/2788/3340
f 3001/2786/2646 3002/2788/3340 3000/2784/3337
f 3003/2718/3341 3006/2789/3342 2459/2308/3343
f 3005/2721/3344 3006/2789/3342 3004/2720/3345
f 3007/2790/3346 2459/2308/3343 3006/2789/3342
f 3006/2789/3342 3005/2721/3344 3007/2790/3346
f 2456/2307/3347 2933/2728/3348 3005/2721/3349
f 3008/2791/3350 2933/2728/3348 2456/2307/3347
f 3010/2792/3351 2933/2728/3264 3009/2793/3352
f 3008/2791/3353 2898/2697/841 3011/2569/3354
f 2898/2697/841 3010/2792/3355 3011/2569/3354
f 2933/2728/3264 3010/2792/3351 2935/2729/3265
f 3013/2794/3356 2992/2777/3330 3012/2795/3357
f 2992/2777/3330 3014/2796/358 3012/2795/3357
f 2992/2777/3330 3013/2794/3356 2898/2697/3221
f 2935/2729/3358 2898/2697/3221 3013/2794/3356
f 3013/2794/3356 3015/2797/3359 2935/2729/3358
f 3014/2796/358 2935/2729/3358 3015/2797/3359
f 2992/2777/3330 2947/2735/3280 3014/2796/358
f 2935/2729/3358 3014/2796/358 2947/2735/3280
f 2947/2735/3280 2992/2777/3330 3016/2798/3360
f 2992/2777/3330 2987/2772/3321 3016/2798/3360
f 3016/2798/3360 3017/2799/2664 2947/2735/3280
f 3016/2798/3360 2987/2772/3321 3018/2800/3361
f 2987/2772/3321 3019/2801/3362 3018/2800/3361
f 3019/2801/3362 2947/2735/3280 3017/2799/2664
f 2987/2772/3321 2949/2736/3284 3019/2801/3362
f 2947/2735/3280 3019/2801/3362 2949/2736/3284
f 2949/2736/3284 2987/2772/3321 3020/2802/3363
f 2987/2772/3321 2980/2765/3323 3020/2802/3363
f 3020/2802/3363 2980/2765/3323 3021/2803/3364
f 2980/2765/3323 3022/2804/978 3021/2803/3364
f 3020/2802/3363 3023/2805/3365 2949/2736/3284
f 3022/2804/978 2949/2736/3284 3023/2805/3365
f 2980/2765/3323 2699/2518/3011 3022/2804/978
f 2949/2736/3284 3022/2804/978 2699/2518/3011
f 2980/2765/3314 2981/2767/3316 3024/2416/3366
f 3027/2806/3367 3025/2418/3368 3026/2807/3369
f 3024/2416/3370 3028/2420/3371 2699/2518/3372
f 3025/2418/3368 3027/2806/3367 3029/2419/3373
f 2981/2767/3374 2702/2521/3375 3027/2806/3376
f 3032/2424/3377 3033/2808/3378 3030/2423/3379
f 3033/2808/3378 3032/2424/3377 3034/2809/3380
f 3034/2809/3380 3031/2425/3381 3033/2808/3378
f 3031/2425/3381 3034/2809/3380 3035/2426/3382
f 3040/2810/3383 3038/2811/3384 3036/2812/3385
f 3039/2813/1593 3040/2810/3383 3037/2814/994
f 3038/2811/3384 3040/2810/3383 3041/2815/2687
f 3040/2810/3383 3039/2813/1593 3041/2815/2687
f 3043/2763/3386 3044/2816/3387 3042/2764/3388
f 3044/2816/3389 2972/2761/3390 2973/2759/2618
f 3045/2817/3391 2972/2761/3390 3044/2816/3389
f 2583/2414/2891 2576/2409/2890 3043/2763/3392
f 2576/2409/3393 2967/2818/3394 2972/2761/3395
f 2967/2818/3396 3048/2819/3397 3047/2769/3398
f 3049/2820/3399 2967/2818/3396 3047/2769/3398
f 3050/2773/3400 3049/2820/3401 3046/2771/3402
f 3048/2819/3403 2569/2403/2881 3051/2821/3404
f 2576/2409/520 2569/2403/2881 3048/2819/3403
f 2569/2403/2881 2957/2745/3294 3049/2820/3405
f 3056/2822/3406 3053/2690/3407 3054/2823/3408
f 3055/2687/3409 3056/2822/3406 3054/2823/3408
f 3053/2690/3407 3056/2822/3406 3052/2688/3410
f 3056/2822/3406 3055/2687/3409 3057/2685/381
f 2767/2574/3411 2771/2582/3412 3055/2687/3413
f 3059/2824/2711 3060/2825/3414 3058/2826/3415
f 3060/2825/3414 3059/2824/2711 3061/2827/3416
f 3059/2824/2711 3062/2828/3417 3061/2827/3416
f 3062/2828/3417 3059/2824/2711 3063/2829/3418
f 2878/2678/3419 2887/2684/3420 3065/2830/3421
f 3068/2831/3422 3067/2832/3423 3066/2833/2715
f 3068/2831/2395 3065/2830/3424 3064/2575/3425
f 3067/2832/3423 3068/2831/3422 3069/2572/2722
f 3070/2834/3426 2878/2678/822 3067/2832/3427
f 2878/2678/822 3070/2834/3426 3071/2835/3428
f 3071/2835/3428 3070/2834/3426 3072/2836/3429
f 3070/2834/3426 3073/2837/1036 3072/2836/3429
f 3073/2837/1036 3070/2834/3426 2957/2745/3430
f 3074/2637/3431 3077/2838/2737 3075/2839/3432
f 3077/2838/2737 3076/2752/3433 3075/2839/3432
f 3078/2634/3434 3077/2838/2737 3074/2637/3431
f 3076/2752/3433 3077/2838/2737 3079/2636/3435
f 3080/2840/3436 3083/2841/3437 3081/2842/3438
f 3083/2841/3437 3082/2843/3439 3081/2842/3438
f 3083/2841/3437 3080/2840/3436 3084/2844/3440
f 3082/2843/3439 3083/2841/3437 3085/2845/3441
f 2763/2572/3442 3087/2846/3443 3086/2847/3444
f 3087/2846/3443 2765/2575/3445 3086/2847/3444
f 3088/2832/3446 3087/2846/3443 2763/2572/3442
f 2765/2575/3445 3087/2846/3443 3089/2830/3447
