# Blender 5.2.0 LTS
# www.blender.org
mtllib nt.mtl
o THE_NET
v 0.934412 0.192633 -0.122245
v 1.063063 0.244974 -0.217287
v 1.064987 0.257335 -0.208531
v 1.203768 0.145170 -0.124872
v 1.200989 0.131231 -0.130500
v 1.203768 0.145170 0.124879
v 1.198549 0.150009 -0.128649
v 1.070162 0.257858 -0.212109
v 1.067706 0.247201 -0.222716
v 1.200902 0.320558 -0.297269
v 1.205942 0.323688 -0.301296
v 1.201758 0.310075 -0.308301
v 1.199338 0.138844 -0.139031
v 1.204406 0.317670 -0.315156
v 0.735627 0.633373 -0.181987
v 0.880022 0.793212 -0.135629
v 0.882799 0.783153 -0.124572
v 1.211486 0.754063 -0.124722
v 1.212476 0.768158 -0.130601
v 1.056184 0.693476 -0.219989
v 1.209165 0.581517 -0.315231
v 1.207434 0.590091 -0.308301
v 1.056021 0.682655 -0.209256
v 1.204063 0.579929 -0.297493
v 1.212476 0.768158 0.130608
v 1.211486 0.754063 0.124754
v 1.204063 0.579929 0.297502
v 1.209126 0.575826 0.301154
v 1.056021 0.682655 0.209264
v 1.207434 0.590091 0.308309
v 1.056184 0.693476 0.219996
v 1.209165 0.581517 0.315264
v 1.205942 0.323688 0.301304
v 1.204406 0.317670 0.315164
v 0.735627 0.633373 0.181995
v 0.882799 0.783153 0.124580
v 0.880022 0.793212 0.135637
v -0.166854 -0.107177 -0.020773
v -0.168552 -0.112106 -0.010316
v -0.165566 -0.109727 -0.023150
v -0.167844 -0.108172 -0.011992
v -0.158789 -0.054430 -0.033407
v -0.173580 -0.102163 -0.012093
v -0.183853 -0.106350 -0.021799
v -0.176040 -0.101922 -0.009565
v -0.155302 -0.033170 -0.042089
v -0.171066 -0.105061 -0.039386
v -0.162559 -0.102137 -0.027528
v -0.127881 -0.000860 -0.083893
v -0.125207 0.005723 -0.087996
v -0.152867 -0.035028 -0.043590
v -0.152947 -0.027744 -0.043389
v -0.126381 0.007360 -0.085593
v -0.085186 0.124692 -0.079915
v -0.080484 0.134985 -0.082492
v -0.162465 0.037168 -0.036034
v 0.103602 0.338240 0.133611
v 0.097770 0.341495 0.146570
v -0.003101 0.203443 0.161906
v 0.001812 0.200052 0.148046
v 0.104814 0.335363 0.134837
v -0.003334 0.195658 0.146545
v 0.097276 0.331690 0.131634
v -0.044937 0.268415 0.060184
v -0.005370 0.192100 0.160880
v -0.001183 0.193095 0.146420
v -0.032547 0.073254 0.136013
v -0.028314 0.075488 0.121702
v -0.032978 0.065295 0.133285
v -0.030663 0.069633 0.118950
v -0.066742 -0.035846 0.091456
v -0.065651 -0.041730 0.105415
v -0.069441 -0.041340 0.087103
v -0.085010 -0.093741 0.054755
v -0.087703 -0.082317 0.045048
v -0.066003 -0.051915 0.097460
v -0.150727 -0.120787 0.023183
v -0.145207 -0.115563 0.027386
v -0.157830 -0.124719 0.002818
v -0.165375 -0.123485 0.000016
v -0.155879 -0.138861 0.011025
v -0.161652 -0.139349 0.004895
v -0.151123 -0.135825 0.018129
v -0.148158 -0.121181 0.020906
v -0.149353 -0.121945 0.011949
v -0.145911 -0.134999 0.026985
v -0.160895 -0.122444 0.006771
v -0.166896 -0.135345 0.011925
v -0.157966 -0.120191 0.012951
v -0.165445 -0.131628 0.019255
v -0.160588 -0.118075 0.014527
v -0.165228 -0.119214 0.006771
v -0.158579 -0.115072 0.016928
v -0.152766 -0.117744 0.023308
v -0.165035 -0.125235 0.026010
v -0.133860 -0.074753 0.047950
v -0.162288 -0.110612 0.023308
v -0.137928 -0.081138 0.061059
v -0.165656 -0.120093 0.034666
v -0.165566 -0.109727 0.023158
v -0.165261 -0.112942 0.017504
v -0.146007 -0.124377 0.039770
v -0.163416 -0.115956 0.013225
v -0.176829 -0.122975 0.016328
v -0.165863 -0.114273 0.011675
v -0.168552 -0.112106 0.010349
v -0.168277 -0.116941 0.002793
v -0.169795 -0.111226 0.006822
v -0.171885 -0.109601 0.000016
v -0.168277 -0.116941 -0.002786
v -0.169795 -0.111226 -0.006788
v -0.173218 -0.107000 -0.007264
v -0.170781 -0.110554 -0.003536
v -0.170781 -0.110554 0.003544
v -0.173218 -0.107000 0.007271
v -0.176040 -0.101922 0.009598
v -0.171696 -0.105303 0.000016
v -0.166854 -0.107177 0.020781
v -0.167844 -0.108172 0.012000
v -0.173580 -0.102163 0.012100
v -0.158789 -0.054430 0.033415
v -0.183853 -0.106350 0.021832
v -0.155302 -0.033170 0.042096
v -0.171066 -0.105061 0.039419
v -0.162559 -0.102137 0.027561
v -0.152867 -0.035028 0.043622
v -0.127881 -0.000860 0.083901
v -0.125207 0.005723 0.088003
v -0.126381 0.007360 0.085602
v -0.152947 -0.027744 0.043397
v -0.085186 0.124692 0.079923
v -0.162465 0.037168 0.036067
v -0.080484 0.134985 0.082500
v -0.163237 0.028986 0.034266
v -0.156372 -0.032545 0.038769
v -0.174977 -0.092609 0.011449
v -0.167079 -0.023550 0.003318
v -0.168032 -0.022724 0.000016
v -0.168944 -0.046202 0.000016
v -0.175457 -0.100742 0.006146
v -0.175457 -0.100742 -0.006138
v -0.174977 -0.092609 -0.011442
v -0.156372 -0.032545 -0.038736
v -0.163237 0.028986 -0.034258
v -0.167079 -0.023550 -0.003311
v -0.165941 -0.017018 0.000016
v -0.161888 0.037461 -0.032857
v -0.103846 0.148938 0.000016
v -0.099561 0.160350 0.000016
v -0.161888 0.037461 0.032865
v -0.158455 0.044867 0.036867
v -0.098773 0.159503 0.003094
v -0.048815 0.260941 0.058983
v -0.081314 0.135656 0.079372
v -0.076172 0.140125 0.083550
v -0.043307 0.266492 0.062335
v -0.052143 0.272677 0.072568
v -0.004139 0.197365 0.144268
v -0.086299 0.145295 0.092957
v -0.008042 0.189942 0.144068
v -0.087877 0.136369 0.094908
v -0.127787 0.014185 0.103189
v -0.120899 0.012179 0.090030
v -0.078460 0.133031 0.083951
v -0.125982 -0.000130 0.101939
v -0.125496 -0.059868 0.075845
v -0.122400 0.004212 0.087878
v -0.120874 -0.054453 0.062511
v -0.121526 -0.060815 0.059258
v -0.125288 -0.067887 0.072117
v -0.125496 -0.059868 -0.075837
v -0.146007 -0.124377 -0.039762
v -0.125288 -0.067887 -0.072110
v -0.121526 -0.060815 -0.059251
v -0.145207 -0.115563 -0.027353
v -0.150727 -0.120787 -0.023175
v -0.148158 -0.121181 -0.020898
v -0.145911 -0.134999 -0.026977
v -0.151123 -0.135825 -0.018121
v -0.149353 -0.121945 -0.011942
v -0.155879 -0.138861 -0.011016
v -0.157830 -0.124719 -0.002811
v -0.161652 -0.139349 -0.004862
v -0.166895 -0.135345 -0.011917
v -0.160895 -0.122444 -0.006763
v -0.157966 -0.120191 -0.012943
v -0.165445 -0.131628 -0.019247
v -0.160588 -0.118075 -0.014518
v -0.158579 -0.115072 -0.016921
v -0.152766 -0.117744 -0.023275
v -0.133860 -0.074753 -0.047943
v -0.165035 -0.125235 -0.026002
v -0.137928 -0.081138 -0.061027
v -0.162288 -0.110612 -0.023300
v -0.165656 -0.120093 -0.034658
v -0.165261 -0.112942 -0.017496
v -0.163416 -0.115956 -0.013218
v -0.165228 -0.119214 -0.006739
v -0.176829 -0.122975 -0.016320
v -0.165863 -0.114273 -0.011667
v -0.158455 0.044867 -0.036860
v -0.081314 0.135656 -0.079364
v -0.048815 0.260941 -0.058975
v -0.044937 0.268415 -0.060151
v -0.098773 0.159503 -0.003085
v -0.044531 0.268308 -0.057049
v -0.095277 0.165819 0.000016
v 0.073155 0.379438 0.000016
v 0.079020 0.386805 0.000016
v -0.044531 0.268308 0.057057
v 0.079490 0.385507 0.003219
v 0.181512 0.485409 0.093683
v 0.102908 0.339389 0.130284
v 0.108935 0.341089 0.133911
v 0.187325 0.487415 0.096634
v 0.182657 0.496389 0.107893
v 0.101679 0.349171 0.144243
v 0.489662 0.206328 -0.149264
v 0.612365 0.323245 -0.185414
v 0.612894 0.315778 -0.198648
v 0.789759 0.267818 -0.187191
v 0.915115 0.354070 -0.303273
v 0.917096 0.364078 -0.291965
v 0.792678 0.278469 -0.176734
v 0.921244 0.366414 -0.295142
v 1.065388 0.261904 -0.213134
v 1.063810 0.252928 -0.225318
v 0.762522 0.453127 -0.260842
v 1.209126 0.575826 -0.301146
v 0.895052 0.608527 -0.309702
v 0.897416 0.608362 -0.294742
v 0.766909 0.453185 -0.246382
v 0.431508 0.339863 -0.206804
v 0.433690 0.338665 -0.221740
v 0.328301 0.201621 -0.227119
v 0.332711 0.197403 -0.240954
v 0.323873 0.197088 -0.225142
v 0.326919 0.186772 -0.235875
v 0.230116 0.102063 -0.136030
v 0.231269 0.091070 -0.146537
v 1.200989 0.131231 0.130508
v 0.934412 0.192633 0.122278
v 1.063063 0.244974 0.217319
v 1.064987 0.257335 0.208563
v 1.198549 0.150009 0.128657
v 1.199338 0.138844 0.139040
v 1.067706 0.247201 0.222724
v 1.201758 0.310075 0.308309
v 1.070162 0.257858 0.212141
v 1.200902 0.320558 0.297301
v 1.065388 0.261904 0.213142
v 0.921244 0.366414 0.295149
v 1.063810 0.252928 0.225325
v 0.915115 0.354070 0.303280
v 0.789759 0.267818 0.187198
v 0.917096 0.364078 0.291972
v 0.792678 0.278469 0.176741
v 0.762523 0.453127 0.260851
v 0.766910 0.453185 0.246415
v 0.897416 0.608362 0.294749
v 0.895052 0.608527 0.309734
v 0.431508 0.339863 0.206812
v 0.433690 0.338665 0.221773
v 0.328301 0.201621 0.227152
v 0.332712 0.197403 0.240961
v 0.612894 0.315778 0.198657
v 0.489662 0.206328 0.149297
v 0.612365 0.323245 0.185422
v 0.785538 0.265130 0.181369
v 0.647219 0.218052 0.078647
v 0.787793 0.277484 0.172688
v 0.248927 0.371501 -0.227169
v 0.249468 0.378067 -0.240878
v 0.378565 0.484945 -0.158996
v 0.380065 0.475589 -0.147087
v 0.168996 0.222469 0.190801
v 0.249468 0.378067 0.240886
v 0.248927 0.371501 0.227177
v 0.378565 0.484945 0.159004
v 0.380065 0.475589 0.147096
v 0.079490 0.385507 -0.003186
v 0.181512 0.485409 -0.093675
v 0.102908 0.339389 -0.130275
v 0.103602 0.338240 -0.133603
v 0.097276 0.331690 -0.131626
v -0.003334 0.195658 -0.146537
v -0.043307 0.266492 -0.062327
v -0.004139 0.197365 -0.144260
v -0.076172 0.140125 -0.083543
v -0.052143 0.272677 -0.072560
v -0.086299 0.145295 -0.092924
v -0.087877 0.136369 -0.094875
v -0.008042 0.189942 -0.144061
v -0.120899 0.012179 -0.090022
v -0.127787 0.014185 -0.103156
v -0.078460 0.133031 -0.083942
v -0.125982 -0.000130 -0.101905
v -0.122400 0.004212 -0.087871
v -0.120874 -0.054453 -0.062503
v 0.063031 0.093831 0.150572
v 0.063096 0.087102 0.164207
v 0.162412 0.213370 0.203485
v 0.164736 0.217203 0.189000
v 0.165916 0.221077 0.205562
v 0.244386 0.366239 0.227677
v 0.243591 0.365491 0.242813
v -0.027714 -0.071010 -0.038261
v 0.023562 -0.007954 -0.093650
v 0.018745 0.003376 -0.084794
v 0.022626 0.006601 -0.089071
v 0.025173 -0.003958 -0.099729
v 0.060107 0.080045 -0.158245
v 0.058897 0.089268 -0.146187
v 0.063031 0.093831 -0.150565
v 0.063096 0.087102 -0.164199
v 0.162412 0.213370 -0.203477
v 0.164736 0.217203 -0.188992
v 0.165916 0.221077 -0.205554
v 0.168996 0.222469 -0.190793
v 0.244386 0.366239 -0.227669
v 0.243591 0.365491 -0.242805
v 0.182657 0.496389 -0.107885
v 0.187325 0.487415 -0.096602
v 0.101679 0.349171 -0.144235
v 0.108935 0.341089 -0.133903
v 0.001812 0.200052 -0.148038
v -0.003101 0.203443 -0.161873
v 0.097770 0.341495 -0.146537
v 0.104814 0.335363 -0.134804
v -0.005370 0.192100 -0.160872
v -0.001183 0.193095 -0.146412
v -0.032547 0.073254 -0.136005
v -0.028314 0.075488 -0.121670
v -0.030663 0.069633 -0.118917
v -0.065651 -0.041730 -0.105408
v -0.032978 0.065295 -0.133277
v -0.066742 -0.035846 -0.091423
v -0.069441 -0.041340 -0.087095
v -0.085010 -0.093741 -0.054747
v -0.066003 -0.051915 -0.097452
v -0.087703 -0.082317 -0.045040
v -0.027714 -0.071010 0.038268
v 0.023562 -0.007954 0.093683
v 0.018745 0.003376 0.084801
v 0.025173 -0.003958 0.099737
v 0.022626 0.006601 0.089079
v 0.060107 0.080045 0.158253
v 0.058897 0.089268 0.146195
v 0.647219 0.218052 -0.078639
v 0.785538 0.265130 -0.181361
v 0.787793 0.277484 -0.172681
v 0.323873 0.197088 0.225175
v 0.326919 0.186772 0.235883
v 0.230116 0.102063 0.136037
v 0.231269 0.091070 0.146545
v 1.068094 0.170827 -0.003236
v 0.934412 0.192633 -0.122245
v 1.199535 0.145846 -0.124722
v 1.064987 0.257335 -0.208531
v 1.067866 0.169365 0.000016
v 1.064985 0.258573 -0.211859
v 0.930165 0.193283 -0.121969
v 1.203768 0.145170 -0.124872
v 1.203768 0.145170 0.124879
v 1.199535 0.145846 0.124729
v 1.198549 0.150009 -0.128649
v 1.070162 0.257858 -0.212109
v 1.200902 0.320558 -0.297269
v 1.205942 0.323688 -0.301296
v 0.536507 0.595080 -0.083142
v 0.383217 0.491876 -0.156920
v 0.376778 0.489221 -0.156369
v 0.729729 0.631648 -0.181562
v 0.541988 0.598481 -0.083842
v 0.529853 0.593415 -0.083567
v 0.728989 0.633909 -0.176908
v 0.869861 0.794740 -0.126648
v 0.547985 0.585718 -0.078389
v 0.735197 0.623292 -0.168177
v 0.718369 0.703366 -0.004987
v 0.718403 0.704934 0.000016
v 0.879781 0.800169 -0.127649
v 0.741375 0.623471 -0.172130
v 0.896891 0.614238 -0.292640
v 0.735627 0.633373 -0.181987
v 0.894095 0.625611 -0.302372
v 0.894621 0.618775 -0.308651
v 1.045253 0.693347 -0.219089
v 1.051054 0.694013 -0.219939
v 0.880022 0.793212 -0.135629
v 0.889531 0.799583 -0.127774
v 1.051457 0.696686 -0.214985
v 1.206472 0.768659 -0.130526
v 1.048504 0.783419 -0.005387
v 1.048353 0.785013 0.000016
v 1.212476 0.768158 -0.130601
v 1.056184 0.693476 -0.219989
v 1.207434 0.590091 -0.308301
v 1.209923 0.761802 -0.138306
v 1.212476 0.768158 0.130608
v 1.210302 0.769281 0.120301
v 1.210302 0.769281 -0.120294
v 1.053613 0.784500 0.000016
v 1.206472 0.768659 0.130534
v 1.048504 0.783419 0.005420
v 0.889531 0.799583 0.127781
v 0.879781 0.800169 0.127656
v 1.042355 0.783845 0.000016
v 0.879592 0.800577 -0.117541
v 0.724566 0.706707 0.000016
v 0.879592 0.800577 0.117549
v 1.051457 0.696686 0.214993
v 1.051054 0.694013 0.219947
v 1.209923 0.761802 0.138314
v 1.207434 0.590091 0.308309
v 1.056184 0.693476 0.219996
v 1.205942 0.323688 0.301304
v 1.200654 0.329717 0.301154
v 1.204778 0.576123 0.301204
v 1.063197 0.471721 0.297977
v 1.062155 0.471713 0.313112
v 1.202945 0.329173 0.316114
v 1.203271 0.582066 0.315088
v 1.057940 0.477747 0.311361
v 0.903392 0.617977 0.308859
v 1.058312 0.475466 0.296351
v 0.894621 0.618775 0.308659
v 0.901723 0.612114 0.294975
v 1.045253 0.693347 0.219121
v 0.894095 0.625611 0.302379
v 0.735627 0.633373 0.181995
v 0.729729 0.631648 0.181569
v 0.896891 0.614238 0.292648
v 0.741375 0.623471 0.172162
v 0.880022 0.793212 0.135637
v 0.735197 0.623292 0.168185
v 0.547985 0.585718 0.078397
v 0.728989 0.633909 0.176916
v 0.869861 0.794740 0.126655
v 0.541988 0.598481 0.083876
v 0.718369 0.703366 0.004995
v -0.180111 -0.125274 -0.005088
v -0.166854 -0.107177 -0.020773
v -0.168552 -0.112106 -0.010316
v -0.165566 -0.109727 -0.023150
v -0.167844 -0.108172 -0.011992
v -0.179361 -0.114310 -0.018672
v -0.179495 -0.109580 -0.027478
v -0.171066 -0.105061 -0.039386
v -0.162559 -0.102137 -0.027528
v -0.126605 -0.057220 -0.058850
v -0.152947 -0.027744 -0.043389
v -0.164372 -0.027436 -0.052521
v -0.137632 0.010094 -0.094550
v -0.126381 0.007360 -0.085593
v 0.095960 0.345797 0.144043
v 0.239556 0.374660 0.241937
v -0.003101 0.203443 0.161906
v 0.158039 0.222519 0.203485
v 0.162078 0.222782 0.188925
v 0.001812 0.200052 0.148046
v 0.057242 0.090811 0.148521
v -0.055772 0.277136 0.065012
v 0.052762 0.090857 0.162931
v 0.055907 0.093362 0.148346
v -0.032547 0.073254 0.136013
v -0.028314 0.075488 0.121702
v 0.017861 0.004123 0.087778
v 0.018340 -0.002635 0.100763
v -0.066742 -0.035846 0.091456
v 0.015597 0.006108 0.088654
v -0.065651 -0.041730 0.105415
v -0.071410 -0.040400 0.089429
v 0.011296 -0.001081 0.085326
v -0.032507 -0.074196 0.037468
v -0.069441 -0.041340 0.087103
v -0.087703 -0.082317 0.045048
v -0.091918 -0.085615 0.043447
v -0.038844 -0.077307 0.035967
v -0.078276 -0.097009 0.000016
v -0.079406 -0.096257 0.003119
v -0.133142 -0.124985 0.011275
v -0.140214 -0.128640 0.009624
v -0.090866 -0.086415 0.040294
v -0.108224 -0.095773 0.034465
v -0.141410 -0.126244 0.012125
v -0.150727 -0.120787 0.023183
v -0.152725 -0.123965 0.010198
v -0.145207 -0.115563 0.027386
v -0.146181 -0.127129 0.007222
v -0.149492 -0.126393 0.000016
v -0.150581 -0.125643 0.003619
v -0.157830 -0.124719 0.002818
v -0.165375 -0.123485 0.000016
v -0.151653 -0.124893 0.006646
v -0.148158 -0.121181 0.020906
v -0.149353 -0.121945 0.011949
v -0.154064 -0.121264 0.017454
v -0.155433 -0.121950 0.011875
v -0.160895 -0.122444 0.006771
v -0.157966 -0.120191 0.012951
v -0.160588 -0.118075 0.014527
v -0.165228 -0.119214 0.006771
v -0.158579 -0.115072 0.016928
v -0.152766 -0.117744 0.023308
v -0.165035 -0.125235 0.026010
v -0.159760 -0.124536 0.034716
v -0.162288 -0.110612 0.023308
v -0.165566 -0.109727 0.023158
v -0.165261 -0.112942 0.017504
v -0.146007 -0.124377 0.039770
v -0.163416 -0.115956 0.013225
v -0.165863 -0.114273 0.011675
v -0.168552 -0.112106 0.010349
v -0.168277 -0.116941 0.002793
v -0.168277 -0.116941 -0.002786
v -0.180776 -0.119877 -0.011442
v -0.180111 -0.125274 0.005095
v -0.180776 -0.119877 0.011449
v -0.171696 -0.105303 0.000016
v -0.185420 -0.109688 0.000016
v -0.179361 -0.114310 0.018679
v -0.179495 -0.109580 0.027511
v -0.166854 -0.107177 0.020781
v -0.167844 -0.108172 0.012000
v -0.171066 -0.105061 0.039419
v -0.162559 -0.102137 0.027561
v -0.126605 -0.057220 0.058858
v -0.164372 -0.027436 0.052528
v -0.137632 0.010094 0.094584
v -0.126381 0.007360 0.085602
v -0.152947 -0.027744 0.043397
v -0.175457 -0.100742 0.006146
v -0.175457 -0.100742 -0.006138
v -0.076172 0.140125 0.083550
v -0.004139 0.197365 0.144268
v -0.086299 0.145295 0.092957
v -0.013431 0.204138 0.153650
v -0.127787 0.014185 0.103189
v -0.039690 0.072432 0.132660
v -0.034869 0.073366 0.118400
v -0.120899 0.012179 0.090030
v -0.125496 -0.059868 0.075845
v -0.077382 -0.042174 0.103215
v -0.073470 -0.038166 0.089179
v -0.120874 -0.054453 0.062511
v -0.076376 -0.044897 0.085627
v -0.094515 -0.083852 0.044548
v -0.125496 -0.059868 -0.075837
v -0.071410 -0.040400 -0.089421
v -0.076376 -0.044897 -0.085619
v -0.091917 -0.085615 -0.043439
v -0.146007 -0.124377 -0.039762
v -0.094515 -0.083852 -0.044540
v -0.145207 -0.115563 -0.027353
v -0.150727 -0.120787 -0.023175
v -0.108224 -0.095773 -0.034458
v -0.140214 -0.128640 -0.009615
v -0.141410 -0.126244 -0.012117
v -0.148158 -0.121181 -0.020898
v -0.149353 -0.121945 -0.011942
v -0.152725 -0.123965 -0.010190
v -0.139491 -0.127691 -0.006213
v -0.145542 -0.124788 0.000016
v -0.139491 -0.127691 0.006220
v -0.097351 -0.104720 0.000016
v -0.146181 -0.127129 -0.007214
v -0.150581 -0.125643 -0.003611
v -0.151653 -0.124893 -0.006638
v -0.157830 -0.124719 -0.002811
v -0.160895 -0.122444 -0.006763
v -0.155433 -0.121950 -0.011867
v -0.154064 -0.121264 -0.017445
v -0.157966 -0.120191 -0.012943
v -0.160588 -0.118075 -0.014518
v -0.158579 -0.115072 -0.016921
v -0.152766 -0.117744 -0.023275
v -0.165035 -0.125235 -0.026002
v -0.159760 -0.124536 -0.034683
v -0.162288 -0.110612 -0.023300
v -0.165261 -0.112942 -0.017496
v -0.163416 -0.115956 -0.013218
v -0.165228 -0.119214 -0.006739
v -0.165863 -0.114273 -0.011667
v -0.055772 0.277136 -0.065004
v -0.055601 0.277916 -0.055848
v 0.063381 0.390595 0.000016
v 0.069525 0.398260 0.000016
v -0.055601 0.277916 0.055856
v -0.039966 0.273266 0.060635
v -0.048501 0.284048 0.066438
v 0.069978 0.396785 0.005070
v 0.171721 0.495047 0.099262
v 0.179772 0.502454 0.100137
v 0.094692 0.347916 0.139390
v 0.102908 0.339389 0.130284
v 0.108935 0.341089 0.133911
v 0.370475 0.486187 0.156151
v 0.182657 0.496389 0.107893
v 0.101679 0.349171 0.144243
v 0.237128 0.381451 0.235482
v 0.242208 0.371255 0.225526
v 0.482790 0.204466 -0.148614
v 0.640731 0.218484 -0.077839
v 0.489662 0.206328 -0.149264
v 0.492803 0.195987 -0.159947
v 0.640064 0.220771 -0.080140
v 0.780066 0.277380 -0.175458
v 0.787484 0.278677 -0.175833
v 0.612365 0.323245 -0.185414
v 0.611685 0.325280 -0.187666
v 0.615954 0.320053 -0.203527
v 0.784079 0.272587 -0.188717
v 0.907026 0.360091 -0.306200
v 0.618224 0.325984 -0.189742
v 0.786588 0.281854 -0.176933
v 0.911614 0.366493 -0.293290
v 0.916869 0.366534 -0.294892
v 1.059591 0.259115 -0.211358
v 0.917096 0.364078 -0.291965
v 0.792678 0.278469 -0.176734
v 0.921244 0.366414 -0.295142
v 1.065388 0.261904 -0.213134
v 1.201661 0.324061 -0.301122
v 1.063810 0.252928 -0.225318
v 0.921971 0.360511 -0.309127
v 1.198665 0.318368 -0.314831
v 1.052097 0.472328 -0.312129
v 0.914290 0.369762 -0.309577
v 0.762522 0.453127 -0.260842
v 0.916575 0.369726 -0.294592
v 1.062155 0.471713 -0.313080
v 1.202945 0.329173 -0.316107
v 1.200654 0.329717 -0.301146
v 1.063197 0.471721 -0.297969
v 1.204778 0.576123 -0.301196
v 0.901723 0.612114 -0.294967
v 1.203271 0.582066 -0.315081
v 1.058312 0.475466 -0.296343
v 1.057940 0.477747 -0.311353
v 0.903392 0.617977 -0.308852
v 1.052327 0.472097 -0.296968
v 0.766909 0.453185 -0.246382
v 0.891798 0.610551 -0.293066
v 0.885520 0.614874 -0.305999
v 0.760522 0.455536 -0.243756
v 0.577102 0.478338 -0.189468
v 0.756064 0.456923 -0.258116
v 0.572578 0.483543 -0.202902
v 0.567664 0.481270 -0.201176
v 0.753604 0.450640 -0.244381
v 0.610806 0.328354 -0.187591
v 0.437526 0.345431 -0.208831
v 0.610680 0.323980 -0.202151
v 0.751045 0.449518 -0.259267
v 0.437541 0.345354 -0.224017
v 0.481879 0.207540 -0.149839
v 0.486282 0.199581 -0.161923
v 0.328301 0.201621 -0.227119
v 0.332711 0.197403 -0.240954
v 0.322922 0.199025 -0.227894
v 0.477047 0.202080 -0.148413
v 0.379248 0.078796 -0.094275
v 0.323873 0.197088 -0.225142
v 0.378305 0.081163 -0.096352
v 0.381413 0.070873 -0.107109
v 0.230116 0.102063 -0.136030
v 0.231269 0.091070 -0.146537
v 0.224661 0.099874 -0.135655
v 0.373465 0.077575 -0.093700
v 0.250306 0.049599 0.000016
v 0.249615 0.050774 -0.003011
v 0.225043 0.098807 -0.132628
v 0.108046 0.016795 -0.063153
v 1.198765 0.146111 0.119250
v 1.198765 0.146111 -0.119243
v 1.072959 0.168448 0.000016
v 1.068094 0.170827 0.003244
v 0.934412 0.192633 0.122278
v 1.064987 0.257335 0.208563
v 1.064985 0.258573 0.211891
v 0.930165 0.193283 0.121977
v 1.062550 0.170080 0.000016
v 1.198549 0.150009 0.128657
v 1.070162 0.257858 0.212141
v 1.200902 0.320558 0.297301
v 1.198665 0.318368 0.314863
v 1.201661 0.324061 0.301129
v 1.065388 0.261904 0.213142
v 0.921244 0.366414 0.295149
v 1.063810 0.252928 0.225325
v 0.921971 0.360511 0.309160
v 0.916869 0.366534 0.294899
v 1.059591 0.259115 0.211391
v 0.917096 0.364078 0.291972
v 0.792678 0.278469 0.176741
v 0.787484 0.278677 0.175840
v 0.911614 0.366493 0.293299
v 0.786588 0.281854 0.176941
v 0.618224 0.325984 0.189750
v 0.784079 0.272587 0.188724
v 0.907026 0.360091 0.306207
v 0.615954 0.320053 0.203535
v 0.611685 0.325280 0.187699
v 0.762523 0.453127 0.260851
v 0.914290 0.369762 0.309585
v 1.052097 0.472328 0.312137
v 0.916575 0.369726 0.294624
v 0.766910 0.453185 0.246415
v 1.052327 0.472097 0.296976
v 0.885520 0.614874 0.306008
v 0.891798 0.610551 0.293073
v 0.760522 0.455536 0.243788
v 0.577102 0.478338 0.189500
v 0.756064 0.456923 0.258123
v 0.572578 0.483543 0.202934
v 0.567664 0.481270 0.201183
v 0.753604 0.450640 0.244388
v 0.610806 0.328354 0.187624
v 0.610680 0.323980 0.202159
v 0.437526 0.345431 0.208864
v 0.751045 0.449518 0.259274
v 0.437541 0.345354 0.224025
v 0.328301 0.201621 0.227152
v 0.332712 0.197403 0.240961
v 0.481879 0.207540 0.149847
v 0.482790 0.204466 0.148646
v 0.486282 0.199581 0.161956
v 0.322922 0.199025 0.227902
v 0.492803 0.195987 0.159954
v 0.489662 0.206328 0.149297
v 0.612365 0.323245 0.185422
v 0.780066 0.277380 0.175490
v 0.640064 0.220771 0.080148
v 0.640731 0.218484 0.077846
v 0.647219 0.218052 0.078647
v 0.787793 0.277484 0.172688
v 0.925064 0.193845 0.121502
v 0.798005 0.206542 0.003119
v 0.798371 0.205121 0.000016
v 0.803471 0.204459 0.000016
v 0.930219 0.193535 0.118425
v 0.930219 0.193535 -0.118393
v 0.248927 0.371501 -0.227169
v 0.239556 0.374660 -0.241929
v 0.249468 0.378067 -0.240878
v 0.429584 0.345734 -0.206730
v 0.563149 0.473478 -0.188141
v 0.430316 0.348454 -0.221640
v 0.561881 0.479315 -0.202101
v 0.386364 0.481608 -0.146162
v 0.570048 0.477742 -0.185164
v 0.727591 0.619190 -0.170579
v 0.566729 0.485053 -0.198023
v 0.722575 0.628625 -0.181261
v 0.537473 0.591853 -0.087471
v 0.168996 0.222469 0.190801
v 0.249468 0.378067 0.240886
v 0.430316 0.348454 0.221648
v 0.561881 0.479315 0.202134
v 0.248927 0.371501 0.227177
v 0.429584 0.345734 0.206737
v 0.563149 0.473478 0.188149
v 0.376779 0.489221 0.156401
v 0.386364 0.481608 0.146170
v 0.570048 0.477742 0.185172
v 0.727591 0.619190 0.170587
v 0.566729 0.485053 0.198031
v 0.722575 0.628625 0.181270
v 0.383217 0.491876 0.156927
v 0.537473 0.591853 0.087503
v 0.536507 0.595080 0.083150
v 0.529853 0.593415 0.083575
v 0.354282 0.548828 0.000016
v 0.376216 0.491683 0.151749
v 0.190490 0.505546 0.099712
v 0.355004 0.547553 0.005045
v 0.347843 0.545593 0.000016
v 0.179919 0.503135 -0.090072
v 0.075369 0.401682 0.000016
v 0.179919 0.503135 0.090080
v 0.179772 0.502454 -0.100129
v 0.171721 0.495047 -0.099228
v 0.095960 0.345797 -0.144010
v 0.069978 0.396785 -0.005037
v -0.048501 0.284048 -0.066430
v 0.094691 0.347916 -0.139382
v -0.039966 0.273266 -0.060601
v 0.102908 0.339389 -0.130275
v -0.004139 0.197365 -0.144260
v -0.076172 0.140125 -0.083543
v -0.086299 0.145295 -0.092924
v -0.013431 0.204138 -0.153642
v -0.039690 0.072432 -0.132652
v -0.034869 0.073366 -0.118393
v -0.120899 0.012179 -0.090022
v -0.127787 0.014185 -0.103156
v -0.077382 -0.042174 -0.103206
v -0.073470 -0.038166 -0.089147
v -0.120874 -0.054453 -0.062503
v 0.063031 0.093831 0.150572
v 0.224661 0.099874 0.135662
v 0.223168 0.102680 0.136888
v 0.223660 0.092860 0.148521
v 0.063096 0.087102 0.164207
v 0.321741 0.202029 0.227527
v 0.165916 0.221077 0.205562
v 0.320710 0.202170 0.242663
v 0.101479 0.015131 -0.062153
v 0.242464 0.046842 0.000016
v 0.101479 0.015131 0.062160
v 0.101922 0.015502 -0.059025
v 0.101922 0.015502 0.059033
v 0.044959 -0.023518 0.000016
v 0.040026 -0.025385 0.000016
v 0.096379 0.012100 0.061810
v 0.096379 0.012100 -0.061803
v 0.038961 -0.024433 -0.002936
v -0.027714 -0.071010 -0.038261
v 0.018745 0.003376 -0.084794
v 0.017861 0.004123 -0.087770
v 0.022626 0.006601 -0.089071
v 0.025173 -0.003958 -0.099729
v 0.100641 0.017191 -0.064179
v 0.216893 0.096710 -0.134253
v 0.058897 0.089268 -0.146187
v 0.057242 0.090811 -0.148514
v 0.063031 0.093831 -0.150565
v 0.223168 0.102680 -0.136880
v 0.223660 0.092860 -0.148514
v 0.063096 0.087102 -0.164199
v 0.165916 0.221077 -0.205554
v 0.320710 0.202170 -0.242654
v 0.321741 0.202029 -0.227519
v 0.168996 0.222469 -0.190793
v 0.710876 0.701766 0.000016
v 0.536433 0.595712 -0.077789
v 0.360972 0.551756 0.000016
v 0.536433 0.595712 0.077796
v 0.376216 0.491683 -0.151740
v 0.190490 0.505546 -0.099704
v 0.355004 0.547553 -0.005037
v 0.370475 0.486187 -0.156119
v 0.182657 0.496389 -0.107885
v 0.101679 0.349171 -0.144235
v 0.108935 0.341089 -0.133903
v 0.237128 0.381451 -0.235475
v 0.242208 0.371255 -0.225518
v 0.162078 0.222782 -0.188917
v 0.001812 0.200052 -0.148038
v 0.158039 0.222519 -0.203453
v -0.003101 0.203443 -0.161873
v 0.052762 0.090857 -0.162923
v 0.055907 0.093362 -0.148313
v -0.032547 0.073254 -0.136005
v -0.028314 0.075488 -0.121670
v 0.018340 -0.002635 -0.100754
v -0.065651 -0.041730 -0.105408
v 0.015597 0.006108 -0.088646
v -0.066742 -0.035846 -0.091423
v 0.011296 -0.001081 -0.085319
v -0.032507 -0.074196 -0.037460
v -0.069441 -0.041340 -0.087095
v -0.087703 -0.082317 -0.045040
v -0.038844 -0.077307 -0.035959
v -0.090866 -0.086415 -0.040287
v -0.133142 -0.124985 -0.011267
v -0.079406 -0.096257 -0.003111
v -0.073610 -0.094201 0.000016
v -0.032392 -0.073793 -0.034258
v 0.033121 -0.029601 0.000016
v -0.032392 -0.073793 0.034266
v -0.027714 -0.071010 0.038268
v 0.038961 -0.024433 0.002943
v 0.018745 0.003376 0.084801
v 0.025173 -0.003958 0.099737
v 0.100641 0.017191 0.064187
v 0.022626 0.006601 0.089079
v 0.216893 0.096710 0.134261
v 0.058897 0.089268 0.146195
v 0.925064 0.193845 -0.121494
v 0.798005 0.206542 -0.003085
v 0.647219 0.218052 -0.078639
v 0.787793 0.277484 -0.172681
v 0.791207 0.203869 0.000016
v 0.640749 0.218559 -0.074561
v 0.640749 0.218559 0.074594
v 0.511568 0.147794 0.000016
v 0.504763 0.146284 0.000016
v 0.634242 0.215199 0.078221
v 0.483255 0.203295 0.145469
v 0.384209 0.081549 0.094033
v 0.504400 0.147655 0.003144
v 0.379249 0.078796 0.094283
v 0.477047 0.202080 0.148421
v 0.378305 0.081163 0.096360
v 0.323873 0.197088 0.225175
v 0.381413 0.070873 0.107117
v 0.230116 0.102063 0.136037
v 0.231269 0.091070 0.146545
v 0.373465 0.077575 0.093707
v 0.225043 0.098807 0.132635
v 0.108046 0.016795 0.063161
v 0.249615 0.050774 0.003019
v 0.379176 0.079152 0.090930
v 0.255788 0.051611 0.000016
v 0.499112 0.144072 0.000016
v 0.379176 0.079152 -0.090923
v 0.504400 0.147655 -0.003136
v 0.384209 0.081549 -0.094025
v 0.634242 0.215199 -0.078214
v 0.483255 0.203295 -0.145436
v 0.934258 0.178449 -0.128024
v 1.195371 0.132282 -0.130275
v 0.934412 0.192633 -0.122245
v 1.199535 0.145846 -0.124722
v 1.063063 0.244974 -0.217287
v 1.064985 0.258573 -0.211859
v 0.930165 0.193283 -0.121969
v 1.203768 0.145170 -0.124872
v 1.198799 0.130786 -0.119693
v 1.199535 0.145846 0.124729
v 1.198549 0.150009 -0.128649
v 1.070162 0.257858 -0.212109
v 1.200902 0.320558 -0.297269
v 1.205942 0.323688 -0.301296
v 0.541988 0.598481 -0.083842
v 0.529853 0.593415 -0.083567
v 0.728989 0.633909 -0.176908
v 0.869861 0.794740 -0.126648
v 0.547985 0.585718 -0.078389
v 0.735197 0.623292 -0.168177
v 0.877335 0.782862 -0.121294
v 0.735712 0.622120 -0.171530
v 0.882635 0.786165 -0.122295
v 0.541495 0.581901 -0.077538
v 0.741375 0.623471 -0.172130
v 0.897136 0.612262 -0.295167
v 0.896891 0.614238 -0.292640
v 1.044984 0.682276 -0.208606
v 1.050596 0.683095 -0.209281
v 0.894095 0.625611 -0.302372
v 1.045253 0.693347 -0.219089
v 0.882799 0.783153 -0.124572
v 0.889531 0.799583 -0.127774
v 0.887363 0.785559 -0.122070
v 1.050906 0.684456 -0.205829
v 1.207078 0.754464 -0.124796
v 1.051457 0.696686 -0.214985
v 1.206472 0.768659 -0.130526
v 1.211486 0.754063 -0.124722
v 1.056021 0.682655 -0.209256
v 1.204063 0.579929 -0.297493
v 1.206480 0.750958 -0.128199
v 1.212476 0.768158 0.130608
v 1.206555 0.754472 -0.119768
v 1.210302 0.769281 -0.120294
v 1.053613 0.784500 0.000016
v 1.053006 0.769186 0.000016
v 1.206472 0.768659 0.130534
v 1.048504 0.783419 0.005420
v 0.889531 0.799583 0.127781
v 1.047637 0.768234 0.003444
v 1.207078 0.754464 0.124805
v 0.887363 0.785559 0.122102
v 0.879781 0.800169 0.127656
v 1.042355 0.783845 0.000016
v 0.879592 0.800577 -0.117541
v 0.724566 0.706707 0.000016
v 0.882582 0.785660 -0.118893
v 1.041939 0.768527 0.000016
v 0.730837 0.692952 0.000016
v 1.051054 0.694013 0.219947
v 1.207434 0.590091 0.308309
v 1.056184 0.693476 0.219996
v 1.209165 0.581517 0.315264
v 1.062155 0.471713 0.313112
v 1.206407 0.571596 0.316014
v 1.202945 0.329173 0.316114
v 1.204406 0.317670 0.315164
v 1.057345 0.472245 0.313013
v 1.203271 0.582066 0.315088
v 1.057940 0.477747 0.311361
v 0.903392 0.617977 0.308859
v 0.894621 0.618775 0.308659
v 1.050935 0.688956 0.222749
v 1.044984 0.682276 0.208614
v 1.045253 0.693347 0.219121
v 0.894095 0.625611 0.302379
v 0.735627 0.633373 0.181995
v 0.729729 0.631648 0.181569
v 0.741375 0.623471 0.172162
v 0.882799 0.783153 0.124580
v 0.880022 0.793212 0.135637
v 0.877335 0.782862 0.121302
v 0.547985 0.585718 0.078397
v 0.869861 0.794740 0.126655
v 0.541988 0.598481 0.083876
v 0.725203 0.690032 0.003219
v 0.718369 0.703366 0.004995
v -0.166854 -0.107177 -0.020773
v -0.168552 -0.112106 -0.010316
v -0.165566 -0.109727 -0.023150
v -0.167844 -0.108172 -0.011992
v -0.158789 -0.054430 -0.033407
v -0.179495 -0.109580 -0.027478
v -0.170025 -0.055339 -0.042763
v -0.173580 -0.102163 -0.012093
v -0.176040 -0.101922 -0.009565
v -0.155302 -0.033170 -0.042089
v -0.162559 -0.102137 -0.027528
v -0.124063 -0.058930 -0.060402
v -0.126605 -0.057220 -0.058850
v -0.127881 -0.000860 -0.083893
v -0.125207 0.005723 -0.087996
v -0.152867 -0.035028 -0.043590
v -0.152947 -0.027744 -0.043389
v -0.137632 0.010094 -0.094550
v -0.095092 0.128871 -0.090047
v -0.126381 0.007360 -0.085593
v -0.085186 0.124692 -0.079915
v -0.080484 0.134985 -0.082492
v -0.160232 0.036146 -0.038210
v -0.162465 0.037168 -0.036034
v 0.095960 0.345797 0.144043
v 0.231361 0.368545 0.239585
v 0.239556 0.374660 0.241937
v 0.160406 0.218080 0.205011
v 0.097770 0.341495 0.146570
v -0.003101 0.203443 0.161906
v 0.158039 0.222519 0.203485
v -0.010624 0.198935 0.159203
v 0.089372 0.339377 0.141717
v -0.055772 0.277136 0.065012
v 0.153261 0.213921 0.202609
v 0.056130 0.084862 0.162456
v -0.005370 0.192100 0.160880
v 0.052762 0.090857 0.162931
v -0.032547 0.073254 0.136013
v -0.036465 0.069043 0.134436
v 0.051413 0.079475 0.160029
v 0.021538 -0.005999 0.098486
v -0.032978 0.065295 0.133285
v 0.018340 -0.002635 0.100763
v -0.065651 -0.041730 0.105415
v -0.071719 -0.048131 0.102539
v 0.015889 -0.011067 0.095759
v -0.026776 -0.087057 0.043047
v -0.034093 -0.072452 0.039544
v -0.030215 -0.083337 0.049401
v -0.085010 -0.093741 0.054755
v -0.087703 -0.082317 0.045048
v -0.066003 -0.051915 0.097460
v -0.038844 -0.077307 0.035967
v -0.089385 -0.097262 0.052954
v -0.034944 -0.091200 0.040870
v -0.079406 -0.096257 0.003119
v -0.133142 -0.124985 0.011275
v -0.073885 -0.110279 0.004719
v -0.128038 -0.138267 0.016578
v -0.139148 -0.143451 0.013376
v -0.141410 -0.126244 0.012125
v -0.146181 -0.127129 0.007222
v -0.150581 -0.125643 0.003619
v -0.157830 -0.124719 0.002818
v -0.153465 -0.140668 0.003519
v -0.161652 -0.139349 0.004895
v -0.156262 -0.138019 0.015052
v -0.151123 -0.135825 0.018129
v -0.141942 -0.138020 0.021832
v -0.105242 -0.107552 0.043647
v -0.149353 -0.121945 0.011949
v -0.153674 -0.132498 0.032489
v -0.155433 -0.121950 0.011875
v -0.160895 -0.122444 0.006771
v -0.159550 -0.136020 0.016128
v -0.166896 -0.135345 0.011925
v -0.167794 -0.129213 0.021657
v -0.165228 -0.119214 0.006771
v -0.174543 -0.129534 0.012150
v -0.165035 -0.125235 0.026010
v -0.159760 -0.124536 0.034716
v -0.137928 -0.081138 0.061059
v -0.165656 -0.120093 0.034666
v -0.174495 -0.116815 0.032740
v -0.128778 -0.064947 0.073443
v -0.146007 -0.124377 0.039770
v -0.176829 -0.122975 0.016328
v -0.179734 -0.120096 0.015578
v -0.168277 -0.116941 0.002793
v -0.168277 -0.116941 -0.002786
v -0.169795 -0.111226 -0.006788
v -0.173218 -0.107000 -0.007264
v -0.180776 -0.119877 -0.011442
v -0.185222 -0.115000 -0.009715
v -0.180111 -0.125274 0.005095
v -0.183299 -0.118015 0.003569
v -0.170781 -0.110554 0.003544
v -0.173218 -0.107000 0.007271
v -0.189412 -0.105578 0.013651
v -0.185420 -0.109688 0.000016
v -0.179361 -0.114310 0.018679
v -0.170024 -0.055339 0.042772
v -0.167844 -0.108172 0.012000
v -0.173580 -0.102163 0.012100
v -0.158789 -0.054430 0.033415
v -0.183853 -0.106350 0.021832
v -0.166831 -0.033844 0.051053
v -0.171066 -0.105061 0.039419
v -0.152867 -0.035028 0.043622
v -0.163728 -0.036575 0.053380
v -0.132377 -0.062438 0.071767
v -0.136474 -0.004894 0.095358
v -0.133349 0.004892 0.100462
v -0.164372 -0.027436 0.052528
v -0.137632 0.010094 0.094584
v -0.095092 0.128871 0.090055
v -0.152947 -0.027744 0.043397
v -0.160232 0.036146 0.038219
v -0.085186 0.124692 0.079923
v -0.170452 0.037978 0.048676
v -0.175550 0.040841 0.040995
v -0.163237 0.028986 0.034266
v -0.174977 -0.092609 0.011449
v -0.176835 0.028926 0.038994
v -0.188529 -0.091659 0.016228
v -0.181294 -0.022387 0.004569
v -0.167079 -0.023550 0.003318
v -0.168944 -0.046202 0.000016
v -0.183191 -0.044812 0.000016
v -0.175457 -0.100742 -0.006138
v -0.189587 -0.101958 -0.004062
v -0.188529 -0.091659 -0.016220
v -0.168558 -0.032856 -0.046691
v -0.176835 0.028926 -0.038986
v -0.174977 -0.092609 -0.011442
v -0.156372 -0.032545 -0.038736
v -0.163237 0.028986 -0.034258
v -0.165941 -0.017018 0.000016
v -0.180036 -0.014416 0.000016
v -0.175373 0.042355 -0.031456
v -0.116529 0.156018 0.000016
v -0.161888 0.037461 -0.032857
v -0.103846 0.148938 0.000016
v -0.158455 0.044867 0.036867
v -0.170182 0.051907 0.042046
v -0.090653 0.139498 0.092181
v -0.111358 0.166556 0.004770
v -0.061139 0.266701 0.064137
v -0.098773 0.159503 0.003094
v -0.048815 0.260941 0.058983
v -0.076172 0.140125 0.083550
v -0.043307 0.266492 0.062335
v -0.052143 0.272677 0.072568
v -0.086299 0.145295 0.092957
v -0.013431 0.204138 0.153650
v -0.015732 0.190369 0.156877
v -0.087877 0.136369 0.094908
v -0.127787 0.014185 0.103189
v -0.039690 0.072432 0.132660
v -0.041318 0.060927 0.131009
v -0.125982 -0.000130 0.101939
v -0.125496 -0.059868 0.075845
v -0.077382 -0.042174 0.103215
v -0.094515 -0.083852 0.044548
v -0.125288 -0.067887 0.072117
v -0.092890 -0.094804 0.055031
v -0.077757 -0.054635 0.097260
v -0.071410 -0.040400 -0.089421
v -0.076376 -0.044897 -0.085619
v -0.091917 -0.085615 -0.043439
v -0.094515 -0.083852 -0.044540
v -0.121526 -0.060815 -0.059251
v -0.145207 -0.115563 -0.027353
v -0.150727 -0.120787 -0.023175
v -0.105242 -0.107552 -0.043639
v -0.108224 -0.095773 -0.034458
v -0.140214 -0.128640 -0.009615
v -0.141410 -0.126244 -0.012117
v -0.148158 -0.121181 -0.020898
v -0.145911 -0.134999 -0.026977
v -0.149353 -0.121945 -0.011942
v -0.152725 -0.123965 -0.010190
v -0.149525 -0.141869 -0.009465
v -0.159790 -0.134145 -0.023025
v -0.155879 -0.138861 -0.011016
v -0.145476 -0.140138 0.000016
v -0.136195 -0.142360 -0.003586
v -0.091473 -0.118697 0.000016
v -0.139491 -0.127691 -0.006213
v -0.145542 -0.124788 0.000016
v -0.097351 -0.104720 0.000016
v -0.146181 -0.127129 -0.007214
v -0.151653 -0.124893 -0.006638
v -0.157830 -0.124719 -0.002811
v -0.154064 -0.121264 -0.017445
v -0.157966 -0.120191 -0.012943
v -0.165445 -0.131628 -0.019247
v -0.160588 -0.118075 -0.014518
v -0.158579 -0.115072 -0.016921
v -0.152766 -0.117744 -0.023275
v -0.133860 -0.074753 -0.047943
v -0.162288 -0.110612 -0.023300
v -0.174567 -0.123036 -0.023275
v -0.170825 -0.127444 -0.019547
v -0.163416 -0.115956 -0.013218
v -0.158455 0.044867 -0.036860
v -0.081314 0.135656 -0.079364
v -0.048815 0.260941 -0.058975
v -0.044937 0.268415 -0.060151
v -0.092146 0.141063 -0.087695
v -0.061140 0.266701 -0.064129
v -0.170182 0.051907 -0.042038
v -0.107527 0.173728 0.000016
v -0.055601 0.277916 -0.055848
v 0.063381 0.390595 0.000016
v -0.044531 0.268308 -0.057049
v -0.095277 0.165819 0.000016
v 0.073155 0.379438 0.000016
v -0.039966 0.273266 0.060635
v -0.048501 0.284048 0.066438
v 0.069978 0.396785 0.005070
v 0.171721 0.495047 0.099262
v 0.179772 0.502454 0.100137
v 0.079490 0.385507 0.003219
v 0.181512 0.485409 0.093683
v 0.370475 0.486187 0.156151
v 0.182657 0.496389 0.107893
v 0.101679 0.349171 0.144243
v 0.237128 0.381451 0.235482
v 0.391357 0.069626 -0.099754
v 0.488689 0.192512 -0.154568
v 0.639276 0.202122 -0.084018
v 0.482790 0.204466 -0.148614
v 0.640731 0.218484 -0.077839
v 0.489662 0.206328 -0.149264
v 0.492803 0.195987 -0.159947
v 0.779908 0.266104 -0.185740
v 0.640064 0.220771 -0.080140
v 0.780066 0.277380 -0.175458
v 0.787484 0.278677 -0.175833
v 0.612365 0.323245 -0.185414
v 0.611685 0.325280 -0.187666
v 0.612894 0.315778 -0.198648
v 0.618224 0.325984 -0.189742
v 0.786588 0.281854 -0.176933
v 0.911614 0.366493 -0.293290
v 0.916869 0.366534 -0.294892
v 0.762156 0.449416 -0.244055
v 0.761465 0.452486 -0.245331
v 1.059591 0.259115 -0.211358
v 0.930003 0.195815 -0.124171
v 0.792678 0.278469 -0.176734
v 0.921244 0.366414 -0.295142
v 1.065388 0.261904 -0.213134
v 1.201661 0.324061 -0.301122
v 1.057723 0.468851 -0.296343
v 1.057875 0.472161 -0.297819
v 0.916575 0.369726 -0.294592
v 1.200654 0.329717 -0.301146
v 1.204015 0.571154 -0.301046
v 1.063197 0.471721 -0.297969
v 1.209126 0.575826 -0.301146
v 1.204778 0.576123 -0.301196
v 1.050487 0.679658 -0.210657
v 0.901723 0.612114 -0.294967
v 1.058312 0.475466 -0.296343
v 0.897416 0.608362 -0.294742
v 1.052327 0.472097 -0.296968
v 0.766909 0.453185 -0.246382
v 0.891798 0.610551 -0.293066
v 0.760522 0.455536 -0.243756
v 0.577102 0.478338 -0.189468
v 0.736299 0.619026 -0.172855
v 0.570585 0.475787 -0.187366
v 0.753604 0.450640 -0.244381
v 0.571491 0.472940 -0.187241
v 0.610806 0.328354 -0.187591
v 0.437526 0.345431 -0.208831
v 0.430443 0.342787 -0.208105
v 0.604789 0.322405 -0.188542
v 0.431508 0.339863 -0.206804
v 0.481879 0.207540 -0.149839
v 0.328301 0.201621 -0.227119
v 0.322922 0.199025 -0.227894
v 0.477047 0.202080 -0.148413
v 0.379248 0.078796 -0.094275
v 0.378305 0.081163 -0.096352
v 0.230116 0.102063 -0.136030
v 0.224661 0.099874 -0.135655
v 0.374669 0.063292 -0.099054
v 0.373465 0.077575 -0.093700
v 0.111483 0.003010 -0.068732
v 0.226751 0.086363 -0.141259
v 0.225043 0.098807 -0.132628
v 0.108046 0.016795 -0.063153
v 1.198765 0.146111 -0.119243
v 1.069859 0.153478 0.000016
v 1.072959 0.168448 0.000016
v 1.195371 0.132282 0.130284
v 1.065782 0.155895 0.005645
v 0.934258 0.178449 0.128031
v 1.068094 0.170827 0.003244
v 0.934412 0.192633 0.122278
v 1.063256 0.247803 0.222548
v 1.062550 0.170080 0.000016
v 1.199338 0.138844 0.139040
v 1.067706 0.247201 0.222724
v 1.201758 0.310075 0.308309
v 1.198665 0.318368 0.314863
v 1.063810 0.252928 0.225325
v 0.921971 0.360511 0.309160
v 1.057042 0.466535 0.311361
v 0.914797 0.361358 0.309009
v 1.058654 0.248281 0.222073
v 1.061261 0.154804 0.000016
v 0.928135 0.184339 0.134061
v 0.915115 0.354070 0.303280
v 0.930003 0.195815 0.124179
v 0.789759 0.267818 0.187198
v 0.792678 0.278469 0.176741
v 0.785282 0.267839 0.186323
v 0.784079 0.272587 0.188724
v 0.907026 0.360091 0.306207
v 0.615954 0.320053 0.203535
v 0.757996 0.446727 0.258349
v 0.757295 0.452022 0.259850
v 0.611823 0.319461 0.201709
v 0.762523 0.453127 0.260851
v 0.914290 0.369762 0.309585
v 1.052097 0.472328 0.312137
v 0.895052 0.608527 0.309734
v 0.885520 0.614874 0.306008
v 0.577102 0.478338 0.189500
v 0.756064 0.456923 0.258123
v 0.572578 0.483543 0.202934
v 0.567664 0.481270 0.201183
v 0.730278 0.626986 0.184146
v 0.736299 0.619026 0.172863
v 0.569095 0.476266 0.201834
v 0.610680 0.323980 0.202159
v 0.751045 0.449518 0.259274
v 0.437541 0.345354 0.224025
v 0.431681 0.343501 0.223224
v 0.433690 0.338665 0.221773
v 0.607228 0.317183 0.202584
v 0.332712 0.197403 0.240961
v 0.486282 0.199581 0.161956
v 0.487491 0.194908 0.159404
v 0.323998 0.193546 0.242037
v 0.492803 0.195987 0.159954
v 0.612894 0.315778 0.198657
v 0.779908 0.266104 0.185772
v 0.640064 0.220771 0.080148
v 0.642367 0.207459 0.087228
v 0.643076 0.204563 0.083675
v 0.646711 0.203900 0.084451
v 0.921692 0.179940 0.126831
v 0.647219 0.218052 0.078647
v 0.925064 0.193845 0.121502
v 0.798005 0.206542 0.003119
v 0.796469 0.191471 0.005320
v 0.801170 0.189297 0.000016
v 0.803471 0.204459 0.000016
v 0.928434 0.178392 -0.119794
v 0.930219 0.193535 -0.118393
v 0.242867 0.369373 -0.228120
v 0.248927 0.371501 -0.227169
v 0.429584 0.345734 -0.206730
v 0.563149 0.473478 -0.188141
v 0.380065 0.475589 -0.147087
v 0.378976 0.478466 -0.145837
v 0.386364 0.481608 -0.146162
v 0.570048 0.477742 -0.185164
v 0.727591 0.619190 -0.170579
v 0.566729 0.485053 -0.198023
v 0.722575 0.628625 -0.181261
v 0.542151 0.579842 -0.079465
v 0.249468 0.378067 0.240886
v 0.430316 0.348454 0.221648
v 0.561881 0.479315 0.202134
v 0.376779 0.489221 0.156401
v 0.378565 0.484945 0.159004
v 0.386364 0.481608 0.146170
v 0.566729 0.485053 0.198031
v 0.722575 0.628625 0.181270
v 0.383217 0.491876 0.156927
v 0.542151 0.579842 0.079472
v 0.537473 0.591853 0.087503
v 0.536507 0.595080 0.083150
v 0.533743 0.579875 0.077821
v 0.529853 0.593415 0.083575
v 0.192656 0.491501 0.094082
v 0.358426 0.532807 0.003068
v 0.190490 0.505546 0.099712
v 0.355004 0.547553 0.005045
v 0.351635 0.530816 0.000016
v 0.186065 0.489912 -0.094525
v 0.186410 0.489527 -0.091198
v 0.347843 0.545593 0.000016
v 0.084331 0.389755 0.000016
v 0.179919 0.503135 -0.090072
v 0.075369 0.401682 0.000016
v 0.171721 0.495047 -0.099228
v -0.048501 0.284048 -0.066430
v 0.181512 0.485409 -0.093675
v 0.094691 0.347916 -0.139382
v -0.039966 0.273266 -0.060601
v 0.102908 0.339389 -0.130275
v 0.103602 0.338240 -0.133603
v 0.097276 0.331690 -0.131626
v -0.003334 0.195658 -0.146537
v -0.043307 0.266492 -0.062327
v -0.004139 0.197365 -0.144260
v 0.089372 0.339377 -0.141708
v -0.076172 0.140125 -0.083543
v -0.013431 0.204138 -0.153642
v -0.008042 0.189942 -0.144061
v -0.032798 0.071539 -0.119968
v -0.034869 0.073366 -0.118393
v -0.120899 0.012179 -0.090022
v -0.078460 0.133031 -0.083942
v -0.038475 0.063841 -0.116416
v -0.073470 -0.038166 -0.089147
v -0.122400 0.004212 -0.087871
v -0.120874 -0.054453 -0.062503
v 0.223660 0.092860 0.148521
v 0.063096 0.087102 0.164207
v 0.225859 0.088729 0.145994
v 0.315470 0.189612 0.239411
v 0.162412 0.213370 0.203485
v 0.165916 0.221077 0.205562
v 0.320710 0.202170 0.242663
v 0.425757 0.340863 0.222923
v 0.243591 0.365491 0.242813
v 0.101479 0.015131 -0.062153
v 0.246370 0.032112 0.000016
v 0.105470 0.001765 0.068240
v 0.242464 0.046842 0.000016
v 0.101922 0.015502 -0.059025
v 0.106539 0.001292 -0.061852
v 0.044959 -0.023518 0.000016
v 0.050422 -0.037665 0.000016
v 0.096379 0.012100 0.061810
v 0.101218 -0.001227 0.067289
v 0.096379 0.012100 -0.061803
v 0.101218 -0.001227 -0.067281
v -0.027714 -0.071010 -0.038261
v -0.020300 -0.082660 -0.044190
v 0.023562 -0.007954 -0.093650
v 0.018745 0.003376 -0.084794
v 0.017861 0.004123 -0.087770
v 0.022626 0.006601 -0.089071
v 0.218771 0.085882 -0.144811
v 0.100641 0.017191 -0.064179
v 0.216893 0.096710 -0.134253
v 0.060107 0.080045 -0.158245
v 0.058897 0.089268 -0.146187
v 0.057242 0.090811 -0.148514
v 0.063031 0.093831 -0.150565
v 0.223168 0.102680 -0.136880
v 0.317372 0.197065 -0.226293
v 0.164736 0.217203 -0.188992
v 0.163595 0.219926 -0.190318
v 0.321741 0.202029 -0.227519
v 0.168996 0.222469 -0.190793
v 0.424480 0.340075 -0.207805
v 0.244386 0.366239 -0.227669
v 0.716908 0.687862 0.000016
v 0.710876 0.701766 0.000016
v 0.536433 0.595712 -0.077789
v 0.360972 0.551756 0.000016
v 0.541578 0.581774 -0.074637
v 0.365433 0.537196 0.000016
v 0.533743 0.579875 -0.077814
v 0.378716 0.479658 -0.142709
v 0.192656 0.491501 -0.094075
v 0.376216 0.491683 -0.151740
v 0.190490 0.505546 -0.099704
v 0.187325 0.487415 -0.096602
v 0.372802 0.475427 -0.145612
v 0.108935 0.341089 -0.133903
v 0.237128 0.381451 -0.235475
v 0.242208 0.371255 -0.225518
v 0.237824 0.366065 -0.226268
v 0.162078 0.222782 -0.188917
v 0.001812 0.200052 -0.148038
v 0.104814 0.335363 -0.134804
v 0.156371 0.215237 -0.187841
v -0.001183 0.193095 -0.146412
v 0.055907 0.093362 -0.148313
v -0.028314 0.075488 -0.121670
v 0.051935 0.087078 -0.146837
v -0.030663 0.069633 -0.118917
v 0.015597 0.006108 -0.088646
v -0.066742 -0.035846 -0.091423
v 0.015889 -0.011067 -0.095726
v 0.011296 -0.001081 -0.085319
v -0.032507 -0.074196 -0.037460
v -0.069441 -0.041340 -0.087095
v -0.034093 -0.072452 -0.039537
v -0.066003 -0.051915 -0.097452
v -0.087703 -0.082317 -0.045040
v -0.038844 -0.077307 -0.035959
v -0.090866 -0.086415 -0.040287
v -0.087672 -0.098805 -0.048568
v -0.133142 -0.124985 -0.011267
v -0.034944 -0.091200 -0.040837
v -0.128037 -0.138267 -0.016570
v -0.073610 -0.094201 0.000016
v -0.032392 -0.073793 -0.034258
v 0.033121 -0.029601 0.000016
v -0.067736 -0.108177 0.000016
v -0.025547 -0.087229 -0.034808
v 0.040896 -0.042444 0.000016
v -0.020300 -0.082660 0.044198
v 0.045992 -0.037569 0.005295
v -0.027714 -0.071010 0.038268
v 0.038961 -0.024433 0.002943
v 0.025173 -0.003958 0.099737
v 0.103820 0.005256 0.073093
v 0.218771 0.085882 0.144818
v 0.100641 0.017191 0.064187
v 0.060107 0.080045 0.158253
v 0.925064 0.193845 -0.121494
v 0.921692 0.179940 -0.126823
v 0.646711 0.203900 -0.084444
v 0.647219 0.218052 -0.078639
v 0.785538 0.265130 -0.181361
v 0.787793 0.277484 -0.172681
v 0.792015 0.188559 0.000016
v 0.643260 0.204130 -0.078965
v 0.791207 0.203869 0.000016
v 0.640749 0.218559 -0.074561
v 0.511568 0.147794 0.000016
v 0.515993 0.133233 0.000016
v 0.639276 0.202122 0.084026
v 0.634242 0.215199 0.078221
v 0.384209 0.081549 0.094033
v 0.504400 0.147655 0.003144
v 0.510745 0.134076 0.005270
v 0.391357 0.069626 0.099787
v 0.383507 0.065453 0.100212
v 0.481984 0.192670 0.159178
v 0.326919 0.186772 0.235883
v 0.231269 0.091070 0.146545
v 0.373465 0.077575 0.093707
v 0.108046 0.016795 0.063161
v 0.374669 0.063292 0.099061
v 0.111483 0.003010 0.068740
v 0.249615 0.050774 0.003019
v 0.252445 0.035910 0.005120
v 0.258696 0.036593 0.000016
v 0.505561 0.130391 0.000016
v 0.255788 0.051611 0.000016
v 0.499112 0.144072 0.000016
v 0.379176 0.079152 -0.090923
v 0.383896 0.064689 -0.091072
v 0.384209 0.081549 -0.094025
v 0.634242 0.215199 -0.078214
v 0.483255 0.203295 -0.145436
v 1.199535 0.145846 -0.124722
v 1.063063 0.244974 -0.217287
v 1.064987 0.257335 -0.208531
v 1.198799 0.130786 -0.119693
v 1.199535 0.145846 0.124729
v 1.198549 0.150009 -0.128649
v 1.200902 0.320558 -0.297269
v 1.201758 0.310075 -0.308301
v 1.199338 0.138844 -0.139031
v 1.207434 0.590091 -0.308301
v 1.209923 0.761802 -0.138306
v 1.204063 0.579929 -0.297493
v 1.206480 0.750958 -0.128199
v 1.206555 0.754472 -0.119768
v 1.210302 0.769281 0.120301
v 1.210302 0.769281 -0.120294
v 1.206555 0.754472 0.119801
v 1.206480 0.750958 0.128232
v 1.204063 0.579929 0.297502
v 1.209923 0.761802 0.138314
v 1.207434 0.590091 0.308309
v 1.200654 0.329717 0.301154
v 1.204778 0.576123 0.301204
v 1.204015 0.571154 0.301054
v 1.206407 0.571596 0.316014
v 1.202945 0.329173 0.316114
v 1.050935 0.688956 0.222749
v 1.050487 0.679658 0.210690
v -0.179734 -0.120096 -0.015569
v -0.173874 -0.135842 0.000016
v -0.180111 -0.125274 -0.005088
v -0.179361 -0.114310 -0.018672
v -0.174495 -0.116815 -0.032731
v -0.179495 -0.109580 -0.027478
v -0.170025 -0.055339 -0.042763
v -0.189412 -0.105578 -0.013619
v -0.183853 -0.106350 -0.021799
v -0.166831 -0.033844 -0.051044
v -0.171066 -0.105061 -0.039386
v -0.126605 -0.057220 -0.058850
v -0.127881 -0.000860 -0.083893
v -0.132377 -0.062438 -0.071734
v -0.136474 -0.004894 -0.095351
v -0.133349 0.004892 -0.100430
v -0.163728 -0.036575 -0.053346
v -0.164372 -0.027436 -0.052521
v -0.137632 0.010094 -0.094550
v -0.095092 0.128871 -0.090047
v -0.090653 0.139498 -0.092174
v -0.170452 0.037978 -0.048668
v -0.175550 0.040841 -0.040987
v 0.237824 0.366065 0.226276
v 0.095960 0.345797 0.144043
v 0.231361 0.368545 0.239585
v 0.158039 0.222519 0.203485
v 0.162078 0.222782 0.188925
v -0.010624 0.198935 0.159203
v 0.156371 0.215237 0.187874
v 0.089372 0.339377 0.141717
v -0.055772 0.277136 0.065012
v 0.153261 0.213921 0.202609
v 0.052762 0.090857 0.162931
v 0.055907 0.093362 0.148346
v 0.051935 0.087078 0.146845
v 0.017861 0.004123 0.087778
v 0.051413 0.079475 0.160029
v 0.018340 -0.002635 0.100763
v 0.015597 0.006108 0.088654
v 0.015889 -0.011067 0.095759
v 0.011296 -0.001081 0.085326
v -0.034093 -0.072452 0.039544
v -0.030215 -0.083337 0.049401
v -0.108224 -0.095773 0.034465
v -0.141410 -0.126244 0.012125
v -0.146181 -0.127129 0.007222
v -0.153465 -0.140668 0.003519
v -0.149525 -0.141869 0.009473
v -0.141942 -0.138020 0.021832
v -0.105242 -0.107552 0.043647
v -0.154064 -0.121264 0.017454
v -0.155433 -0.121950 0.011875
v -0.159550 -0.136020 0.016128
v -0.159790 -0.134145 0.023032
v -0.167794 -0.129213 0.021657
v -0.165228 -0.119214 0.006771
v -0.174543 -0.129534 0.012150
v -0.152766 -0.117744 0.023308
v -0.133860 -0.074753 0.047950
v -0.159760 -0.124536 0.034716
v -0.137928 -0.081138 0.061059
v -0.174495 -0.116815 0.032740
v -0.165261 -0.112942 0.017504
v -0.163416 -0.115956 0.013225
v -0.174567 -0.123036 0.023283
v -0.170825 -0.127444 0.019556
v -0.176829 -0.122975 0.016328
v -0.179734 -0.120096 0.015578
v -0.180776 -0.119877 -0.011442
v -0.185222 -0.115000 -0.009715
v -0.183299 -0.118015 -0.003561
v -0.184811 -0.116197 0.000016
v -0.180111 -0.125274 0.005095
v -0.183299 -0.118015 0.003569
v -0.180776 -0.119877 0.011449
v -0.185222 -0.115000 0.009723
v -0.189412 -0.105578 0.013651
v -0.185420 -0.109688 0.000016
v -0.179361 -0.114310 0.018679
v -0.189587 -0.101958 0.004069
v -0.179495 -0.109580 0.027511
v -0.170024 -0.055339 0.042772
v -0.183853 -0.106350 0.021832
v -0.166831 -0.033844 0.051053
v -0.171066 -0.105061 0.039419
v -0.126605 -0.057220 0.058858
v -0.163728 -0.036575 0.053380
v -0.132377 -0.062438 0.071767
v -0.127881 -0.000860 0.083901
v -0.136474 -0.004894 0.095358
v -0.133349 0.004892 0.100462
v -0.164372 -0.027436 0.052528
v -0.137632 0.010094 0.094584
v -0.095092 0.128871 0.090055
v -0.170452 0.037978 0.048676
v -0.175550 0.040841 0.040995
v -0.168558 -0.032856 0.046699
v -0.176835 0.028926 0.038994
v -0.188529 -0.091659 0.016228
v -0.182273 -0.021283 0.000016
v -0.181294 -0.022387 0.004569
v -0.183191 -0.044812 0.000016
v -0.189587 -0.101958 -0.004062
v -0.188529 -0.091659 -0.016220
v -0.168558 -0.032856 -0.046691
v -0.176835 0.028926 -0.038986
v -0.181294 -0.022387 -0.004562
v -0.180036 -0.014416 0.000016
v -0.175373 0.042355 -0.031456
v -0.116529 0.156018 0.000016
v -0.112161 0.167580 0.000016
v -0.175373 0.042355 0.031464
v -0.170182 0.051907 0.042046
v -0.090653 0.139498 0.092181
v -0.111358 0.166556 0.004770
v -0.061139 0.266701 0.064137
v -0.092146 0.141063 0.087728
v -0.052143 0.272677 0.072568
v -0.086299 0.145295 0.092957
v -0.013431 0.204138 0.153650
v -0.008042 0.189942 0.144068
v -0.015732 0.190369 0.156877
v -0.127787 0.014185 0.103189
v -0.039690 0.072432 0.132660
v -0.034869 0.073366 0.118400
v -0.041318 0.060927 0.131009
v -0.038475 0.063841 0.116424
v -0.077382 -0.042174 0.103215
v -0.073470 -0.038166 0.089179
v -0.076376 -0.044897 0.085627
v -0.094515 -0.083852 0.044548
v -0.092890 -0.094804 0.055031
v -0.077757 -0.054635 0.097260
v -0.077757 -0.054635 -0.097252
v -0.076376 -0.044897 -0.085619
v -0.092890 -0.094804 -0.055022
v -0.094515 -0.083852 -0.044540
v -0.105242 -0.107552 -0.043639
v -0.108224 -0.095773 -0.034458
v -0.141410 -0.126244 -0.012117
v -0.141942 -0.138020 -0.021824
v -0.149525 -0.141869 -0.009465
v -0.159790 -0.134145 -0.023025
v -0.146181 -0.127129 -0.007214
v -0.153465 -0.140668 -0.003486
v -0.159550 -0.136020 -0.016120
v -0.155433 -0.121950 -0.011867
v -0.154064 -0.121264 -0.017445
v -0.167794 -0.129213 -0.021624
v -0.152766 -0.117744 -0.023275
v -0.133860 -0.074753 -0.047943
v -0.159760 -0.124536 -0.034683
v -0.137928 -0.081138 -0.061027
v -0.165261 -0.112942 -0.017496
v -0.174567 -0.123036 -0.023275
v -0.170825 -0.127444 -0.019547
v -0.174543 -0.129534 -0.012117
v -0.163416 -0.115956 -0.013218
v -0.165228 -0.119214 -0.006739
v -0.176829 -0.122975 -0.016320
v -0.092146 0.141063 -0.087695
v -0.061140 0.266701 -0.064129
v -0.170182 0.051907 -0.042038
v -0.111358 0.166556 -0.004762
v -0.055772 0.277136 -0.065004
v -0.107527 0.173728 0.000016
v -0.055601 0.277916 -0.055848
v 0.063381 0.390595 0.000016
v 0.069525 0.398260 0.000016
v -0.055601 0.277916 0.055856
v 0.069978 0.396785 0.005070
v 0.171721 0.495047 0.099262
v 0.094692 0.347916 0.139390
v 0.372802 0.475427 0.145619
v 0.370475 0.486187 0.156151
v 0.237128 0.381451 0.235482
v 0.779908 0.266104 -0.185740
v 0.640064 0.220771 -0.080140
v 0.780066 0.277380 -0.175458
v 0.607229 0.317208 -0.202577
v 0.784079 0.272587 -0.188717
v 0.786588 0.281854 -0.176933
v 0.911614 0.366493 -0.293290
v 0.928135 0.184339 -0.134053
v 1.058654 0.248281 -0.222065
v 1.059591 0.259115 -0.211358
v 0.915115 0.354070 -0.303273
v 0.930003 0.195815 -0.124171
v 0.917096 0.364078 -0.291965
v 1.202945 0.329173 -0.316107
v 1.206407 0.571596 -0.315982
v 1.200654 0.329717 -0.301146
v 1.204015 0.571154 -0.301046
v 1.204778 0.576123 -0.301196
v 1.050487 0.679658 -0.210657
v 1.050935 0.688956 -0.222716
v 0.885520 0.614874 -0.305999
v 0.760522 0.455536 -0.243756
v 0.756064 0.456923 -0.258116
v 0.604789 0.322405 -0.188542
v 0.481879 0.207540 -0.149839
v 0.486282 0.199581 -0.161923
v 0.481984 0.192670 -0.159171
v 0.477047 0.202080 -0.148413
v 0.378305 0.081163 -0.096352
v 0.381413 0.070873 -0.107109
v 1.198765 0.146111 0.119250
v 1.198765 0.146111 -0.119243
v 1.198799 0.130786 0.119701
v 1.063063 0.244974 0.217319
v 1.064987 0.257335 0.208563
v 1.198549 0.150009 0.128657
v 1.199338 0.138844 0.139040
v 1.201758 0.310075 0.308309
v 1.200902 0.320558 0.297301
v 1.058654 0.248281 0.222073
v 0.928135 0.184339 0.134061
v 1.059591 0.259115 0.211391
v 0.915115 0.354070 0.303280
v 0.930003 0.195815 0.124179
v 0.917096 0.364078 0.291972
v 0.911614 0.366493 0.293299
v 0.786588 0.281854 0.176941
v 0.784079 0.272587 0.188724
v 0.885520 0.614874 0.306008
v 0.760522 0.455536 0.243788
v 0.756064 0.456923 0.258123
v 0.604789 0.322405 0.188574
v 0.607228 0.317183 0.202584
v 0.481879 0.207540 0.149847
v 0.486282 0.199581 0.161956
v 0.779908 0.266104 0.185772
v 0.780066 0.277380 0.175490
v 0.640064 0.220771 0.080148
v 0.171721 0.495047 -0.099228
v 0.095960 0.345797 -0.144010
v 0.069978 0.396785 -0.005037
v 0.094691 0.347916 -0.139382
v 0.089372 0.339377 -0.141708
v -0.052143 0.272677 -0.072560
v -0.086299 0.145295 -0.092924
v -0.013431 0.204138 -0.153642
v -0.010624 0.198935 -0.159171
v -0.015732 0.190369 -0.156844
v -0.008042 0.189942 -0.144061
v -0.039690 0.072432 -0.132652
v -0.034869 0.073366 -0.118393
v -0.127787 0.014185 -0.103156
v -0.041318 0.060927 -0.131001
v -0.038475 0.063841 -0.116416
v -0.077382 -0.042174 -0.103206
v -0.073470 -0.038166 -0.089147
v 0.223168 0.102680 0.136888
v 0.317372 0.197065 0.226301
v 0.223660 0.092860 0.148521
v 0.315470 0.189612 0.239411
v 0.321741 0.202029 0.227527
v 0.424480 0.340075 0.207838
v 0.320710 0.202170 0.242663
v 0.425757 0.340863 0.222923
v 0.040026 -0.025385 0.000016
v 0.038961 -0.024433 -0.002936
v -0.027714 -0.071010 -0.038261
v 0.018745 0.003376 -0.084794
v 0.017861 0.004123 -0.087770
v 0.218771 0.085882 -0.144811
v 0.100641 0.017191 -0.064179
v 0.216893 0.096710 -0.134253
v 0.223168 0.102680 -0.136880
v 0.317372 0.197065 -0.226293
v 0.223660 0.092860 -0.148514
v 0.315470 0.189612 -0.239403
v 0.320710 0.202170 -0.242654
v 0.425757 0.340863 -0.222916
v 0.321741 0.202029 -0.227519
v 0.424480 0.340075 -0.207805
v 0.370475 0.486187 -0.156119
v 0.372802 0.475427 -0.145612
v 0.237128 0.381451 -0.235475
v 0.237824 0.366065 -0.226268
v 0.162078 0.222782 -0.188917
v 0.158039 0.222519 -0.203453
v 0.231361 0.368545 -0.239578
v 0.153261 0.213921 -0.202601
v 0.156371 0.215237 -0.187841
v 0.052762 0.090857 -0.162923
v 0.055907 0.093362 -0.148313
v 0.051413 0.079475 -0.160021
v 0.051935 0.087078 -0.146837
v 0.018340 -0.002635 -0.100754
v 0.015597 0.006108 -0.088646
v 0.015889 -0.011067 -0.095726
v 0.011296 -0.001081 -0.085319
v -0.034093 -0.072452 -0.039537
v -0.030215 -0.083337 -0.049393
v -0.027714 -0.071010 0.038268
v 0.038961 -0.024433 0.002943
v 0.018745 0.003376 0.084801
v 0.218771 0.085882 0.144818
v 0.100641 0.017191 0.064187
v 0.216893 0.096710 0.134261
v 0.481984 0.192670 0.159178
v 0.477047 0.202080 0.148421
v 0.378305 0.081163 0.096360
v 0.381413 0.070873 0.107117
v 1.063256 0.247803 -0.222516
v 0.934258 0.178449 -0.128024
v 0.928364 0.179301 -0.127948
v 1.065579 0.154228 0.000016
v 1.065782 0.155895 -0.005637
v 1.195371 0.132282 -0.130275
v 1.063063 0.244974 -0.217287
v 1.200989 0.131231 -0.130500
v 1.198799 0.130786 -0.119693
v 1.070162 0.257858 -0.212109
v 1.067706 0.247201 -0.222716
v 1.200902 0.320558 -0.297269
v 1.199338 0.138844 -0.139031
v 1.204406 0.317670 -0.315156
v 0.547985 0.585718 -0.078389
v 0.735197 0.623292 -0.168177
v 0.877335 0.782862 -0.121294
v 0.735712 0.622120 -0.171530
v 0.725203 0.690032 -0.003210
v 0.725100 0.691399 0.000016
v 0.882635 0.786165 -0.122295
v 0.541495 0.581901 -0.077538
v 0.741375 0.623471 -0.172130
v 0.897136 0.612262 -0.295167
v 0.896891 0.614238 -0.292640
v 1.044984 0.682276 -0.208606
v 1.050596 0.683095 -0.209281
v 0.880022 0.793212 -0.135629
v 0.882799 0.783153 -0.124572
v 0.887363 0.785559 -0.122070
v 1.050906 0.684456 -0.205829
v 1.207078 0.754464 -0.124796
v 1.047637 0.768234 -0.003436
v 1.047549 0.769701 0.000016
v 1.211486 0.754063 -0.124722
v 1.056184 0.693476 -0.219989
v 1.056021 0.682655 -0.209256
v 1.209923 0.761802 -0.138306
v 1.204063 0.579929 -0.297493
v 1.206480 0.750958 -0.128199
v 1.211486 0.754063 0.124754
v 1.206555 0.754472 -0.119768
v 1.206555 0.754472 0.119801
v 1.053006 0.769186 0.000016
v 1.047637 0.768234 0.003444
v 1.207078 0.754464 0.124805
v 0.887363 0.785559 0.122102
v 0.882582 0.785660 -0.118893
v 1.041939 0.768527 0.000016
v 0.882582 0.785660 0.118900
v 0.730837 0.692952 0.000016
v 0.882635 0.786165 0.122302
v 1.050596 0.683095 0.209289
v 1.050906 0.684456 0.205861
v 1.206480 0.750958 0.128232
v 1.204063 0.579929 0.297502
v 1.209126 0.575826 0.301154
v 1.209923 0.761802 0.138314
v 1.056021 0.682655 0.209264
v 1.056184 0.693476 0.219996
v 1.204778 0.576123 0.301204
v 1.204015 0.571154 0.301054
v 1.063197 0.471721 0.297977
v 1.062155 0.471713 0.313112
v 1.206407 0.571596 0.316014
v 1.204406 0.317670 0.315164
v 1.203271 0.582066 0.315088
v 0.903392 0.617977 0.308859
v 0.901723 0.612114 0.294975
v 1.050935 0.688956 0.222749
v 1.050487 0.679658 0.210690
v 0.897136 0.612262 0.295200
v 1.044984 0.682276 0.208614
v 0.896891 0.614238 0.292648
v 0.741375 0.623471 0.172162
v 0.735712 0.622120 0.171537
v 0.882799 0.783153 0.124580
v 0.880022 0.793212 0.135637
v 0.877335 0.782862 0.121302
v 0.735197 0.623292 0.168185
v 0.547985 0.585718 0.078397
v 0.725203 0.690032 0.003219
v -0.179734 -0.120096 -0.015569
v -0.173874 -0.135842 0.000016
v -0.174495 -0.116815 -0.032731
v -0.127881 -0.000860 -0.083893
v -0.136474 -0.004894 -0.095351
v -0.152867 -0.035028 -0.043590
v -0.163728 -0.036575 -0.053346
v -0.095092 0.128871 -0.090047
v -0.160232 0.036146 -0.038210
v -0.170452 0.037978 -0.048668
v 0.103602 0.338240 0.133611
v 0.242867 0.369373 0.228127
v 0.237824 0.366065 0.226276
v 0.231361 0.368545 0.239585
v 0.097770 0.341495 0.146570
v 0.104814 0.335363 0.134837
v 0.097276 0.331690 0.131634
v -0.044937 0.268415 0.060184
v 0.156371 0.215237 0.187874
v 0.089372 0.339377 0.141717
v 0.153261 0.213921 0.202609
v 0.056130 0.084862 0.162456
v -0.005370 0.192100 0.160880
v -0.001183 0.193095 0.146420
v 0.051935 0.087078 0.146845
v 0.051413 0.079475 0.160029
v 0.021538 -0.005999 0.098486
v -0.032978 0.065295 0.133285
v -0.030663 0.069633 0.118950
v -0.071719 -0.048131 0.102539
v 0.015889 -0.011067 0.095759
v -0.026776 -0.087057 0.043047
v -0.030215 -0.083337 0.049401
v -0.085010 -0.093741 0.054755
v -0.066003 -0.051915 0.097460
v -0.089385 -0.097262 0.052954
v -0.034944 -0.091200 0.040870
v -0.072599 -0.111057 0.000016
v -0.073885 -0.110279 0.004719
v -0.128038 -0.138267 0.016578
v -0.139148 -0.143451 0.013376
v -0.087672 -0.098805 0.048575
v -0.153465 -0.140668 0.003519
v -0.155879 -0.138861 0.011025
v -0.149525 -0.141869 0.009473
v -0.151593 -0.141559 0.000016
v -0.161652 -0.139349 0.004895
v -0.156262 -0.138019 0.015052
v -0.151123 -0.135825 0.018129
v -0.141942 -0.138020 0.021832
v -0.105242 -0.107552 0.043647
v -0.145911 -0.134999 0.026985
v -0.153674 -0.132498 0.032489
v -0.159550 -0.136020 0.016128
v -0.159790 -0.134145 0.023032
v -0.166896 -0.135345 0.011925
v -0.165445 -0.131628 0.019255
v -0.167794 -0.129213 0.021657
v -0.174543 -0.129534 0.012150
v -0.165035 -0.125235 0.026010
v -0.159760 -0.124536 0.034716
v -0.165656 -0.120093 0.034666
v -0.174495 -0.116815 0.032740
v -0.165261 -0.112942 0.017504
v -0.146007 -0.124377 0.039770
v -0.174567 -0.123036 0.023283
v -0.170825 -0.127444 0.019556
v -0.176829 -0.122975 0.016328
v -0.165863 -0.114273 0.011675
v -0.179734 -0.120096 0.015578
v -0.173218 -0.107000 -0.007264
v -0.185222 -0.115000 -0.009715
v -0.183299 -0.118015 -0.003561
v -0.183299 -0.118015 0.003569
v -0.173218 -0.107000 0.007271
v -0.185222 -0.115000 0.009723
v -0.152867 -0.035028 0.043622
v -0.163728 -0.036575 0.053380
v -0.127881 -0.000860 0.083901
v -0.136474 -0.004894 0.095358
v -0.095092 0.128871 0.090055
v -0.160232 0.036146 0.038219
v -0.170452 0.037978 0.048676
v -0.043307 0.266492 0.062335
v -0.052143 0.272677 0.072568
v -0.008042 0.189942 0.144068
v -0.015732 0.190369 0.156877
v -0.087877 0.136369 0.094908
v -0.078460 0.133031 0.083951
v -0.041318 0.060927 0.131009
v -0.038475 0.063841 0.116424
v -0.125982 -0.000130 0.101939
v -0.122400 0.004212 0.087878
v -0.076376 -0.044897 0.085627
v -0.121526 -0.060815 0.059258
v -0.125288 -0.067887 0.072117
v -0.092890 -0.094804 0.055031
v -0.077757 -0.054635 0.097260
v -0.071719 -0.048131 -0.102505
v -0.077757 -0.054635 -0.097252
v -0.089385 -0.097262 -0.052920
v -0.076376 -0.044897 -0.085619
v -0.092890 -0.094804 -0.055022
v -0.146007 -0.124377 -0.039762
v -0.125288 -0.067887 -0.072110
v -0.121526 -0.060815 -0.059251
v -0.153674 -0.132498 -0.032481
v -0.105242 -0.107552 -0.043639
v -0.139148 -0.143451 -0.013368
v -0.145911 -0.134999 -0.026977
v -0.151123 -0.135825 -0.018121
v -0.141942 -0.138020 -0.021824
v -0.156262 -0.138019 -0.015044
v -0.149525 -0.141869 -0.009465
v -0.159790 -0.134145 -0.023025
v -0.155879 -0.138861 -0.011016
v -0.145476 -0.140138 0.000016
v -0.136195 -0.142360 -0.003586
v -0.091473 -0.118697 0.000016
v -0.136195 -0.142360 0.003594
v -0.153465 -0.140668 -0.003486
v -0.161652 -0.139349 -0.004862
v -0.166895 -0.135345 -0.011917
v -0.159550 -0.136020 -0.016120
v -0.165445 -0.131628 -0.019247
v -0.167794 -0.129213 -0.021624
v -0.165035 -0.125235 -0.026002
v -0.159760 -0.124536 -0.034683
v -0.165656 -0.120093 -0.034658
v -0.165261 -0.112942 -0.017496
v -0.174567 -0.123036 -0.023275
v -0.170825 -0.127444 -0.019547
v -0.174543 -0.129534 -0.012117
v -0.176829 -0.122975 -0.016320
v -0.165863 -0.114273 -0.011667
v -0.044937 0.268415 -0.060151
v -0.044531 0.268308 -0.057049
v 0.073155 0.379438 0.000016
v 0.079020 0.386805 0.000016
v -0.044531 0.268308 0.057057
v -0.039966 0.273266 0.060635
v 0.079490 0.385507 0.003219
v 0.181512 0.485409 0.093683
v 0.186065 0.489912 0.094533
v 0.102908 0.339389 0.130284
v 0.108935 0.341089 0.133911
v 0.187325 0.487415 0.096634
v 0.372802 0.475427 0.145619
v 0.370475 0.486187 0.156151
v 0.182657 0.496389 0.107893
v 0.242208 0.371255 0.225526
v 0.391357 0.069626 -0.099754
v 0.487491 0.194908 -0.159396
v 0.488689 0.192512 -0.154568
v 0.639276 0.202122 -0.084018
v 0.383507 0.065453 -0.100205
v 0.643076 0.204563 -0.083668
v 0.492803 0.195987 -0.159947
v 0.642367 0.207459 -0.087220
v 0.779908 0.266104 -0.185740
v 0.785282 0.267839 -0.186315
v 0.612365 0.323245 -0.185414
v 0.612894 0.315778 -0.198648
v 0.611823 0.319461 -0.201701
v 0.615954 0.320053 -0.203527
v 0.607229 0.317208 -0.202577
v 0.907026 0.360091 -0.306200
v 0.618224 0.325984 -0.189742
v 0.911614 0.366493 -0.293290
v 0.762156 0.449416 -0.244055
v 0.757996 0.446727 -0.258341
v 0.914797 0.361358 -0.309002
v 0.789759 0.267818 -0.187191
v 0.928135 0.184339 -0.134053
v 1.058654 0.248281 -0.222065
v 0.921244 0.366414 -0.295142
v 1.201661 0.324061 -0.301122
v 0.921971 0.360511 -0.309127
v 1.198665 0.318368 -0.314831
v 1.057723 0.468851 -0.296343
v 1.057042 0.466535 -0.311328
v 1.052097 0.472328 -0.312129
v 1.062155 0.471713 -0.313080
v 1.206407 0.571596 -0.315982
v 1.204015 0.571154 -0.301046
v 1.063197 0.471721 -0.297969
v 1.209126 0.575826 -0.301146
v 1.204778 0.576123 -0.301196
v 1.050487 0.679658 -0.210657
v 1.050935 0.688956 -0.222716
v 0.901723 0.612114 -0.294967
v 1.203271 0.582066 -0.315081
v 0.903392 0.617977 -0.308852
v 0.895052 0.608527 -0.309702
v 0.897416 0.608362 -0.294742
v 1.052327 0.472097 -0.296968
v 0.891798 0.610551 -0.293066
v 0.885520 0.614874 -0.305999
v 0.577102 0.478338 -0.189468
v 0.572578 0.483543 -0.202902
v 0.730278 0.626986 -0.184139
v 0.736299 0.619026 -0.172855
v 0.570585 0.475787 -0.187366
v 0.753604 0.450640 -0.244381
v 0.571491 0.472940 -0.187241
v 0.569095 0.476266 -0.201826
v 0.437526 0.345431 -0.208831
v 0.751045 0.449518 -0.259267
v 0.437541 0.345354 -0.224017
v 0.604789 0.322405 -0.188542
v 0.431508 0.339863 -0.206804
v 0.433690 0.338665 -0.221740
v 0.323998 0.193546 -0.242004
v 0.481984 0.192670 -0.159171
v 0.477047 0.202080 -0.148413
v 0.323873 0.197088 -0.225142
v 0.326919 0.186772 -0.235875
v 0.381413 0.070873 -0.107109
v 0.231269 0.091070 -0.146537
v 0.225859 0.088729 -0.145987
v 0.374669 0.063292 -0.099054
v 0.253300 0.034633 0.000016
v 0.252445 0.035910 -0.005112
v 0.111483 0.003010 -0.068732
v 0.226751 0.086363 -0.141259
v 1.200989 0.131231 0.130508
v 1.069859 0.153478 0.000016
v 1.198799 0.130786 0.119701
v 1.195371 0.132282 0.130284
v 1.065782 0.155895 0.005645
v 0.934258 0.178449 0.128031
v 1.063063 0.244974 0.217319
v 1.063256 0.247803 0.222548
v 1.199338 0.138844 0.139040
v 1.067706 0.247201 0.222724
v 1.070162 0.257858 0.212141
v 1.200902 0.320558 0.297301
v 1.198665 0.318368 0.314863
v 1.201661 0.324061 0.301129
v 0.921244 0.366414 0.295149
v 0.921971 0.360511 0.309160
v 1.057723 0.468851 0.296375
v 1.057042 0.466535 0.311361
v 0.914797 0.361358 0.309009
v 1.058654 0.248281 0.222073
v 0.928364 0.179301 0.127957
v 1.061261 0.154804 0.000016
v 0.928135 0.184339 0.134061
v 0.789759 0.267818 0.187198
v 0.785282 0.267839 0.186323
v 0.911614 0.366493 0.293299
v 0.618224 0.325984 0.189750
v 0.907026 0.360091 0.306207
v 0.615954 0.320053 0.203535
v 0.762156 0.449416 0.244064
v 0.757996 0.446727 0.258349
v 0.611823 0.319461 0.201709
v 1.052097 0.472328 0.312137
v 1.052327 0.472097 0.296976
v 0.897416 0.608362 0.294749
v 0.895052 0.608527 0.309734
v 0.885520 0.614874 0.306008
v 0.891798 0.610551 0.293073
v 0.577102 0.478338 0.189500
v 0.572578 0.483543 0.202934
v 0.730278 0.626986 0.184146
v 0.736299 0.619026 0.172863
v 0.570585 0.475787 0.187374
v 0.753604 0.450640 0.244388
v 0.571491 0.472940 0.187249
v 0.569095 0.476266 0.201834
v 0.437526 0.345431 0.208864
v 0.751045 0.449518 0.259274
v 0.437541 0.345354 0.224025
v 0.604789 0.322405 0.188574
v 0.431508 0.339863 0.206812
v 0.433690 0.338665 0.221773
v 0.607228 0.317183 0.202584
v 0.487491 0.194908 0.159404
v 0.323998 0.193546 0.242037
v 0.492803 0.195987 0.159954
v 0.612894 0.315778 0.198657
v 0.779908 0.266104 0.185772
v 0.612365 0.323245 0.185422
v 0.642367 0.207459 0.087228
v 0.643076 0.204563 0.083675
v 0.646711 0.203900 0.084451
v 0.785538 0.265130 0.181369
v 0.921692 0.179940 0.126831
v 0.796469 0.191471 0.005320
v 0.797040 0.189868 0.000016
v 0.801170 0.189297 0.000016
v 0.928434 0.178392 0.119801
v 0.928434 0.178392 -0.119794
v 0.242867 0.369373 -0.228120
v 0.563149 0.473478 -0.188141
v 0.561881 0.479315 -0.202101
v 0.378565 0.484945 -0.158996
v 0.380065 0.475589 -0.147087
v 0.378976 0.478466 -0.145837
v 0.386364 0.481608 -0.146162
v 0.570048 0.477742 -0.185164
v 0.727591 0.619190 -0.170579
v 0.722575 0.628625 -0.181261
v 0.542151 0.579842 -0.079465
v 0.561881 0.479315 0.202134
v 0.563149 0.473478 0.188149
v 0.378565 0.484945 0.159004
v 0.380065 0.475589 0.147096
v 0.378976 0.478466 0.145844
v 0.386364 0.481608 0.146170
v 0.570048 0.477742 0.185172
v 0.727591 0.619190 0.170587
v 0.722575 0.628625 0.181270
v 0.542151 0.579842 0.079472
v 0.541495 0.581901 0.077546
v 0.533743 0.579875 0.077821
v 0.378716 0.479658 0.142717
v 0.192656 0.491501 0.094082
v 0.358426 0.532807 0.003068
v 0.357886 0.534004 0.000016
v 0.351635 0.530816 0.000016
v 0.186065 0.489912 -0.094525
v 0.186410 0.489527 0.091206
v 0.186410 0.489527 -0.091198
v 0.084331 0.389755 0.000016
v 0.079490 0.385507 -0.003186
v 0.181512 0.485409 -0.093675
v -0.039966 0.273266 -0.060601
v 0.102908 0.339389 -0.130275
v 0.103602 0.338240 -0.133603
v 0.097276 0.331690 -0.131626
v -0.043307 0.266492 -0.062327
v 0.089372 0.339377 -0.141708
v -0.052143 0.272677 -0.072560
v -0.015732 0.190369 -0.156844
v -0.087877 0.136369 -0.094875
v -0.008042 0.189942 -0.144061
v -0.078460 0.133031 -0.083942
v -0.041318 0.060927 -0.131001
v -0.038475 0.063841 -0.116416
v -0.125982 -0.000130 -0.101905
v -0.122400 0.004212 -0.087871
v 0.317372 0.197065 0.226301
v 0.063096 0.087102 0.164207
v 0.225859 0.088729 0.145994
v 0.315470 0.189612 0.239411
v 0.162412 0.213370 0.203485
v 0.164736 0.217203 0.189000
v 0.424480 0.340075 0.207838
v 0.425757 0.340863 0.222923
v 0.244386 0.366239 0.227677
v 0.243591 0.365491 0.242813
v 0.105470 0.001765 -0.068232
v 0.246370 0.032112 0.000016
v 0.105470 0.001765 0.068240
v 0.106539 0.001292 -0.061852
v 0.106539 0.001292 0.061885
v 0.050422 -0.037665 0.000016
v 0.046966 -0.038773 0.000016
v 0.101218 -0.001227 0.067289
v 0.101218 -0.001227 -0.067281
v 0.045992 -0.037569 -0.005262
v -0.020300 -0.082660 -0.044190
v 0.023562 -0.007954 -0.093650
v 0.021538 -0.005999 -0.098478
v -0.026776 -0.087057 -0.043039
v 0.025173 -0.003958 -0.099729
v 0.103820 0.005256 -0.073085
v 0.218771 0.085882 -0.144811
v 0.216893 0.096710 -0.134253
v 0.060107 0.080045 -0.158245
v 0.058897 0.089268 -0.146187
v 0.056130 0.084862 -0.162448
v 0.317372 0.197065 -0.226293
v 0.063096 0.087102 -0.164199
v 0.315470 0.189612 -0.239403
v 0.162412 0.213370 -0.203477
v 0.164736 0.217203 -0.188992
v 0.425757 0.340863 -0.222916
v 0.424480 0.340075 -0.207805
v 0.244386 0.366239 -0.227669
v 0.243591 0.365491 -0.242805
v 0.716908 0.687862 0.000016
v 0.541578 0.581774 -0.074637
v 0.541578 0.581774 0.074669
v 0.365433 0.537196 0.000016
v 0.533743 0.579875 -0.077814
v 0.378716 0.479658 -0.142709
v 0.192656 0.491501 -0.094075
v 0.358426 0.532807 -0.003036
v 0.370475 0.486187 -0.156119
v 0.182657 0.496389 -0.107885
v 0.187325 0.487415 -0.096602
v 0.372802 0.475427 -0.145612
v 0.108935 0.341089 -0.133903
v 0.242208 0.371255 -0.225518
v 0.237824 0.366065 -0.226268
v 0.231361 0.368545 -0.239578
v 0.097770 0.341495 -0.146537
v 0.104814 0.335363 -0.134804
v 0.153261 0.213921 -0.202601
v 0.156371 0.215237 -0.187841
v -0.005370 0.192100 -0.160872
v -0.001183 0.193095 -0.146412
v 0.051413 0.079475 -0.160021
v 0.051935 0.087078 -0.146837
v -0.030663 0.069633 -0.118917
v -0.032978 0.065295 -0.133277
v 0.015889 -0.011067 -0.095726
v -0.030215 -0.083337 -0.049393
v -0.085010 -0.093741 -0.054747
v -0.066003 -0.051915 -0.097452
v -0.087672 -0.098805 -0.048568
v -0.034944 -0.091200 -0.040837
v -0.073885 -0.110279 -0.004712
v -0.128037 -0.138267 -0.016570
v -0.067736 -0.108177 0.000016
v -0.025547 -0.087229 -0.034808
v 0.040896 -0.042444 0.000016
v -0.025547 -0.087229 0.034841
v -0.020300 -0.082660 0.044198
v 0.045992 -0.037569 0.005295
v 0.023562 -0.007954 0.093683
v 0.025173 -0.003958 0.099737
v 0.103820 0.005256 0.073093
v 0.218771 0.085882 0.144818
v 0.216893 0.096710 0.134261
v 0.060107 0.080045 0.158253
v 0.058897 0.089268 0.146195
v 0.921692 0.179940 -0.126823
v 0.796469 0.191471 -0.005312
v 0.646711 0.203900 -0.084444
v 0.785538 0.265130 -0.181361
v 0.792015 0.188559 0.000016
v 0.643260 0.204130 -0.078965
v 0.643260 0.204130 0.078972
v 0.515993 0.133233 0.000016
v 0.510898 0.132455 0.000016
v 0.639276 0.202122 0.084026
v 0.634242 0.215199 0.078221
v 0.483255 0.203295 0.145469
v 0.488689 0.192512 0.154576
v 0.510745 0.134076 0.005270
v 0.391357 0.069626 0.099787
v 0.383507 0.065453 0.100212
v 0.481984 0.192670 0.159178
v 0.477047 0.202080 0.148421
v 0.323873 0.197088 0.225175
v 0.381413 0.070873 0.107117
v 0.326919 0.186772 0.235883
v 0.231269 0.091070 0.146545
v 0.226751 0.086363 0.141266
v 0.374669 0.063292 0.099061
v 0.111483 0.003010 0.068740
v 0.252445 0.035910 0.005120
v 0.258696 0.036593 0.000016
v 0.383896 0.064689 0.091081
v 0.505561 0.130391 0.000016
v 0.383896 0.064689 -0.091072
v 0.510745 0.134076 -0.005262
v 0.634242 0.215199 -0.078214
v 0.483255 0.203295 -0.145436
v 1.063256 0.247803 -0.222516
v 0.934258 0.178449 -0.128024
v 1.065782 0.155895 -0.005637
v 1.068094 0.170827 -0.003236
v 1.195371 0.132282 -0.130275
v 0.934412 0.192633 -0.122245
v 1.199535 0.145846 -0.124722
v 1.203768 0.145170 0.124879
v 1.199535 0.145846 0.124729
v 1.067706 0.247201 -0.222716
v 1.201758 0.310075 -0.308301
v 1.199338 0.138844 -0.139031
v 1.204406 0.317670 -0.315156
v 0.536507 0.595080 -0.083142
v 0.383217 0.491876 -0.156920
v 0.376778 0.489221 -0.156369
v 0.729729 0.631648 -0.181562
v 0.541988 0.598481 -0.083842
v 0.529853 0.593415 -0.083567
v 0.869861 0.794740 -0.126648
v 0.547985 0.585718 -0.078389
v 0.877335 0.782862 -0.121294
v 0.725203 0.690032 -0.003210
v 0.718369 0.703366 -0.004987
v 0.879781 0.800169 -0.127649
v 0.741375 0.623471 -0.172130
v 1.044984 0.682276 -0.208606
v 0.735627 0.633373 -0.181987
v 0.894095 0.625611 -0.302372
v 0.894621 0.618775 -0.308651
v 1.045253 0.693347 -0.219089
v 1.051054 0.694013 -0.219939
v 0.880022 0.793212 -0.135629
v 0.882799 0.783153 -0.124572
v 0.889531 0.799583 -0.127774
v 0.887363 0.785559 -0.122070
v 1.207078 0.754464 -0.124796
v 1.206472 0.768659 -0.130526
v 1.047637 0.768234 -0.003436
v 1.048504 0.783419 -0.005387
v 1.212476 0.768158 -0.130601
v 1.056184 0.693476 -0.219989
v 1.209165 0.581517 -0.315231
v 1.207434 0.590091 -0.308301
v 1.211486 0.754063 0.124754
v 1.210302 0.769281 0.120301
v 1.053613 0.784500 0.000016
v 1.206555 0.754472 0.119801
v 1.053006 0.769186 0.000016
v 1.206472 0.768659 0.130534
v 0.889531 0.799583 0.127781
v 1.207078 0.754464 0.124805
v 0.887363 0.785559 0.122102
v 1.042355 0.783845 0.000016
v 0.724566 0.706707 0.000016
v 1.041939 0.768527 0.000016
v 0.879592 0.800577 0.117549
v 0.882582 0.785660 0.118900
v 0.730837 0.692952 0.000016
v 0.882635 0.786165 0.122302
v 1.050596 0.683095 0.209289
v 1.050906 0.684456 0.205861
v 1.051457 0.696686 0.214993
v 1.206480 0.750958 0.128232
v 1.204063 0.579929 0.297502
v 1.209126 0.575826 0.301154
v 1.056021 0.682655 0.209264
v 1.205942 0.323688 0.301304
v 1.200654 0.329717 0.301154
v 1.057875 0.472161 0.297826
v 1.204778 0.576123 0.301204
v 1.204015 0.571154 0.301054
v 1.063197 0.471721 0.297977
v 1.058312 0.475466 0.296351
v 0.901723 0.612114 0.294975
v 1.050487 0.679658 0.210690
v 0.897136 0.612262 0.295200
v 1.044984 0.682276 0.208614
v 1.045253 0.693347 0.219121
v 0.894095 0.625611 0.302379
v 0.896891 0.614238 0.292648
v 0.741375 0.623471 0.172162
v 0.735712 0.622120 0.171537
v 0.882799 0.783153 0.124580
v 0.877335 0.782862 0.121302
v 0.735197 0.623292 0.168185
v 0.547985 0.585718 0.078397
v 0.728989 0.633909 0.176916
v 0.869861 0.794740 0.126655
v 0.541988 0.598481 0.083876
v -0.179734 -0.120096 -0.015569
v -0.180111 -0.125274 -0.005088
v -0.167844 -0.108172 -0.011992
v -0.158789 -0.054430 -0.033407
v -0.179361 -0.114310 -0.018672
v -0.174495 -0.116815 -0.032731
v -0.170025 -0.055339 -0.042763
v -0.173580 -0.102163 -0.012093
v -0.189412 -0.105578 -0.013619
v -0.183853 -0.106350 -0.021799
v -0.166831 -0.033844 -0.051044
v -0.171066 -0.105061 -0.039386
v -0.128778 -0.064947 -0.073435
v -0.132377 -0.062438 -0.071734
v -0.136474 -0.004894 -0.095351
v -0.133349 0.004892 -0.100430
v -0.152867 -0.035028 -0.043590
v -0.163728 -0.036575 -0.053346
v -0.152947 -0.027744 -0.043389
v -0.164372 -0.027436 -0.052521
v -0.137632 0.010094 -0.094550
v -0.095092 0.128871 -0.090047
v -0.090653 0.139498 -0.092174
v -0.085186 0.124692 -0.079915
v -0.160232 0.036146 -0.038210
v -0.170452 0.037978 -0.048668
v -0.175550 0.040841 -0.040987
v 0.103602 0.338240 0.133611
v 0.242867 0.369373 0.228127
v 0.237824 0.366065 0.226276
v 0.163597 0.219926 0.190326
v 0.162078 0.222782 0.188925
v 0.001812 0.200052 0.148046
v 0.104814 0.335363 0.134837
v -0.003334 0.195658 0.146545
v 0.097276 0.331690 0.131634
v -0.044937 0.268415 0.060184
v 0.156371 0.215237 0.187874
v 0.057242 0.090811 0.148521
v 0.089372 0.339377 0.141717
v -0.001183 0.193095 0.146420
v 0.055907 0.093362 0.148346
v -0.028314 0.075488 0.121702
v -0.032798 0.071539 0.119976
v 0.051935 0.087078 0.146845
v 0.017861 0.004123 0.087778
v -0.030663 0.069633 0.118950
v -0.066742 -0.035846 0.091456
v 0.015597 0.006108 0.088654
v -0.071410 -0.040400 0.089429
v 0.015889 -0.011067 0.095759
v 0.011296 -0.001081 0.085326
v -0.032507 -0.074196 0.037468
v -0.069441 -0.041340 0.087103
v -0.034093 -0.072452 0.039544
v -0.087703 -0.082317 0.045048
v -0.066003 -0.051915 0.097460
v -0.091918 -0.085615 0.043447
v -0.038844 -0.077307 0.035967
v -0.034944 -0.091200 0.040870
v -0.133142 -0.124985 0.011275
v -0.140214 -0.128640 0.009624
v -0.128038 -0.138267 0.016578
v -0.087672 -0.098805 0.048575
v -0.090866 -0.086415 0.040294
v -0.108224 -0.095773 0.034465
v -0.141410 -0.126244 0.012125
v -0.150727 -0.120787 0.023183
v -0.152725 -0.123965 0.010198
v -0.145207 -0.115563 0.027386
v -0.146181 -0.127129 0.007222
v -0.157830 -0.124719 0.002818
v -0.151653 -0.124893 0.006646
v -0.155879 -0.138861 0.011025
v -0.149525 -0.141869 0.009473
v -0.105242 -0.107552 0.043647
v -0.148158 -0.121181 0.020906
v -0.149353 -0.121945 0.011949
v -0.145911 -0.134999 0.026985
v -0.154064 -0.121264 0.017454
v -0.159790 -0.134145 0.023032
v -0.157966 -0.120191 0.012951
v -0.165445 -0.131628 0.019255
v -0.160588 -0.118075 0.014527
v -0.158579 -0.115072 0.016928
v -0.152766 -0.117744 0.023308
v -0.133860 -0.074753 0.047950
v -0.162288 -0.110612 0.023308
v -0.165566 -0.109727 0.023158
v -0.124063 -0.058930 0.060409
v -0.163416 -0.115956 0.013225
v -0.174567 -0.123036 0.023283
v -0.170825 -0.127444 0.019556
v -0.168552 -0.112106 0.010349
v -0.168277 -0.116941 0.002793
v -0.169795 -0.111226 0.006822
v -0.168277 -0.116941 -0.002786
v -0.173218 -0.107000 -0.007264
v -0.170781 -0.110554 -0.003536
v -0.183299 -0.118015 -0.003561
v -0.180776 -0.119877 0.011449
v -0.173218 -0.107000 0.007271
v -0.185222 -0.115000 0.009723
v -0.176040 -0.101922 0.009598
v -0.185420 -0.109688 0.000016
v -0.189587 -0.101958 0.004069
v -0.179495 -0.109580 0.027511
v -0.170024 -0.055339 0.042772
v -0.166854 -0.107177 0.020781
v -0.167844 -0.108172 0.012000
v -0.173580 -0.102163 0.012100
v -0.158789 -0.054430 0.033415
v -0.155302 -0.033170 0.042096
v -0.162559 -0.102137 0.027561
v -0.152867 -0.035028 0.043622
v -0.126605 -0.057220 0.058858
v -0.127881 -0.000860 0.083901
v -0.125207 0.005723 0.088003
v -0.137632 0.010094 0.094584
v -0.095092 0.128871 0.090055
v -0.126381 0.007360 0.085602
v -0.152947 -0.027744 0.043397
v -0.160232 0.036146 0.038219
v -0.085186 0.124692 0.079923
v -0.162465 0.037168 0.036067
v -0.080484 0.134985 0.082500
v -0.163237 0.028986 0.034266
v -0.156372 -0.032545 0.038769
v -0.174977 -0.092609 0.011449
v -0.168558 -0.032856 0.046699
v -0.176835 0.028926 0.038994
v -0.188529 -0.091659 0.016228
v -0.168944 -0.046202 0.000016
v -0.175457 -0.100742 0.006146
v -0.183191 -0.044812 0.000016
v -0.188529 -0.091659 -0.016220
v -0.176835 0.028926 -0.038986
v -0.174977 -0.092609 -0.011442
v -0.163237 0.028986 -0.034258
v -0.181294 -0.022387 -0.004562
v -0.167079 -0.023550 -0.003311
v -0.165941 -0.017018 0.000016
v -0.180036 -0.014416 0.000016
v -0.116529 0.156018 0.000016
v -0.103846 0.148938 0.000016
v -0.161888 0.037461 0.032865
v -0.175373 0.042355 0.031464
v -0.158455 0.044867 0.036867
v -0.170182 0.051907 0.042046
v -0.061139 0.266701 0.064137
v -0.048815 0.260941 0.058983
v -0.092146 0.141063 0.087728
v -0.081314 0.135656 0.079372
v -0.076172 0.140125 0.083550
v -0.043307 0.266492 0.062335
v -0.004139 0.197365 0.144268
v -0.013431 0.204138 0.153650
v -0.008042 0.189942 0.144068
v -0.034869 0.073366 0.118400
v -0.120899 0.012179 0.090030
v -0.078460 0.133031 0.083951
v -0.038475 0.063841 0.116424
v -0.122400 0.004212 0.087878
v -0.073470 -0.038166 0.089179
v -0.120874 -0.054453 0.062511
v -0.076376 -0.044897 0.085627
v -0.121526 -0.060815 0.059258
v -0.094515 -0.083852 0.044548
v -0.071719 -0.048131 -0.102505
v -0.125496 -0.059868 -0.075837
v -0.077757 -0.054635 -0.097252
v -0.089385 -0.097262 -0.052920
v -0.092890 -0.094804 -0.055022
v -0.146007 -0.124377 -0.039762
v -0.125288 -0.067887 -0.072110
v -0.094515 -0.083852 -0.044540
v -0.153674 -0.132498 -0.032481
v -0.105242 -0.107552 -0.043639
v -0.139148 -0.143451 -0.013368
v -0.141410 -0.126244 -0.012117
v -0.151123 -0.135825 -0.018121
v -0.141942 -0.138020 -0.021824
v -0.149353 -0.121945 -0.011942
v -0.156262 -0.138019 -0.015044
v -0.145476 -0.140138 0.000016
v -0.091473 -0.118697 0.000016
v -0.145542 -0.124788 0.000016
v -0.139491 -0.127691 0.006220
v -0.136195 -0.142360 0.003594
v -0.097351 -0.104720 0.000016
v -0.146181 -0.127129 -0.007214
v -0.150581 -0.125643 -0.003611
v -0.153465 -0.140668 -0.003486
v -0.157830 -0.124719 -0.002811
v -0.161652 -0.139349 -0.004862
v -0.166895 -0.135345 -0.011917
v -0.160895 -0.122444 -0.006763
v -0.159550 -0.136020 -0.016120
v -0.155433 -0.121950 -0.011867
v -0.167794 -0.129213 -0.021624
v -0.165035 -0.125235 -0.026002
v -0.159760 -0.124536 -0.034683
v -0.137928 -0.081138 -0.061027
v -0.165656 -0.120093 -0.034658
v -0.174543 -0.129534 -0.012117
v -0.165228 -0.119214 -0.006739
v -0.176829 -0.122975 -0.016320
v -0.158455 0.044867 -0.036860
v -0.048815 0.260941 -0.058975
v -0.061140 0.266701 -0.064129
v -0.170182 0.051907 -0.042038
v -0.111358 0.166556 -0.004762
v -0.055772 0.277136 -0.065004
v -0.098773 0.159503 -0.003085
v -0.107527 0.173728 0.000016
v 0.063381 0.390595 0.000016
v -0.095277 0.165819 0.000016
v 0.073155 0.379438 0.000016
v -0.044531 0.268308 0.057057
v -0.055601 0.277916 0.055856
v -0.039966 0.273266 0.060635
v -0.048501 0.284048 0.066438
v 0.171721 0.495047 0.099262
v 0.181512 0.485409 0.093683
v 0.186065 0.489912 0.094533
v 0.094692 0.347916 0.139390
v 0.102908 0.339389 0.130284
v 0.108935 0.341089 0.133911
v 0.187325 0.487415 0.096634
v 0.372802 0.475427 0.145619
v 0.237128 0.381451 0.235482
v 0.242208 0.371255 0.225526
v 0.391357 0.069626 -0.099754
v 0.487491 0.194908 -0.159396
v 0.639276 0.202122 -0.084018
v 0.383507 0.065453 -0.100205
v 0.643076 0.204563 -0.083668
v 0.492803 0.195987 -0.159947
v 0.642367 0.207459 -0.087220
v 0.779908 0.266104 -0.185740
v 0.785282 0.267839 -0.186315
v 0.640064 0.220771 -0.080140
v 0.612894 0.315778 -0.198648
v 0.611823 0.319461 -0.201701
v 0.615954 0.320053 -0.203527
v 0.607229 0.317208 -0.202577
v 0.784079 0.272587 -0.188717
v 0.907026 0.360091 -0.306200
v 0.757996 0.446727 -0.258341
v 0.757295 0.452022 -0.259842
v 0.914797 0.361358 -0.309002
v 0.789759 0.267818 -0.187191
v 0.928135 0.184339 -0.134053
v 1.058654 0.248281 -0.222065
v 0.915115 0.354070 -0.303273
v 0.930003 0.195815 -0.124171
v 0.792678 0.278469 -0.176734
v 1.063810 0.252928 -0.225318
v 0.921971 0.360511 -0.309127
v 1.198665 0.318368 -0.314831
v 1.057042 0.466535 -0.311328
v 1.057345 0.472245 -0.312979
v 1.052097 0.472328 -0.312129
v 0.914290 0.369762 -0.309577
v 0.762522 0.453127 -0.260842
v 1.062155 0.471713 -0.313080
v 1.202945 0.329173 -0.316107
v 1.206407 0.571596 -0.315982
v 1.050935 0.688956 -0.222716
v 1.203271 0.582066 -0.315081
v 1.057940 0.477747 -0.311353
v 0.903392 0.617977 -0.308852
v 0.895052 0.608527 -0.309702
v 0.885520 0.614874 -0.305999
v 0.577102 0.478338 -0.189468
v 0.756064 0.456923 -0.258116
v 0.572578 0.483543 -0.202902
v 0.567664 0.481270 -0.201176
v 0.730278 0.626986 -0.184139
v 0.736299 0.619026 -0.172855
v 0.569095 0.476266 -0.201826
v 0.610680 0.323980 -0.202151
v 0.751045 0.449518 -0.259267
v 0.437541 0.345354 -0.224017
v 0.431681 0.343501 -0.223216
v 0.433690 0.338665 -0.221740
v 0.486282 0.199581 -0.161923
v 0.332711 0.197403 -0.240954
v 0.323998 0.193546 -0.242004
v 0.481984 0.192670 -0.159171
v 0.326919 0.186772 -0.235875
v 0.231269 0.091070 -0.146537
v 0.225859 0.088729 -0.145987
v 0.374669 0.063292 -0.099054
v 0.373465 0.077575 -0.093700
v 0.252445 0.035910 -0.005112
v 0.111483 0.003010 -0.068732
v 0.249615 0.050774 -0.003011
v 0.108046 0.016795 -0.063153
v 1.198765 0.146111 0.119250
v 1.069859 0.153478 0.000016
v 1.072959 0.168448 0.000016
v 1.198799 0.130786 0.119701
v 1.195371 0.132282 0.130284
v 0.934258 0.178449 0.128031
v 0.934412 0.192633 0.122278
v 1.063063 0.244974 0.217319
v 1.064985 0.258573 0.211891
v 0.930165 0.193283 0.121977
v 1.062550 0.170080 0.000016
v 1.198549 0.150009 0.128657
v 1.070162 0.257858 0.212141
v 1.200902 0.320558 0.297301
v 1.201661 0.324061 0.301129
v 1.065388 0.261904 0.213142
v 0.921244 0.366414 0.295149
v 0.916869 0.366534 0.294899
v 1.057723 0.468851 0.296375
v 1.061261 0.154804 0.000016
v 1.059591 0.259115 0.211391
v 0.930003 0.195815 0.124179
v 0.792678 0.278469 0.176741
v 0.787484 0.278677 0.175840
v 0.911614 0.366493 0.293299
v 0.786588 0.281854 0.176941
v 0.618224 0.325984 0.189750
v 0.611685 0.325280 0.187699
v 0.762156 0.449416 0.244064
v 0.761465 0.452486 0.245340
v 0.916575 0.369726 0.294624
v 0.766910 0.453185 0.246415
v 1.052327 0.472097 0.296976
v 0.897416 0.608362 0.294749
v 0.891798 0.610551 0.293073
v 0.760522 0.455536 0.243788
v 0.577102 0.478338 0.189500
v 0.736299 0.619026 0.172863
v 0.570585 0.475787 0.187374
v 0.753604 0.450640 0.244388
v 0.571491 0.472940 0.187249
v 0.610806 0.328354 0.187624
v 0.437526 0.345431 0.208864
v 0.430443 0.342787 0.208138
v 0.604789 0.322405 0.188574
v 0.431508 0.339863 0.206812
v 0.328301 0.201621 0.227152
v 0.481879 0.207540 0.149847
v 0.482790 0.204466 0.148646
v 0.322922 0.199025 0.227902
v 0.492803 0.195987 0.159954
v 0.612894 0.315778 0.198657
v 0.779908 0.266104 0.185772
v 0.489662 0.206328 0.149297
v 0.612365 0.323245 0.185422
v 0.780066 0.277380 0.175490
v 0.640064 0.220771 0.080148
v 0.640731 0.218484 0.077846
v 0.646711 0.203900 0.084451
v 0.785538 0.265130 0.181369
v 0.921692 0.179940 0.126831
v 0.647219 0.218052 0.078647
v 0.787793 0.277484 0.172688
v 0.925064 0.193845 0.121502
v 0.801170 0.189297 0.000016
v 0.928434 0.178392 0.119801
v 0.803471 0.204459 0.000016
v 0.930219 0.193535 0.118425
v 0.239556 0.374660 -0.241929
v 0.249468 0.378067 -0.240878
v 0.430316 0.348454 -0.221640
v 0.561881 0.479315 -0.202101
v 0.378565 0.484945 -0.158996
v 0.386364 0.481608 -0.146162
v 0.566729 0.485053 -0.198023
v 0.722575 0.628625 -0.181261
v 0.542151 0.579842 -0.079465
v 0.537473 0.591853 -0.087471
v 0.168996 0.222469 0.190801
v 0.248927 0.371501 0.227177
v 0.429584 0.345734 0.206737
v 0.563149 0.473478 0.188149
v 0.380065 0.475589 0.147096
v 0.378976 0.478466 0.145844
v 0.386364 0.481608 0.146170
v 0.570048 0.477742 0.185172
v 0.727591 0.619190 0.170587
v 0.566729 0.485053 0.198031
v 0.722575 0.628625 0.181270
v 0.542151 0.579842 0.079472
v 0.541495 0.581901 0.077546
v 0.533743 0.579875 0.077821
v 0.529853 0.593415 0.083575
v 0.378716 0.479658 0.142717
v 0.192656 0.491501 0.094082
v 0.376216 0.491683 0.151749
v 0.190490 0.505546 0.099712
v 0.351635 0.530816 0.000016
v 0.186410 0.489527 0.091206
v 0.347843 0.545593 0.000016
v 0.084331 0.389755 0.000016
v 0.075369 0.401682 0.000016
v 0.179919 0.503135 0.090080
v 0.179772 0.502454 -0.100129
v 0.171721 0.495047 -0.099228
v 0.095960 0.345797 -0.144010
v 0.069978 0.396785 -0.005037
v 0.079490 0.385507 -0.003186
v -0.048501 0.284048 -0.066430
v 0.181512 0.485409 -0.093675
v -0.039966 0.273266 -0.060601
v -0.043307 0.266492 -0.062327
v 0.089372 0.339377 -0.141708
v -0.076172 0.140125 -0.083543
v -0.052143 0.272677 -0.072560
v -0.086299 0.145295 -0.092924
v -0.013431 0.204138 -0.153642
v -0.010624 0.198935 -0.159171
v -0.015732 0.190369 -0.156844
v -0.036465 0.069043 -0.134428
v -0.087877 0.136369 -0.094875
v -0.039690 0.072432 -0.132652
v -0.127787 0.014185 -0.103156
v -0.041318 0.060927 -0.131001
v -0.125982 -0.000130 -0.101905
v -0.077382 -0.042174 -0.103206
v 0.063031 0.093831 0.150572
v 0.224661 0.099874 0.135662
v 0.223168 0.102680 0.136888
v 0.317372 0.197065 0.226301
v 0.164736 0.217203 0.189000
v 0.321741 0.202029 0.227527
v 0.424480 0.340075 0.207838
v 0.244386 0.366239 0.227677
v 0.105470 0.001765 -0.068232
v 0.246370 0.032112 0.000016
v 0.242464 0.046842 0.000016
v 0.101479 0.015131 0.062160
v 0.101922 0.015502 0.059033
v 0.106539 0.001292 0.061885
v 0.044959 -0.023518 0.000016
v 0.050422 -0.037665 0.000016
v 0.096379 0.012100 0.061810
v 0.101218 -0.001227 0.067289
v 0.096379 0.012100 -0.061803
v 0.101218 -0.001227 -0.067281
v 0.038961 -0.024433 -0.002936
v -0.027714 -0.071010 -0.038261
v 0.045992 -0.037569 -0.005262
v -0.020300 -0.082660 -0.044190
v 0.021538 -0.005999 -0.098478
v -0.026776 -0.087057 -0.043039
v 0.025173 -0.003958 -0.099729
v 0.103820 0.005256 -0.073085
v 0.218771 0.085882 -0.144811
v 0.100641 0.017191 -0.064179
v 0.060107 0.080045 -0.158245
v 0.056130 0.084862 -0.162448
v 0.223660 0.092860 -0.148514
v 0.063096 0.087102 -0.164199
v 0.315470 0.189612 -0.239403
v 0.162412 0.213370 -0.203477
v 0.160406 0.218080 -0.205003
v 0.165916 0.221077 -0.205554
v 0.320710 0.202170 -0.242654
v 0.425757 0.340863 -0.222916
v 0.243591 0.365491 -0.242805
v 0.716908 0.687862 0.000016
v 0.710876 0.701766 0.000016
v 0.360972 0.551756 0.000016
v 0.536433 0.595712 0.077796
v 0.541578 0.581774 0.074669
v 0.365433 0.537196 0.000016
v 0.533743 0.579875 -0.077814
v 0.192656 0.491501 -0.094075
v 0.190490 0.505546 -0.099704
v 0.358426 0.532807 -0.003036
v 0.355004 0.547553 -0.005037
v 0.370475 0.486187 -0.156119
v 0.182657 0.496389 -0.107885
v 0.101679 0.349171 -0.144235
v 0.237128 0.381451 -0.235475
v 0.158039 0.222519 -0.203453
v 0.231361 0.368545 -0.239578
v -0.003101 0.203443 -0.161873
v 0.097770 0.341495 -0.146537
v 0.153261 0.213921 -0.202601
v -0.005370 0.192100 -0.160872
v 0.052762 0.090857 -0.162923
v -0.032547 0.073254 -0.136005
v 0.051413 0.079475 -0.160021
v 0.018340 -0.002635 -0.100754
v -0.065651 -0.041730 -0.105408
v -0.032978 0.065295 -0.133277
v 0.015889 -0.011067 -0.095726
v -0.034093 -0.072452 -0.039537
v -0.030215 -0.083337 -0.049393
v -0.085010 -0.093741 -0.054747
v -0.066003 -0.051915 -0.097452
v -0.087703 -0.082317 -0.045040
v -0.038844 -0.077307 -0.035959
v -0.133142 -0.124985 -0.011267
v -0.034944 -0.091200 -0.040837
v -0.079406 -0.096257 -0.003111
v -0.073885 -0.110279 -0.004712
v -0.128037 -0.138267 -0.016570
v -0.073610 -0.094201 0.000016
v 0.033121 -0.029601 0.000016
v -0.067736 -0.108177 0.000016
v 0.040896 -0.042444 0.000016
v -0.032392 -0.073793 0.034266
v -0.025547 -0.087229 0.034841
v -0.020300 -0.082660 0.044198
v -0.027714 -0.071010 0.038268
v 0.023562 -0.007954 0.093683
v 0.018745 0.003376 0.084801
v 0.218771 0.085882 0.144818
v 0.100641 0.017191 0.064187
v 0.022626 0.006601 0.089079
v 0.216893 0.096710 0.134261
v 0.060107 0.080045 0.158253
v 0.058897 0.089268 0.146195
v 0.925064 0.193845 -0.121494
v 0.921692 0.179940 -0.126823
v 0.796469 0.191471 -0.005312
v 0.646711 0.203900 -0.084444
v 0.798005 0.206542 -0.003085
v 0.647219 0.218052 -0.078639
v 0.792015 0.188559 0.000016
v 0.643260 0.204130 0.078972
v 0.791207 0.203869 0.000016
v 0.640749 0.218559 0.074594
v 0.511568 0.147794 0.000016
v 0.515993 0.133233 0.000016
v 0.639276 0.202122 0.084026
v 0.634242 0.215199 0.078221
v 0.483255 0.203295 0.145469
v 0.384209 0.081549 0.094033
v 0.488689 0.192512 0.154576
v 0.391357 0.069626 0.099787
v 0.379249 0.078796 0.094283
v 0.477047 0.202080 0.148421
v 0.378305 0.081163 0.096360
v 0.230116 0.102063 0.136037
v 0.373465 0.077575 0.093707
v 0.225043 0.098807 0.132635
v 0.108046 0.016795 0.063161
v 0.226751 0.086363 0.141266
v 0.374669 0.063292 0.099061
v 0.111483 0.003010 0.068740
v 0.258696 0.036593 0.000016
v 0.383896 0.064689 0.091081
v 0.505561 0.130391 0.000016
v 0.379176 0.079152 0.090930
v 0.255788 0.051611 0.000016
v 0.499112 0.144072 0.000016
v 0.510745 0.134076 -0.005262
v 0.504400 0.147655 -0.003136
v 0.384209 0.081549 -0.094025
v 0.634242 0.215199 -0.078214
vn 0.1167 0.4976 0.8595
vn 0.4631 0.8093 0.3614
vn -0.1339 -0.9898 -0.0477
vn 0.9171 0.3658 -0.1583
vn 0.5008 -0.8042 -0.3202
vn 0.9160 0.3653 0.1656
vn 0.0471 0.8461 0.5309
vn 0.2404 -0.7003 -0.6722
vn 0.5122 0.5841 0.6296
vn 0.0163 0.4987 0.8666
vn -0.0720 -0.8169 -0.5723
vn -0.0510 -0.5834 -0.8106
vn 0.5630 -0.3396 -0.7535
vn 0.8807 0.1647 0.4441
vn 0.2124 -0.8969 0.3880
vn -0.0639 0.7297 -0.6808
vn -0.1711 0.2757 -0.9459
vn 0.3143 -0.6819 0.6604
vn 0.1221 0.8062 -0.5789
vn 0.3843 0.6304 -0.6745
vn -0.1505 -0.4983 0.8538
vn 0.6868 0.6656 -0.2920
vn 0.6868 0.6656 0.2919
vn 0.7896 -0.5697 0.2282
vn 0.7896 -0.5696 -0.2282
vn 0.8250 -0.2308 -0.5159
vn -0.1505 -0.4983 -0.8538
vn 0.3143 -0.6819 -0.6605
vn 0.1222 0.8062 0.5789
vn 0.3844 0.6303 0.6745
vn 0.6397 0.2635 0.7221
vn 0.8807 0.1647 -0.4441
vn -0.1711 0.2758 0.9459
vn -0.0639 0.7297 0.6808
vn 0.2126 -0.8968 -0.3881
vn 0.5596 0.4906 0.6679
vn 0.8065 0.4765 0.3500
vn 0.6448 0.4624 0.6087
vn 0.7872 0.5398 0.2983
vn 0.7922 0.0326 0.6094
vn -0.2470 -0.3001 -0.9214
vn 0.7922 0.0325 0.6094
vn 0.9748 0.1834 0.1267
vn 0.9380 0.2362 0.2538
vn 0.8065 0.4766 0.3500
vn 0.9748 0.1835 0.1266
vn 0.8180 0.0318 0.5743
vn 0.6408 0.3167 0.6993
vn 0.5969 0.0514 0.8007
vn 0.5765 0.0751 0.8136
vn -0.5531 -0.0527 -0.8315
vn 0.9487 -0.2151 0.2319
vn 0.8434 0.1584 0.5135
vn 0.4463 0.1387 0.8841
vn 0.6566 -0.3306 0.6779
vn 0.7344 -0.2921 0.6126
vn -0.1701 0.3298 0.9286
vn 0.6154 -0.6944 -0.3730
vn -0.2025 -0.1600 0.9661
vn 0.5854 -0.1312 -0.8001
vn 0.5673 -0.4843 -0.6661
vn 0.5392 -0.2158 -0.8141
vn 0.4706 -0.5551 -0.6858
vn 0.0770 -0.4400 0.8947
vn -0.0829 0.0560 0.9950
vn 0.5623 -0.2694 -0.7818
vn 0.4600 0.3245 -0.8265
vn 0.2979 -0.6660 0.6839
vn 0.0927 0.5474 -0.8317
vn 0.4853 -0.1310 -0.8645
vn 0.2387 -0.2221 0.9454
vn 0.5959 -0.7687 0.2324
vn 0.0136 0.8529 -0.5219
vn 0.1324 0.4126 -0.9012
vn 0.4621 -0.5234 0.7159
vn 0.3984 0.9123 -0.0943
vn -0.1161 -0.9411 -0.3177
vn -0.0916 -0.9757 0.1991
vn 0.2220 -0.7688 0.5997
vn 0.2828 0.9109 -0.3004
vn 0.3267 0.6622 -0.6744
vn 0.5552 -0.8314 -0.0233
vn -0.3222 -0.8060 0.4966
vn 0.5115 0.8287 -0.2271
vn 0.7954 0.2586 -0.5481
vn -0.0412 -0.9938 0.1036
vn 0.2226 0.7660 -0.6031
vn 0.5394 0.7299 -0.4198
vn 0.1139 0.8006 -0.5882
vn -0.2730 -0.4075 0.8715
vn 0.7498 0.3578 -0.5566
vn 0.3400 -0.6835 0.6459
vn 0.2744 0.3944 -0.8770
vn -0.3242 -0.4464 0.8341
vn 0.5158 0.7018 -0.4914
vn 0.6681 0.7094 -0.2245
vn -0.0033 0.8473 -0.5311
vn -0.2572 -0.8502 0.4594
vn 0.9912 0.1097 -0.0746
vn 0.8065 0.4766 -0.3500
vn 0.6227 0.7825 -0.0000
vn 0.8065 0.4765 -0.3500
vn 0.6448 0.4624 -0.6086
vn 0.6637 0.5169 -0.5407
vn 0.7713 0.6299 -0.0916
vn 0.4638 0.5182 -0.7186
vn 0.9249 0.3803 -0.0000
vn 0.7713 0.6299 0.0917
vn 0.4621 0.5238 0.7157
vn 0.9243 0.3033 0.2317
vn 0.8697 0.2107 -0.4463
vn 0.8698 0.2106 0.4463
vn 0.9243 0.3033 -0.2317
vn 0.9380 0.2362 -0.2538
vn 0.8863 0.4630 -0.0000
vn 0.5597 0.4906 -0.6679
vn 0.7872 0.5399 -0.2982
vn 0.9748 0.1835 -0.1266
vn 0.7922 0.0326 -0.6093
vn 0.7922 0.0326 -0.6094
vn -0.2470 -0.3000 0.9214
vn 0.8180 0.0318 -0.5743
vn 0.6408 0.3167 -0.6993
vn 0.9487 -0.2151 -0.2319
vn -0.5531 -0.0527 0.8315
vn 0.6408 0.3168 -0.6993
vn 0.5969 0.0514 -0.8006
vn 0.5765 0.0752 -0.8136
vn 0.8434 0.1584 -0.5134
vn 0.4463 0.1387 -0.8840
vn 0.6566 -0.3307 -0.6779
vn 0.7310 -0.2907 -0.6173
vn 0.9254 -0.2222 -0.3069
vn 0.9339 -0.1704 -0.3143
vn 0.4703 0.1076 -0.8759
vn 0.9578 0.0806 -0.2758
vn 0.8896 -0.1778 0.4207
vn 0.9945 -0.1044 -0.0000
vn 0.9937 -0.1117 -0.0000
vn 0.9007 0.2397 -0.3624
vn 0.9007 0.2397 0.3624
vn 0.9578 0.0806 0.2758
vn 0.4703 0.1075 0.8759
vn 0.9339 -0.1704 0.3143
vn 0.9254 -0.2222 0.3069
vn 0.8896 -0.1778 -0.4208
vn 0.9999 0.0134 -0.0000
vn 0.8813 -0.1999 0.4282
vn 0.8627 -0.5057 -0.0000
vn 0.8903 -0.4554 -0.0000
vn 0.8813 -0.1999 -0.4283
vn 0.9078 -0.2833 -0.3094
vn 0.7310 -0.2907 -0.6174
vn 0.7902 -0.4485 0.4177
vn 0.7897 -0.5240 -0.3192
vn 0.7807 -0.5461 -0.3038
vn 0.4275 -0.1224 -0.8957
vn -0.3065 0.0748 0.9489
vn -0.5511 0.5308 0.6439
vn 0.7832 -0.5782 -0.2287
vn 0.5393 -0.2158 -0.8140
vn 0.8099 -0.1706 -0.5613
vn 0.3649 -0.0135 -0.9310
vn 0.4659 -0.2303 -0.8543
vn -0.3852 0.2690 0.8828
vn 0.8383 -0.4718 -0.2734
vn -0.1952 -0.1995 0.9603
vn 0.6008 0.0365 -0.7986
vn 0.6009 0.0364 -0.7985
vn 0.2665 -0.5009 0.8235
vn -0.1518 -0.0988 0.9835
vn 0.6676 -0.0031 -0.7445
vn 0.4396 0.5040 -0.7435
vn 0.2803 -0.7852 0.5522
vn 0.1451 0.6788 -0.7198
vn 0.6061 0.0285 -0.7949
vn 0.0596 -0.4622 0.8848
vn 0.1451 0.6787 0.7199
vn 0.2803 -0.7852 -0.5522
vn 0.6062 0.0285 0.7948
vn 0.0596 -0.4623 -0.8847
vn 0.3266 0.6622 0.6744
vn 0.2221 -0.7688 -0.5997
vn 0.5552 -0.8314 0.0233
vn 0.2828 0.9109 0.3005
vn 0.3983 0.9124 0.0944
vn -0.0916 -0.9757 -0.1991
vn -0.1161 -0.9411 0.3177
vn -0.3222 -0.8060 -0.4966
vn 0.7954 0.2586 0.5481
vn 0.5115 0.8287 0.2271
vn -0.0412 -0.9938 -0.1037
vn 0.5405 0.7240 0.4286
vn 0.2226 0.7660 0.6031
vn 0.1139 0.8006 0.5883
vn -0.2730 -0.4074 -0.8715
vn 0.7498 0.3578 0.5566
vn 0.3400 -0.6835 -0.6459
vn 0.2745 0.3944 0.8770
vn -0.3242 -0.4464 -0.8340
vn 0.6692 0.7106 0.2171
vn 0.5158 0.7018 0.4914
vn -0.0033 0.8473 0.5311
vn -0.2572 -0.8502 -0.4594
vn 0.9912 0.1097 0.0746
vn 0.6693 0.7106 0.2171
vn 0.6637 0.5169 0.5407
vn 0.7345 -0.2921 0.6126
vn 0.9056 -0.2826 0.3162
vn 0.4275 -0.1224 0.8957
vn 0.7877 -0.5227 0.3260
vn 0.7807 -0.5461 0.3038
vn 0.7927 -0.4498 -0.4114
vn 0.7311 -0.5043 0.4595
vn 0.9376 -0.3478 -0.0000
vn 0.6203 -0.7843 -0.0000
vn 0.6925 -0.7214 -0.0000
vn 0.7311 -0.5043 -0.4595
vn 0.5343 -0.7577 -0.3746
vn 0.6138 -0.7003 0.3645
vn 0.5673 -0.4842 -0.6661
vn 0.3611 -0.2457 -0.8996
vn -0.2236 0.6834 0.6949
vn 0.4765 -0.8124 -0.3363
vn -0.1298 0.1960 0.9720
vn 0.6781 -0.3910 -0.6223
vn 0.0917 0.0063 0.9958
vn 0.0873 0.7273 0.6808
vn 0.1961 -0.9068 -0.3732
vn 0.1558 0.3329 0.9300
vn 0.1815 -0.6651 -0.7243
vn -0.1156 -0.9104 -0.3973
vn 0.5234 0.6405 0.5620
vn -0.0673 -0.0454 -0.9967
vn 0.3626 0.3123 0.8781
vn 0.1145 0.8593 0.4984
vn 0.6397 0.2634 -0.7221
vn 0.8250 -0.2309 0.5159
vn 0.1863 -0.3777 0.9070
vn 0.0509 0.0536 -0.9973
vn -0.1320 -0.3966 -0.9085
vn 0.5583 0.0675 0.8269
vn 0.0360 -0.3670 0.9295
vn -0.0695 0.3600 0.9303
vn 0.3711 -0.6161 -0.6947
vn 0.5318 -0.1696 -0.8297
vn 0.1459 0.7622 0.6307
vn 0.3551 -0.8904 -0.2848
vn -0.0536 0.3136 0.9481
vn 0.4134 -0.5786 -0.7031
vn 0.5008 -0.8041 0.3203
vn -0.1339 -0.9894 0.0556
vn 0.4631 0.8093 -0.3614
vn 0.1163 0.5034 -0.8562
vn 0.5630 -0.3395 0.7535
vn 0.0471 0.8461 -0.5309
vn 0.2405 -0.7003 0.6721
vn -0.0510 -0.5834 0.8106
vn 0.5144 0.5791 -0.6325
vn -0.0720 -0.8168 0.5724
vn 0.2404 -0.7003 0.6722
vn 0.0163 0.4928 -0.8700
vn 0.3627 0.3123 -0.8780
vn -0.0673 -0.0455 0.9967
vn 0.1145 0.8593 -0.4984
vn -0.1157 -0.9104 0.3973
vn 0.1814 -0.6652 0.7243
vn 0.1558 0.3329 -0.9300
vn 0.5235 0.6405 -0.5619
vn 0.1864 -0.3776 -0.9070
vn 0.0508 0.0536 0.9973
vn 0.5584 0.0676 -0.8268
vn -0.1320 -0.3966 0.9084
vn 0.3710 -0.6162 0.6947
vn -0.0695 0.3600 -0.9303
vn 0.0360 -0.3669 -0.9296
vn 0.5318 -0.1696 0.8297
vn 0.1961 -0.9068 0.3732
vn 0.0872 0.7272 -0.6809
vn 0.0917 0.0063 -0.9958
vn -0.1084 -0.9941 -0.0001
vn 0.3821 0.8685 -0.3156
vn 0.1661 0.4570 -0.8738
vn 0.1172 0.0137 -0.9930
vn 0.1943 -0.3611 0.9121
vn 0.2503 0.4727 -0.8449
vn 0.2388 -0.8929 0.3816
vn 0.1951 -0.3541 -0.9146
vn 0.1172 0.0137 0.9930
vn 0.2503 0.4727 0.8449
vn 0.2388 -0.8929 -0.3817
vn 0.5343 -0.7577 0.3746
vn 0.6138 -0.7003 -0.3645
vn 0.5617 -0.4864 0.6692
vn 0.3611 -0.2457 0.8996
vn 0.5359 -0.2144 0.8166
vn 0.5617 -0.4865 0.6692
vn 0.4706 -0.5551 0.6858
vn 0.8098 -0.1706 0.5613
vn 0.3648 -0.0136 0.9310
vn 0.7831 -0.5783 0.2287
vn -0.5511 0.5308 -0.6438
vn -0.3065 0.0748 -0.9489
vn 0.4659 -0.2303 0.8544
vn 0.8382 -0.4718 0.2734
vn -0.3852 0.2690 -0.8828
vn -0.1952 -0.1994 -0.9603
vn 0.6008 0.0364 0.7986
vn 0.6009 0.0364 0.7985
vn 0.6676 -0.0031 0.7446
vn -0.1518 -0.0988 -0.9835
vn 0.2682 -0.5041 -0.8209
vn 0.4396 0.5041 0.7434
vn 0.2747 0.4784 -0.8341
vn 0.1226 -0.7561 0.6429
vn 0.2187 -0.3366 0.9159
vn 0.3699 -0.2305 -0.9000
vn 0.2616 -0.3548 -0.8976
vn 0.0929 0.0532 0.9943
vn 0.4099 0.1872 -0.8927
vn 0.1687 -0.4642 0.8695
vn -0.2698 0.9013 0.3389
vn 0.5250 -0.8510 -0.0078
vn -0.1517 0.4309 0.8896
vn 0.4792 -0.4851 -0.7315
vn 0.3881 -0.8331 -0.3942
vn 0.1230 0.8261 0.5499
vn 0.1718 0.2706 0.9472
vn 0.2188 -0.3366 -0.9159
vn 0.1226 -0.7560 -0.6429
vn 0.2746 0.4784 0.8341
vn 0.3699 -0.2305 0.9000
vn 0.0929 0.0532 -0.9943
vn 0.2616 -0.3548 0.8976
vn 0.4099 0.1872 0.8927
vn 0.1687 -0.4642 -0.8695
vn 0.4751 -0.8103 0.3431
vn -0.2236 0.6835 -0.6949
vn -0.1298 0.1960 -0.9720
vn 0.6782 -0.3910 0.6223
vn 0.6154 -0.6943 0.3730
vn -0.1701 0.3298 -0.9286
vn -0.2025 -0.1599 -0.9661
vn 0.5854 -0.1311 0.8001
vn 0.5622 -0.2695 0.7818
vn -0.0829 0.0560 -0.9950
vn 0.0770 -0.4399 -0.8947
vn 0.4534 0.3257 0.8297
vn 0.4853 -0.1311 0.8645
vn 0.0927 0.5473 0.8318
vn 0.2979 -0.6660 -0.6839
vn 0.2387 -0.2221 -0.9453
vn 0.0136 0.8528 0.5220
vn 0.5959 -0.7687 -0.2325
vn 0.1324 0.4125 0.9013
vn 0.4621 -0.5233 -0.7160
vn 0.5250 -0.8511 0.0078
vn -0.2699 0.9013 -0.3389
vn -0.1517 0.4309 -0.8895
vn 0.1231 0.8261 -0.5499
vn 0.3881 -0.8331 0.3941
vn 0.4792 -0.4851 0.7314
vn 0.1718 0.2707 -0.9472
vn 0.1660 0.4570 0.8738
vn 0.3822 0.8685 0.3156
vn -0.1083 -0.9941 -0.0000
vn 0.3551 -0.8904 0.2849
vn 0.1459 0.7622 -0.6307
vn -0.0536 0.3136 -0.9480
vn 0.4133 -0.5787 0.7031
vn 0.4630 0.8093 0.3615
vn 0.1671 0.9859 -0.0000
vn 0.1663 0.9530 -0.2533
vn -0.1202 0.9229 0.3659
vn 0.1289 0.6965 0.7059
vn 0.4631 0.8092 0.3616
vn 0.1167 0.4975 0.8596
vn 0.1323 0.9084 0.3966
vn 0.9160 0.3653 0.1657
vn 0.9172 0.3658 -0.1582
vn -0.1202 0.9229 -0.3659
vn 0.0471 0.8461 0.5310
vn 0.5122 0.5842 0.6296
vn 0.0163 0.4988 0.8666
vn -0.3695 0.8528 -0.3691
vn -0.0307 0.7151 -0.6984
vn -0.1650 0.6991 -0.6958
vn -0.4389 0.6118 -0.6581
vn -0.2298 0.8989 -0.3730
vn -0.4927 0.8679 0.0626
vn -0.7193 0.6239 -0.3056
vn -0.4928 0.8679 0.0627
vn 0.6614 -0.6761 0.3247
vn 0.3183 -0.3223 0.8915
vn -0.4937 0.8696 -0.0000
vn -0.4221 0.5715 -0.7037
vn -0.3695 0.8528 -0.3690
vn -0.2117 0.9104 -0.3555
vn 0.1542 -0.3070 0.9391
vn -0.0639 0.7296 -0.6809
vn 0.6083 -0.5316 0.5894
vn -0.2112 0.9588 -0.1899
vn -0.1848 0.4225 -0.8873
vn -0.0640 0.7297 -0.6808
vn -0.1848 0.4226 -0.8873
vn -0.3709 0.6716 -0.6414
vn 0.0365 0.7066 -0.7066
vn -0.2117 0.9104 -0.3556
vn -0.1712 0.2757 -0.9459
vn -0.0640 0.7296 -0.6809
vn 0.4466 0.8252 -0.3459
vn 0.0496 0.9980 -0.0398
vn -0.3555 0.8673 -0.3483
vn 0.4467 0.8251 -0.3459
vn 0.0581 0.9983 -0.0000
vn 0.0454 0.7371 -0.6742
vn 0.6869 0.6656 -0.2919
vn 0.3844 0.6303 -0.6745
vn 0.1008 0.5522 -0.8276
vn 0.1222 0.8062 -0.5789
vn 0.1337 0.9740 -0.1829
vn 0.6869 0.6656 0.2919
vn 0.1337 0.9740 0.1829
vn 0.4072 0.9133 -0.0000
vn -0.3556 0.8673 0.3483
vn 0.0454 0.7372 0.6742
vn 0.4466 0.8252 0.3459
vn -0.2117 0.9104 0.3555
vn -0.3707 0.9288 -0.0000
vn -0.2046 0.8236 0.5290
vn -0.1108 0.9938 -0.0000
vn -0.2046 0.8236 -0.5290
vn 0.0366 0.7066 0.7067
vn 0.0496 0.9980 0.0398
vn 0.1222 0.8062 0.5788
vn 0.1008 0.5522 0.8276
vn 0.3843 0.6303 0.6745
vn 0.3154 -0.0361 0.9483
vn -0.0548 0.2351 -0.9704
vn 0.4052 -0.0374 -0.9135
vn 0.0610 0.1551 0.9860
vn -0.4174 0.3707 0.8297
vn 0.0294 0.2725 -0.9617
vn 0.0108 0.6792 0.7339
vn 0.4266 0.3323 0.8412
vn 0.0365 0.7066 0.7067
vn -0.1848 0.4226 0.8873
vn 0.2356 -0.4089 -0.8817
vn -0.2888 -0.3376 -0.8959
vn -0.3709 0.6716 0.6414
vn -0.1848 0.4225 0.8873
vn -0.0640 0.7297 0.6808
vn -0.4389 0.6118 0.6581
vn 0.1542 -0.3070 -0.9391
vn -0.0639 0.7296 0.6809
vn -0.2112 0.9588 0.1900
vn 0.6083 -0.5316 -0.5894
vn -0.0640 0.7296 0.6809
vn -0.1712 0.2757 0.9459
vn -0.2118 0.9103 0.3556
vn 0.3184 -0.3223 -0.8915
vn 0.6615 -0.6760 -0.3248
vn -0.4927 0.8680 -0.0626
vn -0.7193 0.6239 0.3056
vn -0.4927 0.8679 -0.0627
vn -0.4390 0.6118 0.6581
vn -0.2298 0.8989 0.3730
vn -0.4221 0.5716 0.7037
vn 0.5597 0.4907 0.6679
vn -0.7820 -0.0102 -0.6231
vn 0.7872 0.5398 0.2982
vn -0.9807 0.1919 -0.0371
vn -0.1257 0.5091 0.8515
vn -0.5530 -0.0527 -0.8315
vn -0.6940 0.3068 -0.6513
vn 0.4464 0.1387 0.8840
vn -0.9021 0.4236 -0.0827
vn 0.8434 0.1584 0.5134
vn -0.5741 0.4987 0.6493
vn 0.0066 0.4119 -0.9112
vn -0.1153 0.6253 -0.7718
vn -0.0828 0.0560 0.9950
vn -0.5137 0.3932 0.7626
vn 0.4600 0.3244 -0.8265
vn -0.5320 0.7311 -0.4272
vn 0.2388 -0.2221 0.9453
vn -0.3005 -0.1190 0.9463
vn 0.0927 0.5472 -0.8319
vn -0.4612 0.5458 -0.6995
vn 0.0247 0.4985 -0.8665
vn -0.2734 0.6508 -0.7083
vn 0.1324 0.4125 -0.9013
vn 0.0136 0.8529 -0.5220
vn -0.1968 0.7513 -0.6300
vn -0.5007 0.7804 -0.3746
vn -0.1968 0.7513 -0.6299
vn -0.4194 0.8296 -0.3687
vn -0.4285 0.9036 -0.0000
vn -0.5085 0.7638 0.3975
vn -0.2203 0.9279 -0.3008
vn -0.0687 0.9669 -0.2459
vn -0.0179 0.4530 -0.8913
vn -0.2480 0.7472 -0.6166
vn 0.2410 0.9119 -0.3322
vn -0.1446 0.9779 -0.1510
vn 0.1450 0.6788 -0.7199
vn 0.0578 0.9766 -0.2071
vn 0.1257 0.9921 -0.0000
vn -0.0366 0.8616 0.5063
vn 0.3984 0.9124 -0.0944
vn 0.6226 0.7825 -0.0000
vn 0.3737 0.5663 -0.7346
vn 0.2829 0.9109 -0.3005
vn 0.2975 0.8000 -0.5210
vn -0.2037 0.9789 -0.0159
vn 0.7954 0.2585 -0.5482
vn 0.5158 0.7019 -0.4913
vn -0.2729 -0.4074 0.8715
vn -0.7676 0.0274 0.6404
vn 0.5157 0.7019 -0.4913
vn 0.6447 0.4625 -0.6087
vn 0.7712 0.6299 0.0915
vn -0.8911 -0.3800 0.2481
vn -0.9162 -0.3358 -0.2184
vn -0.9162 -0.3358 0.2185
vn -0.8911 -0.3800 -0.2481
vn -0.7820 -0.0101 0.6231
vn -0.9807 0.1919 0.0371
vn 0.7872 0.5398 -0.2983
vn -0.5530 -0.0527 0.8315
vn -0.1256 0.5091 -0.8515
vn 0.4463 0.1387 -0.8841
vn -0.6940 0.3068 0.6514
vn -0.9021 0.4235 0.0827
vn -0.9890 0.1479 -0.0000
vn 0.8863 0.4630 0.0001
vn 0.9007 0.2396 0.3625
vn 0.3648 -0.0136 -0.9310
vn 0.8098 -0.1706 -0.5613
vn -0.7303 0.6804 0.0615
vn -0.5510 0.5308 0.6439
vn 0.6008 0.0364 -0.7986
vn -0.7706 0.3366 0.5412
vn -0.1117 0.3619 -0.9255
vn -0.3851 0.2690 0.8828
vn -0.1577 0.5951 -0.7880
vn -0.1517 -0.0988 0.9835
vn -0.6426 0.1703 0.7471
vn 0.4396 0.5040 -0.7434
vn -0.0258 0.4839 -0.8747
vn 0.0597 -0.4622 0.8848
vn -0.5404 0.7786 -0.3190
vn 0.1450 0.6787 -0.7199
vn -0.0257 0.4839 0.8747
vn -0.1969 0.7513 0.6300
vn 0.0247 0.4985 0.8665
vn 0.1452 0.6788 0.7199
vn -0.5404 0.7786 0.3191
vn 0.0596 -0.4622 -0.8848
vn -0.1968 0.7513 0.6300
vn 0.1451 0.6788 0.7199
vn -0.2480 0.7472 0.6166
vn 0.3267 0.6622 0.6744
vn 0.2829 0.9109 0.3004
vn 0.2410 0.9119 0.3322
vn -0.1446 0.9779 0.1510
vn -0.0687 0.9668 0.2459
vn 0.1847 0.9828 -0.0000
vn -0.0612 0.9222 0.3819
vn -0.4615 0.8872 -0.0000
vn -0.0612 0.9222 -0.3819
vn 0.0579 0.9766 0.2071
vn -0.0366 0.8616 -0.5063
vn 0.3759 0.5695 0.7310
vn -0.2037 0.9790 0.0079
vn 0.2975 0.8000 0.5211
vn 0.7954 0.2585 0.5482
vn 0.5158 0.7018 0.4913
vn 0.1140 0.8006 0.5882
vn -0.2730 -0.4075 -0.8714
vn 0.5406 0.7239 0.4286
vn -0.7676 0.0274 -0.6403
vn 0.5157 0.7018 0.4913
vn 0.6447 0.4624 0.6087
vn -0.8277 0.5612 -0.0000
vn -0.7776 0.5495 -0.3057
vn -0.6129 0.5130 0.6010
vn -0.6153 0.5073 -0.6033
vn -0.7776 0.5495 0.3057
vn -0.6886 0.7251 0.0001
vn -0.4456 0.8082 0.3851
vn -0.5439 0.4539 0.7058
vn -0.6886 0.7251 -0.0000
vn -0.8386 0.4417 0.3189
vn -0.4678 0.8039 0.3672
vn -0.5588 0.4839 0.6735
vn -0.6922 0.7211 -0.0309
vn 0.3612 -0.2457 -0.8996
vn 0.7897 -0.5240 -0.3191
vn -0.6921 0.7211 -0.0308
vn -0.4471 0.5802 0.6808
vn -0.4678 0.8039 0.3673
vn -0.1299 0.1960 0.9720
vn -0.4501 0.8731 0.1875
vn -0.2235 0.6834 0.6950
vn 0.2043 -0.2601 -0.9437
vn -0.2440 0.3374 0.9092
vn -0.2236 0.6835 0.6949
vn -0.3475 0.6181 0.7051
vn -0.1707 0.9054 0.3886
vn 0.0872 0.7272 0.6808
vn -0.2276 0.9736 -0.0158
vn 0.4624 -0.5708 -0.6785
vn 0.0873 0.7272 0.6809
vn -0.1706 0.9054 0.3887
vn -0.2824 0.6283 0.7249
vn -0.2276 0.9736 -0.0159
vn 0.1538 0.7095 0.6878
vn -0.0025 0.3667 0.9303
vn 0.0916 0.0063 0.9958
vn 0.4548 0.4261 0.7821
vn -0.3161 -0.0027 -0.9487
vn 0.0949 -0.3366 -0.9369
vn 0.0398 0.9026 0.4286
vn 0.0390 0.3428 0.9386
vn -0.5748 -0.3983 -0.7148
vn 0.1538 0.7094 0.6878
vn 0.4547 0.4262 0.7821
vn 0.1557 0.3329 0.9300
vn -0.2652 0.6997 0.6633
vn -0.1943 0.4091 0.8915
vn 0.1143 0.8594 0.4984
vn -0.1943 0.4091 0.8916
vn -0.0673 -0.0455 -0.9967
vn 0.3626 0.3122 0.8781
vn -0.0674 -0.0455 -0.9967
vn 0.3856 -0.3635 -0.8480
vn -0.5227 -0.2985 -0.7985
vn 0.1087 0.4923 0.8636
vn -0.3986 0.0219 -0.9169
vn -0.1845 0.5028 -0.8445
vn 0.0508 0.0536 -0.9973
vn 0.0611 0.1550 -0.9860
vn 0.3152 -0.0360 -0.9483
vn -0.0548 0.2351 0.9704
vn 0.4051 -0.0374 0.9135
vn -0.4173 0.3707 -0.8297
vn 0.0294 0.2725 0.9617
vn -0.2887 -0.3376 0.8959
vn 0.0109 0.6792 -0.7339
vn 0.2356 -0.4089 0.8817
vn 0.4266 0.3323 -0.8412
vn -0.2578 0.0197 0.9660
vn 0.5584 0.0675 0.8268
vn -0.6564 0.1929 -0.7294
vn 0.1562 0.3788 0.9122
vn 0.2271 -0.3842 0.8949
vn -0.4543 0.6419 -0.6178
vn 0.5767 -0.2228 0.7860
vn 0.1562 0.3789 0.9122
vn -0.1020 0.3982 -0.9116
vn -0.2190 0.3528 -0.9097
vn -0.4389 0.6117 -0.6581
vn -0.1477 0.7047 0.6940
vn -0.0507 -0.0458 0.9977
vn -0.2104 0.3761 -0.9024
vn 0.2761 0.0733 0.9583
vn -0.3837 -0.1178 -0.9159
vn 0.2175 0.0587 -0.9743
vn 0.0931 0.0765 -0.9927
vn -0.0694 0.3600 0.9304
vn -0.4199 0.8066 0.4159
vn 0.5318 -0.1697 -0.8297
vn -0.0782 0.3531 0.9323
vn -0.5573 0.4981 0.6643
vn 0.0544 -0.2498 -0.9668
vn -0.3451 0.8947 0.2837
vn 0.1459 0.7622 0.6306
vn 0.4133 -0.5787 -0.7031
vn -0.0891 0.7208 0.6874
vn -0.3201 0.8618 0.3935
vn -0.3626 0.8482 0.3862
vn -0.2276 0.9738 -0.0000
vn -0.2451 0.9021 -0.3552
vn 0.0070 0.4371 0.8994
vn 0.0830 0.9675 -0.2388
vn 0.0830 0.9675 0.2388
vn 0.5611 0.8277 -0.0000
vn 0.1663 0.9530 0.2533
vn 0.4631 0.8092 -0.3615
vn 0.1289 0.6965 -0.7059
vn 0.1323 0.9084 -0.3966
vn -0.2708 0.9626 -0.0000
vn -0.1943 0.4091 -0.8916
vn -0.1944 0.4091 -0.8916
vn 0.1144 0.8594 -0.4984
vn -0.5228 -0.2985 0.7985
vn 0.3855 -0.3636 0.8480
vn -0.0674 -0.0455 0.9967
vn 0.3625 0.3123 -0.8781
vn -0.2652 0.6997 -0.6634
vn 0.1557 0.3329 -0.9300
vn 0.5234 0.6405 -0.5620
vn 0.1538 0.7094 -0.6878
vn 0.4547 0.4261 -0.7821
vn -0.3160 -0.0028 0.9488
vn 0.0397 0.9026 -0.4286
vn 0.0389 0.3427 -0.9386
vn -0.3161 -0.0027 0.9487
vn -0.5748 -0.3983 0.7148
vn 0.0947 -0.3365 0.9369
vn -0.0025 0.3667 -0.9303
vn 0.4547 0.4262 -0.7821
vn 0.1084 0.4982 -0.8603
vn 0.0509 0.0536 0.9973
vn -0.1845 0.5028 0.8445
vn -0.3986 0.0219 0.9169
vn 0.5584 0.0675 -0.8268
vn -0.2579 0.0197 -0.9660
vn 0.2270 -0.3843 -0.8949
vn 0.1565 0.3721 -0.9149
vn -0.6564 0.1928 0.7294
vn 0.5766 -0.2227 -0.7861
vn -0.4542 0.6418 0.6179
vn 0.1565 0.3722 -0.9149
vn -0.1028 0.4011 0.9103
vn -0.4390 0.6117 0.6581
vn -0.2190 0.3527 0.9097
vn -0.1027 0.4011 0.9103
vn -0.2104 0.3760 0.9024
vn -0.0507 -0.0459 -0.9977
vn -0.1477 0.7047 -0.6939
vn 0.2760 0.0733 -0.9584
vn -0.3837 -0.1178 0.9159
vn 0.2175 0.0587 0.9743
vn -0.0695 0.3600 -0.9304
vn 0.0932 0.0765 0.9927
vn -0.4199 0.8066 -0.4159
vn 0.5318 -0.1697 0.8297
vn -0.2825 0.6283 -0.7249
vn 0.0916 0.0062 -0.9958
vn 0.4624 -0.5708 0.6785
vn -0.2276 0.9736 0.0157
vn -0.1706 0.9054 -0.3886
vn -0.2276 0.9736 0.0159
vn 0.1538 0.7095 -0.6877
vn -0.1707 0.9054 -0.3887
vn -0.3475 0.6181 -0.7052
vn 0.3821 0.8686 -0.3157
vn 0.1659 0.4569 -0.8739
vn -0.1204 0.9062 -0.4053
vn -0.1204 0.9062 -0.4052
vn 0.0916 0.9958 -0.0000
vn 0.0404 0.9500 0.3097
vn 0.1230 0.8671 -0.4827
vn 0.5211 0.8535 -0.0000
vn 0.1229 0.8672 0.4826
vn -0.1643 0.7297 -0.6637
vn 0.1944 -0.3611 0.9121
vn -0.2198 0.3064 0.9262
vn 0.2504 0.4726 -0.8450
vn -0.3037 0.3005 -0.9041
vn -0.1581 -0.4515 0.8781
vn -0.1649 0.6990 -0.6958
vn -0.2440 0.3374 -0.9092
vn 0.2504 0.4727 -0.8449
vn -0.3606 0.8837 -0.2984
vn 0.0671 0.0300 0.9973
vn 0.1651 -0.6910 0.7037
vn -0.5363 0.5245 -0.6613
vn -0.1631 0.2760 -0.9472
vn -0.4390 0.6118 -0.6581
vn 0.2504 0.4726 0.8449
vn -0.1644 0.7297 0.6637
vn 0.1950 -0.3543 -0.9146
vn -0.2199 0.3064 -0.9261
vn -0.3037 0.3005 0.9042
vn -0.1583 -0.4516 -0.8781
vn -0.1649 0.6990 0.6958
vn -0.3037 0.3005 0.9041
vn -0.2189 0.3528 0.9097
vn -0.1650 0.6990 0.6958
vn 0.2504 0.4727 0.8449
vn -0.3606 0.8837 0.2984
vn 0.1650 -0.6911 -0.7036
vn 0.0671 0.0300 -0.9973
vn -0.0308 0.7151 0.6984
vn -0.5363 0.5244 0.6614
vn -0.3694 0.8528 0.3691
vn -0.1630 0.2760 0.9472
vn -0.0307 0.7151 0.6983
vn -0.1650 0.6991 0.6958
vn -0.2709 0.9626 -0.0000
vn -0.4836 0.7949 0.3665
vn -0.3695 0.8528 0.3690
vn -0.2626 0.9628 -0.0635
vn 0.0486 0.9355 0.3499
vn -0.1407 0.6610 0.7370
vn -0.4472 0.5802 0.6807
vn -0.4678 0.8039 -0.3672
vn -0.3535 0.9354 -0.0000
vn -0.3795 0.7442 0.5497
vn -0.5497 0.8354 -0.0000
vn -0.3795 0.7442 -0.5497
vn -0.8386 0.4417 -0.3189
vn -0.4456 0.8082 -0.3851
vn -0.5439 0.4539 -0.7058
vn -0.5588 0.4839 -0.6735
vn -0.6922 0.7210 0.0309
vn 0.7897 -0.5240 0.3191
vn 0.3612 -0.2457 0.8996
vn -0.7303 0.6804 -0.0615
vn 0.3649 -0.0135 0.9309
vn -0.5511 0.5308 -0.6439
vn -0.7707 0.3366 -0.5411
vn -0.1117 0.3619 0.9255
vn -0.3851 0.2689 -0.8828
vn -0.1577 0.5952 0.7880
vn -0.6425 0.1704 -0.7471
vn 0.4397 0.5040 0.7434
vn 0.2746 0.4784 -0.8341
vn -0.2585 -0.0811 0.9626
vn -0.2450 0.8857 -0.3943
vn 0.2188 -0.3366 0.9159
vn 0.0930 0.0532 0.9942
vn -0.1352 0.4474 -0.8840
vn 0.4100 0.1872 -0.8927
vn -0.2674 0.4708 0.8407
vn 0.0401 0.9333 0.3569
vn -0.3051 0.8662 0.3956
vn -0.4936 0.8697 -0.0000
vn -0.3051 0.8662 -0.3956
vn -0.1974 0.7620 0.6167
vn -0.1975 0.7620 -0.6167
vn 0.0328 0.9995 -0.0000
vn -0.5094 0.8605 -0.0000
vn -0.6464 0.6383 -0.4179
vn -0.6444 0.6362 0.4243
vn -0.5669 0.7655 -0.3043
vn -0.2734 0.6508 0.7083
vn -0.3051 0.8662 0.3957
vn -0.3451 0.9352 0.0790
vn 0.4791 -0.4851 -0.7315
vn 0.1232 0.8261 0.5499
vn -0.3312 0.6425 0.6910
vn -0.3311 0.6425 0.6910
vn 0.0734 0.3903 0.9178
vn -0.2586 -0.0810 -0.9626
vn 0.2747 0.4784 0.8341
vn -0.2451 0.8857 0.3942
vn 0.2187 -0.3366 -0.9159
vn -0.2674 0.4708 -0.8407
vn 0.0928 0.0532 -0.9943
vn -0.1351 0.4474 0.8841
vn 0.4100 0.1871 0.8927
vn -0.6025 0.7981 -0.0000
vn -0.3372 0.8146 0.4718
vn -0.1274 0.9919 -0.0000
vn -0.3299 0.8169 -0.4732
vn -0.4822 0.7926 -0.3733
vn -0.1649 0.6991 -0.6958
vn -0.2625 0.9628 0.0635
vn 0.0486 0.9355 -0.3499
vn -0.4822 0.7926 -0.3732
vn -0.1408 0.6610 -0.7370
vn 0.0486 0.9355 -0.3498
vn -0.4472 0.5802 -0.6807
vn -0.4678 0.8039 -0.3673
vn -0.4472 0.5802 -0.6808
vn -0.1299 0.1960 -0.9720
vn -0.4501 0.8731 -0.1875
vn -0.2236 0.6834 -0.6949
vn -0.2440 0.3373 -0.9092
vn 0.2044 -0.2600 0.9437
vn -0.5742 0.4987 -0.6493
vn 0.5854 -0.1312 0.8001
vn 0.0066 0.4119 0.9112
vn -0.1701 0.3297 -0.9286
vn -0.5137 0.3932 -0.7625
vn -0.0828 0.0560 -0.9950
vn -0.1159 0.6291 0.7686
vn 0.4535 0.3258 0.8296
vn -0.3005 -0.1191 -0.9463
vn 0.2387 -0.2222 -0.9453
vn -0.5320 0.7311 0.4272
vn 0.0928 0.5472 0.8318
vn -0.4547 0.5478 0.7022
vn -0.4194 0.8296 0.3687
vn -0.5095 0.8605 -0.0000
vn -0.2699 0.9013 0.3389
vn -0.1968 0.7513 0.6299
vn -0.5007 0.7803 0.3746
vn -0.0178 0.4530 0.8913
vn -0.2203 0.9279 0.3008
vn -0.5085 0.7638 -0.3975
vn -0.1615 0.9869 -0.0000
vn -0.3789 0.7670 0.5179
vn -0.7005 0.7136 -0.0000
vn -0.3789 0.7670 -0.5179
vn -0.5669 0.7655 0.3043
vn -0.2735 0.6508 -0.7083
vn -0.6465 0.6383 -0.4179
vn -0.1518 0.4309 -0.8896
vn 0.4793 -0.4851 0.7315
vn -0.3452 0.9352 -0.0790
vn 0.1230 0.8261 -0.5499
vn -0.3051 0.8662 -0.3957
vn -0.0891 0.7208 -0.6874
vn -0.3312 0.6425 -0.6910
vn 0.0734 0.3903 -0.9178
vn 0.1718 0.2706 -0.9472
vn -0.1204 0.9063 0.4052
vn 0.0404 0.9500 -0.3097
vn 0.3821 0.8686 0.3157
vn 0.1659 0.4570 0.8739
vn -0.1204 0.9062 0.4053
vn -0.1315 0.6904 0.7114
vn -0.3779 0.9259 -0.0000
vn 0.0075 1.0000 -0.0000
vn -0.1315 0.6904 -0.7114
vn -0.4517 0.8922 -0.0000
vn -0.6289 0.6913 -0.3558
vn -0.6288 0.6913 -0.3558
vn -0.2434 0.3603 -0.9005
vn -0.2537 0.8866 -0.3867
vn -0.4280 0.8383 0.3377
vn -0.3201 0.8618 -0.3934
vn -0.5573 0.4981 -0.6643
vn -0.0782 0.3531 -0.9323
vn -0.3475 0.6181 -0.7051
vn -0.0537 0.3136 -0.9480
vn 0.0544 -0.2497 0.9668
vn -0.3452 0.8946 -0.2837
vn 0.4134 -0.5787 0.7030
vn -0.3626 0.8482 -0.3862
vn 0.0070 0.4371 -0.8994
vn 0.0401 0.9333 -0.3569
vn -0.2451 0.9021 0.3552
vn 0.0412 0.9991 -0.0000
vn -0.3043 0.8314 -0.4649
vn -0.6679 0.7443 -0.0000
vn -0.3043 0.8314 0.4649
vn -0.2537 0.8866 0.3867
vn -0.4280 0.8383 -0.3377
vn -0.6289 0.6913 0.3558
vn -0.2433 0.3603 0.9005
vn 0.3521 -0.8669 -0.3528
vn -0.1340 -0.9898 -0.0477
vn -0.1203 0.9228 0.3659
vn -0.1339 -0.9898 -0.0478
vn -0.6022 -0.7327 -0.3170
vn 0.4630 0.8092 0.3616
vn 0.9160 0.3654 0.1656
vn 0.5122 0.5841 0.6297
vn 0.8807 0.1647 0.4440
vn 0.6615 -0.6761 0.3246
vn 0.3536 -0.8625 0.3621
vn -0.4928 0.8679 0.0626
vn 0.3695 -0.8528 0.3690
vn 0.4456 -0.6096 0.6556
vn 0.6615 -0.6760 0.3247
vn 0.6084 -0.5315 0.5894
vn 0.2123 -0.9129 0.3486
vn 0.4456 -0.6096 0.6557
vn -0.0365 -0.7105 0.7028
vn -0.2533 -0.6824 0.6857
vn -0.2114 0.9588 -0.1899
vn 0.1541 -0.3070 0.9391
vn 0.2125 -0.8968 0.3881
vn 0.0496 0.9980 -0.0397
vn 0.1614 -0.9175 0.3634
vn -0.0579 -0.4762 0.8774
vn -0.3409 -0.8634 0.3718
vn 0.4466 0.8252 -0.3458
vn -0.3555 0.8674 -0.3483
vn -0.3410 -0.8634 0.3718
vn 0.7896 -0.5696 0.2282
vn 0.3143 -0.6819 0.6605
vn -0.1813 -0.8572 0.4820
vn 0.4071 0.9134 -0.0000
vn -0.1997 -0.9444 0.2611
vn 0.1336 0.9740 0.1829
vn 0.2786 -0.9604 -0.0000
vn -0.0994 -0.9506 0.2942
vn -0.3555 0.8673 0.3483
vn 0.0454 0.7371 0.6742
vn -0.3409 -0.8635 -0.3718
vn 0.1614 -0.9175 -0.3636
vn 0.2045 -0.8983 0.3889
vn -0.3708 0.9287 -0.0001
vn -0.2045 0.8236 0.5290
vn -0.1107 0.9939 -0.0000
vn -0.2506 -0.9681 -0.0000
vn 0.6339 -0.7734 -0.0000
vn 0.4466 0.8252 0.3458
vn -0.2117 0.9104 0.3556
vn 0.0222 -0.1794 0.9835
vn 0.3152 -0.0361 0.9483
vn -0.0416 0.0085 0.9991
vn 0.4266 0.3324 0.8412
vn 0.0010 0.0622 0.9981
vn -0.2113 0.9588 0.1899
vn -0.0640 0.7296 0.6808
vn -0.4389 0.6117 0.6581
vn 0.6084 -0.5315 -0.5894
vn 0.2124 -0.8968 -0.3881
vn -0.3710 0.6716 0.6413
vn -0.1713 0.2758 0.9458
vn -0.2532 -0.6824 -0.6857
vn -0.7193 0.6239 0.3055
vn 0.4440 -0.8133 0.3760
vn 0.3537 -0.8625 -0.3621
vn -0.2298 0.8990 0.3729
vn 0.6615 -0.6760 -0.3247
vn 0.5597 0.4906 0.6679
vn -0.8121 -0.0993 -0.5751
vn 0.7922 0.0326 0.6093
vn 0.9748 0.1835 0.1267
vn 0.8065 0.4765 0.3499
vn 0.3379 0.3816 0.8603
vn 0.6408 0.3168 0.6993
vn 0.5765 0.0752 0.8136
vn 0.9487 -0.2150 0.2319
vn -0.7739 0.1407 -0.6175
vn -0.9021 0.4235 -0.0827
vn 0.6566 -0.3307 0.6779
vn 0.9471 -0.2369 0.2166
vn 0.6565 -0.3307 0.6779
vn 0.7344 -0.2921 0.6127
vn -0.6365 0.0407 0.7702
vn -0.2348 -0.1204 0.9646
vn -0.1700 0.3298 0.9286
vn -0.5742 0.4987 0.6493
vn -0.5309 0.2078 0.8215
vn -0.5588 0.4838 0.6735
vn -0.7776 0.5494 0.3058
vn -0.7076 0.3668 0.6039
vn -0.3917 -0.1637 0.9054
vn -0.0812 -0.3805 0.9212
vn -0.5137 0.3932 0.7625
vn -0.2690 -0.1589 0.9500
vn -0.2268 -0.6042 0.7639
vn 0.2734 -0.6508 0.7084
vn -0.3005 -0.1191 0.9463
vn 0.2387 -0.2221 0.9453
vn -0.0247 -0.4985 0.8665
vn 0.4262 -0.8267 0.3674
vn 0.2734 -0.6508 0.7083
vn 0.1807 -0.7535 0.6321
vn -0.5013 0.8446 -0.1878
vn 0.4621 -0.5233 0.7159
vn -0.0385 -0.3265 0.9444
vn 0.0135 0.8528 -0.5220
vn 0.1808 -0.7535 0.6321
vn -0.0246 -0.4985 0.8665
vn 0.1897 -0.7561 0.6263
vn -0.5007 0.7803 -0.3747
vn -0.5086 0.7638 0.3974
vn 0.0940 -0.9584 0.2695
vn 0.1396 -0.6977 0.7027
vn 0.5343 -0.7578 0.3746
vn -0.4027 -0.7384 0.5410
vn -0.0366 0.8616 0.5062
vn -0.0915 -0.9757 0.1990
vn 0.0862 -0.9651 0.2474
vn -0.2575 -0.9104 0.3239
vn 0.1897 -0.7562 0.6263
vn 0.1811 -0.7886 0.5876
vn -0.2469 -0.3302 0.9110
vn -0.7314 -0.4965 0.4675
vn -0.2036 0.9789 -0.0158
vn -0.3221 -0.8060 0.4965
vn -0.2217 -0.7554 0.6166
vn -0.2730 -0.4074 0.8715
vn -0.5249 -0.7105 0.4687
vn -0.2217 -0.7554 0.6167
vn -0.3242 -0.4464 0.8340
vn -0.7676 0.0274 0.6403
vn -0.6460 -0.4483 0.6178
vn 0.3400 -0.6836 0.6459
vn -0.6460 -0.4482 0.6178
vn -0.3475 -0.3830 0.8559
vn -0.2571 -0.8502 0.4594
vn -0.6640 -0.5398 0.5175
vn -0.8911 -0.3801 0.2481
vn 0.7712 0.6300 0.0916
vn 0.4621 0.5238 0.7156
vn -0.7139 -0.6976 -0.0616
vn 0.7712 0.6300 -0.0916
vn -0.6235 -0.5861 0.5174
vn -0.9162 -0.3359 0.2185
vn 0.8697 0.2107 0.4463
vn 0.9243 0.3032 -0.2317
vn -0.7820 -0.0101 0.6232
vn -0.9411 -0.2223 0.2547
vn -0.7991 -0.4994 0.3349
vn 0.9748 0.1836 -0.1266
vn -0.7820 -0.0102 0.6232
vn 0.7871 0.5399 -0.2982
vn -0.2470 -0.2999 0.9214
vn -0.8121 -0.0994 0.5750
vn 0.7922 0.0327 -0.6094
vn -0.8214 -0.0395 0.5691
vn -0.9412 -0.2222 0.2547
vn -0.8121 -0.0994 0.5751
vn -0.2168 -0.4426 0.8701
vn -0.5530 -0.0526 0.8315
vn 0.9487 -0.2150 -0.2319
vn -0.8214 -0.0395 0.5690
vn -0.8843 0.0290 0.4660
vn -0.6680 -0.3934 0.6317
vn -0.5916 -0.0518 0.8046
vn -0.7739 0.1406 0.6175
vn -0.9021 0.4236 0.0826
vn 0.8434 0.1583 -0.5135
vn 0.9471 -0.2369 -0.2167
vn -0.6940 0.3068 0.6513
vn -0.7739 0.1406 0.6174
vn 0.9471 -0.2369 -0.2166
vn -0.2761 -0.0656 0.9589
vn -0.9239 0.2293 0.3064
vn -0.8214 -0.0394 0.5690
vn -0.7297 -0.0789 0.6792
vn -0.9241 0.2070 0.3213
vn 0.8896 -0.1777 0.4207
vn -0.9524 -0.1694 0.2537
vn 0.9339 -0.1703 -0.3143
vn -0.9993 0.0380 -0.0000
vn 0.9937 -0.1116 -0.0000
vn -0.7965 0.0728 0.6002
vn 0.9579 0.0805 0.2757
vn -0.9845 0.1041 0.1413
vn -0.9241 0.2070 -0.3214
vn 0.4703 0.1076 0.8759
vn 0.9339 -0.1703 0.3143
vn -0.9523 -0.1694 -0.2537
vn -0.7397 0.3139 0.5953
vn -0.8903 0.4553 -0.0000
vn 0.8813 -0.2000 0.4282
vn -0.9500 0.3122 -0.0000
vn 0.8627 -0.5056 -0.0000
vn -0.7326 0.2838 0.6187
vn 0.9078 -0.2832 -0.3094
vn -0.6592 0.2474 0.7101
vn -0.7436 0.5782 0.3358
vn 0.7902 -0.4484 0.4177
vn -0.9316 0.2072 0.2988
vn 0.7896 -0.5240 -0.3192
vn 0.7831 -0.5783 -0.2286
vn -0.3065 0.0747 0.9489
vn -0.5310 0.2079 0.8215
vn -0.7303 0.6804 0.0614
vn -0.6553 -0.1115 0.7471
vn -0.1952 -0.1994 0.9603
vn -0.7706 0.3366 0.5411
vn -0.3119 -0.3048 0.8999
vn 0.2665 -0.5009 0.8234
vn -0.6426 0.1703 0.7470
vn 0.2803 -0.7851 0.5522
vn -0.5405 0.7785 -0.3190
vn -0.4410 -0.3001 0.8459
vn -0.2299 -0.7250 0.6493
vn 0.0247 0.4985 0.8666
vn -0.0256 0.4839 0.8747
vn -0.5405 0.7785 0.3190
vn -0.0687 0.9668 0.2460
vn -0.2480 0.7471 0.6167
vn 0.1811 -0.7887 -0.5875
vn 0.2411 0.9119 0.3321
vn -0.1445 0.9779 0.1511
vn 0.4186 -0.9082 -0.0001
vn 0.3051 -0.6878 0.6587
vn 0.3850 -0.9229 -0.0000
vn 0.1846 0.9828 -0.0000
vn -0.1160 -0.9411 0.3176
vn 0.0578 0.9766 0.2072
vn 0.3759 0.5696 0.7310
vn -0.4627 -0.8843 -0.0627
vn 0.3984 0.9123 0.0944
vn -0.5427 -0.8253 -0.1561
vn 0.2974 0.8000 0.5211
vn 0.5158 0.7019 0.4913
vn -0.6454 -0.7495 -0.1474
vn -0.9244 -0.3505 -0.1506
vn -0.8783 0.4607 0.1278
vn 0.9056 -0.2826 0.3161
vn 0.4276 -0.1224 0.8957
vn -0.9336 0.2075 -0.2920
vn -0.7436 0.5782 -0.3358
vn -0.7125 0.7017 -0.0000
vn 0.9376 -0.3477 -0.0001
vn 0.6204 -0.7843 -0.0000
vn 0.6138 -0.7003 0.3644
vn -0.8385 0.4418 0.3189
vn 0.5343 -0.7577 -0.3747
vn -0.1299 0.1959 0.9720
vn 0.0871 0.7272 0.6809
vn -0.1707 0.9054 0.3887
vn -0.2275 0.9736 -0.0158
vn -0.2825 0.6283 0.7248
vn 0.0915 0.0064 0.9958
vn -0.2378 -0.7381 -0.6314
vn -0.2825 0.6283 0.7249
vn 0.0915 0.0062 0.9958
vn 0.4623 -0.5708 -0.6785
vn 0.1960 -0.9068 -0.3731
vn -0.3474 0.6181 0.7052
vn 0.0396 0.9026 0.4286
vn 0.4547 0.4261 0.7821
vn 0.1539 0.7094 0.6878
vn 0.2990 0.0338 0.9536
vn 0.3367 -0.2928 0.8949
vn -0.2652 0.6998 0.6633
vn 0.0997 0.9660 0.2385
vn 0.3625 0.3123 0.8781
vn 0.1144 0.8594 0.4984
vn -0.1943 0.4092 0.8915
vn 0.0416 -0.0084 0.9991
vn 0.0125 -0.2568 0.9664
vn -0.1041 -0.2701 0.9572
vn 0.8250 -0.2308 0.5158
vn -0.0729 -0.8717 0.4847
vn 0.2356 -0.4089 0.8816
vn 0.0294 0.2726 0.9617
vn 0.2356 -0.4088 0.8817
vn 0.1861 -0.4255 0.8856
vn -0.2579 0.0197 0.9660
vn 0.1863 -0.3776 0.9070
vn 0.5584 0.0676 0.8268
vn 0.2270 -0.3843 0.8949
vn 0.5767 -0.2227 0.7860
vn 0.4532 -0.8151 0.3610
vn 0.2198 -0.3621 0.9059
vn 0.2979 -0.6580 0.6915
vn -0.1477 0.7047 0.6939
vn -0.0928 -0.0454 0.9947
vn -0.4344 0.2229 0.8727
vn -0.4200 0.8066 0.4159
vn -0.0696 0.3600 0.9304
vn -0.3452 0.8946 0.2837
vn -0.3626 0.8482 0.3861
vn 0.2370 -0.9699 0.0555
vn -0.1584 -0.9346 -0.3184
vn 0.0069 0.4371 0.8994
vn 0.0400 0.9333 0.3569
vn 0.4852 -0.7897 -0.3755
vn 0.2037 -0.9790 -0.0000
vn -0.1166 -0.9791 0.1665
vn -0.1376 -0.7341 0.6649
vn -0.6022 -0.7327 0.3170
vn 0.3521 -0.8669 0.3528
vn -0.1203 0.9228 -0.3659
vn 0.4630 0.8093 -0.3615
vn -0.0510 -0.5833 0.8106
vn -0.0720 -0.8169 0.5723
vn 0.2404 -0.7003 0.6721
vn -0.1289 -0.6965 0.7059
vn -0.5227 -0.2985 0.7985
vn 0.3856 -0.3636 0.8480
vn -0.0780 -0.6597 0.7474
vn -0.1558 -0.3329 0.9300
vn -0.4480 -0.6252 0.6390
vn 0.0997 0.9660 -0.2385
vn 0.1815 -0.6651 0.7243
vn -0.1470 -0.3171 0.9369
vn -0.1619 -0.7007 0.6949
vn -0.5749 -0.3983 0.7148
vn 0.0948 -0.3365 0.9369
vn -0.3088 -0.0262 0.9508
vn -0.1621 -0.7161 0.6789
vn 0.0949 -0.3365 0.9369
vn 0.0108 -0.3763 0.9264
vn -0.4543 0.6418 0.6178
vn -0.2190 0.3527 0.9098
vn -0.2914 -0.0727 0.9538
vn -0.1028 0.4011 0.9102
vn 0.5767 -0.2228 -0.7860
vn 0.4532 -0.8150 -0.3610
vn -0.3838 -0.1178 0.9159
vn -0.2104 0.3761 0.9024
vn 0.2176 0.0587 0.9743
vn 0.0518 -0.4215 0.9053
vn 0.0928 0.0454 0.9946
vn -0.0482 -0.4044 0.9133
vn 0.3493 -0.6132 0.7085
vn 0.0931 0.0765 0.9927
vn 0.0782 -0.3531 0.9323
vn 0.3492 -0.6132 0.7085
vn -0.2378 -0.7382 0.6313
vn 0.0273 -0.3831 0.9233
vn -0.2378 -0.7381 0.6314
vn -0.2276 0.9736 0.0158
vn 0.4623 -0.5708 0.6786
vn -0.1620 -0.7007 0.6949
vn 0.1788 -0.9041 0.3881
vn 0.2626 -0.8803 0.3952
vn 0.2625 -0.8803 0.3952
vn 0.0403 0.9500 0.3097
vn 0.3821 0.8685 -0.3157
vn -0.5249 -0.8009 0.2882
vn -0.1701 -0.6996 0.6940
vn -0.1157 -0.9173 0.3810
vn -0.4734 -0.8808 -0.0000
vn 0.2454 -0.9694 -0.0000
vn 0.1230 0.8671 0.4827
vn 0.2450 -0.3467 0.9054
vn 0.1943 -0.3610 0.9121
vn -0.2199 0.3065 0.9261
vn -0.1582 -0.4515 0.8781
vn 0.1649 -0.6990 0.6958
vn 0.2388 -0.8930 0.3816
vn -0.1582 -0.4516 0.8781
vn 0.1650 -0.6990 0.6958
vn 0.1651 -0.6911 0.7037
vn -0.5362 0.5244 -0.6614
vn -0.3607 0.8837 -0.2983
vn 0.1651 -0.6911 0.7036
vn 0.3694 -0.8528 0.3690
vn 0.3779 -0.9258 -0.0000
vn 0.4623 -0.5708 0.6785
vn -0.1644 0.7298 0.6637
vn 0.1173 0.0137 0.9930
vn -0.2190 0.3528 0.9097
vn -0.5363 0.5244 0.6613
vn -0.3606 0.8837 0.2983
vn -0.0307 0.7151 0.6984
vn 0.4624 -0.5707 -0.6786
vn -0.4835 0.7949 0.3665
vn 0.2459 -0.8884 0.3876
vn 0.0443 -0.9296 -0.3659
vn 0.0485 0.9356 0.3498
vn 0.3709 -0.8481 -0.3783
vn -0.1407 0.6611 0.7370
vn -0.1649 0.6990 0.6959
vn 0.0487 0.9355 0.3498
vn -0.4472 0.5801 0.6808
vn 0.4602 -0.7810 0.4222
vn 0.1191 -0.9929 -0.0000
vn -0.3795 0.7442 0.5496
vn 0.7858 -0.6185 -0.0001
vn -0.3536 0.9354 -0.0000
vn -0.8386 0.4417 -0.3190
vn 0.7896 -0.5241 0.3192
vn -0.6921 0.7211 0.0309
vn -0.4456 0.8081 -0.3851
vn 0.4678 -0.8039 0.3673
vn 0.5343 -0.7577 0.3747
vn 0.5617 -0.4864 0.6693
vn 0.7896 -0.5240 0.3192
vn 0.4706 -0.5551 0.6859
vn -0.7076 0.3668 -0.6039
vn 0.8098 -0.1706 0.5614
vn -0.7303 0.6804 -0.0614
vn 0.2769 0.1508 0.9490
vn 0.5359 -0.2143 0.8166
vn 0.6008 0.0365 0.7986
vn 0.8382 -0.4718 0.2733
vn 0.4659 -0.2303 0.8543
vn 0.1190 0.1152 0.9862
vn 0.6675 -0.0031 0.7446
vn 0.4396 0.5040 0.7434
vn 0.0890 -0.7208 0.6875
vn -0.2586 -0.0811 0.9626
vn -0.3565 -0.5355 0.7656
vn 0.1227 -0.7560 0.6429
vn -0.2675 0.4708 0.8407
vn -0.1921 -0.0590 0.9796
vn 0.4116 -0.8225 0.3926
vn -0.1975 0.7620 0.6167
vn 0.0858 -0.9963 -0.0000
vn 0.0329 0.9995 -0.0000
vn 0.7125 -0.7017 -0.0000
vn 0.5250 -0.8511 -0.0078
vn 0.0780 -0.9473 -0.3107
vn 0.7315 -0.5584 -0.3913
vn -0.2699 0.9012 0.3390
vn -0.1518 0.4309 0.8896
vn -0.3452 0.9352 0.0789
vn 0.3881 -0.8331 -0.3941
vn -0.0539 -0.7516 -0.6574
vn -0.0890 0.7208 0.6874
vn -0.3312 0.6425 0.6911
vn -0.2452 0.8857 0.3942
vn -0.0940 0.3664 0.9257
vn 0.2428 0.1047 0.9644
vn 0.3699 -0.2306 0.9000
vn -0.1352 0.4474 0.8841
vn -0.2756 -0.1117 0.9547
vn -0.3372 0.8147 0.4718
vn 0.2903 -0.6515 0.7009
vn 0.5404 -0.8414 -0.0001
vn -0.1274 0.9918 -0.0000
vn 0.0525 -0.3925 0.9183
vn 0.0442 -0.9296 0.3659
vn 0.3720 -0.8507 0.3714
vn 0.0051 -0.7343 0.6788
vn -0.4502 0.8730 -0.1875
vn 0.6782 -0.3909 0.6223
vn 0.4751 -0.8103 0.3432
vn 0.0050 -0.7343 0.6788
vn 0.2781 -0.3072 0.9101
vn 0.0065 0.4119 0.9112
vn 0.5853 -0.1312 0.8001
vn 0.0673 0.0455 0.9967
vn 0.5622 -0.2695 0.7819
vn -0.1161 0.6292 0.7686
vn 0.4534 0.3258 0.8296
vn -0.1294 0.2511 0.9593
vn -0.5321 0.7310 0.4272
vn -0.4547 0.5478 0.7023
vn -0.4194 0.8295 0.3687
vn -0.2698 0.9013 0.3390
vn 0.1807 -0.7535 -0.6321
vn -0.5013 0.8446 0.1878
vn 0.5959 -0.7687 -0.2324
vn -0.1968 0.7512 0.6300
vn 0.4361 -0.8941 0.1022
vn -0.5008 0.7803 0.3746
vn -0.0179 0.4530 0.8913
vn 0.0940 -0.9584 -0.2695
vn 0.5342 -0.7578 -0.3747
vn 0.7202 -0.6938 -0.0000
vn -0.3788 0.7670 0.5179
vn 0.4913 -0.7151 0.4972
vn 0.3780 -0.9258 -0.0000
vn 0.2902 -0.6434 0.7084
vn 0.7315 -0.5584 0.3913
vn 0.0778 -0.9473 0.3107
vn -0.6465 0.6383 -0.4180
vn 0.7316 -0.5583 0.3913
vn 0.2966 -0.8656 0.4034
vn -0.3451 0.9352 -0.0789
vn 0.4791 -0.4851 0.7315
vn 0.0205 -0.2806 0.9596
vn -0.0539 -0.7516 0.6575
vn 0.4792 -0.4851 0.7315
vn 0.3880 -0.8331 0.3941
vn -0.0540 -0.7516 0.6574
vn 0.0890 -0.7207 0.6875
vn -0.1205 0.9062 0.4052
vn -0.5248 -0.8009 -0.2882
vn 0.2626 -0.8802 -0.3952
vn 0.1658 0.4570 0.8739
vn 0.1874 -0.9055 0.3807
vn -0.1847 -0.9828 -0.0000
vn 0.5553 -0.8317 -0.0000
vn 0.1788 -0.9041 0.3880
vn 0.1195 -0.9174 0.3795
vn -0.6289 0.6912 -0.3559
vn 0.1196 -0.9174 0.3795
vn 0.3655 -0.6049 0.7075
vn 0.7224 -0.6035 0.3374
vn -0.2538 0.8866 -0.3867
vn 0.3201 -0.8618 0.3935
vn 0.0558 -0.7145 0.6974
vn 0.0559 -0.7145 0.6974
vn 0.3550 -0.8904 0.2848
vn 0.0891 -0.7207 0.6875
vn 0.4852 -0.7897 0.3755
vn 0.0400 0.9333 -0.3569
vn -0.3626 0.8481 -0.3862
vn -0.1583 -0.9347 0.3183
vn 0.0812 -0.6898 0.7194
vn 0.1616 -0.9869 -0.0000
vn 0.5461 -0.8377 -0.0000
vn 0.3137 -0.8181 0.4819
vn 0.4744 -0.8803 -0.0000
vn -0.2538 0.8866 0.3867
vn 0.7224 -0.6036 -0.3374
vn 0.1196 -0.9174 -0.3795
vn -0.2434 0.3603 0.9005
vn -0.3475 0.6181 0.7052
vn -0.1203 0.9229 0.3659
vn 0.1166 0.4976 0.8595
vn 0.0470 0.8461 0.5309
vn 0.0162 0.4987 0.8666
vn -0.0510 -0.5833 -0.8106
vn -0.1506 -0.4983 0.8538
vn 0.1222 0.8063 -0.5788
vn 0.1337 0.9740 0.1830
vn -0.1998 -0.9444 -0.2611
vn -0.1998 -0.9444 0.2611
vn -0.1813 -0.8573 -0.4819
vn -0.1505 -0.4984 -0.8538
vn -0.0548 0.2350 -0.9704
vn 0.0222 -0.1793 0.9835
vn -0.1043 -0.2701 -0.9572
vn 0.0611 0.1551 0.9860
vn -0.2889 -0.3375 -0.8959
vn 0.0009 0.0622 0.9981
vn -0.0729 -0.8717 -0.4846
vn -0.7990 -0.4994 -0.3349
vn -0.6227 -0.7825 -0.0000
vn -0.9162 -0.3358 -0.2185
vn -0.6461 -0.4482 -0.6178
vn -0.7991 -0.4993 -0.3349
vn -0.7820 -0.0101 -0.6232
vn -0.8121 -0.0993 -0.5750
vn -0.9411 -0.2222 -0.2548
vn -0.2470 -0.3000 -0.9214
vn -0.8214 -0.0395 -0.5690
vn -0.5531 -0.0527 -0.8314
vn -0.1257 0.5092 0.8515
vn -0.8843 0.0290 -0.4660
vn 0.5766 0.0752 0.8136
vn -0.6680 -0.3933 -0.6317
vn -0.6681 -0.3933 -0.6317
vn -0.2168 -0.4427 -0.8701
vn -0.5916 -0.0518 -0.8046
vn -0.9021 0.4235 -0.0826
vn -0.7327 0.2838 -0.6186
vn -0.7740 0.1406 -0.6174
vn -0.7739 0.1406 -0.6175
vn -0.2761 -0.0656 -0.9589
vn -0.9239 0.2292 -0.3065
vn 0.2780 -0.3073 -0.9101
vn -0.5741 0.4988 0.6493
vn -0.6365 0.0406 0.7702
vn 0.0065 0.4119 -0.9112
vn -0.5588 0.4839 0.6734
vn -0.7076 0.3669 0.6039
vn 0.0673 0.0455 -0.9967
vn -0.3916 -0.1637 0.9055
vn -0.1154 0.6253 -0.7718
vn -0.1294 0.2510 -0.9593
vn -0.2267 -0.6042 0.7639
vn -0.5321 0.7310 -0.4272
vn -0.4611 0.5458 -0.6996
vn -0.0386 -0.3265 0.9444
vn 0.0578 0.9766 -0.2072
vn -0.4026 -0.7384 0.5410
vn -0.4628 -0.8843 0.0627
vn -0.2469 -0.3303 0.9110
vn 0.1810 -0.7886 0.5876
vn -0.1447 0.9779 -0.1511
vn -0.2480 0.7471 -0.6167
vn -0.7314 -0.4964 0.4676
vn 0.2974 0.8000 -0.5211
vn -0.5428 -0.8252 0.1562
vn -0.7677 0.0273 0.6403
vn 0.2745 0.3943 -0.8770
vn 0.1139 0.8006 -0.5883
vn -0.6453 -0.7496 0.1474
vn 0.6637 0.5168 -0.5407
vn -0.6640 -0.5397 0.5175
vn -0.9244 -0.3505 0.1507
vn -0.5250 -0.7105 0.4686
vn -0.7990 -0.4994 0.3349
vn -0.6454 -0.7495 0.1474
vn -0.6461 -0.4482 0.6178
vn -0.7138 -0.6976 -0.0617
vn -0.9412 -0.2222 -0.2547
vn -0.9156 -0.4021 -0.0000
vn -0.6236 -0.5861 -0.5173
vn -0.6236 -0.5861 0.5173
vn -0.8911 -0.3801 -0.2481
vn -0.7138 -0.6976 0.0616
vn -0.7965 0.0729 -0.6002
vn -0.8121 -0.0993 0.5750
vn -0.9411 -0.2222 0.2548
vn -0.7820 -0.0100 0.6231
vn -0.1257 0.5091 -0.8515
vn -0.8843 0.0289 0.4660
vn 0.5765 0.0751 -0.8136
vn -0.6680 -0.3933 0.6317
vn -0.2168 -0.4427 0.8701
vn -0.6941 0.3068 0.6513
vn -0.9021 0.4236 0.0827
vn -0.9238 0.2293 0.3065
vn -0.9523 -0.1693 0.2537
vn -0.9845 0.1040 -0.1413
vn -0.9960 0.0892 -0.0000
vn -0.7965 0.0729 0.6002
vn -0.8214 -0.0394 -0.5690
vn -0.9523 -0.1693 -0.2537
vn -0.7297 -0.0790 -0.6792
vn -0.9239 0.2293 -0.3064
vn -0.7396 0.3139 0.5953
vn -0.8949 0.4462 -0.0000
vn -0.7397 0.3139 -0.5953
vn -0.7327 0.2838 0.6186
vn -0.6592 0.2473 0.7102
vn -0.9316 0.2071 0.2988
vn -0.7326 0.2838 0.6186
vn -0.7776 0.5494 0.3057
vn -0.8783 0.4607 -0.1279
vn -0.7302 0.6804 0.0614
vn 0.4659 -0.2304 -0.8543
vn -0.7706 0.3367 0.5411
vn -0.6552 -0.1115 0.7471
vn -0.1117 0.3618 -0.9255
vn 0.1191 0.1153 -0.9862
vn -0.3119 -0.3047 0.8999
vn -0.5405 0.7786 -0.3190
vn -0.2299 -0.7250 0.6492
vn -0.4410 -0.3002 -0.8458
vn -0.0257 0.4840 0.8747
vn -0.2298 -0.7250 -0.6493
vn 0.1811 -0.7887 -0.5876
vn -0.2469 -0.3303 -0.9110
vn -0.4026 -0.7384 -0.5410
vn 0.2974 0.8001 0.5210
vn -0.7314 -0.4965 -0.4675
vn -0.2037 0.9790 0.0080
vn -0.5428 -0.8253 -0.1560
vn 0.2745 0.3943 0.8770
vn -0.7677 0.0273 -0.6403
vn -0.3242 -0.4465 -0.8340
vn -0.5250 -0.7105 -0.4687
vn -0.6640 -0.5397 -0.5175
vn -0.9244 -0.3505 -0.1507
vn -0.6453 -0.7496 -0.1474
vn -0.0032 0.8473 0.5312
vn -0.6640 -0.5398 -0.5175
vn -0.9336 0.2076 -0.2920
vn -0.7326 0.2838 -0.6186
vn -0.8783 0.4607 0.1279
vn -0.7435 0.5783 -0.3358
vn -0.7776 0.5494 -0.3057
vn -0.6578 0.2545 -0.7089
vn -0.7776 0.5494 -0.3058
vn -0.6887 0.7251 -0.0000
vn -0.7776 0.5495 0.3058
vn -0.5439 0.4538 0.7058
vn -0.8385 0.4417 0.3190
vn 0.0050 -0.7343 -0.6788
vn -0.2377 -0.7382 -0.6313
vn -0.1471 -0.3171 -0.9369
vn -0.2652 0.6997 0.6634
vn -0.4502 -0.6205 -0.6421
vn -0.1157 -0.9104 -0.3973
vn 0.0997 0.9660 0.2384
vn -0.0548 0.2352 0.9704
vn 0.0222 -0.1794 -0.9835
vn 0.0611 0.1551 -0.9860
vn -0.1042 -0.2700 0.9572
vn 0.0010 0.0622 -0.9981
vn -0.2889 -0.3376 0.8959
vn -0.0730 -0.8716 0.4847
vn -0.6565 0.1929 -0.7293
vn -0.4542 0.6418 -0.6178
vn -0.0481 -0.4044 -0.9133
vn -0.4344 0.2228 0.8727
vn 0.0932 0.0765 -0.9927
vn 0.0558 -0.7146 -0.6973
vn 0.0543 -0.2498 -0.9668
vn -0.1165 -0.9791 0.1665
vn 0.0829 0.9675 -0.2388
vn 0.0829 0.9675 0.2387
vn -0.1165 -0.9791 -0.1664
vn 0.1163 0.5033 -0.8562
vn -0.1204 0.9229 -0.3658
vn -0.1339 -0.9894 0.0557
vn -0.0510 -0.5833 0.8107
vn 0.0470 0.8461 -0.5310
vn 0.0162 0.4928 -0.8700
vn -0.2653 0.6998 -0.6633
vn -0.1470 -0.3170 0.9370
vn -0.4480 -0.6252 0.6391
vn -0.1158 -0.9103 0.3973
vn 0.0996 0.9660 -0.2385
vn 0.0388 0.3428 -0.9386
vn 0.0396 0.9026 -0.4286
vn -0.6564 0.1929 0.7293
vn -0.4542 0.6419 0.6178
vn -0.4200 0.8066 -0.4159
vn -0.0481 -0.4044 0.9133
vn -0.4344 0.2228 -0.8727
vn -0.2825 0.6282 -0.7249
vn -0.2376 -0.7382 0.6314
vn -0.5439 0.4538 -0.7058
vn -0.8385 0.4417 -0.3189
vn -0.5589 0.4839 -0.6735
vn -0.6922 0.7211 0.0309
vn -0.5510 0.5308 -0.6439
vn -0.3065 0.0747 -0.9489
vn -0.5310 0.2079 -0.8215
vn -0.5588 0.4839 -0.6734
vn -0.5310 0.2078 -0.8215
vn -0.7076 0.3669 -0.6039
vn -0.6553 -0.1115 -0.7471
vn -0.7706 0.3366 -0.5411
vn -0.3851 0.2690 -0.8828
vn -0.3119 -0.3047 -0.8999
vn -0.6426 0.1703 -0.7470
vn 0.1191 0.1153 0.9862
vn -0.0940 0.3663 -0.9257
vn -0.2452 0.8857 -0.3943
vn -0.1920 -0.0589 0.9796
vn -0.2756 -0.1118 -0.9547
vn -0.5669 0.7656 -0.3043
vn -0.2699 0.9013 0.3390
vn -0.0939 0.3664 0.9257
vn -0.2587 -0.0811 -0.9626
vn -0.3492 -0.5371 -0.7678
vn -0.1352 0.4474 0.8840
vn -0.1921 -0.0591 -0.9796
vn -0.2675 0.4708 -0.8407
vn -0.2756 -0.1117 0.9548
vn -0.4472 0.5801 -0.6808
vn 0.0050 -0.7344 0.6788
vn 0.0065 0.4120 0.9112
vn -0.5741 0.4987 -0.6493
vn -0.6365 0.0406 -0.7702
vn -0.3917 -0.1637 -0.9054
vn -0.5137 0.3932 -0.7626
vn 0.0674 0.0455 0.9967
vn -0.1160 0.6291 0.7686
vn -0.3005 -0.1190 -0.9463
vn -0.2268 -0.6042 -0.7639
vn 0.1808 -0.7535 -0.6321
vn -0.0386 -0.3265 -0.9444
vn -0.2699 0.9013 -0.3390
vn -0.1517 0.4308 -0.8896
vn -0.3312 0.6425 -0.6911
vn -0.3451 0.9352 -0.0790
vn -0.0539 -0.7516 0.6574
vn -0.1289 -0.6965 -0.7059
vn 0.3520 -0.8669 -0.3529
vn -0.1323 -0.9084 -0.3966
vn -0.1672 -0.9859 -0.0000
vn -0.1377 -0.7341 -0.6649
vn 0.5008 -0.8041 -0.3202
vn 0.2405 -0.7003 -0.6721
vn 0.5630 -0.3396 -0.7534
vn 0.6615 -0.6761 0.3247
vn 0.4999 -0.8661 -0.0000
vn 0.4440 -0.8133 -0.3761
vn -0.2534 -0.6824 0.6857
vn -0.0365 -0.7105 0.7027
vn -0.1713 0.2757 -0.9459
vn -0.2532 -0.6824 0.6857
vn 0.2124 -0.8968 0.3881
vn 0.1613 -0.9175 0.3635
vn -0.0665 -0.9978 -0.0000
vn -0.0995 -0.9505 -0.2942
vn -0.3409 -0.8635 0.3717
vn 0.3144 -0.6819 0.6604
vn -0.0364 -0.7105 0.7028
vn -0.1505 -0.4984 0.8538
vn -0.1812 -0.8572 0.4820
vn -0.1997 -0.9444 -0.2611
vn -0.3410 -0.8634 -0.3717
vn -0.0995 -0.9505 0.2942
vn 0.1613 -0.9175 -0.3635
vn -0.2507 -0.9681 -0.0000
vn 0.2045 -0.8983 0.3888
vn 0.2123 -0.9129 -0.3486
vn 0.2045 -0.8984 -0.3888
vn -0.0365 -0.7105 -0.7027
vn -0.0575 -0.4729 -0.8792
vn -0.3410 -0.8634 -0.3718
vn 0.7896 -0.5697 -0.2282
vn -0.1813 -0.8572 -0.4820
vn 0.8250 -0.2309 -0.5158
vn -0.0365 -0.7105 -0.7028
vn 0.1007 0.5522 0.8276
vn -0.1041 -0.2701 -0.9572
vn 0.4052 -0.0373 -0.9135
vn 0.2356 -0.4088 -0.8817
vn 0.4265 0.3323 0.8412
vn -0.4174 0.3707 0.8296
vn 0.0011 0.0622 0.9981
vn -0.0729 -0.8717 -0.4847
vn 0.1861 -0.4256 -0.8856
vn -0.2533 -0.6823 -0.6857
vn 0.1541 -0.3070 -0.9391
vn 0.6084 -0.5316 -0.5893
vn 0.4456 -0.6096 -0.6556
vn -0.2533 -0.6824 -0.6857
vn 0.2125 -0.8968 -0.3880
vn 0.3536 -0.8625 -0.3621
vn 0.3183 -0.3223 -0.8915
vn 0.6614 -0.6761 -0.3247
vn 0.6615 -0.6761 -0.3246
vn -0.6364 0.0407 0.7702
vn -0.2026 -0.1600 0.9661
vn 0.2780 -0.3072 -0.9101
vn 0.5623 -0.2695 -0.7818
vn 0.0674 0.0456 -0.9967
vn -0.1294 0.2511 -0.9593
vn 0.4853 -0.1311 -0.8645
vn 0.4621 -0.5233 0.7160
vn 0.1898 -0.7562 0.6263
vn 0.4262 -0.8267 0.3673
vn 0.4187 -0.9081 -0.0000
vn 0.1396 -0.6976 0.7027
vn 0.5342 -0.7578 0.3747
vn 0.4361 -0.8941 -0.1022
vn -0.1506 -0.9886 -0.0000
vn -0.4628 -0.8842 0.0627
vn -0.2575 -0.9104 0.3238
vn -0.1160 -0.9411 -0.3176
vn -0.6226 -0.7825 -0.0000
vn 0.2221 -0.7688 0.5997
vn 0.0862 -0.9650 0.2475
vn -0.2468 -0.3302 0.9111
vn 0.1812 -0.7886 0.5876
vn 0.1811 -0.7887 0.5875
vn -0.2216 -0.7554 0.6166
vn -0.5428 -0.8252 0.1561
vn -0.3222 -0.8060 0.4965
vn -0.0412 -0.9938 0.1037
vn -0.2217 -0.7553 0.6167
vn 0.3400 -0.6836 0.6458
vn -0.6453 -0.7495 0.1474
vn -0.9244 -0.3505 0.1506
vn -0.2572 -0.8502 0.4593
vn 0.6637 0.5169 -0.5406
vn 0.9912 0.1097 -0.0747
vn -0.6235 -0.5861 -0.5174
vn -0.7138 -0.6976 -0.0616
vn 0.9243 0.3033 -0.2316
vn -0.7138 -0.6976 0.0617
vn -0.2762 -0.0657 0.9589
vn 0.7832 -0.5783 -0.2286
vn 0.4707 -0.5551 -0.6858
vn -0.6552 -0.1114 0.7472
vn 0.4658 -0.2303 -0.8544
vn -0.3120 -0.3048 0.8999
vn 0.2665 -0.5010 0.8234
vn -0.0257 0.4840 -0.8747
vn -0.4410 -0.3001 0.8458
vn 0.1897 -0.7562 -0.6263
vn -0.2299 -0.7250 -0.6493
vn -0.0247 -0.4985 -0.8665
vn -0.4410 -0.3001 -0.8459
vn -0.0258 0.4839 0.8747
vn 0.2804 -0.7851 -0.5522
vn 0.6061 0.0285 0.7948
vn 0.1897 -0.7562 -0.6262
vn -0.2216 -0.7554 -0.6166
vn 0.1811 -0.7886 -0.5876
vn 0.5553 -0.8313 0.0233
vn 0.0860 -0.9631 -0.2549
vn -0.2468 -0.3302 -0.9111
vn -0.2581 -0.9127 -0.3167
vn -0.4628 -0.8842 -0.0627
vn -0.5428 -0.8253 -0.1561
vn -0.1161 -0.9411 0.3176
vn 0.4186 -0.9082 -0.0000
vn 0.3051 -0.6877 0.6587
vn 0.3051 -0.6877 -0.6587
vn -0.3222 -0.8060 -0.4965
vn -0.5250 -0.7105 -0.4686
vn -0.2217 -0.7554 -0.6167
vn -0.6460 -0.4482 -0.6178
vn -0.6453 -0.7495 -0.1474
vn -0.6460 -0.4483 -0.6178
vn 0.6637 0.5168 0.5407
vn -0.2571 -0.8502 -0.4593
vn -0.7990 -0.4995 -0.3349
vn 0.6203 -0.7844 -0.0000
vn 0.4678 -0.8039 -0.3672
vn 0.4764 -0.8124 -0.3362
vn -0.1300 0.1960 0.9720
vn 0.2450 -0.3467 -0.9054
vn 0.2044 -0.2601 -0.9437
vn 0.6782 -0.3910 -0.6223
vn 0.7224 -0.6035 -0.3375
vn 0.3492 -0.6132 -0.7085
vn 0.4743 -0.8803 -0.0000
vn 0.1196 -0.9174 -0.3796
vn 0.1788 -0.9041 -0.3881
vn 0.4624 -0.5708 -0.6786
vn 0.0274 -0.3831 -0.9233
vn -0.1620 -0.7007 -0.6949
vn 0.0916 0.0062 0.9958
vn -0.1619 -0.7007 -0.6948
vn 0.0108 -0.3763 -0.9264
vn 0.0948 -0.3365 -0.9369
vn 0.0108 -0.3762 -0.9265
vn 0.3493 -0.6132 -0.7085
vn -0.0482 -0.4043 -0.9133
vn 0.0948 -0.3366 -0.9369
vn 0.3366 -0.2928 0.8949
vn 0.0389 0.3428 0.9386
vn -0.1621 -0.7161 -0.6789
vn -0.5749 -0.3983 -0.7147
vn -0.1558 -0.3329 -0.9300
vn 0.1814 -0.6652 -0.7243
vn -0.1470 -0.3171 -0.9369
vn -0.4501 -0.6205 -0.6421
vn 0.3856 -0.3636 -0.8480
vn 0.0126 -0.2569 0.9664
vn -0.5227 -0.2986 -0.7985
vn -0.0776 -0.6558 -0.7509
vn -0.1042 -0.2701 0.9572
vn 0.3153 -0.0360 -0.9483
vn 0.4052 -0.0373 0.9135
vn 0.8250 -0.2308 0.5159
vn -0.0728 -0.8716 0.4847
vn -0.2888 -0.3376 0.8959
vn 0.0011 0.0621 -0.9981
vn -0.4174 0.3707 -0.8297
vn 0.4266 0.3324 -0.8412
vn -0.1320 -0.3966 -0.9084
vn -0.2913 -0.0728 -0.9539
vn -0.1021 0.3982 -0.9116
vn -0.2914 -0.0727 -0.9538
vn 0.4532 -0.8150 0.3610
vn 0.0517 -0.4215 -0.9054
vn 0.2979 -0.6580 0.6916
vn 0.2760 0.0733 0.9584
vn -0.3838 -0.1178 -0.9159
vn 0.2176 0.0588 -0.9743
vn 0.3711 -0.6162 -0.6947
vn -0.4345 0.2229 0.8727
vn 0.0358 -0.3670 0.9295
vn 0.0782 -0.3531 -0.9323
vn 0.3492 -0.6133 -0.7085
vn 0.0559 -0.7146 -0.6973
vn -0.0537 0.3136 0.9480
vn 0.0560 -0.7145 -0.6974
vn 0.3550 -0.8904 -0.2848
vn 0.0559 -0.7145 -0.6974
vn 0.3201 -0.8618 -0.3935
vn 0.0544 -0.2497 -0.9668
vn 0.0891 -0.7208 -0.6874
vn -0.1584 -0.9347 -0.3183
vn 0.2277 -0.9737 -0.0000
vn 0.0812 -0.6898 -0.7194
vn 0.2370 -0.9699 0.0556
vn 0.5008 -0.8041 0.3202
vn -0.1165 -0.9791 -0.1665
vn 0.2036 -0.9790 -0.0000
vn -0.6022 -0.7327 0.3171
vn 0.3520 -0.8669 0.3528
vn 0.5630 -0.3396 0.7535
vn 0.5144 0.5790 -0.6325
vn 0.0163 0.4929 -0.8700
vn 0.0126 -0.2568 -0.9664
vn 0.3626 0.3123 -0.8781
vn -0.1322 -0.9084 0.3966
vn -0.4734 -0.8809 -0.0000
vn -0.1619 -0.7007 0.6948
vn 0.3368 -0.2928 -0.8949
vn 0.0390 0.3428 -0.9386
vn 0.0947 -0.3366 0.9369
vn 0.4547 0.4262 -0.7820
vn 0.0107 -0.3763 0.9264
vn -0.3986 0.0219 0.9168
vn 0.1864 -0.3777 -0.9070
vn -0.2578 0.0197 -0.9660
vn -0.1321 -0.3966 0.9085
vn -0.6564 0.1928 0.7293
vn 0.2271 -0.3843 -0.8949
vn 0.5767 -0.2227 -0.7860
vn -0.2914 -0.0728 0.9538
vn 0.4531 -0.8151 -0.3611
vn -0.0506 -0.0458 -0.9977
vn 0.0518 -0.4215 0.9054
vn 0.2980 -0.6580 -0.6916
vn 0.2761 0.0734 -0.9583
vn -0.4344 0.2229 -0.8727
vn 0.0359 -0.3670 -0.9295
vn -0.0482 -0.4043 0.9133
vn 0.0916 0.0063 -0.9958
vn 0.0274 -0.3831 0.9233
vn 0.2626 -0.8802 0.3952
vn -0.1000 -0.9950 -0.0000
vn -0.1701 -0.6997 0.6939
vn 0.2453 -0.9694 -0.0000
vn -0.1157 -0.9173 -0.3811
vn -0.1583 -0.4515 0.8781
vn 0.2387 -0.8930 0.3816
vn 0.2197 -0.3621 0.9059
vn 0.0671 0.0301 0.9973
vn 0.1650 -0.6911 0.7037
vn -0.5362 0.5245 -0.6614
vn 0.1651 -0.6912 0.7036
vn -0.1582 -0.4515 -0.8781
vn 0.2387 -0.8930 -0.3816
vn 0.1650 -0.6990 -0.6958
vn 0.2198 -0.3621 -0.9058
vn 0.2197 -0.3621 -0.9059
vn -0.5362 0.5245 0.6613
vn 0.1651 -0.6911 -0.7037
vn 0.1649 -0.6990 -0.6958
vn 0.3695 -0.8528 -0.3690
vn 0.0525 -0.3925 -0.9183
vn 0.2709 -0.9626 -0.0000
vn 0.1650 -0.6991 -0.6958
vn 0.4679 -0.8039 0.3672
vn 0.4537 -0.7839 -0.4239
vn 0.7857 -0.6185 -0.0000
vn 0.7807 -0.5461 0.3037
vn 0.4658 -0.2303 0.8544
vn -0.6553 -0.1114 -0.7471
vn 0.1190 0.1153 0.9862
vn 0.2682 -0.5042 -0.8209
vn -0.0813 -0.3805 0.9212
vn 0.0891 -0.7208 0.6874
vn 0.1226 -0.7560 0.6430
vn -0.0940 0.3664 -0.9257
vn 0.3698 -0.2305 -0.9000
vn -0.2756 -0.1117 -0.9548
vn 0.1685 -0.4643 0.8695
vn 0.2966 -0.8657 -0.4033
vn 0.0857 -0.9963 -0.0000
vn 0.2966 -0.8657 0.4033
vn 0.4116 -0.8225 -0.3926
vn 0.7124 -0.7017 -0.0000
vn 0.5155 -0.8569 0.0001
vn 0.0778 -0.9473 -0.3108
vn 0.2903 -0.6434 -0.7084
vn 0.7316 -0.5583 -0.3913
vn 0.2735 -0.6508 -0.7083
vn 0.0779 -0.9473 -0.3107
vn 0.4262 -0.8267 -0.3673
vn 0.2734 -0.6508 -0.7083
vn 0.4792 -0.4851 -0.7314
vn 0.0206 -0.2805 -0.9596
vn -0.3313 0.6425 0.6910
vn 0.1717 0.2706 0.9472
vn -0.0812 -0.3805 -0.9212
vn -0.3493 -0.5371 -0.7678
vn -0.0941 0.3664 0.9257
vn 0.1227 -0.7560 -0.6429
vn 0.3698 -0.2305 0.9001
vn -0.2757 -0.1117 0.9547
vn 0.2615 -0.3548 0.8976
vn -0.1920 -0.0590 -0.9796
vn 0.1686 -0.4643 -0.8695
vn 0.3694 -0.8528 -0.3690
vn 0.1651 -0.6911 -0.7036
vn 0.2904 -0.6514 -0.7009
vn 0.5403 -0.8415 -0.0000
vn 0.2903 -0.6515 0.7010
vn 0.0443 -0.9296 0.3659
vn 0.3720 -0.8507 0.3715
vn 0.2459 -0.8884 -0.3876
vn 0.0052 -0.7343 0.6788
vn 0.2043 -0.2601 0.9437
vn 0.2780 -0.3072 0.9101
vn -0.2024 -0.1600 -0.9661
vn -0.6365 0.0407 -0.7702
vn 0.0770 -0.4400 -0.8947
vn -0.3916 -0.1636 -0.9055
vn 0.5621 -0.2695 0.7819
vn 0.0673 0.0456 0.9967
vn -0.1295 0.2510 0.9593
vn 0.4852 -0.1311 0.8645
vn -0.0247 -0.4986 -0.8665
vn 0.4262 -0.8267 -0.3674
vn 0.4620 -0.5234 -0.7160
vn 0.4621 -0.5234 -0.7159
vn 0.1396 -0.6976 -0.7027
vn 0.5342 -0.7578 -0.3746
vn 0.7201 -0.6938 -0.0000
vn 0.4912 -0.7152 0.4972
vn 0.4912 -0.7151 -0.4973
vn 0.7315 -0.5583 0.3913
vn 0.2903 -0.6434 0.7084
vn 0.2735 -0.6508 0.7083
vn 0.0779 -0.9473 0.3107
vn -0.3311 0.6425 -0.6911
vn 0.3879 -0.8332 0.3941
vn 0.1717 0.2706 -0.9472
vn -0.5249 -0.8009 -0.2882
vn -0.1701 -0.6996 -0.6940
vn 0.2626 -0.8803 -0.3952
vn 0.1788 -0.9041 -0.3880
vn 0.1874 -0.9055 -0.3807
vn 0.5554 -0.8316 -0.0000
vn 0.4517 -0.8922 0.0004
vn 0.1195 -0.9174 0.3796
vn -0.2435 0.3603 -0.9005
vn 0.1196 -0.9174 0.3796
vn 0.3493 -0.6133 0.7085
vn 0.3655 -0.6048 0.7075
vn 0.7224 -0.6035 0.3375
vn 0.3201 -0.8618 0.3934
vn 0.0782 -0.3530 0.9323
vn 0.0559 -0.7145 0.6973
vn -0.0536 0.3136 -0.9481
vn -0.5572 0.4981 -0.6643
vn 0.0544 -0.2498 0.9668
vn 0.4133 -0.5787 0.7030
vn -0.1584 -0.9347 0.3183
vn 0.2371 -0.9699 -0.0556
vn 0.0812 -0.6898 0.7195
vn 0.5460 -0.8378 -0.0000
vn 0.3137 -0.8181 -0.4819
vn 0.1615 -0.9869 -0.0000
vn 0.7224 -0.6035 -0.3374
vn 0.3656 -0.6048 -0.7075
vn 0.1195 -0.9174 -0.3796
vn 0.3521 -0.8669 -0.3529
vn -0.6022 -0.7327 -0.3171
vn 0.5631 -0.3395 -0.7534
vn -0.3694 0.8528 -0.3691
vn -0.1650 0.6990 -0.6958
vn -0.2297 0.8990 -0.3730
vn 0.4439 -0.8133 -0.3760
vn -0.4222 0.5716 -0.7036
vn -0.2118 0.9104 -0.3555
vn -0.4390 0.6117 -0.6581
vn -0.0640 0.7296 -0.6808
vn -0.2113 0.9588 -0.1899
vn 0.0365 0.7066 -0.7067
vn -0.2533 -0.6823 0.6858
vn -0.1712 0.2758 -0.9459
vn -0.3708 0.6716 -0.6415
vn -0.0639 0.7296 -0.6808
vn 0.2124 -0.8968 0.3880
vn 0.4467 0.8252 -0.3458
vn -0.0995 -0.9505 -0.2943
vn 0.0453 0.7371 -0.6742
vn 0.6397 0.2635 -0.7220
vn 0.1222 0.8062 -0.5788
vn 0.6868 0.6656 -0.2919
vn 0.4073 0.9133 -0.0000
vn 0.1337 0.9740 -0.1828
vn 0.2785 -0.9604 -0.0001
vn -0.3707 0.9287 -0.0000
vn 0.2044 -0.8984 -0.3888
vn -0.1106 0.9939 0.0001
vn 0.6339 -0.7735 -0.0000
vn 0.0496 0.9980 0.0397
vn -0.3409 -0.8634 -0.3718
vn -0.3555 0.8674 0.3483
vn 0.7896 -0.5696 -0.2281
vn -0.1812 -0.8572 -0.4820
vn 0.8250 -0.2308 -0.5158
vn 0.0416 -0.0085 -0.9991
vn -0.2887 -0.3376 -0.8959
vn -0.1041 -0.2700 -0.9572
vn 0.4051 -0.0374 -0.9135
vn 0.0295 0.2726 -0.9617
vn -0.2533 -0.6823 -0.6858
vn -0.0364 -0.7105 -0.7028
vn -0.3708 0.6716 0.6414
vn 0.1541 -0.3071 -0.9391
vn 0.4456 -0.6096 -0.6557
vn 0.2125 -0.8968 -0.3881
vn -0.4927 0.8680 -0.0627
vn 0.3535 -0.8625 -0.3620
vn -0.7192 0.6240 0.3056
vn -0.4926 0.8680 -0.0627
vn -0.9411 -0.2222 -0.2547
vn -0.2470 -0.2999 -0.9214
vn -0.8214 -0.0395 -0.5691
vn -0.8120 -0.0994 -0.5751
vn -0.3475 -0.3830 -0.8559
vn -0.6460 -0.4482 -0.6179
vn -0.6680 -0.3934 -0.6317
vn -0.5530 -0.0528 -0.8315
vn -0.7739 0.1406 -0.6174
vn -0.6940 0.3069 -0.6513
vn -0.2761 -0.0655 -0.9589
vn -0.9239 0.2292 -0.3064
vn -0.7326 0.2838 -0.6187
vn 0.2449 -0.3467 -0.9054
vn 0.2781 -0.3072 -0.9101
vn 0.2428 0.1047 -0.9644
vn 0.5392 -0.2157 -0.8140
vn 0.4706 -0.5551 -0.6859
vn 0.5622 -0.2695 -0.7818
vn -0.1153 0.6254 -0.7718
vn 0.2769 0.1508 -0.9490
vn 0.0927 0.5473 -0.8318
vn -0.4194 0.8295 -0.3687
vn -0.4612 0.5458 -0.6996
vn -0.5013 0.8447 -0.1878
vn 0.0136 0.8528 -0.5220
vn -0.1968 0.7512 -0.6300
vn 0.4362 -0.8940 -0.1022
vn -0.0178 0.4530 -0.8913
vn -0.0687 0.9668 -0.2459
vn 0.3738 0.5663 -0.7346
vn -0.4627 -0.8843 0.0627
vn 0.2829 0.9109 -0.3004
vn -0.5428 -0.8253 0.1560
vn 0.7954 0.2586 -0.5482
vn -0.0413 -0.9938 0.1036
vn 0.5393 0.7300 -0.4198
vn 0.5157 0.7018 -0.4914
vn 0.6448 0.4624 -0.6087
vn 0.3379 0.3816 -0.8603
vn 0.1451 0.6787 -0.7199
vn -0.0033 0.8473 -0.5312
vn -0.6236 -0.5861 -0.5174
vn 0.8698 0.2106 -0.4463
vn 0.9243 0.3032 0.2317
vn 0.4639 0.5181 -0.7186
vn -0.9807 0.1918 0.0371
vn 0.8065 0.4765 -0.3499
vn 0.9748 0.1835 -0.1267
vn 0.7872 0.5398 -0.2982
vn 0.6407 0.3168 -0.6994
vn 0.8180 0.0319 -0.5743
vn -0.1257 0.5092 -0.8514
vn 0.5765 0.0752 -0.8137
vn 0.5969 0.0514 -0.8007
vn 0.8434 0.1584 -0.5135
vn 0.6566 -0.3306 -0.6780
vn 0.8180 0.0318 -0.5744
vn 0.7310 -0.2908 -0.6174
vn 0.9339 -0.1704 -0.3144
vn 0.4703 0.1075 -0.8759
vn -0.9523 -0.1694 0.2537
vn -0.9240 0.2070 0.3214
vn -0.9993 0.0380 -0.0001
vn -0.9241 0.2070 -0.3213
vn 0.8896 -0.1778 -0.4207
vn -0.9524 -0.1693 -0.2537
vn 0.9339 -0.1704 0.3144
vn -0.8903 0.4554 -0.0000
vn 0.8813 -0.1999 -0.4282
vn 0.9999 0.0134 0.0001
vn 0.7896 -0.5241 -0.3192
vn -0.8783 0.4607 -0.1278
vn -0.9316 0.2070 0.2988
vn 0.9078 -0.2833 -0.3093
vn 0.4276 -0.1225 -0.8957
vn 0.7831 -0.5783 -0.2287
vn 0.3649 -0.0136 -0.9310
vn -0.7076 0.3668 0.6040
vn 0.4707 -0.5550 -0.6858
vn 0.5392 -0.2158 -0.8140
vn -0.7303 0.6803 0.0614
vn 0.4659 -0.2303 -0.8544
vn 0.6008 0.0364 -0.7985
vn 0.8382 -0.4719 -0.2733
vn 0.1190 0.1152 -0.9862
vn 0.6676 -0.0031 -0.7446
vn -0.1576 0.5952 -0.7880
vn 0.4396 0.5041 -0.7434
vn -0.0257 0.4839 -0.8747
vn 0.6061 0.0285 -0.7948
vn 0.1897 -0.7561 -0.6263
vn 0.0597 -0.4622 -0.8848
vn -0.5405 0.7786 0.3190
vn 0.0861 -0.9631 -0.2549
vn 0.2220 -0.7688 -0.5997
vn -0.1445 0.9779 0.1510
vn -0.2468 -0.3303 -0.9111
vn 0.2829 0.9109 0.3005
vn 0.1847 0.9828 0.0001
vn 0.3051 -0.6878 -0.6587
vn -0.4614 0.8872 -0.0000
vn 0.0577 0.9766 0.2072
vn -0.4027 -0.7384 -0.5410
vn 0.3984 0.9124 0.0943
vn -0.0917 -0.9757 -0.1990
vn 0.5115 0.8288 0.2270
vn -0.7314 -0.4964 -0.4675
vn -0.3221 -0.8060 -0.4965
vn -0.2036 0.9790 0.0079
vn -0.2216 -0.7554 -0.6167
vn -0.5250 -0.7104 -0.4687
vn -0.2730 -0.4075 -0.8715
vn 0.6692 0.7106 0.2172
vn -0.2571 -0.8502 -0.4594
vn -0.6579 0.2545 -0.7088
vn -0.7436 0.5783 -0.3357
vn -0.9337 0.2075 -0.2919
vn 0.7927 -0.4499 -0.4114
vn 0.7877 -0.5227 0.3261
vn -0.7124 0.7018 0.0001
vn -0.6154 0.5073 -0.6033
vn -0.4456 0.8081 0.3851
vn 0.4679 -0.8039 -0.3672
vn -0.4501 0.8731 0.1874
vn 0.0051 -0.7343 -0.6788
vn 0.4625 -0.5707 -0.6785
vn -0.2377 -0.7381 -0.6314
vn -0.1619 -0.7007 -0.6949
vn -0.1619 -0.7006 -0.6949
vn -0.3160 -0.0027 -0.9487
vn -0.5749 -0.3983 -0.7148
vn -0.3088 -0.0262 -0.9508
vn -0.1558 -0.3328 -0.9300
vn -0.4501 -0.6206 -0.6422
vn 0.1814 -0.6651 -0.7243
vn -0.1470 -0.3170 -0.9369
vn 0.1814 -0.6651 -0.7244
vn 0.0998 0.9660 0.2385
vn 0.5235 0.6404 0.5620
vn -0.0416 0.0084 -0.9991
vn -0.0775 -0.6558 -0.7509
vn -0.3985 0.0219 -0.9169
vn 0.0108 0.6792 -0.7339
vn -0.6564 0.1928 -0.7293
vn -0.1020 0.3983 -0.9116
vn -0.2190 0.3527 -0.9098
vn 0.5768 -0.2227 0.7860
vn 0.0517 -0.4215 -0.9053
vn 0.2176 0.0587 -0.9743
vn 0.0928 0.0454 -0.9947
vn -0.0482 -0.4044 -0.9133
vn 0.3710 -0.6162 -0.6947
vn 0.0782 -0.3530 -0.9323
vn 0.0891 -0.7207 -0.6875
vn 0.0813 -0.6898 -0.7194
vn -0.3625 0.8482 0.3862
vn 0.0830 0.9675 -0.2387
vn 0.2036 -0.9791 -0.0000
vn 0.5612 0.8277 -0.0000
vn -0.1166 -0.9791 -0.1665
vn -0.1338 -0.9895 0.0556
vn 0.8807 0.1647 -0.4440
vn 0.0163 0.4929 -0.8699
vn -0.1943 0.4092 -0.8915
vn 0.1558 0.3328 -0.9300
vn -0.2652 0.6998 -0.6633
vn 0.0997 0.9660 -0.2384
vn 0.1539 0.7094 -0.6878
vn 0.2992 0.0339 -0.9536
vn 0.3367 -0.2928 -0.8949
vn 0.5583 0.0676 -0.8269
vn 0.1084 0.4981 -0.8603
vn 0.1861 -0.4255 -0.8856
vn 0.2270 -0.3842 -0.8949
vn 0.4532 -0.8151 -0.3610
vn 0.2198 -0.3620 -0.9059
vn -0.0507 -0.0458 -0.9977
vn 0.2979 -0.6580 -0.6916
vn 0.2761 0.0733 -0.9583
vn -0.0928 -0.0454 -0.9946
vn -0.0696 0.3600 -0.9304
vn -0.3475 0.6180 -0.7052
vn -0.4199 0.8067 -0.4159
vn -0.0781 0.3531 -0.9323
vn 0.0872 0.7272 -0.6808
vn -0.2824 0.6283 -0.7249
vn -0.1706 0.9054 -0.3887
vn -0.1084 -0.9941 -0.0000
vn 0.1659 0.4570 -0.8739
vn 0.5212 0.8534 -0.0000
vn 0.1229 0.8671 -0.4827
vn -0.1643 0.7298 -0.6637
vn -0.1649 0.6990 -0.6959
vn -0.0307 0.7151 -0.6983
vn -0.3606 0.8837 -0.2983
vn -0.5363 0.5244 -0.6613
vn 0.3778 -0.9259 -0.0000
vn 0.1950 -0.3542 -0.9146
vn -0.2199 0.3065 -0.9261
vn -0.1583 -0.4515 -0.8781
vn 0.4623 -0.5708 -0.6786
vn 0.2198 -0.3621 -0.9059
vn -0.3605 0.8838 0.2983
vn -0.5362 0.5244 0.6614
vn 0.3695 -0.8528 -0.3691
vn 0.3778 -0.9259 0.0001
vn 0.0441 -0.9296 -0.3658
vn 0.0524 -0.3925 -0.9182
vn 0.3709 -0.8482 -0.3782
vn -0.5497 0.8354 0.0001
vn 0.7857 -0.6186 -0.0000
vn -0.3795 0.7442 -0.5496
vn -0.4679 0.8039 -0.3672
vn -0.5440 0.4538 -0.7058
vn 0.6138 -0.7003 -0.3644
vn -0.4457 0.8081 -0.3851
vn 0.7896 -0.5240 0.3193
vn -0.5309 0.2078 -0.8215
vn -0.2690 -0.1589 -0.9500
vn -0.7706 0.3367 -0.5411
vn -0.6426 0.1703 -0.7471
vn -0.0890 0.7207 -0.6875
vn -0.2451 0.8857 -0.3942
vn 0.3699 -0.2306 -0.9000
vn -0.1352 0.4474 -0.8841
vn -0.2756 -0.1117 -0.9547
vn 0.4116 -0.8224 -0.3926
vn 0.0329 0.9995 0.0001
vn -0.6443 0.6362 0.4243
vn 0.2903 -0.6433 -0.7084
vn 0.7315 -0.5583 -0.3913
vn 0.2965 -0.8657 -0.4034
vn 0.0778 -0.9473 -0.3107
vn -0.3451 0.9352 0.0789
vn 0.0206 -0.2806 -0.9596
vn -0.0540 -0.7516 -0.6574
vn 0.3880 -0.8331 -0.3942
vn -0.3492 -0.5372 -0.7678
vn -0.2348 -0.1204 -0.9646
vn -0.1921 -0.0590 -0.9796
vn 0.1686 -0.4642 -0.8695
vn 0.6615 -0.6761 -0.3247
vn 0.2453 -0.9694 0.0001
vn -0.3300 0.8169 -0.4731
vn -0.6026 0.7980 -0.0000
vn 0.2902 -0.6515 -0.7009
vn 0.5403 -0.8415 0.0001
vn -0.4821 0.7926 -0.3732
vn 0.0486 0.9356 -0.3498
vn 0.3720 -0.8506 0.3715
vn -0.1650 0.6990 -0.6959
vn -0.2440 0.3375 -0.9092
vn -0.4501 0.8731 -0.1874
vn -0.2237 0.6834 -0.6949
vn -0.5588 0.4838 -0.6735
vn -0.2025 -0.1600 -0.9661
vn -0.5012 0.8447 0.1879
vn -0.0246 -0.4985 -0.8665
vn 0.0137 0.8529 0.5220
vn -0.5085 0.7639 -0.3975
vn -0.5007 0.7803 0.3747
vn 0.1397 -0.6976 -0.7027
vn -0.2202 0.9279 0.3008
vn 0.5343 -0.7578 -0.3746
vn -0.3789 0.7669 -0.5179
vn -0.1614 0.9869 -0.0000
vn 0.3779 -0.9259 0.0001
vn 0.4912 -0.7152 -0.4972
vn -0.2698 0.9013 -0.3390
vn 0.1718 0.2706 -0.9473
vn 0.0405 0.9500 -0.3097
vn 0.2625 -0.8803 -0.3952
vn -0.1203 0.9063 0.4052
vn 0.3822 0.8685 0.3157
vn 0.1875 -0.9055 -0.3806
vn -0.3778 0.9259 -0.0000
vn -0.1847 -0.9828 0.0001
vn 0.0076 1.0000 -0.0000
vn -0.2537 0.8867 -0.3867
vn -0.2433 0.3604 -0.9005
vn 0.4744 -0.8803 -0.0001
vn 0.7224 -0.6036 0.3375
vn -0.3201 0.8618 -0.3935
vn 0.2371 -0.9699 -0.0555
vn 0.0401 0.9333 -0.3568
vn 0.4851 -0.7897 0.3755
vn -0.3044 0.8314 -0.4649
vn 0.3137 -0.8181 -0.4820
vn 0.1615 -0.9869 0.0001
vn 0.3656 -0.6049 -0.7075
vn -0.2537 0.8866 0.3868
vt 34.104198 -25.029699
vt 34.061100 -25.062700
vt 34.108601 -25.035900
vt 33.937599 -25.084101
vt 34.065201 -25.091000
vt 34.062401 -25.084101
vt 34.064301 -25.081699
vt 34.111301 -25.034700
vt 34.105999 -25.029400
vt 34.148499 -24.997400
vt 34.153999 -25.002600
vt 34.069500 -25.087200
vt 34.157501 -24.998800
vt 34.150501 -24.995800
vt 34.062199 -24.771200
vt 34.090900 -24.846399
vt 34.067799 -24.766300
vt 34.104599 -24.819599
vt 34.153999 -24.864100
vt 34.109901 -24.814199
vt 34.148602 -24.869200
vt 34.065300 -24.776100
vt 33.934700 -24.776100
vt 34.062302 -24.783001
vt 33.937698 -24.783001
vt 33.849499 -24.871201
vt 33.851398 -24.869200
vt 33.895401 -24.819599
vt 33.846001 -24.864100
vt 33.890099 -24.814199
vt 33.842499 -24.868299
vt 33.849499 -24.995800
vt 33.932201 -24.766300
vt 33.909100 -24.846399
vt 33.937801 -24.771200
vt 34.010399 -25.219601
vt 34.005199 -25.222099
vt 34.011600 -25.220900
vt 34.006001 -25.220100
vt 34.016701 -25.193501
vt 34.010899 -25.219400
vt 34.006001 -25.217199
vt 34.004799 -25.217100
vt 34.021000 -25.183001
vt 34.013802 -25.217100
vt 34.043999 -25.163500
vt 34.041901 -25.166800
vt 34.019699 -25.218599
vt 34.021801 -25.183901
vt 34.021702 -25.180300
vt 34.042801 -25.162701
vt 34.039902 -25.104401
vt 34.041199 -25.099199
vt 33.919102 -25.064800
vt 33.932598 -24.998699
vt 33.926800 -24.995800
vt 33.925999 -25.066401
vt 33.933201 -24.997299
vt 33.926800 -25.068600
vt 33.934200 -25.000601
vt 33.919601 -25.070400
vt 33.931999 -25.129400
vt 33.926800 -25.069901
vt 33.939201 -25.128201
vt 33.933399 -25.133301
vt 33.954300 -25.183599
vt 33.940601 -25.131201
vt 33.947300 -25.186501
vt 33.951302 -25.191500
vt 33.977501 -25.206699
vt 33.956501 -25.186300
vt 33.972599 -25.212299
vt 33.998600 -25.228201
vt 33.994499 -25.235201
vt 33.997601 -25.235500
vt 33.990898 -25.233700
vt 33.993999 -25.226801
vt 33.989601 -25.226400
vt 33.986500 -25.233200
vt 33.993999 -25.233601
vt 33.996601 -25.227100
vt 33.993500 -25.226000
vt 33.990398 -25.231701
vt 33.988400 -25.226200
vt 33.991501 -25.223499
vt 33.988400 -25.224701
vt 33.987000 -25.228500
vt 33.988400 -25.221300
vt 33.982700 -25.226000
vt 33.976002 -25.203400
vt 33.969501 -25.206499
vt 33.992699 -25.225000
vt 33.996601 -25.225599
vt 33.993401 -25.223900
vt 33.991798 -25.227501
vt 33.994202 -25.223101
vt 33.994801 -25.222099
vt 34.000000 -25.227699
vt 33.988400 -25.220900
vt 33.991299 -25.222500
vt 33.998600 -25.224501
vt 33.996601 -25.221701
vt 34.000000 -25.220900
vt 34.001400 -25.224501
vt 34.003399 -25.221701
vt 34.003601 -25.219601
vt 34.001801 -25.221300
vt 33.998199 -25.221300
vt 33.996399 -25.219601
vt 33.995201 -25.217100
vt 34.000000 -25.218700
vt 33.989601 -25.219601
vt 33.993999 -25.220100
vt 33.993999 -25.217199
vt 33.983299 -25.193501
vt 33.989101 -25.219400
vt 33.979000 -25.183001
vt 33.986198 -25.217100
vt 33.978199 -25.183901
vt 33.980301 -25.218599
vt 33.956001 -25.163500
vt 33.958099 -25.166800
vt 33.978298 -25.180300
vt 33.957199 -25.162701
vt 33.960098 -25.104401
vt 33.958801 -25.099199
vt 33.981998 -25.148199
vt 33.982899 -25.152300
vt 33.980598 -25.182699
vt 33.994301 -25.212500
vt 33.998299 -25.178301
vt 34.000000 -25.177900
vt 34.000000 -25.189501
vt 33.996899 -25.216499
vt 34.003101 -25.216499
vt 34.005699 -25.212500
vt 34.019402 -25.182699
vt 34.017101 -25.152300
vt 34.018002 -25.148199
vt 34.001701 -25.178301
vt 34.000000 -25.175100
vt 34.016399 -25.148100
vt 34.000000 -25.092501
vt 34.000000 -25.086901
vt 33.983601 -25.148100
vt 33.981602 -25.144400
vt 33.998501 -25.087299
vt 33.970501 -25.036699
vt 33.969898 -25.033001
vt 33.960300 -25.098900
vt 33.963699 -25.031000
vt 33.953602 -25.094200
vt 33.968899 -25.033899
vt 33.958302 -25.096701
vt 33.927898 -25.067801
vt 33.928001 -25.071501
vt 33.948399 -25.159300
vt 33.958099 -25.100201
vt 33.952599 -25.098600
vt 33.955002 -25.160299
vt 33.949100 -25.166401
vt 33.962101 -25.195900
vt 33.956100 -25.164200
vt 33.968800 -25.193199
vt 33.964001 -25.199900
vt 33.986301 -25.223600
vt 33.970402 -25.196400
vt 33.980099 -25.228001
vt 34.013699 -25.223600
vt 34.035999 -25.199900
vt 34.029598 -25.196400
vt 34.019901 -25.228001
vt 34.010399 -25.226400
vt 34.009102 -25.233700
vt 34.013500 -25.233200
vt 34.006001 -25.226801
vt 34.001400 -25.228201
vt 34.002399 -25.235500
vt 34.005501 -25.235201
vt 34.006001 -25.233601
vt 34.006500 -25.226000
vt 34.003399 -25.227100
vt 34.009602 -25.231701
vt 34.008499 -25.223499
vt 34.011600 -25.226200
vt 34.011600 -25.224701
vt 34.013000 -25.228500
vt 34.011600 -25.221300
vt 34.017300 -25.226000
vt 34.023998 -25.203400
vt 34.030499 -25.206499
vt 34.003399 -25.225599
vt 34.007301 -25.225000
vt 34.006599 -25.223900
vt 34.008202 -25.227501
vt 34.005798 -25.223101
vt 34.008701 -25.222500
vt 34.018398 -25.144400
vt 34.039700 -25.098900
vt 34.029499 -25.036699
vt 34.030102 -25.033001
vt 34.001499 -25.087299
vt 34.028500 -25.033100
vt 34.000000 -25.084101
vt 34.000000 -24.977200
vt 34.000000 -24.973499
vt 33.971500 -25.033100
vt 33.953201 -24.924000
vt 33.998402 -24.974100
vt 33.934898 -24.996799
vt 33.927898 -24.991899
vt 33.951698 -24.922899
vt 33.946098 -24.918501
vt 33.933102 -24.995899
vt 34.092602 -25.000700
vt 34.074600 -25.059500
vt 34.099300 -25.004400
vt 34.145901 -24.978100
vt 34.093498 -25.026699
vt 34.151501 -24.983101
vt 34.088299 -25.021400
vt 34.112598 -25.031900
vt 34.147499 -24.976999
vt 34.106499 -25.027500
vt 34.157501 -24.868299
vt 34.150501 -24.871201
vt 34.147301 -24.857500
vt 34.130299 -24.935301
vt 34.154701 -24.857500
vt 34.123100 -24.935301
vt 34.103298 -24.993900
vt 34.113499 -25.063101
vt 34.110802 -24.994499
vt 34.120399 -25.065100
vt 34.068001 -25.113100
vt 34.117901 -25.070400
vt 34.112499 -25.065399
vt 34.073200 -25.118500
vt 33.934799 -25.091000
vt 33.891399 -25.035900
vt 33.938900 -25.062700
vt 33.895802 -25.029699
vt 33.842499 -24.998800
vt 33.935699 -25.081699
vt 33.888699 -25.034700
vt 33.930500 -25.087200
vt 33.894001 -25.029400
vt 33.846001 -25.002600
vt 33.851501 -24.997400
vt 33.852501 -24.976999
vt 33.887402 -25.031900
vt 33.893501 -25.027500
vt 33.848499 -24.983101
vt 33.906502 -25.026699
vt 33.854099 -24.978100
vt 33.911701 -25.021400
vt 33.852699 -24.857500
vt 33.869701 -24.935301
vt 33.876900 -24.935301
vt 33.845299 -24.857500
vt 33.889198 -24.994499
vt 33.886501 -25.063101
vt 33.896702 -24.993900
vt 33.879601 -25.065100
vt 33.900700 -25.004400
vt 33.925400 -25.059500
vt 33.907398 -25.000700
vt 33.909401 -25.028099
vt 33.960701 -25.052401
vt 33.913700 -25.021999
vt 34.079399 -24.922600
vt 34.113499 -24.979700
vt 34.120399 -24.976500
vt 34.073502 -24.927200
vt 33.886501 -24.979700
vt 33.920601 -24.922600
vt 33.879601 -24.976500
vt 33.926498 -24.927200
vt 34.046799 -24.924000
vt 34.001598 -24.974100
vt 34.066799 -24.997299
vt 34.065102 -24.996799
vt 34.073200 -25.068600
vt 34.065800 -25.000601
vt 34.041698 -25.096701
vt 34.072102 -25.067801
vt 34.031101 -25.033899
vt 34.046398 -25.094200
vt 34.036301 -25.031000
vt 34.071999 -25.071501
vt 34.041901 -25.100201
vt 34.051601 -25.159300
vt 34.047401 -25.098600
vt 34.044998 -25.160299
vt 34.043900 -25.164200
vt 34.037899 -25.195900
vt 34.050900 -25.166401
vt 34.031200 -25.193199
vt 33.924801 -25.118500
vt 33.898300 -25.058599
vt 33.917999 -25.121799
vt 33.905602 -25.056700
vt 33.886200 -24.982401
vt 33.897301 -25.054701
vt 33.904701 -25.054001
vt 33.878700 -24.982700
vt 34.019100 -25.200701
vt 34.046799 -25.169100
vt 34.042400 -25.163500
vt 34.049801 -25.167101
vt 34.079102 -25.125299
vt 34.044498 -25.161900
vt 34.073002 -25.120701
vt 34.082001 -25.121799
vt 34.101700 -25.058599
vt 34.075199 -25.118500
vt 34.094398 -25.056700
vt 34.102699 -25.054701
vt 34.113800 -24.982401
vt 34.095299 -25.054001
vt 34.121300 -24.982700
vt 34.048302 -24.922899
vt 34.072102 -24.991899
vt 34.053902 -24.918501
vt 34.066898 -24.995899
vt 34.067402 -24.998699
vt 34.080898 -25.064800
vt 34.073200 -24.995800
vt 34.074001 -25.066401
vt 34.073200 -25.069901
vt 34.068001 -25.129400
vt 34.080399 -25.070400
vt 34.060799 -25.128201
vt 34.059399 -25.131201
vt 34.045700 -25.183599
vt 34.066601 -25.133301
vt 34.052700 -25.186501
vt 34.022499 -25.206699
vt 34.048698 -25.191500
vt 34.043499 -25.186300
vt 34.027401 -25.212299
vt 33.953201 -25.169100
vt 33.980900 -25.200701
vt 33.957600 -25.163500
vt 33.955502 -25.161900
vt 33.920898 -25.125299
vt 33.950199 -25.167101
vt 33.926998 -25.120701
vt 34.086300 -25.021999
vt 34.039299 -25.052401
vt 34.090599 -25.028099
vt 33.882099 -25.070400
vt 33.931999 -25.113100
vt 33.887501 -25.065399
vt 33.926800 -25.118500
vt 33.775101 -25.061100
vt 33.704201 -25.000000
vt 33.703999 -25.001600
vt 33.634201 -25.062300
vt 33.706402 -25.105900
vt 33.706402 -25.104200
vt 33.777302 -25.060900
vt 33.631901 -25.062401
vt 33.631901 -24.937599
vt 33.634201 -24.937700
vt 33.634800 -25.064301
vt 33.703701 -25.106001
vt 33.632301 -25.150499
vt 33.634899 -25.148500
vt 33.989300 -25.041500
vt 34.069599 -25.078400
vt 34.073002 -25.078100
vt 33.887199 -25.090700
vt 33.986401 -25.041901
vt 33.887600 -25.088400
vt 33.814301 -25.063299
vt 33.983101 -25.039200
vt 33.884201 -25.084000
vt 33.893799 -25.000000
vt 33.893799 -25.002501
vt 33.809101 -25.063801
vt 33.798500 -25.146200
vt 33.884102 -25.090900
vt 33.881001 -25.086000
vt 33.800098 -25.151100
vt 33.799702 -25.154200
vt 33.720600 -25.109501
vt 33.717499 -25.109900
vt 33.808899 -25.067801
vt 33.804001 -25.063801
vt 33.717300 -25.107401
vt 33.635799 -25.065201
vt 33.719700 -25.000000
vt 33.719601 -25.002701
vt 33.632599 -25.065300
vt 33.714802 -25.109900
vt 33.633900 -25.069099
vt 33.633801 -25.153999
vt 33.633801 -24.939899
vt 33.632599 -24.934700
vt 33.633801 -25.060101
vt 33.716900 -25.000000
vt 33.635799 -24.934799
vt 33.719601 -24.997299
vt 33.804001 -24.936199
vt 33.809101 -24.936199
vt 33.722900 -25.000000
vt 33.809200 -25.058701
vt 33.890598 -25.000000
vt 33.809200 -24.941299
vt 33.717499 -24.890100
vt 33.717300 -24.892599
vt 33.633801 -24.846001
vt 33.633900 -24.930901
vt 33.714802 -24.890100
vt 33.709702 -24.843599
vt 33.635201 -24.849501
vt 33.709202 -24.851101
vt 33.633900 -24.842100
vt 33.635899 -24.842600
vt 33.711800 -24.851900
vt 33.712002 -24.844400
vt 33.795101 -24.845699
vt 33.799702 -24.845800
vt 33.795898 -24.852600
vt 33.635101 -24.849501
vt 33.720600 -24.890499
vt 33.884102 -24.909100
vt 33.887199 -24.909300
vt 33.798500 -24.853800
vt 33.800098 -24.848900
vt 33.881001 -24.914000
vt 33.808899 -24.932199
vt 33.884201 -24.916000
vt 33.983101 -24.960800
vt 33.887600 -24.911600
vt 33.814301 -24.936701
vt 33.986401 -24.958099
vt 33.893799 -24.997499
vt 34.355999 -25.010401
vt 34.362499 -25.009300
vt 34.356499 -25.006001
vt 34.362598 -25.013700
vt 34.335098 -25.029400
vt 34.358200 -25.019699
vt 34.353699 -25.013800
vt 34.355301 -25.026199
vt 34.335499 -25.042801
vt 34.341499 -25.047300
vt 34.349300 -25.021700
vt 34.269199 -24.926001
vt 34.186600 -24.898300
vt 34.184502 -24.905600
vt 34.271801 -24.919100
vt 34.239601 -24.925900
vt 34.286301 -24.931999
vt 34.241299 -24.918600
vt 34.284100 -24.939199
vt 34.260300 -24.955700
vt 34.302898 -24.947300
vt 34.258701 -24.949699
vt 34.303501 -24.954300
vt 34.262501 -24.957399
vt 34.306000 -24.955299
vt 34.258999 -24.956100
vt 34.304901 -24.956499
vt 34.314201 -24.977501
vt 34.316399 -24.978300
vt 34.288399 -24.982000
vt 34.285099 -24.981300
vt 34.309101 -25.000000
vt 34.309700 -24.998400
vt 34.338001 -24.994400
vt 34.341702 -24.995199
vt 34.315899 -24.979900
vt 34.347301 -24.988400
vt 34.325001 -24.982800
vt 34.348301 -24.994900
vt 34.342300 -24.993900
vt 34.344398 -24.986300
vt 34.344799 -24.996401
vt 34.346600 -25.000000
vt 34.347198 -24.998199
vt 34.351002 -24.998600
vt 34.355000 -25.000000
vt 34.347801 -24.996700
vt 34.345901 -24.989599
vt 34.346600 -24.993999
vt 34.349098 -24.991301
vt 34.349800 -24.994101
vt 34.352699 -24.996599
vt 34.351101 -24.993500
vt 34.352600 -24.992701
vt 34.355000 -24.996599
vt 34.354801 -24.987000
vt 34.348400 -24.988400
vt 34.351501 -24.991501
vt 34.352100 -24.982700
vt 34.353500 -24.988400
vt 34.355301 -24.988400
vt 34.355099 -24.991301
vt 34.354099 -24.993401
vt 34.356800 -24.994801
vt 34.355400 -24.994200
vt 34.356602 -25.001400
vt 34.363201 -25.005699
vt 34.362801 -25.002501
vt 34.356602 -24.998600
vt 34.362801 -24.997499
vt 34.363201 -24.994301
vt 34.355999 -24.989599
vt 34.362499 -24.990700
vt 34.362598 -24.986300
vt 34.356499 -24.993999
vt 34.358200 -24.980301
vt 34.335098 -24.970600
vt 34.353699 -24.986200
vt 34.335499 -24.957199
vt 34.355301 -24.973801
vt 34.341499 -24.952801
vt 34.349300 -24.978300
vt 34.365799 -25.000000
vt 34.360600 -24.996901
vt 34.358501 -25.000000
vt 34.360600 -25.003099
vt 34.272301 -24.927900
vt 34.310001 -24.958300
vt 34.277302 -24.923201
vt 34.315399 -24.953600
vt 34.332600 -24.955000
vt 34.290100 -24.933701
vt 34.287601 -24.940800
vt 34.336300 -24.948500
vt 34.307098 -24.955500
vt 34.334499 -24.962099
vt 34.309101 -24.948400
vt 34.332100 -24.968800
vt 34.308601 -24.957199
vt 34.344799 -24.980101
vt 34.317799 -24.977699
vt 34.308601 -25.042801
vt 34.316399 -25.021700
vt 34.306000 -25.044701
vt 34.344398 -25.013700
vt 34.317799 -25.022301
vt 34.344799 -25.019899
vt 34.347301 -25.011600
vt 34.325001 -25.017200
vt 34.345901 -25.010401
vt 34.346600 -25.006001
vt 34.348301 -25.005100
vt 34.342300 -25.006100
vt 34.341702 -25.004801
vt 34.344501 -25.000000
vt 34.341301 -25.003099
vt 34.319199 -25.000000
vt 34.341301 -24.996901
vt 34.344799 -25.003599
vt 34.347198 -25.001801
vt 34.347801 -25.003300
vt 34.351002 -25.001400
vt 34.352699 -25.003401
vt 34.349800 -25.005899
vt 34.349098 -25.008699
vt 34.351101 -25.006500
vt 34.352600 -25.007299
vt 34.348400 -25.011600
vt 34.354801 -25.013000
vt 34.351501 -25.008499
vt 34.352100 -25.017300
vt 34.353500 -25.011600
vt 34.355301 -25.011600
vt 34.355099 -25.008699
vt 34.354099 -25.006599
vt 34.355000 -25.003401
vt 34.356800 -25.005199
vt 34.355400 -25.005800
vt 34.238201 -25.000000
vt 34.300400 -25.032499
vt 34.300301 -25.027901
vt 34.300301 -24.972099
vt 34.300400 -24.967501
vt 34.235001 -25.000000
vt 34.296600 -24.966801
vt 34.234798 -24.997499
vt 34.181702 -24.950399
vt 34.177502 -24.950001
vt 34.220600 -24.927999
vt 34.221199 -24.930401
vt 34.216801 -24.934900
vt 34.292000 -24.969700
vt 34.076302 -24.922001
vt 34.175900 -24.946100
vt 34.146099 -24.882299
vt 34.213600 -24.933100
vt 34.217602 -24.927900
vt 34.143299 -24.887300
vt 34.144699 -24.879101
vt 34.014400 -25.074301
vt 33.930901 -25.038900
vt 34.010799 -25.074600
vt 33.931198 -25.040001
vt 34.008999 -25.079901
vt 33.857498 -25.087700
vt 33.853600 -25.087900
vt 33.947201 -25.093800
vt 33.946800 -25.092600
vt 33.943699 -25.094801
vt 33.855400 -25.094299
vt 33.944801 -25.101700
vt 33.854099 -25.088400
vt 33.788601 -25.146500
vt 33.791000 -25.153000
vt 33.850899 -25.088301
vt 33.785801 -25.147301
vt 33.785702 -25.145901
vt 33.709301 -25.105600
vt 33.634602 -25.150499
vt 33.706200 -25.106501
vt 33.707001 -25.112600
vt 33.783501 -25.147499
vt 33.783100 -25.154499
vt 33.636101 -25.157301
vt 33.785999 -25.147200
vt 33.715099 -25.156000
vt 33.787201 -25.154699
vt 33.868301 -25.130301
vt 33.633900 -25.157900
vt 33.709702 -25.156401
vt 33.635201 -25.150499
vt 33.709202 -25.148899
vt 33.635899 -25.157400
vt 33.711800 -25.148100
vt 33.635101 -25.150499
vt 33.712002 -25.155600
vt 33.795898 -25.147400
vt 33.795101 -25.154301
vt 33.714901 -25.148399
vt 33.866001 -25.123100
vt 33.804501 -25.152901
vt 33.869400 -25.121799
vt 33.801201 -25.146400
vt 33.871799 -25.129000
vt 33.966801 -25.094700
vt 33.969200 -25.101400
vt 33.971802 -25.100500
vt 33.947601 -25.093700
vt 33.873001 -25.122101
vt 33.947701 -25.101000
vt 34.039600 -25.104300
vt 33.874401 -25.129499
vt 34.039600 -25.111900
vt 34.012501 -25.080900
vt 34.096199 -25.113501
vt 34.014900 -25.074900
vt 34.093899 -25.120399
vt 34.099098 -25.113899
vt 34.017399 -25.074200
vt 34.098499 -25.112499
vt 34.067001 -25.053499
vt 34.147400 -25.068001
vt 34.068699 -25.048100
vt 34.146702 -25.073200
vt 34.150299 -25.067801
vt 34.068199 -25.047100
vt 34.071301 -25.046801
vt 34.136299 -25.000000
vt 34.136700 -25.001499
vt 34.150101 -25.066299
vt 33.634602 -24.940399
vt 33.634602 -25.059601
vt 33.701401 -25.000000
vt 33.703999 -24.998400
vt 33.775101 -24.938900
vt 33.706402 -24.894100
vt 33.706402 -24.895800
vt 33.777302 -24.939100
vt 33.707001 -25.000000
vt 33.634800 -24.935699
vt 33.703701 -24.893999
vt 33.632301 -24.849501
vt 33.634899 -24.851500
vt 33.634602 -24.849501
vt 33.707001 -24.887400
vt 33.706200 -24.893499
vt 33.636101 -24.842699
vt 33.783100 -24.845501
vt 33.783501 -24.852501
vt 33.709301 -24.894400
vt 33.785801 -24.852699
vt 33.785702 -24.854099
vt 33.850899 -24.911699
vt 33.853600 -24.912100
vt 33.943699 -24.905199
vt 33.855400 -24.905701
vt 33.854099 -24.911600
vt 33.788601 -24.853500
vt 33.791000 -24.847000
vt 33.944801 -24.898300
vt 33.947201 -24.906200
vt 33.785999 -24.852800
vt 33.868301 -24.869699
vt 33.787201 -24.845301
vt 33.715099 -24.844000
vt 33.866001 -24.876900
vt 33.714901 -24.851601
vt 33.801201 -24.853600
vt 33.869400 -24.878201
vt 33.804501 -24.847099
vt 33.966801 -24.905300
vt 33.871799 -24.871000
vt 33.969200 -24.898600
vt 33.971802 -24.899500
vt 33.947701 -24.899000
vt 33.873001 -24.877899
vt 33.947601 -24.906300
vt 34.039600 -24.895700
vt 33.874401 -24.870501
vt 34.039600 -24.888100
vt 34.096199 -24.886499
vt 34.012501 -24.919100
vt 34.014900 -24.925100
vt 34.093899 -24.879601
vt 33.857498 -24.912300
vt 33.946800 -24.907400
vt 34.008999 -24.920099
vt 33.931198 -24.959999
vt 34.010799 -24.925400
vt 33.930901 -24.961100
vt 34.014400 -24.925699
vt 33.927399 -24.960699
vt 33.853500 -24.913700
vt 33.779999 -24.939301
vt 33.847198 -25.000000
vt 33.847401 -24.998501
vt 33.777302 -24.940800
vt 33.844501 -25.000000
vt 33.777302 -25.059200
vt 34.043400 -25.110701
vt 34.139702 -25.113501
vt 34.043800 -25.103300
vt 34.139500 -25.120399
vt 33.974800 -25.101000
vt 33.974098 -25.094000
vt 34.144699 -25.120899
vt 33.972301 -25.098900
vt 34.067799 -25.073000
vt 33.970501 -25.092501
vt 33.888199 -25.085199
vt 33.890999 -25.090599
vt 33.988701 -25.043699
vt 34.139500 -24.879601
vt 34.043400 -24.889299
vt 34.139702 -24.886499
vt 34.043800 -24.896700
vt 33.974800 -24.899000
vt 33.974098 -24.906000
vt 34.073002 -24.921900
vt 33.972301 -24.901100
vt 33.888199 -24.914801
vt 33.970501 -24.907499
vt 34.067799 -24.927000
vt 34.069599 -24.921600
vt 33.890999 -24.909401
vt 33.989300 -24.958500
vt 33.988701 -24.956301
vt 34.085400 -25.000000
vt 33.992802 -24.958200
vt 34.073299 -24.924200
vt 34.171799 -24.950199
vt 34.084999 -24.997499
vt 34.177502 -25.049999
vt 34.231899 -25.000000
vt 34.177399 -25.045000
vt 34.088799 -25.000000
vt 34.177399 -24.955000
vt 34.181702 -25.049601
vt 34.296600 -25.033199
vt 34.234798 -25.002501
vt 34.220600 -25.072001
vt 34.221199 -25.069599
vt 34.292000 -25.030300
vt 34.216801 -25.065100
vt 34.277302 -25.076799
vt 34.310001 -25.041700
vt 34.272301 -25.072100
vt 34.315399 -25.046400
vt 34.290100 -25.066299
vt 34.332600 -25.045000
vt 34.287601 -25.059200
vt 34.336300 -25.051500
vt 34.334499 -25.037901
vt 34.307098 -25.044600
vt 34.309101 -25.051600
vt 34.332100 -25.031200
vt 34.235901 -24.924801
vt 34.150799 -24.925800
vt 34.151100 -24.931601
vt 34.235802 -24.917999
vt 34.182400 -24.897301
vt 34.099701 -24.886299
vt 34.180801 -24.904699
vt 34.100300 -24.878799
vt 34.211399 -25.031601
vt 34.214802 -25.031099
vt 34.140400 -25.000000
vt 34.214802 -24.968901
vt 34.214600 -25.029499
vt 34.214600 -24.970501
vt 34.244499 -25.000000
vt 34.247101 -25.000000
vt 34.217499 -24.969101
vt 34.217499 -25.030899
vt 34.247601 -25.001499
vt 34.258598 -25.042400
vt 34.258999 -25.043900
vt 34.256500 -25.044500
vt 34.215302 -25.032101
vt 34.255100 -25.049801
vt 34.154400 -25.067101
vt 34.238899 -25.074200
vt 34.237999 -25.073000
vt 34.150799 -25.074200
vt 34.235901 -25.075199
vt 34.151100 -25.068399
vt 34.235802 -25.082001
vt 34.100300 -25.121201
vt 34.182400 -25.102699
vt 34.099701 -25.113701
vt 34.180801 -25.095301
vt 33.897800 -25.000000
vt 33.989300 -25.038900
vt 34.081902 -25.000000
vt 33.989300 -24.961100
vt 33.992802 -25.041800
vt 34.073299 -25.075800
vt 34.171799 -25.049801
vt 34.084999 -25.002501
vt 34.076302 -25.077999
vt 34.175900 -25.053900
vt 34.213600 -25.066900
vt 34.146099 -25.117701
vt 34.217602 -25.072100
vt 34.143299 -25.112700
vt 34.186600 -25.101700
vt 34.269199 -25.073999
vt 34.184502 -25.094400
vt 34.271801 -25.080900
vt 34.241299 -25.081400
vt 34.286301 -25.068001
vt 34.239601 -25.074100
vt 34.284100 -25.060801
vt 34.258701 -25.050301
vt 34.302898 -25.052700
vt 34.260300 -25.044300
vt 34.303501 -25.045700
vt 34.262501 -25.042601
vt 34.285099 -25.018700
vt 34.282600 -25.019100
vt 34.304901 -25.043501
vt 34.314201 -25.022499
vt 34.288399 -25.018000
vt 34.315899 -25.020100
vt 34.338001 -25.005600
vt 34.309700 -25.001600
vt 34.306702 -25.000000
vt 34.285000 -25.017099
vt 34.250702 -25.000000
vt 34.285000 -24.982901
vt 34.282600 -24.980900
vt 34.247601 -24.998501
vt 34.258598 -24.957600
vt 34.255100 -24.950199
vt 34.215302 -24.967899
vt 34.256500 -24.955500
vt 34.150299 -24.932199
vt 34.154400 -24.932899
vt 34.238899 -24.925800
vt 34.237999 -24.927000
vt 33.779999 -25.060699
vt 33.847401 -25.001499
vt 33.927399 -25.039301
vt 33.853500 -25.086300
vt 33.930901 -25.037300
vt 33.851002 -25.000000
vt 33.998699 -25.000000
vt 33.930901 -24.962700
vt 34.002300 -25.000000
vt 33.934299 -24.960899
vt 34.014198 -24.927299
vt 34.065601 -24.952999
vt 34.002499 -24.998400
vt 34.068199 -24.952900
vt 34.017399 -24.925800
vt 34.099098 -24.886101
vt 34.098499 -24.887501
vt 34.147400 -24.931999
vt 34.067001 -24.946501
vt 34.068699 -24.951900
vt 34.146702 -24.926800
vt 34.071301 -24.953199
vt 34.150101 -24.933701
vt 34.211399 -24.968399
vt 34.136700 -24.998501
vt 34.133400 -25.000000
vt 34.068298 -24.954599
vt 34.005299 -25.000000
vt 34.068298 -25.045401
vt 34.065601 -25.047001
vt 34.002499 -25.001600
vt 33.934299 -25.039101
vt 34.014198 -25.072701
vt 34.224998 -25.069799
vt 34.292702 -25.035900
vt 34.224899 -25.062700
vt 34.365799 -25.083799
vt 34.363701 -25.090500
vt 34.293598 -25.029100
vt 34.222698 -25.062500
vt 34.368099 -25.084101
vt 34.365200 -25.081699
vt 34.365101 -24.997400
vt 34.296299 -25.029400
vt 34.367699 -24.995800
vt 34.016899 -24.871500
vt 34.112400 -24.846201
vt 34.013599 -24.865200
vt 34.115799 -24.851400
vt 34.189701 -24.771400
vt 34.185699 -24.765600
vt 34.013500 -24.873400
vt 34.116001 -24.851999
vt 34.118999 -24.851299
vt 34.192501 -24.769800
vt 34.282398 -24.819401
vt 34.279400 -24.819799
vt 34.199902 -24.849001
vt 34.201500 -24.854601
vt 34.279400 -24.814400
vt 34.192600 -24.771200
vt 34.282700 -24.812700
vt 34.195000 -24.770000
vt 34.282501 -24.818701
vt 34.364700 -24.782900
vt 34.195999 -24.763100
vt 34.364201 -24.775900
vt 34.367001 -24.783001
vt 34.364498 -24.869200
vt 34.285198 -24.819599
vt 34.364399 -24.784599
vt 34.283100 -24.769199
vt 34.364399 -24.782900
vt 34.366199 -24.775499
vt 34.282902 -24.776800
vt 34.280102 -24.777300
vt 34.280399 -24.769800
vt 34.192501 -24.770000
vt 34.277100 -24.769600
vt 34.190800 -24.762699
vt 34.109402 -24.810301
vt 34.277000 -24.777201
vt 34.112900 -24.816999
vt 34.282501 -24.813999
vt 34.190899 -24.762899
vt 34.285198 -24.814199
vt 34.367199 -24.868299
vt 34.366199 -24.864100
vt 34.367401 -24.776100
vt 34.366100 -24.993099
vt 34.365799 -24.873301
vt 34.290298 -24.923800
vt 34.366901 -24.998800
vt 34.287701 -24.923599
vt 34.364101 -24.868099
vt 34.287998 -24.920799
vt 34.204899 -24.852699
vt 34.200298 -24.852400
vt 34.282501 -24.816500
vt 34.115898 -24.846399
vt 34.112801 -24.847300
vt 34.191101 -24.766300
vt 34.109901 -24.818501
vt 34.106201 -24.812000
vt 33.644001 -25.219601
vt 33.641899 -25.194000
vt 33.637402 -25.220900
vt 33.647900 -25.193501
vt 33.640400 -25.217199
vt 33.643200 -25.222099
vt 33.643501 -25.220100
vt 33.639099 -25.217100
vt 33.649502 -25.183001
vt 33.644699 -25.220900
vt 33.666302 -25.195400
vt 33.646301 -25.217100
vt 33.664902 -25.194599
vt 33.663799 -25.166800
vt 33.665100 -25.163500
vt 33.650799 -25.183901
vt 33.664501 -25.162701
vt 33.680099 -25.102400
vt 33.658501 -25.161400
vt 33.685299 -25.104401
vt 33.646301 -25.148701
vt 33.645100 -25.148199
vt 33.650700 -25.180300
vt 33.687698 -25.099199
vt 33.779400 -24.993601
vt 33.851002 -24.981300
vt 33.855301 -24.978201
vt 33.814701 -25.056299
vt 33.780399 -24.995800
vt 33.728199 -25.064800
vt 33.813400 -25.054100
vt 33.724201 -25.067101
vt 33.699600 -25.028799
vt 33.776001 -24.996901
vt 33.810902 -25.058399
vt 33.760502 -25.122900
vt 33.727100 -25.070400
vt 33.758701 -25.120001
vt 33.713699 -25.129400
vt 33.711601 -25.131500
vt 33.758099 -25.125601
vt 33.743000 -25.168100
vt 33.713501 -25.133301
vt 33.741299 -25.166500
vt 33.697102 -25.186501
vt 33.693901 -25.189699
vt 33.718102 -25.208599
vt 33.740002 -25.170700
vt 33.714100 -25.201401
vt 33.687302 -25.212299
vt 33.716202 -25.206800
vt 33.685799 -25.206699
vt 33.696999 -25.191500
vt 33.685001 -25.214100
vt 33.711601 -25.203899
vt 33.690300 -25.213499
vt 33.713799 -25.210699
vt 33.693298 -25.220400
vt 33.661999 -25.228201
vt 33.664902 -25.234699
vt 33.651402 -25.236099
vt 33.655201 -25.229300
vt 33.652802 -25.228600
vt 33.648998 -25.228201
vt 33.647099 -25.235500
vt 33.659000 -25.237301
vt 33.652599 -25.233700
vt 33.649899 -25.234800
vt 33.676701 -25.219299
vt 33.657700 -25.228901
vt 33.657501 -25.234699
vt 33.653400 -25.226801
vt 33.648102 -25.233801
vt 33.650200 -25.226801
vt 33.647301 -25.227100
vt 33.644299 -25.233601
vt 33.651199 -25.232000
vt 33.645199 -25.228500
vt 33.643700 -25.230499
vt 33.659100 -25.206499
vt 33.647900 -25.228201
vt 33.640099 -25.224501
vt 33.644798 -25.226000
vt 33.663898 -25.198500
vt 33.655201 -25.228001
vt 33.645000 -25.225599
vt 33.638901 -25.227501
vt 33.640202 -25.230700
vt 33.636799 -25.226000
vt 33.643398 -25.224501
vt 33.642502 -25.221701
vt 33.640701 -25.219601
vt 33.634399 -25.223600
vt 33.635399 -25.225100
vt 33.637199 -25.228701
vt 33.641998 -25.221300
vt 33.637501 -25.223301
vt 33.632099 -25.219000
vt 33.637299 -25.226101
vt 33.634998 -25.219400
vt 33.643398 -25.183399
vt 33.641800 -25.218599
vt 33.645100 -25.184700
vt 33.661900 -25.197201
vt 33.659302 -25.168800
vt 33.660801 -25.164000
vt 33.644699 -25.180201
vt 33.640900 -25.147900
vt 33.638199 -25.146500
vt 33.639599 -25.212500
vt 33.635700 -25.177799
vt 33.632401 -25.212099
vt 33.643200 -25.178301
vt 33.637600 -25.152399
vt 33.644798 -25.152300
vt 33.634899 -25.188900
vt 33.639400 -25.216499
vt 33.642399 -25.189501
vt 33.634201 -25.221001
vt 33.631901 -25.217199
vt 33.642502 -25.182899
vt 33.648998 -25.182699
vt 33.638302 -25.145800
vt 33.636299 -25.173901
vt 33.645401 -25.148100
vt 33.668499 -25.089100
vt 33.643799 -25.175100
vt 33.675301 -25.092501
vt 33.682301 -25.097099
vt 33.647202 -25.144400
vt 33.671101 -25.083900
vt 33.640900 -25.141001
vt 33.677898 -25.087299
vt 33.696899 -25.034000
vt 33.703499 -25.036699
vt 33.689999 -25.096701
vt 33.706299 -25.033899
vt 33.684601 -25.094200
vt 33.701599 -25.031000
vt 33.722698 -25.064501
vt 33.721600 -25.071400
vt 33.683800 -25.098600
vt 33.663700 -25.159300
vt 33.709900 -25.129801
vt 33.709099 -25.135500
vt 33.664799 -25.166401
vt 33.665501 -25.195900
vt 33.690899 -25.186800
vt 33.665699 -25.199900
vt 33.682201 -25.207500
vt 33.683102 -25.212900
vt 33.690800 -25.193001
vt 33.694000 -25.185900
vt 33.691399 -25.188101
vt 33.683601 -25.208401
vt 33.667702 -25.196400
vt 33.655602 -25.223600
vt 33.652699 -25.226200
vt 33.658298 -25.230000
vt 33.674999 -25.213499
vt 33.654099 -25.226400
vt 33.655399 -25.233200
vt 33.651699 -25.227800
vt 33.658699 -25.229601
vt 33.655602 -25.235800
vt 33.660599 -25.236799
vt 33.684101 -25.224701
vt 33.655499 -25.228201
vt 33.680801 -25.217899
vt 33.650101 -25.235201
vt 33.652199 -25.228300
vt 33.653500 -25.236700
vt 33.647999 -25.232901
vt 33.650902 -25.226500
vt 33.648899 -25.226000
vt 33.645000 -25.231701
vt 33.647400 -25.225000
vt 33.648499 -25.223499
vt 33.661201 -25.203400
vt 33.651600 -25.224701
vt 33.646500 -25.221300
vt 33.645901 -25.223900
vt 33.640099 -25.227501
vt 33.642101 -25.229700
vt 33.681499 -25.096300
vt 33.687302 -25.098900
vt 33.699699 -25.028400
vt 33.673100 -25.080299
vt 33.705700 -25.033100
vt 33.761799 -24.971800
vt 33.679600 -25.084101
vt 33.767101 -24.977200
vt 33.765202 -24.968599
vt 33.703400 -25.025299
vt 33.770401 -24.974100
vt 33.818298 -24.919300
vt 33.708000 -25.030600
vt 33.823601 -24.924000
vt 33.822498 -24.915600
vt 33.782398 -24.991899
vt 33.824100 -24.918501
vt 33.923698 -24.922100
vt 33.853901 -24.974899
vt 33.989201 -25.059500
vt 34.069099 -25.052299
vt 34.068802 -25.051201
vt 34.142502 -25.022100
vt 34.053200 -25.000700
vt 34.142502 -25.027700
vt 34.146400 -25.021400
vt 34.052799 -24.999701
vt 33.991001 -25.064600
vt 34.053600 -25.004400
vt 33.985600 -25.060499
vt 34.145901 -25.019800
vt 34.056301 -24.999300
vt 34.211399 -24.976999
vt 34.214199 -24.976900
vt 34.131100 -24.935699
vt 34.131500 -24.937201
vt 34.290699 -25.028900
vt 34.222599 -25.061199
vt 34.149101 -25.021400
vt 34.216499 -24.976999
vt 34.293800 -25.027500
vt 34.365398 -24.995701
vt 34.287998 -24.923599
vt 34.287899 -24.925200
vt 34.364601 -24.873501
vt 34.290798 -24.923800
vt 34.364799 -24.992901
vt 34.367199 -24.871201
vt 34.364899 -24.871099
vt 34.282299 -24.821100
vt 34.204102 -24.855700
vt 34.288200 -24.922001
vt 34.201698 -24.855600
vt 34.285099 -24.923700
vt 34.214001 -24.975300
vt 34.201801 -24.857500
vt 34.133999 -24.935301
vt 34.198799 -24.856501
vt 34.130600 -24.934200
vt 34.033199 -24.924299
vt 34.116402 -24.853500
vt 34.029800 -24.925600
vt 34.126999 -24.936600
vt 34.030300 -24.927000
vt 34.052399 -24.998199
vt 33.960400 -24.991100
vt 33.956699 -24.992500
vt 34.049198 -25.001200
vt 33.957298 -24.993900
vt 33.985100 -25.059000
vt 33.903801 -25.063101
vt 33.900902 -25.064400
vt 33.982601 -25.061701
vt 33.931801 -25.123400
vt 33.931301 -25.122200
vt 33.852600 -25.113100
vt 33.849701 -25.114201
vt 33.928699 -25.124001
vt 33.850899 -25.120899
vt 33.929501 -25.131100
vt 33.849899 -25.114700
vt 33.788601 -25.156200
vt 33.790600 -25.163000
vt 34.365398 -25.083700
vt 34.297001 -25.080999
vt 34.365501 -25.091200
vt 34.298599 -25.073601
vt 34.294899 -25.079901
vt 34.296001 -25.072500
vt 34.365799 -25.087200
vt 34.365601 -25.002600
vt 34.295101 -25.034700
vt 34.292702 -25.034500
vt 34.363899 -24.998501
vt 34.292999 -25.031900
vt 34.216900 -24.979900
vt 34.287601 -24.926399
vt 34.213100 -24.979500
vt 34.290298 -25.034300
vt 34.213402 -24.983101
vt 34.147701 -25.026699
vt 34.221699 -25.066900
vt 34.145302 -25.026699
vt 34.209000 -24.980200
vt 34.144600 -25.024401
vt 34.055199 -25.002300
vt 34.128899 -24.935900
vt 34.129299 -24.938499
vt 34.053001 -25.002600
vt 34.131699 -24.935301
vt 34.212799 -24.975300
vt 34.284901 -24.923599
vt 34.200600 -24.857500
vt 34.195499 -24.854401
vt 34.128201 -24.933500
vt 34.030800 -24.921801
vt 34.028198 -24.923000
vt 34.113098 -24.849600
vt 34.125599 -24.937201
vt 34.052299 -25.000401
vt 33.960400 -24.991199
vt 34.028999 -24.925400
vt 33.957298 -24.992100
vt 34.050598 -25.003799
vt 33.958401 -24.994499
vt 33.906101 -25.065100
vt 33.988201 -25.065100
vt 33.987499 -25.062799
vt 33.901501 -25.067101
vt 34.070099 -25.057699
vt 34.070499 -25.059099
vt 34.072399 -25.059401
vt 34.152599 -25.056900
vt 34.072601 -25.052401
vt 34.220001 -25.062201
vt 34.218300 -25.069099
vt 34.151901 -25.064400
vt 34.292999 -25.072901
vt 34.221901 -25.069799
vt 34.292500 -25.080400
vt 34.154400 -25.065399
vt 34.155499 -25.057899
vt 34.222698 -25.062300
vt 33.857101 -24.980801
vt 33.860298 -24.979700
vt 33.956200 -24.990999
vt 34.025902 -24.926800
vt 33.928299 -24.925800
vt 33.928902 -24.927200
vt 33.932201 -24.924200
vt 34.111801 -24.853500
vt 34.029499 -24.924700
vt 34.109001 -24.848900
vt 34.027699 -24.921101
vt 34.013901 -24.874399
vt 33.860500 -24.976500
vt 33.956600 -24.989700
vt 34.025200 -24.924000
vt 33.926998 -24.920500
vt 33.928001 -24.922600
vt 33.930401 -24.919201
vt 34.011299 -24.868500
vt 34.010700 -24.866899
vt 34.007198 -24.867800
vt 33.916901 -24.899099
vt 34.009399 -24.874500
vt 33.828201 -24.913900
vt 33.829399 -24.920900
vt 33.915001 -24.891899
vt 33.911201 -24.892900
vt 33.826099 -24.921900
vt 33.913300 -24.900200
vt 33.822601 -24.915199
vt 33.772900 -24.972000
vt 33.768101 -24.966200
vt 33.778801 -24.992599
vt 33.783199 -24.996799
vt 33.783600 -24.997299
vt 33.826000 -24.921700
vt 33.705502 -25.033001
vt 33.780300 -25.000601
vt 33.728100 -25.068600
vt 33.727699 -25.067801
vt 33.725700 -25.071501
vt 33.713501 -25.130199
vt 33.712399 -25.129299
vt 33.667400 -25.160299
vt 33.688801 -25.100201
vt 33.710602 -25.134100
vt 33.692902 -25.184799
vt 33.666599 -25.164200
vt 33.667900 -25.193199
vt 33.764198 -25.121799
vt 33.850399 -25.119699
vt 33.849201 -25.117701
vt 33.897099 -25.069099
vt 33.815800 -25.058599
vt 33.817600 -25.054701
vt 33.899700 -25.062901
vt 33.954201 -24.993500
vt 33.857498 -24.982700
vt 33.787998 -25.163900
vt 33.859600 -25.140301
vt 33.785400 -25.156900
vt 33.861801 -25.147499
vt 33.755501 -25.176600
vt 33.758598 -25.183599
vt 33.782501 -25.158600
vt 33.744099 -25.169100
vt 33.785198 -25.165100
vt 33.721500 -25.206400
vt 33.717400 -25.200701
vt 33.741402 -25.163500
vt 33.785198 -25.157101
vt 33.741001 -25.163200
vt 33.743500 -25.161900
vt 33.784698 -25.156000
vt 33.845600 -25.115801
vt 33.762699 -25.125299
vt 33.846699 -25.121201
vt 33.761101 -25.120001
vt 33.762001 -25.120701
vt 33.764099 -25.118500
vt 33.848900 -25.112801
vt 33.897999 -25.065399
vt 33.816299 -25.055300
vt 33.817001 -25.056700
vt 33.819199 -25.054001
vt 33.900299 -25.062901
vt 33.953499 -24.993900
vt 33.857899 -24.982401
vt 34.102200 -24.812799
vt 34.010700 -24.866600
vt 34.105499 -24.819700
vt 34.013500 -24.873501
vt 33.920601 -24.896900
vt 33.918098 -24.889700
vt 33.926701 -24.919300
vt 33.928101 -24.925200
vt 33.924999 -24.927401
vt 33.856701 -24.979900
vt 33.786400 -24.995899
vt 33.826698 -24.922899
vt 33.854401 -24.982500
vt 33.815498 -25.053900
vt 33.730801 -25.066401
vt 33.784199 -24.998699
vt 33.812599 -25.057699
vt 33.729301 -25.069901
vt 33.760399 -25.118700
vt 33.715900 -25.128201
vt 33.758301 -25.121901
vt 33.714699 -25.131201
vt 33.739700 -25.162201
vt 33.696499 -25.183599
vt 33.737499 -25.165800
vt 33.714901 -25.202299
vt 33.695099 -25.186300
vt 33.685902 -25.214899
vt 33.684101 -25.208799
vt 33.696602 -25.219299
vt 33.715000 -25.202101
vt 33.693298 -25.212500
vt 33.718700 -25.208700
vt 33.753601 -25.186001
vt 33.749298 -25.179701
vt 33.756199 -25.183500
vt 33.752399 -25.177099
vt 33.787399 -25.163601
vt 33.744900 -25.167101
vt 33.786499 -25.161900
vt 34.145500 -25.028099
vt 34.146500 -25.021999
vt 34.148998 -25.058300
vt 34.070599 -25.059401
vt 34.149502 -25.065901
vt 34.069099 -25.052200
vt 34.001301 -25.088200
vt 34.003799 -25.095400
vt 34.068501 -25.060400
vt 34.065701 -25.054001
vt 33.997501 -25.088400
vt 34.000999 -25.094999
vt 33.938301 -25.127800
vt 33.934399 -25.122000
vt 33.934200 -25.129999
vt 33.985298 -25.066299
vt 33.903099 -25.070400
vt 33.853298 -25.118500
vt 33.863300 -25.138300
vt 33.865002 -25.145599
vt 33.994701 -25.090200
vt 33.931702 -25.123199
vt 33.998299 -25.096901
vt 33.868301 -25.145201
vt 33.866600 -25.137800
vt 33.934399 -25.130301
vt 33.988800 -25.066299
vt 33.985802 -25.061001
vt 33.937698 -25.083799
vt 33.930901 -24.779200
vt 33.935902 -24.784599
vt 33.939899 -24.775499
vt 34.059799 -24.782900
vt 34.060101 -24.775499
vt 33.940201 -24.782900
vt 34.064098 -24.784599
vt 34.069099 -24.779200
vt 34.150501 -24.992901
vt 34.157902 -24.873301
vt 34.150398 -24.873501
vt 34.157902 -24.993099
vt 34.150501 -24.871099
vt 34.111301 -24.816500
vt 34.105301 -24.821100
vt 33.992199 -25.226101
vt 34.000000 -25.233900
vt 33.997501 -25.228701
vt 33.983601 -25.224501
vt 33.990700 -25.223301
vt 33.986301 -25.220900
vt 33.978600 -25.194000
vt 33.993198 -25.219000
vt 33.974499 -25.183399
vt 33.970600 -25.194599
vt 33.964100 -25.197201
vt 33.952400 -25.168800
vt 33.973301 -25.184700
vt 33.949799 -25.164000
vt 33.973801 -25.180201
vt 33.952801 -25.161400
vt 33.953899 -25.097099
vt 33.955002 -25.102400
vt 33.975700 -25.147900
vt 33.979500 -25.146500
vt 34.113098 -24.982500
vt 34.101700 -25.054100
vt 34.119701 -24.981300
vt 34.094398 -25.053900
vt 34.079498 -25.067101
vt 34.071999 -24.993601
vt 34.070801 -24.996901
vt 34.093899 -25.057699
vt 34.081402 -25.120001
vt 34.101200 -25.058399
vt 34.074100 -25.118700
vt 34.073399 -25.121901
vt 34.050301 -25.166500
vt 34.080002 -25.125601
vt 34.044300 -25.162201
vt 34.042599 -25.165800
vt 34.019798 -25.201401
vt 34.047798 -25.170700
vt 34.024700 -25.206800
vt 34.003601 -25.229300
vt 34.001801 -25.236099
vt 34.004700 -25.236700
vt 34.010899 -25.234699
vt 34.021801 -25.219299
vt 34.006100 -25.228901
vt 34.017200 -25.213499
vt 34.008099 -25.233801
vt 34.008701 -25.226500
vt 34.005901 -25.226801
vt 34.011501 -25.232901
vt 34.017300 -25.228201
vt 34.011600 -25.227501
vt 34.006100 -25.230700
vt 34.009800 -25.229700
vt 34.010799 -25.230499
vt 34.007801 -25.226101
vt 34.016399 -25.224501
vt 33.994301 -25.226000
vt 33.995098 -25.223600
vt 34.000000 -25.224199
vt 33.998199 -25.225100
vt 34.002499 -25.228701
vt 34.001801 -25.225100
vt 34.005699 -25.226000
vt 34.004902 -25.223600
vt 34.006802 -25.219000
vt 34.000000 -25.221001
vt 34.009300 -25.223301
vt 34.001999 -25.217199
vt 34.013699 -25.220900
vt 34.021400 -25.194000
vt 34.025501 -25.183399
vt 34.029400 -25.194599
vt 34.035900 -25.197201
vt 34.047600 -25.168800
vt 34.026699 -25.184700
vt 34.050201 -25.164000
vt 34.026199 -25.180201
vt 34.047199 -25.161400
vt 34.020500 -25.146500
vt 34.024300 -25.147900
vt 34.044998 -25.102400
vt 34.019501 -25.152399
vt 34.023300 -25.182899
vt 34.008099 -25.212099
vt 34.000000 -25.177299
vt 34.002300 -25.177799
vt 34.000000 -25.188900
vt 33.998001 -25.217199
vt 33.991901 -25.212099
vt 33.976700 -25.182899
vt 33.980499 -25.152399
vt 33.997700 -25.177799
vt 34.000000 -25.173901
vt 33.984299 -25.145800
vt 34.000000 -25.089100
vt 34.000000 -25.083401
vt 34.015701 -25.145800
vt 34.021000 -25.141001
vt 34.046101 -25.097099
vt 34.002399 -25.083900
vt 34.032001 -25.034000
vt 34.032501 -25.028799
vt 34.043800 -25.096300
vt 34.076801 -25.064501
vt 34.078400 -25.071400
vt 34.066299 -25.129801
vt 34.059200 -25.129299
vt 34.058201 -25.134100
vt 34.051601 -25.186800
vt 34.065498 -25.135500
vt 34.044601 -25.184799
vt 34.027500 -25.212900
vt 34.042801 -25.188101
vt 34.022301 -25.207500
vt 34.048599 -25.193001
vt 33.972500 -25.212900
vt 33.957199 -25.188101
vt 33.951401 -25.193001
vt 33.977699 -25.207500
vt 33.978199 -25.219299
vt 33.993900 -25.228901
vt 33.982800 -25.213499
vt 33.989101 -25.234699
vt 33.998199 -25.236099
vt 33.996399 -25.229300
vt 33.995300 -25.236700
vt 33.991299 -25.226500
vt 33.991901 -25.233801
vt 33.994099 -25.226801
vt 33.988499 -25.232901
vt 33.982700 -25.228201
vt 33.989201 -25.230499
vt 33.993900 -25.230700
vt 33.990200 -25.229700
vt 33.988400 -25.227501
vt 33.967999 -25.034000
vt 33.956200 -25.096300
vt 33.979000 -25.141001
vt 33.967499 -25.028799
vt 33.997601 -25.083900
vt 34.000000 -25.080299
vt 33.972099 -25.028400
vt 34.000000 -24.971800
vt 34.000000 -24.967899
vt 34.027901 -25.028400
vt 34.049599 -24.919300
vt 34.002499 -24.968599
vt 34.069599 -24.992599
vt 34.072800 -24.927401
vt 34.117699 -24.974899
vt 34.077999 -24.922100
vt 33.907200 -25.027700
vt 33.959999 -25.051201
vt 33.912300 -25.022100
vt 33.911598 -25.019800
vt 33.853500 -24.976999
vt 33.905701 -25.024401
vt 33.932999 -25.066900
vt 33.894402 -25.028900
vt 33.889000 -25.034300
vt 33.938000 -25.061199
vt 33.849499 -24.992901
vt 33.842098 -24.873301
vt 33.842098 -24.993099
vt 33.849602 -24.873501
vt 33.888699 -24.816500
vt 33.849499 -24.871099
vt 33.894699 -24.821100
vt 33.878201 -24.934200
vt 33.847099 -24.854401
vt 33.870998 -24.933500
vt 33.898800 -25.003799
vt 33.925098 -25.059000
vt 33.905800 -25.001200
vt 33.919102 -25.062799
vt 33.920502 -25.066299
vt 33.951900 -25.122200
vt 33.925800 -25.061701
vt 33.946499 -25.127300
vt 33.940201 -25.091200
vt 34.059601 -25.083700
vt 33.940399 -25.083700
vt 34.059799 -25.091200
vt 34.062302 -25.083799
vt 34.105598 -25.028900
vt 34.067001 -25.066900
vt 34.111000 -25.034300
vt 34.062000 -25.061199
vt 34.094299 -25.024401
vt 34.146500 -24.976999
vt 34.088402 -25.019800
vt 34.152901 -24.854401
vt 34.121799 -24.934200
vt 34.129002 -24.933500
vt 34.074902 -25.059000
vt 34.101200 -25.003799
vt 34.094200 -25.001200
vt 34.080898 -25.062799
vt 34.087700 -25.022100
vt 34.040001 -25.051201
vt 34.092800 -25.027700
vt 33.950401 -24.919300
vt 33.997501 -24.968599
vt 33.928001 -24.993601
vt 33.930401 -24.992599
vt 33.920502 -25.067101
vt 33.923199 -25.064501
vt 33.929199 -24.996901
vt 33.921600 -25.071400
vt 33.933701 -25.129801
vt 33.940800 -25.129299
vt 33.934502 -25.135500
vt 33.948399 -25.186800
vt 33.941799 -25.134100
vt 33.955399 -25.184799
vt 34.074200 -25.117701
vt 34.113098 -25.065399
vt 34.068401 -25.112801
vt 34.119598 -25.069099
vt 34.113701 -25.062901
vt 34.111401 -24.993500
vt 34.103802 -24.993900
vt 34.121201 -25.062901
vt 34.000000 -25.177601
vt 33.998501 -25.177099
vt 33.956100 -25.163200
vt 33.927601 -25.121201
vt 33.967899 -25.156000
vt 33.932899 -25.115801
vt 33.886902 -25.065399
vt 33.925800 -25.117701
vt 33.931599 -25.112801
vt 33.880402 -25.069099
vt 33.886299 -25.062901
vt 33.888599 -24.993500
vt 33.878799 -25.062901
vt 33.896198 -24.993900
vt 33.922001 -24.922100
vt 33.882301 -24.974899
vt 33.927200 -24.927401
vt 33.905602 -25.053900
vt 33.886902 -24.982500
vt 33.898300 -25.054100
vt 33.880299 -24.981300
vt 33.898800 -25.058399
vt 33.918598 -25.120001
vt 33.906101 -25.057699
vt 33.925900 -25.118700
vt 33.949600 -25.166500
vt 33.926601 -25.121901
vt 33.919998 -25.125601
vt 33.955700 -25.162201
vt 33.952202 -25.170700
vt 33.980202 -25.201401
vt 33.957401 -25.165800
vt 33.975300 -25.206800
vt 34.001499 -25.177099
vt 34.043900 -25.163200
vt 34.067101 -25.115801
vt 34.032101 -25.156000
vt 34.072399 -25.121201
vt 34.074200 -25.061701
vt 34.048100 -25.122200
vt 34.079498 -25.066299
vt 34.053501 -25.127300
vt 34.292702 -25.111200
vt 34.224998 -25.063999
vt 34.221901 -25.063900
vt 34.294800 -25.000000
vt 34.294899 -25.002800
vt 34.363701 -25.065100
vt 34.292702 -25.108601
vt 34.366699 -25.065201
vt 34.365501 -25.059799
vt 34.295101 -25.111300
vt 34.365101 -25.148500
vt 34.296299 -25.106001
vt 34.365799 -25.069500
vt 34.366901 -25.157499
vt 34.115799 -25.084000
vt 34.016899 -25.039200
vt 34.116001 -25.085699
vt 34.189701 -25.060600
vt 34.109798 -25.000000
vt 34.109901 -25.001600
vt 34.192501 -25.061100
vt 34.013500 -25.038700
vt 34.201698 -25.147499
vt 34.118999 -25.086000
vt 34.201500 -25.146200
vt 34.279400 -25.104200
vt 34.282398 -25.104601
vt 34.191101 -25.067801
vt 34.192600 -25.062201
vt 34.195000 -25.061001
vt 34.282501 -25.102800
vt 34.364700 -25.062401
vt 34.279999 -25.000000
vt 34.280102 -25.001699
vt 34.367001 -25.062300
vt 34.285198 -25.109900
vt 34.366100 -25.069099
vt 34.285198 -25.104601
vt 34.364399 -25.064100
vt 34.364498 -25.148600
vt 34.367001 -24.937700
vt 34.364399 -25.059900
vt 34.364399 -24.940100
vt 34.282902 -25.000000
vt 34.364700 -24.937599
vt 34.280102 -24.998301
vt 34.195000 -24.938999
vt 34.277000 -25.000000
vt 34.192501 -25.059401
vt 34.112900 -25.000000
vt 34.192501 -24.938900
vt 34.192501 -24.940599
vt 34.282398 -24.895399
vt 34.282501 -24.897200
vt 34.364498 -24.851400
vt 34.364399 -24.935900
vt 34.367199 -24.849501
vt 34.285198 -24.895399
vt 34.366100 -24.930901
vt 34.285198 -24.890100
vt 34.364601 -24.849600
vt 34.290298 -24.843599
vt 34.290798 -24.851101
vt 34.365799 -24.842100
vt 34.204102 -24.852600
vt 34.282501 -24.888700
vt 34.204899 -24.845699
vt 34.364101 -24.842600
vt 34.364899 -24.849501
vt 34.282299 -24.894699
vt 34.201698 -24.852501
vt 34.279400 -24.895800
vt 34.201500 -24.853800
vt 34.118999 -24.914000
vt 34.116001 -24.914301
vt 34.191101 -24.932199
vt 34.192600 -24.937799
vt 34.189701 -24.939400
vt 34.115799 -24.916000
vt 34.016899 -24.960800
vt 34.109901 -24.998400
vt 33.645100 -25.026699
vt 33.663799 -25.041901
vt 33.650799 -25.021799
vt 33.659302 -25.047600
vt 33.640900 -25.024300
vt 33.680099 -25.045000
vt 33.646301 -25.019100
vt 33.851002 -24.880301
vt 33.780399 -24.926800
vt 33.854401 -24.886900
vt 33.784199 -24.932600
vt 33.729301 -24.926800
vt 33.810902 -24.898800
vt 33.727100 -24.919600
vt 33.812599 -24.906099
vt 33.758099 -24.920000
vt 33.713501 -24.933399
vt 33.758301 -24.926600
vt 33.714699 -24.940599
vt 33.743000 -24.950800
vt 33.693901 -24.948799
vt 33.740002 -24.952200
vt 33.718102 -24.978500
vt 33.716202 -24.975300
vt 33.687302 -24.972601
vt 33.696999 -24.951300
vt 33.685001 -24.973499
vt 33.713799 -24.979601
vt 33.694000 -25.000000
vt 33.693298 -24.997601
vt 33.664902 -24.991699
vt 33.659000 -24.993299
vt 33.685902 -24.975700
vt 33.652401 -25.000000
vt 33.653500 -24.995300
vt 33.651402 -24.998199
vt 33.647099 -24.997601
vt 33.649899 -24.992500
vt 33.650101 -24.994499
vt 33.640598 -25.000000
vt 33.652599 -24.990900
vt 33.657501 -24.989100
vt 33.676701 -24.978201
vt 33.651199 -24.983801
vt 33.655399 -24.986500
vt 33.648102 -24.991899
vt 33.647999 -24.988501
vt 33.644299 -24.993999
vt 33.643700 -24.989201
vt 33.645000 -24.990400
vt 33.640202 -24.993900
vt 33.645199 -24.987000
vt 33.647900 -24.982700
vt 33.640099 -24.983601
vt 33.644798 -24.982700
vt 33.655201 -24.980101
vt 33.640099 -24.988400
vt 33.642101 -24.990200
vt 33.638901 -24.991800
vt 33.644901 -24.991301
vt 33.644600 -24.994200
vt 33.637299 -24.992201
vt 33.640701 -25.003599
vt 33.635399 -25.001801
vt 33.634399 -25.004900
vt 33.635399 -24.998199
vt 33.640701 -24.996401
vt 33.634399 -24.995100
vt 33.650799 -24.978201
vt 33.663799 -24.958099
vt 33.645100 -24.973301
vt 33.659302 -24.952400
vt 33.646301 -24.980900
vt 33.680099 -24.955000
vt 33.640900 -24.975700
vt 33.776001 -24.929199
vt 33.706299 -24.968901
vt 33.780300 -24.934200
vt 33.701599 -24.963699
vt 33.721600 -24.921600
vt 33.683800 -24.952600
vt 33.725700 -24.927999
vt 33.688801 -24.958099
vt 33.709099 -24.934500
vt 33.664799 -24.949100
vt 33.710602 -24.941799
vt 33.666599 -24.956100
vt 33.691399 -24.957199
vt 33.665699 -24.964001
vt 33.667702 -24.970400
vt 33.690800 -24.951401
vt 33.683102 -24.972500
vt 33.685001 -25.026501
vt 33.690800 -25.048599
vt 33.693901 -25.051201
vt 33.683102 -25.027500
vt 33.691399 -25.042801
vt 33.665699 -25.035999
vt 33.667702 -25.029600
vt 33.651199 -25.016199
vt 33.655201 -25.019899
vt 33.676701 -25.021799
vt 33.655399 -25.013500
vt 33.652599 -25.009100
vt 33.659000 -25.006701
vt 33.657501 -25.010900
vt 33.649899 -25.007500
vt 33.653500 -25.004700
vt 33.647999 -25.011499
vt 33.650101 -25.005501
vt 33.655602 -25.000000
vt 33.660599 -25.001801
vt 33.684101 -25.000000
vt 33.660599 -24.998199
vt 33.651402 -25.001801
vt 33.647099 -25.002399
vt 33.644299 -25.006001
vt 33.648102 -25.008101
vt 33.643700 -25.010799
vt 33.645000 -25.009600
vt 33.647900 -25.017300
vt 33.645199 -25.013000
vt 33.640099 -25.016399
vt 33.644798 -25.017300
vt 33.640099 -25.011600
vt 33.642101 -25.009800
vt 33.640202 -25.006100
vt 33.644901 -25.008699
vt 33.638901 -25.008200
vt 33.644600 -25.005800
vt 33.637299 -25.007799
vt 33.705502 -25.030100
vt 33.767101 -25.000000
vt 33.705700 -25.028500
vt 33.705502 -24.969900
vt 33.705700 -24.971500
vt 33.770100 -25.000000
vt 33.708000 -24.969700
vt 33.770401 -24.998400
vt 33.823601 -24.953199
vt 33.826000 -24.952801
vt 33.783600 -24.933201
vt 33.783199 -24.934900
vt 33.923698 -24.922001
vt 33.826698 -24.951700
vt 33.924999 -24.927200
vt 33.824100 -24.946100
vt 33.857101 -24.886000
vt 33.856701 -24.887300
vt 33.786400 -24.933100
vt 33.938301 -25.049900
vt 33.988201 -25.079599
vt 33.988800 -25.077200
vt 34.068501 -25.042000
vt 34.070499 -25.041800
vt 33.991001 -25.079901
vt 34.070099 -25.043600
vt 34.142502 -25.092800
vt 34.145302 -25.093100
vt 34.053600 -25.099300
vt 34.053200 -25.092600
vt 34.053001 -25.100800
vt 34.055199 -25.101700
vt 34.050598 -25.101200
vt 34.131500 -25.121901
vt 34.056301 -25.094801
vt 34.211399 -25.146500
vt 34.209000 -25.153000
vt 34.129299 -25.129101
vt 34.213100 -25.154400
vt 34.147701 -25.093500
vt 34.221699 -25.066999
vt 34.290298 -25.111000
vt 34.216900 -25.154499
vt 34.287899 -25.148100
vt 34.216499 -25.147499
vt 34.365398 -25.150499
vt 34.363899 -25.157301
vt 34.287601 -25.155600
vt 34.364601 -25.150400
vt 34.290298 -25.156401
vt 34.365799 -25.157900
vt 34.290798 -25.148899
vt 34.367199 -25.150499
vt 34.282299 -25.105301
vt 34.204102 -25.147400
vt 34.282501 -25.111300
vt 34.364899 -25.150499
vt 34.364101 -25.157400
vt 34.204899 -25.154301
vt 34.200600 -25.154699
vt 34.284901 -25.156000
vt 34.201801 -25.147301
vt 34.285099 -25.148399
vt 34.198799 -25.146400
vt 34.113098 -25.091999
vt 34.195499 -25.152901
vt 34.030800 -25.101400
vt 34.033199 -25.094700
vt 34.116402 -25.086399
vt 34.028999 -25.100800
vt 34.126999 -25.122101
vt 34.030300 -25.093599
vt 33.960400 -25.104300
vt 34.125599 -25.129499
vt 33.960400 -25.111900
vt 33.958401 -25.110800
vt 34.049198 -25.094200
vt 33.957298 -25.103300
vt 33.901501 -25.120899
vt 33.985298 -25.079500
vt 33.982601 -25.074200
vt 33.901501 -25.112499
vt 33.903099 -25.117901
vt 33.934200 -25.050100
vt 33.932999 -25.053499
vt 33.853298 -25.073200
vt 33.850399 -25.072901
vt 33.929501 -25.049500
vt 33.865398 -25.000000
vt 33.865002 -25.002600
vt 33.790600 -25.034300
vt 33.850899 -25.070601
vt 34.366699 -24.934799
vt 34.365501 -24.940201
vt 34.297001 -25.000000
vt 34.363701 -24.934900
vt 34.294899 -24.997200
vt 34.224998 -24.936001
vt 34.292702 -24.888800
vt 34.292702 -24.891399
vt 34.366901 -24.842501
vt 34.365799 -24.930500
vt 34.295101 -24.888700
vt 34.296299 -24.893999
vt 34.365101 -24.851500
vt 34.363899 -24.842699
vt 34.287899 -24.851900
vt 34.365398 -24.849501
vt 34.216900 -24.845501
vt 34.216499 -24.852501
vt 34.287601 -24.844400
vt 34.213100 -24.845600
vt 34.290298 -24.889000
vt 34.221901 -24.936100
vt 34.292500 -25.000000
vt 34.221699 -24.933001
vt 34.147701 -24.906500
vt 34.145302 -24.906900
vt 34.209000 -24.847000
vt 34.131500 -24.878099
vt 34.211399 -24.853500
vt 34.055199 -24.898300
vt 34.056301 -24.905199
vt 34.129299 -24.870899
vt 34.053001 -24.899200
vt 34.284901 -24.844000
vt 34.201801 -24.852699
vt 34.285099 -24.851601
vt 34.200600 -24.845301
vt 34.195499 -24.847099
vt 34.113098 -24.908001
vt 34.198799 -24.853600
vt 34.033199 -24.905300
vt 34.030800 -24.898600
vt 34.116402 -24.913601
vt 34.126999 -24.877899
vt 34.028999 -24.899200
vt 34.030300 -24.906401
vt 33.960400 -24.895700
vt 34.125599 -24.870501
vt 33.960400 -24.888100
vt 34.049198 -24.905800
vt 33.958401 -24.889200
vt 33.957298 -24.896700
vt 34.050598 -24.898800
vt 33.988201 -24.920401
vt 34.053200 -24.907400
vt 34.142502 -24.907200
vt 34.053600 -24.900700
vt 34.070499 -24.958200
vt 34.070099 -24.956400
vt 33.991001 -24.920099
vt 34.072399 -24.957800
vt 34.145500 -24.909401
vt 34.218300 -24.936600
vt 34.152199 -25.000000
vt 34.151901 -24.997299
vt 34.154400 -25.000000
vt 34.221901 -24.940100
vt 34.025902 -25.094000
vt 33.928001 -25.079399
vt 34.025200 -25.101000
vt 33.928902 -25.073500
vt 34.029800 -25.093599
vt 33.928299 -25.072901
vt 34.029499 -25.092501
vt 33.932201 -25.073000
vt 34.111801 -25.085199
vt 34.013901 -25.039700
vt 34.109001 -25.090599
vt 34.025200 -24.899000
vt 33.928001 -24.920601
vt 34.025902 -24.906000
vt 33.928902 -24.926500
vt 33.928299 -24.927099
vt 34.029800 -24.906401
vt 33.932201 -24.927000
vt 34.029499 -24.907499
vt 34.109001 -24.909401
vt 34.013901 -24.960300
vt 34.111801 -24.914801
vt 34.013500 -24.961300
vt 34.009399 -24.961100
vt 33.928101 -24.928699
vt 33.829399 -24.952999
vt 33.916599 -25.000000
vt 33.916901 -24.998501
vt 33.913300 -25.000000
vt 33.826000 -25.047199
vt 33.826099 -24.954399
vt 33.826099 -25.045601
vt 33.772900 -25.000000
vt 33.708000 -25.030300
vt 33.770401 -25.001600
vt 33.783199 -25.065100
vt 33.783600 -25.066799
vt 33.823601 -25.046801
vt 33.780300 -25.065800
vt 33.706299 -25.031099
vt 33.776001 -25.070801
vt 33.701599 -25.036301
vt 33.725700 -25.072001
vt 33.683800 -25.047400
vt 33.721600 -25.078400
vt 33.688801 -25.041901
vt 33.710602 -25.058201
vt 33.664799 -25.050900
vt 33.709099 -25.065500
vt 33.666599 -25.043900
vt 33.760502 -24.918800
vt 33.850399 -24.927099
vt 33.764198 -24.917999
vt 33.901501 -24.879101
vt 33.897099 -24.880400
vt 33.815800 -24.898300
vt 33.897999 -24.886900
vt 33.817001 -24.905600
vt 33.954201 -24.888599
vt 33.857899 -24.886200
vt 33.953499 -24.896200
vt 33.857498 -24.878700
vt 33.787399 -25.034100
vt 33.861801 -25.000000
vt 33.787399 -24.965900
vt 33.787998 -25.030899
vt 33.787998 -24.969101
vt 33.758598 -25.000000
vt 33.756699 -25.000000
vt 33.785198 -24.966400
vt 33.785198 -25.033600
vt 33.756199 -25.002600
vt 33.721500 -25.022100
vt 33.743000 -25.049200
vt 33.744099 -25.046801
vt 33.718102 -25.021500
vt 33.744900 -25.049801
vt 33.786499 -25.036501
vt 33.846699 -25.072399
vt 33.762699 -25.079100
vt 33.845600 -25.067101
vt 33.762001 -25.073000
vt 33.760502 -25.081200
vt 33.764198 -25.082001
vt 33.897099 -25.119600
vt 33.897999 -25.113100
vt 33.815800 -25.101700
vt 33.817001 -25.094400
vt 33.953499 -25.103800
vt 33.857899 -25.113800
vt 33.954201 -25.111401
vt 33.857498 -25.121300
vt 34.105499 -25.000000
vt 34.013500 -24.962700
vt 33.920601 -25.000000
vt 34.013500 -25.037300
vt 34.009399 -25.038900
vt 33.928101 -25.071301
vt 33.829399 -25.047001
vt 33.916901 -25.001499
vt 33.824100 -25.053900
vt 33.923698 -25.077999
vt 33.826698 -25.048300
vt 33.924999 -25.072800
vt 33.786400 -25.066900
vt 33.857101 -25.114000
vt 33.856701 -25.112700
vt 33.854401 -25.113100
vt 33.780399 -25.073200
vt 33.851002 -25.119699
vt 33.784199 -25.067400
vt 33.727100 -25.080400
vt 33.810902 -25.101200
vt 33.729301 -25.073200
vt 33.812599 -25.093901
vt 33.758301 -25.073400
vt 33.713501 -25.066601
vt 33.758099 -25.080000
vt 33.714699 -25.059401
vt 33.740002 -25.047800
vt 33.716202 -25.024700
vt 33.687302 -25.027399
vt 33.696999 -25.048700
vt 33.713799 -25.020399
vt 33.685902 -25.024300
vt 33.693298 -25.002399
vt 33.664902 -25.008301
vt 33.696602 -25.000000
vt 33.718700 -25.017401
vt 33.753601 -25.000000
vt 33.718700 -24.982599
vt 33.721500 -24.977900
vt 33.756199 -24.997400
vt 33.744099 -24.953199
vt 33.744900 -24.950199
vt 33.786499 -24.963499
vt 33.846699 -24.927601
vt 33.845600 -24.932899
vt 33.762699 -24.920900
vt 33.762001 -24.927000
vt 34.221901 -25.059900
vt 34.218300 -25.063400
vt 34.151901 -25.002701
vt 34.072399 -25.042200
vt 34.145500 -25.090599
vt 34.149502 -25.000000
vt 34.070599 -25.039499
vt 34.070599 -24.960501
vt 34.003799 -25.000000
vt 34.001099 -25.000000
vt 34.068501 -24.958000
vt 33.985802 -24.927299
vt 34.065701 -24.960899
vt 33.988800 -24.922800
vt 34.000999 -24.997400
vt 33.938301 -24.950100
vt 33.934200 -24.949900
vt 33.985298 -24.920500
vt 33.901501 -24.887501
vt 33.982601 -24.925800
vt 33.932999 -24.946501
vt 33.903099 -24.882099
vt 33.853298 -24.926800
vt 33.929501 -24.950500
vt 33.850899 -24.929399
vt 33.790600 -24.965700
vt 33.865002 -24.997400
vt 33.868301 -25.000000
vt 33.934399 -24.954500
vt 33.998299 -25.000000
vt 33.934399 -25.045500
vt 34.000999 -25.002600
vt 34.065701 -25.039101
vt 33.985802 -25.072701
vt 33.705101 -25.079901
vt 33.775002 -25.069799
vt 33.703999 -25.072500
vt 33.636299 -25.090500
vt 33.775101 -25.062700
vt 33.634201 -25.083799
vt 33.633099 -24.998800
vt 33.634201 -25.087200
vt 33.634399 -25.002600
vt 33.704899 -25.034700
vt 33.887199 -24.847300
vt 33.989300 -24.866899
vt 33.986401 -24.865200
vt 34.073002 -24.920500
vt 33.992802 -24.867800
vt 33.890099 -24.818501
vt 33.983101 -24.871500
vt 33.814301 -24.765600
vt 33.810299 -24.771400
vt 33.893799 -24.812000
vt 33.809101 -24.762899
vt 33.799702 -24.852400
vt 33.884102 -24.846399
vt 33.800098 -24.849001
vt 33.720600 -24.814400
vt 33.717499 -24.813999
vt 33.720600 -24.819799
vt 33.808899 -24.766300
vt 33.807400 -24.771200
vt 33.881001 -24.851299
vt 33.804001 -24.763100
vt 33.719898 -24.777300
vt 33.805000 -24.770000
vt 33.635300 -24.782900
vt 33.635799 -24.775900
vt 33.719601 -24.769800
vt 33.632801 -24.868299
vt 33.714802 -24.814199
vt 33.633801 -24.864100
vt 33.632599 -24.776100
vt 33.635601 -24.782900
vt 33.716900 -24.769199
vt 33.633801 -24.775499
vt 33.717098 -24.776800
vt 33.809200 -24.762699
vt 33.722900 -24.769600
vt 33.807499 -24.770000
vt 33.890598 -24.810301
vt 33.723000 -24.777201
vt 33.887100 -24.816999
vt 33.717499 -24.818701
vt 33.717300 -24.812700
vt 33.632999 -24.783001
vt 33.717602 -24.819401
vt 33.635601 -24.784599
vt 33.635502 -24.869200
vt 33.714802 -24.819599
vt 33.635201 -24.992901
vt 33.632801 -24.871201
vt 33.632301 -24.995800
vt 33.712002 -24.923599
vt 33.635101 -24.871099
vt 33.635399 -24.873501
vt 33.709202 -24.923800
vt 33.795898 -24.855700
vt 33.711800 -24.922001
vt 33.717701 -24.821100
vt 33.807499 -24.769800
vt 33.798500 -24.854601
vt 33.883999 -24.851999
vt 33.887600 -24.846201
vt 33.884201 -24.851400
vt 34.362499 -25.223301
vt 34.359600 -25.217199
vt 34.356499 -25.220100
vt 34.367901 -25.219000
vt 34.362701 -25.226101
vt 34.365002 -25.219400
vt 34.352100 -25.193501
vt 34.358101 -25.194000
vt 34.356602 -25.183399
vt 34.336102 -25.198500
vt 34.359901 -25.224501
vt 34.358200 -25.218599
vt 34.338100 -25.197201
vt 34.340698 -25.168800
vt 34.339199 -25.164000
vt 34.349201 -25.183901
vt 34.354900 -25.184700
vt 34.319901 -25.102400
vt 34.341499 -25.161400
vt 34.353699 -25.148701
vt 34.314701 -25.104401
vt 34.355301 -25.180201
vt 34.349300 -25.180300
vt 34.359100 -25.147900
vt 34.361801 -25.146500
vt 34.317699 -25.097099
vt 34.216400 -24.997299
vt 34.142899 -24.980801
vt 34.145599 -24.982500
vt 34.183701 -25.055300
vt 34.184502 -25.053900
vt 34.269199 -25.066401
vt 34.215801 -24.998699
vt 34.271900 -25.068600
vt 34.294498 -25.033001
vt 34.219700 -25.000601
vt 34.187401 -25.057699
vt 34.238899 -25.120001
vt 34.270699 -25.069901
vt 34.239601 -25.118700
vt 34.284100 -25.128201
vt 34.286499 -25.130199
vt 34.241699 -25.121901
vt 34.258999 -25.163200
vt 34.285301 -25.131201
vt 34.303501 -25.183599
vt 34.260300 -25.162201
vt 34.306000 -25.185900
vt 34.285099 -25.202299
vt 34.262501 -25.165800
vt 34.259998 -25.170700
vt 34.304901 -25.186300
vt 34.285900 -25.201401
vt 34.314201 -25.206699
vt 34.303001 -25.191500
vt 34.316399 -25.208401
vt 34.314098 -25.214899
vt 34.288399 -25.203899
vt 34.286201 -25.210699
vt 34.338001 -25.228201
vt 34.335098 -25.234699
vt 34.315899 -25.208799
vt 34.341702 -25.230000
vt 34.325001 -25.213499
vt 34.342300 -25.228901
vt 34.344799 -25.229300
vt 34.349899 -25.235201
vt 34.347801 -25.228300
vt 34.351002 -25.228201
vt 34.346500 -25.236700
vt 34.323299 -25.219299
vt 34.345901 -25.226400
vt 34.348301 -25.227800
vt 34.346600 -25.226801
vt 34.344601 -25.233200
vt 34.352001 -25.232901
vt 34.351101 -25.226000
vt 34.349098 -25.226500
vt 34.355000 -25.231701
vt 34.351501 -25.223499
vt 34.347301 -25.226200
vt 34.352600 -25.225000
vt 34.338799 -25.203400
vt 34.348400 -25.224701
vt 34.355301 -25.220900
vt 34.353500 -25.221300
vt 34.333698 -25.195400
vt 34.344398 -25.223600
vt 34.354099 -25.223900
vt 34.357899 -25.229700
vt 34.359901 -25.227501
vt 34.364601 -25.225100
vt 34.358002 -25.221300
vt 34.356602 -25.224501
vt 34.359299 -25.219601
vt 34.362801 -25.228701
vt 34.363201 -25.226000
vt 34.357498 -25.221701
vt 34.365601 -25.223600
vt 34.355999 -25.219601
vt 34.362598 -25.220900
vt 34.356800 -25.222099
vt 34.360901 -25.217100
vt 34.350498 -25.183001
vt 34.353699 -25.217100
vt 34.335098 -25.194599
vt 34.336201 -25.166800
vt 34.334900 -25.163500
vt 34.335499 -25.162701
vt 34.354900 -25.148199
vt 34.312302 -25.099199
vt 34.357498 -25.182899
vt 34.355202 -25.152300
vt 34.351002 -25.182699
vt 34.360401 -25.212500
vt 34.362400 -25.152399
vt 34.367599 -25.212099
vt 34.360600 -25.216499
vt 34.365101 -25.188900
vt 34.357601 -25.189501
vt 34.368099 -25.217199
vt 34.365799 -25.221001
vt 34.364300 -25.177799
vt 34.356800 -25.178301
vt 34.363701 -25.173901
vt 34.354599 -25.148100
vt 34.356201 -25.175100
vt 34.331501 -25.089100
vt 34.324699 -25.092501
vt 34.361698 -25.145800
vt 34.296501 -25.036699
vt 34.318501 -25.096300
vt 34.303101 -25.034000
vt 34.359100 -25.141001
vt 34.352798 -25.144400
vt 34.312698 -25.098900
vt 34.310001 -25.096701
vt 34.293701 -25.033899
vt 34.272301 -25.067801
vt 34.223999 -24.996901
vt 34.277302 -25.064501
vt 34.274300 -25.071501
vt 34.287601 -25.129299
vt 34.332600 -25.160299
vt 34.311199 -25.100201
vt 34.289398 -25.134100
vt 34.333401 -25.164200
vt 34.307098 -25.184799
vt 34.332100 -25.193199
vt 34.308601 -25.188101
vt 34.332298 -25.196400
vt 34.317799 -25.207500
vt 34.306099 -25.189699
vt 34.334499 -25.195900
vt 34.309200 -25.193001
vt 34.314999 -25.214100
vt 34.344799 -25.228001
vt 34.316898 -25.212900
vt 34.334301 -25.199900
vt 34.348801 -25.232000
vt 34.341000 -25.237301
vt 34.347401 -25.233700
vt 34.342499 -25.234699
vt 34.350101 -25.234800
vt 34.341301 -25.229601
vt 34.344398 -25.235800
vt 34.344501 -25.228201
vt 34.339401 -25.236799
vt 34.315899 -25.224701
vt 34.319199 -25.217899
vt 34.348598 -25.236099
vt 34.347198 -25.228600
vt 34.352901 -25.235500
vt 34.352699 -25.227100
vt 34.351898 -25.233801
vt 34.355701 -25.233601
vt 34.349800 -25.226801
vt 34.356300 -25.230499
vt 34.354801 -25.228500
vt 34.340900 -25.206499
vt 34.352100 -25.228201
vt 34.355202 -25.226000
vt 34.355000 -25.225599
vt 34.359798 -25.230700
vt 34.361099 -25.227501
vt 34.328899 -25.083900
vt 34.322102 -25.087299
vt 34.294300 -25.033100
vt 34.238201 -24.971800
vt 34.232899 -24.977200
vt 34.326900 -25.080299
vt 34.320400 -25.084101
vt 34.300301 -25.028400
vt 34.176399 -24.924000
vt 34.221199 -24.992599
vt 34.181702 -24.919300
vt 34.296600 -25.025299
vt 34.292000 -25.030600
vt 34.216801 -24.996799
vt 34.174000 -24.921700
vt 34.213600 -24.995899
vt 34.173302 -24.922899
vt 34.075001 -24.927401
vt 34.146099 -24.974899
vt 34.143299 -24.979900
vt 34.011799 -25.065100
vt 34.061699 -25.127800
vt 34.065800 -25.129999
vt 33.929501 -25.059099
vt 33.931499 -25.060400
vt 34.008999 -25.064600
vt 33.931198 -25.051201
vt 33.929901 -25.057699
vt 33.857498 -25.027700
vt 33.946999 -25.002600
vt 33.946400 -25.004400
vt 33.854698 -25.026699
vt 33.944801 -25.002300
vt 33.855400 -25.024401
vt 33.791000 -24.980200
vt 33.871101 -24.935900
vt 33.870701 -24.938499
vt 33.786900 -24.979500
vt 33.709702 -25.034300
vt 33.786598 -24.983101
vt 33.852299 -25.026699
vt 33.778301 -25.066900
vt 33.777401 -25.061199
vt 33.850899 -25.021400
vt 33.783100 -24.979900
vt 33.707001 -25.031900
vt 33.707298 -25.034500
vt 33.636101 -24.998501
vt 33.712299 -24.923599
vt 33.712399 -24.926399
vt 33.715099 -24.923599
vt 33.787201 -24.975300
vt 33.868301 -24.935301
vt 33.709702 -24.923800
vt 33.633900 -24.993099
vt 33.634201 -24.873301
vt 33.635899 -24.868099
vt 33.712002 -24.920799
vt 33.795101 -24.852699
vt 33.717499 -24.816500
vt 33.799400 -24.857500
vt 33.804501 -24.854401
vt 33.871799 -24.933500
vt 33.969200 -24.921801
vt 33.971802 -24.923000
vt 33.883598 -24.853500
vt 33.966801 -24.924299
vt 33.886902 -24.849600
vt 33.874401 -24.937201
vt 33.971001 -24.925400
vt 34.039600 -24.991199
vt 33.947701 -25.000401
vt 34.042702 -24.992100
vt 33.949402 -25.003799
vt 34.041599 -24.994499
vt 34.012501 -25.062799
vt 34.093899 -25.065100
vt 34.098499 -25.067101
vt 34.014702 -25.066299
vt 34.096901 -25.070400
vt 34.146702 -25.118500
vt 34.149601 -25.119699
vt 34.136700 -25.138300
vt 34.070499 -25.131100
vt 34.134998 -25.145599
vt 34.209400 -25.163000
vt 34.071301 -25.124001
vt 33.634602 -25.083700
vt 33.702999 -25.080999
vt 33.701401 -25.073601
vt 33.634499 -25.091200
vt 33.707298 -25.035900
vt 33.777302 -25.062500
vt 33.706402 -25.029100
vt 33.631901 -25.084101
vt 33.634800 -25.081699
vt 33.634899 -24.997400
vt 33.703701 -25.029400
vt 33.634602 -24.995701
vt 33.706200 -25.027500
vt 33.783501 -24.976999
vt 33.785801 -24.976900
vt 33.712101 -24.925200
vt 33.709301 -25.028900
vt 33.853600 -25.021400
vt 33.788601 -24.976999
vt 33.854099 -25.019800
vt 33.943699 -24.999300
vt 33.868900 -24.935699
vt 33.868500 -24.937201
vt 33.947201 -24.999701
vt 33.866001 -24.935301
vt 33.785999 -24.975300
vt 33.714901 -24.923700
vt 33.798302 -24.855600
vt 33.798199 -24.857500
vt 33.801201 -24.856501
vt 33.869400 -24.934200
vt 33.970200 -24.925600
vt 33.873001 -24.936600
vt 33.969700 -24.927000
vt 33.947601 -24.998199
vt 34.039600 -24.991100
vt 34.043301 -24.992500
vt 33.950802 -25.001200
vt 34.042702 -24.993900
vt 34.096199 -25.063101
vt 34.014400 -25.060499
vt 34.014900 -25.059000
vt 34.099098 -25.064400
vt 34.010799 -25.059500
vt 33.946800 -25.000700
vt 33.857498 -25.022100
vt 33.930901 -25.052299
vt 33.927399 -25.052401
vt 33.854500 -25.028099
vt 33.927601 -25.059401
vt 33.779999 -25.062201
vt 33.853500 -25.021999
vt 33.781700 -25.069099
vt 33.844501 -25.057899
vt 33.778099 -25.069799
vt 33.845600 -25.065399
vt 33.707500 -25.080400
vt 33.707001 -25.072901
vt 33.777302 -25.062300
vt 34.144699 -24.978201
vt 34.139500 -24.976500
vt 34.043400 -24.989700
vt 33.974800 -24.924000
vt 34.071999 -24.922600
vt 34.069599 -24.919201
vt 33.972301 -24.921101
vt 33.890999 -24.848900
vt 33.986099 -24.874399
vt 34.067799 -24.924200
vt 33.988701 -24.868500
vt 34.180801 -25.054001
vt 34.139702 -24.979700
vt 34.043800 -24.990999
vt 33.974098 -24.926800
vt 34.071701 -24.925800
vt 34.071098 -24.927200
vt 33.888199 -24.853500
vt 33.970501 -24.924700
vt 33.986500 -24.873400
vt 34.073299 -24.919300
vt 33.990601 -24.874500
vt 34.071899 -24.925200
vt 34.170601 -24.920900
vt 34.171799 -24.913900
vt 34.086700 -24.900200
vt 34.173901 -24.921900
vt 34.088799 -24.892900
vt 34.231899 -24.966200
vt 34.227100 -24.972000
vt 34.177399 -24.915199
vt 34.177502 -24.915600
vt 34.220600 -24.993601
vt 34.234798 -24.968599
vt 34.229599 -24.974100
vt 34.300400 -25.028799
vt 34.315399 -25.094200
vt 34.298401 -25.031000
vt 34.275799 -25.067101
vt 34.288399 -25.131500
vt 34.278400 -25.071400
vt 34.316200 -25.098600
vt 34.290100 -25.129801
vt 34.336300 -25.159300
vt 34.290901 -25.135500
vt 34.335201 -25.166401
vt 34.309101 -25.186800
vt 34.235901 -25.118500
vt 34.150299 -25.114201
vt 34.151100 -25.112801
vt 34.102001 -25.065399
vt 34.182999 -25.056700
vt 34.099701 -25.062901
vt 34.046501 -24.993900
vt 34.142101 -24.982401
vt 34.211399 -25.156200
vt 34.212002 -25.163900
vt 34.140400 -25.140301
vt 34.138199 -25.147499
vt 34.214600 -25.156900
vt 34.244499 -25.176600
vt 34.241402 -25.183599
vt 34.214802 -25.165100
vt 34.247601 -25.177099
vt 34.217499 -25.158600
vt 34.243801 -25.183500
vt 34.282600 -25.200701
vt 34.278500 -25.206400
vt 34.257000 -25.168100
vt 34.212601 -25.163601
vt 34.281898 -25.208599
vt 34.255100 -25.167101
vt 34.215302 -25.156000
vt 34.213501 -25.161900
vt 34.153301 -25.121201
vt 34.239498 -25.122900
vt 34.237301 -25.125299
vt 34.235802 -25.121799
vt 34.150799 -25.117701
vt 34.102901 -25.069099
vt 34.185299 -25.056299
vt 34.184200 -25.058599
vt 34.182400 -25.054701
vt 34.100300 -25.062901
vt 34.045799 -24.993500
vt 34.142502 -24.982700
vt 33.894501 -24.819700
vt 33.989300 -24.866600
vt 33.897800 -24.812799
vt 33.986500 -24.873501
vt 34.081902 -24.889700
vt 34.079399 -24.896900
vt 34.083099 -24.899099
vt 34.084999 -24.891899
vt 34.076302 -24.922100
vt 34.217602 -24.991899
vt 34.175900 -24.918501
vt 34.148998 -24.981300
vt 34.186600 -25.054100
vt 34.271801 -25.064800
vt 34.219601 -24.995800
vt 34.189098 -25.058399
vt 34.272900 -25.070400
vt 34.241299 -25.120001
vt 34.286301 -25.129400
vt 34.241901 -25.125601
vt 34.258701 -25.166500
vt 34.302898 -25.186501
vt 34.286499 -25.133301
vt 34.312698 -25.212299
vt 34.283798 -25.206800
vt 34.309700 -25.213499
vt 34.306702 -25.220400
vt 34.285000 -25.202101
vt 34.303398 -25.219299
vt 34.306702 -25.212500
vt 34.246399 -25.186001
vt 34.250702 -25.179701
vt 34.281300 -25.208700
vt 34.255901 -25.169100
vt 34.258598 -25.163500
vt 34.214802 -25.157101
vt 34.256500 -25.161900
vt 34.154400 -25.115801
vt 34.237999 -25.120701
vt 33.847401 -25.056900
vt 33.848099 -25.064400
vt 33.929401 -25.059401
vt 33.851002 -25.058300
vt 33.850498 -25.065901
vt 33.930901 -25.052200
vt 33.998699 -25.088200
vt 33.996201 -25.095400
vt 33.934299 -25.054001
vt 34.011200 -25.066299
vt 34.065601 -25.122000
vt 34.014198 -25.061001
vt 34.068199 -25.123400
vt 34.017399 -25.061701
vt 34.068699 -25.122200
vt 34.147400 -25.113100
vt 34.149101 -25.120899
vt 34.150101 -25.114700
vt 34.131699 -25.145201
vt 34.068298 -25.123199
vt 34.065601 -25.130301
vt 34.001701 -25.096901
vt 34.133400 -25.137800
vt 34.005299 -25.090200
vt 34.002499 -25.088400
vt 33.999001 -25.094999
s 1
usemtl Meshpart1Mtl.003
f 3/1/1 1/2/2 2/3/3
f 6/4/4 5/5/5 4/6/6
f 7/7/7 9/8/8 8/9/9
f 10/10/10 9/8/8 12/11/11
f 13/12/12 9/8/8 7/7/7
f 5/5/5 14/13/13 4/6/6
f 4/6/6 14/13/13 11/14/14
f 17/15/15 15/16/16 16/17/17
f 23/18/18 22/19/19 20/20/20
f 22/19/19 23/18/18 24/21/21
f 19/22/22 25/23/23 18/24/24
f 18/24/24 25/23/23 26/25/25
f 25/23/23 28/26/26 26/25/25
f 27/27/27 29/28/28 30/29/29
f 30/29/29 29/28/28 31/30/30
f 28/26/26 25/23/23 32/31/31
f 32/31/31 33/32/32 28/26/26
f 37/33/33 35/34/34 36/35/35
f 38/36/36 39/37/37 40/38/38
f 39/37/37 38/36/36 41/39/39
f 40/38/38 42/40/40 38/36/36
f 44/41/41 42/40/42 43/42/43
f 45/43/44 39/37/45 43/42/46
f 40/38/38 46/44/47 42/40/40
f 46/44/47 40/38/38 48/45/48
f 50/46/49 46/44/47 49/47/50
f 47/48/51 51/49/52 48/45/48
f 46/44/47 50/46/49 52/50/53
f 52/50/53 50/46/49 53/51/54
f 50/46/49 54/52/55 53/51/54
f 50/46/49 55/53/56 54/52/55
f 59/54/57 61/55/58 58/56/59
f 61/55/58 59/54/57 60/57/60
f 57/58/61 62/59/62 63/60/63
f 65/61/64 67/62/65 66/63/66
f 66/63/66 67/62/65 68/64/67
f 69/65/68 71/66/69 70/67/70
f 71/66/69 69/65/68 72/68/71
f 76/69/72 75/70/73 73/71/74
f 75/70/73 76/69/72 74/72/75
f 79/73/76 81/74/77 82/75/78
f 83/76/79 85/77/80 84/78/81
f 83/76/79 84/78/81 86/79/82
f 88/80/83 87/81/84 89/82/85
f 90/83/86 88/80/83 89/82/85
f 77/84/87 93/85/88 94/86/89
f 95/87/90 93/85/88 97/88/91
f 97/88/91 99/89/92 95/87/90
f 99/89/92 97/88/91 96/90/93
f 98/91/94 99/89/92 96/90/93
f 91/92/95 92/93/96 103/94/97
f 104/95/98 92/93/96 105/96/99
f 92/93/96 106/97/100 105/96/99
f 80/98/101 106/97/100 92/93/96
f 106/97/102 100/99/103 101/100/104
f 106/97/100 80/98/101 107/101/105
f 106/97/100 107/101/105 108/102/106
f 80/98/101 109/103/107 107/101/105
f 109/103/107 80/98/101 110/104/108
f 80/98/101 39/37/45 110/104/108
f 110/104/108 39/37/45 111/105/109
f 39/37/45 112/106/110 111/105/109
f 39/37/45 45/43/44 112/106/110
f 45/43/44 109/103/107 112/106/110
f 110/104/108 113/107/111 109/103/107
f 112/106/110 109/103/107 113/107/111
f 114/108/112 107/101/105 109/103/107
f 109/103/107 115/109/113 114/108/112
f 115/109/113 106/97/100 108/102/106
f 115/109/113 109/103/107 116/110/114
f 116/110/114 106/97/100 115/109/113
f 117/111/115 116/110/114 109/103/107
f 45/43/44 117/111/115 109/103/107
f 118/112/116 106/97/102 119/113/117
f 100/99/103 106/97/102 118/112/116
f 120/114/118 106/97/100 116/110/114
f 121/115/119 100/99/103 118/112/116
f 121/115/120 122/116/121 120/114/118
f 123/117/122 100/99/103 121/115/119
f 100/99/103 123/117/122 125/118/123
f 126/119/124 124/120/125 125/118/126
f 123/117/122 128/121/127 127/122/128
f 128/121/127 130/123/129 129/124/130
f 130/123/129 128/121/127 123/117/122
f 131/125/131 128/121/127 129/124/130
f 133/126/132 128/121/127 131/125/131
f 132/127/133 123/117/122 134/128/134
f 134/128/134 123/117/122 135/129/135
f 123/117/122 136/130/136 135/129/135
f 123/117/122 116/110/114 136/130/136
f 137/131/137 136/130/136 138/132/138
f 134/128/134 137/131/137 138/132/138
f 116/110/114 138/132/138 136/130/136
f 138/132/138 132/127/133 134/128/134
f 138/132/138 116/110/114 139/133/139
f 139/133/139 116/110/114 140/134/140
f 116/110/114 117/111/115 140/134/140
f 117/111/115 45/43/44 141/135/141
f 45/43/44 139/133/139 141/135/141
f 45/43/44 138/132/138 139/133/139
f 142/136/142 138/132/138 45/43/44
f 45/43/44 46/44/47 142/136/142
f 143/137/143 142/136/142 46/44/47
f 46/44/47 144/138/144 143/137/143
f 46/44/47 56/139/145 144/138/144
f 56/139/145 138/132/138 144/138/144
f 138/132/138 142/136/142 145/140/146
f 144/138/144 138/132/138 145/140/146
f 138/132/138 56/139/145 146/141/147
f 146/141/147 132/127/133 138/132/138
f 146/141/147 56/139/145 147/142/148
f 56/139/145 148/143/149 147/142/148
f 56/139/145 149/144/150 148/143/149
f 149/144/150 132/127/133 148/143/149
f 132/127/133 146/141/147 150/145/151
f 148/143/149 132/127/133 150/145/151
f 132/127/133 149/144/150 151/146/152
f 133/126/153 132/127/133 151/146/152
f 152/147/154 151/146/152 149/144/150
f 153/148/155 152/147/154 149/144/150
f 149/144/150 64/149/156 153/148/155
f 64/149/156 133/126/153 153/148/155
f 133/126/153 151/146/152 154/150/157
f 153/148/155 133/126/153 154/150/157
f 157/151/158 159/152/159 156/153/160
f 62/59/161 155/154/162 158/155/163
f 155/154/162 62/59/161 133/126/132
f 133/126/132 62/59/161 160/156/164
f 162/157/165 164/158/166 161/159/167
f 164/158/166 162/157/165 163/160/168
f 128/121/127 133/126/132 163/160/169
f 165/161/170 166/162/171 167/163/172
f 167/163/172 166/162/171 168/164/173
f 170/165/174 78/166/175 169/167/176
f 78/166/175 170/165/174 102/168/177
f 175/169/178 173/170/179 174/171/180
f 172/172/181 173/170/179 175/169/178
f 177/173/182 179/174/183 178/175/184
f 179/174/183 177/173/182 180/176/185
f 182/177/186 183/178/187 181/179/188
f 184/180/189 186/181/190 185/182/191
f 186/181/190 184/180/189 187/183/192
f 189/184/193 176/185/194 190/186/195
f 192/187/196 194/188/197 189/184/193
f 194/188/197 192/187/196 195/189/198
f 191/190/199 195/189/198 193/191/200
f 195/189/198 191/190/199 194/188/197
f 198/192/201 188/193/202 197/194/203
f 199/195/204 200/196/205 198/192/206
f 39/37/45 198/192/206 200/196/205
f 39/37/45 80/98/101 198/192/206
f 40/38/38 39/37/37 196/197/207
f 56/139/145 55/53/208 201/198/209
f 202/199/210 201/198/209 55/53/208
f 55/53/208 203/200/211 202/199/210
f 55/53/208 204/201/212 203/200/211
f 149/144/150 201/198/209 205/202/213
f 203/200/211 149/144/150 205/202/213
f 201/198/209 149/144/150 56/139/145
f 204/201/212 149/144/150 203/200/211
f 204/201/212 206/203/214 207/204/215
f 149/144/150 204/201/212 207/204/215
f 208/205/216 204/201/212 209/206/217
f 64/149/156 207/204/215 210/207/218
f 209/206/217 64/149/156 208/205/216
f 207/204/215 64/149/156 149/144/150
f 209/206/217 212/208/219 211/209/220
f 212/208/219 57/58/221 213/210/222
f 217/211/223 215/212/224 216/213/225
f 214/214/226 215/212/224 217/211/223
f 219/215/227 218/216/228 220/217/229
f 223/218/230 221/219/231 222/220/232
f 221/219/231 223/218/230 224/221/233
f 227/222/234 225/223/235 226/224/236
f 14/13/13 21/225/237 11/14/14
f 229/226/238 11/14/14 21/225/237
f 19/22/22 229/226/238 21/225/237
f 229/226/238 19/22/22 18/24/24
f 231/227/239 228/228/240 230/229/241
f 228/228/240 231/227/239 232/230/242
f 233/231/243 235/232/244 234/233/245
f 236/234/246 234/233/245 235/232/244
f 239/235/247 238/236/248 237/237/249
f 240/238/250 238/236/248 239/235/247
f 241/239/251 5/5/5 6/4/4
f 243/240/252 242/241/253 244/242/254
f 6/4/4 34/243/255 241/239/251
f 34/243/255 6/4/4 33/32/32
f 245/244/256 247/245/257 246/246/258
f 247/245/257 245/244/256 249/247/259
f 248/248/260 247/245/261 250/249/262
f 252/250/263 253/251/264 251/252/265
f 33/32/32 32/31/31 34/243/255
f 254/253/266 255/254/267 256/255/268
f 257/256/269 256/255/268 255/254/267
f 260/257/270 258/258/271 259/259/272
f 261/260/273 258/258/271 260/257/270
f 263/261/274 264/262/275 262/263/276
f 264/262/275 263/261/274 265/264/277
f 266/265/278 267/266/279 268/267/280
f 269/268/281 270/269/282 271/270/283
f 274/271/284 272/272/285 273/273/286
f 272/272/285 274/271/284 275/274/287
f 278/275/288 279/276/289 277/277/290
f 279/276/289 278/275/288 280/278/291
f 282/279/292 209/206/217 281/280/293
f 284/281/294 282/279/292 283/282/295
f 286/283/296 284/281/297 285/284/298
f 289/285/299 286/283/296 288/286/300
f 287/287/301 291/288/302 290/289/303
f 55/53/56 286/283/296 289/285/299
f 286/283/296 55/53/56 293/290/304
f 296/291/305 295/292/306 292/293/307
f 295/292/306 296/291/305 294/294/308
f 55/53/56 50/46/49 294/294/309
f 298/295/310 171/296/311 297/297/312
f 171/296/311 298/295/310 299/298/313
f 300/299/314 302/300/315 301/301/316
f 302/300/315 300/299/314 303/302/317
f 305/303/318 304/304/319 276/305/320
f 306/306/321 304/304/319 305/303/318
f 307/307/322 308/308/323 309/309/324
f 311/310/325 312/311/326 310/312/327
f 310/312/327 312/311/326 313/313/328
f 315/314/329 316/315/330 314/316/331
f 317/317/332 314/316/331 316/315/330
f 318/318/333 320/319/334 319/320/335
f 320/319/334 318/318/333 321/321/336
f 323/322/337 324/323/338 322/324/339
f 324/323/338 323/322/337 325/325/340
f 329/326/341 327/327/342 328/328/343
f 327/327/342 329/326/341 326/329/344
f 331/330/345 332/331/346 330/332/347
f 332/331/346 331/330/345 333/333/348
f 334/334/349 337/335/350 336/336/351
f 335/337/352 336/336/351 337/335/350
f 341/338/353 340/339/354 338/340/355
f 339/341/356 340/339/354 341/338/353
f 343/342/357 342/343/358 344/344/359
f 346/345/360 347/346/361 345/347/362
f 347/346/361 346/345/360 348/348/363
f 351/349/364 349/350/365 350/351/366
f 353/352/367 354/353/368 352/354/369
f 354/353/368 353/352/367 355/355/370
f 357/356/371 360/357/372 356/358/373
f 360/357/372 358/359/374 356/358/373
f 361/360/375 357/356/376 359/361/377
f 358/359/374 361/360/375 359/361/377
f 362/362/378 360/357/372 357/356/371
f 358/359/374 360/357/372 363/363/379
f 363/363/379 361/360/375 358/359/374
f 364/364/380 360/357/372 365/365/381
f 361/360/375 366/366/382 367/367/383
f 369/368/14 361/360/375 368/369/384
f 370/370/385 371/371/386 372/372/387
f 373/373/388 374/374/389 376/375/390
f 377/376/391 373/373/388 376/375/390
f 376/375/392 378/377/393 379/378/394
f 374/374/389 381/379/395 380/380/396
f 377/376/391 380/380/396 381/379/395
f 381/379/395 374/374/389 370/370/397
f 381/379/395 382/381/398 377/376/391
f 384/382/399 385/383/400 383/384/401
f 385/383/400 384/382/399 386/385/402
f 387/386/403 373/373/388 385/383/404
f 387/386/405 388/387/406 389/388/407
f 382/381/408 388/387/406 390/389/409
f 385/383/410 382/381/408 390/389/409
f 389/388/407 391/390/411 392/391/412
f 393/392/413 389/388/407 392/391/412
f 391/390/414 395/393/415 394/394/416
f 393/392/413 394/394/416 395/393/415
f 395/393/415 391/390/414 382/381/398
f 389/388/407 393/392/413 396/395/417
f 395/393/415 396/395/417 393/392/413
f 396/395/417 397/396/418 389/388/407
f 397/396/418 396/395/417 399/397/419
f 396/395/417 398/398/420 399/397/419
f 396/395/417 401/399/421 400/400/422
f 401/399/421 396/395/417 402/401/423
f 396/395/417 403/402/424 402/401/423
f 403/402/424 400/400/422 401/399/421
f 396/395/417 395/393/415 403/402/424
f 400/400/422 403/402/424 395/393/415
f 395/393/415 404/403/425 400/400/422
f 404/403/425 395/393/415 405/404/426
f 395/393/415 406/405/427 405/404/426
f 395/393/415 407/406/428 406/405/427
f 407/406/428 395/393/415 408/407/429
f 382/381/398 408/407/429 395/393/415
f 408/407/429 382/381/398 409/408/430
f 382/381/398 410/409/431 409/408/430
f 382/381/398 381/379/395 410/409/431
f 407/406/428 410/409/431 381/379/395
f 410/409/431 407/406/428 411/410/432
f 408/407/429 411/410/432 407/406/428
f 406/405/427 413/411/433 412/412/434
f 404/403/425 412/412/434 413/411/433
f 413/411/433 400/400/422 404/403/425
f 415/413/435 400/400/422 414/414/436
f 400/400/422 416/415/437 414/414/436
f 400/400/422 413/411/433 416/415/437
f 421/416/438 418/417/439 420/418/440
f 418/417/439 421/416/438 422/419/441
f 423/420/442 426/421/443 424/422/444
f 426/421/443 425/423/445 424/422/444
f 413/411/446 427/424/447 425/423/445
f 425/423/445 426/421/443 428/425/448
f 426/421/443 423/420/442 419/426/449
f 427/424/447 413/411/446 429/427/450
f 427/424/451 431/428/452 432/429/453
f 433/430/454 431/428/455 430/431/456
f 431/428/455 433/430/454 434/432/457
f 431/428/458 435/433/459 407/406/460
f 429/427/450 407/406/460 435/433/459
f 436/434/461 437/435/462 438/436/463
f 439/437/464 438/436/465 432/429/466
f 381/379/395 439/437/464 407/406/428
f 440/438/467 432/429/466 438/436/465
f 439/437/464 381/379/395 441/439/468
f 381/379/395 440/438/467 441/439/468
f 443/440/469 447/441/470 446/442/471
f 443/440/469 448/443/472 447/441/470
f 451/444/473 449/445/474 450/446/48
f 453/447/475 455/448/476 454/449/477
f 455/448/476 453/447/475 452/450/478
f 461/451/60 459/452/479 460/453/480
f 459/452/479 461/451/60 458/454/57
f 465/455/481 466/456/482 464/457/483
f 466/456/482 465/455/481 467/458/484
f 471/459/485 472/460/486 469/461/487
f 472/460/486 471/459/485 470/462/488
f 474/463/489 473/464/490 468/465/491
f 473/464/490 474/463/489 476/466/492
f 476/466/492 477/467/493 473/464/490
f 478/468/494 473/464/490 477/467/493
f 479/469/495 478/468/496 475/470/497
f 475/470/497 480/471/498 479/469/495
f 479/469/495 480/471/498 481/472/499
f 480/471/498 482/473/500 481/472/499
f 480/471/498 483/474/501 482/473/500
f 478/468/496 479/469/495 484/475/502
f 482/473/500 478/468/496 484/475/502
f 483/474/501 478/468/496 482/473/500
f 487/476/87 478/468/494 485/477/503
f 483/474/501 488/478/504 486/479/505
f 478/468/494 487/476/87 489/480/506
f 488/478/504 483/474/501 490/481/507
f 483/474/501 491/482/508 490/481/507
f 490/481/507 491/482/508 492/483/509
f 491/482/508 493/484/510 492/483/509
f 491/482/508 494/485/511 493/484/510
f 490/481/507 495/486/512 488/478/504
f 493/484/510 488/478/504 495/486/512
f 494/485/511 488/478/504 493/484/510
f 487/476/87 485/477/503 496/487/81
f 487/476/87 496/487/81 497/488/513
f 488/478/504 487/476/87 497/488/513
f 487/476/87 488/478/504 498/489/514
f 498/489/514 488/478/504 499/490/515
f 488/478/504 500/491/84 499/490/515
f 488/478/504 494/485/511 500/491/84
f 501/492/516 500/491/84 502/493/517
f 502/493/517 498/489/514 501/492/516
f 494/485/511 502/493/517 500/491/84
f 502/493/517 487/476/87 498/489/514
f 502/493/517 494/485/511 503/494/96
f 506/495/518 505/496/89 504/497/88
f 505/496/89 506/495/518 507/498/519
f 502/493/520 508/499/91 504/497/88
f 508/499/91 502/493/520 509/500/521
f 509/500/521 502/493/520 510/501/104
f 502/493/520 512/502/97 510/501/104
f 514/503/100 510/501/104 513/504/99
f 516/505/522 517/506/523 442/507/524
f 515/508/105 518/509/525 519/510/526
f 524/511/116 522/512/527 523/513/528
f 522/512/527 524/511/116 525/514/529
f 526/515/530 528/516/531 527/517/123
f 531/518/532 529/519/533 530/520/534
f 529/519/533 531/518/532 532/521/129
f 521/522/535 533/523/140 520/524/536
f 534/525/537 521/522/535 520/524/536
f 536/526/538 535/527/539 538/528/540
f 537/529/541 538/528/540 535/527/539
f 542/530/542 540/531/543 541/532/544
f 540/531/543 542/530/542 539/533/545
f 545/534/546 543/535/547 544/536/548
f 543/535/547 545/534/546 546/537/549
f 473/464/490 478/468/494 547/538/550
f 511/539/551 548/540/552 489/480/553
f 551/541/554 552/542/555 550/543/556
f 555/544/557 554/545/558 553/546/559
f 556/547/194 552/542/560 555/544/561
f 552/542/560 556/547/194 557/548/562
f 557/548/562 556/547/194 560/549/563
f 556/547/194 561/550/564 560/549/563
f 561/550/564 556/547/194 562/551/565
f 559/552/566 562/551/565 558/553/567
f 558/553/567 564/554/568 563/555/569
f 563/555/569 566/556/570 558/553/567
f 483/474/501 566/556/570 565/557/571
f 564/554/568 483/474/501 565/557/571
f 480/471/498 558/553/567 566/556/570
f 483/474/501 480/471/498 566/556/570
f 564/554/568 558/553/567 491/482/508
f 491/482/508 483/474/501 564/554/568
f 491/482/508 558/553/567 567/558/572
f 558/553/567 562/551/565 567/558/572
f 491/482/508 567/558/572 568/559/573
f 569/560/574 567/558/572 562/551/565
f 570/561/186 569/560/574 562/551/565
f 570/561/186 491/482/508 568/559/573
f 494/485/511 491/482/508 570/561/186
f 562/551/565 494/485/511 570/561/186
f 494/485/511 562/551/565 571/562/191
f 562/551/565 572/563/575 571/562/191
f 562/551/565 573/564/576 572/563/575
f 562/551/565 556/547/194 573/564/576
f 571/562/191 574/565/577 575/566/578
f 573/564/576 575/566/578 574/565/577
f 556/547/194 575/566/578 573/564/576
f 575/566/578 494/485/511 571/562/191
f 577/567/579 578/568/580 576/569/581
f 578/568/580 577/567/579 579/570/582
f 576/569/193 580/571/197 575/566/583
f 445/572/584 575/566/583 580/571/197
f 581/573/207 575/566/583 445/572/584
f 575/566/583 581/573/207 582/574/203
f 494/485/511 575/566/578 583/575/201
f 444/576/45 584/577/205 581/573/207
f 587/578/585 585/579/586 586/580/587
f 587/578/585 589/581/588 463/582/589
f 588/583/590 463/582/589 591/584/591
f 588/583/590 591/584/591 592/585/592
f 588/583/593 593/586/594 594/587/595
f 591/584/591 456/588/596 595/589/597
f 596/590/598 590/591/599 595/589/600
f 598/592/601 594/587/602 599/593/603
f 601/594/604 597/595/226 600/596/605
f 597/595/226 601/594/604 602/597/606
f 456/588/596 457/598/607 600/596/608
f 603/599/609 604/600/610 605/601/611
f 607/602/612 606/603/613 605/601/614
f 604/600/615 608/604/616 607/602/617
f 608/604/616 604/600/615 609/605/618
f 608/604/616 611/606/619 610/607/620
f 615/608/621 613/609/622 612/610/623
f 613/609/622 615/608/621 616/611/624
f 613/609/622 617/612/625 614/613/626
f 611/606/619 609/605/627 615/608/628
f 621/614/233 618/615/230 609/605/627
f 618/615/230 621/614/233 620/616/629
f 620/616/629 619/617/630 618/615/230
f 361/360/375 618/615/230 619/617/630
f 624/618/631 361/360/375 369/368/14
f 623/619/632 624/618/633 625/620/634
f 622/621/635 625/620/636 626/622/637
f 627/623/638 625/620/634 624/618/633
f 631/624/639 628/625/640 629/626/641
f 629/626/641 630/627/642 631/624/639
f 633/628/643 632/629/644 634/630/645
f 635/631/646 634/630/645 632/629/644
f 638/632/647 639/633/648 636/634/649
f 639/633/648 638/632/647 640/635/650
f 637/636/651 639/633/648 641/637/652
f 640/635/650 641/637/652 639/633/648
f 389/388/407 641/637/652 387/386/405
f 628/625/640 631/624/639 642/638/653
f 643/639/654 631/624/639 630/627/642
f 645/640/655 646/641/656 644/642/657
f 648/643/658 647/644/659 646/641/660
f 647/644/659 648/643/658 649/645/661
f 650/646/662 373/373/663 649/645/661
f 652/647/664 651/648/665 654/649/666
f 654/649/666 653/650/667 652/647/664
f 655/651/668 654/649/666 651/648/665
f 653/650/667 654/649/666 656/652/669
f 658/653/670 659/654/671 657/655/672
f 659/654/671 658/653/670 660/656/673
f 603/599/609 661/657/674 662/658/675
f 662/658/675 661/657/674 664/659/249
f 666/660/676 667/661/247 665/662/677
f 661/657/674 667/661/678 664/659/249
f 667/661/247 666/660/676 668/663/679
f 667/661/678 661/657/674 669/664/680
f 663/665/681 669/664/680 670/666/682
f 670/666/682 671/667/683 663/665/681
f 671/667/683 670/666/682 672/668/684
f 673/669/685 670/666/682 669/664/680
f 364/364/380 363/363/379 675/670/686
f 675/670/686 363/363/379 676/671/687
f 363/363/379 360/357/372 676/671/687
f 360/357/372 364/364/380 675/670/686
f 676/671/687 360/357/372 677/672/688
f 360/357/372 675/670/686 677/672/688
f 365/365/381 360/357/372 678/673/689
f 360/357/372 679/674/690 678/673/689
f 681/675/691 365/365/381 680/676/254
f 679/674/690 681/675/691 680/676/254
f 365/365/381 681/675/691 364/364/380
f 679/674/690 360/357/372 682/677/692
f 683/678/693 682/677/692 360/357/372
f 360/357/372 362/362/378 683/678/693
f 684/679/256 681/675/691 685/680/259
f 681/675/691 417/681/32 686/682/262
f 417/681/32 681/675/691 688/683/694
f 691/684/264 688/683/695 689/685/696
f 688/683/695 691/684/264 687/686/697
f 692/687/698 691/684/699 690/688/700
f 694/689/701 693/690/702 681/675/691
f 693/690/702 694/689/701 695/691/268
f 696/692/703 693/690/702 695/691/268
f 697/693/704 693/690/702 696/692/703
f 700/694/705 701/695/706 699/696/707
f 698/697/708 701/695/709 702/698/710
f 703/699/711 701/695/706 700/694/705
f 697/693/704 704/700/712 700/694/713
f 708/701/714 705/702/715 706/703/716
f 707/704/717 708/701/714 706/703/716
f 705/702/715 708/701/714 709/705/718
f 708/701/714 707/704/717 710/706/719
f 712/707/720 713/708/721 711/709/722
f 714/710/723 715/711/724 713/708/725
f 715/711/724 714/710/723 716/712/726
f 432/429/727 717/713/728 716/712/729
f 720/714/730 718/715/731 719/716/732
f 721/717/733 720/714/730 719/716/732
f 718/715/731 720/714/730 722/718/734
f 723/719/735 720/714/730 721/717/733
f 724/720/736 728/721/737 726/722/738
f 725/723/739 728/721/737 724/720/736
f 704/700/712 733/724/740 732/725/741
f 730/726/742 734/727/743 731/728/279
f 733/724/740 735/729/744 734/727/745
f 697/693/746 735/729/744 733/724/740
f 731/728/279 735/729/747 727/730/748
f 736/731/749 697/693/746 737/732/750
f 697/693/746 738/733/751 737/732/750
f 735/729/744 697/693/746 736/731/749
f 738/733/752 740/734/753 739/735/754
f 740/734/753 736/731/749 739/735/754
f 682/677/692 740/734/753 738/733/752
f 736/731/749 740/734/753 735/729/744
f 682/677/692 683/678/693 742/736/755
f 741/737/756 682/677/692 742/736/755
f 740/734/753 682/677/692 741/737/756
f 683/678/693 362/362/378 743/738/757
f 362/362/378 741/737/756 743/738/757
f 741/737/756 362/362/378 740/734/753
f 749/739/758 744/740/759 747/741/760
f 744/740/759 749/739/758 746/742/761
f 747/741/760 750/743/762 749/739/758
f 750/743/762 747/741/760 748/744/763
f 372/372/764 650/646/662 750/743/762
f 745/745/765 372/372/387 746/742/766
f 754/746/767 751/747/742 752/748/768
f 752/748/768 753/749/769 754/746/767
f 751/747/742 754/746/767 371/371/386
f 370/370/385 755/750/770 756/751/771
f 371/371/386 370/370/385 756/751/771
f 370/370/385 373/373/772 755/750/770
f 758/752/773 759/753/774 761/754/775
f 761/754/775 759/753/774 762/755/776
f 759/753/774 760/756/777 762/755/776
f 762/755/776 760/756/777 763/757/778
f 764/758/779 760/756/780 717/713/781
f 764/758/782 457/598/607 758/752/783
f 768/759/784 767/760/785 766/761/786
f 765/762/613 768/759/784 766/761/786
f 768/759/784 765/762/613 770/763/787
f 769/764/788 772/765/789 771/766/790
f 772/765/789 770/763/791 771/766/790
f 772/765/789 764/758/792 770/763/791
f 774/767/793 773/768/794 772/765/795
f 773/768/794 775/769/796 764/758/792
f 776/770/797 764/758/792 775/769/796
f 773/768/794 774/767/793 777/771/798
f 774/767/793 776/770/797 777/771/798
f 774/767/793 594/587/595 776/770/797
f 457/598/607 764/758/782 598/592/799
f 782/772/800 780/773/801 779/774/802
f 778/775/803 782/772/800 779/774/802
f 782/772/800 778/775/803 774/767/793
f 594/587/595 774/767/793 778/775/803
f 778/775/803 781/776/804 594/587/595
f 780/773/801 594/587/595 781/776/804
f 782/772/800 588/583/593 780/773/801
f 594/587/595 780/773/801 588/583/593
f 588/583/593 782/772/800 783/777/805
f 786/778/806 588/583/593 785/779/807
f 784/780/808 786/778/806 787/781/809
f 588/583/593 786/778/806 585/579/586
f 787/781/809 788/782/810 789/783/811
f 793/784/812 791/785/299 790/786/813
f 791/785/299 793/784/812 792/787/814
f 794/788/815 796/789/309 795/790/816
f 796/789/309 794/788/815 797/791/817
f 549/792/311 799/793/818 798/794/819
f 800/795/820 799/793/818 549/792/311
f 801/796/821 804/797/822 803/798/823
f 805/799/824 804/797/822 801/796/821
f 807/800/825 806/801/826 757/802/827
f 806/801/826 807/800/825 808/803/828
f 674/804/829 671/667/683 672/668/684
f 669/664/680 674/804/829 673/669/685
f 809/805/830 671/667/683 674/804/829
f 669/664/680 809/805/830 674/804/829
f 671/667/683 809/805/830 810/806/831
f 811/807/832 671/667/683 810/806/831
f 812/808/833 810/806/831 809/805/830
f 811/807/832 810/806/831 813/809/834
f 809/805/830 814/810/835 812/808/833
f 814/810/835 811/807/832 813/809/834
f 815/811/836 811/807/832 814/810/835
f 814/810/835 809/805/830 815/811/836
f 811/807/832 815/811/836 816/812/837
f 817/813/838 815/811/836 809/805/830
f 815/811/836 817/813/838 818/814/839
f 820/815/324 817/813/838 821/816/840
f 821/816/840 809/805/841 822/817/327
f 824/818/842 823/819/843 822/817/844
f 809/805/830 669/664/680 825/820/845
f 825/820/846 827/821/847 826/822/328
f 830/823/848 828/824/849 829/825/850
f 828/824/849 830/823/848 831/826/851
f 833/827/852 832/828/853 834/829/854
f 835/830/855 834/829/854 832/828/853
f 381/379/395 772/765/795 440/438/467
f 772/765/795 381/379/395 836/831/856
f 381/379/395 370/370/397 836/831/856
f 432/429/453 772/765/789 769/764/788
f 836/831/856 370/370/397 837/832/857
f 370/370/397 838/833/858 837/832/857
f 836/831/856 839/834/859 772/765/795
f 838/833/858 772/765/795 839/834/859
f 370/370/397 774/767/793 838/833/858
f 772/765/795 838/833/858 774/767/793
f 375/835/860 372/372/861 840/836/862
f 372/372/861 841/837/863 840/836/862
f 375/835/864 842/838/865 774/767/793
f 841/837/866 774/767/793 842/838/865
f 774/767/793 370/370/397 375/835/864
f 774/767/793 841/837/866 782/772/800
f 745/745/765 843/839/867 372/372/387
f 782/772/868 843/839/869 844/840/870
f 846/841/340 847/842/871 845/843/872
f 745/745/873 784/780/808 845/843/338
f 847/842/871 846/841/340 848/844/874
f 851/845/875 850/846/876 849/847/877
f 850/846/876 851/845/875 852/848/878
f 853/849/879 855/850/880 854/851/881
f 856/852/882 854/851/881 855/850/880
f 857/853/883 858/854/884 859/855/885
f 860/856/886 859/855/885 858/854/884
f 821/816/840 550/543/556 861/857/887
f 862/858/888 815/811/889 819/859/890
f 861/857/887 550/543/556 863/860/355
f 550/543/556 864/861/353 863/860/355
f 864/861/353 550/543/556 552/542/555
f 862/858/888 552/542/891 865/862/892
f 866/863/893 865/862/892 552/542/891
f 867/864/894 866/863/893 552/542/891
f 480/471/498 865/862/892 868/865/895
f 480/471/498 862/858/888 865/862/892
f 867/864/894 480/471/498 868/865/895
f 558/553/567 480/471/498 867/864/894
f 552/542/891 558/553/567 867/864/894
f 869/866/896 862/858/888 480/471/498
f 862/858/888 869/866/896 870/867/897
f 870/867/897 871/868/898 862/858/888
f 815/811/889 862/858/888 871/868/898
f 869/866/896 475/470/497 872/869/899
f 475/470/497 871/868/898 872/869/899
f 871/868/898 475/470/497 815/811/889
f 480/471/498 475/470/497 869/866/896
f 873/870/358 815/811/889 475/470/497
f 816/812/837 815/811/836 874/871/900
f 468/465/901 816/812/902 875/872/903
f 876/873/904 877/874/905 878/875/360
f 878/875/906 811/807/907 468/465/491
f 802/876/908 811/807/832 879/877/909
f 462/878/910 879/877/909 880/879/911
f 881/880/912 740/734/753 362/362/378
f 740/734/753 881/880/912 882/881/913
f 883/882/914 740/734/753 882/881/913
f 884/883/915 881/880/916 609/605/618
f 609/605/618 883/882/914 884/883/915
f 886/884/917 885/885/918 604/600/615
f 604/600/615 888/886/919 886/884/917
f 735/729/744 885/885/918 887/887/920
f 888/886/919 735/729/744 887/887/920
f 885/885/918 735/729/744 740/734/753
f 740/734/753 604/600/615 885/885/918
f 604/600/615 740/734/753 883/882/914
f 889/888/921 735/729/744 888/886/919
f 888/886/919 604/600/615 889/888/921
f 735/729/744 889/888/921 890/889/922
f 883/882/914 609/605/618 604/600/615
f 727/730/748 890/889/923 891/890/924
f 892/891/925 727/730/748 891/890/924
f 889/888/921 893/892/926 890/889/922
f 889/888/921 892/891/925 893/892/926
f 892/891/925 889/888/921 894/893/927
f 895/894/928 729/895/929 727/730/930
f 729/895/929 895/894/928 897/896/931
f 899/897/368 898/898/932 896/899/933
f 899/897/368 729/895/929 897/896/931
f 900/900/934 898/898/932 899/897/368
f 802/876/908 729/895/929 899/897/368
f 802/876/908 894/893/927 901/901/935
f 802/876/908 901/901/935 902/902/936
f 903/903/937 802/876/908 902/902/936
f 811/807/832 802/876/908 903/903/937
f 901/901/935 671/667/683 904/904/938
f 671/667/683 903/903/937 904/904/938
f 903/903/937 671/667/683 811/807/832
f 894/893/927 671/667/683 901/901/935
f 906/905/939 894/893/927 905/906/940
f 671/667/683 894/893/927 906/905/939
f 894/893/927 907/907/941 905/906/940
f 907/907/941 894/893/927 889/888/921
f 907/907/941 663/665/681 908/908/942
f 663/665/681 906/905/939 908/908/942
f 889/888/921 663/665/681 907/907/941
f 906/905/939 663/665/681 671/667/683
f 910/909/943 889/888/921 909/910/944
f 889/888/921 911/911/945 909/910/944
f 663/665/681 889/888/921 910/909/943
f 911/911/945 889/888/921 604/600/615
f 603/599/609 910/909/943 912/912/946
f 912/912/946 911/911/945 603/599/609
f 913/913/947 917/914/948 915/915/376
f 916/916/949 917/914/950 914/917/951
f 915/915/952 918/918/375 919/919/378
f 918/918/375 920/920/953 923/921/7
f 925/922/10 918/918/375 924/923/954
f 923/921/7 926/924/955 925/922/10
f 920/920/953 926/924/955 923/921/7
f 931/925/956 929/926/392 927/927/389
f 932/928/394 933/929/957 929/926/958
f 930/930/391 929/926/958 933/929/957
f 936/931/959 934/932/960 931/925/961
f 937/933/962 935/934/963 934/932/964
f 941/935/965 935/934/963 940/936/966
f 940/936/966 942/937/967 939/938/968
f 943/939/406 942/937/967 940/936/966
f 940/936/966 935/934/963 944/940/969
f 935/934/963 937/933/962 944/940/969
f 949/941/970 946/942/971 947/943/972
f 948/944/973 949/941/970 947/943/972
f 946/942/971 949/941/970 945/945/974
f 950/946/975 949/941/970 948/944/973
f 948/944/976 941/935/965 951/947/977
f 941/935/965 953/948/21 952/949/978
f 951/947/977 941/935/965 954/950/979
f 958/951/980 956/952/981 957/953/982
f 956/952/981 958/951/980 959/954/983
f 963/955/984 960/946/985 961/956/986
f 962/945/427 963/955/984 961/956/986
f 960/946/985 963/955/984 964/944/987
f 963/955/984 962/945/427 965/942/988
f 970/957/989 967/958/990 968/959/991
f 968/959/991 969/960/992 970/957/989
f 967/958/990 970/957/989 971/961/993
f 970/957/989 969/960/992 972/962/994
f 973/963/446 962/945/995 966/964/996
f 975/965/437 976/966/31 974/967/29
f 955/968/23 974/967/29 976/966/31
f 976/966/31 975/965/437 973/963/433
f 979/969/441 976/966/31 978/970/997
f 976/966/31 977/971/998 978/970/997
f 977/971/998 980/972/255 979/969/441
f 976/966/31 979/969/441 980/972/255
f 980/972/255 977/971/998 981/973/999
f 976/966/31 981/973/999 977/971/998
f 981/973/999 976/966/31 982/974/442
f 973/963/433 982/974/442 976/966/31
f 981/973/999 982/974/442 983/975/444
f 984/976/1000 981/973/999 983/975/444
f 981/973/999 984/976/1000 985/977/451
f 984/976/1000 986/978/1001 973/963/433
f 982/974/442 973/963/433 986/978/1001
f 966/964/996 988/939/450 973/963/446
f 988/939/450 989/937/1002 985/977/447
f 990/979/1003 985/977/447 989/937/1002
f 966/964/996 991/980/1004 990/979/455
f 992/933/1005 993/940/1006 990/979/458
f 988/939/1007 994/981/1008 987/936/1009
f 991/980/1004 966/964/996 997/930/464
f 997/930/1010 999/982/1011 995/929/1012
f 999/982/1011 998/927/1013 996/925/1014
f 999/982/1011 997/930/1010 1000/983/468
f 1000/983/468 998/927/1013 999/982/1011
f 1001/984/1015 1007/985/1016 1006/986/472
f 1007/985/1016 1001/984/1015 1005/987/1017
f 1008/988/1018 1002/989/1019 1004/990/471
f 1005/987/40 1009/991/44 1008/988/46
f 1010/992/47 1009/991/44 1005/987/40
f 1003/993/584 1012/994/1020 1011/995/1021
f 1011/995/1021 1012/994/1020 1013/996/473
f 1012/994/1020 1014/997/1022 1013/996/473
f 1014/997/1022 1012/994/1020 1015/998/49
f 1010/992/47 1011/995/48 1016/999/1023
f 1016/999/1023 1014/997/1022 1010/992/47
f 1020/1000/54 1019/1001/1024 1018/1002/1025
f 1019/1001/1024 1020/1000/54 1021/1003/1026
f 1023/1004/1027 1021/1003/1028 1024/1005/145
f 1024/1005/145 1017/1006/478 1023/1004/1027
f 1022/1007/1029 1024/1005/145 1021/1003/1028
f 1025/1008/596 1026/1009/1030 1027/1010/607
f 1028/1011/1031 1027/1010/607 1026/1009/1030
f 1026/1009/1030 1025/1008/596 1029/1012/59
f 1030/1013/1032 1029/1012/59 1025/1008/596
f 1028/1011/1031 1026/1009/1030 1031/1014/1033
f 1030/1013/1032 1028/1011/1031 1031/1014/1033
f 1032/1015/1034 1028/1011/1031 1030/1013/1032
f 1025/1008/596 1032/1015/1034 1030/1013/1032
f 1025/1008/1035 1034/1016/1036 1033/1017/1037
f 1032/1015/1034 1035/1018/1038 1028/1011/1031
f 1036/1019/1039 1028/1011/1031 1035/1018/1038
f 1035/1018/1038 1032/1015/1034 1037/1020/64
f 1036/1019/1039 1035/1018/1038 1038/1021/1040
f 1039/1022/65 1036/1019/1039 1038/1021/1040
f 1032/1015/1034 1039/1022/65 1037/1020/64
f 1036/1019/1039 1039/1022/65 1040/1023/1041
f 1032/1015/1034 1040/1023/1041 1039/1022/65
f 1040/1023/1041 1041/1024/1042 1036/1019/1039
f 1042/1025/1043 1036/1019/1039 1041/1024/1042
f 1041/1024/1042 1040/1023/1041 1043/1026/68
f 1042/1025/1043 1041/1024/1042 1044/1027/1044
f 1045/1028/1045 1042/1025/1043 1044/1027/1044
f 1040/1023/1041 1045/1028/1045 1043/1026/68
f 1046/1029/1046 1042/1025/1043 1045/1028/1045
f 1040/1023/1041 1046/1029/1046 1045/1028/1045
f 1048/1030/1047 1042/1025/1048 1047/1031/1049
f 1049/1032/1050 1051/1033/1051 1050/1034/1052
f 1051/1033/1051 1049/1032/1050 1052/1035/1053
f 1047/1031/1054 1046/1029/1055 1053/1036/72
f 1048/1030/1047 1051/1033/75 1055/1037/1056
f 1054/1038/1057 1057/1039/1058 1056/1040/1059
f 1056/1040/1059 1057/1039/1058 1059/1041/1060
f 1057/1039/1058 1058/1042/500 1059/1041/1060
f 1059/1041/1060 1058/1042/500 1060/1043/1061
f 1066/1044/1062 1063/1045/507 1064/1046/1063
f 1066/1044/1062 1064/1046/1063 1065/1047/510
f 1065/1047/510 1067/1048/1064 1066/1044/1062
f 1061/1049/1065 1069/1050/79 1068/1051/1066
f 1061/1049/1065 1055/1037/1067 1071/1052/1068
f 1062/1053/505 1069/1050/79 1070/1054/1069
f 1069/1050/79 1062/1053/505 1072/1055/513
f 1076/1056/1070 1074/1057/1071 1075/1058/84
f 1075/1058/84 1077/1059/1072 1076/1056/1070
f 1073/1060/1073 1081/1061/1074 1078/1062/1075
f 1073/1060/1076 1083/1063/1077 1082/1064/1078
f 1083/1063/1077 1085/1065/1079 1084/1066/1080
f 1085/1065/1081 1078/1062/1075 1081/1061/1074
f 1073/1060/1076 1086/1067/1082 1083/1063/1077
f 1086/1067/1082 1085/1065/1079 1083/1063/1077
f 1086/1067/1082 1073/1060/1076 1087/1068/177
f 1079/1069/96 1088/1070/1083 1080/1071/1084
f 1094/1072/1085 1091/1073/1086 1092/1074/1087
f 1093/1075/110 1094/1072/1085 1092/1074/1087
f 1094/1072/1085 1093/1075/110 1095/1076/1088
f 1090/1073/1089 1097/1077/1090 1096/1078/1091
f 1097/1077/1090 1090/1073/1089 1098/1079/1092
f 1097/1077/1090 1098/1079/1092 1099/1075/1093
f 1102/1080/1094 1100/1081/1095 1089/1082/1096
f 1105/988/1097 1102/1080/1098 1104/990/1099
f 1102/1080/1098 1105/988/1097 1107/1083/1100
f 1103/985/1101 1107/1083/121 1106/987/1102
f 1108/1084/1103 1100/1081/1104 1103/985/1105
f 1086/1067/1082 1109/1085/530 1085/1065/1079
f 1111/1086/1106 1109/1085/1107 1110/999/1108
f 1109/1085/1107 1111/1086/1106 1108/1084/1109
f 1109/1085/530 1086/1067/1082 1112/1087/1110
f 1113/1088/1111 1112/1087/1110 1086/1067/1082
f 1086/1067/1082 1114/1089/1112 1113/1088/1111
f 1114/1089/1112 1117/1001/1113 1116/1002/1114
f 1118/1006/1115 1119/1004/1116 1115/1090/1117
f 1117/1001/1118 1119/1004/1119 1120/1003/131
f 1115/1090/1117 1119/1004/1116 1121/1091/1120
f 1122/1092/1121 1108/1084/1122 1115/1090/533
f 1124/1093/136 1127/1094/1123 1126/1095/1124
f 1127/1094/1123 1124/1093/136 1128/1096/1125
f 1128/1096/1125 1125/1097/1126 1127/1094/1123
f 1125/1097/1126 1128/1096/1125 1123/1098/1127
f 1130/1099/1128 1131/1100/141 1129/1101/1129
f 1101/1102/535 1131/1100/141 1132/1103/1130
f 1131/1100/141 1130/1099/1128 1132/1103/1130
f 1136/1093/1131 1134/1104/1132 1133/1095/1133
f 1134/1104/1132 1136/1093/1131 1137/1105/1134
f 1137/1105/1134 1138/1098/1135 1134/1104/1132
f 1134/1104/1132 1138/1098/1135 1135/1097/1136
f 1141/1106/1137 1140/1107/1138 1143/1108/1139
f 1143/1108/1139 1142/1109/1140 1141/1106/1137
f 1139/1110/147 1143/1108/1139 1140/1107/1138
f 1142/1109/1140 1143/1108/1139 1144/1111/1141
f 1147/1112/1142 1122/1092/1121 1117/1001/1113
f 1145/1113/1143 1148/1114/1144 1146/1115/1145
f 1150/1116/1146 1149/1117/1147 1148/1114/1144
f 1148/1114/1144 1145/1113/1143 1150/1116/1146
f 1149/1117/1147 1150/1116/1146 1151/1118/1148
f 1152/1119/539 1153/1120/1149 1155/1121/159
f 1033/1017/1037 1034/1016/1036 1154/1122/1150
f 1034/1016/589 1147/1112/1142 1155/1121/541
f 1032/1015/1151 1033/1017/1037 1156/1123/1152
f 1040/1023/1041 1032/1015/1034 1157/1124/1153
f 1157/1124/1153 1147/1112/1142 1158/1125/1154
f 1147/1112/1142 1159/1126/165 1158/1125/1154
f 1040/1023/1041 1157/1124/1153 1160/1127/1155
f 1159/1126/545 1040/1023/1041 1160/1127/1155
f 1040/1023/1041 1159/1126/545 1114/1089/1112
f 1114/1089/1112 1161/1128/1156 1040/1023/1041
f 1046/1029/1046 1040/1023/1041 1161/1128/1156
f 1161/1128/1156 1114/1089/1112 1162/1129/1157
f 1114/1089/1112 1163/1130/171 1162/1129/1157
f 1114/1089/1112 1086/1067/1082 1163/1130/171
f 1046/1029/1046 1163/1130/171 1086/1067/1082
f 1046/1029/1046 1161/1128/1156 1164/1131/1158
f 1163/1130/171 1046/1029/1046 1164/1131/1158
f 1086/1067/1082 1087/1068/177 1166/1132/1159
f 1165/1133/1160 1087/1068/177 1167/1134/1161
f 1087/1068/177 1055/1037/1056 1167/1134/1161
f 1168/1135/1162 1086/1067/1082 1166/1132/1159
f 1086/1067/1082 1168/1135/1162 1046/1029/1046
f 1169/1136/1163 1012/994/1020 1170/1137/554
f 1171/1138/560 1170/1137/1164 1172/1133/1165
f 1170/1137/554 1012/994/1020 1173/1139/180
f 1174/1140/178 1171/1138/560 1172/1133/1165
f 1012/994/1020 1174/1140/178 1173/1139/180
f 1012/994/1020 1175/1141/194 1174/1140/178
f 1178/1142/1166 1171/1138/560 1177/1143/562
f 1177/1143/562 1179/1053/566 1178/1142/1166
f 1177/1143/1167 1180/1144/182 1176/1052/1168
f 1181/1145/184 1176/1052/1168 1180/1144/182
f 1183/1146/1169 1179/1053/1170 1182/1055/564
f 1190/1147/569 1187/1148/1171 1188/1149/1172
f 1189/1150/1173 1190/1147/569 1188/1149/1172
f 1187/1148/1171 1190/1147/569 1191/1151/1174
f 1192/1152/570 1190/1147/569 1189/1150/1173
f 1186/1153/1175 1193/1045/1176 1194/1154/1177
f 1193/1045/1176 1186/1153/1175 1184/1155/1178
f 1186/1153/1175 1194/1154/1177 1195/1047/1179
f 1185/1156/1180 1196/1157/1181 1197/1158/577
f 1197/1158/577 1198/1159/192 1185/1156/1180
f 1199/1160/1182 1175/1141/194 1200/1161/193
f 1175/1141/194 1202/1162/199 1201/1163/195
f 1175/1141/194 1012/994/1020 1202/1162/199
f 1203/1164/197 1202/1162/199 1003/993/584
f 1012/994/1020 1003/993/584 1202/1162/199
f 1206/1165/203 1204/1166/1183 1205/1167/1184
f 1017/1006/478 1024/1005/145 1010/992/47
f 1211/1168/1185 1207/1113/1186 1208/1169/1187
f 1208/1169/1187 1209/1118/211 1211/1168/1185
f 1212/1117/1188 1211/1168/1185 1209/1118/211
f 1207/1113/1186 1211/1168/1185 1213/1115/1189
f 1215/1170/587 1214/1171/1190 1217/1172/214
f 1217/1172/214 1216/1173/585 1215/1170/587
f 1218/1174/1191 1217/1172/214 1214/1171/1190
f 1216/1173/585 1217/1172/214 1219/1175/1192
f 1222/1176/592 1221/1177/591 1225/1178/1193
f 1225/1178/1193 1223/1179/1194 1222/1176/592
f 1220/1180/1148 1225/1178/1193 1221/1177/591
f 1223/1179/1194 1225/1178/1193 1226/1181/1195
f 1025/1008/596 1224/1182/602 1223/1179/594
f 1034/1016/1036 1025/1008/1035 1221/1177/591
f 1224/1182/602 1229/1183/223 1228/1184/1196
f 1229/1183/223 1224/1182/602 1025/1008/596
f 1227/1185/601 1230/1186/604 1027/1010/607
f 1229/1183/223 1027/1010/607 1230/1186/604
f 1236/1187/1197 1235/1188/1198 1239/1189/1199
f 1240/1190/1200 1242/1191/1201 1238/1192/1202
f 1241/1193/618 1243/1194/619 1240/1190/1203
f 1243/1194/619 1236/1187/1197 1242/1191/1204
f 1237/1195/1205 1244/1196/1206 1236/1187/1197
f 1236/1187/1197 1243/1194/619 1234/1197/1207
f 1246/1198/1208 1245/1199/1209 1241/1193/1210
f 1241/1193/1210 1247/1200/625 1246/1198/1208
f 1247/1200/625 1241/1193/1210 1248/1201/230
f 1247/1200/625 1250/1202/1211 1249/1203/1212
f 1250/1202/1211 1245/1199/1209 1249/1203/1212
f 1248/1201/230 1250/1202/1211 1247/1200/625
f 1245/1199/1209 1250/1202/1211 1243/1194/619
f 919/919/378 1251/1204/1213 1252/1205/1214
f 1252/1205/1214 1253/1206/233 919/919/378
f 1241/1193/1210 919/919/378 1253/1206/233
f 1251/1204/1213 919/919/378 918/918/375
f 1248/1201/230 918/918/375 1254/1207/1215
f 1254/1207/1215 918/918/375 1255/1208/1216
f 918/918/375 1256/1209/1217 1255/1208/1216
f 1256/1209/633 1258/1210/1218 1257/1211/1219
f 1258/1210/1218 1254/1207/1215 1257/1211/1219
f 926/924/14 1258/1210/1218 1256/1209/633
f 1254/1207/1215 1258/1210/1218 1248/1201/230
f 1261/1212/1220 1258/1210/1218 1262/1213/646
f 1258/1210/1218 1260/1214/645 1262/1213/646
f 1260/1214/645 1263/1215/1221 1261/1212/1220
f 1263/1215/1221 1258/1210/1218 1261/1212/1220
f 1258/1210/1218 926/924/14 1260/1214/645
f 926/924/14 1263/1215/1221 1260/1214/645
f 1264/1216/649 1258/1210/1218 1263/1215/1221
f 1263/1215/1221 941/935/965 1264/1216/649
f 1264/1216/649 941/935/965 1265/1217/1222
f 941/935/965 1266/1218/1223 1265/1217/1222
f 1258/1210/1218 1264/1216/649 1267/1219/1224
f 1266/1218/1225 1258/1210/1218 1267/1219/1224
f 938/1220/1226 1258/1210/1218 1266/1218/1225
f 1258/1210/1218 938/1220/1226 1269/1221/1227
f 1269/1221/1227 1248/1201/230 1258/1210/1218
f 1248/1201/230 1269/1221/1227 1259/1222/639
f 1269/1221/1227 938/1220/1226 1268/1223/1228
f 1259/1222/639 1270/1224/1229 1248/1201/230
f 938/1220/1226 1270/1224/1229 1268/1223/1228
f 1250/1202/1211 1248/1201/230 1270/1224/1229
f 1270/1224/1229 938/1220/1226 1250/1202/1211
f 1271/1225/1230 1250/1202/1211 938/1220/1226
f 1250/1202/1211 1271/1225/1230 1272/1226/656
f 1272/1226/656 1273/1227/1231 1250/1202/1211
f 1271/1225/1230 934/932/964 1274/1228/1232
f 934/932/964 1273/1227/1231 1274/1228/1232
f 938/1220/1226 934/932/964 1271/1225/1230
f 1275/1229/1233 1250/1202/1211 1273/1227/1231
f 934/932/964 1275/1229/1233 1273/1227/1231
f 1250/1202/1211 1275/1229/1233 1276/1230/665
f 1276/1230/665 1243/1194/619 1250/1202/1211
f 1276/1230/665 1275/1229/1233 1277/1231/1234
f 1243/1194/619 1276/1230/665 1278/1232/1235
f 1278/1232/1235 1279/1233/667 1243/1194/619
f 1275/1229/1233 1279/1233/667 1277/1231/1234
f 1280/1234/1236 1243/1194/619 1279/1233/667
f 1275/1229/1233 1280/1234/1236 1279/1233/667
f 1243/1194/619 1280/1234/1236 1281/1235/1237
f 1234/1197/1207 1243/1194/619 1281/1235/1237
f 1281/1235/1237 1280/1234/1236 1282/1236/243
f 1281/1235/1237 1283/1237/1238 1234/1197/1207
f 1283/1237/1238 1284/1238/1239 1234/1197/1207
f 1280/1234/1236 1284/1238/1239 1282/1236/243
f 1285/1239/674 1234/1197/1207 1284/1238/1239
f 1280/1234/1236 1285/1239/674 1284/1238/1239
f 1286/1240/675 1287/1241/681 1234/1197/1207
f 1287/1241/681 1286/1240/675 1288/1242/1240
f 1289/1243/247 1287/1241/681 1288/1242/1240
f 1290/1244/680 1287/1241/681 1289/1243/247
f 1292/1245/1241 1294/1246/1242 1291/1247/1243
f 1294/1246/1242 1292/1245/1241 1295/1248/1244
f 1295/1248/1244 1296/1249/1245 1294/1246/1242
f 1294/1246/1242 1296/1249/1245 1293/1250/1246
f 1297/1251/687 1298/1252/1247 921/1253/1248
f 1298/1252/1247 1297/1251/687 1299/1254/688
f 1301/1255/1249 1300/917/1250 1303/1256/689
f 1303/1256/689 1302/913/1251 1301/1255/1249
f 922/916/1252 1303/1256/689 1300/917/1250
f 1302/913/1251 1303/1256/689 1304/915/1253
f 1307/1257/1254 980/972/255 1309/1258/1255
f 980/972/255 1308/1259/1256 1309/1258/1255
f 980/972/255 1305/1260/1257 1308/1259/1256
f 1305/1260/1257 980/972/255 1310/1261/1258
f 1305/1260/1257 1310/1261/1258 1311/1262/264
f 1312/1263/1259 1305/1260/1257 1311/1262/264
f 1310/1261/1258 981/973/999 1313/1264/1260
f 1312/1263/1259 1313/1264/1260 981/973/999
f 981/973/999 1310/1261/1258 980/972/255
f 1305/1260/1257 1312/1263/1259 1314/1265/1261
f 981/973/999 1314/1265/1261 1312/1263/1259
f 1315/1266/1262 1314/1265/1261 1318/1267/266
f 1319/1205/1263 1320/1268/1264 1317/1269/1265
f 1320/1268/267 1318/1267/266 1314/1265/1261
f 1320/1268/1264 1319/1205/1263 1321/1206/703
f 1322/1270/1266 1324/1271/1267 1323/1272/709
f 1325/1273/1268 1322/1270/1266 1323/1272/709
f 1324/1271/1267 1327/1274/1269 1326/1275/1270
f 1325/1273/1271 1326/1275/1270 1327/1274/1269
f 1327/1274/1269 1324/1271/1267 1314/1265/1261
f 1327/1274/1269 1328/1276/1272 1325/1273/1271
f 1314/1265/1261 1329/1277/271 1327/1274/1269
f 1329/1277/271 1314/1265/1261 1330/1278/716
f 1314/1265/1261 1331/1279/717 1330/1278/716
f 1314/1265/1261 981/973/999 1331/1279/717
f 1331/1279/717 985/977/451 1332/1280/273
f 1329/1277/271 1332/1280/273 985/977/451
f 985/977/451 1331/1279/717 981/973/999
f 985/977/451 1327/1274/1269 1329/1277/271
f 1327/1274/1269 985/977/451 1333/1281/722
f 1327/1274/1269 1333/1281/722 1335/1282/1273
f 1336/1283/729 1327/1274/1269 1335/1282/1273
f 1327/1274/1269 1336/1283/729 1337/1284/1274
f 1333/1281/722 991/980/1004 1338/1285/1275
f 1336/1283/1276 1338/1285/1275 991/980/1004
f 1338/1285/1275 1334/1227/1277 1339/1228/1278
f 991/980/1004 1333/1281/722 985/977/451
f 1328/1276/1272 1342/1286/1279 1341/1287/1280
f 1343/1288/1281 1328/1276/1272 1341/1287/1280
f 1342/1286/1279 1337/1284/1274 1340/1289/1282
f 1343/1288/1281 1340/1289/1282 1337/1284/1274
f 1328/1276/1272 1327/1274/1269 1342/1286/1279
f 1337/1284/1274 1342/1286/1279 1327/1274/1269
f 1344/1290/1283 1328/1276/1272 1343/1288/1281
f 1337/1284/1274 1344/1290/1283 1343/1288/1281
f 1346/1291/1284 1344/1290/1283 1345/1292/274
f 1347/1293/277 1345/1292/274 1344/1290/1283
f 1344/1290/1283 1346/1291/1284 1328/1276/1272
f 1349/1294/1285 1346/1291/1284 1348/1295/1286
f 1347/1293/277 1349/1294/1285 1348/1295/1286
f 1344/1290/1283 1350/1296/1287 1347/1293/277
f 1350/1296/1287 1349/1294/1285 1347/1293/277
f 1328/1276/1272 1349/1294/1288 1351/1195/742
f 1351/1195/742 1352/1196/278 1328/1276/1272
f 1353/1192/1289 1328/1276/1272 1352/1196/278
f 1328/1276/1272 1353/1192/1289 1322/1270/1266
f 1355/1297/1290 1353/1192/1291 1354/1189/1292
f 1354/1189/1292 1351/1195/1293 1355/1297/1290
f 1322/1270/1294 1356/1298/1295 1357/1299/1296
f 1357/1299/1297 1361/1300/1298 1359/1301/1299
f 1360/1302/751 1361/1300/1298 1358/1303/1300
f 1361/1300/1298 1357/1299/1297 1362/1304/1301
f 1362/1304/1301 1358/1303/1300 1361/1300/1298
f 1306/1305/793 1365/1306/1302 1316/1307/1303
f 1363/1308/1304 1365/1306/1302 1364/1309/756
f 1365/1306/1302 1306/1305/793 1366/1310/1305
f 1366/1310/1305 1364/1309/756 1365/1306/1302
f 1367/1311/1306 1280/1234/1236 1368/1312/1307
f 1369/1313/1308 1368/1312/1307 1280/1234/1236
f 1280/1234/1236 1370/1314/1309 1369/1313/1308
f 1370/1314/1309 1280/1234/1236 1275/1229/1233
f 1372/1315/1310 1368/1312/1307 1371/1316/1311
f 1370/1314/1312 1372/1315/1310 1371/1316/1311
f 1372/1315/1310 1367/1311/1306 1368/1312/1307
f 1372/1315/1313 1275/1229/1233 1373/1317/742
f 1375/1318/1314 1374/1319/768 1275/1229/1233
f 1275/1229/1233 934/932/964 1375/1318/1314
f 1377/1320/1315 1376/1321/1316 1375/1318/1317
f 1375/1318/1317 936/931/1318 1378/1322/1319
f 936/931/1318 1373/1317/1320 1378/1322/1319
f 1027/1010/607 1344/1290/1283 1379/1323/783
f 1379/1323/783 1344/1290/1283 1380/1324/1321
f 1344/1290/1283 1381/1325/780 1380/1324/1321
f 1344/1290/1283 1337/1284/1274 1381/1325/780
f 1381/1325/780 1382/1326/779 1383/1327/1322
f 1379/1323/783 1383/1327/1322 1382/1326/779
f 1337/1284/1323 1386/1320/1324 1385/1321/1325
f 1387/1328/1326 1337/1284/1323 1385/1321/1325
f 1382/1326/779 1337/1284/1323 1387/1328/1326
f 1387/1328/791 1384/1317/1327 1388/1322/1319
f 1388/1322/1319 1386/1320/788 1389/1329/790
f 1389/1329/790 1387/1328/791 1388/1322/1319
f 1382/1326/782 1390/1330/795 1392/1331/794
f 1392/1331/1328 1394/1332/1329 1391/1333/1330
f 1394/1332/1329 1395/1334/1331 1393/1335/1332
f 1394/1332/1329 1392/1331/1328 1396/1336/1333
f 1396/1336/1333 1395/1334/1331 1394/1332/1329
f 1224/1182/602 1382/1326/1334 1395/1334/1335
f 1224/1182/602 1227/1185/1336 1382/1326/1334
f 1400/1337/803 1399/1338/1337 1397/1339/1338
f 1399/1338/1337 1400/1337/803 1402/1340/1339
f 1401/1341/1340 1399/1338/1337 1403/1342/1341
f 1402/1340/1339 1403/1342/1341 1399/1338/1337
f 1404/1179/1342 1407/1343/809 1406/1181/1061
f 1408/1180/1343 1407/1343/1344 1405/1177/1345
f 1409/1344/295 1406/1181/1061 1407/1343/809
f 1410/1345/294 1398/1346/1346 1406/1181/1347
f 1210/1347/212 1410/1345/1348 1408/1180/1349
f 1410/1345/1348 1210/1347/212 1411/1348/1350
f 1411/1348/1350 1210/1347/212 1413/1120/301
f 1412/1349/296 1411/1348/298 1414/1350/300
f 1415/1017/1351 1414/1350/300 1411/1348/298
f 1210/1347/212 1416/1119/1352 1413/1120/301
f 1414/1350/300 1415/1017/1351 1417/1123/1353
f 1210/1347/212 1022/1007/56 1416/1119/1352
f 1418/1351/304 1419/1352/1354 1412/1349/1355
f 1419/1352/1354 1418/1351/304 1420/1353/816
f 1421/1354/1356 1419/1352/1354 1420/1353/816
f 1422/1355/1357 1418/1351/1358 1022/1007/56
f 1022/1007/56 1421/1354/308 1422/1355/1357
f 1015/998/49 1419/1352/1354 1421/1354/1356
f 1419/1352/1354 1015/998/49 1423/1356/1359
f 1169/1136/1163 1419/1352/1354 1423/1356/1359
f 1169/1136/1163 1423/1356/1359 1424/1357/818
f 1425/1358/1360 1423/1356/1359 1015/998/49
f 1426/1359/1361 1169/1136/1163 1424/1357/818
f 1015/998/49 1426/1359/1361 1425/1358/1360
f 1012/994/1020 1169/1136/1163 1426/1359/1361
f 1426/1359/1361 1015/998/49 1012/994/1020
f 1428/1360/824 1429/1361/1362 1427/1362/1363
f 1429/1361/1362 1430/1363/1364 1427/1362/1363
f 1430/1363/1364 1028/1011/1031 1431/1364/1365
f 1428/1360/824 1431/1364/1365 1028/1011/1031
f 1028/1011/1031 1430/1363/1364 1350/1296/1287
f 1028/1011/1031 1036/1019/1039 1428/1360/824
f 1432/1365/319 1350/1296/1287 1433/1366/1366
f 1350/1296/1287 1434/1367/1367 1433/1366/1366
f 1350/1296/1287 1432/1365/319 1028/1011/1031
f 1350/1296/1287 1344/1290/1283 1434/1367/1367
f 1027/1010/607 1432/1365/319 1435/1368/321
f 1434/1367/1367 1027/1010/607 1435/1368/321
f 1432/1365/319 1027/1010/607 1028/1011/1031
f 1027/1010/607 1434/1367/1367 1344/1290/1283
f 1441/1369/1368 1439/1370/831 1440/1371/1369
f 1439/1370/831 1441/1369/1368 1437/1372/1370
f 1440/1371/1369 1442/1373/1371 1441/1369/1368
f 1441/1369/1368 1442/1373/1371 1443/1374/1372
f 1446/1375/838 1450/1376/1373 1447/1377/1374
f 1449/1378/1375 1450/1376/1373 1448/1379/1376
f 1450/1376/1373 1446/1375/838 1451/1380/1377
f 1436/1381/841 1452/1382/840 1446/1375/838
f 1453/1383/327 1436/1381/841 1455/1384/1378
f 1436/1381/841 1456/1385/845 1455/1384/1378
f 1456/1385/845 1457/1386/1379 1454/1387/1380
f 1459/1388/847 1453/1383/327 1458/1389/328
f 1290/1244/1381 1459/1388/847 1456/1385/1382
f 1453/1383/327 1459/1388/847 1452/1382/840
f 1459/1388/847 1290/1244/1381 1460/1390/849
f 1460/1390/849 1290/1244/1381 1461/1391/1383
f 1290/1244/1381 1462/1392/1384 1461/1391/1383
f 1462/1392/1384 1290/1244/1381 1285/1239/674
f 1464/1393/1385 1460/1390/849 1463/1394/1386
f 1462/1392/1384 1464/1393/1385 1463/1394/1386
f 1464/1393/1385 1459/1388/847 1460/1390/849
f 1285/1239/674 1464/1393/1385 1462/1392/1384
f 1466/1395/335 1285/1239/674 1465/1396/1387
f 1464/1393/1385 1285/1239/674 1466/1395/335
f 1285/1239/674 1467/1397/1388 1465/1396/1387
f 1467/1397/1388 1285/1239/674 1280/1234/1236
f 1467/1397/1388 1367/1311/1306 1468/1398/334
f 1367/1311/1306 1466/1395/335 1468/1398/334
f 1280/1234/1236 1367/1311/1306 1467/1397/1388
f 1466/1395/335 1367/1311/1306 1464/1393/1385
f 1390/1330/789 991/980/727 998/927/467
f 1337/1284/1323 991/980/1004 1386/1320/1324
f 1470/1399/856 1471/1400/1389 1469/1401/1304
f 1469/1401/1304 1471/1400/1389 1473/1402/1390
f 1474/1403/1391 1471/1400/1389 1472/1404/1392
f 1471/1400/1389 1474/1403/1391 1473/1402/1390
f 1478/1405/862 1476/1406/1393 1475/1333/1394
f 1478/1405/862 1477/1335/1395 1476/1406/1393
f 928/1331/860 1478/1405/862 1475/1333/1394
f 1477/1335/1395 1478/1405/862 1479/1334/863
f 1481/1407/1396 1483/1186/1397 1484/1408/874
f 1398/1346/1346 1482/1409/1398 1480/1410/1399
f 1481/1407/1400 1398/1346/1346 1480/1410/1399
f 1372/1315/1310 1398/1346/1346 1481/1407/1400
f 1482/1409/1398 1398/1346/1346 1410/1345/294
f 1367/1311/1306 1410/1345/1348 1485/1411/1401
f 1485/1411/1401 1464/1393/1385 1367/1311/1306
f 1464/1393/1385 1485/1411/1401 1486/1412/1402
f 1487/1413/1403 1464/1393/1385 1486/1412/1402
f 1485/1411/1401 1410/1345/1348 1488/1414/341
f 1410/1345/1348 1487/1413/1403 1488/1414/341
f 1410/1345/1348 1412/1349/1355 1487/1413/1403
f 1412/1349/1355 1464/1393/1385 1487/1413/1403
f 1464/1393/1385 1412/1349/1355 1489/1415/1404
f 1459/1388/847 1464/1393/1385 1489/1415/1404
f 1489/1415/1404 1412/1349/1355 1490/1416/1405
f 1489/1415/1404 1491/1417/1406 1459/1388/847
f 1492/1418/1407 1459/1388/847 1491/1417/1406
f 1412/1349/1355 1492/1418/1407 1490/1416/1405
f 1419/1352/1354 1459/1388/847 1492/1418/1407
f 1492/1418/1407 1412/1349/1355 1419/1352/1354
f 1459/1388/847 1419/1352/1354 1493/1419/1408
f 1493/1419/1408 1452/1382/840 1459/1388/847
f 1493/1419/1408 1419/1352/1354 1494/1420/349
f 1452/1382/840 1493/1419/1408 1495/1421/1409
f 1496/1422/350 1452/1382/840 1495/1421/1409
f 1419/1352/1354 1496/1422/350 1494/1420/349
f 1169/1136/1163 1452/1382/840 1496/1422/350
f 1496/1422/350 1419/1352/1354 1169/1136/1163
f 1498/1423/1410 1499/1424/1411 1452/1382/840
f 1448/1379/1412 1452/1382/840 1499/1424/1411
f 1498/1423/887 1500/1425/355 1497/1031/1413
f 1499/1424/1411 1498/1423/1410 1501/1032/1414
f 1497/1031/1413 1500/1425/355 1502/1036/1415
f 1503/1035/353 1499/1424/1411 1501/1032/1414
f 1171/1138/1416 1499/1424/1411 1503/1035/353
f 1506/1426/1417 1504/1038/1418 1505/1427/1419
f 1505/1427/1419 1507/1042/894 1506/1426/1417
f 1504/1038/1418 1506/1426/1417 1508/1040/1420
f 1506/1426/1417 1507/1042/894 1509/1043/1421
f 1513/1428/1422 1511/1429/1423 1510/1430/896
f 1511/1429/1423 1513/1428/1422 1514/1431/1424
f 1511/1429/1423 1515/1432/1425 1512/1433/898
f 1515/1432/1425 1511/1429/1423 1514/1431/1424
f 1517/1434/1426 1518/1379/358 1516/1378/1427
f 1445/1377/1428 1519/1435/900 1517/1434/1426
f 1518/1379/358 1517/1434/1426 1519/1435/900
f 1444/1375/1429 1519/1435/900 1445/1377/1428
f 1042/1025/1048 1048/1030/1047 1516/1378/1430
f 1042/1025/1048 1445/1377/1428 1438/1436/1431
f 1523/1384/1432 1520/1437/1433 1521/1438/1434
f 1522/1387/1435 1523/1384/1432 1521/1438/1434
f 1036/1019/1039 1520/1437/1436 1524/1386/1437
f 1522/1387/1438 1036/1019/1039 1524/1386/1437
f 1520/1437/1436 1036/1019/1039 1042/1025/1043
f 1036/1019/1039 1522/1387/1438 1429/1361/1439
f 1525/1302/1440 1529/1439/366 1526/1303/1441
f 1527/1299/1442 1529/1439/366 1528/1301/914
f 1529/1439/366 1525/1302/1440 1530/1440/1443
f 919/919/378 1241/1193/1210 1525/1302/916
f 1533/1441/918 1532/1442/1444 1531/1443/1445
f 1532/1442/1444 1533/1441/918 1534/1444/917
f 1534/1444/917 1535/1445/919 1532/1442/1444
f 1532/1442/1444 1535/1445/919 1536/1446/1446
f 1356/1298/1447 1349/1294/1285 1537/1447/1448
f 1538/1448/1449 1540/1449/926 1537/1447/1450
f 1537/1447/1450 1540/1449/926 1541/1450/1451
f 1540/1449/926 1542/1451/1452 1541/1450/1451
f 1542/1451/1452 1540/1449/926 1539/1452/1453
f 1349/1294/1288 1543/1453/1454 1542/1451/1452
f 1543/1453/1454 1349/1294/1288 1544/1454/1455
f 1544/1454/1456 1350/1296/1287 1545/1455/1457
f 1546/1456/370 1545/1455/1457 1350/1296/1287
f 1429/1361/1458 1543/1453/1454 1546/1456/370
f 1550/1250/1459 1551/1457/938 1548/1249/1460
f 1547/1245/1461 1551/1457/938 1549/1247/1462
f 1551/1457/938 1550/1250/1459 1552/1458/1463
f 1552/1458/1463 1549/1247/1462 1551/1457/938
f 1556/1459/941 1557/1460/942 1554/1461/1464
f 1553/1462/1465 1557/1460/942 1555/1463/939
f 1554/1461/1464 1557/1460/942 1558/1464/1466
f 1557/1460/942 1553/1462/1465 1558/1464/1466
f 1232/1465/1467 1559/1452/1468 1231/1451/1469
f 1560/1448/945 1232/1465/1467 1233/1447/1470
f 1561/1466/1471 1559/1452/1468 1232/1465/1467
f 1559/1452/943 1234/1197/1207 1287/1241/681
f 1235/1188/1198 1234/1197/1472 1560/1448/945
f 1563/240/3 1562/1467/1473 1564/242/1474
f 1569/248/11 1567/244/1475 1568/249/1476
f 1567/244/1475 1569/248/11 1570/246/1477
f 1573/27/1478 1572/1468/419 1571/29/1479
f 1572/1468/419 1573/27/1478 1574/1469/979
f 1577/1470/1480 1578/1471/1481 1576/1472/421
f 1578/1471/1481 1577/1470/1480 1575/1473/1482
f 1579/1474/1483 1580/21/1484 1581/1475/436
f 1582/19/29 1581/1475/436 1580/21/1484
f 1583/1476/1485 1586/1477/1486 1585/1478/1487
f 1586/1477/1486 1583/1476/1485 1587/1479/1488
f 1584/1480/1489 1588/1481/1490 1589/1482/1491
f 1590/1483/1492 1591/1484/1493 1592/1485/1494
f 1594/1486/1495 1590/1483/1496 1593/1487/1497
f 1593/1487/1497 1595/1488/472 1594/1486/1495
f 1596/1489/1498 1594/1486/1495 1595/1488/472
f 1593/1487/1497 1597/1490/1499 1598/116/1500
f 1596/1489/1498 1598/116/1500 1597/1490/1499
f 1599/1491/1501 1594/1486/1495 1596/1489/1498
f 1599/1491/1501 1600/120/51 1594/1486/1495
f 1600/120/1502 1601/1492/1503 1603/1493/1504
f 1601/1492/1503 1602/122/1505 1603/1493/1504
f 1603/1493/1504 1602/122/1505 1604/1494/1506
f 1604/1494/1507 1606/1495/1508 1599/1491/1501
f 1599/1491/1501 1605/1496/1509 1604/1494/1507
f 1605/1496/1509 1599/1491/1501 1607/1497/475
f 1605/1496/1509 1607/1497/475 1608/1498/1510
f 1610/1499/1511 1605/1496/1509 1609/1500/1512
f 1609/1500/1513 1611/1501/1514 1612/1502/1515
f 1607/1497/475 1612/1502/1515 1611/1501/1514
f 1613/1503/1516 1616/1504/1517 1615/1505/1518
f 1616/1504/1517 1613/1503/1516 1617/1506/1519
f 1618/1507/1151 1614/1508/1520 1620/1509/1521
f 1619/1510/1522 1623/1511/483 1622/1512/1523
f 1623/1511/483 1619/1510/1522 1624/1513/1524
f 1625/1514/1525 1628/1515/487 1627/1516/1526
f 1628/1515/487 1625/1514/1525 1629/1517/1527
f 1631/1518/1528 1632/1519/1050 1630/1520/1054
f 1630/1520/1054 1632/1519/1050 1633/1521/1529
f 1636/1522/1530 1637/1523/1531 1638/1524/1532
f 1639/1525/1533 1640/1526/1534 1635/1527/1535
f 1634/1528/1536 1635/1527/1535 1640/1526/1534
f 1643/1529/1537 1641/1530/1538 1642/1531/515
f 1641/1530/1538 1643/1529/1537 1644/1532/1539
f 1650/1533/1540 1649/190/1541 1648/186/1542
f 1649/190/1541 1650/1533/1540 1651/191/94
f 1655/1534/1543 1653/197/1544 1654/194/97
f 1654/194/97 1647/1535/1545 1656/1536/1546
f 1647/1535/1545 1654/194/97 1646/192/96
f 1647/1535/1545 1645/1537/1547 1656/1536/1546
f 1658/1538/1548 1647/1535/1545 1657/195/1083
f 1658/1538/1096 1655/1534/1549 1652/1539/1550
f 1658/1538/1548 1591/1484/1493 1647/1535/1545
f 1590/1483/1492 1592/1485/1494 1659/1540/1085
f 1660/1541/1551 1590/1483/1492 1659/1540/1085
f 1590/1483/1492 1660/1541/1551 1597/1490/1552
f 1592/1485/1494 1662/1542/1553 1661/1543/1554
f 1662/1542/1553 1660/1541/1551 1661/1543/1554
f 1662/1542/1553 1597/1490/1552 1660/1541/1551
f 1662/1542/1553 1592/1485/1494 1591/1484/1493
f 1662/1542/1553 1591/1484/1493 1663/1544/525
f 1658/1538/1548 1663/1544/525 1591/1484/1493
f 1662/1542/1553 1663/1544/525 1664/1545/1555
f 1663/1544/525 1658/1538/1548 1665/1546/1556
f 1666/1547/1557 1662/1542/1553 1664/1545/1555
f 1666/1547/1557 1665/1546/1556 1658/1538/1548
f 1662/1542/1553 1666/1547/1557 1667/1548/1104
f 1658/1538/1548 1667/1548/1104 1666/1547/1557
f 1667/1548/1104 1668/1549/535 1662/1542/1553
f 1597/1490/1552 1662/1542/1553 1668/1549/535
f 1652/1539/1550 1669/1550/1094 1658/1538/1096
f 1668/1549/535 1667/1548/1104 1670/1551/1558
f 1669/1550/1094 1652/1539/1550 1671/1552/528
f 1652/1539/1550 1672/1553/1559 1671/1552/528
f 1667/1548/1560 1669/1550/1561 1673/41/121
f 1672/1553/1559 1667/1548/1560 1673/41/121
f 1652/1539/1550 1674/1554/1122 1672/1553/1559
f 1674/1554/1122 1652/1539/1550 1675/48/125
f 1676/1555/1562 1675/48/125 1678/1556/1563
f 1678/1556/1563 1679/47/1564 1676/1555/1562
f 1679/47/1564 1678/1556/1563 1680/1557/1111
f 1680/1557/1565 1674/1554/1109 1677/1558/1566
f 1674/1554/1109 1680/1557/1565 1681/1559/1112
f 1681/1559/1112 1682/1560/1567 1674/1554/1109
f 1682/1560/1567 1681/1559/1112 1683/1561/1568
f 1686/1562/1569 1682/1560/1117 1685/1563/1120
f 1684/1564/1113 1686/1562/1569 1685/1563/1120
f 1688/1565/1570 1687/1566/1571 1674/1554/1109
f 1689/1567/1124 1674/1554/1109 1687/1566/1571
f 1667/1548/1104 1674/1554/1109 1689/1567/1124
f 1674/1554/1109 1686/1562/1121 1688/1565/1570
f 1690/1568/1572 1667/1548/1104 1689/1567/1124
f 1690/1568/1572 1689/1567/1124 1691/1569/1123
f 1688/1565/1570 1690/1568/1572 1691/1569/1123
f 1690/1568/1572 1688/1565/1570 1686/1562/1121
f 1667/1548/1104 1690/1568/1572 1692/1570/1128
f 1667/1548/1104 1692/1570/1128 1670/1551/1558
f 1597/1490/1552 1668/1549/535 1693/1571/1573
f 1692/1570/1128 1597/1490/1552 1693/1571/1573
f 1690/1568/1572 1597/1490/1552 1692/1570/1128
f 1690/1568/1572 1694/1572/1133 1597/1490/1552
f 1599/1491/1574 1597/1490/1552 1694/1572/1133
f 1599/1491/1574 1694/1572/1133 1695/1573/1132
f 1696/1574/1575 1599/1491/1574 1695/1573/1132
f 1694/1572/1133 1690/1568/1572 1697/1575/1576
f 1696/1574/1575 1697/1575/1576 1690/1568/1572
f 1690/1568/1572 1612/1502/1577 1696/1574/1575
f 1612/1502/1577 1690/1568/1572 1698/1576/1138
f 1686/1562/1121 1698/1576/1138 1690/1568/1572
f 1612/1502/1577 1698/1576/1138 1699/1577/1578
f 1700/1578/1140 1612/1502/1577 1699/1577/1578
f 1701/1579/1579 1612/1502/1577 1700/1578/1140
f 1698/1576/1138 1686/1562/1121 1702/1580/1580
f 1700/1578/1140 1702/1580/1580 1686/1562/1121
f 1686/1562/1121 1701/1579/1579 1700/1578/1140
f 1701/1579/1579 1686/1562/1121 1703/1581/1145
f 1704/1582/1581 1703/1581/1145 1686/1562/1121
f 1701/1579/1579 1703/1581/1145 1705/1583/1582
f 1706/1584/1583 1701/1579/1579 1705/1583/1582
f 1681/1559/1112 1704/1582/1584 1684/1564/1118
f 1701/1579/1579 1706/1584/1583 1621/1585/1585
f 1704/1582/1581 1621/1585/1585 1706/1584/1583
f 1704/1582/1581 1706/1584/1583 1707/1586/1586
f 1703/1581/1145 1704/1582/1581 1707/1586/1586
f 1621/1585/1036 1709/288/541 1708/289/1150
f 1709/288/159 1618/1507/1151 1710/1587/1587
f 1618/1507/1151 1709/288/159 1704/1582/1584
f 1618/1507/1151 1704/1582/1584 1712/1588/1153
f 1711/290/1588 1714/1589/1589 1712/1588/1590
f 1714/1589/1589 1711/290/1588 1715/1590/1591
f 1704/1582/1584 1681/1559/1112 1713/292/165
f 1717/1591/1592 1718/1592/1158 1716/1593/1593
f 1718/1592/1158 1717/1591/1592 1719/1594/546
f 1722/1595/1161 1720/1596/550 1721/1597/1594
f 1720/1596/550 1722/1595/1161 1723/1598/1595
f 1726/1599/1596 1725/1600/1597 1724/1601/1598
f 1725/1600/1597 1726/1599/1596 1727/1602/1165
f 1728/1603/1599 1730/1604/566 1729/1605/562
f 1730/1604/566 1728/1603/1599 1731/1606/1600
f 1735/1607/1601 1734/1608/572 1732/1609/1178
f 1738/1610/1602 1736/1611/1603 1737/1612/1604
f 1736/1611/1603 1738/1610/1602 1733/1613/1605
f 1741/90/1606 1742/1614/1607 1740/86/195
f 1742/1614/1607 1741/90/1606 1743/91/1608
f 1739/1615/1609 1747/1616/1610 1746/1617/1611
f 1747/1616/1610 1748/94/203 1746/1617/1611
f 1745/1618/1612 1748/94/1613 1744/100/207
f 1748/94/203 1747/1616/1610 1749/93/206
f 1747/1616/1614 1590/1483/1492 1750/95/204
f 1590/1483/1492 1747/1616/1614 1591/1484/1493
f 1590/1483/1496 1594/1486/1495 1745/1618/1183
f 1612/1502/1577 1599/1491/1574 1696/1574/1575
f 1752/1619/1615 1610/1499/1616 1751/1620/1617
f 1610/1499/1616 1753/1621/1618 1751/1620/1617
f 1610/1499/1616 1612/1502/1577 1753/1621/1618
f 1755/1622/1619 1610/1499/1616 1752/1619/1615
f 1753/1621/1618 1701/1579/1579 1754/1623/1620
f 1701/1579/1579 1753/1621/1618 1612/1502/1577
f 1752/1619/1615 1754/1623/1620 1701/1579/1579
f 1701/1579/1579 1755/1622/1619 1752/1619/1615
f 1755/1622/1619 1701/1579/1579 1756/1624/1190
f 1755/1622/1619 1756/1624/1190 1757/1625/587
f 1755/1622/1621 1758/1626/585 1759/1627/1622
f 1756/1624/1190 1621/1585/1585 1760/1628/588
f 1621/1585/1623 1759/1627/1622 1758/1626/585
f 1621/1585/1585 1756/1624/1190 1701/1579/1579
f 1762/1629/594 1759/1627/1622 1761/1630/1624
f 1614/1508/596 1762/1629/1625 1763/1631/597
f 1764/1632/1626 1766/1633/604 1765/1634/1336
f 1767/1635/1627 1768/1636/612 1769/1637/616
f 1772/1638/1208 1773/1639/625 1771/1640/622
f 1774/1641/1628 1776/1642/1629 1775/1643/1630
f 1776/1642/1629 1777/253/1631 1775/1643/1630
f 1776/1642/1629 1774/1641/1628 1778/1644/1632
f 1777/253/1631 1776/1642/1629 1779/255/230
f 1782/1645/1633 1781/1646/1634 1780/1647/1635
f 1781/1646/1634 1782/1645/1633 1783/1648/1636
f 1786/1649/1637 1784/1650/1638 1785/1651/1639
f 1788/1652/656 1787/1653/1640 1789/1654/1641
f 1770/1655/1642 1791/1656/1238 1790/1657/1643
f 1791/1656/1238 1770/1655/1642 1792/1658/1644
f 1793/1659/1645 1795/1660/1240 1794/1661/675
f 1795/1660/1240 1793/1659/1645 1796/1662/1646
f 1565/1663/1647 1797/1664/1648 1798/1665/1649
f 1797/1664/1648 1565/1663/1647 1799/1666/1650
f 1801/1/1651 1566/1667/1652 1800/3/1653
f 1803/12/1654 1804/11/1255 1802/7/1655
f 1805/10/1656 1802/7/1655 1804/11/1255
f 1808/1668/1657 1807/1669/1658 1806/1670/1659
f 1809/220/1660 1808/1668/1657 1806/1670/1659
f 1807/1669/1658 1808/1668/1657 1810/1671/1661
f 1811/218/268 1808/1668/1657 1809/220/1660
f 1814/1672/709 1812/1673/1662 1813/1674/1663
f 1815/1675/1664 1816/1676/725 1817/1677/1665
f 1820/1678/1666 1819/1679/1667 1818/1680/1668
f 1819/1679/1667 1820/1678/1666 1821/1681/1286
f 1823/1682/1669 1824/1683/1292 1822/1684/1670
f 1825/1685/805 1827/1686/1671 1759/1627/1622
f 1825/1685/1672 1826/1687/1673 1828/1688/1674
f 1831/152/1675 1755/1622/1619 1830/151/1676
f 1833/1689/1677 1831/152/814 1832/1690/1353
f 1826/1687/1678 1833/1689/1679 1829/1691/1680
f 1833/1689/1677 1610/1499/1616 1831/152/814
f 1610/1499/1616 1833/1689/1677 1834/1692/1681
f 1834/1692/1681 1836/1693/1682 1835/156/1358
f 1837/1694/816 1835/156/1358 1836/1693/1682
f 1605/1496/1509 1610/1499/1511 1838/157/1683
f 1839/1695/1684 1841/1696/1685 1840/1697/1686
f 1842/1698/818 1840/1697/1686 1841/1696/1685
f 1845/1699/1363 1844/1700/1687 1843/1701/1688
f 1844/1700/1687 1845/1699/1363 1846/1702/1364
f 1847/1703/826 1850/1704/1689 1848/1705/1690
f 1849/1706/1366 1850/1704/1689 1847/1703/826
f 1853/343/890 1851/1707/836 1852/1708/1691
f 1855/1709/840 1853/343/1692 1854/344/1377
f 1856/1710/1380 1857/1711/842 1858/1712/846
f 1860/1713/1693 1861/1714/1694 1859/1715/1383
f 1861/1714/1694 1860/1713/1693 1862/1716/1695
f 1865/1717/1696 1864/1718/1697 1863/1719/1698
f 1864/1718/1697 1865/1717/1696 1866/1720/1699
f 1867/1721/1700 1869/1722/871 1868/1723/1701
f 1871/1724/1702 1870/1725/1401 1872/1726/1703
f 1873/1727/1704 1872/1726/1703 1870/1725/1401
f 1874/1728/1705 1876/1729/1706 1875/1730/1707
f 1877/1731/1708 1875/1730/1707 1876/1729/1706
f 1880/1732/1709 1879/1733/1408 1878/1734/1710
f 1879/1733/1408 1880/1732/1709 1881/1735/1409
f 1882/1736/1711 1884/1737/1414 1883/1738/1410
f 1884/1737/1414 1882/1736/1711 1885/1739/1712
f 1851/1707/889 1886/307/1713 1887/1740/900
f 1886/307/358 1626/1741/491 1888/309/1714
f 1891/1742/1715 1890/1743/1716 1889/1744/1717
f 1893/1745/928 1894/1746/933 1892/1747/1456
f 1892/1747/1456 1894/1746/933 1895/1748/932
f 1896/1749/1718 1897/1750/1719 1898/1751/1720
f 1899/1752/1721 1898/1751/1720 1897/1750/1719
f 1897/1750/1719 1900/1753/1722 1899/1752/1721
f 1901/1754/951 1899/1752/1721 1900/1753/1722
f 1897/1750/1719 1896/1749/1718 1902/1755/950
f 1896/1749/1718 1901/1754/951 1902/1755/950
f 1896/1749/1718 1903/1756/1723 1901/1754/951
f 1899/1752/1721 1901/1754/951 1903/1756/1723
f 1899/1752/1721 1903/1756/1723 1904/1757/1647
f 1906/1758/1724 1907/1759/1476 1905/1760/954
f 1903/1756/1723 1906/1758/8 1908/1761/12
f 1908/1761/12 1909/1762/1725 1903/1756/1723
f 1911/1763/394 1910/1764/1726 1913/1765/960
f 1913/1765/960 1912/1766/957 1911/1763/394
f 1912/1766/957 1915/1767/1727 1914/1768/1728
f 1915/1767/1727 1910/1764/956 1914/1768/1728
f 1912/1766/957 1913/1765/960 1916/1769/963
f 1916/1769/963 1915/1767/1727 1912/1766/957
f 1910/1764/956 1915/1767/1727 1917/1770/959
f 1913/1765/960 1919/1771/1226 1918/1772/962
f 1918/1772/962 1919/1771/1226 1920/1773/968
f 1919/1771/1226 1921/1774/1729 1920/1773/968
f 1921/1774/1729 1919/1771/1226 1922/1775/1730
f 1923/1776/1731 1921/1774/1732 1924/1777/1733
f 1916/1769/963 1922/1775/1730 1925/1778/1734
f 1926/1779/972 1925/1778/1734 1922/1775/1730
f 1922/1775/1730 1927/1780/976 1926/1779/972
f 1929/1781/1735 1925/1778/1734 1928/1782/1736
f 1927/1780/1737 1929/1781/1735 1928/1782/1736
f 1925/1778/1734 1929/1781/1735 1916/1769/963
f 1930/1783/977 1929/1781/1735 1927/1780/1737
f 1931/1784/418 1933/1785/419 1932/1786/1738
f 1935/1787/979 1932/1786/1738 1933/1785/419
f 1935/1787/979 1922/1775/1739 1932/1786/1738
f 1934/1788/1740 1930/1783/977 1935/1787/1741
f 1930/1783/977 1936/1789/25 1937/1790/981
f 1929/1781/1735 1930/1783/977 1937/1790/981
f 1937/1790/981 1936/1789/25 1938/1791/1742
f 1929/1781/1735 1937/1790/981 1939/1792/983
f 1938/1791/1742 1929/1781/1735 1939/1792/983
f 1936/1789/25 1929/1781/1735 1938/1791/1742
f 1929/1781/1735 1941/1793/1743 1940/1794/1744
f 1942/1795/1745 1929/1781/1735 1940/1794/1744
f 1941/1793/1743 1929/1781/1735 1936/1789/25
f 1916/1769/963 1944/1796/1746 1943/1797/1747
f 1946/1798/994 1916/1769/963 1943/1797/1747
f 1944/1796/1746 1916/1769/963 1929/1781/1735
f 1915/1767/1727 1916/1769/963 1946/1798/994
f 1944/1796/1746 1947/1799/1748 1945/1800/1749
f 1929/1781/1735 1947/1799/1748 1944/1796/1746
f 1947/1799/1748 1946/1798/994 1945/1800/1749
f 1946/1798/994 1947/1799/1748 1915/1767/1727
f 1947/1799/1748 1929/1781/1735 1942/1795/1745
f 1942/1795/1745 1948/1801/1750 1947/1799/1748
f 1948/1801/1750 1942/1795/1745 1949/1802/1751
f 1941/1793/1752 1948/1801/1750 1949/1802/1751
f 1936/1789/1753 1951/1803/1484 1950/1804/1754
f 1951/1803/1484 1936/1789/1753 1952/1805/1755
f 1952/1805/1755 1948/1801/1756 1951/1803/1484
f 1948/1801/1756 1950/1804/1754 1954/1806/28
f 1953/1807/1757 1954/1806/28 1950/1804/1754
f 1954/1806/28 1953/1807/1757 1955/1808/30
f 1957/1809/1758 1959/1810/998 1958/1811/1759
f 1959/1810/998 1957/1809/1758 1960/1812/997
f 1964/1813/1760 1965/1814/1001 1963/1815/1761
f 1962/1816/1762 1965/1814/1763 1956/1817/449
f 1965/1814/1001 1964/1813/1760 1966/1818/1764
f 1967/1819/1765 1948/1801/1750 1964/1813/1760
f 1948/1801/1750 1967/1819/1765 1968/1820/1766
f 1968/1820/1766 1967/1819/1765 1969/1821/1767
f 1967/1819/1765 1970/1822/1768 1969/1821/1767
f 1970/1822/1768 1967/1819/1765 1971/1823/1769
f 1968/1820/1770 1973/1824/1008 1972/1825/1771
f 1947/1799/1748 1971/1823/1769 1974/1826/1772
f 1974/1826/1772 1915/1767/1727 1947/1799/1748
f 1974/1826/1772 1971/1823/1769 1975/1827/1773
f 1971/1823/1769 1976/1828/1774 1975/1827/1773
f 1915/1767/1727 1974/1826/1772 1977/1829/1011
f 1977/1829/1011 1976/1828/1775 1915/1767/1727
f 1984/1830/1508 1981/1831/1022 1983/1832/1023
f 1981/1831/1022 1984/1830/1508 1982/1833/1506
f 1987/1834/1514 1985/1835/1513 1986/1836/1027
f 1991/1837/1776 1992/1838/1777 1990/1839/1778
f 1992/1838/1777 1993/1840/58 1990/1839/1778
f 2001/1841/1779 1998/1842/1038 2000/1843/64
f 1998/1842/1038 2001/1841/1779 1996/1844/1780
f 2003/1845/1042 2005/1846/68 2002/1847/1781
f 2002/1847/1781 2005/1846/68 2006/1848/1782
f 2004/1849/1048 2007/1850/1055 2008/1851/1049
f 2009/1852/1047 2008/1851/1054 2010/1853/1529
f 2011/1854/1783 2009/1852/1047 2010/1853/1529
f 2007/1850/1055 2011/1854/75 2012/1855/72
f 2011/1854/75 2007/1850/1055 2013/1856/1067
f 2013/1856/1784 2014/1857/1059 2009/1852/1785
f 2015/1858/1786 2009/1852/1785 2014/1857/1059
f 2015/1858/1786 2014/1857/1059 2016/1859/1787
f 2017/1860/1788 2015/1858/1786 2016/1859/1787
f 2015/1858/1786 2017/1860/1788 2018/1861/1065
f 2013/1856/1784 2018/1861/1065 2017/1860/1788
f 2014/1857/1059 2013/1856/1784 2019/1862/1789
f 2017/1860/1788 2019/1862/1789 2013/1856/1784
f 2023/1863/1790 2022/1864/1791 2020/1865/1531
f 2024/1866/78 2023/1863/1790 2020/1865/1531
f 2023/1863/1790 2018/1861/1065 2022/1864/1791
f 2022/1864/1791 2025/1867/1792 2021/1868/1793
f 2025/1867/1792 2024/1866/78 2021/1868/1793
f 2025/1867/1792 2022/1864/1791 2018/1861/1065
f 2023/1863/1790 2024/1866/78 1979/1869/1794
f 2025/1867/1792 1979/1869/1794 2024/1866/78
f 2026/1870/1795 2018/1861/1796 2027/1871/1797
f 2018/1861/1796 2028/1872/1798 2027/1871/1797
f 2028/1872/1799 2030/1873/1800 2029/1874/82
f 2030/1873/1800 2026/1870/1795 2029/1874/82
f 2013/1856/1067 2030/1873/1800 2028/1872/1799
f 2026/1870/1795 2030/1873/1800 2025/1867/1792
f 2031/1875/1070 2025/1867/1792 2032/1876/1801
f 2025/1867/1792 2030/1873/1800 2032/1876/1801
f 2033/1877/1802 2025/1867/1792 2031/1875/1070
f 2025/1867/1792 2033/1877/1802 1979/1869/1794
f 2035/1878/1547 2033/1877/1802 2034/1879/1803
f 2032/1876/1801 2035/1878/1547 2034/1879/1803
f 2035/1878/1547 1979/1869/1794 2033/1877/1802
f 2035/1878/1547 2032/1876/1801 2030/1873/1800
f 2035/1878/1547 2036/1880/1084 1979/1869/1794
f 2037/1881/1074 2030/1873/1804 2038/1882/1078
f 2040/1883/1079 2037/1881/518 2039/1884/1805
f 2030/1873/1800 2013/1856/1067 2042/1885/177
f 2035/1878/1547 2043/1886/1806 2044/1887/1807
f 2043/1886/1806 2035/1878/1547 2040/1883/1079
f 2043/1886/1543 2045/1888/1808 2041/1889/1809
f 2045/1888/1808 2046/1890/1810 2041/1889/1809
f 2043/1886/1543 2047/1891/1548 2045/1888/1808
f 2048/1892/110 2050/1893/1811 2049/1894/1812
f 2051/1895/1090 2052/1896/1813 2053/1897/1814
f 2054/1898/124 2056/1899/128 2055/1900/1566
f 2057/1901/1565 2055/1900/1566 2056/1899/128
f 2059/1902/1119 2058/1903/1113 2060/1904/1815
f 1997/1905/1521 2061/1906/1816 1994/1907/1817
f 2061/1906/1816 1997/1905/1521 2062/1908/1150
f 2064/1909/1818 2065/1910/1154 2063/1911/1819
f 2066/1912/166 2063/1911/1819 2065/1910/1154
f 2067/1913/1820 2069/1914/1821 2068/1915/1592
f 2068/1915/1592 2069/1914/1821 2070/1916/172
f 2071/1917/1822 2073/1918/174 2072/1919/176
f 2075/1920/1162 2073/1918/174 2071/1917/1822
f 2075/1920/1595 2074/1921/1823 2013/1856/1067
f 2013/1856/1067 2007/1850/1055 2075/1920/1595
f 2078/1922/1824 2077/1923/1825 2076/1924/1826
f 2077/1923/1825 2078/1922/1824 2080/1925/1827
f 2079/1926/1828 2082/1927/1829 2077/1923/1598
f 2082/1927/1829 2079/1926/1828 2083/1928/1830
f 2078/1922/1831 2084/1929/1832 2081/1930/559
f 2084/1929/1832 2078/1922/1831 2085/1931/1833
f 2085/1931/1833 2087/1932/1834 2084/1929/1832
f 2088/1933/183 2084/1929/1832 2087/1932/1834
f 2085/1931/1833 2086/1934/1835 2089/1935/1836
f 2086/1934/1835 2088/1933/183 2089/1935/1836
f 2084/1929/1832 2088/1933/183 2090/1936/1837
f 2090/1936/1837 2086/1934/1835 2091/1937/1838
f 2090/1936/1837 2092/1938/1839 2084/1929/1832
f 2023/1863/1790 2091/1937/1838 2086/1934/1835
f 2090/1936/1837 2091/1937/1838 2093/1939/1840
f 2086/1934/1835 2094/1940/1841 2023/1863/1790
f 2094/1940/1841 2086/1934/1835 2095/1941/1842
f 2086/1934/1835 2096/1942/1173 2095/1941/1842
f 2086/1934/1835 2015/1858/1786 2096/1942/1173
f 2097/1943/1843 2018/1861/1065 2094/1940/1841
f 2096/1942/1173 2018/1861/1065 2097/1943/1843
f 2018/1861/1065 2023/1863/1790 2094/1940/1841
f 2015/1858/1786 2018/1861/1065 2096/1942/1173
f 2091/1937/1838 2023/1863/1790 2098/1944/1601
f 2023/1863/1790 2099/1945/187 2098/1944/1601
f 2099/1945/187 2090/1936/1837 2093/1939/1840
f 2090/1936/1837 2099/1945/187 1979/1869/1794
f 2023/1863/1790 1979/1869/1794 2099/1945/187
f 2090/1936/1837 1979/1869/1794 2100/1946/1844
f 2090/1936/1837 2100/1946/1844 2101/1947/1603
f 2092/1938/1839 2090/1936/1837 2101/1947/1603
f 2100/1946/1844 2103/1948/1845 2102/1949/192
f 2092/1938/1839 2102/1949/192 2103/1948/1845
f 2103/1948/1845 2100/1946/1844 1979/1869/1794
f 2103/1948/1845 2084/1929/1832 2092/1938/1839
f 2105/1950/582 2084/1929/1846 2104/1951/196
f 2104/1951/196 1980/1952/1847 2106/1953/198
f 2103/1948/1845 2108/1954/1848 1980/1952/1849
f 2108/1954/1848 2103/1948/1845 2109/1955/1184
f 2103/1948/1845 1979/1869/1794 2110/1956/1614
f 2107/1957/1850 2111/1958/1851 2108/1954/1612
f 2111/1958/1851 2107/1957/1850 2112/1959/205
f 1978/1960/1852 2108/1954/1612 2111/1958/1851
f 2113/1961/212 2115/1962/216 2114/1963/214
f 2115/1962/1853 1995/1964/156 2117/1965/218
f 1995/1964/156 2116/1966/217 2118/1967/1148
f 2119/1968/220 2118/1967/1148 2116/1966/217
f 2120/1969/219 2116/1966/217 2121/1970/1854
f 1988/1971/61 2118/1967/1148 2122/1972/222
f 2126/1973/799 2124/1974/1855 2125/1975/1626
f 2124/1974/1855 2126/1973/799 2127/1976/1856
f 2125/1975/1626 1989/1977/1857 2128/1978/1858
f 1989/1977/1857 2123/1979/1859 2128/1978/1858
f 2123/1979/1859 1989/1977/1857 1988/1971/61
f 2129/1980/1860 2130/1981/1861 2131/1982/1862
f 2130/1981/1861 2132/1983/1863 2131/1982/1862
f 2134/1984/1864 2130/1981/1861 2135/1985/1865
f 2134/1984/1864 2135/1985/1865 2136/1986/1866
f 2137/1987/1202 2134/1984/1864 2136/1986/1866
f 2134/1984/1864 2137/1987/1202 2138/1988/1867
f 2140/1989/229 2137/1987/1627 2139/1990/1868
f 2138/1988/1869 2141/1991/1870 2142/1992/1871
f 2141/1991/1872 2130/1981/1873 2143/1993/1874
f 2142/1992/1875 2147/1994/1876 2145/1995/628
f 2146/1996/1877 2147/1994/1876 2144/1997/626
f 2147/1994/1876 2142/1992/1875 2148/1998/1878
f 2148/1998/1878 2144/1997/626 2147/1994/1876
f 2138/1988/1869 2144/1997/1879 2149/1999/1880
f 2149/1999/1880 2150/2000/1881 2138/1988/1869
f 1898/1751/1720 2138/1988/1869 2150/2000/1881
f 2150/2000/1881 2151/2001/1882 1898/1751/1720
f 2152/2002/1883 1898/1751/1720 2151/2001/1882
f 1898/1751/1720 2152/2002/1883 1896/1749/1718
f 2149/1999/1880 1896/1749/1718 2152/2002/1883
f 2155/2003/1884 2157/2004/1885 2153/2005/1215
f 2154/2006/633 2157/2004/1885 2156/2007/1886
f 2157/2004/1885 2155/2003/1884 2158/2008/1887
f 2158/2008/1887 2156/2007/1886 2157/2004/1885
f 2162/2009/1888 2160/2010/1889 2161/2011/1634
f 2160/2010/1889 2162/2009/1888 2163/2012/1890
f 1922/1775/1730 2164/2013/1891 1934/1788/1740
f 2164/2013/1891 1930/1783/977 1934/1788/1740
f 2166/2014/1892 2168/2015/651 2167/2016/1637
f 2165/2017/1893 2167/2016/1894 2169/2018/1895
f 2170/2019/1896 2167/2016/1637 2168/2015/651
f 2168/2015/651 1922/1775/1730 1919/1771/1226
f 2171/2020/1897 2159/2021/640 2172/2022/1228
f 2173/2023/653 2172/2022/1228 2159/2021/640
f 2174/2024/1230 2178/2025/1898 2175/2026/655
f 2177/2027/1899 2178/2025/1900 2176/2028/1231
f 2178/2025/1898 2174/2024/1230 2179/2029/1901
f 2183/2030/1902 2181/2031/665 2182/2032/1903
f 2182/2032/1903 2184/2033/1904 2183/2030/1902
f 2181/2031/665 2183/2030/1902 2185/2034/1905
f 2186/2035/1906 2183/2030/1902 2184/2033/1904
f 2189/2036/1907 2187/2037/1908 2188/2038/1909
f 2187/2037/1908 2189/2036/1907 2143/1993/1874
f 2190/2039/1910 2130/1981/1911 2191/2040/1912
f 2192/2041/675 2193/2042/1913 2191/2040/1914
f 2191/2040/1914 2193/2042/1913 2194/2043/1915
f 2191/2040/1916 2133/2044/1917 2195/2045/1918
f 2133/2044/1917 2196/2046/679 2195/2045/1918
f 2190/2039/1910 2196/2046/679 2197/2047/1919
f 2197/2047/1919 2133/2044/1917 2198/2048/1920
f 2199/2049/1921 2198/2048/1920 2133/2044/1917
f 2198/2048/1920 2199/2049/1921 2200/2050/1922
f 2201/2051/1246 2200/2050/1922 2199/2049/1921
f 2197/2047/1919 2198/2048/1920 2202/2052/1923
f 2201/2051/1246 2197/2047/1919 2202/2052/1923
f 1903/1756/1723 1896/1749/1718 1906/1758/8
f 2203/2053/1924 1904/1757/1647 1903/1756/1723
f 1904/1757/1647 2203/2053/1924 2205/2054/1925
f 1899/1752/1721 1904/1757/1647 2204/2055/1926
f 2205/2054/1925 1899/1752/1721 2204/2055/1926
f 1899/1752/1721 2205/2054/1925 2203/2053/1924
f 1899/1752/1721 2203/2053/1924 2206/2056/1927
f 1899/1752/1721 2206/2056/1927 2207/2057/1249
f 2208/2058/1928 1899/1752/1721 2207/2057/1249
f 2206/2056/1927 2210/2059/1257 2209/2060/1653
f 2210/2059/1257 2206/2056/1927 2203/2053/1924
f 2208/2058/1928 2209/2060/1653 2210/2059/1257
f 1961/2061/1929 2211/2062/258 2203/2053/1924
f 2212/2063/261 2203/2053/1924 2211/2062/258
f 2203/2053/1924 2212/2063/261 2210/2059/1257
f 2213/2064/1930 2214/2065/1931 2212/2063/1256
f 2215/2066/697 2219/2067/1932 2216/2068/694
f 2219/2067/1932 2218/2069/698 2217/2070/1933
f 2219/2067/1932 2215/2066/697 2220/2071/1260
f 2218/2069/698 2219/2067/1932 2220/2071/1260
f 2221/2072/1261 2222/2073/1659 2210/2059/1257
f 2223/2074/1934 2210/2059/1257 2222/2073/1659
f 2210/2059/1257 2223/2074/1934 2208/2058/1928
f 1899/1752/1721 2208/2058/1928 2223/2074/1934
f 2223/2074/1934 2224/2075/1935 1899/1752/1721
f 1898/1751/1720 1899/1752/1721 2224/2075/1935
f 2223/2074/1934 2222/2073/1659 2225/2076/1265
f 2226/2077/267 2223/2074/1934 2225/2076/1265
f 2221/2072/1261 2227/2078/1936 2226/2077/267
f 2223/2074/1934 2226/2077/267 2227/2078/1936
f 2227/2078/1936 2221/2072/1261 2230/2079/1267
f 2230/2079/1267 2232/2080/1937 2228/2081/1938
f 2232/2080/1937 2231/2082/1939 2229/2083/1940
f 2232/2080/1937 2230/2079/1267 2233/2084/1270
f 2233/2084/1270 2231/2082/1939 2232/2080/1937
f 2234/2085/1941 2227/2078/1936 2231/2082/1268
f 2235/2086/1942 2237/2087/1943 2236/2088/1944
f 2237/2087/1943 2235/2086/1942 2238/2089/1945
f 2239/2090/1946 2243/2091/1275 2240/2092/1947
f 2241/2093/1948 2243/2091/1949 2242/2094/1276
f 2244/2095/1950 2240/2092/1947 2243/2091/1275
f 2246/2096/1951 2248/2097/1952 2247/2098/1953
f 2248/2097/1952 2249/2099/1954 2247/2098/1953
f 2250/2100/734 2248/2097/1952 2246/2096/1951
f 2249/2099/1954 2248/2097/1952 2251/2101/1281
f 2252/2102/1955 2254/2103/274 2253/2104/1956
f 2254/2103/274 2252/2102/1955 2255/2105/1957
f 2256/2106/1285 2234/2085/1272 2255/2105/1284
f 2261/2107/1958 2260/2108/1289 2259/2109/278
f 2263/2110/1295 2260/2108/1291 2262/2111/1959
f 2258/2112/742 2263/2110/1295 2262/2111/1959
f 2263/2110/1295 2227/2078/1294 2260/2108/1291
f 2263/2110/1295 2258/2112/742 2256/2106/1285
f 2264/2113/1297 2265/2114/366 2227/2078/1936
f 2266/2115/1300 2227/2078/1936 2265/2114/366
f 2227/2078/1936 2266/2115/1300 2223/2074/1934
f 2264/2113/1960 2268/2116/1961 2267/2117/1962
f 2268/2116/1961 2266/2115/1300 2267/2117/1962
f 2268/2116/1961 2223/2074/1934 2266/2115/1300
f 2268/2116/1961 2264/2113/1960 2263/2110/1447
f 2223/2074/1934 2268/2116/1961 2269/2118/1963
f 2269/2118/1963 2270/2119/1964 2223/2074/1934
f 2224/2075/1935 2223/2074/1934 2270/2119/1964
f 2273/2120/1965 2275/2121/284 2274/2122/762
f 2275/2121/284 2273/2120/1965 2276/2123/1966
f 2180/2124/1967 2277/2125/1310 2273/2120/1312
f 2279/2126/1968 2278/2127/1320 2180/2124/1233
f 2280/2128/1969 2282/2129/1319 2281/2130/1970
f 1913/1765/960 1917/1770/959 2280/2128/1971
f 2278/2127/742 1917/1770/959 2277/2125/1313
f 2283/2131/780 2285/2132/289 2284/2133/1972
f 2284/2133/1972 2285/2132/289 2286/2134/1973
f 2287/2135/1974 2245/2136/1975 2284/2133/1972
f 2245/2136/1976 2288/2137/613 2289/2138/786
f 2291/2139/1977 2292/2140/1319 2290/2141/1978
f 2287/2135/1979 2293/2142/1980 2288/2137/613
f 2293/2142/1980 2287/2135/1979 2294/2143/1330
f 2294/2143/1330 2287/2135/1979 2295/2144/1981
f 2287/2135/1979 2296/2145/1332 2295/2144/1981
f 2298/2146/1982 2294/2143/1330 2297/2147/1329
f 2297/2147/1329 2296/2145/1332 2298/2146/1982
f 2121/1970/1854 2298/2146/1982 2296/2145/1332
f 2287/2135/1979 2121/1970/1854 2296/2145/1332
f 2287/2135/1983 1989/1977/1857 2125/1975/1626
f 2298/2146/1982 2121/1970/1854 2299/2148/1338
f 2299/2148/1338 2300/2149/1984 2298/2146/1982
f 2299/2148/1338 2121/1970/1854 2301/2150/1985
f 2300/2149/1984 2299/2148/1338 2302/2151/1337
f 2303/2152/1986 2300/2149/1984 2302/2151/1337
f 2121/1970/1854 2303/2152/1986 2301/2150/1985
f 2116/1966/217 2300/2149/1984 2303/2152/1986
f 2303/2152/1986 2121/1970/1854 2116/1966/217
f 2116/1966/217 2306/2153/1349 2304/2154/293
f 2307/2155/295 2306/2153/1343 2308/2156/294
f 2300/2149/1984 2116/1966/217 2305/2157/292
f 2306/2153/1349 2116/1966/217 2113/1961/1987
f 2309/2158/1350 2310/2159/301 2311/2160/1680
f 2312/2161/1676 2311/2160/1680 2310/2159/301
f 2315/2162/1988 2314/2163/307 2313/2164/1989
f 2314/2163/307 2315/2162/1988 2316/2165/305
f 2318/2166/1990 2319/2167/1991 2317/2168/1684
f 2319/2167/1991 2318/2166/1990 2320/2169/1360
f 1999/2170/1992 2323/2171/1993 2322/2172/824
f 2323/2171/1993 2257/2173/1287 2324/2174/1364
f 2324/2174/1364 2325/2175/1994 2321/2176/1995
f 2321/2176/1995 2325/2175/1994 2326/2177/1996
f 2328/2178/1367 2329/2179/318 2327/2180/1997
f 2329/2179/318 2328/2178/1367 2330/2181/1998
f 2199/2049/1921 2331/2182/1999 2201/2051/1246
f 2197/2047/1919 2201/2051/1246 2331/2182/1999
f 2331/2182/1999 2199/2049/1921 2332/2183/2000
f 2333/2184/2001 2332/2183/2000 2199/2049/1921
f 2331/2182/1999 2332/2183/2000 2334/2185/1368
f 2332/2183/2000 2333/2184/2001 2335/2186/2002
f 2336/2187/2003 2335/2186/2002 2333/2184/2001
f 2336/2187/2003 2331/2182/1999 2334/2185/1368
f 2333/2184/2001 2337/2188/2004 2336/2187/2003
f 2331/2182/1999 2336/2187/2003 2337/2188/2004
f 2337/2188/2004 2333/2184/2001 2338/2189/1428
f 2337/2188/2004 2339/2190/2005 2331/2182/1999
f 2339/2190/2005 2337/2188/2004 2340/2191/2006
f 2337/2188/2004 2341/2192/2007 2340/2191/2006
f 2343/2193/2008 2339/2190/2009 2342/2194/1373
f 2341/2192/2007 2343/2193/2008 2342/2194/1373
f 2337/2188/2004 2344/2195/2010 2341/2192/2007
f 2331/2182/1999 2343/2193/2011 2345/2196/2012
f 2331/2182/1999 2345/2196/2012 2346/2197/2013
f 2347/2198/1380 2331/2182/1999 2346/2197/2013
f 2197/2047/1919 2331/2182/1999 2347/2198/1380
f 2349/2199/1379 2348/2200/2014 2350/2201/2015
f 2197/2047/1919 2351/2202/2016 2353/2203/329
f 2190/2039/1910 2197/2047/1919 2354/2204/2017
f 2352/2205/2018 2355/2206/2019 2354/2204/1695
f 2355/2206/2019 2352/2205/2018 2356/2207/2020
f 2358/2208/2021 2359/2209/2022 2357/2210/2023
f 2360/2211/2024 2357/2210/2023 2359/2209/2022
f 2293/2142/1980 1915/1767/1727 1976/1828/1775
f 1915/1767/1727 2293/2142/1980 2361/2212/1304
f 1917/1770/959 1915/1767/1727 2361/2212/1304
f 2293/2142/2025 1971/1823/1769 2290/2141/2026
f 2361/2212/1304 2293/2142/1980 2363/2213/2027
f 2293/2142/1980 2364/2214/2028 2363/2213/2027
f 1917/1770/959 2361/2212/1304 2362/2215/2029
f 2362/2215/2029 2364/2214/2028 1917/1770/959
f 2298/2146/1982 1917/1770/959 2364/2214/2028
f 2293/2142/1980 2298/2146/1982 2364/2214/2028
f 1917/1770/959 2298/2146/1982 2365/2216/2030
f 2277/2125/1313 1917/1770/959 2365/2216/2030
f 2298/2146/1982 2293/2142/1980 2294/2143/1330
f 2277/2125/1313 2365/2216/2030 2366/2217/1393
f 2366/2217/1393 2367/2218/2031 2277/2125/1313
f 2365/2216/2030 2298/2146/1982 2368/2219/2032
f 2298/2146/1982 2367/2218/2031 2368/2219/2032
f 2370/2220/870 2369/2221/869 2371/2222/1399
f 2372/2223/2033 2371/2222/1399 2369/2221/869
f 2373/2224/1398 2272/2225/1306 2374/2226/2034
f 2272/2225/1306 2372/2223/1400 2374/2226/2034
f 2372/2223/1400 2272/2225/1306 2277/2125/1313
f 2300/2149/1984 2277/2125/1313 2367/2218/2031
f 2308/2156/294 2272/2225/1306 2373/2224/1398
f 2298/2146/1982 2300/2149/1984 2367/2218/2031
f 2375/2227/2035 2377/2228/2036 2376/2229/2037
f 2377/2228/2036 2375/2227/2035 2378/2230/341
f 2381/2231/2038 2379/2232/2039 2382/2233/2040
f 2380/2234/2041 2382/2233/2040 2379/2232/2039
f 2384/2235/2042 2386/2236/351 2383/2237/1710
f 2386/2236/351 2384/2235/2042 2385/2238/2043
f 2076/1924/2044 2343/2193/2011 2387/2239/1711
f 2387/2239/1711 2344/2195/2045 2388/2240/1712
f 2344/2195/2045 2389/2241/2046 2388/2240/1712
f 2389/2241/2047 2076/1924/1826 2390/2242/1415
f 2076/1924/1826 2389/2241/2047 2078/1922/1824
f 2078/1922/1824 2392/2243/1420 2391/2244/1417
f 2078/1922/1824 2344/2195/2010 2392/2243/1420
f 2392/2243/1420 2015/1858/1786 2393/2245/2048
f 2015/1858/1786 2392/2243/1420 2344/2195/2010
f 2015/1858/1786 2394/2246/2049 2393/2245/2048
f 2394/2246/2049 2078/1922/1824 2391/2244/1417
f 2078/1922/1824 2394/2246/2049 2086/1934/1835
f 2015/1858/1786 2086/1934/1835 2394/2246/2049
f 2395/2247/2050 2344/2195/2010 2396/2248/2051
f 2344/2195/2010 2397/2249/1319 2396/2248/2051
f 2344/2195/2010 2395/2247/2050 2015/1858/1786
f 2344/2195/2010 2337/2188/2004 2397/2249/1319
f 2395/2247/2050 2398/2250/2052 2009/1852/1785
f 2397/2249/1319 2009/1852/1785 2398/2250/2052
f 2009/1852/1785 2397/2249/1319 2337/2188/2004
f 2009/1852/1785 2015/1858/1786 2395/2247/2050
f 2337/2188/2004 2399/2251/2053 2009/1852/1785
f 2399/2251/2053 2337/2188/2004 2400/2252/2054
f 2337/2188/2004 2338/2189/1428 2400/2252/2054
f 2399/2251/2053 2401/2253/357 2004/1849/2055
f 2338/2189/2056 2004/1849/2055 2401/2253/357
f 2333/2184/2001 2402/2254/1436 2004/1849/1048
f 2402/2254/1436 2333/2184/2001 2403/2255/1434
f 2333/2184/2001 2404/2256/1717 2403/2255/1434
f 2333/2184/2001 2323/2171/1993 2404/2256/1717
f 2405/2257/2057 2406/2258/2058 2407/2259/2059
f 1898/1751/1720 2224/2075/1935 2271/2260/1302
f 2269/2118/1963 1898/1751/1720 2271/2260/1302
f 1898/1751/1720 2269/2118/1963 2268/2116/1961
f 2268/2116/1961 2408/2261/2060 1898/1751/1720
f 2408/2261/2060 2268/2116/1961 2409/2262/2061
f 2410/2263/1442 2409/2262/2061 2268/2116/1961
f 2138/1988/1869 2408/2261/2060 2411/2264/366
f 2410/2263/2062 2138/1988/1869 2411/2264/366
f 2138/1988/1869 1898/1751/1720 2408/2261/2060
f 2268/2116/1961 2134/1984/2063 2410/2263/1442
f 2134/1984/2063 2268/2116/1961 2412/2265/1445
f 2263/2110/1447 2412/2265/1445 2268/2116/1961
f 2134/1984/2063 2412/2265/1445 2413/2266/1444
f 2412/2265/1445 2263/2110/1447 2414/2267/2064
f 2415/2268/2065 2414/2267/2064 2263/2110/1447
f 2415/2268/2065 2134/1984/2063 2413/2266/1444
f 2263/2110/1447 2416/2269/2066 2415/2268/2065
f 2134/1984/2063 2415/2268/2065 2416/2269/2066
f 2416/2269/2066 2263/2110/1447 2417/2270/2067
f 2419/2271/2068 2418/2272/922 2420/2273/1862
f 2417/2270/2069 2256/2106/2070 2420/2273/1467
f 2416/2269/2066 2417/2270/2067 2421/2274/2071
f 2422/2275/2072 2420/2273/1467 2256/2106/2070
f 2422/2275/1452 2416/2269/2066 2421/2274/2071
f 2416/2269/2066 2422/2275/1452 2423/2276/2073
f 2257/2173/2074 2424/2277/2075 2256/2106/1288
f 2424/2277/1455 2426/2278/2076 2425/2279/2077
f 2423/2276/1454 2424/2277/1456 2427/2280/2078
f 2426/2278/2076 2424/2277/1455 2428/2281/1457
f 2429/2282/370 2423/2276/1454 2427/2280/2078
f 2257/2173/1287 2323/2171/1993 2429/2282/2079
f 2431/2283/2080 2323/2171/1993 2430/2284/2081
f 2432/2285/1459 2430/2284/2081 2323/2171/1993
f 2432/2285/1459 2199/2049/1921 2433/2286/2082
f 2199/2049/1921 2431/2283/2080 2433/2286/2082
f 2199/2049/1921 2432/2285/1459 2333/2184/2001
f 2323/2171/1993 2333/2184/2001 2432/2285/1459
f 2199/2049/1921 2423/2276/2073 2431/2283/2080
f 2323/2171/1993 2431/2283/2080 2423/2276/2073
f 2423/2276/2073 2199/2049/1921 2434/2287/2083
f 2434/2287/2083 2435/2288/2084 2423/2276/2073
f 2436/2289/2085 2423/2276/2073 2435/2288/2084
f 2423/2276/2073 2436/2289/2085 2416/2269/2066
f 2133/2044/1917 2436/2289/2085 2437/2290/1466
f 2434/2287/2083 2133/2044/1917 2437/2290/1466
f 2133/2044/1917 2416/2269/2066 2436/2289/2085
f 2133/2044/1917 2434/2287/2083 2199/2049/1921
f 2416/2269/2066 2133/2044/1917 2129/1980/2086
f 2129/1980/2086 2438/2291/2087 2416/2269/2066
f 2132/1983/2088 2416/2269/2066 2438/2291/2087
f 2416/2269/2066 2132/1983/2088 2134/1984/2063
f 2131/1982/1467 2439/2292/945 2440/2293/1471
f 2443/2294/1722 2442/2295/2089 2444/2296/373
f 2444/2296/373 2445/2297/2090 2443/2294/1722
f 2444/2296/373 2442/2295/2089 2446/2298/371
f 2445/2297/2090 2444/2296/373 2447/2299/1473
f 2453/2300/2091 2452/2301/1477 2451/2302/11
f 2450/2303/8 2453/2300/2091 2451/2302/11
f 2457/2304/663 2454/2305/2092 2458/2306/389
f 2454/2305/397 2456/2307/2093 2459/2308/860
f 2458/2306/2094 2463/2309/2095 2461/2310/393
f 2463/2309/2095 2460/2311/391 2462/2312/957
f 2463/2309/2095 2458/2306/2094 2464/2313/2096
f 2464/2313/2096 2460/2311/391 2463/2309/2095
f 2465/2314/2097 2457/2304/2098 2460/2311/391
f 2470/2315/405 2468/2316/2099 2469/2317/2100
f 2471/2318/406 2470/2315/405 2469/2317/2100
f 2465/2314/2097 2468/2316/400 2457/2304/2098
f 2465/2314/408 2472/2319/2101 2471/2318/406
f 2467/2320/2102 2473/2321/2103 2471/2318/2104
f 2468/2316/2105 2474/2322/2106 2466/2323/401
f 2472/2319/2101 2465/2314/408 2475/2324/2107
f 2475/2324/411 2479/2325/2108 2476/2326/1734
f 2477/2327/976 2479/2325/2108 2478/2328/975
f 2479/2325/2108 2475/2324/411 2480/2329/2109
f 2480/2329/2109 2478/2328/975 2479/2325/2108
f 2483/2330/2110 2472/2319/2101 2482/2331/418
f 2483/2330/2110 2482/2331/418 2484/2332/2111
f 2484/2332/2111 2481/2333/2112 2483/2330/2110
f 2488/2334/1742 2487/2335/2113 2486/2336/2114
f 2487/2335/2113 2488/2334/1742 2489/2337/2115
f 2497/2338/432 2494/2339/2116 2498/2340/2117
f 2498/2340/2117 2495/2341/2118 2497/2338/432
f 2496/2342/1746 2498/2340/2117 2494/2339/2116
f 2495/2341/2118 2498/2340/2117 2499/2343/2119
f 2502/2344/1751 2493/2326/1745 2503/2345/2120
f 2491/2324/995 2503/2345/2120 2493/2326/1745
f 2503/2345/2120 2492/2327/2121 2502/2344/1751
f 2492/2327/2121 2503/2345/2120 2490/2328/2122
f 2485/2346/2123 2501/2347/1756 2492/2327/2121
f 2501/2347/1756 2485/2346/2123 2504/2348/2124
f 2505/2349/27 2501/2347/1756 2507/2350/28
f 2509/2351/1485 2506/2352/2125 2508/2353/32
f 2508/2353/32 2510/2354/2126 2509/2351/1485
f 2506/2352/2125 2510/2354/2126 2511/2355/2127
f 2511/2355/2127 2501/2347/1756 2506/2352/2125
f 2510/2354/2126 2506/2352/2125 2512/2356/2128
f 2506/2352/2125 2509/2351/1485 2512/2356/2128
f 2510/2354/2126 2512/2356/2128 2513/2357/2129
f 2509/2351/1485 2510/2354/2126 2513/2357/2129
f 2510/2354/2126 2515/2358/1760 2514/2359/2130
f 2511/2355/2127 2510/2354/2126 2514/2359/2130
f 2501/2347/1756 2511/2355/2127 2516/2360/1491
f 2516/2360/1491 2515/2358/448 2501/2347/1756
f 2518/2320/2131 2500/2361/1748 2501/2347/2132
f 2518/2320/1770 2520/2317/1002 2519/2318/2133
f 2520/2317/1002 2518/2320/1770 2521/2362/2134
f 2523/2363/2135 2500/2361/1748 2522/2323/1005
f 2522/2323/1005 2500/2361/1748 2524/2322/2136
f 2500/2361/1748 2518/2320/2131 2524/2322/2136
f 2528/2364/2137 2525/2312/2138 2526/2365/1773
f 2525/2312/2138 2528/2364/2137 2529/2311/2139
f 2530/2306/467 2528/2364/2140 2527/2310/1774
f 2535/2366/1497 2538/2367/46 2533/2368/471
f 2539/2369/2141 2535/2366/1497 2531/2370/1492
f 2538/2367/46 2535/2366/1497 2540/2371/2142
f 2534/2372/40 2540/2371/1500 2537/2373/1498
f 2539/2369/1552 2541/2374/2143 2537/2373/2144
f 2543/2375/2145 2536/2376/2146 2542/2377/51
f 2543/2375/2145 2542/2377/51 2544/2378/1504
f 2545/2379/2147 2543/2375/2145 2544/2378/1504
f 2543/2375/2145 2545/2379/2147 2546/2380/1509
f 2547/2381/52 2542/2377/2148 2548/2382/1508
f 2542/2377/2148 2541/2374/1574 2548/2382/1508
f 2552/2383/1513 2546/2380/1509 2551/2384/1025
f 2555/2385/1027 2552/2383/2149 2554/2386/1026
f 2550/2387/2150 2555/2385/1027 2549/2388/53
f 2555/2385/1027 2550/2387/2150 2556/2389/2151
f 2557/2390/2152 2553/2391/2153 2552/2383/1513
f 2557/2390/1577 2550/2387/475 2541/2374/1574
f 2558/2392/221 2559/2393/2154 2560/2394/2155
f 2559/2393/2154 2561/2395/2156 2560/2394/2155
f 2560/2394/2155 2561/2395/2156 2562/2396/480
f 2561/2395/2156 2563/2397/60 2562/2396/480
f 2558/2392/221 2560/2394/2155 2564/2398/58
f 2563/2397/60 2558/2392/221 2564/2398/58
f 2565/2399/2157 2558/2392/221 2563/2397/60
f 2563/2397/60 2561/2395/2156 2565/2399/2157
f 2567/2400/156 2558/2392/221 2566/2401/2158
f 2565/2399/2157 2561/2395/2156 2568/2402/1780
f 2561/2395/2156 2569/2403/910 2568/2402/1780
f 2565/2399/2157 2568/2402/1780 2571/2404/2159
f 2568/2402/1780 2569/2403/910 2572/2405/2160
f 2569/2403/910 2573/2406/484 2572/2405/2160
f 2573/2406/484 2565/2399/2157 2571/2404/2159
f 2573/2406/484 2569/2403/910 2574/2407/2161
f 2574/2407/2161 2565/2399/2157 2573/2406/484
f 2574/2407/2161 2569/2403/910 2575/2408/1781
f 2569/2403/910 2576/2409/491 2575/2408/1781
f 2574/2407/2161 2575/2408/1781 2577/2410/1782
f 2578/2411/2162 2574/2407/2161 2577/2410/1782
f 2579/2412/1527 2575/2408/1781 2576/2409/491
f 2576/2409/491 2578/2411/2162 2579/2412/1527
f 2576/2409/491 2580/2413/490 2578/2411/2162
f 2580/2413/490 2574/2407/2161 2578/2411/2162
f 2576/2409/491 2583/2414/2163 2582/2415/2164
f 2581/2416/1049 2584/2417/492 2582/2415/489
f 2585/2418/2165 2582/2415/2164 2583/2414/2163
f 2583/2414/2163 2586/2419/2166 2585/2418/2165
f 2584/2417/492 2581/2416/1049 2587/2420/72
f 2586/2419/2166 2583/2414/2163 2588/2421/2167
f 2594/2422/2168 2589/2423/495 2590/2424/1059
f 2591/2425/500 2594/2422/2168 2593/2426/1347
f 2589/2423/495 2594/2422/2168 2595/2427/2169
f 2594/2422/2168 2591/2425/500 2595/2427/2169
f 2588/2421/494 2592/2428/2170 2596/2429/503
f 2596/2429/503 2592/2428/2170 2597/2430/505
f 2601/2431/507 2604/2432/1793 2603/2433/2171
f 2604/2432/1793 2602/2434/510 2603/2433/2171
f 2601/2431/507 2605/2435/2172 2604/2432/1793
f 2606/2436/1799 2607/2437/81 2596/2429/503
f 2597/2430/1535 2599/2438/504 2608/2439/2173
f 2607/2437/81 2606/2436/1799 2609/2440/82
f 2611/2441/2174 2612/2442/2175 2610/2443/514
f 2612/2442/2175 2611/2441/2174 2613/2444/2176
f 2615/2445/2177 2598/2446/87 2614/2447/2178
f 2617/2448/93 2598/2446/87 2616/2449/1542
f 2619/2450/2179 2617/2448/93 2618/2451/91
f 2620/2452/2180 2598/2446/87 2617/2448/93
f 2619/2450/2179 2620/2452/2180 2617/2448/93
f 2598/2446/87 2620/2452/2180 2600/2453/2181
f 2621/2454/2182 2623/2455/1807 2622/2456/1549
f 2630/2457/2183 2629/2458/2184 2627/2459/108
f 2630/2457/2183 2628/2460/2185 2629/2458/2184
f 2627/2459/108 2532/2461/524 2630/2457/2183
f 2631/2462/526 2626/2463/2186 2625/2459/1089
f 2631/2462/526 2632/2460/113 2626/2463/2186
f 2632/2460/113 2631/2462/526 2633/2464/1557
f 2638/2373/1101 2639/2465/116 2637/2466/2187
f 2624/2467/2188 2641/2367/2189 2640/2368/2190
f 2642/2372/120 2639/2465/116 2638/2373/1101
f 2642/2372/120 2641/2367/118 2634/2468/114
f 2634/2468/114 2643/2469/122 2642/2372/120
f 2620/2452/2180 2619/2450/2179 2644/2470/2191
f 2644/2470/123 2643/2469/2192 2645/2381/124
f 2620/2452/2180 2644/2470/2191 2646/2471/2193
f 2647/2472/2194 2620/2452/2180 2646/2471/2193
f 2647/2472/128 2645/2381/124 2643/2469/2192
f 2648/2473/2195 2620/2452/2180 2647/2472/2194
f 2650/2383/1113 2651/2474/130 2649/2384/534
f 2651/2474/130 2650/2383/1113 2654/2386/131
f 2652/2388/2196 2655/2475/133 2653/2385/1119
f 2655/2475/133 2654/2386/2197 2653/2385/1119
f 2643/2469/2198 2655/2475/133 2652/2388/2196
f 2655/2475/133 2656/2476/2199 2654/2386/2197
f 2660/2477/1571 2657/2478/2200 2658/2479/2201
f 2658/2479/2201 2659/2480/136 2660/2477/1571
f 2657/2478/2200 2660/2477/1571 2661/2481/2202
f 2660/2477/1571 2659/2480/136 2662/2482/2203
f 2664/2483/140 2665/2484/2204 2663/2485/139
f 2665/2484/2204 2664/2483/140 2636/2486/1558
f 2664/2483/140 2635/2487/535 2636/2486/1558
f 2670/2488/1576 2668/2480/142 2666/2482/2205
f 2668/2480/142 2670/2488/1576 2671/2489/2206
f 2667/2481/2207 2671/2489/2206 2670/2488/1576
f 2669/2478/2208 2671/2489/2206 2667/2481/2207
f 2673/2490/2209 2676/2491/2210 2672/2492/2211
f 2676/2491/2210 2674/2493/1140 2675/2494/149
f 2676/2491/2210 2673/2490/2209 2677/2495/1580
f 2674/2493/1140 2676/2491/2210 2677/2495/1580
f 2681/2496/2212 2682/2497/2213 2680/2498/2214
f 2679/2499/1145 2682/2497/2213 2678/2500/2215
f 2678/2500/2215 2682/2497/2213 2683/2501/2216
f 2682/2497/2213 2681/2496/2212 2683/2501/2216
f 2656/2476/153 2567/2400/156 2684/2502/539
f 2684/2502/539 2567/2400/156 2685/2503/2217
f 2567/2400/156 2566/2401/2158 2685/2503/2217
f 2686/2504/2218 2570/2505/2219 2566/2401/2220
f 2566/2401/2220 2565/2399/2221 2686/2504/2218
f 2687/2506/2222 2570/2505/2219 2686/2504/2218
f 2565/2399/2157 2574/2407/2161 2688/2507/2223
f 2689/2508/544 2688/2507/2223 2574/2407/2161
f 2574/2407/2161 2690/2509/2224 2689/2508/544
f 2656/2476/153 2688/2507/164 2691/2510/2225
f 2690/2509/542 2656/2476/153 2691/2510/2225
f 2574/2407/2161 2648/2473/2195 2690/2509/2224
f 2648/2473/2195 2574/2407/2161 2692/2511/2226
f 2574/2407/2161 2580/2413/490 2692/2511/2226
f 2648/2473/2195 2692/2511/2226 2693/2512/2227
f 2694/2513/2228 2692/2511/2226 2580/2413/490
f 2695/2514/2229 2648/2473/2195 2693/2512/2227
f 2580/2413/490 2695/2514/2229 2694/2513/2228
f 2620/2452/2180 2648/2473/2195 2695/2514/2229
f 2695/2514/2229 2580/2413/490 2620/2452/2180
f 2620/2452/2180 2580/2413/490 2696/2515/2230
f 2620/2452/2180 2696/2515/2230 2697/2516/2231
f 2600/2453/2181 2620/2452/2180 2697/2516/2231
f 2588/2421/2167 2600/2453/553 2698/2517/1594
f 2696/2515/2230 2588/2421/2167 2698/2517/1594
f 2699/2518/1826 2543/2375/2145 2700/2519/311
f 2546/2380/1509 2700/2519/311 2543/2375/2145
f 2543/2375/2145 2699/2518/1826 2701/2520/1825
f 2702/2521/2232 2704/2522/2233 2703/2523/1827
f 2701/2520/1825 2705/2524/179 2543/2375/2145
f 2703/2523/1827 2704/2522/2233 2706/2517/2234
f 2704/2522/2233 2543/2375/2145 2705/2524/179
f 2543/2375/2145 2704/2522/2233 2707/2525/1846
f 2702/2521/2232 2709/2526/2235 2708/2436/1833
f 2711/2527/2236 2710/2430/2237 2712/2528/2238
f 2710/2430/2237 2711/2527/2236 2713/2439/2239
f 2709/2526/1835 2714/2529/1837 2711/2527/2236
f 2718/2530/571 2715/2531/1841 2717/2532/2240
f 2715/2531/1841 2718/2530/571 2719/2533/2241
f 2718/2530/571 2716/2534/1173 2719/2533/2241
f 2716/2534/1173 2718/2530/571 2720/2535/2242
f 2721/2431/2243 2723/2536/2244 2722/2537/573
f 2723/2536/2244 2724/2434/2245 2722/2537/573
f 2724/2434/2245 2723/2536/2244 2725/2538/2246
f 2727/2539/2247 2728/2540/2248 2726/2541/2249
f 2728/2540/2248 2727/2539/2247 2729/2542/2250
f 2707/2525/2251 2730/2543/2252 2731/2544/2253
f 2733/2545/200 2707/2525/1846 2732/2546/1607
f 2543/2375/2145 2707/2525/1846 2733/2545/200
f 2733/2545/200 2734/2547/198 2536/2376/2146
f 2536/2376/2146 2543/2375/2145 2733/2545/200
f 2536/2376/1847 2731/2544/2253 2730/2543/2252
f 2736/2548/2254 2735/2549/1610 2737/2550/2255
f 2742/2551/2256 2738/2500/209 2741/2499/2257
f 2740/2498/2258 2744/2552/2259 2742/2551/2256
f 2738/2500/209 2742/2551/2256 2744/2552/2259
f 2744/2552/2259 2740/2498/2258 2739/2496/2260
f 2749/2553/218 2746/2554/585 2748/2555/216
f 2745/2556/2261 2749/2553/218 2747/2557/215
f 2750/2558/2262 2746/2554/585 2749/2553/218
f 2749/2553/218 2745/2556/2261 2750/2558/2262
f 2754/2559/219 2756/2560/597 2753/2561/594
f 2752/2562/2263 2756/2560/597 2751/2563/1148
f 2756/2560/597 2754/2559/219 2757/2564/222
f 2755/2565/2264 2558/2392/221 2754/2559/1195
f 2558/2392/221 2567/2400/156 2751/2563/1148
f 2558/2392/221 2755/2565/2264 2758/2566/1859
f 2758/2566/1859 2755/2565/2264 2759/2567/1855
f 2755/2565/2264 2760/2568/1626 2759/2567/1855
f 2761/2569/2265 2760/2568/2266 2762/2570/606
f 2764/2571/1861 2763/2572/2086 2766/2573/1917
f 2764/2571/1873 2767/2574/1864 2765/2575/1470
f 2768/2576/2267 2772/2577/612 2769/2578/1866
f 2772/2577/612 2770/2579/2268 2769/2578/1866
f 2774/2580/1870 2770/2579/1627 2773/2581/229
f 2768/2576/613 2774/2580/1870 2773/2581/229
f 2774/2580/1870 2771/2582/2269 2770/2579/1627
f 2774/2580/1870 2768/2576/613 2764/2571/1861
f 2771/2582/2270 2775/2583/1875 2777/2584/2271
f 2778/2585/2272 2771/2582/2270 2777/2584/2271
f 2775/2583/1871 2780/2586/2273 2779/2587/1878
f 2780/2586/2273 2778/2585/1879 2779/2587/1878
f 2780/2586/2273 2775/2583/1871 2774/2580/1872
f 2780/2586/2273 2781/2588/2274 2778/2585/1879
f 2781/2588/1880 2784/2589/2275 2785/2590/232
f 2782/2591/2276 2781/2588/1880 2785/2590/232
f 2783/2592/2277 2782/2591/2278 2786/2593/2279
f 2786/2593/2279 2782/2591/2278 2787/2594/2280
f 2789/2595/1884 2788/2596/634 2441/2597/1718
f 2790/2598/638 2441/2597/1718 2788/2596/634
f 2441/2597/1718 2781/2588/2274 2789/2595/1884
f 2441/2597/1718 2790/2598/638 2453/2300/2091
f 2789/2595/1884 2792/2599/2281 2791/2600/2282
f 2792/2599/2281 2790/2598/638 2791/2600/2282
f 2792/2599/2281 2789/2595/1884 2781/2588/2274
f 2792/2599/2281 2453/2300/2091 2790/2598/638
f 2781/2588/2274 2793/2601/2283 2792/2599/2281
f 2793/2601/2283 2781/2588/2274 2794/2602/641
f 2795/2603/642 2794/2602/641 2781/2588/2274
f 2781/2588/2274 2780/2586/2273 2795/2603/642
f 2453/2300/2091 2792/2599/2281 2796/2604/1889
f 2483/2330/2110 2796/2604/1889 2792/2599/2281
f 2796/2604/1889 2797/2605/1635 2453/2300/2091
f 2797/2605/1635 2483/2330/2110 2453/2300/2091
f 2483/2330/2110 2797/2605/1635 2798/2606/1634
f 2796/2604/1889 2483/2330/2110 2798/2606/1634
f 2800/2607/1895 2792/2599/2281 2801/2608/2284
f 2802/2609/1896 2801/2608/2284 2792/2599/2281
f 2472/2319/2101 2800/2607/1895 2799/2610/1637
f 2802/2609/1896 2472/2319/2101 2799/2610/1637
f 2792/2599/2281 2800/2607/1895 2483/2330/2110
f 2472/2319/2101 2483/2330/2110 2800/2607/1895
f 2792/2599/2281 2470/2315/403 2802/2609/1896
f 2470/2315/403 2792/2599/2281 2793/2601/2283
f 2470/2315/403 2793/2601/2283 2803/2611/241
f 2795/2603/642 2470/2315/403 2803/2611/241
f 2470/2315/403 2795/2603/642 2780/2586/2273
f 2780/2586/2273 2804/2612/2285 2470/2315/403
f 2804/2612/2285 2780/2586/2273 2806/2613/1641
f 2780/2586/2273 2807/2614/2286 2806/2613/1641
f 2780/2586/2273 2808/2615/2287 2807/2614/2286
f 2810/2616/1901 2805/2617/2288 2809/2618/1900
f 2807/2614/2286 2457/2304/2098 2809/2618/1900
f 2457/2304/2098 2804/2612/2285 2809/2618/1900
f 2457/2304/2098 2470/2315/403 2804/2612/2285
f 2808/2615/2287 2813/2619/1905 2811/2620/2289
f 2814/2621/2290 2808/2615/2287 2811/2620/2289
f 2813/2619/1905 2774/2580/1872 2812/2622/666
f 2774/2580/1872 2814/2621/2290 2812/2622/666
f 2780/2586/2273 2774/2580/1872 2813/2619/1905
f 2808/2615/2287 2780/2586/2273 2813/2619/1905
f 2774/2580/1872 2815/2623/2291 2814/2621/2290
f 2808/2615/2287 2814/2621/2290 2815/2623/2291
f 2776/2624/2292 2815/2623/2291 2774/2580/1872
f 2815/2623/2291 2776/2624/2292 2816/2625/2293
f 2776/2624/2292 2764/2571/1861 2817/2626/1644
f 2764/2571/1861 2818/2627/246 2817/2626/1644
f 2818/2627/246 2815/2623/2291 2816/2625/2293
f 2764/2571/1861 2819/2628/2294 2818/2627/246
f 2815/2623/2291 2818/2627/246 2819/2628/2294
f 2766/2573/1917 2820/2629/1916 2764/2571/1861
f 2820/2629/1916 2821/2630/1915 2819/2628/1910
f 2822/2631/679 2819/2628/1910 2821/2630/1915
f 2766/2573/1917 2823/2632/2295 2822/2631/679
f 2828/2633/684 2824/2634/1920 2826/2635/2296
f 2827/2636/1246 2828/2633/684 2826/2635/2296
f 2824/2634/1920 2828/2633/684 2825/2637/2297
f 2453/2300/2091 2450/2303/8 2441/2597/1718
f 2830/2638/2298 2831/2639/2299 2832/2640/2300
f 2833/2641/2301 2831/2639/2299 2830/2638/2298
f 2834/2297/1250 2837/2642/2302 2449/2299/381
f 2836/2298/690 2837/2642/252 2835/2295/1251
f 2839/2643/692 2838/2644/691 2836/2298/1253
f 2448/2645/4 2838/2644/691 2841/2646/256
f 2841/2646/256 2508/2353/2303 2448/2645/4
f 2838/2644/691 2843/2647/262 2842/2648/259
f 2508/2353/2303 2841/2646/256 2843/2647/2304
f 2844/2649/2305 2838/2644/691 2845/2650/696
f 2838/2644/691 2846/2651/700 2845/2650/696
f 2846/2651/700 2838/2644/691 2847/2652/2306
f 2510/2354/2126 2844/2649/694 2848/2653/1932
f 2846/2651/700 2510/2354/2126 2848/2653/1932
f 2847/2652/2306 2510/2354/2126 2846/2651/700
f 2844/2649/694 2510/2354/2126 2508/2353/32
f 2850/2654/2307 2839/2643/692 2851/2593/2308
f 2839/2643/692 2852/2594/703 2851/2593/2308
f 2838/2644/691 2839/2643/692 2850/2654/2307
f 2852/2594/703 2839/2643/692 2853/2655/2309
f 2847/2652/2306 2853/2655/704 2854/2656/1938
f 2854/2656/1938 2853/2655/704 2855/2657/707
f 2853/2655/704 2856/2658/713 2855/2657/707
f 2859/2659/2310 2854/2656/1938 2858/2660/2311
f 2856/2658/705 2859/2659/2310 2858/2660/2311
f 2854/2656/1938 2859/2659/2310 2847/2652/2306
f 2857/2661/712 2859/2659/2310 2856/2658/705
f 2847/2652/2306 2861/2662/2312 2860/2663/2313
f 2861/2662/2312 2847/2652/2306 2859/2659/2310
f 2862/2664/719 2847/2652/2306 2860/2663/2313
f 2510/2354/2126 2847/2652/2306 2862/2664/719
f 2517/2665/2314 2862/2664/719 2863/2666/270
f 2861/2662/2312 2517/2665/2314 2863/2666/270
f 2862/2664/719 2517/2665/2314 2510/2354/2126
f 2859/2659/2310 2517/2665/2314 2861/2662/2312
f 2517/2665/2314 2859/2659/2310 2864/2667/2315
f 2515/2358/1760 2510/2354/2126 2517/2665/2314
f 2864/2667/2315 2859/2659/2310 2865/2668/725
f 2859/2659/2310 2866/2617/1948 2865/2668/725
f 2523/2363/1769 2864/2667/2315 2867/2616/2316
f 2866/2617/1948 2523/2363/1769 2867/2616/2316
f 2523/2363/1769 2517/2665/2314 2864/2667/2315
f 2868/2669/2317 2523/2363/1769 2866/2617/1948
f 2866/2617/1948 2859/2659/2310 2868/2669/2317
f 2868/2669/2317 2859/2659/2310 2869/2670/2318
f 2859/2659/2310 2857/2661/712 2869/2670/2318
f 2868/2669/2317 2869/2670/2318 2870/2671/2319
f 2869/2670/2318 2857/2661/712 2871/2672/732
f 2872/2673/2320 2868/2669/2317 2870/2671/2319
f 2857/2661/712 2872/2673/2320 2871/2672/732
f 2872/2673/2320 2857/2661/712 2873/2674/2321
f 2873/2674/2321 2868/2669/2317 2872/2673/2320
f 2873/2674/2321 2857/2661/712 2874/2675/1955
f 2873/2674/2321 2874/2675/1955 2875/2676/1956
f 2876/2677/2322 2873/2674/2321 2875/2676/1956
f 2874/2675/1955 2878/2678/2323 2877/2679/2324
f 2857/2661/712 2878/2678/2323 2874/2675/1955
f 2878/2678/2323 2876/2677/2322 2877/2679/2324
f 2876/2677/2322 2878/2678/2323 2879/2680/2325
f 2879/2680/2325 2873/2674/2321 2876/2677/2322
f 2883/2681/2326 2881/2581/278 2880/2576/742
f 2883/2681/2326 2857/2661/712 2884/2682/1958
f 2878/2678/2323 2857/2661/712 2883/2681/2326
f 2882/2579/1291 2884/2682/1958 2885/2683/2327
f 2857/2661/712 2853/2655/2309 2885/2683/740
f 2887/2684/2328 2883/2681/279 2886/2577/745
f 2891/2685/282 2889/2686/281 2888/2687/1296
f 2893/2688/751 2889/2686/2329 2892/2689/2330
f 2890/2690/1300 2889/2686/2329 2893/2688/751
f 2893/2688/751 2853/2655/2309 2839/2643/692
f 2896/2691/2331 2895/2692/1964 2894/2693/1963
f 2849/2694/1303 2895/2692/1964 2840/2695/793
f 2895/2692/1964 2896/2691/2331 2897/2696/2332
f 2840/2695/793 2895/2692/1964 2897/2696/2332
f 2815/2623/2291 2898/2697/765 2899/2698/766
f 2815/2623/2291 2899/2698/766 2900/2699/2333
f 2901/2700/762 2815/2623/2291 2900/2699/2333
f 2808/2615/2287 2815/2623/2291 2901/2700/762
f 2899/2698/766 2456/2307/2334 2902/2701/284
f 2456/2307/2334 2901/2700/762 2902/2701/284
f 2808/2615/662 2456/2307/764 2455/2702/2335
f 2808/2615/662 2455/2702/2335 2904/2703/2336
f 2905/2704/2337 2808/2615/662 2904/2703/2336
f 2457/2304/2098 2808/2615/662 2905/2704/2337
f 2455/2702/2335 2906/2705/2338 2903/2706/1293
f 2907/2707/771 2905/2704/2337 2906/2705/2338
f 2906/2705/2338 2455/2702/2335 2907/2707/771
f 2561/2395/2156 2559/2393/2154 2908/2708/320
f 2909/2709/2339 2873/2674/2321 2559/2393/2154
f 2873/2674/2321 2909/2709/2339 2910/2710/2340
f 2911/2711/2341 2873/2674/2321 2910/2710/2340
f 2868/2669/2317 2873/2674/2321 2911/2711/2341
f 2913/2712/1979 2911/2711/1972 2912/2713/1973
f 2909/2709/2339 2913/2712/1979 2912/2713/1973
f 2559/2393/2154 2913/2712/1979 2909/2709/2339
f 2914/2706/2342 2868/2669/2343 2913/2712/1979
f 2916/2714/785 2868/2669/2317 2915/2715/786
f 2916/2714/2026 2917/2703/2344 2918/2704/2345
f 2920/2716/2346 2916/2714/2026 2919/2705/2347
f 2919/2705/2347 2914/2706/1205 2920/2716/2346
f 2925/2717/796 2921/2718/2348 2923/2719/2349
f 2923/2719/2349 2924/2720/2350 2925/2717/796
f 2921/2718/2348 2925/2717/796 2922/2308/1328
f 2926/2721/797 2925/2717/796 2924/2720/2350
f 2760/2568/1626 2755/2565/2264 2913/2712/1979
f 2927/2722/1338 2928/2723/1985 2929/2724/2351
f 2931/2725/801 2928/2723/1985 2930/2726/2352
f 2928/2723/1985 2931/2725/801 2932/2727/2353
f 2932/2727/2353 2929/2724/2351 2928/2723/1985
f 2933/2728/2354 2935/2729/808 2934/2561/805
f 2936/2730/2355 2934/2561/805 2937/2731/2356
f 2937/2731/2356 2938/2562/2357 2936/2730/2355
f 2937/2731/2356 2934/2561/805 2939/2559/1347
f 2938/2562/2357 2937/2731/2356 2940/2563/2358
f 2935/2729/808 2743/2732/1619 2938/2562/806
f 2945/2733/814 2941/2503/301 2943/2502/1352
f 2942/2505/1351 2944/2734/1676 2743/2732/1619
f 2942/2505/1680 2947/2735/1677 2946/2506/1353
f 2743/2732/1619 2935/2729/808 2942/2505/1351
f 2743/2732/1619 2945/2733/1675 2553/2391/2153
f 2947/2735/2359 2949/2736/2360 2948/2737/1681
f 2948/2737/1989 2950/2738/307 2553/2391/2153
f 2948/2737/1681 2949/2736/2360 2951/2739/2361
f 2949/2736/2360 2952/2740/1683 2951/2739/2361
f 2952/2740/306 2553/2391/2153 2950/2738/307
f 2949/2736/2360 2546/2380/1509 2952/2740/1683
f 2546/2380/1509 2949/2736/2360 2953/2741/1684
f 2949/2736/2360 2699/2518/1826 2953/2741/1684
f 2953/2741/1684 2954/2742/1991 2546/2380/1509
f 2953/2741/1684 2699/2518/1826 2955/2743/2362
f 2699/2518/1826 2700/2519/311 2955/2743/2362
f 2700/2519/311 2546/2380/1509 2954/2742/1991
f 2956/2744/821 2957/2745/2363 2569/2403/910
f 2957/2745/2363 2956/2744/821 2958/2746/2364
f 2959/2747/1995 2957/2745/2363 2958/2746/2364
f 2879/2680/2325 2957/2745/2363 2959/2747/1995
f 2561/2395/2156 2959/2747/1995 2960/2748/2365
f 2956/2744/821 2561/2395/2156 2960/2748/2365
f 2561/2395/2156 2879/2680/2325 2959/2747/1995
f 2569/2403/910 2561/2395/2156 2956/2744/821
f 2908/2708/320 2879/2680/2325 2561/2395/2156
f 2879/2680/2325 2908/2708/320 2961/2749/2366
f 2962/2750/2367 2879/2680/2325 2961/2749/2366
f 2873/2674/2321 2879/2680/2325 2962/2750/2367
f 2908/2708/320 2559/2393/2154 2963/2751/318
f 2559/2393/2154 2962/2750/2367 2963/2751/318
f 2962/2750/2367 2559/2393/2154 2873/2674/2321
f 2828/2633/684 2827/2636/1246 2829/2752/829
f 2969/2753/2368 2966/2754/395 2965/2755/2000
f 2966/2754/395 2969/2753/2368 2968/2756/834
f 2969/2753/2368 2970/2757/2369 2968/2756/834
f 2970/2757/2369 2969/2753/2368 2971/2758/2003
f 2975/2759/2009 2976/2760/839 2974/2761/2370
f 2976/2760/839 2975/2759/2009 2978/2762/2371
f 2978/2762/2371 2977/2763/1412 2976/2760/839
f 2977/2763/1412 2978/2762/2371 2979/2764/2372
f 2980/2765/2011 2964/2766/2373 2975/2759/2374
f 2980/2765/2011 2979/2764/2007 2981/2767/2045
f 2982/2768/325 2985/2769/2375 2983/2770/2376
f 2985/2769/2375 2984/2771/2377 2983/2770/2376
f 2982/2768/325 2987/2772/2016 2986/2773/2378
f 2984/2771/2377 2986/2773/2378 2987/2772/2016
f 2987/2772/2016 2982/2768/325 2980/2765/2011
f 2987/2772/2016 2823/2632/1919 2984/2771/2377
f 2823/2632/1919 2989/2774/329 2988/2775/848
f 2990/2776/2379 2823/2632/1919 2988/2775/848
f 2989/2774/851 2992/2777/2380 2991/2778/330
f 2992/2777/2380 2990/2776/2017 2991/2778/330
f 2992/2777/2380 2989/2774/851 2987/2772/2016
f 2990/2776/2017 2992/2777/2380 2819/2628/2294
f 2819/2628/2294 2992/2777/2380 2993/2779/333
f 2819/2628/2294 2993/2779/333 2994/2780/1698
f 2995/2781/2381 2819/2628/2294 2994/2780/1698
f 2819/2628/2294 2995/2781/2381 2815/2623/2291
f 2898/2697/765 2995/2781/2381 2996/2782/2382
f 2993/2779/333 2898/2697/765 2996/2782/2382
f 2995/2781/2381 2898/2697/765 2815/2623/2291
f 2898/2697/765 2993/2779/333 2992/2777/2380
f 2523/2363/1769 2920/2716/2346 2527/2310/2383
f 2523/2363/1769 2868/2669/2317 2916/2714/785
f 2997/2783/2384 3000/2784/2385 2998/2785/2386
f 3000/2784/2385 2997/2783/2384 3001/2786/2387
f 2999/2787/858 3000/2784/2385 3002/2788/2388
f 3001/2786/2387 3002/2788/2388 3000/2784/2385
f 3003/2718/1394 3006/2789/2032 2459/2308/2389
f 3005/2721/2390 3006/2789/2032 3004/2720/2391
f 3007/2790/865 2459/2308/2389 3006/2789/2032
f 3006/2789/2032 3005/2721/2390 3007/2790/865
f 2456/2307/2392 2933/2728/800 3005/2721/863
f 3008/2791/1700 2933/2728/800 2456/2307/2392
f 3010/2792/872 2933/2728/2354 3009/2793/339
f 3008/2791/869 2898/2697/2393 3011/2569/2394
f 2898/2697/2393 3010/2792/2395 3011/2569/2394
f 2933/2728/2354 3010/2792/872 2935/2729/808
f 3013/2794/2037 2992/2777/2380 3012/2795/1703
f 2992/2777/2380 3014/2796/342 3012/2795/1703
f 2992/2777/2380 3013/2794/2037 2898/2697/765
f 2935/2729/2396 2898/2697/765 3013/2794/2037
f 3013/2794/2037 3015/2797/2397 2935/2729/2396
f 3014/2796/342 2935/2729/2396 3015/2797/2397
f 2992/2777/2380 2947/2735/2359 3014/2796/342
f 2935/2729/2396 3014/2796/342 2947/2735/2359
f 2947/2735/2359 2992/2777/2380 3016/2798/1705
f 2992/2777/2380 2987/2772/2016 3016/2798/1705
f 3016/2798/1705 3017/2799/2038 2947/2735/2359
f 3016/2798/1705 2987/2772/2016 3018/2800/1706
f 2987/2772/2016 3019/2801/346 3018/2800/1706
f 3019/2801/346 2947/2735/2359 3017/2799/2038
f 2987/2772/2016 2949/2736/2360 3019/2801/346
f 2947/2735/2359 3019/2801/346 2949/2736/2360
f 2949/2736/2360 2987/2772/2016 3020/2802/1710
f 2987/2772/2016 2980/2765/2011 3020/2802/1710
f 3020/2802/1710 2980/2765/2011 3021/2803/1709
f 2980/2765/2011 3022/2804/352 3021/2803/1709
f 3020/2802/1710 3023/2805/351 2949/2736/2360
f 3022/2804/352 2949/2736/2360 3023/2805/351
f 2980/2765/2011 2699/2518/1826 3022/2804/352
f 2949/2736/2360 3022/2804/352 2699/2518/1826
f 2980/2765/2011 2981/2767/2045 3024/2416/1413
f 3027/2806/2047 3025/2418/2398 3026/2807/1712
f 3024/2416/1711 3028/2420/354 2699/2518/2399
f 3025/2418/2398 3027/2806/2047 3029/2419/2400
f 2981/2767/2045 2702/2521/2232 3027/2806/2047
f 3032/2424/1420 3033/2808/2401 3030/2423/2402
f 3033/2808/2401 3032/2424/1420 3034/2809/2403
f 3034/2809/2403 3031/2425/2404 3033/2808/2401
f 3031/2425/2404 3034/2809/2403 3035/2426/2405
f 3040/2810/2406 3038/2811/2050 3036/2812/2407
f 3039/2813/2408 3040/2810/2406 3037/2814/898
f 3038/2811/2050 3040/2810/2406 3041/2815/2409
f 3040/2810/2406 3039/2813/2408 3041/2815/2409
f 3043/2763/358 3044/2816/357 3042/2764/2053
f 3044/2816/357 2972/2761/837 2973/2759/1428
f 3045/2817/903 2972/2761/837 3044/2816/357
f 2583/2414/2163 2576/2409/491 3043/2763/2410
f 2576/2409/491 2967/2818/907 2972/2761/902
f 2967/2818/907 3048/2819/360 3047/2769/1432
f 3049/2820/909 2967/2818/907 3047/2769/1432
f 3050/2773/361 3049/2820/909 3046/2771/1438
f 3048/2819/360 2569/2403/910 3051/2821/2411
f 2576/2409/491 2569/2403/910 3048/2819/360
f 2569/2403/910 2957/2745/2363 3049/2820/1715
f 3056/2822/2412 3053/2690/2060 3054/2823/2061
f 3055/2687/2413 3056/2822/2412 3054/2823/2061
f 3053/2690/2060 3056/2822/2412 3052/2688/2414
f 3056/2822/2412 3055/2687/2413 3057/2685/2415
f 2767/2574/2063 2771/2582/2269 3055/2687/2062
f 3059/2824/2416 3060/2825/2417 3058/2826/2418
f 3060/2825/2417 3059/2824/2416 3061/2827/920
f 3059/2824/2416 3062/2828/2419 3061/2827/920
f 3062/2828/2419 3059/2824/2416 3063/2829/1446
f 2878/2678/748 2887/2684/747 3065/2830/922
f 3068/2831/1862 3067/2832/2420 3066/2833/2421
f 3068/2831/2422 3065/2830/922 3064/2575/2069
f 3067/2832/2420 3068/2831/1862 3069/2572/2423
f 3070/2834/2424 2878/2678/748 3067/2832/925
f 2878/2678/748 3070/2834/2424 3071/2835/928
f 3071/2835/928 3070/2834/2424 3072/2836/933
f 3070/2834/2424 3073/2837/368 3072/2836/933
f 3073/2837/368 3070/2834/2424 2957/2745/908
f 3074/2637/935 3077/2838/2425 3075/2839/936
f 3077/2838/2425 3076/2752/2426 3075/2839/936
f 3078/2634/1462 3077/2838/2425 3074/2637/935
f 3076/2752/2426 3077/2838/2425 3079/2636/2427
f 3080/2840/1465 3083/2841/2428 3081/2842/2429
f 3083/2841/2428 3082/2843/2430 3081/2842/2429
f 3083/2841/2428 3080/2840/1465 3084/2844/939
f 3082/2843/2430 3083/2841/2428 3085/2845/941
f 2763/2572/2086 3087/2846/944 3086/2847/2431
f 3087/2846/944 2765/2575/1470 3086/2847/2431
f 3088/2832/2432 3087/2846/944 2763/2572/2086
f 2765/2575/1470 3087/2846/944 3089/2830/945
