# Blender 5.1.2
# www.blender.org
mtllib repulsor exo (1).mtl
o repulsor_exo.057
v 0.835523 0.243229 -0.179623
v 0.365463 0.243229 0.209157
v 0.365463 0.243229 -0.016603
v 0.026051 0.243229 -0.016603
v 0.835523 0.243229 0.372158
v -1.759918 0.243229 -0.179623
v 0.026051 0.243229 0.209157
v -1.759918 0.243229 0.372158
v 1.004113 -0.011842 -0.083880
v 1.004113 -0.021592 -0.226194
v 1.004113 0.132508 -0.082597
v 1.004113 -0.089000 -0.113649
v 1.004113 0.068317 0.095940
v 1.004113 -0.205350 -0.158283
v 1.004113 0.132508 0.275132
v 1.004113 -0.406974 -0.226194
v 1.004113 -0.011842 0.275783
v 1.004113 -0.398866 -0.083880
v 1.004113 -0.021592 0.418727
v 1.004113 -0.561083 -0.082597
v 1.004113 -0.205350 0.350818
v 1.004113 -0.479018 0.095940
v 1.004113 -0.406974 0.418727
v 1.004113 -0.561083 0.275132
v 1.004113 -0.398866 0.275783
v 0.833666 -0.639356 0.353404
v 1.004113 -0.561083 0.275132
v 0.833666 -0.491143 0.491177
v 1.004113 -0.406974 0.418727
v 0.833666 -0.491142 -0.298642
v 0.833666 -0.639356 -0.160871
v 1.004113 -0.561083 -0.082597
v 1.004113 -0.406974 -0.226194
v 0.833666 0.062567 0.491177
v 0.833666 0.210781 0.353404
v 1.004113 0.132508 0.275132
v 1.004113 -0.021592 0.418727
v 0.833666 0.062568 -0.298642
v 1.004113 0.132508 -0.082597
v 0.833666 0.210781 -0.160871
v 1.004113 -0.021592 -0.226194
v 0.007153 0.211059 0.221434
v 0.007153 0.075082 0.221434
v 0.007153 0.211059 -0.029553
v 0.007153 0.075082 -0.029553
v -0.741979 -0.090566 -0.309007
v -0.779103 -0.166472 0.501540
v -0.741979 -0.090566 0.501540
v -0.779103 -0.166472 -0.309639
v -1.770261 0.211651 0.354687
v 0.833666 0.062567 0.491177
v -1.770261 0.063981 0.491828
v 0.833666 0.062568 -0.298642
v -1.770261 0.211651 -0.162153
v -1.770261 0.063981 -0.299947
v 1.004113 0.132508 0.275132
v 0.833666 0.210781 -0.160871
v 1.004113 0.132508 -0.082597
v 0.833666 0.210781 0.353404
v 0.384290 0.210934 0.221434
v 0.007153 0.211059 0.221434
v -1.770261 0.211651 0.354687
v 0.007153 0.211059 -0.029553
v -1.770261 0.211651 -0.162153
v 0.384290 0.210934 -0.029553
v 0.007153 0.075082 0.221434
v 0.384290 0.075082 0.221434
v 0.007153 0.075082 -0.029553
v 0.384290 0.075082 -0.029553
v -0.779103 -0.166472 0.501540
v -0.779103 -0.166472 -0.309639
v -0.578597 -0.312186 -0.307704
v -0.578597 -0.312186 0.499587
v 0.655624 -0.301378 0.492480
v 0.655624 -0.301378 -0.299947
v -1.770261 0.211651 0.354687
v 0.833666 0.210781 0.353404
v 0.833666 0.062567 0.491177
v 0.833666 -0.491143 0.491177
v 0.833666 0.062567 0.491177
v 1.004113 -0.021592 0.418727
v 1.004113 -0.406974 0.418727
v 0.685015 -0.237332 0.491177
v 0.655624 -0.301378 0.492480
v -0.578597 -0.312186 0.499587
v -1.770261 -0.492548 0.491828
v -0.779103 -0.166472 0.501540
v -1.770261 0.063981 0.491828
v -0.741979 -0.090566 0.501540
v 0.498044 -0.088547 0.499587
v 0.007153 0.211059 -0.029553
v 0.007153 0.075082 -0.029553
v 0.384290 0.210934 -0.029553
v 0.384290 0.075082 -0.029553
v 0.097999 0.189400 0.160633
v 0.292480 0.189400 0.160633
v 0.321645 0.133713 0.180040
v 0.068834 0.133713 0.180040
v -1.824125 -0.586883 -0.142096
v -1.824125 -0.470471 -0.250140
v -1.824125 0.041896 -0.250139
v -1.824125 0.041896 0.442673
v -1.824125 -0.586883 0.334000
v -1.824125 -0.470471 0.442673
v -1.824125 0.158317 0.334000
v -1.824125 0.158317 -0.142096
v -1.824125 -0.470471 0.442673
v -1.770261 -0.492548 0.491828
v -1.770261 -0.640218 0.354687
v -1.824125 -0.586883 0.334000
v -1.824125 -0.470471 -0.250140
v -1.824125 -0.586883 -0.142096
v -1.770261 -0.640218 -0.162153
v -1.770261 -0.492548 -0.299947
v -1.824125 -0.586883 0.334000
v -1.770261 -0.640218 -0.162153
v -1.824125 -0.586883 -0.142096
v -1.770261 -0.640218 0.354687
v -1.770261 0.063981 0.491828
v -1.824125 0.158317 0.334000
v -1.770261 0.211651 0.354687
v -1.824125 0.041896 0.442673
v -1.824125 0.158317 -0.142096
v -1.824125 0.041896 -0.250139
v -1.770261 0.063981 -0.299947
v -1.770261 0.211651 -0.162153
v -1.770261 -0.492548 0.491828
v -1.824125 0.041896 0.442673
v -1.770261 0.063981 0.491828
v -1.824125 -0.470471 0.442673
v -1.770261 -0.492548 -0.299947
v -1.770261 0.063981 -0.299947
v -1.824125 0.041896 -0.250139
v -1.824125 -0.470471 -0.250140
v -1.770261 0.211651 0.354687
v -1.824125 0.158317 -0.142096
v -1.770261 0.211651 -0.162153
v -1.824125 0.158317 0.334000
v 0.384290 0.210934 0.221434
v 0.384290 0.210934 -0.029553
v 0.384290 0.075082 0.221434
v 0.384290 0.075082 -0.029553
v 0.655624 -0.301378 0.492480
v 0.685015 -0.237332 0.338518
v 0.685015 -0.237332 0.491177
v 0.656743 -0.298955 0.314593
v 0.656743 -0.298955 -0.122060
v 0.655624 -0.301378 -0.299947
v 0.685015 -0.237332 -0.298642
v 0.685015 -0.237332 -0.145985
v -1.770261 -0.640218 0.354687
v 0.833666 -0.491143 0.491177
v 0.833666 -0.639356 0.353404
v -1.770261 -0.492548 0.491828
v 0.833666 -0.491142 -0.298642
v -1.770261 -0.640218 -0.162153
v 0.833666 -0.639356 -0.160871
v -1.770261 -0.492548 -0.299947
v -1.770261 -0.640218 -0.162153
v 0.833666 -0.639356 0.353404
v 0.833666 -0.639356 -0.160871
v -1.770261 -0.640218 0.354687
v 1.004113 -0.561083 -0.082597
v 1.004113 -0.561083 0.275132
v -0.741979 -0.090566 -0.309007
v 0.498044 -0.088547 0.499587
v 0.498044 -0.088547 -0.307704
v -0.741979 -0.090566 0.501540
v 0.656743 -0.214844 0.346928
v 0.656743 -0.214844 -0.154395
v 0.685015 -0.237332 -0.298642
v 0.685015 -0.237332 -0.145985
v 0.685015 -0.237332 0.491177
v 0.685015 -0.237332 0.338518
v 0.068834 0.133713 0.011845
v 0.321645 0.133713 0.180040
v 0.321645 0.133713 0.011845
v 0.068834 0.133713 0.180040
v 0.833666 0.062568 -0.298642
v 0.833666 0.210781 -0.160871
v -1.770261 0.211651 -0.162153
v -0.779103 -0.166472 -0.309639
v -1.770261 0.063981 -0.299947
v -1.770261 -0.492548 -0.299947
v -0.578597 -0.312186 -0.307704
v -0.741979 -0.090566 -0.309007
v 0.833666 0.062568 -0.298642
v 0.498044 -0.088547 -0.307704
v 0.685015 -0.237332 -0.298642
v 0.833666 -0.491142 -0.298642
v 0.655624 -0.301378 -0.299947
v 1.004113 -0.021592 -0.226194
v 1.004113 -0.406974 -0.226194
v 0.384290 0.210934 0.221434
v 0.007153 0.211059 0.221434
v 0.007153 0.075082 0.221434
v 0.384290 0.075082 0.221434
v 1.032311 -0.259812 0.355337
v 1.032311 -0.259812 0.434263
v 1.032311 -0.205413 0.376047
v 1.032311 -0.077453 0.434263
v 1.032311 -0.077453 0.326873
v 1.032311 -0.259812 -0.242381
v 1.032311 -0.205413 -0.183513
v 1.032311 -0.077453 -0.242381
v 1.032311 -0.259812 -0.162804
v 1.032311 -0.077453 -0.134338
v 1.029112 -0.418277 -0.101351
v 1.029112 -0.305609 -0.145335
v 1.029112 -0.435051 -0.242381
v 1.029112 -0.569901 -0.142097
v 1.029112 -0.506447 0.095940
v 1.029112 -0.569901 0.334650
v 1.029112 -0.418277 0.293884
v 1.029112 -0.435051 0.434263
v 1.029112 -0.305609 0.337236
v 1.029112 -0.305609 0.434263
v 1.029112 -0.305609 -0.242381
v 1.029112 0.045321 -0.242381
v 1.029112 -0.040135 -0.242381
v 1.029112 -0.040135 -0.120105
v 1.029112 0.007452 -0.101351
v 1.029112 0.152874 -0.124646
v 1.029112 0.095620 0.095940
v 1.029112 0.152873 0.316527
v 1.029112 0.007452 0.293884
v 1.029112 0.045321 0.434263
v 1.029112 -0.040135 0.312640
v 1.029112 -0.040135 0.434263
v 0.627500 -0.411839 -0.103937
v 0.627500 -0.283943 -0.153112
v 0.627500 -0.283943 0.345645
v 0.627500 -0.411839 0.296470
v 0.627500 -0.205413 0.376047
v 0.627500 -0.044693 0.313943
v 0.627500 -0.218679 0.370875
v 0.627500 -0.218679 -0.178322
v 0.627500 -0.044693 -0.122060
v 0.627500 -0.205413 -0.183513
v 0.127607 -0.399890 -0.327108
v 0.383840 -0.664996 -0.169931
v 0.127607 -0.399890 0.518993
v 0.223139 -0.491685 -0.327108
v 0.383840 -0.664996 0.362466
v 0.223139 -0.491685 0.518993
v 0.627500 0.001960 0.295819
v 0.627500 0.007452 0.293884
v 0.627500 0.095620 0.095940
v 0.627500 0.001960 -0.103937
v 0.627500 0.007452 -0.101351
v 0.627500 -0.462119 -0.003020
v 0.627500 -0.462119 0.195555
v 0.627500 -0.506447 0.095940
v -0.840782 -0.034636 -0.330348
v -0.930062 -0.189516 -0.330348
v -0.840782 -0.034636 0.522880
v -0.930062 -0.189516 0.522880
v -1.238078 -0.364449 -0.327108
v -0.970238 -0.664996 -0.169931
v -1.238078 -0.364449 0.518993
v -1.120897 -0.491685 -0.327108
v -0.970237 -0.664996 0.362466
v -1.120897 -0.491685 0.518993
v -1.846520 0.173440 -0.136923
v -1.846520 0.173440 0.329459
v -1.759918 0.243229 -0.179623
v -1.759918 0.243229 0.372158
v -1.759918 0.062804 0.522880
v -1.846520 0.020745 -0.265004
v -1.759918 0.062804 -0.330348
v -1.846520 0.020745 0.456906
v 1.029112 0.152873 0.316527
v 0.835523 0.243229 -0.179623
v 1.029112 0.152874 -0.124646
v 0.835523 0.243229 0.372158
v 1.029112 0.045321 0.434263
v 0.835523 0.108775 0.518993
v 1.029112 0.045321 -0.242381
v 0.835523 0.108775 -0.327108
v -1.436726 -0.364449 0.518993
v -1.496246 -0.417658 -0.327108
v -1.436726 -0.364449 -0.327108
v -1.496246 -0.417658 0.518993
v -1.201473 0.108775 -0.327108
v 0.835523 0.108775 -0.327108
v 0.835523 0.243229 -0.179623
v -1.759918 0.243229 -0.179623
v -1.759918 0.108775 -0.327108
v 0.835523 0.243229 0.372158
v -1.201473 0.108775 0.518993
v -1.759918 0.243229 0.372158
v 0.835523 0.108775 0.518993
v -1.759918 0.108775 0.518993
v 0.087062 0.137959 0.023490
v 0.304530 0.137959 0.023490
v 0.304530 0.137959 0.168390
v 0.087062 0.137959 0.168390
v 1.032311 -0.077453 0.326873
v 1.032311 -0.077453 0.434263
v 0.839540 -0.044693 0.313943
v 0.839540 -0.044693 0.518993
v 1.032311 -0.077453 -0.242381
v 1.032311 -0.077453 -0.134338
v 0.839540 -0.044693 -0.122060
v 0.839540 -0.044693 -0.327108
v -1.759918 0.062804 -0.330348
v -1.242541 0.062804 -0.330348
v -1.759918 0.062804 0.522880
v -1.242541 0.062804 0.522880
v -0.840782 -0.034636 0.522880
v -1.123501 -0.034636 -0.330348
v -0.840782 -0.034636 -0.330348
v -1.123501 -0.034636 0.522880
v 0.839540 -0.044693 0.313943
v 0.627500 -0.044693 0.313943
v 0.839540 -0.044693 0.518993
v -0.781484 -0.044693 0.518993
v 0.627500 -0.044693 -0.122060
v -0.781484 -0.044693 -0.327108
v 0.839540 -0.044693 -0.327108
v 0.839540 -0.044693 -0.122060
v -1.436726 -0.364449 -0.327108
v -1.238078 -0.364449 -0.327108
v -1.436726 -0.364449 0.518993
v -1.238078 -0.364449 0.518993
v -1.089277 -0.399890 0.518993
v -1.089277 -0.399890 -0.327108
v 0.127607 -0.399890 -0.327108
v 0.127607 -0.399890 0.518993
v -1.496246 -0.417658 0.518993
v -1.759918 -0.417658 -0.327108
v -1.496246 -0.417658 -0.327108
v -1.759918 -0.417658 0.518993
v 0.835523 -0.329879 0.518993
v 0.835523 -0.329879 0.328176
v 1.029112 -0.305609 0.434263
v 1.029112 -0.305609 0.337236
v 1.029112 -0.305609 -0.242381
v 1.029112 -0.305609 -0.145335
v 0.835523 -0.329879 -0.135641
v 0.835523 -0.329879 -0.327108
v 0.657112 -0.462119 -0.327108
v 0.835523 -0.329879 -0.327108
v 0.835523 -0.329879 -0.135641
v 0.716260 -0.418277 -0.101351
v 0.657112 -0.462119 -0.003020
v 0.627500 -0.462119 -0.003020
v 0.278713 -0.462119 -0.327108
v 0.627500 -0.462119 0.195555
v 0.278713 -0.462119 0.518993
v 0.657112 -0.462119 0.518993
v 0.657112 -0.462119 0.195555
v 0.716260 -0.418277 0.293884
v 0.835523 -0.329879 0.328176
v 0.835523 -0.329879 0.518993
v 1.029112 -0.506447 0.095940
v 1.029112 -0.418277 0.293884
v 1.029112 -0.418277 -0.101351
v 0.627500 -0.506447 0.095940
v -0.930062 -0.189516 -0.330348
v -0.706861 -0.366211 -0.330348
v -0.930062 -0.189516 0.522880
v -0.706861 -0.366211 0.522880
v -1.123501 -0.034636 0.522880
v -1.242541 0.062804 -0.330348
v -1.123501 -0.034636 -0.330348
v -1.242541 0.062804 0.522880
v -1.759918 -0.417658 0.518993
v -1.846520 -0.385886 -0.261785
v -1.759918 -0.417658 -0.327108
v -1.846520 -0.385886 0.454321
v -1.759918 -0.491685 0.518993
v -1.759918 -0.417658 0.518993
v -1.846520 -0.448533 0.454320
v -1.846520 -0.385886 0.454321
v -1.846520 0.020745 0.456906
v -1.759918 -0.366211 0.522880
v -1.846520 -0.342344 0.456906
v -1.759918 0.062804 0.522880
v 1.029112 0.045321 0.434263
v 0.835523 0.001960 0.518993
v 0.835523 0.108775 0.518993
v 1.029112 -0.040135 0.434263
v 1.029112 -0.569901 0.334650
v 0.835523 -0.660249 0.394150
v 0.835523 -0.491685 0.518993
v 1.029112 -0.435051 0.434263
v 0.835523 -0.329879 0.518993
v 1.029112 -0.305609 0.434263
v 0.839540 -0.272639 0.518993
v 0.839540 -0.044693 0.518993
v 1.032311 -0.077453 0.434263
v 1.032311 -0.259812 0.434263
v 0.494328 -0.660249 0.394150
v 0.835523 -0.491685 0.518993
v 0.835523 -0.660249 0.394150
v 0.308920 -0.491685 0.518993
v -1.759918 -0.664996 0.362466
v -1.120897 -0.491685 0.518993
v -0.970237 -0.664996 0.362466
v -1.759918 -0.491685 0.518993
v -0.821437 -0.664996 0.362466
v 0.223139 -0.491685 0.518993
v 0.383840 -0.664996 0.362466
v -0.991069 -0.491685 0.518993
v -1.123501 -0.034636 0.522880
v -0.840782 -0.034636 0.522880
v -0.930062 -0.189516 0.522880
v -1.183021 -0.310531 0.522880
v -1.456813 -0.310531 0.522880
v -1.242541 0.062804 0.522880
v -1.759918 0.062804 0.522880
v -1.759918 -0.366211 0.522880
v -1.523773 -0.366211 0.522880
v -1.123501 -0.366211 0.522880
v -0.706861 -0.366211 0.522880
v -1.759918 -0.491685 0.518993
v -1.496246 -0.417658 0.518993
v -1.120897 -0.491685 0.518993
v -1.759918 -0.417658 0.518993
v -1.238078 -0.364449 0.518993
v -1.436726 -0.364449 0.518993
v -0.991069 -0.491685 0.518993
v 0.127607 -0.399890 0.518993
v 0.223139 -0.491685 0.518993
v -1.089277 -0.399890 0.518993
v -0.662444 -0.342239 0.518993
v -0.872624 -0.186503 0.518993
v -0.751949 -0.159136 0.518993
v -0.625469 -0.247841 0.518993
v -0.574058 -0.283943 0.518993
v 0.155956 -0.342239 0.518993
v 0.638363 -0.283943 0.518993
v 0.260113 -0.411839 0.518993
v 0.646996 -0.411839 0.518993
v 0.839540 -0.272639 0.518993
v 0.839540 -0.044693 0.518993
v 0.660311 -0.241716 0.518993
v 0.482421 -0.116903 0.518993
v -0.729925 -0.116903 0.518993
v -0.781484 -0.044693 0.518993
v 0.657112 -0.462119 0.518993
v 0.308920 -0.491685 0.518993
v 0.278713 -0.462119 0.518993
v 0.835523 -0.491685 0.518993
v 0.835523 -0.329879 0.518993
v 0.835523 0.108775 0.518993
v 0.835523 0.001960 0.518993
v -1.045308 0.001960 0.518993
v -1.134586 0.063959 0.518993
v -1.201473 0.108775 0.518993
v 0.839540 -0.272639 -0.157633
v 0.646996 -0.411839 -0.103937
v 0.638363 -0.283943 -0.153112
v 0.660311 -0.241716 -0.169931
v 0.627500 -0.205413 -0.183513
v 1.032311 -0.205413 -0.183513
v 1.032311 -0.259812 -0.162804
v 0.839540 -0.044693 -0.122060
v 1.032311 -0.077453 -0.134338
v 0.627500 -0.044693 -0.122060
v 0.627500 -0.218679 -0.178322
v 0.627500 -0.411839 -0.103937
v 0.627500 -0.283943 -0.153112
v 0.627500 0.001960 -0.103937
v 0.835523 0.001960 -0.103937
v 0.627500 0.007452 -0.101351
v 1.029112 0.007452 -0.101351
v 1.029112 -0.040135 -0.120105
v 0.835523 -0.329879 -0.135641
v 1.029112 -0.305609 -0.145335
v 1.029112 -0.418277 -0.101351
v 0.716260 -0.418277 -0.101351
v -1.846520 -0.385886 0.454321
v -1.846520 -0.448533 0.454320
v -1.846520 -0.595215 0.321049
v -1.846520 -0.385886 -0.261785
v -1.846520 -0.595215 -0.129165
v -1.846520 -0.448533 -0.261785
v -1.846520 0.059659 -0.261785
v -1.846520 0.173440 0.329459
v -1.846520 0.059659 0.454321
v -1.846520 0.173440 -0.136923
v -1.846520 -0.342344 -0.265004
v -1.846520 0.020745 -0.265004
v -1.846520 -0.342344 0.456906
v -1.846520 0.020745 0.456906
v -1.846520 -0.595215 -0.129165
v -1.759918 -0.664996 -0.169931
v -1.759918 -0.491685 -0.327108
v -1.846520 -0.448533 -0.261785
v -1.759918 -0.664996 0.362466
v -1.759918 -0.491685 0.518993
v -1.846520 -0.595215 0.321049
v -1.846520 -0.448533 0.454320
v -1.846520 0.059659 -0.261785
v -1.759918 0.243229 -0.179623
v -1.846520 0.173440 -0.136923
v -1.759918 0.108775 -0.327108
v -1.846520 0.173440 0.329459
v -1.846520 0.059659 0.454321
v -1.759918 0.243229 0.372158
v -1.759918 0.108775 0.518993
v -0.821437 -0.664996 -0.169931
v -1.089277 -0.399890 -0.327108
v -1.089277 -0.399890 0.518993
v -0.821437 -0.664996 0.362466
v -1.123501 -0.366211 -0.330348
v -1.183021 -0.310530 -0.330348
v -1.183021 -0.310531 0.522880
v -1.123501 -0.366211 0.522880
v -0.872624 -0.186503 -0.327108
v -0.781484 -0.044693 -0.327108
v -0.872624 -0.186503 0.518993
v -0.781484 -0.044693 0.518993
v 0.278713 -0.462119 0.518993
v 0.308920 -0.491685 0.518993
v 0.494328 -0.660249 0.394150
v 0.494328 -0.660249 -0.201615
v 0.308919 -0.491685 -0.327108
v 0.278713 -0.462119 -0.327108
v -1.846520 -0.595215 -0.129165
v -1.846520 -0.595215 0.321049
v -1.759918 -0.664996 0.362466
v -1.759918 -0.664996 -0.169931
v 1.029112 -0.569901 0.334650
v 0.835523 -0.660249 0.394150
v 1.029112 -0.569901 -0.142097
v 0.835523 -0.660249 -0.201615
v -0.821437 -0.664996 -0.169931
v -0.991069 -0.491685 -0.327108
v -1.089277 -0.399890 -0.327108
v -1.089277 -0.399890 0.518993
v -0.991069 -0.491685 0.518993
v -0.821437 -0.664996 0.362466
v -1.759918 -0.366211 -0.330348
v -1.846520 -0.342344 0.456906
v -1.759918 -0.366211 0.522880
v -1.846520 -0.342344 -0.265004
v -1.759918 -0.664996 -0.169931
v -0.970237 -0.664996 0.362466
v -0.970238 -0.664996 -0.169931
v -1.759918 -0.664996 0.362466
v -0.821437 -0.664996 -0.169931
v 0.383840 -0.664996 0.362466
v 0.383840 -0.664996 -0.169931
v -0.821437 -0.664996 0.362466
v 0.835523 -0.660249 -0.201615
v 0.494328 -0.660249 -0.201615
v 0.835523 -0.660249 0.394150
v 0.494328 -0.660249 0.394150
v -0.662444 -0.342239 -0.327108
v -0.872624 -0.186503 -0.327108
v -0.662444 -0.342239 0.518993
v -0.872624 -0.186503 0.518993
v 0.839540 -0.272639 -0.327108
v 0.646996 -0.411839 -0.327108
v 0.839540 -0.272639 -0.157633
v 0.646996 -0.411839 -0.103937
v 0.627500 -0.411839 -0.103937
v 0.646996 -0.411839 -0.327108
v 0.260113 -0.411839 -0.327108
v 0.627500 -0.411839 0.296470
v 0.260113 -0.411839 0.518993
v 0.646996 -0.411839 0.518993
v 0.646996 -0.411839 0.296470
v 0.839540 -0.272639 0.350168
v 0.646996 -0.411839 0.518993
v 0.839540 -0.272639 0.518993
v -1.759918 -0.366211 0.522880
v -1.523773 -0.366211 -0.330348
v -1.759918 -0.366211 -0.330348
v -1.523773 -0.366211 0.522880
v -0.706861 -0.366211 -0.330348
v -1.123501 -0.366211 -0.330348
v -1.123501 -0.366211 0.522880
v -0.706861 -0.366211 0.522880
v -0.662444 -0.342239 -0.327108
v -0.662444 -0.342239 0.518993
v 0.155956 -0.342239 -0.327108
v 0.155956 -0.342239 0.518993
v 1.032311 -0.259812 -0.242381
v 0.839540 -0.272639 -0.327108
v 0.839540 -0.272639 -0.157633
v 1.032311 -0.259812 -0.162804
v 0.839540 -0.272639 0.350168
v 0.839540 -0.272639 0.518993
v 1.032311 -0.259812 0.434263
v 1.032311 -0.259812 0.355337
v -1.183021 -0.310530 -0.330348
v -1.456813 -0.310530 -0.330348
v -1.183021 -0.310531 0.522880
v -1.456813 -0.310531 0.522880
v 0.155956 -0.342239 0.518993
v 0.260113 -0.411839 -0.327108
v 0.155956 -0.342239 -0.327108
v 0.260113 -0.411839 0.518993
v 0.278713 -0.462119 0.518993
v 0.494328 -0.660249 0.394150
v 0.494328 -0.660249 -0.201615
v 0.278713 -0.462119 -0.327108
v 0.627500 0.001960 0.295819
v 0.627500 0.001960 -0.103937
v -1.045308 0.001960 -0.327108
v -1.045308 0.001960 0.518993
v 0.835523 0.001960 0.518993
v 0.835523 0.001960 0.295819
v -1.134586 0.063959 -0.327108
v -1.134586 0.063959 0.518993
v -1.201473 0.108775 0.518993
v -1.201473 0.108775 -0.327108
v 0.835523 0.001960 -0.327108
v 0.835523 0.001960 -0.103937
v 0.627500 0.007452 0.293884
v 0.627500 0.095620 0.095940
v 1.029112 0.007452 0.293884
v 1.029112 0.095620 0.095940
v 0.627500 0.007452 -0.101351
v 1.029112 0.007452 -0.101351
v -1.759918 0.108775 0.518993
v -1.201473 0.108775 -0.327108
v -1.759918 0.108775 -0.327108
v -1.201473 0.108775 0.518993
v 1.029112 -0.040135 -0.242381
v 0.835523 0.001960 -0.327108
v 0.835523 0.001960 -0.103937
v 1.029112 -0.040135 -0.120105
v 0.835523 0.001960 0.295819
v 0.835523 0.001960 0.518993
v 1.029112 -0.040135 0.434263
v 1.029112 -0.040135 0.312640
v -1.523773 -0.366211 0.522880
v -1.456813 -0.310530 -0.330348
v -1.523773 -0.366211 -0.330348
v -1.456813 -0.310531 0.522880
v -1.759918 0.108775 -0.327108
v -1.846520 0.059659 0.454321
v -1.759918 0.108775 0.518993
v -1.846520 0.059659 -0.261785
v -1.759918 -0.491685 -0.327108
v -1.759918 -0.417658 -0.327108
v -1.846520 -0.448533 -0.261785
v -1.846520 -0.385886 -0.261785
v -1.846520 0.020745 -0.265004
v -1.846520 -0.342344 -0.265004
v -1.759918 -0.366211 -0.330348
v -1.759918 0.062804 -0.330348
v 1.029112 0.045321 -0.242381
v 0.835523 0.108775 -0.327108
v 0.835523 0.001960 -0.327108
v 1.029112 -0.040135 -0.242381
v 1.029112 -0.569901 -0.142097
v 0.835523 -0.491685 -0.327109
v 0.835523 -0.660249 -0.201615
v 1.029112 -0.435051 -0.242381
v 0.835523 -0.329879 -0.327108
v 1.029112 -0.305609 -0.242381
v 1.032311 -0.077453 -0.242381
v 0.839540 -0.044693 -0.327108
v 0.839540 -0.272639 -0.327108
v 1.032311 -0.259812 -0.242381
v 0.835523 -0.491685 -0.327109
v 0.308919 -0.491685 -0.327108
v 0.494328 -0.660249 -0.201615
v 0.835523 -0.660249 -0.201615
v -1.120897 -0.491685 -0.327108
v -1.759918 -0.491685 -0.327108
v -1.759918 -0.664996 -0.169931
v -0.970238 -0.664996 -0.169931
v 0.223139 -0.491685 -0.327108
v -0.991069 -0.491685 -0.327108
v -0.821437 -0.664996 -0.169931
v 0.383840 -0.664996 -0.169931
v -1.123501 -0.034636 -0.330348
v -0.930062 -0.189516 -0.330348
v -0.840782 -0.034636 -0.330348
v -1.183021 -0.310530 -0.330348
v -1.456813 -0.310530 -0.330348
v -1.242541 0.062804 -0.330348
v -1.759918 0.062804 -0.330348
v -1.759918 -0.366211 -0.330348
v -1.523773 -0.366211 -0.330348
v -1.123501 -0.366211 -0.330348
v -0.706861 -0.366211 -0.330348
v 0.127607 -0.399890 -0.327108
v -1.089277 -0.399890 -0.327108
v -0.991069 -0.491685 -0.327108
v 0.223139 -0.491685 -0.327108
v -1.496246 -0.417658 -0.327108
v -1.120897 -0.491685 -0.327108
v -1.238078 -0.364449 -0.327108
v -1.436726 -0.364449 -0.327108
v -1.759918 -0.491685 -0.327108
v -1.759918 -0.417658 -0.327108
v 0.482420 -0.116903 -0.327108
v 0.660311 -0.241716 -0.327108
v 0.839540 -0.044693 -0.327108
v -0.781484 -0.044693 -0.327108
v -0.729926 -0.116903 -0.327108
v -0.751949 -0.159136 -0.327108
v -0.872624 -0.186503 -0.327108
v -0.662444 -0.342239 -0.327108
v -0.574058 -0.283943 -0.327108
v 0.155956 -0.342239 -0.327108
v 0.638363 -0.283943 -0.327108
v 0.839540 -0.272639 -0.327108
v 0.646996 -0.411839 -0.327108
v 0.260113 -0.411839 -0.327108
v 0.835523 -0.491685 -0.327109
v 0.657112 -0.462119 -0.327108
v 0.308919 -0.491685 -0.327108
v 0.835523 -0.329879 -0.327108
v 0.278713 -0.462119 -0.327108
v 0.835523 0.108775 -0.327108
v -1.134586 0.063959 -0.327108
v -1.045308 0.001960 -0.327108
v 0.835523 0.001960 -0.327108
v -1.201473 0.108775 -0.327108
v 0.627500 -0.283943 0.345645
v 0.638363 -0.283943 0.345645
v 0.627500 -0.411839 0.296470
v 0.646996 -0.411839 0.296470
v 0.839540 -0.272639 0.350168
v 0.660311 -0.241716 0.361813
v 0.627500 -0.205413 0.376047
v 1.032311 -0.205413 0.376047
v 1.032311 -0.259812 0.355337
v 0.839540 -0.044693 0.313943
v 1.032311 -0.077453 0.326873
v 0.627500 -0.044693 0.313943
v 0.627500 -0.218679 0.370875
v 0.627500 0.001960 0.295819
v 0.627500 0.007452 0.293884
v 0.835523 0.001960 0.295819
v 1.029112 0.007452 0.293884
v 1.029112 -0.040135 0.312640
v 0.716260 -0.418277 0.293884
v 0.835523 -0.329879 0.328176
v 1.029112 -0.418277 0.293884
v 1.029112 -0.305609 0.337236
v 0.931725 -0.032026 -0.065126
v 0.931725 -0.378870 -0.065126
v 0.931725 -0.450705 0.095940
v 0.931725 -0.205448 -0.131752
v 0.931725 -0.032026 0.257659
v 0.931725 0.039808 0.095940
v 0.931725 -0.378870 0.257659
v 0.931725 -0.205448 0.324285
v 0.660088 -0.241751 -0.285714
v 0.638065 -0.283978 -0.285714
v 0.638065 -0.283978 0.477595
v 0.660088 -0.241751 0.477595
v -0.730224 -0.116938 -0.327108
v -0.752170 -0.159171 -0.327108
v -0.752170 -0.159171 0.518993
v -0.730224 -0.116938 0.518993
v 0.931725 -0.378870 0.257659
v 1.003816 -0.479115 0.095940
v 1.003816 -0.398963 0.275783
v 0.931725 -0.450705 0.095940
v 0.931725 -0.378870 -0.065126
v 1.003816 -0.398963 -0.083880
v 0.482197 -0.116938 -0.285714
v -0.730224 -0.116938 0.477595
v -0.730224 -0.116938 -0.285714
v 0.482197 -0.116938 0.477595
v 0.482197 -0.116938 0.477595
v 0.482197 -0.116938 -0.285714
v 0.660088 -0.241751 -0.285714
v 0.660088 -0.241751 0.477595
v 0.638065 -0.283978 -0.327108
v 0.638065 -0.283978 -0.153112
v 0.627206 -0.283978 -0.153112
v -0.574282 -0.283978 -0.327108
v 0.627206 -0.283978 0.345645
v -0.574281 -0.283978 0.518993
v 0.638065 -0.283978 0.518993
v 0.638065 -0.283978 0.345645
v 0.656442 -0.479115 0.095940
v 0.931725 -0.450705 0.095940
v 0.931725 -0.378870 0.257659
v 0.656442 -0.398963 0.275783
v 0.931725 -0.378870 -0.065126
v 0.656442 -0.398963 -0.083880
v -0.574282 -0.283978 -0.327108
v -0.574281 -0.283978 0.518993
v -0.625766 -0.247883 0.518993
v -0.752170 -0.159171 -0.327108
v -0.752170 -0.159171 0.518993
v 0.931725 -0.378870 -0.065126
v 1.003816 -0.398963 -0.083880
v 1.003816 -0.205448 -0.158283
v 0.931725 -0.205448 -0.131752
v 0.931725 -0.032026 -0.065126
v 1.003816 -0.089098 -0.113649
v 1.003816 -0.011932 -0.083880
v -0.574281 -0.283978 0.477595
v -0.730224 -0.116938 0.477595
v 0.482197 -0.116938 0.477595
v -0.752170 -0.159171 0.477595
v 0.638065 -0.283978 0.477595
v 0.660088 -0.241751 0.477595
v 0.931725 -0.378870 -0.065126
v 0.656442 -0.398963 -0.083880
v 0.656442 -0.299052 -0.122060
v 0.684714 -0.237429 -0.145985
v 0.931725 -0.205448 -0.131752
v 0.656442 -0.205448 -0.158283
v 0.931725 -0.032026 -0.065126
v 0.656442 -0.011932 -0.083880
v 0.656442 -0.214941 -0.154395
v -0.752170 -0.159171 -0.285714
v -0.730224 -0.116938 -0.285714
v -0.730224 -0.116938 0.477595
v -0.752170 -0.159171 0.477595
v 0.660088 -0.241751 0.361813
v 0.660088 -0.241751 0.518993
v 0.638065 -0.283978 0.518993
v 0.638065 -0.283978 0.345645
v 0.638065 -0.283978 -0.327108
v 0.660088 -0.241751 -0.327108
v 0.660088 -0.241751 -0.169931
v 0.638065 -0.283978 -0.153112
v -0.574282 -0.283978 -0.285714
v -0.752170 -0.159171 -0.285714
v -0.574281 -0.283978 0.477595
v -0.752170 -0.159171 0.477595
v 0.931725 -0.032026 0.257659
v 1.003816 -0.011932 0.275783
v 1.003816 0.068220 0.095940
v 0.931725 0.039808 0.095940
v 0.931725 -0.032026 -0.065126
v 1.003816 -0.011932 -0.083880
v -0.574282 -0.283978 -0.285714
v 0.638065 -0.283978 0.477595
v 0.638065 -0.283978 -0.285714
v -0.574281 -0.283978 0.477595
v 0.627206 -0.218714 -0.178322
v 0.482197 -0.116938 0.518993
v 0.627206 -0.218714 0.370875
v 0.482197 -0.116938 -0.327108
v 0.660088 -0.241751 -0.327108
v 0.660088 -0.241751 -0.169931
v 0.660088 -0.241751 0.518993
v 0.660088 -0.241751 0.361813
v 0.482197 -0.116938 0.518993
v 0.482197 -0.116938 -0.327108
v -0.730224 -0.116938 -0.327108
v -0.730224 -0.116938 0.518993
v 0.931725 -0.032026 -0.065126
v 0.656442 -0.011932 -0.083880
v 0.656442 0.068220 0.095940
v 0.931725 0.039808 0.095940
v 0.931725 -0.032026 0.257659
v 0.656442 -0.011932 0.275783
v 1.003816 -0.205448 0.350818
v 0.931725 -0.205448 0.324285
v 0.931725 -0.378870 0.257659
v 0.931725 -0.032026 0.257659
v 1.003816 -0.398963 0.275783
v 1.003816 -0.011932 0.275783
v -0.730224 -0.116938 -0.285714
v -0.752170 -0.159171 -0.285714
v -0.574282 -0.283978 -0.285714
v 0.482197 -0.116938 -0.285714
v 0.638065 -0.283978 -0.285714
v 0.660088 -0.241751 -0.285714
v 0.931725 -0.378870 0.257659
v 0.656442 -0.299052 0.314593
v 0.656442 -0.398963 0.275783
v 0.684714 -0.237429 0.338518
v 0.931725 -0.205448 0.324285
v 0.656442 -0.205448 0.350818
v 0.931725 -0.032026 0.257659
v 0.656442 -0.011932 0.275783
v 0.656442 -0.214941 0.346928
v 0.207959 0.195796 0.084945
v 0.211902 0.188759 0.081057
v 0.218973 0.188759 0.095940
v 0.213393 0.195796 0.095940
v 0.207959 0.195796 0.107590
v 0.211902 0.188759 0.110826
v 0.207959 0.195796 0.107590
v 0.211902 0.188759 0.110826
v 0.194867 0.188759 0.117282
v 0.194867 0.195796 0.112108
v 0.181770 0.195796 0.107590
v 0.177752 0.188759 0.110826
v 0.181770 0.195796 0.107590
v 0.170687 0.188759 0.095940
v 0.177752 0.188759 0.110826
v 0.176339 0.195796 0.095940
v 0.181770 0.195796 0.084945
v 0.177752 0.188759 0.081057
v 0.207959 0.195796 0.084945
v 0.194867 0.188759 0.075252
v 0.211902 0.188759 0.081057
v 0.194867 0.195796 0.079774
v 0.181770 0.195796 0.084945
v 0.177752 0.188759 0.081057
v 0.766629 0.081618 -0.343929
v 0.768340 0.087074 -0.322590
v 0.766706 0.091201 -0.322590
v 0.768340 0.078736 -0.341342
v 0.766629 0.058608 -0.352991
v 0.768340 0.058608 -0.349100
v 0.768340 0.038479 -0.341342
v 0.766629 0.035605 -0.343929
v 0.768340 0.030141 -0.322590
v 0.766706 0.026020 -0.322590
v 0.766557 0.034108 -0.323240
v 0.766480 0.041263 -0.338758
v 0.766480 0.058608 -0.345864
v 0.766480 0.075958 -0.338758
v 0.766557 0.083114 -0.323240
v 0.757924 0.081618 -0.343929
v 0.762313 0.082828 -0.345232
v 0.762313 0.092975 -0.321939
v 0.757924 0.091201 -0.322590
v 0.766629 0.081618 -0.343929
v 0.766706 0.091201 -0.322590
v 0.762313 0.042370 -0.338105
v 0.766557 0.034108 -0.323240
v 0.766480 0.041263 -0.338758
v 0.762313 0.035758 -0.323240
v 0.758076 0.034108 -0.323240
v 0.758076 0.041263 -0.338758
v 0.758076 0.075958 -0.338758
v 0.758076 0.058608 -0.345864
v 0.762313 0.074852 -0.338105
v 0.766480 0.075958 -0.338758
v 0.766480 0.058608 -0.345864
v 0.762313 0.058608 -0.343929
v 0.762313 0.042370 -0.338105
v 0.766480 0.041263 -0.338758
v 0.758076 0.041263 -0.338758
v 0.757924 0.081618 -0.343929
v 0.757924 0.091201 -0.322590
v 0.756212 0.087074 -0.322590
v 0.756212 0.078736 -0.341342
v 0.757924 0.058608 -0.352991
v 0.756212 0.038479 -0.341342
v 0.757924 0.035605 -0.343929
v 0.756212 0.058608 -0.349100
v 0.758076 0.075958 -0.338758
v 0.758076 0.058608 -0.345864
v 0.758076 0.041263 -0.338758
v 0.758076 0.034108 -0.323240
v 0.756212 0.030141 -0.322590
v 0.757924 0.026020 -0.322590
v 0.758076 0.083114 -0.323240
v 0.758076 0.083114 -0.323240
v 0.762313 0.074852 -0.338105
v 0.758076 0.075958 -0.338758
v 0.762313 0.081457 -0.323240
v 0.766557 0.083114 -0.323240
v 0.766480 0.075958 -0.338758
v 0.766629 0.035605 -0.343929
v 0.762313 0.024240 -0.321939
v 0.766706 0.026020 -0.322590
v 0.762313 0.034387 -0.345232
v 0.757924 0.035605 -0.343929
v 0.757924 0.026020 -0.322590
v 0.757924 0.081618 -0.343929
v 0.762313 0.058608 -0.354924
v 0.762313 0.082828 -0.345232
v 0.757924 0.058608 -0.352991
v 0.757924 0.035605 -0.343929
v 0.762313 0.034387 -0.345232
v 0.766629 0.035605 -0.343929
v 0.766629 0.058608 -0.352991
v 0.766629 0.081618 -0.343929
v 0.292480 0.089400 0.160634
v 0.292480 0.089400 0.031249
v 0.321645 0.033713 0.011845
v 0.321645 0.033713 0.180040
v 0.068834 0.033713 0.011845
v 0.097999 0.089400 0.031249
v 0.068834 0.033713 0.180040
v 0.097999 0.089400 0.160634
v 0.321645 0.033713 0.011845
v 0.292480 0.089400 0.031249
v 0.097999 0.089400 0.031249
v 0.068834 0.033713 0.011845
v 0.087062 0.037959 0.168390
v 0.026051 0.143229 -0.016603
v 0.087062 0.037959 0.023490
v 0.026051 0.143229 0.209157
v 0.304530 0.037959 0.023490
v 0.365463 0.143229 -0.016603
v 0.365463 0.143229 0.209157
v 0.304530 0.037959 0.168390
v 0.365463 0.143229 0.209157
v 0.026051 0.143229 0.209157
v 0.087062 0.037959 0.168390
v 0.304530 0.037959 0.168390
v 0.207959 0.095796 0.084945
v 0.194867 0.095796 0.079774
v 0.213393 0.095796 0.095940
v 0.207959 0.095796 0.107590
v 0.194867 0.095796 0.112109
v 0.181770 0.095796 0.107590
v 0.176339 0.095796 0.095940
v 0.181770 0.095796 0.084945
v 0.292480 0.089400 0.031249
v 0.097999 0.089400 0.160634
v 0.097999 0.089400 0.031249
v 0.292480 0.089400 0.160634
v 0.365463 0.143229 -0.016603
v 0.087062 0.037959 0.023490
v 0.026051 0.143229 -0.016603
v 0.304530 0.037959 0.023490
v 0.191442 0.207591 -0.005007
v 0.191222 0.207591 -0.000488
v 0.156700 0.487945 -0.000488
v 0.191442 0.207591 0.004053
v 0.158632 0.487945 0.048037
v 0.191665 0.207591 0.008574
v 0.161834 0.487945 0.094604
v 0.192335 0.207591 0.011812
v 0.168307 0.487945 0.131482
v 0.175747 0.487945 0.163818
v 0.193004 0.207591 0.015680
v 0.185121 0.487945 0.179354
v 0.198513 0.617896 0.077135
v 0.198513 0.593613 0.086847
v 0.198513 0.600190 0.096539
v 0.198513 0.627167 0.086195
v 0.198513 0.638345 0.060967
v 0.198513 0.627953 0.054492
v 0.198513 0.638345 -0.061289
v 0.198513 0.627953 -0.055465
v 0.198513 0.617896 -0.078108
v 0.198513 0.627167 -0.086517
v 0.198513 0.600190 -0.096863
v 0.198513 0.593613 -0.087171
v 0.198513 0.468673 -0.096863
v 0.198513 0.475251 -0.087171
v 0.198513 0.450967 -0.078108
v 0.198513 0.430520 -0.061289
v 0.198513 0.440910 -0.055465
v 0.198513 0.441696 -0.086517
v 0.198513 0.430520 0.060967
v 0.198513 0.440910 0.054492
v 0.198513 0.450967 0.077135
v 0.198513 0.468673 0.096539
v 0.198513 0.475251 0.086847
v 0.198513 0.441696 0.086195
v 0.198513 0.534432 0.046081
v 0.198513 0.499165 0.032501
v 0.198513 0.490890 0.040278
v 0.198513 0.534432 0.057078
v 0.198513 0.577973 0.040278
v 0.198513 0.569705 0.032501
v 0.198513 0.584314 -0.000488
v 0.198513 0.596014 -0.000488
v 0.198513 0.577973 -0.040581
v 0.198513 0.569705 -0.032823
v 0.198513 0.534432 -0.046405
v 0.198513 0.490890 -0.040581
v 0.198513 0.499165 -0.032823
v 0.198513 0.534432 -0.057400
v 0.198513 0.484557 -0.000488
v 0.198513 0.472857 -0.000488
v 0.198513 0.528989 0.004685
v 0.198513 0.534432 0.006639
v 0.198513 0.539874 0.004685
v 0.198513 0.526734 -0.000488
v 0.198513 0.539874 -0.005007
v 0.198513 0.528989 -0.005007
v 0.198513 0.534432 -0.007594
v 0.198513 0.542129 -0.000488
v 0.198513 0.542512 0.051273
v 0.198513 0.526352 0.051273
v 0.198513 0.542512 0.081024
v 0.198513 0.526352 0.081024
v 0.198513 0.542512 -0.081348
v 0.198513 0.526352 -0.081348
v 0.198513 0.542512 -0.051597
v 0.198513 0.526352 -0.051597
v 0.198513 0.479205 0.007271
v 0.198513 0.479205 -0.007594
v 0.198513 0.447229 0.007271
v 0.198513 0.447229 -0.007594
v 0.198513 0.621640 0.007271
v 0.198513 0.621640 -0.007594
v 0.198513 0.589666 0.007271
v 0.198513 0.589666 -0.007594
v 0.198513 0.621640 0.007271
v 0.192040 0.621640 -0.007594
v 0.198513 0.621640 -0.007594
v 0.192040 0.621640 0.007271
v 0.192040 0.542512 -0.081348
v 0.198513 0.542512 -0.081348
v 0.198513 0.542512 -0.051597
v 0.192040 0.542512 -0.051597
v 0.192040 0.542512 0.051273
v 0.198513 0.542512 0.051273
v 0.198513 0.542512 0.081024
v 0.192040 0.542512 0.081024
v 0.198513 0.627167 0.086195
v 0.198513 0.638345 0.060967
v 0.192040 0.627167 0.086195
v 0.192040 0.638345 0.060967
v 0.192040 0.638345 -0.061289
v 0.198513 0.638345 -0.061289
v 0.198513 0.627167 -0.086517
v 0.192040 0.627167 -0.086517
v 0.192040 0.577973 0.040278
v 0.192040 0.596014 -0.000488
v 0.198513 0.596014 -0.000488
v 0.198513 0.577973 0.040278
v 0.198513 0.577973 -0.040581
v 0.192040 0.577973 -0.040581
v 0.192040 0.539874 0.004685
v 0.192040 0.542129 -0.000488
v 0.198513 0.542129 -0.000488
v 0.198513 0.539874 0.004685
v 0.198513 0.539874 -0.005007
v 0.192040 0.539874 -0.005007
v 0.192040 0.450967 0.077135
v 0.192040 0.440910 0.054492
v 0.198513 0.450967 0.077135
v 0.198513 0.440910 0.054492
v 0.192040 0.440910 -0.055465
v 0.198513 0.440910 -0.055465
v 0.192040 0.450967 -0.078108
v 0.198513 0.450967 -0.078108
v 0.192040 0.542512 0.081024
v 0.198513 0.526352 0.081024
v 0.192040 0.526352 0.081024
v 0.198513 0.542512 0.081024
v 0.192040 0.600190 0.096539
v 0.198513 0.468673 0.096539
v 0.192040 0.468673 0.096539
v 0.198513 0.600190 0.096539
v 0.198513 0.627167 0.086195
v 0.192040 0.627167 0.086195
v 0.192040 0.441696 0.086195
v 0.198513 0.441696 0.086195
v 0.192040 0.577973 0.040278
v 0.192040 0.534432 0.057078
v 0.198513 0.577973 0.040278
v 0.198513 0.534432 0.057078
v 0.192040 0.490890 0.040278
v 0.198513 0.490890 0.040278
v 0.192040 0.539874 0.004685
v 0.192040 0.534432 0.006639
v 0.198513 0.539874 0.004685
v 0.198513 0.534432 0.006639
v 0.192040 0.528989 0.004685
v 0.198513 0.528989 0.004685
v 0.198513 0.534432 -0.046405
v 0.192040 0.534432 -0.046405
v 0.192040 0.569705 -0.032823
v 0.198513 0.569705 -0.032823
v 0.198513 0.499165 -0.032823
v 0.192040 0.499165 -0.032823
v 0.192040 0.621640 0.007271
v 0.198513 0.589666 0.007271
v 0.192040 0.589666 0.007271
v 0.198513 0.621640 0.007271
v 0.192040 0.479205 0.007271
v 0.198513 0.447229 0.007271
v 0.192040 0.447229 0.007271
v 0.198513 0.479205 0.007271
v 0.198513 0.617896 -0.078108
v 0.192040 0.617896 -0.078108
v 0.198513 0.593613 -0.087171
v 0.192040 0.593613 -0.087171
v 0.198513 0.475251 -0.087171
v 0.192040 0.475251 -0.087171
v 0.198513 0.450967 -0.078108
v 0.192040 0.450967 -0.078108
v 0.192040 0.468673 0.096539
v 0.192040 0.593613 0.086847
v 0.192040 0.600190 0.096539
v 0.192040 0.475251 0.086847
v 0.192040 0.450967 0.077135
v 0.192040 0.441696 0.086195
v 0.192040 0.430520 0.060967
v 0.192040 0.440910 0.054492
v 0.192040 0.430520 -0.061289
v 0.192040 0.440910 -0.055465
v 0.192040 0.450967 -0.078108
v 0.192040 0.441696 -0.086517
v 0.192040 0.468673 -0.096863
v 0.192040 0.475251 -0.087171
v 0.192040 0.600190 -0.096863
v 0.192040 0.627167 -0.086517
v 0.192040 0.617896 -0.078108
v 0.192040 0.593613 -0.087171
v 0.192040 0.638345 -0.061289
v 0.192040 0.627953 -0.055465
v 0.192040 0.638345 0.060967
v 0.192040 0.627953 0.054492
v 0.192040 0.617896 0.077135
v 0.192040 0.627167 0.086195
v 0.192040 0.490890 -0.040581
v 0.192040 0.484557 -0.000488
v 0.192040 0.472857 -0.000488
v 0.192040 0.499165 -0.032823
v 0.192040 0.534432 -0.046405
v 0.192040 0.534432 -0.057400
v 0.192040 0.577973 -0.040581
v 0.192040 0.569705 -0.032823
v 0.192040 0.584314 -0.000488
v 0.192040 0.596014 -0.000488
v 0.192040 0.577973 0.040278
v 0.192040 0.534432 0.057078
v 0.192040 0.534432 0.046081
v 0.192040 0.569705 0.032501
v 0.192040 0.490890 0.040278
v 0.192040 0.499165 0.032501
v 0.192040 0.528989 0.004685
v 0.192040 0.539874 0.004685
v 0.192040 0.534432 0.006639
v 0.192040 0.526734 -0.000488
v 0.192040 0.539874 -0.005007
v 0.192040 0.528989 -0.005007
v 0.192040 0.534432 -0.007594
v 0.192040 0.542129 -0.000488
v 0.192040 0.526352 -0.081348
v 0.192040 0.542512 -0.081348
v 0.192040 0.526352 -0.051597
v 0.192040 0.542512 -0.051597
v 0.192040 0.526352 0.051273
v 0.192040 0.542512 0.051273
v 0.192040 0.526352 0.081024
v 0.192040 0.542512 0.081024
v 0.192040 0.589666 0.007271
v 0.192040 0.589666 -0.007594
v 0.192040 0.621640 0.007271
v 0.192040 0.621640 -0.007594
v 0.192040 0.447229 0.007271
v 0.192040 0.447229 -0.007594
v 0.192040 0.479205 0.007271
v 0.192040 0.479205 -0.007594
v 0.192040 0.447229 0.007271
v 0.198513 0.447229 -0.007594
v 0.192040 0.447229 -0.007594
v 0.198513 0.447229 0.007271
v 0.192040 0.441696 0.086195
v 0.192040 0.430520 0.060967
v 0.198513 0.441696 0.086195
v 0.198513 0.430520 0.060967
v 0.198513 0.430520 -0.061289
v 0.192040 0.430520 -0.061289
v 0.192040 0.441696 -0.086517
v 0.198513 0.441696 -0.086517
v 0.192040 0.490890 0.040278
v 0.192040 0.472857 -0.000488
v 0.198513 0.490890 0.040278
v 0.198513 0.472857 -0.000488
v 0.198513 0.490890 -0.040581
v 0.192040 0.490890 -0.040581
v 0.192040 0.528989 0.004685
v 0.192040 0.526734 -0.000488
v 0.198513 0.528989 0.004685
v 0.198513 0.526734 -0.000488
v 0.192040 0.528989 -0.005007
v 0.198513 0.528989 -0.005007
v 0.192040 0.569705 -0.032823
v 0.198513 0.569705 -0.032823
v 0.192040 0.584314 -0.000488
v 0.198513 0.584314 -0.000488
v 0.192040 0.569705 0.032501
v 0.198513 0.569705 0.032501
v 0.198513 0.617896 0.077135
v 0.192040 0.617896 0.077135
v 0.198513 0.627953 0.054492
v 0.192040 0.627953 0.054492
v 0.198513 0.627953 -0.055465
v 0.192040 0.627953 -0.055465
v 0.198513 0.617896 -0.078108
v 0.192040 0.617896 -0.078108
v 0.192040 0.526352 0.081024
v 0.198513 0.526352 0.051273
v 0.192040 0.526352 0.051273
v 0.198513 0.526352 0.081024
v 0.192040 0.526352 -0.051597
v 0.198513 0.526352 -0.081348
v 0.192040 0.526352 -0.081348
v 0.198513 0.526352 -0.051597
v 0.198513 0.542512 -0.081348
v 0.192040 0.542512 -0.081348
v 0.192040 0.526352 -0.081348
v 0.198513 0.526352 -0.081348
v 0.192040 0.441696 -0.086517
v 0.192040 0.468673 -0.096863
v 0.198513 0.441696 -0.086517
v 0.198513 0.468673 -0.096863
v 0.198513 0.600190 -0.096863
v 0.198513 0.627167 -0.086517
v 0.192040 0.627167 -0.086517
v 0.192040 0.600190 -0.096863
v 0.198513 0.577973 -0.040581
v 0.192040 0.577973 -0.040581
v 0.198513 0.534432 -0.057400
v 0.192040 0.534432 -0.057400
v 0.198513 0.490890 -0.040581
v 0.192040 0.490890 -0.040581
v 0.198513 0.539874 -0.005007
v 0.192040 0.539874 -0.005007
v 0.198513 0.534432 -0.007594
v 0.192040 0.534432 -0.007594
v 0.198513 0.528989 -0.005007
v 0.192040 0.528989 -0.005007
v 0.192040 0.569705 0.032501
v 0.198513 0.569705 0.032501
v 0.192040 0.534432 0.046081
v 0.198513 0.534432 0.046081
v 0.192040 0.499165 0.032501
v 0.198513 0.499165 0.032501
v 0.192040 0.447229 -0.007594
v 0.198513 0.479205 -0.007594
v 0.192040 0.479205 -0.007594
v 0.198513 0.447229 -0.007594
v 0.192040 0.589666 -0.007594
v 0.198513 0.621640 -0.007594
v 0.192040 0.621640 -0.007594
v 0.198513 0.589666 -0.007594
v 0.198513 0.617896 0.077135
v 0.192040 0.617896 0.077135
v 0.192040 0.593613 0.086847
v 0.198513 0.593613 0.086847
v 0.192040 0.475251 0.086847
v 0.198513 0.475251 0.086847
v 0.192040 0.450967 0.077135
v 0.198513 0.450967 0.077135
v 0.193004 0.207591 -0.016004
v 0.175747 0.487945 -0.164140
v 0.185121 0.487945 -0.180308
v 0.193975 0.207591 -0.017307
v 0.194867 0.487945 -0.189368
v 0.194867 0.207591 -0.018589
v 0.195757 0.207591 -0.017307
v 0.192335 0.207591 -0.012766
v 0.168307 0.487945 -0.131806
v 0.161834 0.487945 -0.094930
v 0.191665 0.207591 -0.009548
v 0.158632 0.487945 -0.048359
v 0.191442 0.207591 -0.005007
v 0.156700 0.487945 -0.000488
v 0.191222 0.207591 -0.000488
v 0.191442 0.207591 0.004053
v 0.196650 0.207591 0.015680
v 0.213914 0.487945 0.163818
v 0.204539 0.487945 0.179354
v 0.197320 0.207591 0.011812
v 0.221354 0.487945 0.131482
v 0.227898 0.487945 0.094604
v 0.197992 0.207591 0.008574
v 0.231100 0.487945 0.048037
v 0.194867 0.487945 -0.189368
v 0.204539 0.487945 -0.180308
v 0.195757 0.207591 -0.017307
v 0.193975 0.207591 -0.017307
v 0.185121 0.487945 -0.180308
v 0.196650 0.207591 -0.016004
v 0.213914 0.487945 -0.164140
v 0.213914 0.487945 -0.164140
v 0.221354 0.487945 -0.131806
v 0.197320 0.207591 -0.012766
v 0.196650 0.207591 -0.016004
v 0.227898 0.487945 -0.094930
v 0.193975 0.207591 0.016331
v 0.194867 0.207591 0.017636
v 0.194867 0.487945 0.189046
v 0.195757 0.207591 0.016331
v 0.204539 0.487945 0.179354
v 0.196650 0.207591 0.015680
v 0.198212 0.207591 0.004053
v 0.198513 0.207591 -0.000488
v 0.233035 0.487945 -0.000488
v 0.198212 0.207591 -0.005007
v 0.231100 0.487945 -0.048359
v 0.197992 0.207591 -0.009548
v 0.227898 0.487945 -0.094930
v 0.231100 0.487945 -0.048359
v 0.198212 0.207591 -0.005007
v 0.197320 0.207591 -0.012766
v 0.194867 0.487945 0.189046
v 0.185121 0.487945 0.179354
v 0.193975 0.207591 0.016331
v 0.193004 0.207591 0.015680
v 0.233035 0.487945 -0.000488
v 0.231100 0.487945 0.048037
v 0.198212 0.207591 0.004053
v 0.197992 0.207591 0.008574
v 0.161834 0.487945 0.094604
v 0.191665 0.207591 0.008574
v 0.192335 0.207591 0.011812
v 0.175747 0.487945 -0.164140
v 0.193004 0.207591 -0.016004
v 0.192335 0.207591 -0.012766
v 0.198513 0.499165 -0.032823
v 0.198513 0.484557 -0.000488
v 0.192040 0.499165 -0.032823
v 0.192040 0.484557 -0.000488
v 0.198513 0.499165 0.032501
v 0.192040 0.499165 0.032501
vn -0.0000 1.0000 -0.0000
vn 1.0000 -0.0000 -0.0000
vn 0.5425 -0.5719 0.6153
vn 0.2807 -0.6535 0.7030
vn 0.5424 -0.5719 0.6154
vn 0.2807 -0.6535 -0.7030
vn 0.5425 -0.5719 -0.6153
vn 0.2807 -0.6534 -0.7030
vn 0.5424 -0.5719 -0.6154
vn 0.2807 0.6535 0.7030
vn 0.5424 0.5719 0.6154
vn 0.5425 0.5719 0.6153
vn 0.2807 0.6535 -0.7030
vn 0.5424 0.5719 -0.6154
vn 0.5425 0.5719 -0.6153
vn 0.5372 0.5743 -0.6178
vn 0.5372 0.5743 0.6178
vn 0.5372 0.5742 -0.6178
vn 0.5372 0.5742 0.6178
vn 0.9676 0.2524 -0.0000
vn 0.9676 0.2525 0.0030
vn 0.5165 -0.8563 -0.0000
vn 0.2803 0.6535 0.7031
vn 0.0006 0.6805 0.7327
vn 0.2803 0.6535 -0.7031
vn -0.0000 0.6809 -0.7324
vn 0.1768 0.9842 -0.0000
vn 0.4173 0.9088 -0.0000
vn -0.2796 0.9047 -0.3216
vn 0.5373 0.5742 -0.6178
vn 0.0003 1.0000 -0.0000
vn 0.5371 0.5743 0.6178
vn -0.2796 0.9047 0.3215
vn -0.5372 0.5742 -0.6178
vn -0.5372 0.5742 0.6178
vn 0.9677 0.2521 -0.0033
vn 0.3044 0.9525 -0.0000
vn 0.9677 0.2522 -0.0000
vn -0.5256 0.8507 -0.0000
vn -0.5257 0.8507 -0.0022
vn 0.0006 0.6808 0.7324
vn -0.0000 -0.0000 1.0000
vn 0.1646 -0.0000 0.9864
vn 0.1647 -0.0000 0.9863
vn 0.3927 -0.0000 0.9197
vn 0.3929 -0.0000 0.9196
vn -0.0000 0.0073 1.0000
vn -0.0000 0.0074 1.0000
vn -0.0000 0.0072 1.0000
vn 0.5372 0.5743 0.6177
vn -0.2797 0.9046 0.3218
vn 0.5373 0.5743 0.6177
vn -0.5373 0.5742 0.6177
vn -0.0000 0.3314 0.9435
vn -0.0000 0.3315 0.9434
vn -1.0000 -0.0000 -0.0000
vn -0.6869 -0.4948 0.5323
vn -0.6868 -0.4948 0.5324
vn -0.6869 -0.4947 -0.5324
vn -0.6869 -0.4948 -0.5323
vn -0.6869 -0.4947 -0.5323
vn -0.7036 -0.7106 -0.0000
vn -0.6869 0.4948 0.5323
vn -0.6869 0.4949 0.5322
vn -0.6868 0.4948 -0.5324
vn -0.6869 0.4948 -0.5323
vn -0.6869 0.4947 -0.5324
vn -0.6869 0.4949 -0.5322
vn -0.6768 -0.0000 0.7361
vn -0.6769 -0.0000 0.7361
vn -0.6768 -0.0000 0.7362
vn -0.6768 -0.0000 -0.7361
vn -0.6769 -0.0000 -0.7361
vn -0.7033 0.7109 -0.0000
vn -0.7036 0.7106 -0.0000
vn -0.2798 0.9047 0.3214
vn -0.2798 0.9045 -0.3218
vn -0.5372 0.5743 0.6178
vn -0.5255 0.8508 -0.0000
vn -0.9957 -0.0922 -0.0000
vn -0.9096 0.4155 -0.0000
vn -0.9681 -0.2505 -0.0000
vn -0.9096 0.4156 -0.0000
vn 0.0006 -0.6805 0.7327
vn 0.2803 -0.6535 0.7032
vn 0.0001 -0.6807 0.7326
vn 0.2803 -0.6535 0.7031
vn 0.2803 -0.6535 -0.7031
vn -0.0000 -0.6809 -0.7324
vn -0.0000 -0.6808 -0.7325
vn 0.0003 -1.0000 -0.0000
vn 0.1770 -0.9842 -0.0000
vn -0.0002 -1.0000 -0.0000
vn 0.1767 -0.9843 -0.0000
vn 0.4173 -0.9088 -0.0000
vn 0.5166 -0.8562 0.0004
vn -0.3202 -0.9474 -0.0000
vn 0.5166 -0.8562 -0.0000
vn -0.3202 -0.9473 -0.0000
vn -0.6203 -0.7844 -0.0000
vn -0.6204 -0.7843 -0.0000
vn -0.9682 -0.2503 -0.0000
vn -0.9958 -0.0920 -0.0000
vn -0.0000 -1.0000 -0.0000
vn 0.0006 0.6808 -0.7324
vn -0.0000 0.0074 -1.0000
vn -0.0000 0.0073 -1.0000
vn -0.0000 0.0072 -1.0000
vn 0.1646 -0.0000 -0.9864
vn -0.0000 -0.0000 -1.0000
vn 0.3926 -0.0000 -0.9197
vn 0.3927 -0.0000 -0.9197
vn 0.5371 0.5744 -0.6177
vn -0.2796 0.9046 -0.3218
vn 0.5373 0.5742 -0.6177
vn -0.5372 0.5743 -0.6177
vn 0.5484 0.3007 0.7802
vn 0.5485 0.3010 -0.7801
vn 0.7073 -0.3742 0.5997
vn 0.7073 -0.3742 -0.5997
vn 0.7073 0.3742 -0.5997
vn 0.5749 -0.0000 -0.8182
vn 0.6070 0.2891 -0.7403
vn 0.6069 0.2893 0.7402
vn 0.7073 0.3743 0.5997
vn 0.5749 -0.0000 0.8182
vn 0.7190 0.6950 -0.0000
vn 0.7190 0.6950 0.0001
vn 0.3810 -0.7513 -0.5389
vn 0.6030 -0.7978 0.0001
vn 0.5884 -0.5506 -0.5922
vn 0.3809 -0.7513 0.5389
vn 0.5885 -0.5503 0.5924
vn 0.1170 0.9706 -0.2104
vn 0.6029 0.7978 -0.0000
vn 0.1170 0.9705 0.2106
vn 0.8678 -0.4970 -0.0000
vn 0.7460 0.6659 -0.0000
vn -0.6759 0.6983 0.2357
vn -0.6820 0.6724 -0.2875
vn -0.6759 0.6983 -0.2357
vn -0.6820 0.6724 0.2875
vn -0.4389 0.8986 -0.0000
vn -0.4388 0.8986 -0.0000
vn 0.4756 0.8105 -0.3419
vn 0.4758 0.8103 0.3420
vn 0.4703 0.8298 0.3004
vn 0.4703 0.8298 -0.3004
vn 0.4647 0.3288 0.8222
vn 0.4703 0.3658 0.8031
vn 0.4647 0.3288 -0.8222
vn 0.4703 0.3658 -0.8031
vn -0.6665 0.7455 -0.0000
vn -0.0000 0.7397 -0.6730
vn -0.0000 0.7398 -0.6729
vn -0.0000 0.7397 0.6729
vn -0.0000 0.7398 0.6728
vn 0.1698 0.9855 -0.0000
vn 0.1696 0.9855 -0.0000
vn 0.1697 0.9855 -0.0000
vn 0.1695 0.9855 -0.0000
vn 0.7076 0.3743 -0.5994
vn -0.0001 0.1469 -0.9891
vn 0.7073 0.3743 0.5996
vn -0.0001 0.1469 0.9891
vn -0.1248 0.9922 -0.0000
vn -0.1247 0.9922 -0.0000
vn -0.1250 0.9922 -0.0000
vn -0.1249 0.9922 -0.0000
vn -0.1251 0.9921 -0.0000
vn -0.3110 0.9504 -0.0000
vn -0.2857 0.6564 0.6982
vn -0.5943 0.8042 -0.0000
vn -0.3091 0.8888 0.3383
vn -0.0881 0.9735 0.2113
vn 0.1170 0.9706 0.2105
vn 0.1170 0.9706 -0.2105
vn -0.0880 0.9735 -0.2112
vn -0.3092 0.8888 -0.3383
vn -0.2856 0.6565 -0.6982
vn -0.0000 0.6808 0.7324
vn 0.6032 0.7976 -0.0000
vn 0.6207 0.7841 -0.0000
vn 0.6203 0.7844 -0.0000
vn 0.6334 0.7738 -0.0000
vn 0.3427 0.9395 -0.0000
vn 0.3426 0.9395 -0.0000
vn -0.6010 -0.0000 0.7993
vn -0.6571 -0.2418 0.7139
vn -0.6620 -0.2831 0.6939
vn -0.6008 -0.0000 0.7994
vn 0.4647 0.3285 0.8223
vn 0.4010 -0.0000 0.9161
vn 0.4016 -0.0000 0.9158
vn 0.4702 0.3656 0.8033
vn 0.4816 -0.7921 0.3751
vn 0.4550 -0.2890 0.8423
vn 0.4881 -0.7668 0.4169
vn 0.4478 -0.2508 0.8582
vn 0.4013 -0.0000 0.9159
vn 0.4020 -0.0000 0.9156
vn 0.4024 -0.0000 0.9155
vn 0.4018 -0.0000 0.9157
vn -0.0000 -0.5956 0.8033
vn -0.0000 -0.5957 0.8032
vn -0.0000 -0.5959 0.8031
vn -0.0000 -0.6726 0.7400
vn -0.0000 -0.6725 0.7401
vn -0.0000 -0.6727 0.7399
vn -0.0000 -0.6724 0.7402
vn 0.2473 -0.5517 0.7966
vn 0.3780 -0.1722 0.9096
vn -0.0000 0.3627 0.9319
vn 0.5749 -0.0000 0.8183
vn -0.0000 0.0001 1.0000
vn -0.0000 0.3628 0.9319
vn -0.0000 -0.3628 0.9319
vn -0.0000 0.1471 0.9891
vn 0.7075 0.3741 0.5996
vn 0.6070 0.2893 0.7401
vn 0.7074 -0.3742 0.5997
vn 0.5485 0.3008 0.7801
vn -0.0000 -0.6806 0.7326
vn 0.5886 -0.5505 0.5920
vn 0.3807 -0.7514 0.5389
vn -0.0000 -0.6807 0.7326
vn -0.0000 -0.3629 0.9318
vn -0.2855 0.6565 0.6982
vn 0.0006 0.6807 0.7326
vn -0.3093 0.8887 0.3384
vn -0.6799 -0.6785 -0.2782
vn -0.6621 -0.2833 -0.6938
vn -0.6785 -0.6608 -0.3210
vn -0.6572 -0.2422 -0.7137
vn -0.6621 -0.2832 0.6938
vn -0.6800 -0.6784 0.2782
vn -0.6785 -0.6608 0.3210
vn -0.6572 -0.2421 0.7138
vn -0.6821 0.6723 -0.2878
vn -0.6809 0.5438 -0.4905
vn -0.6809 0.5439 -0.4905
vn -0.6759 0.6981 -0.2360
vn -0.6809 0.5438 0.4905
vn -0.6821 0.6723 0.2879
vn -0.6759 0.6982 0.2360
vn -0.7035 -0.7107 -0.0000
vn -0.7032 -0.7110 -0.0000
vn -0.6832 -0.7303 -0.0000
vn -0.8433 0.5375 -0.0000
vn -0.8432 0.5375 -0.0000
vn -0.6750 -0.7378 -0.0000
vn -0.6751 -0.7378 0.0001
vn -0.6800 -0.6785 -0.2780
vn -0.6786 -0.6608 0.3207
vn -0.6799 -0.6785 0.2780
vn -0.6785 -0.6609 -0.3207
vn 0.4881 -0.7668 0.4168
vn 0.4816 -0.7922 -0.3749
vn 0.4816 -0.7922 0.3749
vn 0.4881 -0.7668 -0.4168
vn -0.7033 -0.7109 -0.0000
vn -0.2657 -0.9641 -0.0000
vn -0.5942 -0.8043 -0.0000
vn -0.5943 -0.8042 -0.0000
vn 0.5894 -0.8078 -0.0000
vn 0.3780 -0.1723 0.9096
vn 0.2474 -0.5516 0.7966
vn 0.7076 -0.3743 0.5994
vn 0.2474 -0.5516 0.7965
vn 0.7073 -0.3743 -0.5996
vn 0.2471 -0.5516 -0.7966
vn 0.3780 -0.1724 -0.9096
vn 0.2473 -0.5517 -0.7966
vn 0.0664 -0.9978 -0.0000
vn -0.5578 -0.8300 -0.0000
vn -0.5577 -0.8301 -0.0000
vn -0.5577 -0.8300 -0.0000
vn -0.6751 -0.7377 -0.0000
vn 0.3809 -0.7513 -0.5390
vn -0.2955 -0.9554 -0.0000
vn 0.3809 -0.7513 0.5390
vn -0.0000 -0.6807 -0.7325
vn -0.5630 -0.8264 -0.0000
vn -0.0000 -0.6807 0.7325
vn 0.6032 -0.7976 -0.0000
vn 0.5885 -0.5503 -0.5923
vn 0.5887 -0.5502 0.5922
vn -0.0000 -0.6808 0.7324
vn -0.2135 -0.9769 -0.0000
vn -0.2138 -0.9769 -0.0000
vn -0.2136 -0.9769 -0.0000
vn -0.2137 -0.9769 -0.0000
vn 0.6374 -0.7705 -0.0000
vn 0.6374 -0.7706 -0.0000
vn 0.4933 -0.8698 -0.0000
vn -0.6621 -0.2828 -0.6940
vn -0.6571 -0.2418 -0.7139
vn -0.6010 -0.0000 -0.7993
vn -0.6009 -0.0000 -0.7993
vn -0.6008 -0.0000 -0.7994
vn -0.6010 -0.0000 -0.7992
vn 0.4646 0.3285 -0.8223
vn 0.4009 -0.0000 -0.9161
vn 0.4703 0.3655 -0.8033
vn 0.4015 -0.0000 -0.9159
vn 0.4817 -0.7921 -0.3750
vn 0.4550 -0.2890 -0.8423
vn 0.4477 -0.2506 -0.8583
vn 0.4881 -0.7668 -0.4169
vn 0.4018 -0.0000 -0.9157
vn 0.4024 -0.0000 -0.9155
vn 0.4020 -0.0000 -0.9156
vn -0.0000 -0.5958 -0.8031
vn -0.0000 -0.5957 -0.8032
vn -0.0000 -0.6726 -0.7400
vn -0.0000 -0.6725 -0.7401
vn -0.0000 -0.6727 -0.7400
vn -0.0000 -0.6723 -0.7403
vn -0.0000 0.3628 -0.9319
vn 0.7075 -0.3740 -0.5996
vn 0.5484 0.3001 -0.7805
vn 0.2474 -0.5516 -0.7966
vn 0.3780 -0.1721 -0.9097
vn 0.0002 0.3628 -0.9319
vn -0.0000 0.1469 -0.9891
vn -0.0000 -0.3627 -0.9319
vn 0.7075 0.3742 -0.5996
vn 0.6070 0.2893 -0.7402
vn 0.5886 -0.5504 -0.5921
vn -0.0000 -0.6807 -0.7326
vn 0.3809 -0.7514 -0.5389
vn 0.0009 -0.6807 -0.7326
vn -0.0000 -0.3628 -0.9319
vn -0.2856 0.6564 -0.6982
vn -0.0000 0.6807 -0.7326
vn -0.0000 0.3627 -0.9319
vn 0.8854 -0.4648 -0.0000
vn 0.8854 -0.4649 -0.0000
vn 0.3648 0.9311 -0.0000
vn 0.3520 0.6373 -0.6855
vn 0.3649 0.9311 -0.0000
vn 0.3520 0.6373 0.6855
vn 0.5719 0.8203 -0.0000
vn 0.5717 0.8204 -0.0000
vn -0.0998 0.6776 0.7287
vn -0.1032 0.9947 -0.0000
vn -0.1033 0.9946 -0.0000
vn -0.0943 0.6779 -0.7290
vn -0.0998 0.6775 -0.7287
vn -0.0947 0.6780 0.7289
vn 0.5718 0.8204 -0.0000
vn 0.3519 0.6371 0.6858
vn 0.3422 -0.0000 0.9396
vn 0.3520 0.6371 0.6858
vn 0.3423 -0.0000 0.9396
vn 0.3241 -0.3389 0.8832
vn 0.3519 -0.6371 0.6858
vn 0.3520 -0.6370 0.6858
vn -0.0998 0.6772 0.7290
vn -0.0899 0.3549 0.9306
vn -0.0997 0.6772 0.7290
vn -0.0899 0.3548 0.9306
vn -0.0962 -0.0000 0.9954
vn -0.0960 -0.0000 0.9954
vn -0.0998 -0.6772 0.7290
vn -0.0897 0.3548 0.9306
vn -0.8854 0.4649 -0.0000
vn -0.8854 0.4648 -0.0000
vn -0.5718 -0.8204 -0.0000
vn -0.5719 -0.8203 -0.0000
vn 0.3519 -0.6373 -0.6855
vn 0.3648 -0.9311 -0.0000
vn 0.3520 -0.6373 -0.6855
vn 0.3520 -0.6373 0.6855
vn 0.3519 -0.6373 0.6856
vn -0.5719 -0.8204 -0.0000
vn -0.0947 -0.6780 0.7289
vn -0.1032 -0.9947 -0.0000
vn -0.0996 -0.6775 0.7287
vn -0.1033 -0.9946 -0.0000
vn -0.0997 -0.6775 -0.7288
vn -0.0938 -0.6781 -0.7290
vn 0.3520 -0.6372 -0.6857
vn 0.3423 -0.0000 -0.9396
vn 0.3519 0.6372 -0.6857
vn 0.3520 0.6370 -0.6858
vn 0.3519 -0.6372 -0.6857
vn -0.0899 0.3547 -0.9306
vn -0.0998 0.6772 -0.7290
vn -0.0899 0.3548 -0.9306
vn -0.0995 0.6772 -0.7290
vn -0.0962 -0.0000 -0.9954
vn -0.0961 -0.0000 -0.9954
vn -0.0998 -0.6772 -0.7290
vn -0.0897 0.3549 -0.9306
vn 0.3460 0.8497 -0.3979
vn 0.7822 0.6230 -0.0000
vn 0.5274 0.5951 -0.6064
vn 0.5022 0.8648 -0.0000
vn 0.3460 0.8497 0.3979
vn 0.5274 0.5950 0.6064
vn 0.5273 0.5949 0.6067
vn 0.3459 0.8497 0.3979
vn -0.0000 0.5694 0.8221
vn -0.0000 0.8316 0.5554
vn -0.3460 0.8497 0.3979
vn -0.5273 0.5949 0.6067
vn -0.5021 0.8648 -0.0000
vn -0.7822 0.6230 -0.0000
vn -0.5274 0.5951 0.6064
vn -0.3459 0.8497 -0.3979
vn -0.5274 0.5951 -0.6064
vn -0.0000 0.5693 -0.8221
vn -0.0000 0.8317 -0.5553
vn 0.5273 0.5950 -0.6066
vn -0.3460 0.8497 -0.3978
vn -0.5272 0.5951 -0.6066
vn 0.6315 0.5320 -0.5640
vn 0.9929 0.1095 -0.0454
vn 0.9963 0.0584 -0.0630
vn 0.6000 0.7297 -0.3278
vn 0.6181 -0.0000 -0.7861
vn 0.9967 -0.0000 -0.0812
vn 0.9963 -0.0587 -0.0634
vn 0.6316 -0.5321 -0.5640
vn 0.9929 -0.1095 -0.0454
vn 0.6000 -0.7297 -0.3279
vn 0.7032 0.6466 0.2956
vn 0.7064 0.4818 0.5185
vn 0.6970 -0.0000 0.7171
vn 0.7064 -0.4819 0.5184
vn 0.6994 -0.6500 0.2972
vn -0.6316 0.5321 -0.5639
vn -0.0000 0.9161 -0.4010
vn -0.6000 0.7298 -0.3279
vn 0.6316 0.5321 -0.5640
vn 0.5999 0.7298 -0.3279
vn -0.0000 0.6809 0.7324
vn -0.0000 0.9117 0.4108
vn 0.7031 0.6466 0.2958
vn 0.7064 0.4819 0.5185
vn -0.7032 0.6466 0.2958
vn -0.7063 0.4818 0.5186
vn -0.6968 -0.0000 0.7173
vn -0.0000 -0.6766 0.7364
vn -0.7063 -0.4819 0.5185
vn 0.6968 -0.0000 0.7173
vn 0.7063 -0.4820 0.5184
vn -0.0000 0.6806 0.7326
vn 0.7064 0.4820 0.5184
vn -0.7063 0.4821 0.5184
vn -0.6315 0.5321 -0.5639
vn -0.9929 0.1096 -0.0454
vn -0.6001 0.7297 -0.3278
vn -0.9963 0.0586 -0.0630
vn -0.6181 -0.0000 -0.7861
vn -0.9967 -0.0000 -0.0812
vn -0.9963 -0.0587 -0.0629
vn -0.6315 -0.5321 -0.5640
vn -0.7064 0.4819 0.5185
vn -0.7064 -0.4819 0.5185
vn -0.6970 -0.0000 0.7171
vn -0.7032 0.6466 0.2956
vn -0.9929 -0.1095 -0.0454
vn -0.6002 -0.7296 -0.3279
vn -0.7033 -0.6465 0.2956
vn -0.7032 -0.6466 0.2958
vn -0.0000 -0.6767 0.7362
vn -0.0000 -0.9117 0.4109
vn -0.7063 -0.4819 0.5186
vn 0.6993 -0.6501 0.2973
vn 0.7063 -0.4819 0.5186
vn -0.0000 -0.9161 -0.4009
vn 0.6316 -0.5321 -0.5639
vn -0.6314 -0.5322 -0.5640
vn -0.6000 -0.7297 -0.3279
vn -0.6315 0.5321 -0.5641
vn -0.6179 -0.0000 -0.7862
vn -0.6315 -0.5321 -0.5641
vn 0.6315 -0.5321 -0.5641
vn 0.6178 -0.0000 -0.7863
vn 0.8854 0.4649 -0.0000
vn 0.8854 0.4647 -0.0000
vn 0.8853 0.4650 -0.0000
vn -0.8854 0.4647 -0.0000
vn -0.0000 0.3316 -0.9434
vn -0.0000 0.3315 -0.9435
vn 0.8642 0.5032 -0.0000
vn 0.8642 0.5031 -0.0000
vn -0.8642 0.5032 -0.0000
vn -0.8642 0.5031 -0.0000
vn -0.0000 0.3626 -0.9319
vn 0.5019 0.8649 -0.0000
vn 0.3461 0.8496 -0.3979
vn -0.0000 0.8317 0.5553
vn 0.3459 0.8496 0.3981
vn -0.5019 0.8649 -0.0000
vn -0.3460 0.8497 -0.3979
vn 0.9630 0.2509 0.0989
vn 0.9629 0.2510 -0.0989
vn 0.9629 0.2509 -0.0990
vn 0.9382 0.2842 -0.1977
vn 0.9382 0.2839 -0.1977
vn 0.8880 0.3217 -0.3284
vn 0.9382 0.2840 -0.1978
vn 0.7699 0.4033 -0.4947
vn 0.7698 0.4033 -0.4947
vn 0.5072 0.5032 -0.6997
vn -0.0000 0.9776 0.2104
vn -0.0000 0.6808 0.7325
vn -0.0000 0.9776 -0.2104
vn -0.0000 0.6808 -0.7325
vn -0.0000 1.0000 0.0001
vn -0.0002 0.6809 0.7324
vn -0.0000 0.9776 -0.2103
vn -0.0000 0.6808 -0.7324
vn -0.0000 0.9776 0.2103
vn -0.0000 -0.1827 0.9832
vn -0.0000 0.1829 0.9831
vn -0.0000 0.1827 0.9832
vn -0.0000 -0.1829 0.9831
vn -0.0000 0.6807 0.7326
vn -0.0000 -0.1826 0.9832
vn -0.0000 0.1825 0.9832
vn -0.0000 0.1826 0.9832
vn -0.0000 -0.9776 0.2103
vn -0.0000 -0.6808 0.7325
vn -0.0000 -0.9776 -0.2104
vn -0.0000 -0.9776 -0.2103
vn -0.0000 -0.6809 0.7324
vn 0.0002 -0.6809 0.7324
vn -0.0000 -0.6808 -0.7324
vn -0.0000 -0.9776 0.2104
vn -0.0000 -0.1829 -0.9831
vn -0.0000 -0.1828 -0.9832
vn -0.0000 0.1829 -0.9831
vn -0.0001 0.6807 -0.7326
vn -0.0000 0.0001 -1.0000
vn -0.0000 -0.6806 -0.7327
vn -0.0000 -0.1826 -0.9832
vn -0.0000 -0.1828 -0.9831
vn -0.0000 0.1828 -0.9831
vn -0.0000 0.1826 -0.9832
vn 0.7697 0.4033 0.4948
vn 0.5071 0.5033 0.6997
vn 0.7698 0.4031 0.4948
vn 0.5072 0.5032 0.6996
vn -0.0046 0.5781 0.8160
vn -0.0000 0.5781 0.8160
vn -0.5071 0.5033 0.6997
vn 0.8880 0.3218 0.3285
vn 0.7698 0.4033 0.4947
vn 0.8880 0.3217 0.3285
vn 0.9382 0.2840 0.1978
vn 0.9382 0.2840 0.1977
vn 0.9630 0.2508 0.0990
vn 0.9630 0.2508 -0.0990
vn -0.7699 0.4032 -0.4947
vn -0.8880 0.3217 -0.3285
vn -0.7698 0.4033 -0.4948
vn -0.5071 0.5032 -0.6997
vn -0.8881 0.3217 -0.3284
vn -0.9382 0.2840 -0.1978
vn -0.9382 0.2839 -0.1978
vn -0.9630 0.2508 -0.0990
vn 0.0001 0.5781 0.8160
vn -0.5072 0.5032 0.6997
vn -0.5072 0.5033 0.6996
vn 0.5073 0.5032 0.6997
vn -0.0001 0.5782 0.8159
vn -0.7697 0.4033 0.4948
vn -0.7698 0.4032 0.4948
vn -0.7698 0.4033 0.4947
vn -0.8880 0.3218 0.3285
vn -0.8880 0.3218 0.3284
vn -0.7698 0.4034 0.4947
vn -0.9382 0.2840 0.1978
vn 0.0001 0.5782 -0.8159
vn -0.0000 0.5782 -0.8159
vn -0.5071 0.5033 -0.6997
vn -0.5072 0.5032 -0.6997
vn -0.7697 0.4034 -0.4949
vn -0.9629 0.2509 -0.0990
vn -0.9677 0.2522 -0.0000
vn -0.9629 0.2509 0.0990
vn -0.9382 0.2840 0.1977
vn -0.9382 0.2839 0.1978
vn -0.0002 0.5782 -0.8159
vn 0.5069 0.5033 -0.6998
vn 0.5071 0.5033 -0.6997
vn 0.7697 0.4034 -0.4948
vn -0.9629 0.2508 -0.0990
vn -0.9382 0.2840 -0.1977
vn 0.9382 0.2839 -0.1978
vn 0.8880 0.3218 -0.3285
vn 0.8880 0.3217 0.3284
vt 1.353900 -1.313150
vt 1.432870 -1.238030
vt 1.353900 -1.206580
vt 1.432870 -1.281690
vt 1.489890 -1.281690
vt 1.789950 -1.313150
vt 1.489890 -1.238030
vt 1.789950 -1.206580
vt 3.062330 -1.192360
vt 3.089860 -1.194110
vt 3.062180 -1.166440
vt 3.068070 -1.206220
vt 3.027580 -1.177970
vt 3.076730 -1.227120
vt 2.992970 -1.166440
vt 3.089860 -1.263330
vt 2.992820 -1.192360
vt 3.062330 -1.261870
vt 2.965290 -1.194110
vt 3.062180 -1.291000
vt 2.978430 -1.227120
vt 3.027580 -1.276270
vt 2.965290 -1.263330
vt 2.992970 -1.291000
vt 2.992820 -1.261870
vt 2.951240 -1.278440
vt 2.977850 -1.305060
vt 3.103920 -1.278440
vt 3.077300 -1.305060
vt 2.951240 -1.179000
vt 2.977850 -1.152380
vt 3.103920 -1.179000
vt 3.077300 -1.152380
vt 3.003320 -1.176750
vt 3.051830 -1.152330
vt 3.003320 -1.152330
vt 3.051830 -1.176750
vt 2.949190 -1.220130
vt 3.105970 -1.220130
vt 3.105850 -1.206500
vt 2.949310 -1.206500
vt 2.818620 -1.152380
vt 3.256120 -1.178750
vt 3.256120 -1.152220
vt 2.818620 -1.305060
vt 3.256120 -1.305220
vt 3.256120 -1.278700
vt 2.818620 -1.278440
vt 2.818620 -1.179000
vt 2.789990 -1.194110
vt 2.789990 -1.263330
vt 2.894130 -1.204470
vt 2.957490 -1.204470
vt 2.957490 -1.252980
vt 2.894130 -1.252980
vt 3.089590 -1.150330
vt 3.055900 -1.306730
vt 3.089590 -1.307110
vt 3.055900 -1.150710
vt 2.848540 -1.152150
vt 2.848540 -1.305290
vt 2.799040 -1.152220
vt 3.236530 -1.179000
vt 3.236530 -1.152380
vt 3.211550 -1.232860
vt 3.236530 -1.278440
vt 3.265160 -1.194110
vt 3.265160 -1.263330
vt 3.206620 -1.244360
vt 2.999260 -1.246300
vt 2.799040 -1.278700
vt 2.965570 -1.220130
vt 2.799040 -1.178750
vt 2.971800 -1.206500
vt 3.180150 -1.206140
vt 3.097670 -1.176750
vt 3.161030 -1.152350
vt 3.097670 -1.152330
vt 3.161030 -1.176750
vt 3.112930 -1.156220
vt 3.150510 -1.166220
vt 3.145610 -1.156220
vt 3.108030 -1.166220
vt 2.981570 -1.295640
vt 2.960660 -1.182710
vt 2.960660 -1.274730
vt 3.094500 -1.182710
vt 3.073590 -1.295640
vt 3.094500 -1.274730
vt 3.073590 -1.161800
vt 2.981570 -1.161800
vt 3.077550 -1.305220
vt 3.104070 -1.278700
vt 2.977600 -1.305220
vt 2.951080 -1.278700
vt 3.104070 -1.178750
vt 3.077550 -1.152220
vt 2.951080 -1.178750
vt 2.977600 -1.152220
vt 3.003320 -1.152350
vt 3.051830 -1.152350
vt 3.104150 -1.244360
vt 3.074350 -1.232860
vt 3.069760 -1.243930
vt 3.103920 -1.232860
vt 2.985390 -1.243930
vt 2.951000 -1.244360
vt 2.980810 -1.232860
vt 2.951240 -1.232860
vt 3.236530 -1.305060
vt 2.799040 -1.305220
vt 2.971800 -1.306990
vt 3.180150 -1.150710
vt 2.971800 -1.150450
vt 3.180150 -1.306730
vt 3.206800 -1.180280
vt 3.206800 -1.277170
vt 3.211550 -1.305060
vt 3.211550 -1.275490
vt 3.211550 -1.152380
vt 3.211550 -1.181950
vt 3.108030 -1.244970
vt 3.150510 -1.212470
vt 3.108030 -1.212470
vt 3.150510 -1.244970
vt 3.083350 -1.206500
vt 3.089590 -1.220130
vt 3.055900 -1.246300
vt 2.875010 -1.206140
vt 2.843610 -1.232860
vt 2.848540 -1.244360
vt 2.957490 -1.152330
vt 2.894130 -1.152350
vt 2.957490 -1.176750
vt 2.894130 -1.176750
vt 1.512650 -1.268650
vt 1.508600 -1.258880
vt 1.497280 -1.268650
vt 1.497280 -1.235900
vt 1.518120 -1.235900
vt 1.628060 -1.268650
vt 1.616730 -1.258880
vt 1.612690 -1.268650
vt 1.628060 -1.235900
vt 1.607220 -1.235900
vt 1.600900 -1.297110
vt 1.628060 -1.300120
vt 1.609280 -1.276880
vt 1.608740 -1.324340
vt 1.562670 -1.312950
vt 1.516600 -1.324340
vt 1.524440 -1.297110
vt 1.497280 -1.300120
vt 1.516060 -1.276880
vt 1.497280 -1.276880
vt 1.628060 -1.276880
vt 1.628060 -1.213850
vt 1.604440 -1.229200
vt 1.628060 -1.229200
vt 1.600900 -1.220650
vt 1.605300 -1.194530
vt 1.562670 -1.204820
vt 1.520040 -1.194530
vt 1.524440 -1.220650
vt 1.497280 -1.213850
vt 1.520900 -1.229200
vt 1.497280 -1.229200
vt 1.610890 -1.272990
vt 1.514450 -1.272990
vt 1.601380 -1.295960
vt 1.523960 -1.295960
vt 1.520560 -1.230020
vt 1.509590 -1.261260
vt 1.615750 -1.261260
vt 1.604780 -1.230020
vt 1.644410 -1.293810
vt 1.614070 -1.341420
vt 1.644410 -1.310290
vt 1.480930 -1.293810
vt 1.511270 -1.341420
vt 1.480930 -1.310290
vt 1.524030 -1.221640
vt 1.601310 -1.221640
vt 1.543450 -1.304990
vt 1.581890 -1.304990
vt 1.645090 -1.228210
vt 1.480250 -1.228210
vt 1.645090 -1.256030
vt 1.480250 -1.256030
vt 1.644410 -1.287440
vt 1.480930 -1.287440
vt 1.804510 -1.214770
vt 1.804510 -1.304960
vt 1.789950 -1.177440
vt 1.804510 -1.329620
vt 1.804510 -1.190110
vt 1.789950 -1.342280
vt 1.321370 -1.217240
vt 1.321370 -1.302490
vt 1.321370 -1.194470
vt 1.353900 -1.178120
vt 1.321370 -1.325260
vt 1.353900 -1.341600
vt 1.745660 -1.341600
vt 1.745660 -1.178120
vt 1.735650 -1.178120
vt 1.735650 -1.341600
vt 1.696130 -1.341600
vt 1.789950 -1.341600
vt 1.696130 -1.178120
vt 1.789950 -1.178120
vt 1.479650 -1.273850
vt 1.443110 -1.245880
vt 1.443110 -1.273850
vt 1.479650 -1.245880
vt 1.320830 -1.215320
vt 1.353220 -1.217760
vt 1.320830 -1.194470
vt 1.353220 -1.178120
vt 1.320830 -1.325260
vt 1.353220 -1.301970
vt 1.320830 -1.304410
vt 1.353220 -1.341600
vt 1.703030 -1.342280
vt 1.703030 -1.177440
vt 1.683030 -1.342280
vt 1.683030 -1.177440
vt 1.635530 -1.177440
vt 1.635530 -1.342280
vt 1.388840 -1.217760
vt 1.625570 -1.178120
vt 1.388840 -1.301970
vt 1.625570 -1.341600
vt 1.702280 -1.341600
vt 1.702280 -1.178120
vt 1.677280 -1.178120
vt 1.472830 -1.341600
vt 1.677280 -1.341600
vt 1.472830 -1.178120
vt 1.353900 -1.215060
vt 1.321370 -1.213250
vt 1.353900 -1.304670
vt 1.321370 -1.306480
vt 1.383870 -1.341600
vt 1.373930 -1.298090
vt 1.383870 -1.279080
vt 1.388840 -1.279080
vt 1.447450 -1.341600
vt 1.388840 -1.240640
vt 1.447450 -1.178120
vt 1.383870 -1.178120
vt 1.383870 -1.240640
vt 1.373930 -1.221630
vt 1.321370 -1.259860
vt 1.321370 -1.221630
vt 1.321370 -1.298090
vt 1.388840 -1.259860
vt 1.650530 -1.342280
vt 1.650530 -1.177440
vt 1.613030 -1.342280
vt 1.613030 -1.177440
vt 1.804510 -1.329040
vt 1.804510 -1.190680
vt 1.335380 -1.297000
vt 1.320830 -1.302550
vt 1.335380 -1.310290
vt 1.320830 -1.291290
vt 1.335380 -1.287760
vt 1.335380 -1.210710
vt 1.320830 -1.218260
vt 1.320830 -1.283470
vt 1.803970 -1.213850
vt 1.771440 -1.221640
vt 1.803970 -1.229200
vt 1.771440 -1.202450
vt 1.803970 -1.324340
vt 1.771440 -1.310300
vt 1.771440 -1.340570
vt 1.803970 -1.300120
vt 1.771440 -1.281240
vt 1.803970 -1.276880
vt 1.772120 -1.270960
vt 1.804510 -1.235900
vt 1.772120 -1.230020
vt 1.804510 -1.268650
vt 1.714120 -1.340570
vt 1.682970 -1.310300
vt 1.335380 -1.341420
vt 1.442740 -1.310290
vt 1.468060 -1.341420
vt 1.668560 -1.310290
vt 1.464560 -1.310290
vt 1.493060 -1.341420
vt 1.695560 -1.341420
vt 1.442310 -1.228210
vt 1.474810 -1.256030
vt 1.489810 -1.228210
vt 1.432310 -1.277760
vt 1.386310 -1.277760
vt 1.422310 -1.210710
vt 1.375060 -1.287760
vt 1.442310 -1.287760
vt 1.512310 -1.287760
vt 1.379680 -1.297000
vt 1.423060 -1.287440
vt 1.389690 -1.287440
vt 1.652510 -1.293810
vt 1.448060 -1.293810
vt 1.519770 -1.283460
vt 1.504740 -1.250570
vt 1.484460 -1.255490
vt 1.525980 -1.266500
vt 1.534630 -1.272990
vt 1.657270 -1.283460
vt 1.738320 -1.272990
vt 1.674770 -1.295960
vt 1.739770 -1.295960
vt 1.742010 -1.265400
vt 1.712130 -1.242990
vt 1.508430 -1.242990
vt 1.499770 -1.230020
vt 1.741470 -1.304990
vt 1.677890 -1.304990
vt 1.455440 -1.221640
vt 1.440440 -1.210500
vt 1.429210 -1.202450
vt 1.736500 -1.258880
vt 1.804510 -1.258880
vt 1.736500 -1.230020
vt 1.736500 -1.261260
vt 1.736500 -1.295960
vt 1.736500 -1.272990
vt 1.736500 -1.220650
vt 1.736500 -1.221640
vt 1.803970 -1.220650
vt 1.803970 -1.297110
vt 1.751410 -1.297110
vt 1.631850 -1.291290
vt 1.606170 -1.328890
vt 1.631850 -1.302550
vt 1.493490 -1.291290
vt 1.519170 -1.328890
vt 1.493490 -1.302550
vt 1.493490 -1.211280
vt 1.607770 -1.190840
vt 1.517570 -1.190840
vt 1.631850 -1.211280
vt 1.492910 -1.283470
vt 1.632420 -1.283470
vt 1.492910 -1.218260
vt 1.632420 -1.218260
vt 1.509380 -1.178310
vt 1.480930 -1.202450
vt 1.615960 -1.178310
vt 1.644410 -1.202450
vt 1.480250 -1.287760
vt 1.645090 -1.277760
vt 1.480250 -1.277760
vt 1.645090 -1.287760
vt 1.480930 -1.255490
vt 1.644410 -1.255490
vt 1.480930 -1.230020
vt 1.644410 -1.230020
vt 1.644410 -1.304990
vt 1.620260 -1.340570
vt 1.644410 -1.310300
vt 1.505080 -1.340570
vt 1.480930 -1.304990
vt 1.480930 -1.310300
vt 1.320830 -1.303370
vt 1.335380 -1.208460
vt 1.320830 -1.216360
vt 1.335380 -1.311270
vt 1.771440 -1.202270
vt 1.803970 -1.305940
vt 1.803970 -1.213790
vt 1.771440 -1.317460
vt 1.493060 -1.311270
vt 1.448060 -1.341600
vt 1.464560 -1.341600
vt 1.448060 -1.178120
vt 1.493060 -1.208460
vt 1.464560 -1.178120
vt 1.335380 -1.342280
vt 1.320830 -1.190110
vt 1.320830 -1.329620
vt 1.335380 -1.177440
vt 1.468060 -1.208460
vt 1.468060 -1.311270
vt 1.695560 -1.208460
vt 1.695560 -1.311270
vt 1.714120 -1.317460
vt 1.714120 -1.202270
vt 1.519770 -1.341600
vt 1.519770 -1.178120
vt 1.484460 -1.341600
vt 1.484460 -1.178120
vt 1.772120 -1.341600
vt 1.772120 -1.308930
vt 1.739770 -1.341600
vt 1.739770 -1.298570
vt 1.736500 -1.298570
vt 1.674770 -1.341600
vt 1.736500 -1.221160
vt 1.674770 -1.178120
vt 1.739770 -1.178120
vt 1.739770 -1.221160
vt 1.772120 -1.210800
vt 1.772120 -1.178120
vt 1.375060 -1.342280
vt 1.375060 -1.177440
vt 1.512310 -1.342280
vt 1.442310 -1.177440
vt 1.442310 -1.342280
vt 1.512310 -1.177440
vt 1.657270 -1.341600
vt 1.657270 -1.178120
vt 1.804510 -1.325260
vt 1.804510 -1.309880
vt 1.804510 -1.194470
vt 1.804510 -1.209850
vt 1.432310 -1.342280
vt 1.432310 -1.177440
vt 1.386310 -1.342280
vt 1.386310 -1.177440
vt 1.677890 -1.178120
vt 1.677890 -1.341600
vt 1.736500 -1.221230
vt 1.455440 -1.341600
vt 1.736500 -1.298500
vt 1.455440 -1.178120
vt 1.771440 -1.178120
vt 1.771440 -1.221230
vt 1.440440 -1.341600
vt 1.440440 -1.178120
vt 1.429210 -1.178120
vt 1.429210 -1.341600
vt 1.771440 -1.341600
vt 1.771440 -1.298500
vt 1.736500 -1.259860
vt 1.803970 -1.221630
vt 1.736500 -1.221630
vt 1.803970 -1.259860
vt 1.736500 -1.298090
vt 1.803970 -1.298090
vt 1.335380 -1.178120
vt 1.335380 -1.341600
vt 1.803970 -1.325260
vt 1.803970 -1.301630
vt 1.803970 -1.194470
vt 1.803970 -1.218090
vt 1.320830 -1.190680
vt 1.320830 -1.329040
vt 1.789950 -1.310290
vt 1.804510 -1.302550
vt 1.789950 -1.297000
vt 1.804510 -1.291290
vt 1.804510 -1.218260
vt 1.789950 -1.287760
vt 1.804510 -1.283470
vt 1.789950 -1.210710
vt 1.321370 -1.213850
vt 1.353900 -1.221640
vt 1.353900 -1.202450
vt 1.321370 -1.229200
vt 1.321370 -1.324340
vt 1.353900 -1.310300
vt 1.321370 -1.300120
vt 1.353900 -1.340570
vt 1.353900 -1.281240
vt 1.321370 -1.276880
vt 1.320830 -1.235900
vt 1.353220 -1.270960
vt 1.353220 -1.230020
vt 1.320830 -1.268650
vt 1.411220 -1.340570
vt 1.442370 -1.310300
vt 1.682590 -1.310290
vt 1.789950 -1.341420
vt 1.657280 -1.341420
vt 1.456780 -1.310290
vt 1.632280 -1.341420
vt 1.660780 -1.310290
vt 1.429780 -1.341420
vt 1.650530 -1.256030
vt 1.693030 -1.277760
vt 1.683030 -1.228210
vt 1.635530 -1.228210
vt 1.739030 -1.277760
vt 1.703030 -1.210710
vt 1.750280 -1.287760
vt 1.683030 -1.287760
vt 1.613030 -1.287760
vt 1.472830 -1.293810
vt 1.677280 -1.293810
vt 1.745660 -1.297000
vt 1.702280 -1.287440
vt 1.735650 -1.287440
vt 1.413210 -1.242990
vt 1.383330 -1.265400
vt 1.625570 -1.230020
vt 1.616910 -1.242990
vt 1.620600 -1.250570
vt 1.640880 -1.255490
vt 1.605570 -1.283460
vt 1.590710 -1.272990
vt 1.468070 -1.283460
vt 1.387020 -1.272990
vt 1.385570 -1.295960
vt 1.450570 -1.295960
vt 1.383870 -1.304990
vt 1.447450 -1.304990
vt 1.696130 -1.202450
vt 1.684900 -1.210500
vt 1.669900 -1.221640
vt 1.388840 -1.295960
vt 1.388840 -1.272990
vt 1.388840 -1.258880
vt 1.320830 -1.258880
vt 1.388840 -1.230020
vt 1.388840 -1.261260
vt 1.388840 -1.220650
vt 1.388840 -1.221640
vt 1.321370 -1.220650
vt 1.321370 -1.297110
vt 1.373930 -1.297110
vt 1.611240 1.513310
vt 1.611240 1.451020
vt 1.624140 1.482170
vt 1.580100 1.438120
vt 1.548950 1.513310
vt 1.580100 1.526220
vt 1.548950 1.451020
vt 1.536050 1.482170
vt 1.653860 1.475650
vt 1.506330 1.468060
vt 1.653860 1.468060
vt 1.506330 1.475650
vt 1.661840 1.498060
vt 1.498350 1.490480
vt 1.661840 1.490480
vt 1.498350 1.498060
vt 1.444700 1.482170
vt 1.444700 1.513310
vt 1.432580 1.482170
vt 1.432580 1.516920
vt 1.444700 1.451020
vt 1.432580 1.447410
vt 1.520230 1.408410
vt 1.723920 1.555930
vt 1.520230 1.555930
vt 1.723920 1.408410
vt 1.490340 1.408410
vt 1.490340 1.555930
vt 1.494030 1.400430
vt 1.495850 1.433940
vt 1.494030 1.433940
vt 1.697730 1.400430
vt 1.495850 1.530390
vt 1.697730 1.563910
vt 1.494030 1.563910
vt 1.494030 1.530390
vt 1.490940 1.482170
vt 1.490940 1.516920
vt 1.490940 1.447410
vt 1.706370 1.563910
vt 1.727610 1.400430
vt 1.727610 1.563910
vt 1.727610 1.447410
vt 1.727610 1.482170
vt 1.715490 1.451020
vt 1.715490 1.482170
vt 1.727610 1.503060
vt 1.715490 1.513310
vt 1.727610 1.516920
vt 1.432580 1.490480
vt 1.462460 1.468060
vt 1.436270 1.498060
vt 1.639960 1.498060
vt 1.666160 1.468060
vt 1.669850 1.475650
vt 1.669250 1.465360
vt 1.669250 1.447410
vt 1.674000 1.476420
vt 1.669250 1.482170
vt 1.669250 1.516920
vt 1.669250 1.480460
vt 1.506330 1.490480
vt 1.653860 1.498060
vt 1.506330 1.498060
vt 1.653860 1.490480
vt 1.631460 1.475650
vt 1.661840 1.468060
vt 1.661840 1.475650
vt 1.628320 1.468060
vt 1.498350 1.468060
vt 1.528730 1.475650
vt 1.498350 1.475650
vt 1.531870 1.468060
vt 1.462460 1.408410
vt 1.462460 1.555930
vt 1.432580 1.408410
vt 1.432580 1.555930
vt 1.666160 1.555930
vt 1.666160 1.408410
vt 1.639960 1.563910
vt 1.639960 1.400430
vt 1.664340 1.429090
vt 1.664340 1.535250
vt 1.669850 1.400430
vt 1.669850 1.430800
vt 1.669850 1.563910
vt 1.669850 1.533530
vt 1.436270 1.400430
vt 1.436270 1.563910
vt 1.723920 1.498060
vt 1.697730 1.468060
vt 1.727610 1.490480
vt 1.520230 1.498060
vt 1.494030 1.468060
vt 1.490340 1.475650
vt 1.486190 1.476420
vt 1.490940 1.465360
vt 1.490940 1.480460
vt 0.343548 1.037300
vt 0.341347 1.036030
vt 0.344217 1.036030
vt 0.341347 1.037300
vt 0.339146 1.037300
vt 0.338478 1.036030
vt 0.049793 1.016020
vt 0.045651 1.017000
vt 0.049276 1.015500
vt 0.045581 1.017740
vt 0.051505 1.011890
vt 0.050774 1.011890
vt 0.049276 1.008270
vt 0.049793 1.007750
vt 0.045651 1.006770
vt 0.045581 1.006030
vt 0.045732 1.007490
vt 0.048777 1.008770
vt 0.050068 1.011890
vt 0.048777 1.015000
vt 0.045732 1.016290
vt 0.049414 1.010780
vt 0.048685 1.015010
vt 0.048685 1.010560
vt 0.049422 1.014990
vt 0.047957 1.010780
vt 0.047948 1.014990
vt 0.048685 1.011990
vt 0.048685 1.014810
vt 0.047975 1.014840
vt 0.047982 1.011790
vt 0.049396 1.014840
vt 0.049389 1.011790
vt 0.047982 1.011890
vt 0.048685 1.014800
vt 0.047982 1.015000
vt 0.049389 1.011890
vt 0.049389 1.015000
vt 0.048685 1.011890
vt 0.048685 1.008970
vt 0.049389 1.008770
vt 0.047982 1.008770
vt 0.047577 1.016020
vt 0.051720 1.017000
vt 0.051789 1.017740
vt 0.048094 1.015500
vt 0.045865 1.011890
vt 0.046597 1.011890
vt 0.048094 1.008270
vt 0.047577 1.007750
vt 0.048593 1.008770
vt 0.048593 1.015000
vt 0.047303 1.011890
vt 0.051638 1.007490
vt 0.051720 1.006770
vt 0.051789 1.006030
vt 0.051638 1.016290
vt 0.049414 1.016020
vt 0.049414 1.011890
vt 0.048685 1.016240
vt 0.049414 1.007750
vt 0.048685 1.007540
vt 0.047957 1.007750
vt 0.047957 1.011890
vt 0.047957 1.016020
vt 3.015080 -1.156220
vt 3.043830 -1.166220
vt 3.040080 -1.156220
vt 3.011330 -1.166220
vt 2.904650 -1.166220
vt 2.942220 -1.156220
vt 2.909550 -1.156220
vt 2.947120 -1.166220
vt 1.584500 -1.178310
vt 1.540840 -1.178310
vt 1.548680 -1.197210
vt 1.576660 -1.197210
vt 1.432870 -1.178310
vt 1.479650 -1.197210
vt 1.489890 -1.178310
vt 1.443110 -1.197210
vt 0.341347 1.071500
vt 0.338235 1.074610
vt 0.339146 1.072410
vt 0.341347 1.077720
vt 0.339146 1.076810
vt 0.344460 1.074610
vt 0.343548 1.076810
vt 0.343548 1.072410
vt 2.909550 -1.241220
vt 2.942220 -1.216220
vt 2.909550 -1.216220
vt 2.942220 -1.241220
vt 1.692470 -1.178310
vt 1.645690 -1.197210
vt 1.682230 -1.197210
vt 1.635450 -1.178310
vt 45.999401 -4.999130
vt 45.993599 -5.000000
vt 45.999401 -5.000000
vt 45.999401 -5.000870
vt 45.993900 -5.009310
vt 45.999500 -5.001750
vt 45.994400 -5.018290
vt 45.999599 -5.002380
vt 45.995499 -5.025440
vt 45.996799 -5.031690
vt 45.999699 -5.003020
vt 45.998402 -5.034750
vt 0.326357 1.109510
vt 0.322685 1.106330
vt 0.324551 1.105150
vt 0.324692 1.111180
vt 0.329537 1.113180
vt 0.330718 1.111320
vt 0.353157 1.113180
vt 0.351976 1.111320
vt 0.356337 1.109510
vt 0.358002 1.111180
vt 0.360010 1.106330
vt 0.358143 1.105150
vt 0.360010 1.082710
vt 0.358143 1.083890
vt 0.356337 1.079530
vt 0.353157 1.075860
vt 0.358002 1.077870
vt 0.351976 1.077730
vt 0.329537 1.075860
vt 0.330718 1.077730
vt 0.326357 1.079530
vt 0.322685 1.082710
vt 0.324692 1.077870
vt 0.324551 1.083890
vt 0.332389 1.094520
vt 0.333527 1.086700
vt 0.335013 1.088190
vt 0.330288 1.094520
vt 0.333527 1.102340
vt 0.335013 1.100860
vt 0.341347 1.103480
vt 0.341347 1.105580
vt 0.349167 1.102340
vt 0.347681 1.100860
vt 0.350305 1.094520
vt 0.349167 1.086700
vt 0.352406 1.094520
vt 0.347681 1.088190
vt 0.341347 1.085560
vt 0.341347 1.083460
vt 0.340370 1.093540
vt 0.340370 1.095500
vt 0.339965 1.094520
vt 0.341347 1.093140
vt 0.342325 1.095500
vt 0.342325 1.093540
vt 0.342730 1.094520
vt 0.341347 1.095900
vt 0.331428 1.095970
vt 0.325685 1.095970
vt 0.331428 1.093070
vt 0.325685 1.093070
vt 0.357009 1.095970
vt 0.351266 1.095970
vt 0.357009 1.093070
vt 0.351266 1.093070
vt 0.339896 1.084600
vt 0.339896 1.078860
vt 0.342799 1.084600
vt 0.342799 1.078860
vt 0.339896 1.110180
vt 0.339896 1.104440
vt 0.342799 1.110180
vt 0.342799 1.104440
vt 0.341821 1.073160
vt 0.341821 1.076060
vt 0.340729 1.076060
vt 0.340729 1.073160
vt 0.341821 1.058950
vt 0.340729 1.064690
vt 0.340729 1.058950
vt 0.341821 1.064690
vt 0.341821 1.084530
vt 0.340729 1.090270
vt 0.340729 1.084530
vt 0.341821 1.090270
vt 0.340729 1.086420
vt 0.341821 1.091260
vt 0.340729 1.091260
vt 0.341821 1.086420
vt 0.341821 1.062800
vt 0.340729 1.062800
vt 0.340729 1.057950
vt 0.341821 1.057950
vt 0.341821 1.082430
vt 0.340729 1.074610
vt 0.341821 1.074610
vt 0.340729 1.082430
vt 0.340729 1.066790
vt 0.341821 1.066790
vt 0.341821 1.075590
vt 0.340729 1.075590
vt 0.340729 1.073630
vt 0.341821 1.073630
vt 0.341821 1.085240
vt 0.341821 1.089600
vt 0.340729 1.089600
vt 0.340729 1.085240
vt 0.341821 1.063980
vt 0.340729 1.063980
vt 0.341821 1.059620
vt 0.340729 1.059620
vt 0.341965 1.093070
vt 0.341965 1.095970
vt 0.340873 1.095970
vt 0.340873 1.093070
vt 0.341965 1.082710
vt 0.341965 1.106330
vt 0.340873 1.106330
vt 0.340873 1.082710
vt 0.341965 1.111180
vt 0.340873 1.111180
vt 0.340873 1.077870
vt 0.341965 1.077870
vt 0.340873 1.094520
vt 0.341965 1.102340
vt 0.340873 1.102340
vt 0.341965 1.094520
vt 0.340873 1.086700
vt 0.341965 1.086700
vt 0.341965 1.095500
vt 0.340873 1.095500
vt 0.340873 1.093540
vt 0.341965 1.093540
vt 0.341965 1.088190
vt 0.340873 1.100860
vt 0.341965 1.100860
vt 0.340873 1.088190
vt 0.341965 1.104440
vt 0.341965 1.110180
vt 0.340873 1.110180
vt 0.340873 1.104440
vt 0.341965 1.078860
vt 0.341965 1.084600
vt 0.340873 1.084600
vt 0.340873 1.078860
vt 0.340873 1.109510
vt 0.341965 1.105150
vt 0.341965 1.109510
vt 0.340873 1.105150
vt 0.341965 1.083890
vt 0.340873 1.083890
vt 0.341965 1.079530
vt 0.340873 1.079530
vt 0.341965 1.073160
vt 0.341965 1.076060
vt 0.340873 1.076060
vt 0.340873 1.073160
vt 0.340873 1.086420
vt 0.341965 1.091260
vt 0.340873 1.091260
vt 0.341965 1.086420
vt 0.341965 1.062800
vt 0.340873 1.062800
vt 0.340873 1.057950
vt 0.341965 1.057950
vt 0.340873 1.074610
vt 0.341965 1.082430
vt 0.340873 1.082430
vt 0.341965 1.074610
vt 0.341965 1.066790
vt 0.340873 1.066790
vt 0.341965 1.075590
vt 0.340873 1.075590
vt 0.340873 1.073630
vt 0.341965 1.073630
vt 0.341965 1.068270
vt 0.340873 1.068270
vt 0.340873 1.080940
vt 0.341965 1.080940
vt 0.340873 1.089600
vt 0.341965 1.085240
vt 0.341965 1.089600
vt 0.340873 1.085240
vt 0.341965 1.063980
vt 0.340873 1.063980
vt 0.341965 1.059620
vt 0.340873 1.059620
vt 0.341965 1.084530
vt 0.341965 1.090270
vt 0.340873 1.090270
vt 0.340873 1.084530
vt 0.341965 1.058950
vt 0.341965 1.064690
vt 0.340873 1.064690
vt 0.340873 1.058950
vt 0.340729 1.095970
vt 0.341821 1.093070
vt 0.341821 1.095970
vt 0.340729 1.093070
vt 0.341821 1.082710
vt 0.340729 1.077870
vt 0.341821 1.077870
vt 0.340729 1.082710
vt 0.340729 1.106330
vt 0.340729 1.111180
vt 0.341821 1.111180
vt 0.341821 1.106330
vt 0.340729 1.102340
vt 0.340729 1.094520
vt 0.341821 1.102340
vt 0.341821 1.094520
vt 0.340729 1.086700
vt 0.341821 1.086700
vt 0.341821 1.095500
vt 0.340729 1.095500
vt 0.340729 1.093540
vt 0.341821 1.093540
vt 0.340729 1.100860
vt 0.341821 1.100860
vt 0.341821 1.088190
vt 0.340729 1.088190
vt 0.340729 1.084600
vt 0.340729 1.078860
vt 0.341821 1.078860
vt 0.341821 1.084600
vt 0.340729 1.110180
vt 0.340729 1.104440
vt 0.341821 1.104440
vt 0.341821 1.110180
vt 0.340729 1.109510
vt 0.341821 1.105150
vt 0.341821 1.109510
vt 0.340729 1.105150
vt 0.341821 1.083890
vt 0.340729 1.083890
vt 0.341821 1.079530
vt 0.340729 1.079530
vt 45.999699 -4.996980
vt 45.998402 -4.965250
vt 45.996799 -4.968310
vt 45.999802 -4.996740
vt 46.000000 -4.963410
vt 46.000000 -4.996510
vt 46.000198 -4.996740
vt 45.999599 -4.997620
vt 45.995499 -4.974560
vt 45.994400 -4.981710
vt 45.999500 -4.998250
vt 45.993900 -4.990690
vt 46.003201 -5.031690
vt 46.000401 -5.002380
vt 46.000301 -5.003020
vt 46.001598 -5.034750
vt 46.004501 -5.025440
vt 46.005600 -5.018290
vt 46.000500 -5.001750
vt 46.006100 -5.009310
vt 46.001598 -4.965250
vt 46.000301 -4.996980
vt 46.003201 -4.968310
vt 46.000401 -4.997620
vt 46.004501 -4.974560
vt 46.005600 -4.981710
vt 45.999802 -5.003260
vt 46.000000 -5.036590
vt 46.000000 -5.003490
vt 46.000198 -5.003260
vt 46.000599 -5.000870
vt 46.006401 -5.000000
vt 46.000599 -5.000000
vt 46.000599 -4.999130
vt 46.006100 -4.990690
vt 46.000500 -4.998250
vt 0.340729 1.068270
vt 0.341821 1.068270
vt 0.340729 1.080940
vt 0.341821 1.080940
s 1
usemtl Meshpart1Mtl.010
f 9/9/2 10/10/2 11/11/2
f 10/10/2 9/9/2 12/12/2
f 11/11/2 13/13/2 9/9/2
f 10/10/2 12/12/2 14/14/2
f 11/11/2 15/15/2 13/13/2
f 16/16/2 10/10/2 14/14/2
f 13/13/2 15/15/2 17/17/2
f 14/14/2 18/18/2 16/16/2
f 15/15/2 19/19/2 17/17/2
f 18/18/2 20/20/2 16/16/2
f 21/21/2 17/17/2 19/19/2
f 22/22/2 20/20/2 18/18/2
f 19/19/2 23/23/2 21/21/2
f 20/20/2 22/22/2 24/24/2
f 23/23/2 25/25/2 21/21/2
f 25/25/2 24/24/2 22/22/2
f 24/24/2 25/25/2 23/23/2
f 27/24/3 28/26/4 26/27/4
f 28/26/4 27/24/3 29/23/5
f 30/28/6 32/20/7 31/29/8
f 32/20/7 30/28/6 33/16/9
f 34/30/10 36/15/11 35/31/10
f 37/19/12 36/15/11 34/30/10
f 38/32/13 39/11/14 41/10/15
f 39/11/14 38/32/13 40/33/13
f 43/34/16 44/35/17 42/36/18
f 44/35/17 43/34/16 45/37/19
f 47/38/20 49/39/21 46/40/22
f 46/40/22 48/41/22 47/38/20
f 51/42/23 50/43/24 52/44/24
f 53/45/25 55/46/26 54/47/26
f 57/48/27 59/49/27 56/50/28
f 56/50/28 58/51/28 57/48/27
f 57/48/27 60/52/29 59/49/27
f 61/53/30 59/49/27 60/52/29
f 59/49/27 61/53/30 62/43/31
f 63/54/32 62/43/31 61/53/30
f 62/43/31 63/54/32 64/47/31
f 57/48/27 64/47/31 63/54/32
f 57/48/27 63/54/32 65/55/33
f 57/48/27 65/55/33 60/52/29
f 67/52/34 68/54/19 66/53/18
f 68/54/19 67/52/34 69/55/35
f 70/56/36 72/57/37 71/58/38
f 72/57/37 70/56/36 73/59/37
f 72/57/37 73/59/37 74/60/39
f 75/61/40 72/57/37 74/60/39
f 76/62/41 78/63/23 77/64/23
f 83/65/42 79/66/43 80/63/44
f 79/66/43 81/67/45 80/63/44
f 81/67/45 79/66/43 82/68/46
f 79/66/43 83/65/42 84/69/42
f 85/70/47 79/66/43 84/69/42
f 86/71/48 79/66/43 85/70/47
f 87/72/49 86/71/48 85/70/47
f 86/71/48 87/72/49 88/73/48
f 80/63/44 88/73/48 89/74/48
f 88/73/48 87/72/49 89/74/48
f 89/74/48 90/75/48 80/63/44
f 90/75/48 83/65/42 80/63/44
f 92/76/50 93/77/51 91/78/52
f 93/77/51 92/76/50 94/79/53
f 95/80/54 97/81/55 96/82/55
f 98/83/54 97/81/55 95/80/54
f 99/84/56 101/85/56 100/86/56
f 101/85/56 99/84/56 102/87/56
f 102/87/56 99/84/56 103/88/56
f 102/87/56 103/88/56 104/89/56
f 101/85/56 102/87/56 105/90/56
f 101/85/56 105/90/56 106/91/56
f 107/89/57 109/92/57 108/93/58
f 109/92/57 107/89/57 110/88/57
f 111/86/59 113/94/60 112/84/61
f 113/94/60 111/86/59 114/95/59
f 116/94/62 118/92/62 115/88/62
f 115/88/62 117/84/62 116/94/62
f 119/96/63 120/90/63 122/87/64
f 119/96/63 121/97/63 120/90/63
f 123/91/65 125/98/66 124/85/67
f 125/98/66 123/91/65 126/99/68
f 127/93/69 128/87/70 130/89/71
f 127/93/69 129/96/71 128/87/70
f 131/95/72 133/85/72 132/98/73
f 133/85/72 131/95/72 134/86/73
f 135/97/74 136/91/75 138/90/75
f 135/97/74 137/99/75 136/91/75
f 140/100/76 141/37/34 139/101/77
f 142/34/78 141/37/34 140/100/76
f 143/102/79 144/103/80 146/104/81
f 144/103/80 143/102/79 145/105/82
f 147/106/83 143/102/79 146/104/81
f 143/102/79 147/106/83 148/107/79
f 148/107/79 150/108/80 149/109/82
f 150/108/80 148/107/79 147/106/83
f 151/73/84 152/64/85 154/62/86
f 151/73/84 153/63/87 152/64/85
f 155/110/88 156/71/89 158/111/90
f 156/71/89 155/110/88 157/66/88
f 159/71/91 160/63/92 162/73/93
f 159/71/91 161/66/94 160/63/92
f 163/68/95 160/63/92 161/66/94
f 160/63/92 163/68/95 164/67/95
f 165/112/96 166/113/97 168/114/98
f 165/112/96 167/115/99 166/113/97
f 167/115/99 169/116/100 166/113/97
f 169/116/100 167/115/99 170/117/101
f 171/118/102 170/117/101 167/115/99
f 170/117/101 171/118/102 172/119/103
f 169/116/100 173/120/102 166/113/97
f 173/120/102 169/116/100 174/121/103
f 175/122/104 176/123/104 178/124/104
f 175/122/104 177/125/104 176/123/104
f 179/49/25 181/44/105 180/42/25
f 183/43/106 186/126/107 182/127/106
f 182/127/106 184/47/106 183/43/106
f 184/47/106 182/127/106 185/128/108
f 183/43/106 187/49/109 186/126/107
f 188/129/106 186/126/107 187/49/109
f 187/49/109 189/130/110 188/129/106
f 190/48/109 189/130/110 187/49/109
f 189/130/110 190/48/109 191/131/110
f 185/128/108 191/131/110 190/48/109
f 190/48/109 184/47/106 185/128/108
f 192/50/111 190/48/109 187/49/109
f 190/48/109 192/50/111 193/51/112
f 195/132/113 194/133/114 196/134/115
f 197/135/116 196/134/115 194/133/114
f 901/631/418 902/632/419 904/633/420
f 902/632/419 901/631/418 903/634/421
f 905/635/422 901/631/418 904/633/420
f 905/635/422 904/633/420 906/636/423
f 907/637/424 905/635/422 906/636/423
f 905/635/422 907/637/424 908/638/425
f 909/639/426 908/638/425 907/637/424
f 908/638/425 909/639/426 910/640/427
f 907/637/424 911/641/428 909/639/426
f 911/641/428 907/637/424 912/642/429
f 912/642/429 906/636/423 913/643/430
f 906/636/423 912/642/429 907/637/424
f 906/636/423 914/644/431 913/643/430
f 906/636/423 904/633/420 914/644/431
f 904/633/420 915/645/432 914/644/431
f 915/645/432 904/633/420 902/632/419
f 916/646/433 918/647/434 917/648/26
f 918/647/434 916/646/433 919/649/435
f 918/647/434 920/650/436 917/648/26
f 920/650/436 918/647/434 921/651/437
f 922/652/438 925/653/439 923/654/440
f 923/654/440 924/655/441 922/652/438
f 922/652/438 926/656/442 925/653/439
f 926/656/442 922/652/438 927/657/443
f 929/658/444 930/659/445 928/660/446
f 930/659/445 932/661/447 931/662/448
f 932/661/447 930/659/445 933/663/42
f 930/659/445 929/658/444 933/663/42
f 934/664/449 932/661/447 933/663/42
f 929/658/444 934/664/449 933/663/42
f 932/661/447 934/664/449 935/665/450
f 934/664/449 929/658/444 936/666/451
f 937/667/452 939/668/453 938/669/454
f 939/668/453 937/667/452 940/670/455
f 941/671/456 940/670/455 937/667/452
f 940/670/455 941/671/456 944/672/457
f 941/671/456 942/673/458 944/672/457
f 942/673/458 941/671/456 943/674/459
f 947/675/460 944/672/457 942/673/458
f 944/672/457 945/676/461 940/670/455
f 945/676/461 944/672/457 946/677/462
f 944/672/457 947/675/460 946/677/462
f 942/673/458 948/678/463 947/675/460
f 942/673/458 949/679/464 948/678/463
f 943/674/459 949/679/464 942/673/458
f 943/674/459 950/680/465 949/679/464
f 951/681/466 940/670/455 945/676/461
f 940/670/455 951/681/466 939/668/453
f 952/654/467 953/652/468 955/653/469
f 953/652/468 952/654/467 954/655/470
f 953/652/468 956/656/471 955/653/469
f 956/656/471 953/652/468 957/657/472
f 959/647/473 961/648/89 958/646/474
f 958/646/474 960/649/427 959/647/473
f 959/647/473 962/650/475 961/648/89
f 962/650/475 959/647/473 963/651/476
f 964/682/477 965/663/110 967/683/478
f 965/663/110 964/682/477 966/684/335
f 968/685/479 967/683/478 965/663/110
f 965/663/110 969/686/330 968/685/479
f 965/663/110 970/687/480 969/686/330
f 970/687/480 965/663/110 971/688/481
f 972/689/418 971/688/481 965/663/110
f 965/663/110 966/684/335 972/689/418
f 973/690/482 975/691/483 974/692/483
f 976/693/484 975/691/483 973/690/482
f 977/693/367 979/691/485 978/690/367
f 978/690/367 979/691/485 980/692/368
f 981/694/486 983/695/487 982/696/487
f 983/695/487 981/694/486 984/697/487
f 1005/714/1 1006/715/1 1008/716/1
f 1005/714/1 1007/717/1 1006/715/1
usemtl Meshpart2Mtl.006
f 1/1/1 2/2/1 5/3/1
f 1/1/1 3/4/1 2/2/1
f 1/1/1 4/5/1 3/4/1
f 1/1/1 6/6/1 4/5/1
f 6/6/1 7/7/1 4/5/1
f 6/6/1 8/8/1 7/7/1
f 5/3/1 7/7/1 8/8/1
f 7/7/1 5/3/1 2/2/1
f 198/136/2 200/137/2 199/138/2
f 200/137/2 201/139/2 199/138/2
f 200/137/2 202/140/2 201/139/2
f 203/141/2 204/142/2 206/143/2
f 203/141/2 205/144/2 204/142/2
f 204/142/2 205/144/2 207/145/2
f 208/146/2 210/147/2 209/148/2
f 210/147/2 208/146/2 211/149/2
f 212/150/2 211/149/2 208/146/2
f 213/151/2 211/149/2 212/150/2
f 214/152/2 213/151/2 212/150/2
f 213/151/2 214/152/2 215/153/2
f 216/154/2 215/153/2 214/152/2
f 215/153/2 216/154/2 217/155/2
f 209/148/2 210/147/2 218/156/2
f 219/157/2 221/158/2 220/159/2
f 221/158/2 219/157/2 222/160/2
f 223/161/2 222/160/2 219/157/2
f 222/160/2 223/161/2 224/162/2
f 223/161/2 225/163/2 224/162/2
f 224/162/2 225/163/2 226/164/2
f 227/165/2 226/164/2 225/163/2
f 226/164/2 227/165/2 228/166/2
f 228/166/2 227/165/2 229/167/2
f 231/168/117 232/169/118 230/170/119
f 230/170/119 232/169/118 233/171/120
f 235/172/121 234/137/122 236/173/123
f 237/174/124 235/172/121 236/173/123
f 235/172/121 237/174/124 238/175/125
f 238/175/125 237/174/124 239/142/126
f 240/176/127 241/177/127 243/178/128
f 240/176/127 242/179/127 241/177/127
f 242/179/127 244/180/127 241/177/127
f 244/180/127 242/179/127 245/181/127
f 246/182/129 248/162/130 247/164/131
f 248/162/130 246/182/129 249/183/132
f 248/162/130 249/183/132 250/160/133
f 252/184/134 253/150/135 251/185/136
f 254/186/137 256/187/137 255/188/137
f 255/188/137 256/187/137 257/189/137
f 258/190/138 259/177/138 261/178/138
f 258/190/138 260/191/138 259/177/138
f 260/191/138 262/180/138 259/177/138
f 262/180/138 260/191/138 263/181/138
f 265/192/139 266/6/140 264/193/141
f 266/6/140 265/192/139 267/8/142
f 268/194/143 269/195/144 271/196/143
f 268/194/143 270/197/144 269/195/144
f 273/1/145 275/3/146 272/198/147
f 272/198/147 274/199/148 273/1/145
f 272/198/147 275/3/146 276/200/149
f 277/201/150 276/200/149 275/3/146
f 278/202/151 273/1/145 274/199/148
f 273/1/145 278/202/151 279/203/152
f 281/204/153 283/205/153 280/206/153
f 280/206/153 282/207/153 281/204/153
f 284/208/154 286/1/154 285/203/155
f 286/1/154 284/208/154 287/6/154
f 284/208/154 288/209/155 287/6/154
f 289/3/156 290/210/156 292/201/156
f 289/3/156 291/8/157 290/210/156
f 290/210/156 291/8/157 293/211/157
f 294/212/1 296/213/1 295/214/1
f 296/213/1 294/212/1 297/215/1
f 298/216/158 300/217/159 299/218/159
f 300/217/159 301/219/160 299/218/159
f 302/220/159 304/221/159 303/222/161
f 304/221/159 302/220/159 305/223/160
f 306/197/1 308/194/1 307/224/1
f 307/224/1 308/194/1 309/225/1
f 311/226/1 313/227/1 310/228/1
f 310/228/1 312/229/1 311/226/1
f 315/230/162 316/219/1 314/217/163
f 316/219/1 315/230/162 317/231/1
f 318/232/164 317/231/1 315/230/162
f 317/231/1 318/232/164 319/233/1
f 320/223/1 319/233/1 318/232/164
f 320/223/1 318/232/164 321/221/165
f 322/207/1 324/206/1 323/234/1
f 323/234/1 324/206/1 325/235/1
f 326/236/1 328/237/1 327/238/1
f 328/237/1 326/236/1 329/239/1
f 331/209/1 333/211/1 330/205/1
f 330/205/1 332/204/1 331/209/1
f 334/201/166 336/200/166 335/240/167
f 337/241/168 335/240/167 336/200/166
f 338/202/168 340/242/169 339/243/170
f 340/242/169 338/202/168 341/203/166
f 342/244/171 344/242/172 343/203/173
f 344/242/172 342/244/171 345/245/174
f 342/244/171 346/246/175 345/245/174
f 342/244/171 347/247/176 346/246/175
f 348/248/1 347/247/176 342/244/171
f 348/248/1 349/249/177 347/247/176
f 349/249/177 348/248/1 350/250/1
f 351/251/171 349/249/177 350/250/1
f 349/249/177 351/251/171 352/252/178
f 352/252/178 351/251/171 353/253/179
f 351/251/171 354/240/180 353/253/179
f 354/240/180 351/251/171 355/201/173
f 353/253/179 356/254/1 352/252/178
f 356/254/1 353/253/179 357/255/26
f 358/256/181 345/245/174 356/254/1
f 346/246/175 356/254/1 345/245/174
f 356/254/1 346/246/175 359/257/182
f 359/257/182 352/252/178 356/254/1
f 347/247/176 359/257/182 346/246/175
f 352/252/178 359/257/182 349/249/177
f 360/258/183 362/259/184 361/260/184
f 361/260/184 362/259/184 363/261/183
f 365/224/185 367/225/185 364/227/185
f 364/227/185 366/226/185 365/224/185
f 368/211/186 369/262/186 371/263/187
f 368/211/186 370/209/187 369/262/186
f 373/264/188 374/265/189 372/266/190
f 374/265/189 373/264/188 375/267/188
f 377/268/188 379/269/188 376/270/191
f 376/270/191 378/271/188 377/268/188
f 380/272/192 381/273/193 383/274/194
f 381/273/193 380/272/192 382/275/195
f 384/276/196 386/277/197 385/278/198
f 386/277/197 384/276/196 387/279/199
f 387/279/199 388/280/193 386/277/197
f 388/280/193 387/279/199 389/281/200
f 390/282/201 392/283/202 391/284/201
f 392/283/202 390/282/201 393/285/203
f 394/286/204 395/277/205 397/287/204
f 394/286/204 396/278/206 395/277/205
f 398/288/207 399/289/208 401/266/209
f 398/288/207 400/290/207 399/289/208
f 403/291/210 405/292/207 402/293/209
f 402/293/209 404/294/207 403/291/210
f 406/295/42 408/296/42 407/297/42
f 406/295/42 409/298/42 408/296/42
f 409/298/42 406/295/42 410/299/42
f 406/295/42 411/300/42 410/299/42
f 412/269/42 410/299/42 411/300/42
f 413/268/42 410/299/42 412/269/42
f 410/299/42 413/268/42 414/301/42
f 415/302/42 408/296/42 409/298/42
f 408/296/42 415/302/42 416/303/42
f 418/304/42 420/264/42 417/266/42
f 417/266/42 419/289/42 418/304/42
f 421/305/42 418/304/42 419/289/42
f 418/304/42 421/305/42 422/306/42
f 424/307/42 426/308/42 423/292/42
f 423/292/42 425/291/42 424/307/42
f 427/309/42 429/310/42 428/311/42
f 429/310/42 427/309/42 430/312/42
f 427/309/42 431/313/42 430/312/42
f 427/309/42 432/314/42 431/313/42
f 432/314/42 433/315/42 431/313/42
f 433/315/42 432/314/42 434/316/42
f 433/315/42 434/316/42 435/317/42
f 436/282/42 433/315/42 435/317/42
f 437/284/42 438/318/42 436/282/42
f 433/315/42 436/282/42 438/318/42
f 438/318/42 437/284/42 439/319/42
f 440/320/42 439/319/42 441/321/42
f 437/284/42 441/321/42 439/319/42
f 441/321/42 429/310/42 440/320/42
f 441/321/42 428/311/42 429/310/42
f 443/287/42 445/277/42 442/322/42
f 442/322/42 444/323/42 443/287/42
f 445/277/42 446/280/42 442/322/42
f 447/275/42 449/324/42 448/273/42
f 449/324/42 447/275/42 450/325/42
f 447/275/42 451/326/42 450/325/42
f 453/317/211 452/282/212 454/315/213
f 455/318/213 454/315/213 452/282/212
f 456/327/214 455/318/213 452/282/212
f 456/327/214 452/282/212 457/328/215
f 452/282/212 458/285/216 457/328/215
f 457/328/215 460/283/217 459/284/218
f 459/284/218 456/327/214 457/328/215
f 456/327/214 459/284/218 461/329/219
f 455/318/213 456/327/214 462/330/220
f 454/315/213 463/331/221 453/317/211
f 463/331/221 454/315/213 464/332/222
f 466/273/223 467/333/224 465/334/225
f 468/335/226 467/333/224 466/273/223
f 466/273/223 469/274/227 468/335/226
f 470/280/228 472/336/229 471/281/216
f 472/336/229 470/280/228 473/337/230
f 474/338/56 476/339/56 475/340/56
f 476/339/56 474/338/56 477/341/56
f 476/339/56 477/341/56 478/342/56
f 478/342/56 477/341/56 479/343/56
f 480/344/56 481/345/56 483/346/56
f 480/344/56 482/347/56 481/345/56
f 484/348/56 486/349/56 485/350/56
f 485/350/56 486/349/56 487/351/56
f 488/342/231 490/181/232 489/180/233
f 490/181/232 488/342/231 491/343/234
f 493/178/235 494/339/236 492/177/237
f 494/339/236 493/178/235 495/340/238
f 497/352/239 499/353/240 496/344/241
f 496/344/241 498/346/242 497/352/239
f 501/347/243 502/354/244 500/345/245
f 502/354/244 501/347/243 503/355/243
f 505/179/246 504/180/247 506/176/246
f 506/176/246 504/180/247 507/177/246
f 508/356/248 510/357/248 509/358/248
f 510/357/248 508/356/248 511/359/248
f 512/360/249 514/361/249 513/362/249
f 513/362/249 514/361/249 515/363/250
f 516/364/251 518/365/251 517/366/251
f 519/367/252 521/368/252 520/369/252
f 522/370/253 524/371/254 523/372/255
f 524/371/254 522/370/253 525/373/256
f 527/374/257 528/375/258 526/376/259
f 528/375/258 527/374/257 529/377/260
f 530/378/261 532/379/261 531/380/261
f 533/381/261 535/382/261 534/383/261
f 536/384/262 537/385/262 539/386/262
f 536/384/262 538/387/262 537/385/262
f 540/373/104 541/388/104 543/371/104
f 540/373/104 542/389/104 541/388/104
f 544/378/104 545/390/104 547/382/104
f 544/378/104 546/391/104 545/390/104
f 548/377/104 550/374/104 549/392/104
f 549/392/104 550/374/104 551/393/104
f 552/394/263 554/395/263 553/396/263
f 553/396/263 554/395/263 555/397/264
f 556/398/265 558/399/266 557/400/265
f 557/400/265 558/399/266 559/401/267
f 560/402/268 561/400/104 559/401/269
f 561/400/104 560/402/268 562/403/104
f 563/404/270 562/403/104 560/402/268
f 562/403/104 563/404/270 564/405/104
f 563/404/270 565/406/104 564/405/104
f 566/407/271 565/406/104 563/404/270
f 567/408/272 568/406/265 566/407/273
f 568/406/265 567/408/272 569/409/265
f 571/410/104 573/411/104 570/387/104
f 570/387/104 572/384/104 571/410/104
f 574/412/104 576/413/104 575/414/104
f 576/413/104 574/412/104 577/415/104
f 578/394/104 580/416/104 579/395/104
f 580/416/104 581/417/104 579/395/104
f 582/418/274 584/399/274 583/398/274
f 584/399/274 582/418/274 585/419/274
f 586/408/274 588/420/274 587/409/274
f 588/420/274 586/408/274 589/421/274
f 590/422/104 592/423/104 591/424/104
f 591/424/104 592/423/104 593/425/104
f 595/403/275 597/405/276 594/417/277
f 594/417/277 596/416/275 595/403/275
f 599/393/278 598/426/278 600/392/278
f 598/426/278 601/427/278 600/392/278
f 602/428/279 604/429/280 603/430/281
f 604/429/280 602/428/279 605/431/280
f 606/432/104 605/431/280 602/428/279
f 607/433/282 606/432/104 602/428/279
f 604/429/280 605/431/280 608/434/283
f 608/434/283 605/431/280 609/435/283
f 608/434/283 609/435/283 610/436/275
f 610/436/275 611/437/276 608/434/283
f 604/429/280 612/438/104 603/430/281
f 613/439/284 603/430/281 612/438/104
f 615/440/285 616/441/89 614/442/286
f 615/440/285 617/443/104 616/441/89
f 618/444/287 617/443/104 615/440/285
f 618/444/287 619/445/288 617/443/104
f 621/437/104 623/436/104 620/446/104
f 620/446/104 622/447/104 621/437/104
f 624/448/289 626/439/290 625/438/289
f 626/439/290 624/448/289 627/449/291
f 628/433/291 630/450/291 629/432/290
f 630/450/291 628/433/291 631/451/292
f 633/424/293 635/425/293 632/411/294
f 632/411/294 634/410/293 633/424/293
f 636/447/295 637/452/295 639/453/295
f 636/447/295 638/446/295 637/452/295
f 640/454/296 642/455/297 641/456/298
f 643/457/299 641/456/298 642/455/297
f 644/458/300 646/459/301 645/460/301
f 646/459/301 644/458/300 647/461/299
f 648/462/302 650/463/303 649/464/304
f 650/463/303 648/462/302 651/465/305
f 652/466/306 653/467/307 655/468/308
f 653/467/307 652/466/306 654/469/309
f 656/470/303 655/468/308 653/467/307
f 655/468/308 656/470/303 657/471/305
f 658/472/310 660/473/310 659/474/311
f 660/473/310 658/472/310 661/475/312
f 662/467/313 664/476/314 663/477/313
f 664/476/314 662/467/313 665/469/313
f 666/478/315 668/479/316 667/454/316
f 668/479/316 666/478/315 669/480/317
f 670/481/318 672/482/318 671/483/316
f 672/482/318 670/481/318 673/484/317
f 675/485/110 677/486/110 674/487/110
f 674/487/110 676/488/110 675/485/110
f 678/489/110 674/487/110 677/486/110
f 674/487/110 678/489/110 679/490/110
f 679/490/110 678/489/110 680/461/110
f 680/461/110 678/489/110 681/459/110
f 681/459/110 678/489/110 682/491/110
f 675/485/110 683/492/110 677/486/110
f 683/492/110 675/485/110 684/493/110
f 685/494/110 687/483/110 686/495/110
f 687/483/110 685/494/110 688/481/110
f 690/478/110 693/454/110 689/496/110
f 689/496/110 691/497/110 690/478/110
f 691/497/110 689/496/110 692/498/110
f 694/456/110 689/496/110 693/454/110
f 695/499/110 697/474/110 696/500/110
f 698/501/110 697/474/110 695/499/110
f 695/499/110 699/502/110 698/501/110
f 700/503/110 698/501/110 699/502/110
f 700/503/110 701/504/110 698/501/110
f 702/505/110 701/504/110 700/503/110
f 702/505/110 700/503/110 703/506/110
f 704/507/110 702/505/110 703/506/110
f 705/508/110 704/507/110 703/506/110
f 696/500/110 706/473/110 705/508/110
f 705/508/110 706/473/110 707/509/110
f 704/507/110 705/508/110 708/510/110
f 708/510/110 705/508/110 707/509/110
f 706/473/110 696/500/110 697/474/110
f 710/511/110 712/470/110 709/467/110
f 709/467/110 711/477/110 710/511/110
f 713/512/110 710/511/110 711/477/110
f 718/513/110 714/464/110 715/514/110
f 714/464/110 716/515/110 715/514/110
f 716/515/110 714/464/110 717/463/110
f 720/508/319 721/516/320 719/517/321
f 721/516/320 720/508/319 722/509/322
f 723/473/323 722/509/322 720/508/319
f 720/508/319 724/500/324 723/473/323
f 724/500/324 725/518/122 723/473/323
f 725/518/122 726/519/110 723/473/323
f 723/473/323 726/519/110 727/475/319
f 728/474/325 726/519/110 725/518/122
f 726/519/110 728/474/325 729/472/326
f 728/474/325 725/518/122 730/520/327
f 725/518/122 724/500/324 731/521/328
f 733/522/329 734/463/330 732/523/331
f 733/522/329 735/524/332 734/463/330
f 736/465/333 734/463/330 735/524/332
f 738/470/334 739/525/335 737/526/179
f 739/525/335 738/470/334 740/471/336
f 986/698/488 988/699/489 985/700/489
f 985/700/489 987/701/489 986/698/488
f 989/700/490 991/698/491 990/699/491
f 991/698/491 989/700/490 992/701/491
f 993/702/336 995/703/319 994/704/492
f 995/703/319 993/702/336 996/705/319
f 1009/718/216 1010/719/216 1012/720/216
f 1009/718/216 1011/721/216 1010/719/216
usemtl Meshpart3Mtl.004
f 741/527/2 742/528/2 744/529/2
f 741/527/2 743/530/2 742/528/2
f 743/530/2 741/527/2 745/531/2
f 745/531/2 741/527/2 746/532/2
f 743/530/2 745/531/2 747/533/2
f 747/533/2 745/531/2 748/534/2
f 749/535/337 751/536/337 750/537/338
f 751/536/337 749/535/337 752/538/337
f 753/539/338 755/540/338 754/541/338
f 755/540/338 753/539/338 756/542/338
f 760/543/339 757/544/340 758/545/341
f 758/545/341 757/544/340 759/546/340
f 758/545/341 761/547/342 760/543/339
f 761/547/342 758/545/341 762/548/342
f 763/549/1 764/550/1 766/551/1
f 763/549/1 765/552/1 764/550/1
f 767/551/343 769/553/343 768/549/344
f 769/553/343 767/551/343 770/554/344
f 771/555/1 773/556/1 772/557/1
f 773/556/1 771/555/1 774/558/1
f 774/558/1 775/559/1 773/556/1
f 774/558/1 776/560/1 775/559/1
f 777/561/1 775/559/1 776/560/1
f 775/559/1 777/561/1 778/562/1
f 783/547/345 779/563/346 780/543/347
f 779/563/346 781/544/348 780/543/347
f 781/544/348 779/563/346 782/564/349
f 784/565/350 779/563/346 783/547/345
f 785/558/343 787/566/343 786/560/351
f 787/566/343 785/558/343 788/567/351
f 788/567/351 789/568/351 787/566/343
f 791/569/352 792/570/353 790/571/354
f 790/571/354 792/570/353 793/572/355
f 795/573/356 793/572/355 792/570/353
f 793/572/355 795/573/356 794/574/357
f 796/575/358 794/574/357 795/573/356
f 800/576/42 797/577/42 798/578/42
f 797/577/42 799/579/42 798/578/42
f 801/580/42 799/579/42 797/577/42
f 799/579/42 801/580/42 802/581/42
f 803/571/359 805/582/360 804/583/361
f 805/582/360 803/571/359 806/584/362
f 806/584/362 803/571/359 807/572/363
f 806/584/362 807/572/363 808/585/364
f 808/585/364 807/572/363 809/574/365
f 808/585/364 809/574/365 810/586/365
f 806/584/362 808/585/364 811/587/366
f 812/588/367 814/589/367 813/590/367
f 814/589/367 812/588/367 815/591/367
f 816/592/367 818/593/368 817/594/368
f 818/593/368 816/592/367 819/595/368
f 820/596/367 822/597/367 821/598/367
f 822/597/367 820/596/367 823/599/367
f 824/600/369 826/601/370 825/602/370
f 825/602/370 826/601/370 827/603/369
f 828/574/371 830/570/372 829/575/373
f 830/570/372 828/574/371 831/572/372
f 832/571/374 830/570/372 831/572/372
f 833/569/375 830/570/372 832/571/374
f 834/600/104 835/604/104 837/601/104
f 834/600/104 836/605/104 835/604/104
f 839/606/376 841/607/376 838/608/370
f 838/608/370 840/609/369 839/606/376
f 841/607/376 842/610/370 838/608/370
f 838/608/370 842/610/370 843/611/370
f 844/612/376 839/606/376 840/609/369
f 845/613/369 844/612/376 840/609/369
f 846/606/104 848/614/104 847/607/104
f 848/614/104 846/606/104 849/615/104
f 850/571/377 852/585/378 851/583/379
f 852/585/378 850/571/377 853/572/380
f 852/585/378 853/572/380 854/574/381
f 852/585/378 854/574/381 855/586/382
f 859/544/383 856/545/384 857/543/384
f 856/545/384 858/547/385 857/543/384
f 858/547/385 856/545/384 860/548/386
f 861/546/387 856/545/384 859/544/383
f 862/616/110 864/617/110 863/618/110
f 865/619/110 864/617/110 862/616/110
f 864/617/110 865/619/110 866/620/110
f 865/619/110 867/621/110 866/620/110
f 871/622/388 868/547/389 869/623/390
f 869/623/390 868/547/389 870/565/391
f 868/547/389 871/622/388 872/543/392
f 871/622/388 873/563/393 872/543/392
f 873/563/393 874/544/394 872/543/392
f 874/544/394 873/563/393 875/564/394
f 873/563/393 871/622/388 876/624/395
f 877/625/396 879/626/397 878/627/398
f 879/626/397 877/625/396 880/628/399
f 881/629/400 879/626/397 880/628/399
f 879/626/397 881/629/400 882/630/401
f 884/627/402 883/625/403 885/626/404
f 885/626/404 883/625/403 886/628/405
f 887/629/406 885/626/404 886/628/405
f 885/626/404 887/629/406 888/630/407
f 892/628/408 890/626/409 889/625/406
f 890/626/409 891/627/410 889/625/406
f 893/629/411 890/626/409 892/628/408
f 890/626/409 893/629/411 894/630/412
f 895/629/396 896/626/413 898/628/414
f 896/626/413 895/629/396 897/630/415
f 899/625/416 898/628/414 896/626/413
f 896/626/413 900/627/417 899/625/416
f 998/706/414 999/707/493 997/708/494
f 1001/709/495 999/707/493 998/706/414
f 999/707/493 1001/709/495 1000/710/496
f 1003/711/497 1001/709/495 998/706/414
f 1001/709/495 1003/711/497 1002/712/406
f 1003/711/497 998/706/414 1004/713/498
f 1025/734/2 1027/735/2 1026/736/2
f 1027/735/2 1025/734/2 1028/737/2
f 1029/738/2 1028/737/2 1025/734/2
f 1029/738/2 1025/734/2 1030/739/2
f 1031/740/2 1029/738/2 1030/739/2
f 1030/739/2 1032/741/2 1031/740/2
f 1033/742/2 1031/740/2 1032/741/2
f 1031/740/2 1033/742/2 1034/743/2
f 1033/742/2 1035/744/2 1034/743/2
f 1035/744/2 1033/742/2 1036/745/2
f 1037/746/2 1035/744/2 1036/745/2
f 1037/746/2 1036/745/2 1038/747/2
f 1039/748/2 1037/746/2 1038/747/2
f 1040/749/2 1042/750/2 1039/748/2
f 1039/748/2 1041/751/2 1040/749/2
f 1037/746/2 1039/748/2 1042/750/2
f 1041/751/2 1043/752/2 1040/749/2
f 1043/752/2 1041/751/2 1044/753/2
f 1045/754/2 1043/752/2 1044/753/2
f 1046/755/2 1048/756/2 1045/754/2
f 1045/754/2 1047/757/2 1046/755/2
f 1043/752/2 1045/754/2 1048/756/2
f 1027/735/2 1046/755/2 1047/757/2
f 1027/735/2 1047/757/2 1026/736/2
f 1049/758/2 1051/759/2 1050/760/2
f 1051/759/2 1049/758/2 1052/761/2
f 1049/758/2 1053/762/2 1052/761/2
f 1053/762/2 1049/758/2 1054/763/2
f 1055/764/2 1053/762/2 1054/763/2
f 1053/762/2 1055/764/2 1056/765/2
f 1057/766/2 1056/765/2 1055/764/2
f 1057/766/2 1055/764/2 1058/767/2
f 1059/768/2 1057/766/2 1058/767/2
f 1060/769/2 1062/770/2 1059/768/2
f 1059/768/2 1061/771/2 1060/769/2
f 1057/766/2 1059/768/2 1062/770/2
f 1063/772/2 1060/769/2 1061/771/2
f 1063/772/2 1051/759/2 1064/773/2
f 1051/759/2 1063/772/2 1050/760/2
f 1060/769/2 1063/772/2 1064/773/2
f 1065/774/2 1067/775/2 1066/776/2
f 1068/777/2 1067/775/2 1065/774/2
f 1069/778/2 1067/775/2 1068/777/2
f 1070/779/2 1069/778/2 1068/777/2
f 1069/778/2 1070/779/2 1071/780/2
f 1067/775/2 1069/778/2 1072/781/2
f 1073/782/2 1075/783/2 1074/784/2
f 1074/784/2 1075/783/2 1076/785/2
f 1077/786/2 1079/787/2 1078/788/2
f 1078/788/2 1079/787/2 1080/789/2
f 1081/790/2 1083/791/2 1082/792/2
f 1084/793/2 1082/792/2 1083/791/2
f 1085/794/2 1087/795/2 1086/796/2
f 1088/797/2 1086/796/2 1087/795/2
f 1090/798/1 1092/799/1 1089/800/1
f 1089/800/1 1091/801/1 1090/798/1
f 1093/802/1 1095/803/1 1094/804/1
f 1095/803/1 1093/802/1 1096/805/1
f 1097/806/1 1099/807/1 1098/808/1
f 1099/807/1 1097/806/1 1100/809/1
f 1102/810/509 1103/811/510 1101/812/510
f 1103/811/510 1102/810/509 1104/813/509
f 1102/810/509 1105/814/511 1104/813/509
f 1105/814/511 1102/810/509 1106/815/511
f 1107/816/512 1105/814/511 1106/815/511
f 1108/817/512 1105/814/511 1107/816/512
f 1109/818/438 1111/819/513 1110/820/1
f 1111/819/513 1109/818/438 1112/821/514
f 1113/822/26 1110/820/1 1111/819/513
f 1110/820/1 1113/822/26 1114/823/26
f 1115/824/438 1117/819/1 1116/820/1
f 1117/819/1 1115/824/438 1118/825/510
f 1119/826/26 1116/820/1 1117/819/1
f 1116/820/1 1119/826/26 1120/827/26
f 1122/828/515 1121/829/516 1123/830/516
f 1123/830/516 1124/831/515 1122/828/515
f 1125/832/509 1122/828/515 1124/831/515
f 1124/831/515 1126/833/517 1125/832/509
f 1127/834/181 1125/832/509 1126/833/517
f 1126/833/517 1128/835/181 1127/834/181
f 1130/836/42 1132/837/42 1129/838/42
f 1129/838/42 1131/839/42 1130/836/42
f 1134/840/518 1136/841/519 1133/842/520
f 1133/842/520 1135/843/521 1134/840/518
f 1136/841/519 1137/844/522 1133/842/520
f 1133/842/520 1137/844/522 1138/845/522
f 1139/846/226 1134/840/518 1135/843/521
f 1140/847/226 1134/840/518 1139/846/226
f 1142/848/42 1143/849/522 1141/850/449
f 1144/851/42 1143/849/522 1142/848/42
f 1145/852/226 1144/851/42 1142/848/42
f 1146/853/226 1144/851/42 1145/852/226
f 1148/848/42 1149/854/522 1147/855/522
f 1148/848/42 1150/851/42 1149/854/522
f 1151/856/226 1150/851/42 1148/848/42
f 1151/856/226 1152/857/226 1150/851/42
f 1154/848/42 1157/858/522 1153/851/42
f 1153/851/42 1155/859/226 1154/848/42
f 1155/859/226 1153/851/42 1156/860/226
f 1157/858/522 1154/848/42 1158/861/522
f 1160/862/42 1162/863/42 1159/864/42
f 1159/864/42 1161/865/42 1160/862/42
f 1164/866/42 1166/867/42 1163/868/42
f 1163/868/42 1165/869/42 1164/866/42
f 1168/870/226 1169/871/523 1167/872/226
f 1169/871/523 1168/870/226 1170/873/523
f 1170/873/523 1171/874/524 1169/871/523
f 1171/874/524 1170/873/523 1172/875/525
f 1172/875/525 1173/876/522 1171/874/524
f 1173/876/522 1172/875/525 1174/877/522
f 1175/746/56 1176/745/56 1178/747/56
f 1175/746/56 1177/744/56 1176/745/56
f 1179/748/56 1175/746/56 1178/747/56
f 1175/746/56 1179/748/56 1180/750/56
f 1181/749/56 1180/750/56 1179/748/56
f 1181/749/56 1179/748/56 1182/751/56
f 1183/752/56 1181/749/56 1182/751/56
f 1182/751/56 1184/753/56 1183/752/56
f 1185/754/56 1183/752/56 1184/753/56
f 1183/752/56 1185/754/56 1186/756/56
f 1185/754/56 1187/755/56 1186/756/56
f 1187/755/56 1185/754/56 1188/757/56
f 1188/757/56 1189/735/56 1187/755/56
f 1189/735/56 1191/734/56 1190/737/56
f 1191/734/56 1189/735/56 1192/736/56
f 1189/735/56 1188/757/56 1192/736/56
f 1193/738/56 1190/737/56 1191/734/56
f 1191/734/56 1194/739/56 1193/738/56
f 1194/739/56 1195/740/56 1193/738/56
f 1195/740/56 1194/739/56 1196/741/56
f 1197/742/56 1195/740/56 1196/741/56
f 1177/744/56 1198/743/56 1197/742/56
f 1197/742/56 1176/745/56 1177/744/56
f 1195/740/56 1197/742/56 1198/743/56
f 1199/759/56 1200/772/56 1202/760/56
f 1199/759/56 1201/773/56 1200/772/56
f 1203/758/56 1199/759/56 1202/760/56
f 1199/759/56 1203/758/56 1204/761/56
f 1205/762/56 1204/761/56 1203/758/56
f 1203/758/56 1206/763/56 1205/762/56
f 1207/764/56 1205/762/56 1206/763/56
f 1205/762/56 1207/764/56 1208/765/56
f 1207/764/56 1209/766/56 1208/765/56
f 1209/766/56 1211/768/56 1210/770/56
f 1211/768/56 1209/766/56 1212/767/56
f 1209/766/56 1207/764/56 1212/767/56
f 1211/768/56 1213/769/56 1210/770/56
f 1213/769/56 1211/768/56 1214/771/56
f 1200/772/56 1213/769/56 1214/771/56
f 1213/769/56 1200/772/56 1201/773/56
f 1216/778/56 1218/777/56 1215/779/56
f 1215/779/56 1217/780/56 1216/778/56
f 1216/778/56 1219/775/56 1218/777/56
f 1219/775/56 1220/774/56 1218/777/56
f 1220/774/56 1219/775/56 1221/776/56
f 1219/775/56 1216/778/56 1222/781/56
f 1223/785/56 1225/784/56 1224/783/56
f 1224/783/56 1225/784/56 1226/782/56
f 1227/789/56 1229/788/56 1228/787/56
f 1228/787/56 1229/788/56 1230/786/56
f 1231/797/56 1233/796/56 1232/795/56
f 1234/794/56 1232/795/56 1233/796/56
f 1235/793/56 1237/792/56 1236/791/56
f 1238/790/56 1236/791/56 1237/792/56
f 1240/878/104 1242/879/104 1239/880/104
f 1239/880/104 1241/881/104 1240/878/104
f 1244/882/526 1245/883/527 1243/884/527
f 1246/885/526 1245/883/527 1244/882/526
f 1247/886/528 1246/885/526 1244/882/526
f 1244/882/526 1248/887/529 1247/886/528
f 1249/888/90 1247/886/528 1248/887/529
f 1250/889/90 1247/886/528 1249/888/90
f 1252/890/104 1253/891/288 1251/892/288
f 1254/893/104 1253/891/288 1252/890/104
f 1255/894/90 1254/893/104 1256/895/90
f 1256/895/90 1254/893/104 1252/890/104
f 1258/890/104 1259/896/530 1257/897/531
f 1258/890/104 1260/893/104 1259/896/530
f 1261/898/89 1260/893/104 1258/890/104
f 1261/898/89 1262/899/89 1260/893/104
f 1264/900/530 1265/890/104 1263/901/530
f 1265/890/104 1264/900/530 1266/893/104
f 1266/893/104 1267/902/89 1265/890/104
f 1267/902/89 1266/893/104 1268/903/89
f 1270/904/532 1271/905/529 1269/906/532
f 1271/905/529 1270/904/532 1272/907/529
f 1272/907/529 1273/908/533 1271/905/529
f 1273/908/533 1272/907/529 1274/909/526
f 1274/909/526 1275/910/288 1273/908/533
f 1275/910/288 1274/909/526 1276/911/288
f 1278/912/104 1280/913/104 1277/914/104
f 1277/914/104 1279/915/104 1278/912/104
f 1282/916/104 1284/917/104 1281/918/104
f 1281/918/104 1283/919/104 1282/916/104
f 1285/920/110 1287/921/110 1286/922/110
f 1287/921/110 1285/920/110 1288/923/110
f 1290/924/534 1291/925/330 1289/926/330
f 1292/927/535 1291/925/330 1290/924/534
f 1290/924/534 1293/928/536 1292/927/535
f 1294/929/335 1293/928/536 1295/930/335
f 1295/930/335 1293/928/536 1296/931/536
f 1293/928/536 1290/924/534 1296/931/536
f 1297/932/537 1299/933/110 1298/934/335
f 1298/934/335 1299/933/110 1300/935/110
f 1299/933/110 1301/936/282 1300/935/110
f 1300/935/110 1301/936/282 1302/937/282
f 1304/938/335 1303/939/537 1305/933/538
f 1304/938/335 1305/933/538 1306/935/110
f 1306/935/110 1305/933/538 1307/940/539
f 1306/935/110 1307/940/539 1308/941/330
f 1310/942/330 1311/935/110 1309/943/330
f 1311/935/110 1310/942/330 1312/933/110
f 1312/933/110 1313/944/335 1311/935/110
f 1313/944/335 1312/933/110 1314/945/335
f 1316/946/110 1318/947/110 1315/948/110
f 1315/948/110 1317/949/110 1316/946/110
f 1320/950/110 1322/951/110 1319/952/110
f 1319/952/110 1321/953/110 1320/950/110
f 1323/954/330 1325/955/540 1324/956/330
f 1325/955/540 1323/954/330 1326/957/541
f 1326/957/541 1327/958/542 1325/955/540
f 1327/958/542 1326/957/541 1328/959/543
f 1328/959/543 1329/960/335 1327/958/542
f 1329/960/335 1328/959/543 1330/961/335
f 1398/819/1 1397/998/438 1399/999/438
f 1399/999/438 1400/820/1 1398/819/1
f 1401/1000/26 1398/819/1 1400/820/1
f 1400/820/1 1402/1001/26 1401/1000/26
usemtl Meshpart5Mtl.004
f 1013/722/499 1015/723/38 1014/724/38
f 1016/725/500 1015/723/38 1017/726/501
f 1017/726/501 1018/727/502 1016/725/500
f 1018/727/502 1017/726/501 1019/728/503
f 1020/729/504 1019/728/505 1021/730/504
f 1022/731/506 1020/729/504 1021/730/504
f 1020/729/504 1022/731/506 1023/732/507
f 1024/733/508 1023/732/507 1022/731/506
f 1331/962/544 1333/963/545 1332/964/546
f 1333/963/545 1331/962/544 1334/965/547
f 1335/966/548 1334/965/545 1336/967/549
f 1337/968/550 1335/966/548 1336/967/549
f 1338/969/551 1332/964/552 1339/970/553
f 1340/971/554 1338/969/551 1339/970/553
f 1338/969/551 1340/971/554 1341/972/555
f 1342/973/556 1341/972/555 1340/971/554
f 1341/972/555 1342/973/556 1343/722/556
f 1344/723/38 1343/722/556 1342/973/556
f 1344/723/38 1346/725/557 1345/724/38
f 1348/974/558 1350/975/559 1347/976/560
f 1347/976/560 1349/977/561 1348/974/558
f 1350/975/559 1348/974/558 1351/978/562
f 1352/979/563 1350/975/559 1351/978/562
f 1350/975/559 1352/979/563 1353/980/564
f 1354/981/565 1353/980/564 1352/979/563
f 1355/966/566 1357/968/567 1356/982/568
f 1358/965/569 1355/966/570 1359/963/569
f 1360/983/571 1356/982/568 1357/968/567
f 1356/982/568 1360/983/571 1361/984/572
f 1362/984/573 1364/985/574 1363/986/575
f 1364/985/574 1362/984/573 1365/983/576
f 1364/985/574 1366/987/577 1363/986/575
f 1367/988/508 1369/989/578 1368/990/579
f 1369/989/578 1370/991/580 1368/990/579
f 1370/991/580 1369/989/578 1371/977/581
f 1371/977/581 1372/976/582 1370/991/580
f 1373/992/583 1375/993/584 1374/994/584
f 1375/993/584 1376/995/585 1374/994/584
f 1376/995/585 1375/993/584 1377/996/585
f 1379/987/586 1382/985/574 1378/997/587
f 1378/997/587 1380/996/585 1379/987/586
f 1380/996/585 1378/997/587 1381/995/585
f 1383/989/588 1385/988/589 1384/733/590
f 1386/732/591 1384/733/590 1385/988/589
f 1387/993/584 1389/992/565 1388/981/592
f 1390/980/593 1388/981/592 1389/992/565
f 1391/728/594 1393/729/595 1392/727/505
f 1394/964/552 1396/969/596 1395/962/552
