# Blender 5.1.2
# www.blender.org
mtllib Bug Net Nettyy.mtl
o 100928932717239
v 0.708402 -0.035886 -0.301733
v 0.524428 -0.131511 -0.174017
v 0.515942 -0.130469 -0.173944
v 0.713302 -0.161262 -0.000266
v 0.713570 -0.159030 -0.007913
v 0.716555 -0.138957 -0.004646
v 0.900520 -0.188007 -0.176441
v 0.524322 -0.112499 -0.166205
v 0.906186 -0.169743 -0.168904
v 0.708176 -0.039690 -0.294651
v 0.710643 -0.023089 -0.282783
v 0.716251 -0.140919 -0.000261
v 0.710623 -0.021429 -0.287290
v 0.518208 -0.111716 -0.165839
v 0.912287 -0.170560 -0.169092
v 0.908614 -0.189292 -0.176715
v 0.911717 -0.170559 0.169228
v 0.905454 -0.189946 -0.162093
v 0.905618 -0.169742 0.169020
v 0.904688 -0.164177 -0.174237
v 0.718075 -0.022265 -0.287617
v 0.714807 -0.036618 -0.301962
v 0.904678 0.064457 -0.402665
v 0.911856 0.068738 -0.408080
v 0.906164 0.050412 -0.417600
v 0.906093 -0.179122 -0.188278
v 0.909815 0.060641 -0.426862
v -0.056233 0.418715 -0.114209
v -0.273968 0.277236 -0.214502
v -0.283158 0.273566 -0.213794
v 0.220727 0.471697 -0.247057
v -0.048432 0.423382 -0.115150
v -0.065752 0.416353 -0.114785
v 0.219604 0.474709 -0.240756
v 0.418277 0.693156 -0.172333
v -0.039548 0.406396 -0.107731
v 0.228737 0.460601 -0.228922
v 0.429264 0.677380 -0.165061
v 0.229508 0.459047 -0.233442
v 0.212529 0.549845 -0.005477
v 0.202417 0.567579 -0.007888
v 0.202423 0.569692 -0.001127
v 0.432410 0.700644 -0.173668
v 0.212341 0.551687 -0.001110
v 0.436805 0.681924 -0.166404
v -0.048788 0.401139 -0.106582
v 0.237615 0.460986 -0.234267
v 0.461881 0.449138 -0.400564
v 0.461480 0.451796 -0.397120
v 0.672503 0.546027 -0.282924
v 0.680549 0.547240 -0.283844
v 0.229161 0.474131 -0.247617
v 0.457234 0.466978 -0.410312
v 0.458154 0.457815 -0.418822
v 0.672668 0.560863 -0.297150
v 0.680987 0.561877 -0.298268
v 0.432926 0.691327 -0.184474
v 0.437113 0.677903 -0.169481
v 0.446425 0.700058 -0.173823
v 0.443610 0.681215 -0.166104
v 0.680955 0.549073 -0.279171
v 0.903546 0.646111 -0.169015
v 0.681498 0.565476 -0.291547
v 0.902377 0.665107 -0.176777
v 0.673941 0.661286 -0.005003
v 0.674857 0.681650 -0.007656
v 0.674592 0.683779 -0.000332
v 0.673777 0.663241 -0.000334
v 0.909888 0.645644 -0.168912
v 0.911008 0.664571 -0.176851
v 0.688370 0.561274 -0.298334
v 0.910808 0.414360 -0.426990
v 0.908115 0.425804 -0.417584
v 0.688349 0.546761 -0.283776
v 0.907502 0.656002 -0.187299
v 0.903475 0.412139 -0.402947
v 0.902774 0.641388 -0.173641
v 0.910413 0.664571 0.176981
v 0.909319 0.645645 0.169038
v 0.902784 0.646115 -0.162216
v 0.907291 0.666027 0.163010
v 0.907840 0.666027 -0.162891
v 0.682161 0.683212 -0.000320
v 0.902238 0.646116 0.162318
v 0.681627 0.662663 -0.000321
v 0.901782 0.665108 0.176877
v 0.674832 0.681650 0.006991
v 0.445843 0.700059 0.172388
v 0.673925 0.661287 0.004335
v 0.902976 0.646112 0.169119
v 0.443053 0.681216 0.164661
v 0.431829 0.700644 0.172186
v 0.666003 0.682109 -0.000347
v 0.432105 0.701191 -0.159969
v 0.211234 0.572198 -0.001112
v 0.436734 0.681246 -0.161790
v 0.665743 0.661555 -0.000347
v 0.431568 0.701190 0.158486
v 0.436191 0.681247 0.160324
v 0.220548 0.553874 -0.001096
v 0.436247 0.681924 0.164938
v 0.679595 0.547241 0.283198
v 0.680016 0.549074 0.278526
v 0.680518 0.565477 0.290904
v 0.679984 0.561878 0.297622
v 0.902189 0.641388 0.173742
v 0.902119 0.412140 0.403050
v 0.909473 0.406732 0.408032
v 0.906871 0.656002 0.187417
v 0.687394 0.546761 0.283157
v 0.906709 0.425805 0.417702
v 0.687366 0.561274 0.297713
v 0.909371 0.414361 0.427119
v 0.910482 0.068739 0.408212
v 0.902753 0.076714 0.407996
v 0.694516 0.264679 0.403164
v 0.903221 0.407025 0.408077
v 0.902234 0.400353 0.407868
v 0.702172 0.264210 0.403355
v 0.700638 0.264179 0.423852
v 0.905628 0.401008 0.428130
v 0.906023 0.076035 0.428278
v 0.908378 0.060641 0.426987
v 0.693719 0.264772 0.423704
v 0.900893 0.414983 0.426885
v 0.694455 0.272164 0.421483
v 0.469364 0.456953 0.417726
v 0.695076 0.269128 0.401163
v 0.456747 0.457815 0.417426
v 0.467127 0.449027 0.398892
v 0.679921 0.555099 0.301402
v 0.679509 0.542628 0.285067
v 0.460534 0.449139 0.399181
v 0.671552 0.546028 0.282250
v 0.671669 0.560864 0.296476
v 0.455855 0.466979 0.408913
v 0.228331 0.474132 0.245452
v 0.219899 0.471698 0.244864
v 0.460146 0.451797 0.395736
v 0.236831 0.460987 0.232130
v 0.228726 0.459047 0.231278
v 0.436544 0.677903 0.168016
v 0.432306 0.691326 0.182995
v 0.428711 0.677380 0.163569
v 0.227970 0.460602 0.226754
v -0.039906 0.406396 0.104661
v 0.218796 0.474711 0.238558
v 0.417699 0.693157 0.170804
v -0.048814 0.423383 0.112051
v 0.212514 0.549845 0.003257
v 0.202393 0.567579 0.005633
v -1.069366 -0.554506 -0.024373
v -1.060636 -0.575509 -0.003252
v -1.069817 -0.561468 -0.010158
v -1.051138 -0.536940 -0.031393
v -1.053493 -0.543571 -0.017237
v -1.049226 -0.540340 -0.034604
v -1.052559 -0.538304 -0.019481
v -1.040694 -0.466093 -0.048484
v -1.068951 -0.546755 -0.028559
v -1.061873 -0.550012 -0.047605
v -1.069227 -0.540430 -0.040509
v -1.056791 -0.467544 -0.061184
v -1.060932 -0.530349 -0.019626
v -1.083593 -0.535245 -0.021761
v -1.075572 -0.536168 -0.032827
v -1.064474 -0.530093 -0.016240
v -1.036135 -0.437511 -0.060226
v -1.052660 -0.438660 -0.072395
v -1.057194 -0.534193 -0.056621
v -0.997262 -0.479553 -0.102626
v -1.045066 -0.530096 -0.040539
v -0.990651 -0.471394 -0.084956
v -0.994344 -0.469173 -0.082864
v -0.997369 -0.393655 -0.116797
v -0.993664 -0.384766 -0.122340
v -1.002490 -0.476268 -0.100351
v -1.009596 -0.399228 -0.132352
v -1.005311 -0.386037 -0.139229
v -1.032593 -0.439942 -0.062273
v -1.048138 -0.442254 -0.075522
v -1.032870 -0.430201 -0.061994
v -1.049267 -0.430007 -0.074388
v -1.011593 -0.379166 -0.131276
v -0.953128 -0.219110 -0.125061
v -0.946982 -0.204757 -0.127939
v -0.995392 -0.382610 -0.119104
v -0.938831 -0.224514 -0.111317
v -0.932297 -0.210617 -0.114803
v -1.044760 -0.344721 -0.054986
v -1.059457 -0.342484 -0.069181
v -1.066861 -0.338744 -0.058790
v -1.047997 -0.343380 -0.052068
v -0.672870 0.065585 0.178403
v -0.473733 0.110177 0.306780
v -0.480898 0.105645 0.304237
v -0.584202 -0.091763 0.255383
v -0.684038 0.075553 0.192489
v -0.490268 0.108828 0.322253
v -0.478635 0.117185 0.325471
v -0.588776 -0.094288 0.275262
v -0.681347 0.069819 0.195915
v -0.823217 -0.117255 0.216453
v -0.592271 -0.088393 0.273171
v -0.586441 -0.087946 0.253464
v -0.816055 -0.121725 0.197712
v -0.671069 0.061765 0.180041
v -0.833916 -0.123458 0.212778
v -0.823345 -0.127705 0.195668
v -0.681805 0.056670 0.175710
v -0.884517 -0.031050 0.078550
v -0.594472 -0.098198 0.252017
v -0.734015 -0.266980 0.198494
v -0.693355 0.066832 0.189344
v -0.900286 -0.019592 0.085073
v -0.598943 -0.100005 0.271998
v -0.735513 -0.274982 0.217369
v -0.826223 -0.132508 0.215088
v -0.820199 -0.131095 0.195486
v -0.740485 -0.267025 0.217990
v -0.735990 -0.263578 0.198231
v -0.862572 -0.292343 0.181334
v -0.856508 -0.289284 0.161933
v -0.868103 -0.298096 0.179188
v -0.862860 -0.294659 0.159612
v -0.741553 -0.272108 0.196201
v -0.788524 -0.383989 0.116102
v -0.742165 -0.282280 0.214053
v -0.783042 -0.397477 0.130613
v -0.863008 -0.303025 0.177635
v -0.787717 -0.393013 0.133714
v -0.859746 -0.297182 0.158199
v -0.909173 -0.439296 0.120870
v -0.791824 -0.381358 0.117289
v -0.907507 -0.447130 0.139801
v -0.915772 -0.445477 0.118133
v -0.916075 -0.455848 0.135878
v -0.791040 -0.404387 0.126900
v -0.850521 -0.507093 0.055409
v -0.797834 -0.391098 0.112768
v -0.859023 -0.489974 0.047847
v -0.912918 -0.446698 0.114978
v -0.861346 -0.487662 0.050661
v -0.855558 -0.502177 0.064014
v -0.934047 -0.517239 0.071136
v -0.938146 -0.501993 0.057975
v -0.907769 -0.460794 0.129026
v -0.944124 -0.506510 0.055792
v -0.868054 -0.494288 0.045791
v -0.924178 -0.521483 -0.003022
v -0.940250 -0.522062 0.068664
v -0.862157 -0.512828 0.052427
v -0.915711 -0.540213 -0.003008
v -0.925824 -0.520496 0.001193
v -1.002394 -0.560115 0.012114
v -1.012467 -0.565164 0.009853
v -0.917587 -0.539202 0.003371
v -0.994780 -0.577804 0.019300
v -1.010617 -0.584989 0.014960
v -0.937745 -0.524083 0.062766
v -0.942587 -0.507566 0.051530
v -0.967300 -0.520461 0.043579
v -1.014244 -0.561979 0.013250
v -1.027773 -0.554864 0.028215
v -1.030543 -0.559158 0.010620
v -1.019969 -0.547731 0.033893
v -1.021067 -0.563265 0.006594
v -1.025822 -0.562342 -0.003193
v -1.027410 -0.561354 0.001709
v -1.037842 -0.560270 0.000586
v -1.048700 -0.558775 -0.003232
v -1.031220 -0.581551 0.001543
v -1.028975 -0.560373 0.005791
v -1.034745 -0.579194 0.011708
v -1.025548 -0.583094 0.009637
v -1.028504 -0.582721 -0.003198
v -1.043013 -0.579966 0.003383
v -1.035323 -0.578046 0.017169
v -1.027998 -0.575026 0.021357
v -1.014769 -0.577773 0.026395
v -0.962778 -0.536168 0.056044
v -1.024068 -0.555322 0.025118
v -1.025748 -0.556391 0.012983
v -1.020549 -0.573812 0.033377
v -1.031768 -0.570617 0.040803
v -1.032543 -0.555556 0.020442
v -1.034482 -0.556514 0.012885
v -1.042305 -0.557267 0.005948
v -1.040093 -0.575438 0.018622
v -1.040496 -0.572948 0.027978
v -1.050651 -0.574711 0.012915
v -1.038161 -0.554214 0.014312
v -1.048665 -0.569679 0.022854
v -1.052096 -0.566488 0.026076
v -1.041977 -0.551412 0.016441
v -1.048599 -0.553033 0.005918
v -1.061764 -0.567050 0.013182
v -1.039163 -0.547364 0.019704
v -1.030769 -0.550797 0.028350
v -1.048232 -0.561107 0.032007
v -1.004621 -0.492817 0.061783
v -1.040691 -0.560053 0.043789
v -1.044606 -0.541436 0.028342
v -1.010353 -0.501462 0.079528
v -1.049258 -0.554239 0.043735
v -1.062022 -0.550012 0.041096
v -0.997598 -0.479553 0.096334
v -1.049332 -0.540339 0.028138
v -0.990927 -0.471394 0.078687
v -1.048811 -0.544617 0.020475
v -1.020951 -0.559560 0.050674
v -1.046084 -0.548645 0.014687
v -1.061967 -0.558344 0.028283
v -1.056486 -0.564171 0.023246
v -1.065202 -0.558307 0.018857
v -1.049633 -0.546444 0.012583
v -1.053540 -0.543571 0.010756
v -1.069437 -0.554507 0.017839
v -1.053021 -0.550064 0.000540
v -1.055336 -0.542426 0.005974
v -1.058359 -0.540288 -0.003248
v -1.053008 -0.550064 -0.007018
v -1.055305 -0.542426 -0.012461
v -1.060315 -0.536849 -0.013091
v -1.070876 -0.554261 -0.018782
v -1.077375 -0.547812 -0.016452
v -1.056744 -0.541545 -0.008034
v -1.074560 -0.551797 -0.008108
v -1.076780 -0.549408 -0.003279
v -1.069840 -0.561470 0.003624
v -1.074576 -0.551797 0.001557
v -1.070928 -0.554262 0.012243
v -1.056760 -0.541545 0.001543
v -1.060348 -0.536849 0.006588
v -1.077419 -0.547812 0.009891
v -1.083656 -0.535246 0.015181
v -1.064518 -0.530094 0.009724
v -1.058183 -0.534539 -0.003248
v -1.077798 -0.540681 -0.003281
v -1.069036 -0.546756 0.022026
v -1.083965 -0.530430 0.002229
v -1.069353 -0.540429 0.033976
v -1.056985 -0.467544 0.054693
v -1.051233 -0.536940 0.024920
v -1.052614 -0.538303 0.013004
v -1.060986 -0.530348 0.013121
v -1.040846 -0.466093 0.042047
v -1.075672 -0.536168 0.026273
v -1.036327 -0.437512 0.053803
v -1.052893 -0.438659 0.065916
v -1.057373 -0.534193 0.050128
v -1.045192 -0.530096 0.034087
v -1.032793 -0.439942 0.055863
v -0.994613 -0.469173 0.076582
v -1.048381 -0.442254 0.069060
v -1.002817 -0.476268 0.094043
v -0.997751 -0.393655 0.110504
v -1.010030 -0.399227 0.126018
v -0.994065 -0.384765 0.116061
v -1.005769 -0.386037 0.132911
v -1.049507 -0.430007 0.067922
v -1.012024 -0.379165 0.124935
v -0.953539 -0.219108 0.118918
v -0.995782 -0.382610 0.112819
v -1.033068 -0.430201 0.055584
v -1.044935 -0.344721 0.048535
v -0.939195 -0.224514 0.105222
v -1.059680 -0.342484 0.062680
v -1.067048 -0.338744 0.052264
v -1.048161 -0.343380 0.045606
v -0.932674 -0.210617 0.108729
v -1.049084 -0.354358 0.043185
v -1.037871 -0.436716 0.049281
v -1.063202 -0.517584 0.012251
v -1.055386 -0.437360 0.060020
v -1.068626 -0.354727 0.049545
v -1.082701 -0.516574 0.018679
v -1.075237 -0.422126 -0.003276
v -1.073816 -0.423614 0.002924
v -1.053369 -0.424876 0.001239
v -1.054748 -0.423782 -0.003242
v -1.055538 -0.455263 -0.003243
v -1.063701 -0.528496 0.005073
v -1.076033 -0.453688 -0.003278
v -1.063673 -0.528495 -0.011587
v -1.083947 -0.530430 -0.008811
v -1.082626 -0.516574 -0.025257
v -1.055173 -0.437360 -0.066506
v -1.068448 -0.354727 -0.056075
v -1.063151 -0.517584 -0.018763
v -1.037694 -0.436715 -0.055708
v -1.048927 -0.354358 -0.049650
v -1.073796 -0.423614 -0.009473
v -1.053353 -0.424876 -0.007720
v -1.051873 -0.416073 -0.003237
v -1.072175 -0.412874 -0.003271
v -1.066663 -0.336703 -0.045883
v -0.984728 -0.183167 -0.003124
v -0.978709 -0.167582 -0.003114
v -1.047181 -0.342988 -0.047743
v -0.966352 -0.192378 -0.003093
v -0.960450 -0.177022 -0.003083
v -1.047330 -0.342988 0.041285
v -1.066806 -0.336703 0.039358
v -1.042573 -0.332986 0.046729
v -1.059584 -0.323790 0.053698
v -0.947402 -0.204757 0.121816
v -0.977543 -0.168922 0.003342
v -0.907762 -0.033672 0.083870
v -0.959306 -0.178138 0.001110
v -0.889921 -0.041162 0.076937
v -0.949572 -0.202711 0.115757
v -0.933874 -0.209725 0.104491
v -0.926597 -0.203648 0.110137
v -0.882140 -0.033593 0.081488
v -0.894992 -0.025470 0.095323
v -0.824534 -0.125443 0.192587
v -0.941279 -0.196917 0.122852
v -0.838051 -0.116544 0.205261
v -0.829976 -0.135456 0.192304
v -0.841058 -0.135042 0.209612
v -0.943352 -0.208919 0.125490
v -0.997993 -0.373476 0.136620
v -0.872807 -0.293596 0.176760
v -0.865869 -0.292247 0.157458
v -0.988024 -0.376016 0.118823
v -0.929727 -0.213172 0.110696
v -0.874885 -0.309051 0.174523
v -0.870836 -0.305086 0.154765
v -0.995080 -0.392642 0.134929
v -0.993000 -0.472685 0.099588
v -0.924343 -0.447994 0.136793
v -0.990000 -0.386747 0.115904
v -0.918781 -0.442524 0.117775
v -0.986451 -0.465338 0.081542
v -0.922798 -0.451619 0.112960
v -0.987239 -0.473861 0.077140
v -0.947896 -0.504178 0.057292
v -0.992515 -0.483440 0.094544
v -0.945342 -0.518824 0.071485
v -0.924592 -0.464697 0.128716
v -0.915608 -0.455848 -0.141894
v -0.992654 -0.472686 -0.105864
v -0.924148 -0.464698 -0.134762
v -0.940009 -0.522061 -0.074762
v -0.915364 -0.445477 -0.124150
v -0.922408 -0.451619 -0.118999
v -0.943925 -0.506510 -0.061903
v -0.945091 -0.518824 -0.077601
v -1.020770 -0.559560 -0.057045
v -0.992186 -0.483440 -0.100819
v -0.947691 -0.504178 -0.063416
v -0.986968 -0.473861 -0.083396
v -1.019844 -0.547732 -0.040260
v -1.027666 -0.554865 -0.034608
v -1.031619 -0.570616 -0.047209
v -0.962578 -0.536168 -0.062219
v -1.010555 -0.584989 -0.021294
v -0.967144 -0.520462 -0.049769
v -1.012422 -0.565164 -0.016195
v -1.014188 -0.561979 -0.019598
v -1.023974 -0.555321 -0.031499
v -1.020426 -0.573812 -0.039745
v -1.027915 -0.575026 -0.027752
v -1.014669 -0.577773 -0.032743
v -1.025694 -0.556390 -0.019369
v -1.030496 -0.559158 -0.017022
v -1.035255 -0.578045 -0.023588
v -1.025504 -0.583095 -0.016023
v -1.040390 -0.572949 -0.034414
v -1.034695 -0.579193 -0.018125
v -1.019750 -0.580671 -0.003183
v -1.006360 -0.583463 -0.008016
v -0.942654 -0.550823 -0.003053
v -1.011412 -0.563860 -0.011585
v -1.020183 -0.560120 -0.003184
v -1.011442 -0.563860 0.005247
v -1.006377 -0.583463 0.001696
v -0.951406 -0.532225 -0.003068
v -1.021033 -0.563265 -0.012965
v -1.027394 -0.561353 -0.008102
v -1.028945 -0.560373 -0.012187
v -1.031205 -0.581551 -0.007947
v -1.037829 -0.560270 -0.007013
v -1.042991 -0.579965 -0.009828
v -1.050594 -0.574712 -0.019385
v -1.042273 -0.557267 -0.012390
v -1.040020 -0.575438 -0.025056
v -1.034427 -0.556514 -0.019301
v -1.032464 -0.555556 -0.026850
v -1.038101 -0.554214 -0.020740
v -1.048577 -0.569680 -0.029317
v -1.051998 -0.566487 -0.032550
v -1.041912 -0.551413 -0.022882
v -1.039086 -0.547364 -0.026136
v -1.030662 -0.550797 -0.034752
v -1.004403 -0.492818 -0.068098
v -1.048114 -0.561107 -0.038469
v -1.040534 -0.560054 -0.050225
v -1.010075 -0.501462 -0.085863
v -1.044499 -0.541436 -0.034793
v -1.049099 -0.554239 -0.050201
v -1.048731 -0.544617 -0.026939
v -1.061860 -0.558344 -0.034792
v -1.056396 -0.564172 -0.029737
v -1.061708 -0.567050 -0.019690
v -1.046023 -0.548645 -0.021141
v -1.048568 -0.553034 -0.012381
v -1.065127 -0.558307 -0.025376
v -1.049579 -0.546444 -0.019049
v -1.042405 -0.332986 -0.053171
v -0.933512 -0.209725 -0.110568
v -0.889652 -0.041162 -0.082867
v -0.884243 -0.031050 -0.084462
v -0.949171 -0.202712 -0.121888
v -0.907471 -0.033672 -0.089861
v -1.059393 -0.323790 -0.060198
v -0.977522 -0.168922 -0.009567
v -0.899990 -0.019593 -0.091037
v -0.959292 -0.178138 -0.007275
v -0.972189 -0.159242 -0.003103
v -0.899783 -0.018538 -0.078640
v -0.731499 0.134936 -0.002698
v -0.722842 0.145334 -0.002684
v -0.883664 -0.031190 -0.080255
v -0.954418 -0.169573 -0.003073
v -0.717212 0.120158 -0.002674
v -0.708948 0.130184 -0.002660
v -0.883924 -0.031191 0.074345
v -0.900038 -0.018537 0.072675
v -0.877485 -0.024457 0.079169
v -0.889996 -0.010162 0.087019
v -0.722170 0.143367 0.004161
v -0.578414 0.277153 0.132003
v -0.567019 0.287225 0.133235
v -0.708252 0.128445 0.001679
v -0.564127 0.264431 0.124487
v -0.557690 0.270552 0.125655
v -0.685896 0.078361 0.186195
v -0.673882 0.067100 0.173891
v -0.665272 0.069504 0.178807
v -0.555828 0.267248 0.128479
v -0.289251 0.254996 0.195305
v -0.292858 0.269369 0.209550
v -0.562758 0.279161 0.143729
v -0.675898 0.080188 0.192787
v -0.482259 0.126250 0.316709
v -0.474714 0.112674 0.303245
v -0.253053 -0.288512 -0.137049
v -0.117605 -0.118612 -0.217604
v -0.115842 -0.121795 -0.211060
v 0.100090 -0.105838 -0.115129
v -0.264237 -0.294266 -0.137661
v 0.105493 -0.102483 -0.114648
v -0.124595 -0.105924 -0.203021
v 0.101802 -0.083865 -0.106758
v -0.114761 -0.103262 -0.203883
v -0.109998 -0.117075 -0.218339
v 0.104418 -0.098626 -0.119461
v 0.300909 -0.017208 -0.252597
v 0.308591 -0.014761 -0.253338
v 0.100800 -0.080811 -0.109868
v 0.300864 -0.002094 -0.238668
v 0.311488 -0.000179 -0.239144
v 0.058981 0.055942 -0.252543
v 0.057963 0.058671 -0.255620
v 0.059937 0.045932 -0.270471
v 0.058324 0.050846 -0.274624
v 0.064250 0.051743 -0.277068
v 0.051776 0.047731 -0.275815
v 0.306765 -0.008428 -0.256616
v 0.481698 0.111401 -0.415458
v 0.067347 0.059745 -0.258390
v 0.310137 0.004066 -0.240645
v 0.488115 0.120052 -0.397951
v 0.495664 0.120216 -0.400110
v 0.271486 0.228139 -0.331643
v 0.265602 0.224445 -0.350988
v 0.270423 0.232221 -0.333353
v 0.264481 0.231531 -0.353018
v 0.492836 0.113247 -0.419239
v 0.315024 -0.014711 -0.254519
v 0.515517 -0.123744 -0.182200
v 0.701778 -0.035350 -0.301126
v 0.702860 -0.020825 -0.286622
v 0.493440 0.103473 -0.411465
v 0.517923 -0.108327 -0.168818
v 0.496039 0.116936 -0.396151
v 0.318959 -0.000353 -0.240347
v 0.501953 0.120134 -0.400459
v 0.711132 -0.016949 -0.289010
v 0.905698 0.069144 -0.407859
v 0.709090 -0.029023 -0.305519
v 0.503161 0.112265 -0.419409
v 0.901552 0.061456 -0.426465
v 0.695727 0.260253 -0.401766
v 0.694835 0.257141 -0.422063
v 0.695874 0.264678 -0.403760
v 0.695147 0.264771 -0.424301
v 0.687603 0.264806 -0.423153
v 0.491923 0.124487 -0.420028
v 0.271965 0.233116 -0.354359
v 0.495172 0.124495 -0.399731
v 0.702066 0.264178 -0.424426
v 0.907465 0.076035 -0.428160
v 0.907070 0.401007 -0.428014
v 0.904127 0.076713 -0.407890
v 0.903606 0.400352 -0.407764
v 0.703531 0.264209 -0.403924
v 0.910846 0.406731 -0.407904
v 0.904594 0.407023 -0.407970
v 0.680470 0.542628 -0.285715
v 0.680937 0.555098 -0.302048
v 0.468472 0.449026 -0.400254
v 0.902328 0.414981 -0.426786
v 0.696428 0.269128 -0.401756
v 0.695875 0.272163 -0.422078
v 0.470771 0.456952 -0.419079
v 0.459003 0.444092 -0.420257
v 0.462367 0.443919 -0.399979
v 0.687906 0.264477 -0.402603
v 0.278235 0.233284 -0.334785
v 0.454247 0.446751 -0.397715
v 0.445162 0.452426 -0.415258
v 0.268999 0.236307 -0.331247
v 0.004906 0.263066 -0.258149
v 0.262597 0.238064 -0.350701
v -0.001678 0.269963 -0.276358
v -0.008691 0.266801 -0.274025
v 0.221624 0.465443 -0.250559
v 0.230424 0.454907 -0.235259
v -0.004406 0.259515 -0.255288
v 0.259173 0.229598 -0.332096
v -0.003042 0.255743 -0.255116
v 0.056634 0.062759 -0.255514
v -0.006524 0.260141 -0.274891
v -0.192597 0.082102 -0.284710
v 0.056584 0.056905 -0.275218
v 0.255557 0.228029 -0.352269
v -0.192540 0.081988 -0.305265
v -0.200915 0.079384 -0.304195
v -0.202712 0.078384 -0.283743
v 0.048125 0.054680 -0.256819
v -0.201121 0.074515 -0.281962
v -0.197926 0.072941 -0.302207
v -0.125968 -0.101826 -0.204655
v -0.119440 -0.112381 -0.221040
v -0.346262 -0.112885 -0.309742
v -0.339801 -0.118454 -0.328443
v -0.353928 -0.116488 -0.310783
v -0.352229 -0.123808 -0.329915
v -0.125467 -0.121736 -0.217310
v -0.132790 -0.109213 -0.202748
v -0.270662 -0.276461 -0.129648
v -0.352525 -0.119049 -0.307075
v -0.272066 -0.273299 -0.132463
v -0.347898 -0.132844 -0.321594
v -0.267350 -0.287025 -0.147018
v -0.485297 -0.248333 -0.186567
v -0.483375 -0.263053 -0.200785
v -0.493086 -0.251382 -0.186069
v -0.491095 -0.266297 -0.200073
v -0.276885 -0.297339 -0.136127
v -0.278943 -0.278219 -0.128864
v -0.450813 -0.338260 -0.002226
v -0.455445 -0.318234 -0.002233
v -0.452057 -0.336552 -0.009168
v -0.653663 -0.383530 -0.095695
v -0.456458 -0.316677 -0.006322
v -0.489772 -0.269477 -0.193665
v -0.492519 -0.252801 -0.181966
v -0.658918 -0.365153 -0.088134
v 0.908020 -0.189292 0.176839
v 0.904520 -0.169404 0.161590
v 0.905064 -0.169404 -0.161479
v 0.719468 -0.162185 -0.000256
v 0.723590 -0.142046 -0.000249
v 0.904908 -0.189945 0.162206
v 0.899927 -0.188006 0.176537
v 0.713544 -0.159030 0.007381
v 0.523843 -0.131511 0.172847
v 0.716541 -0.138957 0.004123
v 0.523765 -0.112498 0.165034
v 0.707185 -0.039690 0.294098
v 0.707387 -0.035886 0.301182
v 0.709692 -0.023089 0.282240
v 0.709657 -0.021429 0.286747
v 0.517652 -0.111716 0.164648
v 0.708601 -0.140088 -0.000274
v 0.904101 -0.164176 0.174347
v 0.905459 -0.179122 0.188392
v 0.713791 -0.036618 0.301433
v 0.904758 0.050412 0.417713
v 0.717107 -0.022264 0.287097
v 0.903322 0.064457 0.402774
v 0.900116 0.061457 0.426563
v 0.904325 0.069144 0.407970
v 0.710160 -0.016948 0.288467
v 0.500607 0.120135 0.399211
v 0.708063 -0.029022 0.304970
v 0.501751 0.112266 0.418166
v 0.494319 0.120216 0.398841
v 0.694376 0.260255 0.401170
v 0.693415 0.257141 0.421465
v 0.491427 0.113249 0.417961
v 0.700765 -0.035350 0.300552
v 0.515359 -0.130469 0.172745
v 0.707087 -0.160588 -0.000277
v 0.514907 -0.123743 0.180999
v 0.701897 -0.020825 0.286052
v 0.492058 0.103473 0.410189
v 0.517357 -0.108326 0.167626
v 0.314171 -0.014710 0.252644
v 0.494708 0.116937 0.394884
v 0.318153 -0.000352 0.238484
v 0.307742 -0.014761 0.251441
v 0.310687 -0.000179 0.237256
v 0.486777 0.120053 0.396657
v 0.309330 0.004068 0.238754
v 0.066482 0.059746 0.255680
v 0.305904 -0.008427 0.254712
v 0.480301 0.111402 0.414143
v 0.063321 0.051743 0.274348
v 0.057108 0.058672 0.252878
v 0.270372 0.228140 0.329619
v 0.264424 0.224446 0.348945
v 0.263295 0.231533 0.350970
v 0.269305 0.232222 0.331325
v 0.057405 0.050847 0.271884
v 0.270776 0.233117 0.352337
v 0.490512 0.124487 0.418747
v 0.686179 0.264806 0.422530
v 0.493828 0.124496 0.398461
v 0.277111 0.233285 0.332784
v 0.686552 0.264478 0.401981
v 0.461023 0.443920 0.398598
v 0.457591 0.444093 0.418864
v 0.443766 0.452427 0.413819
v 0.452910 0.446751 0.396306
v 0.267888 0.236308 0.329216
v 0.004042 0.263067 0.255228
v 0.261420 0.238066 0.348648
v -0.002603 0.269963 0.273416
v -0.009608 0.266802 0.271059
v 0.220785 0.465443 0.248367
v 0.229635 0.454907 0.233097
v -0.005260 0.259516 0.252336
v 0.258058 0.229598 0.330030
v -0.003896 0.255744 0.252169
v 0.055779 0.062759 0.252769
v -0.007444 0.260141 0.271931
v 0.055662 0.056905 0.272472
v -0.193550 0.082102 0.281125
v 0.254375 0.228030 0.350192
v -0.193561 0.081988 0.301680
v -0.201933 0.079384 0.300581
v -0.203661 0.078384 0.280123
v 0.047266 0.054681 0.254044
v -0.202065 0.074516 0.278349
v -0.198938 0.072942 0.298603
v -0.347298 -0.112884 0.305640
v 0.050853 0.047731 0.273053
v -0.340900 -0.118454 0.324363
v -0.126651 -0.101824 0.201296
v -0.125272 -0.105923 0.199666
v -0.120178 -0.112380 0.217703
v -0.118332 -0.118612 0.214272
v -0.353333 -0.123808 0.325793
v -0.354967 -0.116488 0.306655
v -0.110727 -0.117075 0.215034
v 0.059032 0.045933 0.267737
v 0.300061 -0.017208 0.250674
v -0.115442 -0.103261 0.200561
v 0.058135 0.055943 0.249805
v 0.300063 -0.002092 0.236744
v 0.100435 -0.080811 0.107271
v 0.101446 -0.083864 0.104166
v 0.104021 -0.098626 0.116877
v 0.105111 -0.102482 0.112067
v 0.110344 -0.103304 0.113119
v 0.308181 -0.018394 0.244740
v 0.505764 -0.129761 0.171180
v 0.110774 -0.084320 0.105250
v 0.311164 -0.001797 0.232989
v 0.510311 -0.111053 0.163980
v 0.327790 -0.096636 0.003284
v 0.325913 -0.116883 0.006290
v 0.328358 -0.098531 -0.000914
v 0.326783 -0.119025 -0.000917
v 0.332728 -0.119684 -0.000907
v 0.515498 -0.131713 0.161675
v 0.335697 -0.099344 -0.000902
v 0.517731 -0.111365 0.159807
v 0.516044 -0.131713 -0.162874
v 0.518271 -0.111365 -0.160998
v -0.472693 0.110176 -0.311307
v -0.464038 0.113139 -0.309998
v -0.477532 0.117183 -0.330015
v -0.463375 0.121948 -0.328559
v -0.204015 0.082344 -0.281855
v -0.015030 0.256274 -0.256380
v -0.202990 0.085976 -0.302060
v -0.016952 0.264073 -0.275301
v -0.280492 0.267871 -0.217335
v -0.278159 0.255362 -0.201192
v -0.279788 0.259188 -0.199497
v -0.269243 0.263528 -0.199932
v -0.005225 0.262139 -0.252315
v 0.217906 0.454944 -0.232184
v -0.010124 0.271870 -0.269745
v 0.210516 0.467508 -0.246679
v -0.047796 0.398411 -0.109196
v -0.054765 0.414400 -0.120072
v -0.576502 -0.088233 0.256025
v -0.464474 0.121948 0.324061
v -0.204001 0.085977 0.298441
v -0.017874 0.264074 0.272307
v -0.465074 0.113140 0.305499
v -0.204958 0.082345 0.278231
v -0.015888 0.256275 0.253392
v -0.283871 0.273566 0.209904
v -0.281217 0.267872 0.213454
v -0.278829 0.255362 0.197319
v -0.280453 0.259189 0.195618
v -0.269909 0.263528 0.196090
v -0.006069 0.262140 0.249361
v 0.217128 0.454945 0.229981
v -0.011026 0.271871 0.266774
v 0.209689 0.467508 0.244450
v -0.274684 0.277236 0.210643
v -0.048159 0.398412 0.106100
v -0.049142 0.401138 0.103482
v -0.055165 0.414401 0.116952
v -0.056612 0.418714 0.111083
v -0.060234 0.398267 0.103844
v -0.066133 0.416355 0.111627
v -0.317151 0.352970 -0.002001
v -0.280845 0.260784 0.191388
v -0.548252 0.272821 0.125063
v -0.284722 0.276843 0.203617
v -0.310848 0.331583 0.002144
v -0.551691 0.291600 0.132682
v -0.316094 0.351274 0.004837
v -0.311644 0.333166 -0.001992
v -0.320551 0.328783 -0.002007
v -0.557259 0.270552 -0.130468
v -0.557176 0.270044 0.121137
v -0.556761 0.270043 -0.125948
v -0.326326 0.348509 -0.002017
v -0.701386 0.134229 -0.002648
v -0.566389 0.288141 -0.124432
v -0.714521 0.150040 -0.002670
v -0.566800 0.288141 0.119590
v -0.566562 0.287225 -0.138079
v -0.577962 0.277152 -0.136885
v -0.683381 0.075552 -0.197726
v -0.722147 0.143367 -0.009528
v -0.708237 0.128444 -0.006997
v -0.889693 -0.010163 -0.092950
v -0.563700 0.264431 -0.129321
v -0.685259 0.078360 -0.191437
v -0.877209 -0.024458 -0.085058
v -0.673288 0.067099 -0.179094
v -0.672261 0.065585 -0.183602
v -0.681205 0.056669 -0.180940
v -0.822677 -0.127706 -0.201373
v -0.881856 -0.033594 -0.087392
v -0.823876 -0.125443 -0.198297
v -0.692708 0.066832 -0.194611
v -0.926216 -0.203648 -0.116190
v -0.894661 -0.025471 -0.101269
v -0.940855 -0.196918 -0.128954
v -0.837351 -0.116544 -0.211016
v -0.833190 -0.123458 -0.218518
v -0.840343 -0.135042 -0.215377
v -0.867490 -0.298098 -0.185043
v -0.942920 -0.208919 -0.131598
v -0.829319 -0.135457 -0.198032
v -0.862313 -0.294659 -0.165450
v -0.872202 -0.293596 -0.182631
v -0.865330 -0.292247 -0.163307
v -0.987613 -0.376016 -0.125083
v -0.997522 -0.373476 -0.142912
v -0.929345 -0.213172 -0.116760
v -0.874287 -0.309051 -0.180402
v -0.870305 -0.305086 -0.160630
v -0.994616 -0.392642 -0.141212
v -0.923873 -0.447994 -0.142837
v -0.918374 -0.442524 -0.123802
v -0.989599 -0.386748 -0.122170
v -0.986166 -0.465337 -0.087797
v -0.725772 -0.262812 0.201290
v -0.493705 -0.251381 0.181474
v -0.495916 -0.247649 0.183131
v -0.362892 -0.119221 0.304474
v -0.495018 -0.260828 0.198879
v -0.725563 -0.271829 0.219760
v -0.491760 -0.266295 0.195484
v -0.365489 -0.129241 0.322231
v -0.585789 -0.100561 0.273190
v -0.582503 -0.095375 0.253574
v -0.356731 -0.112495 0.306145
v -0.212168 0.074648 0.279702
v -0.580929 -0.090146 0.276007
v -0.358248 -0.112318 0.326643
v -0.210385 0.075736 0.300150
v -0.471478 0.106002 0.306152
v -0.472639 0.104989 0.326649
v -0.668316 -0.367488 -0.086780
v -0.662275 -0.385325 -0.095015
v -0.460711 -0.341772 -0.002242
v -0.662585 -0.385325 0.089850
v -0.466648 -0.322093 -0.002252
v -0.668600 -0.367487 0.081595
v -0.667697 -0.366985 -0.082560
v -0.667966 -0.366986 0.077378
v -0.660742 -0.385946 -0.086388
v -0.661024 -0.385946 0.081230
v -0.748790 -0.420460 -0.002727
v -0.740630 -0.439325 -0.002713
v -0.745568 -0.440869 -0.002722
v -0.755832 -0.423060 -0.002739
v -0.675859 -0.371685 0.081113
v -0.668625 -0.389429 0.088551
v -0.675577 -0.371686 -0.086321
v -0.668317 -0.389429 -0.093736
v -0.757378 -0.421825 -0.006714
v -0.852036 -0.485624 -0.054733
v -0.746981 -0.439272 -0.009876
v -0.841116 -0.501082 -0.062751
v -0.779655 -0.400030 -0.129665
v -0.786845 -0.384972 -0.117662
v -0.788125 -0.383990 -0.121690
v -0.782593 -0.397478 -0.136182
v -0.850324 -0.507093 -0.061206
v -0.781331 -0.380553 -0.123463
v -0.777414 -0.394671 -0.137880
v -0.664711 -0.380678 -0.101610
v -0.501215 -0.270263 -0.198487
v -0.669562 -0.364752 -0.089554
v -0.504176 -0.255804 -0.184181
v -0.728964 -0.281345 -0.217067
v -0.730931 -0.269023 -0.200732
v -0.734772 -0.274984 -0.222777
v -0.733339 -0.266981 -0.203897
v -0.725086 -0.262813 -0.206667
v -0.495292 -0.247649 -0.187734
v -0.361860 -0.119222 -0.308627
v -0.494341 -0.260828 -0.203479
v -0.724815 -0.271830 -0.225135
v -0.364398 -0.129242 -0.326395
v -0.584861 -0.100562 -0.278095
v -0.587841 -0.094289 -0.280178
v -0.581641 -0.095375 -0.258467
v -0.583335 -0.091764 -0.260282
v -0.579993 -0.090146 -0.280895
v -0.357142 -0.112318 -0.330783
v -0.209369 0.075736 -0.303792
v -0.355693 -0.112495 -0.310279
v -0.575632 -0.088234 -0.260899
v -0.211220 0.074647 -0.283349
v -0.470440 0.106001 -0.310671
v -0.471532 0.104988 -0.331172
v 0.200653 0.546780 -0.001130
v 0.191680 0.565273 -0.001145
v -0.056366 0.419553 -0.106938
v -0.307603 0.357035 -0.001985
v -0.056721 0.419553 0.103812
v -0.048673 0.400974 -0.102677
v -0.049013 0.400974 0.099576
v -0.300873 0.337612 -0.001974
v -0.059879 0.398267 -0.106981
v -0.280194 0.260783 -0.195267
v -0.547824 0.272821 -0.129843
v -0.284030 0.276842 -0.207510
v -0.551236 0.291600 -0.137474
v -0.310834 0.331583 -0.006127
v -0.316071 0.351274 -0.008836
v -0.292147 0.269370 -0.213470
v -0.562266 0.279160 -0.148558
v -0.555388 0.267248 -0.133284
v -0.675240 0.080187 -0.197996
v -0.288587 0.254996 -0.199213
v -0.664661 0.069504 -0.183980
v -0.481184 0.126250 -0.321266
v -0.473686 0.112674 -0.307777
v -0.479867 0.105644 -0.308789
v -0.585580 -0.087946 -0.258372
v -0.815381 -0.121726 -0.203393
v -0.591343 -0.088394 -0.278098
v -0.489176 0.108828 -0.326837
v -0.822479 -0.117255 -0.222158
v -0.680679 0.069819 -0.201142
v -0.670454 0.061763 -0.185234
v -0.598018 -0.100005 -0.276947
v -0.593615 -0.098198 -0.256952
v -0.825490 -0.132508 -0.220802
v -0.819531 -0.131096 -0.201181
v -0.739741 -0.267026 -0.223416
v -0.735314 -0.263579 -0.203642
v -0.861952 -0.292343 -0.187171
v -0.855953 -0.289285 -0.167750
v -0.741435 -0.282280 -0.219484
v -0.740883 -0.272109 -0.201631
v -0.859203 -0.297182 -0.164027
v -0.787258 -0.393013 -0.139299
v -0.907027 -0.447130 -0.145788
v -0.791420 -0.381358 -0.122888
v -0.862400 -0.303026 -0.183473
v -0.908757 -0.439296 -0.126863
v -0.790603 -0.404387 -0.132497
v -0.797445 -0.391098 -0.118386
v -0.858852 -0.489975 -0.053672
v -0.912520 -0.446698 -0.120985
v -0.861166 -0.487663 -0.056494
v -0.855333 -0.502177 -0.069828
v -0.933797 -0.517241 -0.077214
v -0.907325 -0.460793 -0.135014
v -0.937941 -0.501992 -0.064067
v -0.867891 -0.494289 -0.051646
v -0.942403 -0.507566 -0.057637
v -0.937522 -0.524083 -0.068856
v -1.002342 -0.560115 -0.018423
v -0.861971 -0.512828 -0.058262
v -0.925810 -0.520497 -0.007243
v -0.917565 -0.539202 -0.009393
v -0.994704 -0.577804 -0.025582
v -0.917538 -0.517640 -0.003011
v -0.858706 -0.489436 -0.049318
v -0.765658 -0.428843 -0.002755
v -0.908791 -0.536241 -0.002996
v -0.848572 -0.507303 -0.050071
v -0.754207 -0.445912 -0.002736
v -0.858863 -0.489435 0.043493
v -0.848731 -0.507303 0.044280
v -0.841318 -0.501082 0.056985
v -0.747005 -0.439273 0.004428
v -0.852211 -0.485624 0.048930
v -0.757393 -0.421825 0.001232
v -0.780082 -0.400030 0.124106
v -0.787231 -0.384972 0.112079
v -0.777869 -0.394671 0.132329
v -0.665044 -0.380678 0.096438
v -0.501875 -0.270262 0.193865
v -0.669855 -0.364751 0.084365
v -0.781738 -0.380554 0.117898
v -0.504787 -0.255803 0.179548
v -0.729686 -0.281345 0.211677
v -0.731597 -0.269023 0.195337
v 0.510865 -0.111054 -0.165195
v 0.506342 -0.129761 -0.172410
v 0.325938 -0.116882 -0.008126
v 0.110729 -0.103304 -0.115682
v 0.327804 -0.096636 -0.005115
v 0.111132 -0.084320 -0.107811
v 0.309008 -0.018395 -0.246636
v 0.311952 -0.001796 -0.234874
v 0.319595 -0.120886 -0.000929
v 0.105757 -0.103046 -0.108276
v 0.105397 -0.103046 0.105698
v 0.318093 -0.100386 -0.000932
v 0.101817 -0.083771 -0.102323
v 0.101478 -0.083770 0.099730
v -0.082341 -0.181270 -0.001606
v -0.075664 -0.200709 -0.001594
v -0.092083 -0.183427 -0.001622
v -0.082963 -0.201849 -0.001607
v 0.099706 -0.105838 0.112531
v 0.092198 -0.088405 0.104642
v -0.124572 -0.107476 0.195361
v -0.264026 -0.272665 0.125470
v -0.116547 -0.121794 0.207735
v -0.092642 -0.181620 0.002633
v -0.083233 -0.199666 0.005521
v -0.253508 -0.288513 0.133263
v -0.264694 -0.294266 0.133836
v -0.126193 -0.121736 0.213952
v -0.271091 -0.276460 0.125802
v -0.133467 -0.109213 0.199366
v -0.272505 -0.273299 0.128612
v -0.353551 -0.119049 0.302951
v -0.267839 -0.287025 0.143184
v -0.348974 -0.132844 0.317486
v -0.485918 -0.248332 0.181999
v -0.484044 -0.263053 0.196222
v -0.279370 -0.278219 0.124990
v -0.493124 -0.252800 0.177372
v -0.659206 -0.365153 0.082982
v -0.490416 -0.269476 0.189082
v -0.277336 -0.297339 0.132260
v -0.653977 -0.383530 0.090560
v -0.456471 -0.316676 0.001852
v -0.452080 -0.336552 0.004712
v -0.443107 -0.335494 -0.002213
v -0.264099 -0.295267 0.121456
v -0.090584 -0.204721 -0.001619
v -0.271197 -0.275978 0.121240
v -0.447617 -0.315440 -0.002220
v -0.100149 -0.186527 -0.001635
v -0.270783 -0.275978 -0.125086
v -0.263684 -0.295267 -0.125279
v -0.083209 -0.199665 -0.008736
v -0.092628 -0.181620 -0.005879
v -0.263597 -0.272666 -0.129292
v 0.092555 -0.088406 -0.107265
v -0.123908 -0.107477 -0.198714
vn -0.1081 -0.7033 -0.7026
vn 0.3435 -0.8705 -0.3524
vn -0.1104 -0.9123 -0.3943
vn -0.1433 -0.9897 -0.0002
vn -0.1138 -0.7379 -0.6652
vn 0.1387 0.9583 -0.2497
vn -0.5648 -0.7602 -0.3211
vn 0.4275 0.8280 0.3628
vn -0.1270 0.9226 0.3642
vn -0.1143 -0.9921 -0.0514
vn 0.1027 0.5081 0.8552
vn 0.1451 0.9894 0.0002
vn 0.1100 0.7022 0.7035
vn 0.1111 0.9134 0.3916
vn 0.8989 0.4035 0.1710
vn 0.4909 -0.8091 -0.3231
vn 0.8994 0.4035 -0.1680
vn -0.0925 -0.9819 0.1654
vn -0.1258 0.9226 -0.3646
vn 0.0318 0.8489 0.5276
vn 0.4808 0.6023 0.6373
vn 0.2353 -0.7027 -0.6715
vn 0.0050 0.5000 0.8660
vn 0.8632 0.1872 0.4688
vn -0.0572 -0.8199 -0.5697
vn -0.0348 -0.5877 -0.8083
vn 0.5458 -0.3419 -0.7650
vn -0.3623 0.8550 -0.3710
vn -0.0360 0.7194 -0.6937
vn -0.1641 0.6995 -0.6956
vn -0.4272 0.6154 -0.6624
vn -0.2309 0.9002 -0.3693
vn -0.4686 0.8000 -0.3748
vn -0.4806 0.8745 0.0657
vn -0.7055 0.6346 -0.3154
vn 0.6475 -0.6855 0.3329
vn 0.3059 -0.3233 0.8955
vn 0.3438 -0.8666 0.3616
vn 0.4290 -0.6128 0.6637
vn 0.4309 -0.8194 -0.3781
vn -0.4104 0.5747 -0.7080
vn -0.4825 0.8759 -0.0008
vn -0.2137 0.9108 -0.3533
vn 0.4867 -0.8736 0.0008
vn 0.2114 -0.9131 0.3486
vn 0.3619 -0.8567 0.3675
vn 0.5916 -0.5352 0.6030
vn 0.1793 -0.4289 0.8854
vn 0.1509 -0.3111 0.9383
vn -0.2316 -0.6932 0.6825
vn -0.0250 -0.7136 0.7001
vn -0.0713 0.7310 -0.6786
vn -0.2117 0.9582 -0.1925
vn -0.1812 0.4221 -0.8882
vn -0.3616 0.6748 -0.6434
vn 0.0213 0.7121 -0.7018
vn -0.1609 0.2777 -0.9471
vn 0.2099 -0.8982 0.3862
vn 0.4106 0.8430 -0.3476
vn 0.1630 -0.9177 0.3624
vn -0.0486 -0.4764 0.8779
vn -0.3118 -0.8746 0.3714
vn 0.0350 0.9987 -0.0358
vn -0.3476 0.8699 -0.3500
vn -0.0773 -0.9540 -0.2898
vn 0.0330 0.7418 -0.6698
vn 0.0395 0.9992 0.0001
vn -0.0446 -0.9990 -0.0001
vn 0.7763 -0.5830 0.2398
vn 0.6518 0.6983 -0.2959
vn 0.3531 0.6484 -0.6745
vn 0.6130 0.2845 -0.7371
vn 0.1068 0.8106 -0.5758
vn 0.3031 -0.6881 0.6593
vn 0.0863 0.5618 -0.8227
vn -0.1386 -0.5056 0.8516
vn -0.1623 -0.8632 0.4781
vn 0.6508 0.6983 0.2981
vn 0.7771 -0.5830 -0.2372
vn -0.1767 -0.9496 0.2589
vn 0.1130 0.9776 -0.1775
vn 0.1124 0.9776 0.1779
vn 0.3702 0.9290 0.0006
vn -0.1758 -0.9496 -0.2595
vn 0.2732 -0.9620 0.0005
vn -0.3489 0.8698 0.3488
vn 0.0308 0.7417 0.6700
vn 0.4093 0.8430 0.3490
vn -0.0783 -0.9540 0.2895
vn -0.3105 -0.8746 -0.3724
vn 0.1642 -0.9177 -0.3618
vn -0.2150 0.9108 0.3526
vn -0.3609 0.9326 -0.0006
vn -0.2018 0.8244 0.5288
vn -0.1165 0.9932 -0.0002
vn 0.2020 -0.9001 0.3860
vn -0.2224 -0.9750 -0.0003
vn -0.1999 0.8244 -0.5295
vn 0.2033 -0.9001 -0.3853
vn 0.6193 -0.7852 0.0010
vn 0.2126 -0.9131 -0.3479
vn -0.0226 -0.7136 -0.7002
vn -0.0457 -0.4765 -0.8780
vn 0.0349 0.9987 0.0359
vn 0.0189 0.7121 0.7018
vn -0.1607 -0.8632 -0.4786
vn -0.1358 -0.5057 -0.8520
vn 0.8132 -0.2291 -0.5350
vn 0.0835 0.5619 0.8230
vn 0.3053 -0.6881 -0.6583
vn 0.1048 0.8106 0.5762
vn 0.3507 0.6484 0.6757
vn 0.6106 0.2844 0.7391
vn 0.8648 0.1873 -0.4659
vn -0.0533 0.2327 -0.9711
vn 0.0385 -0.0079 -0.9992
vn -0.2658 -0.3441 -0.9005
vn -0.0896 -0.2750 -0.9573
vn 0.3891 -0.0320 -0.9206
vn 0.2980 -0.0288 0.9541
vn 0.0212 -0.1840 0.9827
vn 0.0518 0.1560 0.9864
vn 0.5432 -0.3419 0.7668
vn -0.0388 0.0045 0.9992
vn -0.4055 0.3693 0.8362
vn 0.0020 0.6829 0.7305
vn 0.3978 0.3488 0.8486
vn 0.0212 0.2733 -0.9617
vn -0.1842 0.4221 0.8876
vn 0.2290 -0.4101 -0.8828
vn -0.0046 0.0606 0.9982
vn -0.0578 -0.8762 -0.4785
vn 0.1823 -0.4289 -0.8848
vn -0.2292 -0.6932 -0.6833
vn -0.3637 0.6748 0.6422
vn -0.2123 0.9582 0.1919
vn -0.0737 0.7310 0.6784
vn -0.4295 0.6154 0.6609
vn 0.1540 -0.3110 -0.9379
vn 0.5936 -0.5352 -0.6010
vn 0.4313 -0.6128 -0.6622
vn 0.2112 -0.8982 -0.3855
vn -0.1640 0.2777 0.9466
vn 0.3451 -0.8666 -0.3604
vn 0.3089 -0.3232 -0.8945
vn 0.6486 -0.6855 -0.3307
vn -0.4803 0.8745 -0.0673
vn -0.7066 0.6346 0.3130
vn -0.2321 0.9002 0.3685
vn 0.4296 -0.8194 0.3796
vn -0.4128 0.5747 0.7066
vn -0.7722 -0.5321 -0.3472
vn -0.5806 -0.8142 -0.0010
vn -0.9010 -0.3677 -0.2301
vn 0.5233 0.5121 0.6811
vn 0.7779 0.5106 0.3662
vn 0.6110 0.4844 0.6261
vn 0.7558 0.5766 0.3104
vn 0.7735 0.0465 0.6321
vn -0.7652 -0.0272 -0.6432
vn -0.6153 -0.4705 -0.6325
vn -0.9813 0.1873 -0.0442
vn -0.7916 -0.1182 -0.5995
vn 0.9668 0.2150 0.1382
vn -0.9301 -0.2506 -0.2686
vn -0.2289 -0.3053 -0.9243
vn 0.9265 0.2643 0.2678
vn 0.8003 0.0468 0.5977
vn -0.8039 -0.0558 -0.5921
vn -0.5300 -0.0607 -0.8458
vn -0.3216 -0.3970 -0.8597
vn 0.6110 0.3415 0.7142
vn 0.3142 0.3920 0.8646
vn -0.1267 0.5127 0.8492
vn 0.5502 0.0883 0.8303
vn 0.5699 0.0612 0.8195
vn -0.8721 0.0144 -0.4892
vn -0.6370 -0.4152 -0.6495
vn -0.5667 -0.0619 -0.8216
vn 0.9446 -0.2138 0.2489
vn -0.1975 -0.4524 -0.8697
vn 0.8257 0.1773 0.5355
vn -0.6745 0.3055 -0.6721
vn -0.8981 0.4305 -0.0894
vn -0.7581 0.1332 -0.6384
vn -0.7144 0.2851 -0.6390
vn 0.4201 0.1534 0.8944
vn 0.6400 -0.3302 0.6938
vn 0.7143 -0.2941 0.6350
vn 0.9438 -0.2404 0.2267
vn -0.2612 -0.0668 -0.9630
vn -0.9177 0.2255 -0.3271
vn 0.9187 -0.2243 0.3250
vn 0.5478 -0.4899 -0.6781
vn 0.2405 -0.3466 -0.9067
vn 0.2707 -0.3037 -0.9135
vn 0.2306 0.1107 -0.9667
vn -0.5433 0.4849 0.6853
vn -0.6172 0.0283 0.7863
vn -0.2385 0.3409 0.9093
vn -0.2225 -0.1229 0.9672
vn -0.1907 -0.1653 0.9676
vn -0.1658 0.3295 0.9295
vn -0.5573 0.5028 0.6608
vn 0.0023 0.4146 -0.9100
vn 0.5669 -0.1240 -0.8144
vn 0.6026 -0.7041 -0.3757
vn -0.5143 0.2066 0.8324
vn 0.5176 -0.2088 -0.8297
vn 0.4570 -0.5564 -0.6939
vn 0.7702 -0.5563 -0.3121
vn 0.0672 0.0489 -0.9965
vn 0.0665 0.3953 -0.9161
vn -0.6924 0.3685 0.6203
vn -0.7672 0.5574 0.3173
vn -0.3704 -0.1763 0.9120
vn -0.0728 -0.3892 0.9183
vn 0.0758 -0.4426 0.8935
vn 0.5471 -0.2673 -0.7932
vn -0.4938 0.3967 0.7738
vn -0.1203 0.6294 -0.7677
vn -0.0800 0.0547 0.9953
vn 0.4308 0.3381 -0.8367
vn -0.2551 -0.1672 0.9523
vn 0.2596 0.1574 -0.9528
vn -0.1246 0.2544 -0.9590
vn -0.2628 0.6547 -0.7088
vn -0.2027 -0.6150 0.7620
vn 0.2667 -0.6562 0.7059
vn 0.2928 -0.6658 0.6863
vn -0.2844 -0.1256 0.9504
vn 0.4670 -0.1234 -0.8756
vn 0.0846 0.5545 -0.8279
vn -0.5175 0.7363 -0.4359
vn 0.2300 -0.2208 0.9478
vn 0.0183 0.5045 -0.8632
vn -0.0147 -0.5046 0.8632
vn 0.1796 -0.7583 0.6267
vn 0.4135 -0.8329 0.3679
vn -0.4431 0.5521 -0.7063
vn -0.4108 0.8341 -0.3681
vn 0.1208 0.4163 -0.9012
vn -0.4877 0.8522 -0.1895
vn -0.0312 -0.3343 0.9419
vn 0.4480 -0.5273 0.7219
vn 0.0040 0.8543 -0.5198
vn 0.5799 -0.7793 0.2374
vn -0.1969 0.7531 -0.6277
vn -0.4873 0.7880 -0.3763
vn -0.4199 0.9076 -0.0007
vn 0.1886 -0.7566 0.6261
vn 0.0977 -0.9581 0.2693
vn 0.4117 -0.9113 0.0007
vn -0.4929 0.7709 0.4035
vn -0.2196 0.9288 -0.2985
vn -0.0793 0.9671 -0.2419
vn 0.1372 -0.6998 0.7011
vn 0.5193 -0.7654 0.3801
vn 0.0901 -0.9645 0.2484
vn 0.4267 -0.8989 -0.0997
vn -0.0218 0.4558 -0.8898
vn -0.2462 0.7517 -0.6118
vn -0.1515 0.9773 -0.1480
vn 0.1964 0.7753 -0.6003
vn 0.2115 0.9185 -0.3342
vn 0.1276 0.6843 -0.7179
vn 0.0413 0.9774 -0.2075
vn 0.1048 0.9945 0.0002
vn -0.0504 0.8635 0.5019
vn 0.3648 0.9263 -0.0943
vn 0.5840 0.8117 0.0010
vn -0.3698 -0.7530 0.5443
vn 0.3490 0.5806 -0.7356
vn -0.0912 -0.9457 -0.3119
vn -0.4280 -0.9015 0.0641
vn -0.1304 -0.9915 -0.0002
vn -0.0732 -0.9775 0.1979
vn -0.2326 -0.9189 0.3186
vn 0.2224 -0.7712 0.5965
vn -0.2315 -0.3416 0.9109
vn 0.1781 -0.7913 0.5849
vn 0.2983 0.6759 -0.6740
vn 0.2562 0.9200 -0.2966
vn 0.5406 -0.8411 -0.0196
vn -0.1943 -0.7663 0.6124
vn 0.2711 0.8090 -0.5216
vn -0.2048 0.9787 -0.0119
vn 0.4765 0.8493 -0.2274
vn -0.7011 -0.5256 0.4819
vn -0.5050 -0.8494 0.1534
vn -0.2927 -0.8168 0.4971
vn 0.7724 0.2826 -0.5688
vn -0.0263 -0.9945 0.1015
vn -0.4924 -0.7334 0.4687
vn 0.4833 0.7236 -0.4928
vn 0.6320 0.7420 -0.2236
vn -0.6345 -0.5654 0.5270
vn 0.5016 0.7517 -0.4282
vn 0.0963 0.8062 -0.5837
vn -0.2545 -0.4138 0.8741
vn 0.2573 0.4050 -0.8774
vn -0.7488 0.0143 0.6627
vn 0.7264 0.3828 -0.5708
vn -0.3026 -0.4587 0.8355
vn 0.3265 -0.6871 0.6491
vn -0.6173 -0.4705 0.6305
vn -0.3245 -0.3969 0.8586
vn 0.6131 0.4844 -0.6240
vn 0.3172 0.3921 -0.8635
vn 0.6296 0.5450 -0.5537
vn 0.0607 -0.4615 0.8851
vn -0.0127 0.8502 -0.5263
vn -0.6094 -0.7788 0.1490
vn -0.9094 -0.3851 0.1571
vn -0.2309 -0.8575 0.4598
vn 0.9878 0.1347 -0.0779
vn 0.7791 0.5107 -0.3636
vn -0.7734 -0.5321 0.3446
vn 0.7373 0.6696 -0.0898
vn 0.4320 0.5392 -0.7230
vn 0.9092 0.4164 0.0015
vn 0.7370 0.6695 0.0923
vn 0.4295 0.5392 0.7244
vn 0.9099 0.3369 0.2420
vn -0.8724 -0.4145 0.2592
vn -0.6789 -0.7316 -0.0617
vn 0.8536 0.2370 -0.4639
vn -0.5891 -0.6107 -0.5292
vn -0.8962 -0.4437 -0.0015
vn -0.9018 -0.3677 0.2271
vn -0.5909 -0.6106 0.5272
vn -0.8715 -0.4145 -0.2621
vn 0.8520 0.2370 0.4668
vn 0.9107 0.3369 -0.2390
vn -0.6791 -0.7316 0.0595
vn -0.9310 -0.2508 0.2654
vn 0.9274 0.2643 -0.2646
vn 0.8647 0.5023 0.0015
vn -0.9899 0.1417 -0.0017
vn -0.7674 -0.0271 0.6406
vn -0.7781 0.0626 -0.6250
vn -0.9815 0.1873 0.0409
vn -0.7936 -0.1182 0.5969
vn 0.5256 0.5121 -0.6793
vn 0.7568 0.5766 -0.3078
vn 0.9673 0.2150 -0.1349
vn 0.7755 0.0465 -0.6296
vn -0.2320 -0.3053 0.9236
vn 0.8024 0.0468 -0.5950
vn -0.8059 -0.0559 0.5894
vn -0.5329 -0.0608 0.8440
vn 0.6134 0.3415 -0.7122
vn 0.9455 -0.2137 -0.2457
vn -0.1238 0.5127 -0.8496
vn -0.2003 -0.4524 0.8690
vn -0.8737 0.0144 0.4863
vn 0.5530 0.0883 -0.8285
vn -0.6392 -0.4152 0.6473
vn 0.5726 0.0612 -0.8175
vn -0.5694 -0.0618 0.8197
vn -0.6768 0.3055 0.6698
vn -0.8984 0.4305 0.0864
vn -0.7603 0.1332 0.6358
vn 0.4231 0.1534 -0.8930
vn 0.8275 0.1773 -0.5327
vn 0.9446 -0.2403 -0.2235
vn 0.6423 -0.3303 -0.6917
vn -0.2644 -0.0668 0.9621
vn -0.9188 0.2255 0.3240
vn 0.9198 -0.2243 -0.3219
vn 0.7164 -0.2942 -0.6326
vn 0.9289 -0.1684 -0.3298
vn 0.4485 0.1208 -0.8856
vn 0.9509 0.1030 -0.2920
vn -0.9837 0.0972 -0.1513
vn -0.9443 -0.1924 0.2671
vn -0.9189 0.2038 0.3379
vn -0.9968 0.0805 -0.0017
vn -0.7098 -0.0936 0.6982
vn 0.8793 -0.1738 0.4435
vn 0.9957 -0.0924 0.0017
vn 0.9944 -0.1057 0.0017
vn 0.8858 0.2674 -0.3793
vn -0.9997 0.0253 -0.0017
vn 0.8845 0.2675 0.3823
vn -0.7802 0.0626 0.6224
vn -0.9177 0.2038 -0.3410
vn -0.9842 0.0973 0.1480
vn -0.9434 -0.1924 -0.2703
vn 0.9499 0.1030 0.2952
vn 0.4455 0.1208 0.8871
vn 0.9278 -0.1683 0.3329
vn -0.7075 -0.0936 -0.7005
vn 0.8808 -0.1738 -0.4405
vn 0.9994 0.0340 0.0017
vn -0.8835 0.4684 -0.0015
vn -0.7274 0.3143 0.6100
vn -0.9482 0.3178 -0.0016
vn -0.8883 0.4593 -0.0015
vn 0.8694 -0.1960 0.4535
vn 0.8547 -0.5192 0.0014
vn 0.8847 -0.4661 0.0014
vn 0.8710 -0.1960 -0.4505
vn -0.7253 0.3143 -0.6125
vn 0.9017 -0.2848 -0.3254
vn -0.7309 0.5874 0.3474
vn -0.7165 0.2852 0.6366
vn -0.6401 0.2480 0.7272
vn -0.9290 0.2031 0.3093
vn 0.7767 -0.4599 0.4303
vn 0.7783 -0.5323 -0.3330
vn -0.8718 0.4707 -0.1359
vn 0.4091 -0.1191 -0.9047
vn 0.7971 -0.1642 -0.5811
vn 0.7732 -0.5895 -0.2338
vn -0.2933 0.0740 0.9531
vn 0.3496 -0.0117 -0.9368
vn -0.5370 0.5388 0.6491
vn -0.7196 0.6918 0.0604
vn 0.4490 -0.2316 -0.8630
vn -0.6346 -0.1288 0.7620
vn -0.1832 -0.2042 0.9616
vn -0.3715 0.2694 0.8885
vn -0.7592 0.3404 0.5548
vn -0.1104 0.3656 -0.9242
vn 0.5792 0.0507 -0.8136
vn 0.8280 -0.4833 -0.2842
vn -0.2900 -0.3184 0.9025
vn 0.1113 0.1200 -0.9865
vn 0.2589 -0.5055 0.8231
vn -0.1403 -0.1019 0.9849
vn -0.6247 0.1655 0.7631
vn 0.6484 0.0089 -0.7612
vn -0.1537 0.6007 -0.7845
vn 0.4112 0.5217 -0.7475
vn -0.0321 0.4844 -0.8743
vn 0.5850 0.0396 -0.8101
vn -0.5227 0.7872 -0.3274
vn 0.2722 -0.7875 0.5530
vn -0.4158 -0.3118 0.8543
vn -0.2083 -0.7324 0.6483
vn -0.0119 -0.5046 -0.8633
vn -0.1369 -0.1019 -0.9853
vn -0.2062 -0.7324 -0.6489
vn 0.1907 -0.7566 -0.6254
vn 0.0153 0.5045 0.8633
vn -0.0350 0.4843 0.8742
vn -0.1990 0.7531 0.6271
vn -0.4129 -0.3119 -0.8557
vn 0.0637 -0.4614 -0.8849
vn 0.2741 -0.7875 -0.5520
vn -0.5238 0.7872 0.3255
vn 0.5822 0.0396 0.8121
vn 0.1252 0.6843 0.7184
vn 0.1943 0.7753 0.6009
vn -0.1923 -0.7663 -0.6130
vn 0.1800 -0.7913 -0.5843
vn 0.0909 -0.9644 -0.2482
vn -0.2482 0.7517 0.6110
vn -0.0802 0.9670 0.2417
vn -0.1520 0.9773 0.1475
vn 0.2960 0.6759 0.6750
vn 0.5405 -0.8411 0.0214
vn 0.2247 -0.7716 -0.5951
vn -0.2285 -0.3418 -0.9116
vn 0.2553 0.9200 0.2974
vn 0.2104 0.9185 0.3349
vn -0.2315 -0.9189 -0.3194
vn -0.4278 -0.9015 -0.0656
vn -0.5045 -0.8494 -0.1551
vn -0.0922 -0.9457 0.3116
vn 0.4112 -0.9115 0.0007
vn 0.2969 -0.6907 0.6594
vn 0.3753 -0.9269 0.0006
vn -0.0700 0.9240 0.3760
vn 0.1574 0.9875 0.0003
vn -0.0687 0.9240 -0.3762
vn 0.2991 -0.6907 -0.6584
vn -0.4516 0.8922 -0.0008
vn 0.0405 0.9774 0.2077
vn -0.0488 0.8634 -0.5021
vn 0.3465 0.5806 0.7368
vn -0.3679 -0.7529 -0.5457
vn 0.3646 0.9263 0.0955
vn -0.0725 -0.9775 -0.1981
vn -0.2910 -0.8169 -0.4980
vn 0.4758 0.8492 0.2290
vn -0.6994 -0.5256 -0.4843
vn -0.2048 0.9787 0.0113
vn 0.2693 0.8089 0.5226
vn 0.7705 0.2826 0.5714
vn -0.0259 -0.9945 -0.1015
vn -0.4908 -0.7334 -0.4704
vn 0.4816 0.7237 0.4943
vn 0.5001 0.7518 0.4298
vn 0.0944 0.8062 0.5841
vn 0.2544 0.4050 0.8782
vn -0.2516 -0.4138 -0.8749
vn -0.7465 0.0142 -0.6652
vn -0.2998 -0.4587 -0.8365
vn 0.7245 0.3828 0.5732
vn 0.3287 -0.6871 -0.6480
vn 0.6277 0.5450 0.5559
vn -0.6089 -0.7788 -0.1510
vn -0.9089 -0.3850 -0.1601
vn -0.6327 -0.5654 -0.5291
vn -0.0143 0.8502 0.5262
vn 0.6312 0.7420 0.2257
vn -0.2293 -0.8575 -0.4606
vn 0.9876 0.1347 0.0812
vn 0.9006 -0.2848 0.3284
vn 0.4061 -0.1191 0.9060
vn 0.7772 -0.5323 0.3356
vn 0.7691 -0.5563 0.3147
vn -0.8722 0.4707 0.1330
vn -0.9280 0.2032 -0.3124
vn -0.7297 0.5875 -0.3498
vn -0.6377 0.2480 -0.7293
vn -0.7661 0.5575 -0.3199
vn 0.7782 -0.4599 -0.4277
vn -0.6966 0.7175 -0.0012
vn -0.6010 0.5158 0.6105
vn -0.8175 0.5759 -0.0014
vn -0.6759 0.7370 -0.0011
vn 0.7143 -0.5136 0.4753
vn 0.9361 -0.3516 0.0016
vn 0.6082 -0.7938 0.0010
vn 0.6772 -0.7358 0.0011
vn 0.7159 -0.5136 -0.4729
vn -0.5990 0.5158 -0.6125
vn 0.7765 -0.5367 -0.3303
vn -0.4351 0.8122 0.3886
vn -0.5269 0.4586 0.7156
vn -0.8303 0.4496 0.3293
vn -0.4538 0.8112 0.3688
vn 0.5991 -0.7076 0.3746
vn 0.5214 -0.7669 -0.3742
vn 0.4538 -0.8126 -0.3658
vn -0.6775 0.7347 -0.0353
vn 0.3518 -0.2440 -0.9037
vn 0.6610 -0.3927 -0.6394
vn 0.4634 -0.8177 -0.3414
vn 0.0168 -0.7383 -0.6743
vn -0.4339 0.5836 0.6864
vn -0.1260 0.1947 0.9727
vn -0.2231 0.6844 0.6941
vn -0.4371 0.8798 0.1867
vn 0.1977 -0.2616 -0.9447
vn 0.7079 -0.6153 -0.3468
vn 0.3400 -0.6174 -0.7094
vn 0.4626 -0.8866 0.0032
vn 0.1282 -0.9175 -0.3764
vn 0.3126 -0.8663 -0.3896
vn 0.1796 -0.9058 -0.3838
vn -0.3355 0.6195 0.7097
vn -0.1763 0.9042 0.3891
vn 0.0709 0.7295 0.6803
vn 0.4462 -0.5780 -0.6832
vn 0.0297 -0.3846 -0.9226
vn -0.2156 -0.7476 -0.6282
vn -0.1409 -0.7094 -0.6906
vn -0.2310 0.9729 -0.0135
vn -0.2726 0.6316 0.7258
vn 0.1337 0.7136 0.6877
vn 0.0821 0.0070 0.9966
vn -0.0131 0.3686 0.9295
vn 0.1978 -0.9089 -0.3670
vn 0.0175 -0.3807 -0.9245
vn 0.0989 -0.3358 -0.9367
vn -0.0411 -0.4112 -0.9106
vn -0.3004 -0.0057 -0.9538
vn -0.5416 -0.4191 -0.7287
vn 0.4268 0.4412 0.7894
vn 0.0222 0.9055 0.4237
vn 0.0258 0.3495 0.9366
vn 0.1366 0.3401 0.9304
vn 0.3249 -0.2896 0.9003
vn -0.1394 -0.7213 -0.6784
vn 0.2852 0.0384 0.9577
vn -0.2891 -0.0335 -0.9567
vn -0.1377 -0.3391 -0.9306
vn 0.1843 -0.6669 -0.7220
vn -0.1302 -0.3209 -0.9381
vn -0.4135 -0.6413 -0.6464
vn -0.2624 0.7000 0.6642
vn -0.0915 -0.9143 -0.3945
vn 0.0793 0.9678 0.2390
vn 0.1366 0.3353 0.9322
vn 0.4893 0.6629 0.5667
vn 0.3363 0.3210 0.8854
vn 0.0964 0.8644 0.4935
vn -0.1926 0.4069 0.8929
vn -0.0582 -0.0445 -0.9973
vn 0.3742 -0.3645 -0.8527
vn -0.4938 -0.3181 -0.8093
vn 0.0136 -0.2600 0.9655
vn -0.0609 -0.6650 -0.7444
vn 0.0351 -0.0080 0.9994
vn -0.0354 0.0045 -0.9994
vn -0.3780 0.0196 -0.9256
vn -0.1820 0.5046 -0.8440
vn 0.0488 0.0548 -0.9973
vn 0.0953 0.5000 0.8608
vn 0.3013 -0.0288 -0.9531
vn 0.0552 0.1560 -0.9862
vn 0.0245 -0.1841 -0.9826
vn -0.0566 0.2327 0.9709
vn -0.0929 -0.2750 0.9569
vn 0.3859 -0.0320 0.9220
vn 0.8115 -0.2292 0.5376
vn -0.2688 -0.3442 0.8996
vn -0.0594 -0.8762 0.4783
vn -0.0012 0.0605 -0.9982
vn 0.2260 -0.4101 0.8836
vn -0.4026 0.3693 -0.8376
vn 0.0179 0.2733 0.9618
vn 0.0043 0.6829 -0.7305
vn 0.4007 0.3488 -0.8472
vn -0.1182 -0.4056 -0.9064
vn 0.1791 -0.3776 0.9085
vn -0.2488 0.0124 0.9685
vn 0.5311 0.0813 0.8434
vn 0.2201 -0.3832 0.8971
vn -0.6335 0.1902 -0.7500
vn 0.1398 0.3817 0.9137
vn 0.5548 -0.2181 0.8029
vn -0.4387 0.6496 -0.6209
vn -0.1024 0.4027 -0.9096
vn -0.2087 0.3544 -0.9115
vn -0.2725 -0.0745 -0.9593
vn 0.4414 -0.8209 0.3624
vn 0.2108 -0.3648 0.9069
vn -0.0488 -0.0439 0.9978
vn 0.2906 -0.6592 0.6936
vn -0.1505 0.7076 0.6904
vn 0.0546 -0.4233 -0.9043
vn 0.2576 0.0803 0.9629
vn -0.2020 0.3796 -0.9028
vn -0.3612 -0.1291 -0.9235
vn 0.2064 0.0652 -0.9763
vn 0.0874 0.0487 -0.9950
vn -0.0857 -0.0488 0.9951
vn -0.4209 0.2225 0.8794
vn 0.0368 -0.3718 0.9276
vn 0.3606 -0.6205 -0.6964
vn -0.4073 0.8140 0.4141
vn 0.0921 0.0770 -0.9928
vn -0.0710 0.3653 0.9282
vn 0.5119 -0.1632 -0.8434
vn -0.0812 0.3522 0.9324
vn 0.0826 -0.3561 -0.9308
vn 0.0631 -0.7176 -0.6936
vn -0.5408 0.5045 0.6730
vn -0.3124 0.8659 0.3908
vn -0.0595 0.3176 0.9464
vn -0.3359 0.8988 0.2817
vn 0.3502 -0.8934 -0.2814
vn 0.0557 -0.2490 -0.9669
vn 0.1239 0.7690 0.6271
vn 0.4014 -0.5798 -0.7090
vn -0.0938 0.7206 0.6870
vn 0.0969 -0.7255 -0.6813
vn -0.1332 -0.9404 -0.3128
vn -0.3546 0.8521 0.3850
vn 0.2253 -0.9743 0.0004
vn -0.2260 0.9741 -0.0004
vn 0.0837 -0.6942 -0.7149
vn 0.4691 -0.7989 -0.3764
vn -0.2452 0.9025 -0.3541
vn 0.2340 -0.9707 0.0552
vn -0.0019 0.4442 0.8959
vn 0.0260 0.9359 0.3512
vn 0.4899 -0.8091 0.3247
vn 0.0635 0.9695 -0.2366
vn 0.0626 0.9695 0.2368
vn 0.2027 -0.9792 0.0003
vn 0.5238 0.8518 0.0009
vn -0.0919 -0.9819 -0.1657
vn -0.5659 -0.7602 0.3191
vn -0.1162 -0.7379 0.6648
vn 0.3424 -0.8705 0.3536
vn 0.1378 0.9583 0.2502
vn 0.4288 0.8280 -0.3614
vn -0.1144 -0.9921 0.0510
vn -0.1104 -0.7033 0.7023
vn 0.1056 0.5081 -0.8548
vn 0.1123 0.7021 -0.7032
vn 0.1124 0.9134 -0.3912
vn -0.2659 0.9640 -0.0004
vn 0.0336 0.8489 -0.5275
vn -0.0375 -0.5877 0.8082
vn 0.2331 -0.7026 0.6723
vn -0.0592 -0.8199 0.5695
vn 0.4829 0.6022 -0.6357
vn 0.0078 0.5000 -0.8660
vn -0.4966 -0.3182 0.8076
vn -0.1896 0.4069 -0.8936
vn 0.0981 0.8644 -0.4931
vn 0.3392 0.3210 -0.8843
vn -0.0615 -0.0445 0.9971
vn 0.3713 -0.3645 0.8540
vn 0.1398 0.3401 -0.9299
vn 0.0169 -0.2598 -0.9655
vn -0.0634 -0.6650 0.7442
vn -0.1408 -0.3391 0.9302
vn -0.4157 -0.6412 0.6450
vn -0.1116 -0.9123 0.3939
vn -0.4342 -0.9008 -0.0007
vn -0.1334 -0.3209 0.9377
vn -0.2601 0.7000 -0.6651
vn -0.0929 -0.9143 0.3942
vn 0.0801 0.9678 -0.2387
vn 0.1819 -0.6668 0.7227
vn 0.1397 0.3353 -0.9317
vn 0.4913 0.6629 -0.5650
vn -0.1433 -0.7094 0.6901
vn 0.1359 0.7136 -0.6872
vn 0.0289 0.3496 -0.9365
vn 0.0236 0.9055 -0.4237
vn 0.4295 0.4412 -0.7880
vn -0.3037 -0.0058 0.9528
vn -0.5440 -0.4191 0.7269
vn 0.0958 -0.3358 0.9371
vn -0.0101 0.3686 -0.9295
vn 0.3279 -0.2896 -0.8992
vn -0.1417 -0.7213 0.6780
vn -0.2923 -0.0335 0.9557
vn 0.2882 0.0385 -0.9568
vn 0.0144 -0.3807 0.9246
vn 0.0454 0.0547 0.9975
vn -0.1849 0.5046 0.8433
vn -0.3812 0.0197 0.9243
vn 0.0981 0.5000 -0.8605
vn 0.5339 0.0813 -0.8416
vn -0.2455 0.0124 -0.9693
vn 0.1821 -0.3776 -0.9079
vn -0.1215 -0.4056 0.9059
vn -0.6361 0.1902 0.7478
vn 0.2231 -0.3831 -0.8964
vn 0.1429 0.3818 -0.9131
vn 0.5575 -0.2182 -0.8010
vn -0.4408 0.6497 0.6194
vn -0.1054 0.4028 0.9092
vn -0.2115 0.3544 0.9108
vn -0.2758 -0.0746 0.9583
vn 0.4425 -0.8209 -0.3610
vn 0.2140 -0.3648 -0.9062
vn -0.0455 -0.0438 -0.9980
vn 0.2928 -0.6593 -0.6926
vn -0.1482 0.7077 -0.6908
vn 0.0515 -0.4234 0.9045
vn -0.2050 0.3796 0.9021
vn 0.2609 0.0803 -0.9620
vn -0.3643 -0.1291 0.9223
vn 0.2032 0.0651 0.9770
vn 0.0840 0.0486 0.9953
vn -0.0824 -0.0488 -0.9954
vn -0.4176 0.2218 -0.8811
vn 0.0399 -0.3717 -0.9275
vn 0.3582 -0.6205 0.6976
vn -0.0679 0.3652 -0.9284
vn -0.0441 -0.4112 0.9105
vn 0.5090 -0.1632 0.8452
vn -0.4060 0.8140 -0.4154
vn -0.3332 0.6196 -0.7107
vn 0.0887 0.0770 0.9931
vn 0.3376 -0.6173 0.7106
vn 0.0795 -0.3561 0.9311
vn -0.0781 0.3523 -0.9326
vn 0.4439 -0.5780 0.6847
vn 0.1966 -0.9090 0.3676
vn -0.2179 -0.7476 0.6274
vn 0.0731 0.7295 -0.6801
vn 0.0854 0.0070 -0.9963
vn -0.2701 0.6316 -0.7267
vn -0.2311 0.9728 0.0129
vn -0.1750 0.9042 -0.3897
vn 0.0266 -0.3845 0.9227
vn 0.1783 -0.9058 0.3844
vn 0.2588 -0.8811 0.3959
vn -0.0837 -0.9965 0.0030
vn -0.4869 -0.8235 0.2911
vn 0.3455 0.8833 -0.3168
vn 0.1486 0.4654 -0.8725
vn -0.1279 0.9071 -0.4009
vn 0.0215 0.9512 0.3077
vn -0.1485 -0.7083 0.6901
vn 0.0701 0.9975 0.0001
vn -0.0765 -0.9971 -0.0001
vn 0.2424 -0.9702 0.0004
vn -0.0941 -0.9204 -0.3796
vn 0.4814 0.8765 0.0008
vn 0.1018 0.8717 -0.4793
vn -0.0954 -0.9204 0.3792
vn 0.1002 0.8717 0.4797
vn 0.2375 -0.3466 0.9075
vn 0.1839 -0.3581 0.9154
vn -0.2354 0.3409 -0.9101
vn 0.2318 0.4821 -0.8449
vn -0.2144 0.3038 0.9283
vn -0.1420 -0.4590 0.8770
vn -0.1656 0.7328 -0.6600
vn -0.2896 0.3024 -0.9081
vn 0.1113 0.0167 -0.9936
vn 0.2388 -0.8929 0.3818
vn 0.1620 -0.7012 0.6943
vn 0.4478 -0.5731 0.6863
vn 0.0623 0.0301 0.9976
vn 0.1609 -0.6962 0.6996
vn -0.3524 0.8875 -0.2970
vn -0.5200 0.5297 -0.6701
vn 0.3713 -0.9285 0.0011
vn -0.1569 0.2749 -0.9486
vn 0.3898 0.1933 -0.9004
vn 0.2290 0.4822 0.8456
vn -0.1678 0.7328 0.6594
vn -0.2927 0.3024 0.9071
vn 0.1870 -0.3581 -0.9148
vn -0.2113 0.3039 -0.9290
vn -0.1391 -0.4590 -0.8775
vn -0.1664 0.6995 0.6950
vn 0.1080 0.0166 0.9940
vn 0.2401 -0.8929 -0.3810
vn 0.1644 -0.7012 -0.6937
vn 0.4501 -0.5731 -0.6848
vn 0.0657 0.0301 -0.9974
vn 0.1633 -0.6962 -0.6990
vn -0.3534 0.8875 0.2958
vn -0.5222 0.5297 0.6684
vn -0.0384 0.7193 0.6936
vn 0.3713 -0.9285 0.0003
vn 0.3631 -0.8567 -0.3663
vn -0.1601 0.2749 0.9481
vn -0.3635 0.8551 0.3698
vn 0.0537 -0.9315 -0.3598
vn -0.4698 0.8000 0.3732
vn -0.2679 0.9634 -0.0005
vn 0.0560 -0.3958 -0.9166
vn 0.3651 -0.8528 -0.3735
vn -0.2603 0.9636 -0.0605
vn 0.2420 -0.8912 0.3837
vn 0.0331 0.9365 0.3492
vn -0.1458 0.6638 0.7336
vn 0.2639 -0.9645 0.0004
vn 0.1279 -0.9918 0.0002
vn 0.4526 -0.8125 0.3673
vn 0.4452 -0.7896 -0.4223
vn 0.4439 -0.7895 0.4238
vn -0.5349 0.8449 -0.0009
vn 0.7730 -0.6344 0.0013
vn -0.3730 0.7445 0.5537
vn -0.3462 0.9382 -0.0006
vn -0.3711 0.7445 -0.5550
vn -0.4526 0.8111 -0.3704
vn -0.8292 0.4495 -0.3321
vn -0.5411 0.4849 -0.6871
vn -0.5244 0.4586 -0.7174
vn 0.6003 -0.7077 -0.3726
vn -0.4338 0.8122 -0.3900
vn 0.5201 -0.7669 0.3760
vn -0.6776 0.7347 0.0330
vn 0.7754 -0.5366 0.3329
vn 0.3487 -0.2439 0.9049
vn 0.5455 -0.4900 0.6799
vn 0.4547 -0.5563 0.6955
vn 0.5149 -0.2087 0.8315
vn 0.7724 -0.5895 0.2364
vn 0.3464 -0.0117 0.9380
vn -0.6904 0.3684 -0.6226
vn 0.7952 -0.1642 0.5837
vn -0.2905 0.0736 -0.9540
vn -0.5348 0.5389 -0.6509
vn -0.7193 0.6919 -0.0628
vn -0.5115 0.2066 -0.8341
vn -0.6321 -0.1288 -0.7641
vn -0.2519 -0.1673 -0.9532
vn -0.1800 -0.2042 -0.9622
vn 0.4461 -0.2316 0.8645
vn 0.2564 0.1574 0.9537
vn -0.7573 0.3405 -0.5573
vn -0.1136 0.3656 0.9238
vn 0.5765 0.0507 0.8155
vn -0.3686 0.2694 -0.8897
vn 0.8271 -0.4833 0.2870
vn -0.2872 -0.3184 -0.9034
vn 0.1080 0.1199 0.9869
vn 0.2617 -0.5055 -0.8222
vn -0.6220 0.1656 -0.7653
vn -0.1564 0.6007 0.7840
vn 0.6459 0.0089 0.7634
vn 0.4087 0.5217 0.7489
vn 0.2557 0.4869 -0.8352
vn -0.0915 0.7206 -0.6873
vn -0.2441 0.8872 -0.3914
vn -0.0924 0.3678 -0.9253
vn -0.2433 -0.0862 0.9661
vn 0.2091 -0.3359 0.9184
vn 0.0945 -0.7256 0.6816
vn -0.3281 -0.5487 0.7689
vn 0.1253 -0.7575 0.6407
vn 0.3544 -0.2267 -0.9072
vn -0.1323 0.4521 -0.8821
vn -0.2596 -0.1162 -0.9587
vn 0.0835 0.0590 0.9948
vn -0.2646 0.4756 0.8389
vn -0.1860 -0.0625 0.9806
vn 0.2551 -0.3574 -0.8984
vn 0.1666 -0.4677 0.8681
vn -0.2977 0.8697 0.3936
vn 0.2939 -0.8678 -0.4006
vn 0.0968 -0.9953 0.0002
vn 0.2926 -0.8678 0.4016
vn -0.4793 0.8776 -0.0008
vn -0.2964 0.8697 -0.3946
vn -0.1990 0.7666 0.6106
vn -0.1969 0.7665 -0.6113
vn 0.4032 -0.8251 0.3958
vn 0.4045 -0.8251 -0.3944
vn 0.0141 0.9999 -0.0000
vn 0.7000 -0.7141 0.0012
vn 0.4994 -0.8664 0.0008
vn -0.4946 0.8691 -0.0008
vn -0.6289 0.6476 -0.4302
vn 0.0888 -0.9478 0.3063
vn -0.6304 0.6476 0.4280
vn 0.0899 -0.9478 -0.3060
vn -0.5508 0.7744 -0.3114
vn -0.2640 0.9040 0.3362
vn 0.2847 -0.6490 -0.7055
vn 0.7163 -0.5710 -0.4011
vn 0.5074 -0.8617 -0.0036
vn -0.1472 0.4299 0.8908
vn -0.2651 0.6546 0.7079
vn 0.2691 -0.6562 -0.7050
vn 0.4148 -0.8328 -0.3665
vn 0.1055 0.8303 0.5472
vn 0.4653 -0.4865 -0.7395
vn 0.0264 -0.2873 -0.9575
vn -0.0355 -0.7563 -0.6533
vn -0.3363 0.9384 0.0793
vn -0.3253 0.6436 0.6928
vn 0.3804 -0.8364 -0.3946
vn 0.1580 0.2755 0.9482
vn -0.0697 -0.3893 -0.9185
vn 0.0635 0.3954 0.9163
vn 0.2530 0.4868 0.8361
vn -0.2454 0.8873 0.3905
vn -0.0955 0.3677 0.9250
vn -0.2401 -0.0862 -0.9669
vn 0.2122 -0.3359 -0.9177
vn -0.3255 -0.5488 -0.7700
vn 0.1275 -0.7575 -0.6403
vn -0.2192 -0.1228 -0.9679
vn 0.3513 -0.2267 0.9084
vn 0.2273 0.1106 0.9675
vn 0.0868 0.0589 -0.9945
vn -0.2617 0.4756 -0.8398
vn -0.1826 -0.0625 -0.9812
vn -0.1352 0.4520 0.8817
vn 0.3868 0.1934 0.9017
vn -0.2627 -0.1163 0.9578
vn 0.2521 -0.3574 0.8993
vn 0.1694 -0.4676 -0.8676
vn 0.2471 -0.9690 0.0004
vn -0.5884 0.8086 -0.0010
vn -0.3268 0.8176 0.4740
vn -0.1370 0.9906 -0.0002
vn -0.3252 0.8177 -0.4751
vn 0.2800 -0.6550 0.7018
vn 0.2816 -0.6554 -0.7009
vn 0.5300 -0.8480 0.0009
vn 0.0525 -0.9315 0.3600
vn 0.0531 -0.3958 0.9168
vn 0.3638 -0.8528 0.3747
vn -0.2605 0.9636 0.0597
vn 0.0343 0.9365 -0.3490
vn 0.2433 -0.8911 -0.3830
vn -0.1434 0.6638 -0.7341
vn -0.4317 0.5836 -0.6878
vn -0.1228 0.1946 -0.9732
vn 0.4623 -0.8178 0.3428
vn -0.2206 0.6844 -0.6949
vn 0.0146 -0.7383 0.6743
vn 0.6589 -0.3927 0.6416
vn -0.4365 0.8798 -0.1882
vn 0.1945 -0.2616 0.9454
vn 0.2677 -0.3038 0.9144
vn -0.0008 0.4147 0.9100
vn 0.5642 -0.1241 0.8163
vn -0.5550 0.5027 -0.6627
vn -0.6146 0.0283 -0.7883
vn -0.1626 0.3294 -0.9301
vn -0.1875 -0.1652 -0.9683
vn 0.6013 -0.7041 0.3777
vn -0.3673 -0.1763 -0.9132
vn 0.0639 0.0488 0.9968
vn 0.0788 -0.4426 -0.8932
vn 0.5444 -0.2673 0.7951
vn -0.4911 0.3967 -0.7755
vn -0.1229 0.6294 0.7673
vn -0.0767 0.0547 -0.9956
vn 0.4280 0.3382 0.8381
vn -0.2001 -0.6150 -0.7627
vn -0.1279 0.2543 0.9586
vn 0.4640 -0.1234 0.8772
vn -0.2812 -0.1255 -0.9514
vn 0.2332 -0.2209 -0.9470
vn -0.5190 0.7363 0.4341
vn 0.2950 -0.6658 -0.6853
vn 0.0817 0.5545 0.8282
vn 0.1818 -0.7583 -0.6261
vn -0.4455 0.5521 0.7048
vn -0.4120 0.8341 0.3667
vn 0.1177 0.4163 0.9016
vn -0.4883 0.8522 0.1879
vn -0.0280 -0.3343 -0.9420
vn 0.4504 -0.5274 -0.7204
vn 0.5810 -0.7791 -0.2355
vn 0.0022 0.8543 0.5198
vn -0.4886 0.7880 0.3747
vn -0.0249 0.4558 0.8897
vn 0.4264 -0.8988 0.1012
vn -0.2205 0.9289 0.2977
vn 0.0986 -0.9581 -0.2689
vn -0.4914 0.7709 -0.4053
vn 0.1396 -0.6998 -0.7006
vn 0.5206 -0.7655 -0.3782
vn -0.1619 0.9868 -0.0003
vn -0.3713 0.7706 0.5180
vn -0.6877 0.7260 -0.0012
vn 0.7070 -0.7072 0.0012
vn 0.4760 -0.7226 0.5013
vn 0.3665 -0.9304 0.0006
vn -0.3697 0.7706 -0.5192
vn 0.4777 -0.7226 -0.4997
vn 0.7150 -0.5710 0.4035
vn 0.2823 -0.6490 0.7065
vn -0.2629 0.9040 -0.3371
vn -0.5518 0.7744 0.3094
vn 0.5074 -0.8617 0.0053
vn -0.1442 0.4298 -0.8913
vn 0.4628 -0.4864 0.7411
vn 0.0232 -0.2873 0.9576
vn -0.0378 -0.7563 0.6532
vn -0.3360 0.9384 -0.0804
vn 0.1073 0.8304 -0.5468
vn -0.3230 0.6436 -0.6939
vn 0.3790 -0.8364 0.3959
vn 0.1611 0.2755 -0.9477
vn -0.1293 0.9071 0.4006
vn -0.4859 -0.8236 -0.2927
vn -0.1462 -0.7083 -0.6906
vn 0.2601 -0.8810 -0.3951
vn 0.0225 0.9512 -0.3077
vn 0.3445 0.8833 0.3180
vn -0.0837 -0.9965 -0.0032
vn 0.1456 0.4655 0.8730
vn -0.1617 -0.9868 -0.0003
vn 0.1898 -0.9051 0.3805
vn 0.1911 -0.9051 -0.3799
vn -0.3723 0.9281 -0.0006
vn -0.1379 0.6894 0.7112
vn -0.1349 0.6894 -0.7117
vn -0.0065 1.0000 -0.0000
vn 0.5437 -0.8393 0.0011
vn -0.4380 0.8990 -0.0007
vn 0.4437 -0.8962 0.0007
vn 0.1269 -0.9176 0.3768
vn -0.6147 0.6998 -0.3639
vn -0.2362 0.3597 -0.9027
vn -0.2472 0.8882 -0.3873
vn 0.4626 -0.8866 -0.0016
vn -0.4190 0.8435 0.3360
vn 0.3529 -0.6058 0.7131
vn 0.7068 -0.6152 0.3492
vn 0.3112 -0.8662 0.3909
vn 0.0607 -0.7176 0.6938
vn -0.3110 0.8659 -0.3918
vn -0.5386 0.5045 -0.6748
vn -0.3349 0.8988 -0.2829
vn -0.0563 0.3177 -0.9465
vn 0.0526 -0.2490 0.9671
vn 0.3492 -0.8934 0.2826
vn 0.1261 0.7690 -0.6267
vn 0.3990 -0.5798 0.7104
vn -0.3533 0.8521 -0.3862
vn 0.0011 0.4443 -0.8959
vn 0.0272 0.9359 -0.3511
vn 0.2341 -0.9707 -0.0544
vn -0.1342 -0.9404 0.3124
vn 0.4679 -0.7989 0.3780
vn -0.2465 0.9024 0.3533
vn 0.0813 -0.6943 0.7151
vn 0.5322 -0.8466 0.0009
vn 0.3099 -0.8197 -0.4817
vn 0.1612 -0.9869 0.0003
vn -0.2979 0.8323 -0.4675
vn 0.0207 0.9998 -0.0000
vn -0.6537 0.7567 -0.0011
vn -0.2995 0.8323 0.4665
vn 0.3083 -0.8197 0.4827
vn 0.3553 -0.6058 -0.7119
vn -0.4178 0.8435 -0.3375
vn -0.2485 0.8882 0.3865
vn -0.6159 0.6998 0.3618
vn -0.2392 0.3597 0.9019
vt 0.000000 0.000000
s 1
f 1/1/1 2/1/2 3/1/3
f 4/1/4 3/1/3 2/1/2
f 2/1/2 5/1/5 4/1/4
f 5/1/5 2/1/2 6/1/6
f 7/1/7 4/1/4 5/1/5
f 6/1/6 7/1/7 5/1/5
f 6/1/6 2/1/2 8/1/8
f 7/1/7 6/1/6 9/1/9
f 2/1/2 1/1/1 10/1/10
f 2/1/2 10/1/10 8/1/8
f 1/1/1 7/1/7 10/1/10
f 9/1/9 10/1/10 7/1/7
f 11/1/11 8/1/8 10/1/10
f 10/1/10 9/1/9 11/1/11
f 8/1/8 12/1/12 6/1/6
f 12/1/12 9/1/9 6/1/6
f 13/1/13 8/1/8 11/1/11
f 9/1/9 13/1/13 11/1/11
f 14/1/14 12/1/12 8/1/8
f 8/1/8 13/1/13 14/1/14
f 9/1/9 12/1/12 15/1/15
f 15/1/15 13/1/13 9/1/9
f 1/1/1 16/1/16 7/1/7
f 4/1/4 7/1/7 16/1/16
f 17/1/17 16/1/16 15/1/15
f 4/1/4 16/1/16 18/1/18
f 17/1/17 12/1/12 19/1/19
f 13/1/13 15/1/15 20/1/20
f 13/1/13 20/1/20 21/1/21
f 20/1/20 22/1/22 21/1/21
f 23/1/23 13/1/13 21/1/21
f 22/1/22 23/1/23 21/1/21
f 24/1/24 13/1/13 23/1/23
f 20/1/20 24/1/24 23/1/23
f 15/1/15 24/1/24 20/1/20
f 25/1/25 20/1/20 23/1/23
f 23/1/23 22/1/22 25/1/25
f 20/1/20 25/1/25 26/1/26
f 26/1/26 22/1/22 20/1/20
f 16/1/16 22/1/22 26/1/26
f 27/1/27 26/1/26 25/1/25
f 22/1/22 27/1/27 25/1/25
f 26/1/26 27/1/27 16/1/16
f 16/1/16 27/1/27 15/1/15
f 15/1/15 27/1/27 24/1/24
f 28/1/28 29/1/29 30/1/30
f 31/1/31 28/1/28 32/1/32
f 28/1/28 30/1/30 33/1/33
f 31/1/31 32/1/32 34/1/34
f 35/1/35 31/1/31 34/1/34
f 36/1/36 34/1/34 32/1/32
f 34/1/34 36/1/36 37/1/37
f 37/1/37 38/1/38 34/1/34
f 35/1/35 34/1/34 38/1/38
f 37/1/37 36/1/36 39/1/39
f 39/1/39 38/1/38 37/1/37
f 32/1/32 40/1/40 36/1/36
f 40/1/40 35/1/35 38/1/38
f 40/1/40 32/1/32 41/1/41
f 41/1/41 35/1/35 40/1/40
f 32/1/32 42/1/42 41/1/41
f 35/1/35 41/1/41 42/1/42
f 42/1/42 32/1/32 28/1/28
f 43/1/43 31/1/31 35/1/35
f 42/1/42 43/1/43 35/1/35
f 38/1/38 44/1/44 40/1/40
f 44/1/44 36/1/36 40/1/40
f 38/1/38 39/1/39 45/1/45
f 45/1/45 44/1/44 38/1/38
f 46/1/46 39/1/39 36/1/36
f 36/1/36 44/1/44 46/1/46
f 47/1/47 45/1/45 39/1/39
f 39/1/39 48/1/48 47/1/47
f 47/1/47 48/1/48 49/1/49
f 48/1/48 50/1/50 49/1/49
f 50/1/50 48/1/48 51/1/51
f 49/1/49 52/1/52 47/1/47
f 51/1/51 45/1/45 50/1/50
f 52/1/52 49/1/49 53/1/53
f 50/1/50 53/1/53 49/1/49
f 54/1/54 52/1/52 53/1/53
f 54/1/54 31/1/31 52/1/52
f 55/1/55 54/1/54 53/1/53
f 55/1/55 53/1/53 50/1/50
f 54/1/54 55/1/55 56/1/56
f 43/1/43 52/1/52 31/1/31
f 43/1/43 56/1/56 55/1/55
f 50/1/50 57/1/57 55/1/55
f 43/1/43 55/1/55 57/1/57
f 52/1/52 43/1/43 57/1/57
f 57/1/57 50/1/50 58/1/58
f 58/1/58 52/1/52 57/1/57
f 52/1/52 58/1/58 47/1/47
f 50/1/50 45/1/45 58/1/58
f 45/1/45 47/1/47 58/1/58
f 56/1/56 43/1/43 59/1/59
f 45/1/45 51/1/51 60/1/60
f 61/1/61 60/1/60 51/1/51
f 51/1/51 62/1/62 61/1/61
f 63/1/63 60/1/60 61/1/61
f 62/1/62 63/1/63 61/1/61
f 60/1/60 63/1/63 59/1/59
f 56/1/56 59/1/59 63/1/63
f 64/1/64 56/1/56 63/1/63
f 64/1/64 63/1/63 62/1/62
f 59/1/59 65/1/65 60/1/60
f 62/1/62 65/1/65 64/1/64
f 65/1/65 59/1/59 66/1/66
f 66/1/66 64/1/64 65/1/65
f 59/1/59 67/1/67 66/1/66
f 64/1/64 66/1/66 67/1/67
f 67/1/67 59/1/59 43/1/43
f 68/1/68 60/1/60 65/1/65
f 62/1/62 68/1/68 65/1/65
f 60/1/60 68/1/68 45/1/45
f 62/1/62 51/1/51 69/1/69
f 69/1/69 68/1/68 62/1/62
f 56/1/56 64/1/64 70/1/70
f 67/1/67 70/1/70 64/1/64
f 70/1/70 71/1/71 56/1/56
f 72/1/72 56/1/56 71/1/71
f 72/1/72 71/1/71 73/1/73
f 73/1/73 70/1/70 72/1/72
f 74/1/74 73/1/73 71/1/71
f 71/1/71 70/1/70 75/1/75
f 71/1/71 75/1/75 74/1/74
f 70/1/70 73/1/73 75/1/75
f 73/1/73 74/1/74 76/1/76
f 76/1/76 75/1/75 73/1/73
f 51/1/51 76/1/76 74/1/74
f 75/1/75 76/1/76 77/1/77
f 77/1/77 74/1/74 75/1/75
f 77/1/77 51/1/51 74/1/74
f 76/1/76 69/1/69 77/1/77
f 69/1/69 51/1/51 77/1/77
f 70/1/70 78/1/78 69/1/69
f 69/1/69 78/1/78 79/1/79
f 69/1/69 79/1/79 80/1/80
f 68/1/68 69/1/69 80/1/80
f 70/1/70 81/1/81 78/1/78
f 81/1/81 70/1/70 82/1/82
f 70/1/70 83/1/83 82/1/82
f 83/1/83 78/1/78 81/1/81
f 83/1/83 80/1/80 82/1/82
f 82/1/82 84/1/84 81/1/81
f 84/1/84 82/1/82 80/1/80
f 84/1/84 83/1/83 81/1/81
f 80/1/80 79/1/79 84/1/84
f 80/1/80 83/1/83 85/1/85
f 68/1/68 80/1/80 85/1/85
f 83/1/83 84/1/84 85/1/85
f 84/1/84 68/1/68 85/1/85
f 79/1/79 68/1/68 84/1/84
f 70/1/70 67/1/67 83/1/83
f 78/1/78 83/1/83 67/1/67
f 67/1/67 86/1/86 78/1/78
f 86/1/86 67/1/67 87/1/87
f 67/1/67 88/1/88 87/1/87
f 89/1/89 86/1/86 87/1/87
f 88/1/88 89/1/89 87/1/87
f 86/1/86 89/1/89 90/1/90
f 68/1/68 90/1/90 89/1/89
f 89/1/89 88/1/88 91/1/91
f 91/1/91 68/1/68 89/1/89
f 67/1/67 92/1/92 88/1/88
f 90/1/90 68/1/68 79/1/79
f 92/1/92 67/1/67 93/1/93
f 43/1/43 93/1/93 67/1/67
f 93/1/93 43/1/43 94/1/94
f 43/1/43 95/1/95 94/1/94
f 43/1/43 42/1/42 95/1/95
f 96/1/96 93/1/93 94/1/94
f 94/1/94 95/1/95 96/1/96
f 92/1/92 95/1/95 42/1/42
f 93/1/93 96/1/96 97/1/97
f 95/1/95 92/1/92 98/1/98
f 93/1/93 98/1/98 92/1/92
f 98/1/98 93/1/93 99/1/99
f 99/1/99 95/1/95 98/1/98
f 97/1/97 99/1/99 93/1/93
f 96/1/96 95/1/95 100/1/100
f 95/1/95 99/1/99 100/1/100
f 45/1/45 97/1/97 96/1/96
f 100/1/100 45/1/45 96/1/96
f 97/1/97 45/1/45 68/1/68
f 44/1/44 45/1/45 100/1/100
f 97/1/97 101/1/101 99/1/99
f 68/1/68 101/1/101 97/1/97
f 101/1/101 100/1/100 99/1/99
f 100/1/100 101/1/101 44/1/44
f 101/1/101 68/1/68 91/1/91
f 91/1/91 102/1/102 101/1/101
f 102/1/102 91/1/91 103/1/103
f 103/1/103 91/1/91 104/1/104
f 88/1/88 104/1/104 91/1/91
f 104/1/104 90/1/90 103/1/103
f 90/1/90 102/1/102 103/1/103
f 90/1/90 104/1/104 86/1/86
f 88/1/88 105/1/105 104/1/104
f 86/1/86 104/1/104 105/1/105
f 105/1/105 88/1/88 92/1/92
f 105/1/105 78/1/78 86/1/86
f 79/1/79 102/1/102 90/1/90
f 102/1/102 79/1/79 106/1/106
f 79/1/79 107/1/107 106/1/106
f 78/1/78 108/1/108 79/1/79
f 107/1/107 79/1/79 108/1/108
f 108/1/108 102/1/102 107/1/107
f 106/1/106 107/1/107 109/1/109
f 102/1/102 106/1/106 110/1/110
f 109/1/109 110/1/110 106/1/106
f 107/1/107 102/1/102 110/1/110
f 111/1/111 109/1/109 107/1/107
f 107/1/107 110/1/110 111/1/111
f 111/1/111 78/1/78 109/1/109
f 110/1/110 109/1/109 112/1/112
f 111/1/111 110/1/110 112/1/112
f 78/1/78 112/1/112 109/1/109
f 78/1/78 105/1/105 112/1/112
f 112/1/112 113/1/113 111/1/111
f 78/1/78 111/1/111 113/1/113
f 113/1/113 112/1/112 105/1/105
f 108/1/108 78/1/78 113/1/113
f 113/1/113 114/1/114 108/1/108
f 115/1/115 108/1/108 114/1/114
f 114/1/114 116/1/116 115/1/115
f 108/1/108 116/1/116 117/1/117
f 117/1/117 102/1/102 108/1/108
f 116/1/116 108/1/108 118/1/118
f 108/1/108 115/1/115 118/1/118
f 116/1/116 118/1/118 119/1/119
f 115/1/115 116/1/116 119/1/119
f 118/1/118 120/1/120 119/1/119
f 120/1/120 115/1/115 119/1/119
f 115/1/115 121/1/121 118/1/118
f 120/1/120 118/1/118 121/1/121
f 121/1/121 115/1/115 122/1/122
f 115/1/115 120/1/120 122/1/122
f 122/1/122 113/1/113 121/1/121
f 113/1/113 120/1/120 121/1/121
f 120/1/120 123/1/123 122/1/122
f 113/1/113 122/1/122 123/1/123
f 123/1/123 120/1/120 124/1/124
f 113/1/113 124/1/124 120/1/120
f 124/1/124 113/1/113 125/1/125
f 105/1/105 125/1/125 113/1/113
f 124/1/124 125/1/125 126/1/126
f 127/1/127 124/1/124 126/1/126
f 125/1/125 128/1/128 126/1/126
f 128/1/128 127/1/127 126/1/126
f 124/1/124 127/1/127 129/1/129
f 105/1/105 129/1/129 127/1/127
f 127/1/127 128/1/128 130/1/130
f 116/1/116 130/1/130 128/1/128
f 117/1/117 116/1/116 128/1/128
f 128/1/128 125/1/125 117/1/117
f 130/1/130 131/1/131 127/1/127
f 127/1/127 131/1/131 105/1/105
f 125/1/125 105/1/105 131/1/131
f 125/1/125 131/1/131 117/1/117
f 117/1/117 131/1/131 132/1/132
f 131/1/131 130/1/130 132/1/132
f 102/1/102 117/1/117 132/1/132
f 132/1/132 130/1/130 102/1/102
f 133/1/133 102/1/102 130/1/130
f 102/1/102 133/1/133 134/1/134
f 134/1/134 101/1/101 102/1/102
f 129/1/129 105/1/105 135/1/135
f 92/1/92 135/1/135 105/1/105
f 135/1/135 136/1/136 129/1/129
f 134/1/134 136/1/136 135/1/135
f 137/1/137 129/1/129 136/1/136
f 129/1/129 137/1/137 138/1/138
f 136/1/136 134/1/134 139/1/139
f 139/1/139 137/1/137 136/1/136
f 134/1/134 133/1/133 139/1/139
f 133/1/133 140/1/140 139/1/139
f 137/1/137 139/1/139 140/1/140
f 140/1/140 133/1/133 141/1/141
f 92/1/92 138/1/138 137/1/137
f 141/1/141 101/1/101 140/1/140
f 140/1/140 142/1/142 137/1/137
f 140/1/140 101/1/101 142/1/142
f 101/1/101 134/1/134 142/1/142
f 143/1/143 137/1/137 142/1/142
f 134/1/134 143/1/143 142/1/142
f 137/1/137 143/1/143 92/1/92
f 135/1/135 143/1/143 134/1/134
f 135/1/135 92/1/92 143/1/143
f 101/1/101 141/1/141 144/1/144
f 144/1/144 44/1/44 101/1/101
f 144/1/144 141/1/141 145/1/145
f 141/1/141 146/1/146 145/1/145
f 147/1/147 144/1/144 145/1/145
f 145/1/145 146/1/146 147/1/147
f 144/1/144 147/1/147 148/1/148
f 138/1/138 92/1/92 148/1/148
f 148/1/148 147/1/147 138/1/138
f 42/1/42 148/1/148 92/1/92
f 149/1/149 138/1/138 147/1/147
f 149/1/149 147/1/147 146/1/146
f 148/1/148 150/1/150 144/1/144
f 44/1/44 144/1/144 150/1/150
f 150/1/150 146/1/146 44/1/44
f 150/1/150 149/1/149 146/1/146
f 150/1/150 148/1/148 151/1/151
f 151/1/151 149/1/149 150/1/150
f 148/1/148 42/1/42 151/1/151
f 42/1/42 149/1/149 151/1/151
f 152/1/152 153/1/153 154/1/154
f 155/1/155 156/1/156 157/1/157
f 156/1/156 155/1/155 158/1/158
f 157/1/157 159/1/159 155/1/155
f 155/1/155 160/1/160 158/1/158
f 161/1/161 152/1/152 160/1/160
f 155/1/155 162/1/162 160/1/160
f 160/1/160 162/1/162 161/1/161
f 155/1/155 163/1/163 162/1/162
f 163/1/163 161/1/161 162/1/162
f 163/1/163 155/1/155 159/1/159
f 160/1/160 164/1/164 158/1/158
f 164/1/164 156/1/156 158/1/158
f 165/1/165 160/1/160 152/1/152
f 164/1/164 160/1/160 166/1/166
f 160/1/160 165/1/165 166/1/166
f 166/1/166 159/1/159 164/1/164
f 159/1/159 166/1/166 163/1/163
f 163/1/163 166/1/166 165/1/165
f 159/1/159 167/1/167 164/1/164
f 167/1/167 156/1/156 164/1/164
f 157/1/157 168/1/168 159/1/159
f 168/1/168 167/1/167 159/1/159
f 169/1/169 161/1/161 163/1/163
f 165/1/165 169/1/169 163/1/163
f 169/1/169 170/1/170 161/1/161
f 171/1/171 161/1/161 170/1/170
f 168/1/168 157/1/157 172/1/172
f 157/1/157 173/1/173 172/1/172
f 172/1/172 173/1/173 174/1/174
f 174/1/174 170/1/170 172/1/172
f 173/1/173 175/1/175 174/1/174
f 175/1/175 173/1/173 176/1/176
f 170/1/170 174/1/174 177/1/177
f 174/1/174 175/1/175 177/1/177
f 171/1/171 170/1/170 177/1/177
f 178/1/178 171/1/171 177/1/177
f 177/1/177 175/1/175 178/1/178
f 171/1/171 178/1/178 179/1/179
f 176/1/176 168/1/168 175/1/175
f 170/1/170 180/1/180 172/1/172
f 168/1/168 172/1/172 180/1/180
f 180/1/180 175/1/175 168/1/168
f 180/1/180 170/1/170 181/1/181
f 181/1/181 175/1/175 180/1/180
f 175/1/175 181/1/181 178/1/178
f 170/1/170 169/1/169 181/1/181
f 178/1/178 181/1/181 169/1/169
f 169/1/169 179/1/179 178/1/178
f 168/1/168 176/1/176 182/1/182
f 179/1/179 169/1/169 183/1/183
f 179/1/179 183/1/183 184/1/184
f 185/1/185 179/1/179 184/1/184
f 186/1/186 179/1/179 185/1/185
f 183/1/183 187/1/187 184/1/184
f 187/1/187 185/1/185 184/1/184
f 182/1/182 176/1/176 187/1/187
f 187/1/187 183/1/183 182/1/182
f 176/1/176 188/1/188 187/1/187
f 185/1/185 187/1/187 188/1/188
f 176/1/176 189/1/189 188/1/188
f 190/1/190 185/1/185 188/1/188
f 183/1/183 190/1/190 182/1/182
f 191/1/191 185/1/185 190/1/190
f 190/1/190 183/1/183 191/1/191
f 185/1/185 191/1/191 192/1/192
f 183/1/183 192/1/192 191/1/191
f 192/1/192 186/1/186 185/1/185
f 192/1/192 183/1/183 169/1/169
f 190/1/190 188/1/188 193/1/193
f 193/1/193 182/1/182 190/1/190
f 189/1/189 193/1/193 188/1/188
f 194/1/194 195/1/195 196/1/196
f 195/1/195 197/1/197 196/1/196
f 198/1/198 199/1/199 200/1/200
f 201/1/201 200/1/200 199/1/199
f 199/1/199 198/1/198 202/1/202
f 199/1/199 202/1/202 196/1/196
f 203/1/203 202/1/202 198/1/198
f 201/1/201 199/1/199 204/1/204
f 196/1/196 204/1/204 199/1/199
f 203/1/203 201/1/201 204/1/204
f 204/1/204 196/1/196 205/1/205
f 196/1/196 197/1/197 205/1/205
f 206/1/206 204/1/204 205/1/205
f 197/1/197 206/1/206 205/1/205
f 204/1/204 206/1/206 203/1/203
f 202/1/202 207/1/207 196/1/196
f 203/1/203 207/1/207 202/1/202
f 194/1/194 196/1/196 207/1/207
f 207/1/207 203/1/203 206/1/206
f 206/1/206 194/1/194 207/1/207
f 208/1/208 201/1/201 203/1/203
f 198/1/198 208/1/208 203/1/203
f 209/1/209 194/1/194 206/1/206
f 206/1/206 197/1/197 209/1/209
f 194/1/194 209/1/209 210/1/210
f 211/1/211 194/1/194 210/1/210
f 209/1/209 197/1/197 212/1/212
f 197/1/197 213/1/213 212/1/212
f 208/1/208 198/1/198 214/1/214
f 198/1/198 215/1/215 214/1/214
f 208/1/208 216/1/216 201/1/201
f 217/1/217 201/1/201 216/1/216
f 216/1/216 208/1/208 218/1/218
f 219/1/219 216/1/216 218/1/218
f 216/1/216 219/1/219 212/1/212
f 209/1/209 212/1/212 219/1/219
f 212/1/212 220/1/220 216/1/216
f 217/1/217 216/1/216 220/1/220
f 220/1/220 212/1/212 221/1/221
f 212/1/212 213/1/213 221/1/221
f 222/1/222 217/1/217 220/1/220
f 221/1/221 222/1/222 220/1/220
f 218/1/218 222/1/222 219/1/219
f 208/1/208 222/1/222 218/1/218
f 222/1/222 221/1/221 223/1/223
f 213/1/213 223/1/223 221/1/221
f 219/1/219 222/1/222 223/1/223
f 223/1/223 209/1/209 219/1/219
f 217/1/217 222/1/222 224/1/224
f 208/1/208 224/1/224 222/1/222
f 223/1/223 213/1/213 225/1/225
f 225/1/225 209/1/209 223/1/223
f 225/1/225 213/1/213 226/1/226
f 213/1/213 227/1/227 226/1/226
f 224/1/224 228/1/228 217/1/217
f 229/1/229 217/1/217 228/1/228
f 228/1/228 224/1/224 230/1/230
f 228/1/228 230/1/230 226/1/226
f 229/1/229 228/1/228 231/1/231
f 226/1/226 231/1/231 228/1/228
f 226/1/226 230/1/230 232/1/232
f 225/1/225 226/1/226 232/1/232
f 230/1/230 233/1/233 232/1/232
f 233/1/233 225/1/225 232/1/232
f 231/1/231 226/1/226 234/1/234
f 234/1/234 226/1/226 227/1/227
f 227/1/227 233/1/233 234/1/234
f 234/1/234 235/1/235 231/1/231
f 235/1/235 234/1/234 233/1/233
f 235/1/235 229/1/229 231/1/231
f 233/1/233 230/1/230 235/1/235
f 224/1/224 235/1/235 230/1/230
f 227/1/227 236/1/236 233/1/233
f 236/1/236 225/1/225 233/1/233
f 237/1/237 229/1/229 235/1/235
f 224/1/224 237/1/237 235/1/235
f 229/1/229 237/1/237 238/1/238
f 239/1/239 229/1/229 238/1/238
f 240/1/240 236/1/236 227/1/227
f 227/1/227 241/1/241 240/1/240
f 236/1/236 240/1/240 242/1/242
f 238/1/238 242/1/242 240/1/240
f 243/1/243 240/1/240 241/1/241
f 240/1/240 243/1/243 238/1/238
f 238/1/238 243/1/243 244/1/244
f 239/1/239 238/1/238 244/1/244
f 243/1/243 245/1/245 244/1/244
f 245/1/245 239/1/239 244/1/244
f 241/1/241 246/1/246 243/1/243
f 245/1/245 243/1/243 246/1/246
f 242/1/242 246/1/246 236/1/236
f 242/1/242 238/1/238 247/1/247
f 247/1/247 246/1/246 242/1/242
f 238/1/238 237/1/237 247/1/247
f 246/1/246 247/1/247 245/1/245
f 237/1/237 245/1/245 247/1/247
f 246/1/246 241/1/241 248/1/248
f 248/1/248 236/1/236 246/1/246
f 249/1/249 248/1/248 241/1/241
f 241/1/241 250/1/250 249/1/249
f 239/1/239 245/1/245 251/1/251
f 245/1/245 237/1/237 251/1/251
f 251/1/251 252/1/252 239/1/239
f 253/1/253 239/1/239 252/1/252
f 249/1/249 250/1/250 254/1/254
f 249/1/249 254/1/254 252/1/252
f 250/1/250 255/1/255 254/1/254
f 250/1/250 256/1/256 255/1/255
f 252/1/252 254/1/254 257/1/257
f 254/1/254 255/1/255 257/1/257
f 253/1/253 252/1/252 257/1/257
f 258/1/258 253/1/253 257/1/257
f 257/1/257 255/1/255 258/1/258
f 253/1/253 258/1/258 259/1/259
f 251/1/251 259/1/259 258/1/258
f 260/1/260 249/1/249 252/1/252
f 252/1/252 251/1/251 260/1/260
f 255/1/255 260/1/260 258/1/258
f 258/1/258 260/1/260 251/1/251
f 249/1/249 260/1/260 261/1/261
f 260/1/260 255/1/255 261/1/261
f 248/1/248 249/1/249 261/1/261
f 255/1/255 248/1/248 261/1/261
f 256/1/256 248/1/248 255/1/255
f 248/1/248 256/1/256 262/1/262
f 262/1/262 256/1/256 263/1/263
f 264/1/264 248/1/248 262/1/262
f 256/1/256 265/1/265 263/1/263
f 248/1/248 264/1/264 266/1/266
f 265/1/265 256/1/256 267/1/267
f 256/1/256 268/1/268 267/1/267
f 267/1/267 268/1/268 269/1/269
f 268/1/268 270/1/270 269/1/269
f 268/1/268 271/1/271 270/1/270
f 272/1/272 267/1/267 269/1/269
f 272/1/272 269/1/269 270/1/270
f 267/1/267 273/1/273 265/1/265
f 270/1/270 265/1/265 273/1/273
f 271/1/271 265/1/265 270/1/270
f 267/1/267 274/1/274 273/1/273
f 274/1/274 270/1/270 273/1/273
f 267/1/267 272/1/272 275/1/275
f 267/1/267 275/1/275 274/1/274
f 276/1/276 275/1/275 272/1/272
f 270/1/270 277/1/277 272/1/272
f 277/1/277 276/1/276 272/1/272
f 270/1/270 274/1/274 277/1/277
f 276/1/276 259/1/259 275/1/275
f 275/1/275 278/1/278 274/1/274
f 278/1/278 277/1/277 274/1/274
f 278/1/278 275/1/275 259/1/259
f 276/1/276 277/1/277 153/1/153
f 278/1/278 153/1/153 277/1/277
f 259/1/259 279/1/279 278/1/278
f 279/1/279 259/1/259 280/1/280
f 259/1/259 281/1/281 280/1/280
f 259/1/259 251/1/251 281/1/281
f 263/1/263 279/1/279 280/1/280
f 280/1/280 281/1/281 263/1/263
f 262/1/262 263/1/263 281/1/281
f 281/1/281 282/1/282 262/1/262
f 279/1/279 263/1/263 283/1/283
f 279/1/279 283/1/283 282/1/282
f 263/1/263 265/1/265 283/1/283
f 264/1/264 262/1/262 282/1/282
f 264/1/264 282/1/282 283/1/283
f 265/1/265 264/1/264 283/1/283
f 282/1/282 281/1/281 284/1/284
f 279/1/279 282/1/282 284/1/284
f 281/1/281 285/1/285 284/1/284
f 285/1/285 279/1/279 284/1/284
f 251/1/251 285/1/285 281/1/281
f 279/1/279 285/1/285 278/1/278
f 264/1/264 265/1/265 286/1/286
f 286/1/286 265/1/265 287/1/287
f 265/1/265 288/1/288 287/1/287
f 265/1/265 271/1/271 288/1/288
f 289/1/289 286/1/286 287/1/287
f 289/1/289 287/1/287 288/1/288
f 286/1/286 289/1/289 290/1/290
f 289/1/289 278/1/278 290/1/290
f 278/1/278 285/1/285 290/1/290
f 291/1/291 278/1/278 289/1/289
f 288/1/288 291/1/291 289/1/289
f 278/1/278 291/1/291 153/1/153
f 291/1/291 288/1/288 292/1/292
f 290/1/290 292/1/292 286/1/286
f 293/1/293 291/1/291 292/1/292
f 292/1/292 290/1/290 293/1/293
f 294/1/294 291/1/291 293/1/293
f 290/1/290 294/1/294 293/1/293
f 294/1/294 153/1/153 291/1/291
f 294/1/294 290/1/290 285/1/285
f 292/1/292 288/1/288 295/1/295
f 295/1/295 286/1/286 292/1/292
f 271/1/271 295/1/295 288/1/288
f 295/1/295 264/1/264 286/1/286
f 295/1/295 271/1/271 296/1/296
f 294/1/294 297/1/297 153/1/153
f 298/1/298 264/1/264 295/1/295
f 264/1/264 298/1/298 299/1/299
f 300/1/300 299/1/299 298/1/298
f 301/1/301 264/1/264 299/1/299
f 299/1/299 300/1/300 302/1/302
f 302/1/302 301/1/301 299/1/299
f 300/1/300 298/1/298 303/1/303
f 295/1/295 303/1/303 298/1/298
f 300/1/300 285/1/285 302/1/302
f 285/1/285 300/1/300 294/1/294
f 285/1/285 304/1/304 302/1/302
f 301/1/301 302/1/302 304/1/304
f 303/1/303 305/1/305 300/1/300
f 305/1/305 303/1/303 301/1/301
f 304/1/304 305/1/305 301/1/301
f 306/1/306 300/1/300 305/1/305
f 304/1/304 306/1/306 305/1/305
f 306/1/306 294/1/294 300/1/300
f 285/1/285 307/1/307 304/1/304
f 307/1/307 306/1/306 304/1/304
f 308/1/308 301/1/301 303/1/303
f 303/1/303 295/1/295 308/1/308
f 309/1/309 264/1/264 301/1/301
f 308/1/308 309/1/309 301/1/301
f 264/1/264 309/1/309 266/1/266
f 308/1/308 295/1/295 310/1/310
f 307/1/307 285/1/285 311/1/311
f 285/1/285 251/1/251 311/1/311
f 295/1/295 312/1/312 310/1/310
f 295/1/295 296/1/296 312/1/312
f 313/1/313 310/1/310 312/1/312
f 312/1/312 314/1/314 313/1/313
f 312/1/312 297/1/297 314/1/314
f 297/1/297 312/1/312 296/1/296
f 297/1/297 294/1/294 314/1/314
f 294/1/294 313/1/313 314/1/314
f 313/1/313 294/1/294 306/1/306
f 296/1/296 315/1/315 297/1/297
f 313/1/313 315/1/315 310/1/310
f 315/1/315 296/1/296 316/1/316
f 315/1/315 316/1/316 310/1/310
f 296/1/296 317/1/317 316/1/316
f 317/1/317 310/1/310 316/1/316
f 318/1/318 297/1/297 315/1/315
f 313/1/313 318/1/318 315/1/315
f 318/1/318 313/1/313 306/1/306
f 318/1/318 153/1/153 297/1/297
f 271/1/271 317/1/317 296/1/296
f 317/1/317 308/1/308 310/1/310
f 317/1/317 271/1/271 319/1/319
f 317/1/317 319/1/319 320/1/320
f 271/1/271 321/1/321 319/1/319
f 321/1/321 271/1/271 322/1/322
f 271/1/271 156/1/156 322/1/322
f 322/1/322 156/1/156 323/1/323
f 156/1/156 324/1/324 323/1/323
f 156/1/156 167/1/167 324/1/324
f 325/1/325 322/1/322 323/1/323
f 324/1/324 325/1/325 323/1/323
f 167/1/167 321/1/321 324/1/324
f 322/1/322 325/1/325 154/1/154
f 152/1/152 154/1/154 325/1/325
f 326/1/326 152/1/152 325/1/325
f 325/1/325 324/1/324 326/1/326
f 152/1/152 326/1/326 165/1/165
f 322/1/322 327/1/327 321/1/321
f 324/1/324 321/1/321 327/1/327
f 328/1/328 327/1/327 322/1/322
f 328/1/328 324/1/324 327/1/327
f 322/1/322 154/1/154 328/1/328
f 324/1/324 328/1/328 326/1/326
f 154/1/154 329/1/329 328/1/328
f 329/1/329 326/1/326 328/1/328
f 329/1/329 165/1/165 326/1/326
f 329/1/329 154/1/154 153/1/153
f 329/1/329 153/1/153 330/1/330
f 318/1/318 330/1/330 153/1/153
f 329/1/329 330/1/330 331/1/331
f 330/1/330 318/1/318 332/1/332
f 319/1/319 331/1/331 330/1/330
f 319/1/319 330/1/330 332/1/332
f 331/1/331 319/1/319 333/1/333
f 332/1/332 320/1/320 319/1/319
f 333/1/333 319/1/319 321/1/321
f 332/1/332 334/1/334 320/1/320
f 331/1/331 333/1/333 334/1/334
f 321/1/321 334/1/334 333/1/333
f 335/1/335 329/1/329 331/1/331
f 335/1/335 332/1/332 318/1/318
f 331/1/331 334/1/334 335/1/335
f 334/1/334 332/1/332 335/1/335
f 334/1/334 317/1/317 320/1/320
f 329/1/329 335/1/335 336/1/336
f 318/1/318 336/1/336 335/1/335
f 334/1/334 321/1/321 337/1/337
f 337/1/337 317/1/317 334/1/334
f 338/1/338 337/1/337 321/1/321
f 167/1/167 338/1/338 321/1/321
f 336/1/336 339/1/339 329/1/329
f 165/1/165 329/1/329 339/1/339
f 340/1/340 336/1/336 318/1/318
f 306/1/306 340/1/340 318/1/318
f 339/1/339 336/1/336 341/1/341
f 340/1/340 306/1/306 342/1/342
f 306/1/306 343/1/343 342/1/342
f 344/1/344 340/1/340 342/1/342
f 343/1/343 344/1/344 342/1/342
f 340/1/340 344/1/344 345/1/345
f 344/1/344 317/1/317 345/1/345
f 346/1/346 340/1/340 345/1/345
f 317/1/317 346/1/346 345/1/345
f 308/1/308 317/1/317 344/1/344
f 346/1/346 317/1/317 337/1/337
f 347/1/347 308/1/308 344/1/344
f 347/1/347 344/1/344 343/1/343
f 347/1/347 346/1/346 337/1/337
f 340/1/340 346/1/346 348/1/348
f 347/1/347 348/1/348 346/1/346
f 336/1/336 340/1/340 348/1/348
f 343/1/343 348/1/348 347/1/347
f 343/1/343 336/1/336 348/1/348
f 349/1/349 308/1/308 347/1/347
f 337/1/337 349/1/349 347/1/347
f 306/1/306 350/1/350 343/1/343
f 350/1/350 336/1/336 343/1/343
f 350/1/350 306/1/306 351/1/351
f 307/1/307 351/1/351 306/1/306
f 308/1/308 349/1/349 352/1/352
f 309/1/309 308/1/308 352/1/352
f 352/1/352 349/1/349 353/1/353
f 353/1/353 351/1/351 352/1/352
f 309/1/309 352/1/352 354/1/354
f 351/1/351 354/1/354 352/1/352
f 355/1/355 351/1/351 353/1/353
f 351/1/351 355/1/355 350/1/350
f 354/1/354 351/1/351 356/1/356
f 351/1/351 307/1/307 356/1/356
f 356/1/356 357/1/357 354/1/354
f 353/1/353 357/1/357 355/1/355
f 357/1/357 309/1/309 354/1/354
f 357/1/357 353/1/353 349/1/349
f 357/1/357 356/1/356 358/1/358
f 358/1/358 355/1/355 357/1/357
f 358/1/358 356/1/356 307/1/307
f 358/1/358 350/1/350 355/1/355
f 349/1/349 359/1/359 357/1/357
f 359/1/359 309/1/309 357/1/357
f 350/1/350 358/1/358 360/1/360
f 307/1/307 360/1/360 358/1/358
f 360/1/360 361/1/361 350/1/350
f 361/1/361 360/1/360 362/1/362
f 360/1/360 363/1/363 362/1/362
f 364/1/364 361/1/361 362/1/362
f 363/1/363 364/1/364 362/1/362
f 361/1/361 364/1/364 365/1/365
f 359/1/359 365/1/365 364/1/364
f 365/1/365 359/1/359 349/1/349
f 365/1/365 366/1/366 361/1/361
f 367/1/367 359/1/359 364/1/364
f 364/1/364 363/1/363 367/1/367
f 363/1/363 366/1/366 367/1/367
f 361/1/361 366/1/366 368/1/368
f 366/1/366 363/1/363 368/1/368
f 369/1/369 361/1/361 368/1/368
f 363/1/363 369/1/369 368/1/368
f 369/1/369 350/1/350 361/1/361
f 365/1/365 370/1/370 366/1/366
f 370/1/370 367/1/367 366/1/366
f 349/1/349 370/1/370 365/1/365
f 370/1/370 371/1/371 367/1/367
f 371/1/371 359/1/359 367/1/367
f 370/1/370 349/1/349 372/1/372
f 372/1/372 349/1/349 373/1/373
f 349/1/349 374/1/374 373/1/373
f 349/1/349 337/1/337 374/1/374
f 375/1/375 372/1/372 373/1/373
f 373/1/373 374/1/374 375/1/375
f 372/1/372 375/1/375 376/1/376
f 376/1/376 375/1/375 350/1/350
f 377/1/377 350/1/350 375/1/375
f 375/1/375 374/1/374 377/1/377
f 336/1/336 350/1/350 377/1/377
f 350/1/350 369/1/369 376/1/376
f 378/1/378 336/1/336 377/1/377
f 374/1/374 379/1/379 377/1/377
f 378/1/378 377/1/377 379/1/379
f 376/1/376 378/1/378 379/1/379
f 379/1/379 374/1/374 380/1/380
f 380/1/380 376/1/376 379/1/379
f 376/1/376 380/1/380 372/1/372
f 378/1/378 376/1/376 369/1/369
f 380/1/380 374/1/374 381/1/381
f 372/1/372 380/1/380 381/1/381
f 337/1/337 381/1/381 374/1/374
f 381/1/381 370/1/370 372/1/372
f 381/1/381 337/1/337 382/1/382
f 382/1/382 337/1/337 383/1/383
f 337/1/337 338/1/338 383/1/383
f 383/1/383 384/1/384 382/1/382
f 336/1/336 378/1/378 384/1/384
f 336/1/336 384/1/384 341/1/341
f 384/1/384 383/1/383 341/1/341
f 383/1/383 339/1/339 341/1/341
f 339/1/339 383/1/383 338/1/338
f 385/1/385 339/1/339 338/1/338
f 384/1/384 385/1/385 382/1/382
f 339/1/339 385/1/385 386/1/386
f 385/1/385 384/1/384 386/1/386
f 165/1/165 339/1/339 386/1/386
f 384/1/384 165/1/165 386/1/386
f 378/1/378 165/1/165 384/1/384
f 338/1/338 167/1/167 385/1/385
f 167/1/167 382/1/382 385/1/385
f 167/1/167 381/1/381 382/1/382
f 378/1/378 387/1/387 165/1/165
f 169/1/169 165/1/165 387/1/387
f 169/1/169 387/1/387 388/1/388
f 389/1/389 169/1/169 388/1/388
f 390/1/390 388/1/388 387/1/387
f 390/1/390 381/1/381 167/1/167
f 167/1/167 168/1/168 390/1/390
f 388/1/388 390/1/390 391/1/391
f 391/1/391 390/1/390 168/1/168
f 391/1/391 392/1/392 388/1/388
f 168/1/168 392/1/392 391/1/391
f 388/1/388 392/1/392 389/1/389
f 168/1/168 193/1/193 392/1/392
f 193/1/193 381/1/381 392/1/392
f 393/1/393 390/1/390 387/1/387
f 387/1/387 378/1/378 393/1/393
f 389/1/389 393/1/393 378/1/378
f 390/1/390 393/1/393 394/1/394
f 389/1/389 394/1/394 393/1/393
f 381/1/381 390/1/390 394/1/394
f 392/1/392 394/1/394 389/1/389
f 392/1/392 381/1/381 394/1/394
f 378/1/378 192/1/192 389/1/389
f 381/1/381 193/1/193 395/1/395
f 192/1/192 378/1/378 396/1/396
f 369/1/369 396/1/396 378/1/378
f 395/1/395 370/1/370 381/1/381
f 192/1/192 396/1/396 397/1/397
f 398/1/398 192/1/192 397/1/397
f 399/1/399 192/1/192 398/1/398
f 397/1/397 396/1/396 400/1/400
f 400/1/400 398/1/398 397/1/397
f 395/1/395 400/1/400 396/1/396
f 395/1/395 193/1/193 400/1/400
f 193/1/193 401/1/401 400/1/400
f 398/1/398 400/1/400 401/1/401
f 193/1/193 402/1/402 401/1/401
f 402/1/402 370/1/370 401/1/401
f 396/1/396 403/1/403 395/1/395
f 370/1/370 395/1/395 403/1/403
f 403/1/403 398/1/398 401/1/401
f 401/1/401 370/1/370 403/1/403
f 403/1/403 396/1/396 404/1/404
f 398/1/398 403/1/403 404/1/404
f 396/1/396 369/1/369 404/1/404
f 398/1/398 404/1/404 369/1/369
f 369/1/369 399/1/399 398/1/398
f 370/1/370 402/1/402 405/1/405
f 371/1/371 370/1/370 405/1/405
f 399/1/399 369/1/369 406/1/406
f 407/1/407 406/1/406 369/1/369
f 407/1/407 369/1/369 363/1/363
f 399/1/399 406/1/406 408/1/408
f 405/1/405 408/1/408 406/1/406
f 409/1/409 399/1/399 408/1/408
f 360/1/360 407/1/407 363/1/363
f 399/1/399 409/1/409 215/1/215
f 407/1/407 215/1/215 409/1/409
f 410/1/410 409/1/409 408/1/408
f 408/1/408 405/1/405 410/1/410
f 410/1/410 405/1/405 402/1/402
f 411/1/411 410/1/410 402/1/402
f 409/1/409 410/1/410 411/1/411
f 402/1/402 211/1/211 411/1/411
f 211/1/211 371/1/371 411/1/411
f 411/1/411 412/1/412 409/1/409
f 407/1/407 409/1/409 412/1/412
f 406/1/406 412/1/412 405/1/405
f 406/1/406 407/1/407 412/1/412
f 405/1/405 412/1/412 413/1/413
f 412/1/412 411/1/411 413/1/413
f 371/1/371 405/1/405 413/1/413
f 411/1/411 371/1/371 413/1/413
f 371/1/371 211/1/211 414/1/414
f 414/1/414 211/1/211 415/1/415
f 211/1/211 210/1/210 415/1/415
f 214/1/214 415/1/415 210/1/210
f 415/1/415 214/1/214 416/1/416
f 417/1/417 214/1/214 210/1/210
f 416/1/416 418/1/418 415/1/415
f 414/1/414 415/1/415 418/1/418
f 214/1/214 215/1/215 416/1/416
f 215/1/215 418/1/418 416/1/416
f 215/1/215 407/1/407 418/1/418
f 210/1/210 209/1/209 417/1/417
f 209/1/209 414/1/414 417/1/417
f 414/1/414 209/1/209 371/1/371
f 419/1/419 214/1/214 417/1/417
f 417/1/417 414/1/414 419/1/419
f 418/1/418 419/1/419 414/1/414
f 208/1/208 214/1/214 419/1/419
f 418/1/418 208/1/208 419/1/419
f 208/1/208 418/1/418 407/1/407
f 371/1/371 209/1/209 420/1/420
f 208/1/208 407/1/407 421/1/421
f 209/1/209 225/1/225 420/1/420
f 224/1/224 208/1/208 421/1/421
f 421/1/421 407/1/407 422/1/422
f 421/1/421 422/1/422 420/1/420
f 407/1/407 423/1/423 422/1/422
f 420/1/420 424/1/424 421/1/421
f 224/1/224 421/1/421 424/1/424
f 423/1/423 224/1/224 424/1/424
f 424/1/424 420/1/420 425/1/425
f 425/1/425 420/1/420 225/1/225
f 426/1/426 424/1/424 425/1/425
f 225/1/225 426/1/426 425/1/425
f 424/1/424 426/1/426 423/1/423
f 407/1/407 360/1/360 423/1/423
f 224/1/224 423/1/423 360/1/360
f 427/1/427 420/1/420 422/1/422
f 423/1/423 427/1/427 422/1/422
f 427/1/427 423/1/423 426/1/426
f 371/1/371 420/1/420 427/1/427
f 426/1/426 371/1/371 427/1/427
f 359/1/359 371/1/371 426/1/426
f 225/1/225 359/1/359 426/1/426
f 360/1/360 428/1/428 224/1/224
f 359/1/359 225/1/225 429/1/429
f 225/1/225 236/1/236 429/1/429
f 237/1/237 224/1/224 428/1/428
f 428/1/428 360/1/360 430/1/430
f 428/1/428 430/1/430 429/1/429
f 360/1/360 431/1/431 430/1/430
f 360/1/360 307/1/307 431/1/431
f 237/1/237 431/1/431 307/1/307
f 237/1/237 428/1/428 432/1/432
f 429/1/429 432/1/432 428/1/428
f 431/1/431 237/1/237 432/1/432
f 429/1/429 430/1/430 433/1/433
f 430/1/430 431/1/431 433/1/433
f 359/1/359 429/1/429 433/1/433
f 432/1/432 429/1/429 434/1/434
f 434/1/434 431/1/431 432/1/432
f 434/1/434 429/1/429 236/1/236
f 433/1/433 431/1/431 435/1/435
f 431/1/431 434/1/434 435/1/435
f 435/1/435 359/1/359 433/1/433
f 236/1/236 435/1/435 434/1/434
f 309/1/309 359/1/359 435/1/435
f 435/1/435 236/1/236 309/1/309
f 309/1/309 236/1/236 436/1/436
f 236/1/236 248/1/248 436/1/436
f 309/1/309 436/1/436 437/1/437
f 266/1/266 309/1/309 437/1/437
f 248/1/248 266/1/266 438/1/438
f 436/1/436 248/1/248 438/1/438
f 439/1/439 266/1/266 437/1/437
f 436/1/436 439/1/439 437/1/437
f 266/1/266 439/1/439 311/1/311
f 311/1/311 438/1/438 266/1/266
f 307/1/307 311/1/311 439/1/439
f 438/1/438 311/1/311 440/1/440
f 440/1/440 436/1/436 438/1/438
f 311/1/311 251/1/251 440/1/440
f 441/1/441 439/1/439 436/1/436
f 441/1/441 307/1/307 439/1/439
f 436/1/436 440/1/440 441/1/441
f 441/1/441 440/1/440 251/1/251
f 307/1/307 441/1/441 237/1/237
f 251/1/251 237/1/237 441/1/441
f 442/1/442 171/1/171 443/1/443
f 179/1/179 443/1/443 171/1/171
f 171/1/171 442/1/442 444/1/444
f 445/1/445 444/1/444 442/1/442
f 446/1/446 173/1/173 447/1/447
f 447/1/447 448/1/448 446/1/446
f 444/1/444 445/1/445 449/1/449
f 449/1/449 447/1/447 444/1/444
f 445/1/445 450/1/450 449/1/449
f 447/1/447 451/1/451 444/1/444
f 444/1/444 451/1/451 171/1/171
f 447/1/447 449/1/449 452/1/452
f 449/1/449 450/1/450 452/1/452
f 448/1/448 447/1/447 452/1/452
f 451/1/451 447/1/447 453/1/453
f 447/1/447 173/1/173 453/1/453
f 450/1/450 171/1/171 451/1/451
f 454/1/454 451/1/451 453/1/453
f 450/1/450 451/1/451 454/1/454
f 454/1/454 448/1/448 452/1/452
f 454/1/454 452/1/452 450/1/450
f 173/1/173 454/1/454 453/1/453
f 455/1/455 448/1/448 454/1/454
f 173/1/173 455/1/455 454/1/454
f 445/1/445 456/1/456 450/1/450
f 171/1/171 450/1/450 456/1/456
f 456/1/456 445/1/445 457/1/457
f 445/1/445 458/1/458 457/1/457
f 448/1/448 455/1/455 459/1/459
f 460/1/460 448/1/448 459/1/459
f 457/1/457 461/1/461 459/1/459
f 459/1/459 461/1/461 460/1/460
f 459/1/459 462/1/462 457/1/457
f 459/1/459 455/1/455 462/1/462
f 463/1/463 457/1/457 462/1/462
f 457/1/457 463/1/463 456/1/456
f 462/1/462 464/1/464 463/1/463
f 464/1/464 456/1/456 463/1/463
f 461/1/461 457/1/457 465/1/465
f 457/1/457 458/1/458 465/1/465
f 464/1/464 461/1/461 465/1/465
f 458/1/458 464/1/464 465/1/465
f 464/1/464 462/1/462 466/1/466
f 461/1/461 464/1/464 466/1/466
f 455/1/455 466/1/466 462/1/462
f 467/1/467 461/1/461 466/1/466
f 466/1/466 455/1/455 467/1/467
f 461/1/461 467/1/467 460/1/460
f 458/1/458 468/1/468 464/1/464
f 456/1/456 464/1/464 468/1/468
f 468/1/468 458/1/458 469/1/469
f 468/1/468 470/1/470 456/1/456
f 276/1/276 469/1/469 458/1/458
f 468/1/468 469/1/469 471/1/471
f 458/1/458 472/1/472 276/1/276
f 472/1/472 458/1/458 473/1/473
f 458/1/458 474/1/474 473/1/473
f 458/1/458 253/1/253 474/1/474
f 475/1/475 472/1/472 473/1/473
f 474/1/474 475/1/475 473/1/473
f 472/1/472 475/1/475 476/1/476
f 460/1/460 476/1/476 475/1/475
f 477/1/477 472/1/472 476/1/476
f 472/1/472 477/1/477 478/1/478
f 477/1/477 474/1/474 478/1/478
f 478/1/478 259/1/259 472/1/472
f 474/1/474 259/1/259 478/1/478
f 259/1/259 276/1/276 472/1/472
f 479/1/479 475/1/475 474/1/474
f 474/1/474 477/1/477 479/1/479
f 475/1/475 479/1/479 460/1/460
f 253/1/253 259/1/259 474/1/474
f 256/1/256 479/1/479 477/1/477
f 476/1/476 256/1/256 477/1/477
f 250/1/250 460/1/460 479/1/479
f 256/1/256 250/1/250 479/1/479
f 476/1/476 460/1/460 268/1/268
f 268/1/268 256/1/256 476/1/476
f 268/1/268 460/1/460 480/1/480
f 460/1/460 467/1/467 480/1/480
f 268/1/268 480/1/480 481/1/481
f 482/1/482 480/1/480 467/1/467
f 480/1/480 483/1/483 481/1/481
f 471/1/471 480/1/480 482/1/482
f 480/1/480 471/1/471 469/1/469
f 483/1/483 480/1/480 469/1/469
f 471/1/471 482/1/482 484/1/484
f 483/1/483 484/1/484 481/1/481
f 484/1/484 482/1/482 467/1/467
f 484/1/484 268/1/268 481/1/481
f 469/1/469 276/1/276 483/1/483
f 484/1/484 485/1/485 471/1/471
f 484/1/484 483/1/483 485/1/485
f 276/1/276 485/1/485 483/1/483
f 485/1/485 468/1/468 471/1/471
f 468/1/468 485/1/485 153/1/153
f 276/1/276 153/1/153 485/1/485
f 271/1/271 268/1/268 484/1/484
f 467/1/467 271/1/271 484/1/484
f 468/1/468 153/1/153 486/1/486
f 271/1/271 467/1/467 487/1/487
f 468/1/468 486/1/486 488/1/488
f 470/1/470 468/1/468 488/1/488
f 487/1/487 488/1/488 486/1/486
f 467/1/467 489/1/489 487/1/487
f 488/1/488 487/1/487 489/1/489
f 467/1/467 490/1/490 489/1/489
f 490/1/490 488/1/488 489/1/489
f 488/1/488 490/1/490 470/1/470
f 467/1/467 455/1/455 490/1/490
f 486/1/486 491/1/491 487/1/487
f 470/1/470 490/1/490 491/1/491
f 491/1/491 486/1/486 492/1/492
f 491/1/491 492/1/492 470/1/470
f 486/1/486 493/1/493 492/1/492
f 470/1/470 492/1/492 493/1/493
f 493/1/493 486/1/486 153/1/153
f 487/1/487 491/1/491 494/1/494
f 490/1/490 494/1/494 491/1/491
f 455/1/455 494/1/494 490/1/490
f 494/1/494 271/1/271 487/1/487
f 493/1/493 456/1/456 470/1/470
f 494/1/494 455/1/455 495/1/495
f 495/1/495 455/1/455 496/1/496
f 455/1/455 497/1/497 496/1/496
f 455/1/455 173/1/173 497/1/497
f 496/1/496 498/1/498 495/1/495
f 456/1/456 493/1/493 498/1/498
f 497/1/497 499/1/499 496/1/496
f 498/1/498 496/1/496 499/1/499
f 499/1/499 456/1/456 498/1/498
f 500/1/500 456/1/456 499/1/499
f 499/1/499 497/1/497 500/1/500
f 171/1/171 456/1/456 500/1/500
f 498/1/498 501/1/501 495/1/495
f 495/1/495 501/1/501 494/1/494
f 501/1/501 498/1/498 502/1/502
f 497/1/497 502/1/502 500/1/500
f 502/1/502 497/1/497 501/1/501
f 500/1/500 502/1/502 161/1/161
f 498/1/498 161/1/161 502/1/502
f 161/1/161 171/1/171 500/1/500
f 161/1/161 498/1/498 493/1/493
f 501/1/501 497/1/497 157/1/157
f 157/1/157 494/1/494 501/1/501
f 173/1/173 157/1/157 497/1/497
f 503/1/503 494/1/494 157/1/157
f 493/1/493 504/1/504 161/1/161
f 504/1/504 493/1/493 505/1/505
f 493/1/493 506/1/506 505/1/505
f 493/1/493 153/1/153 506/1/506
f 507/1/507 504/1/504 505/1/505
f 506/1/506 507/1/507 505/1/505
f 504/1/504 507/1/507 503/1/503
f 494/1/494 503/1/503 507/1/507
f 508/1/508 494/1/494 507/1/507
f 507/1/507 506/1/506 508/1/508
f 271/1/271 494/1/494 508/1/508
f 508/1/508 506/1/506 509/1/509
f 503/1/503 509/1/509 504/1/504
f 509/1/509 510/1/510 508/1/508
f 509/1/509 503/1/503 510/1/510
f 156/1/156 508/1/508 510/1/510
f 156/1/156 510/1/510 503/1/503
f 156/1/156 271/1/271 508/1/508
f 506/1/506 152/1/152 509/1/509
f 152/1/152 504/1/504 509/1/509
f 152/1/152 506/1/506 153/1/153
f 152/1/152 161/1/161 504/1/504
f 157/1/157 156/1/156 503/1/503
f 182/1/182 193/1/193 168/1/168
f 192/1/192 169/1/169 389/1/389
f 193/1/193 189/1/189 511/1/511
f 512/1/512 511/1/511 189/1/189
f 189/1/189 513/1/513 512/1/512
f 189/1/189 514/1/514 513/1/513
f 515/1/515 511/1/511 512/1/512
f 512/1/512 513/1/513 515/1/515
f 516/1/516 515/1/515 513/1/513
f 516/1/516 186/1/186 515/1/515
f 186/1/186 517/1/517 515/1/515
f 511/1/511 515/1/515 517/1/517
f 186/1/186 192/1/192 517/1/517
f 518/1/518 511/1/511 517/1/517
f 519/1/519 186/1/186 516/1/516
f 517/1/517 399/1/399 518/1/518
f 399/1/399 517/1/517 192/1/192
f 516/1/516 518/1/518 399/1/399
f 399/1/399 519/1/519 516/1/516
f 516/1/516 520/1/520 518/1/518
f 511/1/511 518/1/518 520/1/520
f 520/1/520 516/1/516 513/1/513
f 402/1/402 511/1/511 520/1/520
f 513/1/513 402/1/402 520/1/520
f 511/1/511 402/1/402 193/1/193
f 514/1/514 402/1/402 513/1/513
f 519/1/519 399/1/399 521/1/521
f 519/1/519 521/1/521 522/1/522
f 523/1/523 519/1/519 522/1/522
f 519/1/519 523/1/523 524/1/524
f 522/1/522 521/1/521 525/1/525
f 525/1/525 523/1/523 522/1/522
f 514/1/514 525/1/525 526/1/526
f 526/1/526 525/1/525 521/1/521
f 402/1/402 514/1/514 526/1/526
f 514/1/514 527/1/527 525/1/525
f 523/1/523 525/1/525 527/1/527
f 527/1/527 514/1/514 528/1/528
f 529/1/529 523/1/523 527/1/527
f 521/1/521 529/1/529 526/1/526
f 530/1/530 523/1/523 529/1/529
f 529/1/529 521/1/521 530/1/530
f 523/1/523 530/1/530 215/1/215
f 521/1/521 215/1/215 530/1/530
f 215/1/215 524/1/524 523/1/523
f 215/1/215 521/1/521 399/1/399
f 527/1/527 211/1/211 529/1/529
f 211/1/211 526/1/526 529/1/529
f 528/1/528 211/1/211 527/1/527
f 526/1/526 211/1/211 402/1/402
f 211/1/211 528/1/528 531/1/531
f 524/1/524 215/1/215 532/1/532
f 524/1/524 532/1/532 533/1/533
f 534/1/534 524/1/524 533/1/533
f 524/1/524 534/1/534 535/1/535
f 533/1/533 532/1/532 536/1/536
f 536/1/536 534/1/534 533/1/533
f 531/1/531 536/1/536 532/1/532
f 536/1/536 531/1/531 528/1/528
f 528/1/528 537/1/537 536/1/536
f 534/1/534 536/1/536 537/1/537
f 537/1/537 528/1/528 538/1/538
f 198/1/198 535/1/535 534/1/534
f 537/1/537 539/1/539 534/1/534
f 198/1/198 534/1/534 539/1/539
f 532/1/532 539/1/539 531/1/531
f 532/1/532 198/1/198 539/1/539
f 215/1/215 198/1/198 532/1/532
f 540/1/540 531/1/531 539/1/539
f 539/1/539 537/1/537 540/1/540
f 194/1/194 531/1/531 540/1/540
f 537/1/537 194/1/194 540/1/540
f 538/1/538 194/1/194 537/1/537
f 194/1/194 211/1/211 531/1/531
f 194/1/194 538/1/538 541/1/541
f 541/1/541 538/1/538 542/1/542
f 538/1/538 543/1/543 542/1/542
f 544/1/544 542/1/542 543/1/543
f 542/1/542 544/1/544 545/1/545
f 544/1/544 535/1/535 545/1/545
f 546/1/546 542/1/542 545/1/545
f 535/1/535 546/1/546 545/1/545
f 541/1/541 542/1/542 546/1/546
f 546/1/546 535/1/535 198/1/198
f 543/1/543 547/1/547 544/1/544
f 547/1/547 541/1/541 546/1/546
f 547/1/547 543/1/543 548/1/548
f 541/1/541 547/1/547 548/1/548
f 543/1/543 195/1/195 548/1/548
f 195/1/195 541/1/541 548/1/548
f 541/1/541 195/1/195 194/1/194
f 544/1/544 547/1/547 200/1/200
f 546/1/546 200/1/200 547/1/547
f 198/1/198 200/1/200 546/1/546
f 549/1/549 550/1/550 551/1/551
f 550/1/550 552/1/552 551/1/551
f 550/1/550 549/1/549 553/1/553
f 550/1/550 554/1/554 552/1/552
f 555/1/555 556/1/556 557/1/557
f 554/1/554 550/1/550 558/1/558
f 554/1/554 558/1/558 559/1/559
f 560/1/560 554/1/554 559/1/559
f 554/1/554 560/1/560 561/1/561
f 558/1/558 562/1/562 559/1/559
f 562/1/562 560/1/560 559/1/559
f 562/1/562 558/1/558 557/1/557
f 557/1/557 556/1/556 562/1/562
f 556/1/556 563/1/563 562/1/562
f 560/1/560 562/1/562 563/1/563
f 563/1/563 556/1/556 564/1/564
f 563/1/563 565/1/565 560/1/560
f 563/1/563 566/1/566 565/1/565
f 564/1/564 566/1/566 563/1/563
f 566/1/566 557/1/557 565/1/565
f 567/1/567 560/1/560 565/1/565
f 565/1/565 557/1/557 567/1/567
f 558/1/558 567/1/567 557/1/557
f 568/1/568 560/1/560 567/1/567
f 558/1/558 568/1/568 567/1/567
f 568/1/568 561/1/561 560/1/560
f 568/1/568 558/1/558 550/1/550
f 557/1/557 566/1/566 555/1/555
f 561/1/561 568/1/568 569/1/569
f 568/1/568 550/1/550 570/1/570
f 561/1/561 569/1/569 571/1/571
f 572/1/572 561/1/561 571/1/571
f 573/1/573 571/1/571 569/1/569
f 571/1/571 573/1/573 574/1/574
f 574/1/574 575/1/575 571/1/571
f 571/1/571 575/1/575 572/1/572
f 574/1/574 573/1/573 564/1/564
f 564/1/564 575/1/575 574/1/574
f 566/1/566 564/1/564 573/1/573
f 575/1/575 564/1/564 576/1/576
f 569/1/569 577/1/577 573/1/573
f 575/1/575 577/1/577 572/1/572
f 577/1/577 569/1/569 578/1/578
f 578/1/578 572/1/572 577/1/577
f 575/1/575 579/1/579 577/1/577
f 579/1/579 573/1/573 577/1/577
f 576/1/576 579/1/579 575/1/575
f 573/1/573 579/1/579 566/1/566
f 569/1/569 580/1/580 578/1/578
f 580/1/580 572/1/572 578/1/578
f 580/1/580 569/1/569 568/1/568
f 561/1/561 572/1/572 581/1/581
f 580/1/580 581/1/581 572/1/572
f 581/1/581 582/1/582 561/1/561
f 3/1/3 561/1/561 582/1/582
f 582/1/582 583/1/583 3/1/3
f 584/1/584 3/1/3 583/1/583
f 3/1/3 584/1/584 1/1/1
f 581/1/581 1/1/1 584/1/584
f 583/1/583 585/1/585 584/1/584
f 581/1/581 584/1/584 586/1/586
f 585/1/585 586/1/586 584/1/584
f 582/1/582 581/1/581 586/1/586
f 583/1/583 582/1/582 587/1/587
f 585/1/585 583/1/583 587/1/587
f 588/1/588 582/1/582 586/1/586
f 586/1/586 585/1/585 588/1/588
f 582/1/582 588/1/588 589/1/589
f 587/1/587 582/1/582 589/1/589
f 14/1/14 585/1/585 587/1/587
f 587/1/587 589/1/589 14/1/14
f 564/1/564 14/1/14 589/1/589
f 589/1/589 576/1/576 564/1/564
f 576/1/576 589/1/589 588/1/588
f 588/1/588 585/1/585 576/1/576
f 585/1/585 14/1/14 13/1/13
f 13/1/13 576/1/576 585/1/585
f 576/1/576 13/1/13 590/1/590
f 590/1/590 13/1/13 591/1/591
f 13/1/13 592/1/592 591/1/591
f 592/1/592 13/1/13 24/1/24
f 593/1/593 590/1/590 591/1/591
f 591/1/591 592/1/592 593/1/593
f 590/1/590 593/1/593 594/1/594
f 595/1/595 593/1/593 592/1/592
f 594/1/594 593/1/593 1/1/1
f 595/1/595 1/1/1 593/1/593
f 1/1/1 581/1/581 594/1/594
f 1/1/1 595/1/595 27/1/27
f 594/1/594 596/1/596 590/1/590
f 592/1/592 596/1/596 595/1/595
f 596/1/596 594/1/594 597/1/597
f 597/1/597 595/1/595 596/1/596
f 592/1/592 598/1/598 596/1/596
f 598/1/598 590/1/590 596/1/596
f 24/1/24 598/1/598 592/1/592
f 590/1/590 598/1/598 576/1/576
f 594/1/594 599/1/599 597/1/597
f 599/1/599 595/1/595 597/1/597
f 599/1/599 594/1/594 581/1/581
f 599/1/599 27/1/27 595/1/595
f 27/1/27 72/1/72 24/1/24
f 581/1/581 600/1/600 599/1/599
f 600/1/600 581/1/581 601/1/601
f 602/1/602 601/1/601 581/1/581
f 581/1/581 580/1/580 602/1/602
f 603/1/603 600/1/600 601/1/601
f 601/1/601 602/1/602 603/1/603
f 27/1/27 599/1/599 604/1/604
f 72/1/72 604/1/604 599/1/599
f 604/1/604 605/1/605 27/1/27
f 605/1/605 72/1/72 27/1/27
f 72/1/72 605/1/605 606/1/606
f 604/1/604 72/1/72 606/1/606
f 607/1/607 606/1/606 605/1/605
f 605/1/605 604/1/604 607/1/607
f 608/1/608 604/1/604 606/1/606
f 606/1/606 607/1/607 608/1/608
f 604/1/604 608/1/608 609/1/609
f 609/1/609 607/1/607 604/1/604
f 608/1/608 598/1/598 609/1/609
f 598/1/598 607/1/607 609/1/609
f 607/1/607 610/1/610 608/1/608
f 610/1/610 598/1/598 608/1/608
f 598/1/598 24/1/24 607/1/607
f 24/1/24 610/1/610 607/1/607
f 610/1/610 24/1/24 72/1/72
f 611/1/611 598/1/598 610/1/610
f 70/1/70 610/1/610 72/1/72
f 610/1/610 51/1/51 611/1/611
f 610/1/610 70/1/70 69/1/69
f 51/1/51 610/1/610 76/1/76
f 610/1/610 69/1/69 76/1/76
f 611/1/611 51/1/51 612/1/612
f 613/1/613 611/1/611 612/1/612
f 51/1/51 614/1/614 612/1/612
f 612/1/612 614/1/614 613/1/613
f 611/1/611 613/1/613 615/1/615
f 615/1/615 616/1/616 611/1/611
f 598/1/598 611/1/611 616/1/616
f 614/1/614 598/1/598 616/1/616
f 616/1/616 615/1/615 617/1/617
f 614/1/614 616/1/616 618/1/618
f 617/1/617 618/1/618 616/1/616
f 618/1/618 613/1/613 614/1/614
f 615/1/615 599/1/599 617/1/617
f 618/1/618 617/1/617 599/1/599
f 56/1/56 615/1/615 613/1/613
f 618/1/618 56/1/56 613/1/613
f 599/1/599 615/1/615 72/1/72
f 56/1/56 72/1/72 615/1/615
f 599/1/599 54/1/54 618/1/618
f 56/1/56 618/1/618 54/1/54
f 54/1/54 599/1/599 600/1/600
f 48/1/48 598/1/598 614/1/614
f 614/1/614 51/1/51 48/1/48
f 54/1/54 600/1/600 619/1/619
f 619/1/619 600/1/600 620/1/620
f 602/1/602 54/1/54 619/1/619
f 620/1/620 602/1/602 619/1/619
f 621/1/621 620/1/620 600/1/600
f 598/1/598 48/1/48 621/1/621
f 600/1/600 603/1/603 621/1/621
f 621/1/621 576/1/576 598/1/598
f 576/1/576 621/1/621 603/1/603
f 621/1/621 48/1/48 620/1/620
f 603/1/603 622/1/622 576/1/576
f 622/1/622 603/1/603 602/1/602
f 602/1/602 620/1/620 622/1/622
f 48/1/48 622/1/622 620/1/620
f 579/1/579 576/1/576 622/1/622
f 622/1/622 48/1/48 579/1/579
f 54/1/54 602/1/602 580/1/580
f 623/1/623 579/1/579 48/1/48
f 580/1/580 624/1/624 54/1/54
f 579/1/579 623/1/623 625/1/625
f 624/1/624 625/1/625 623/1/623
f 625/1/625 626/1/626 579/1/579
f 625/1/625 624/1/624 627/1/627
f 627/1/627 626/1/626 625/1/625
f 624/1/624 580/1/580 627/1/627
f 580/1/580 628/1/628 627/1/627
f 626/1/626 627/1/627 628/1/628
f 580/1/580 629/1/629 628/1/628
f 623/1/623 630/1/630 624/1/624
f 628/1/628 630/1/630 626/1/626
f 630/1/630 623/1/623 631/1/631
f 631/1/631 626/1/626 630/1/630
f 628/1/628 31/1/31 630/1/630
f 31/1/31 624/1/624 630/1/630
f 629/1/629 31/1/31 628/1/628
f 31/1/31 54/1/54 624/1/624
f 623/1/623 39/1/39 631/1/631
f 39/1/39 626/1/626 631/1/631
f 48/1/48 39/1/39 623/1/623
f 632/1/632 579/1/579 626/1/626
f 39/1/39 632/1/632 626/1/626
f 579/1/579 632/1/632 633/1/633
f 633/1/633 566/1/566 579/1/579
f 633/1/633 632/1/632 634/1/634
f 566/1/566 633/1/633 635/1/635
f 636/1/636 633/1/633 634/1/634
f 635/1/635 637/1/637 566/1/566
f 634/1/634 637/1/637 636/1/636
f 632/1/632 637/1/637 634/1/634
f 635/1/635 633/1/633 638/1/638
f 638/1/638 637/1/637 635/1/635
f 633/1/633 636/1/636 639/1/639
f 639/1/639 638/1/638 633/1/633
f 640/1/640 636/1/636 637/1/637
f 637/1/637 638/1/638 640/1/640
f 629/1/629 639/1/639 636/1/636
f 640/1/640 629/1/629 636/1/636
f 639/1/639 568/1/568 638/1/638
f 568/1/568 640/1/640 638/1/638
f 580/1/580 568/1/568 639/1/639
f 629/1/629 580/1/580 639/1/639
f 568/1/568 641/1/641 640/1/640
f 629/1/629 640/1/640 641/1/641
f 570/1/570 641/1/641 568/1/568
f 642/1/642 566/1/566 637/1/637
f 632/1/632 642/1/642 637/1/637
f 566/1/566 642/1/642 643/1/643
f 555/1/555 566/1/566 643/1/643
f 643/1/643 642/1/642 644/1/644
f 645/1/645 643/1/643 644/1/644
f 643/1/643 645/1/645 570/1/570
f 641/1/641 570/1/570 645/1/645
f 570/1/570 646/1/646 643/1/643
f 643/1/643 646/1/646 555/1/555
f 646/1/646 570/1/570 647/1/647
f 570/1/570 550/1/550 647/1/647
f 646/1/646 648/1/648 555/1/555
f 647/1/647 648/1/648 646/1/646
f 644/1/644 648/1/648 645/1/645
f 642/1/642 648/1/648 644/1/644
f 648/1/648 647/1/647 649/1/649
f 550/1/550 649/1/649 647/1/647
f 649/1/649 645/1/645 648/1/648
f 649/1/649 641/1/641 645/1/645
f 650/1/650 555/1/555 648/1/648
f 642/1/642 650/1/650 648/1/648
f 550/1/550 651/1/651 649/1/649
f 641/1/641 649/1/649 651/1/651
f 651/1/651 550/1/550 652/1/652
f 553/1/553 652/1/652 550/1/550
f 555/1/555 650/1/650 653/1/653
f 653/1/653 654/1/654 555/1/555
f 653/1/653 650/1/650 655/1/655
f 653/1/653 655/1/655 652/1/652
f 654/1/654 653/1/653 656/1/656
f 652/1/652 656/1/656 653/1/653
f 652/1/652 655/1/655 657/1/657
f 652/1/652 657/1/657 651/1/651
f 656/1/656 652/1/652 658/1/658
f 652/1/652 553/1/553 658/1/658
f 659/1/659 654/1/654 656/1/656
f 658/1/658 659/1/659 656/1/656
f 659/1/659 657/1/657 655/1/655
f 650/1/650 659/1/659 655/1/655
f 659/1/659 658/1/658 660/1/660
f 553/1/553 660/1/660 658/1/658
f 660/1/660 657/1/657 659/1/659
f 660/1/660 651/1/651 657/1/657
f 661/1/661 654/1/654 659/1/659
f 659/1/659 650/1/650 661/1/661
f 553/1/553 662/1/662 660/1/660
f 651/1/651 660/1/660 662/1/662
f 662/1/662 553/1/553 663/1/663
f 654/1/654 661/1/661 664/1/664
f 665/1/665 663/1/663 553/1/553
f 664/1/664 666/1/666 654/1/654
f 663/1/663 665/1/665 667/1/667
f 668/1/668 667/1/667 665/1/665
f 669/1/669 663/1/663 667/1/667
f 668/1/668 669/1/669 667/1/667
f 663/1/663 669/1/669 664/1/664
f 666/1/666 664/1/664 669/1/669
f 664/1/664 670/1/670 663/1/663
f 662/1/662 663/1/663 670/1/670
f 670/1/670 664/1/664 671/1/671
f 671/1/671 664/1/664 661/1/661
f 668/1/668 662/1/662 670/1/670
f 671/1/671 672/1/672 670/1/670
f 670/1/670 672/1/672 668/1/668
f 16/1/16 1/1/1 22/1/22
f 27/1/27 22/1/22 1/1/1
f 673/1/673 16/1/16 17/1/17
f 673/1/673 18/1/18 16/1/16
f 17/1/17 15/1/15 674/1/674
f 674/1/674 15/1/15 675/1/675
f 15/1/15 12/1/12 675/1/675
f 18/1/18 674/1/674 675/1/675
f 12/1/12 17/1/17 674/1/674
f 675/1/675 676/1/676 18/1/18
f 675/1/675 12/1/12 677/1/677
f 676/1/676 675/1/675 677/1/677
f 674/1/674 676/1/676 677/1/677
f 12/1/12 674/1/674 677/1/677
f 678/1/678 676/1/676 674/1/674
f 674/1/674 18/1/18 678/1/678
f 18/1/18 673/1/673 678/1/678
f 4/1/4 18/1/18 676/1/676
f 678/1/678 4/1/4 676/1/676
f 4/1/4 678/1/678 673/1/673
f 4/1/4 673/1/673 679/1/679
f 4/1/4 679/1/679 680/1/680
f 681/1/681 4/1/4 680/1/680
f 680/1/680 679/1/679 682/1/682
f 682/1/682 681/1/681 680/1/680
f 19/1/19 682/1/682 679/1/679
f 19/1/19 12/1/12 682/1/682
f 12/1/12 683/1/683 682/1/682
f 681/1/681 682/1/682 683/1/683
f 679/1/679 684/1/684 19/1/19
f 683/1/683 684/1/684 681/1/681
f 679/1/679 685/1/685 684/1/684
f 685/1/685 679/1/679 673/1/673
f 681/1/681 684/1/684 685/1/685
f 686/1/686 19/1/19 684/1/684
f 684/1/684 683/1/683 686/1/686
f 687/1/687 19/1/19 686/1/686
f 683/1/683 687/1/687 686/1/686
f 19/1/19 687/1/687 17/1/17
f 683/1/683 12/1/12 688/1/688
f 688/1/688 687/1/687 683/1/683
f 689/1/689 688/1/688 12/1/12
f 12/1/12 14/1/14 689/1/689
f 17/1/17 123/1/123 673/1/673
f 17/1/17 687/1/687 690/1/690
f 123/1/123 17/1/17 114/1/114
f 690/1/690 114/1/114 17/1/17
f 123/1/123 691/1/691 673/1/673
f 692/1/692 673/1/673 691/1/691
f 690/1/690 692/1/692 691/1/691
f 673/1/673 692/1/692 685/1/685
f 691/1/691 693/1/693 690/1/690
f 691/1/691 123/1/123 693/1/693
f 123/1/123 692/1/692 693/1/693
f 692/1/692 690/1/690 694/1/694
f 690/1/690 687/1/687 694/1/694
f 123/1/123 685/1/685 692/1/692
f 695/1/695 690/1/690 693/1/693
f 693/1/693 692/1/692 695/1/695
f 694/1/694 695/1/695 692/1/692
f 687/1/687 695/1/695 694/1/694
f 114/1/114 690/1/690 695/1/695
f 687/1/687 114/1/114 695/1/695
f 685/1/685 123/1/123 696/1/696
f 114/1/114 687/1/687 697/1/697
f 697/1/697 687/1/687 698/1/698
f 687/1/687 699/1/699 698/1/698
f 700/1/700 697/1/697 698/1/698
f 699/1/699 700/1/700 698/1/698
f 697/1/697 700/1/700 696/1/696
f 685/1/685 696/1/696 700/1/700
f 701/1/701 700/1/700 699/1/699
f 701/1/701 685/1/685 700/1/700
f 699/1/699 687/1/687 702/1/702
f 696/1/696 703/1/703 697/1/697
f 703/1/703 701/1/701 699/1/699
f 703/1/703 696/1/696 704/1/704
f 701/1/701 703/1/703 704/1/704
f 696/1/696 124/1/124 704/1/704
f 701/1/701 704/1/704 124/1/124
f 124/1/124 696/1/696 123/1/123
f 116/1/116 697/1/697 703/1/703
f 699/1/699 116/1/116 703/1/703
f 702/1/702 116/1/116 699/1/699
f 697/1/697 116/1/116 114/1/114
f 685/1/685 701/1/701 705/1/705
f 124/1/124 705/1/705 701/1/701
f 114/1/114 113/1/113 123/1/123
f 705/1/705 706/1/706 685/1/685
f 707/1/707 685/1/685 706/1/706
f 685/1/685 707/1/707 681/1/681
f 4/1/4 681/1/681 707/1/707
f 707/1/707 708/1/708 4/1/4
f 3/1/3 4/1/4 708/1/708
f 707/1/707 706/1/706 709/1/709
f 710/1/710 709/1/709 706/1/706
f 711/1/711 710/1/710 706/1/706
f 706/1/706 705/1/705 711/1/711
f 709/1/709 710/1/710 712/1/712
f 712/1/712 713/1/713 709/1/709
f 713/1/713 707/1/707 709/1/709
f 713/1/713 711/1/711 705/1/705
f 714/1/714 710/1/710 711/1/711
f 711/1/711 713/1/713 714/1/714
f 710/1/710 688/1/688 712/1/712
f 713/1/713 712/1/712 715/1/715
f 688/1/688 715/1/715 712/1/712
f 715/1/715 714/1/714 713/1/713
f 687/1/687 688/1/688 710/1/710
f 710/1/710 702/1/702 687/1/687
f 702/1/702 710/1/710 714/1/714
f 715/1/715 702/1/702 714/1/714
f 705/1/705 716/1/716 713/1/713
f 707/1/707 713/1/713 716/1/716
f 717/1/717 702/1/702 715/1/715
f 715/1/715 688/1/688 717/1/717
f 702/1/702 717/1/717 718/1/718
f 718/1/718 717/1/717 719/1/719
f 717/1/717 720/1/720 719/1/719
f 721/1/721 718/1/718 719/1/719
f 720/1/720 721/1/721 719/1/719
f 718/1/718 721/1/721 722/1/722
f 716/1/716 722/1/722 721/1/721
f 723/1/723 721/1/721 720/1/720
f 723/1/723 716/1/716 721/1/721
f 717/1/717 724/1/724 720/1/720
f 716/1/716 705/1/705 722/1/722
f 722/1/722 725/1/725 718/1/718
f 725/1/725 723/1/723 720/1/720
f 725/1/725 722/1/722 726/1/726
f 726/1/726 723/1/723 725/1/725
f 722/1/722 727/1/727 726/1/726
f 723/1/723 726/1/726 727/1/727
f 727/1/727 722/1/722 705/1/705
f 728/1/728 718/1/718 725/1/725
f 720/1/720 728/1/728 725/1/725
f 718/1/718 728/1/728 702/1/702
f 724/1/724 728/1/728 720/1/720
f 727/1/727 729/1/729 723/1/723
f 729/1/729 716/1/716 723/1/723
f 705/1/705 730/1/730 727/1/727
f 730/1/730 705/1/705 731/1/731
f 705/1/705 732/1/732 731/1/731
f 705/1/705 124/1/124 732/1/732
f 733/1/733 730/1/730 731/1/731
f 732/1/732 733/1/733 731/1/731
f 730/1/730 733/1/733 734/1/734
f 702/1/702 734/1/734 733/1/733
f 734/1/734 702/1/702 728/1/728
f 735/1/735 702/1/702 733/1/733
f 733/1/733 732/1/732 735/1/735
f 116/1/116 702/1/702 735/1/735
f 732/1/732 736/1/736 735/1/735
f 736/1/736 730/1/730 734/1/734
f 736/1/736 732/1/732 737/1/737
f 737/1/737 730/1/730 736/1/736
f 732/1/732 129/1/129 737/1/737
f 730/1/730 737/1/737 129/1/129
f 129/1/129 732/1/732 124/1/124
f 129/1/129 727/1/727 730/1/730
f 133/1/133 735/1/735 736/1/736
f 734/1/734 133/1/133 736/1/736
f 735/1/735 133/1/133 116/1/116
f 728/1/728 133/1/133 734/1/734
f 727/1/727 129/1/129 738/1/738
f 133/1/133 728/1/728 739/1/739
f 130/1/130 116/1/116 133/1/133
f 739/1/739 728/1/728 740/1/740
f 739/1/739 740/1/740 738/1/738
f 728/1/728 741/1/741 740/1/740
f 741/1/741 742/1/742 740/1/740
f 738/1/738 740/1/740 742/1/742
f 727/1/727 738/1/738 742/1/742
f 743/1/743 727/1/727 742/1/742
f 742/1/742 741/1/741 743/1/743
f 727/1/727 743/1/743 744/1/744
f 738/1/738 745/1/745 739/1/739
f 741/1/741 745/1/745 743/1/743
f 738/1/738 138/1/138 745/1/745
f 743/1/743 745/1/745 138/1/138
f 138/1/138 744/1/744 743/1/743
f 746/1/746 739/1/739 745/1/745
f 745/1/745 741/1/741 746/1/746
f 141/1/141 739/1/739 746/1/746
f 741/1/741 141/1/141 746/1/746
f 141/1/141 133/1/133 739/1/739
f 138/1/138 738/1/738 129/1/129
f 747/1/747 141/1/141 741/1/741
f 741/1/741 728/1/728 747/1/747
f 747/1/747 728/1/728 748/1/748
f 728/1/728 724/1/724 748/1/748
f 747/1/747 748/1/748 749/1/749
f 748/1/748 724/1/724 750/1/750
f 748/1/748 751/1/751 749/1/749
f 752/1/752 748/1/748 750/1/750
f 751/1/751 753/1/753 749/1/749
f 753/1/753 747/1/747 749/1/749
f 753/1/753 752/1/752 750/1/750
f 724/1/724 753/1/753 750/1/750
f 748/1/748 752/1/752 754/1/754
f 754/1/754 751/1/751 748/1/748
f 755/1/755 752/1/752 753/1/753
f 753/1/753 751/1/751 755/1/755
f 729/1/729 754/1/754 752/1/752
f 755/1/755 729/1/729 752/1/752
f 754/1/754 744/1/744 751/1/751
f 755/1/755 751/1/751 744/1/744
f 729/1/729 727/1/727 754/1/754
f 744/1/744 754/1/754 727/1/727
f 756/1/756 729/1/729 755/1/755
f 744/1/744 756/1/756 755/1/755
f 753/1/753 724/1/724 757/1/757
f 757/1/757 747/1/747 753/1/753
f 757/1/757 724/1/724 758/1/758
f 757/1/757 758/1/758 759/1/759
f 758/1/758 760/1/760 759/1/759
f 761/1/761 757/1/757 759/1/759
f 760/1/760 761/1/761 759/1/759
f 760/1/760 758/1/758 762/1/762
f 762/1/762 756/1/756 760/1/760
f 761/1/761 760/1/760 763/1/763
f 763/1/763 760/1/760 756/1/756
f 756/1/756 762/1/762 729/1/729
f 764/1/764 762/1/762 758/1/758
f 758/1/758 765/1/765 764/1/764
f 724/1/724 765/1/765 758/1/758
f 765/1/765 761/1/761 764/1/764
f 762/1/762 764/1/764 766/1/766
f 761/1/761 766/1/766 764/1/764
f 763/1/763 766/1/766 761/1/761
f 767/1/767 762/1/762 766/1/766
f 763/1/763 767/1/767 766/1/766
f 767/1/767 729/1/729 762/1/762
f 756/1/756 768/1/768 763/1/763
f 768/1/768 767/1/767 763/1/763
f 761/1/761 765/1/765 769/1/769
f 769/1/769 757/1/757 761/1/761
f 729/1/729 767/1/767 770/1/770
f 770/1/770 771/1/771 729/1/729
f 772/1/772 729/1/729 771/1/771
f 729/1/729 772/1/772 716/1/716
f 773/1/773 771/1/771 770/1/770
f 774/1/774 772/1/772 771/1/771
f 771/1/771 773/1/773 774/1/774
f 773/1/773 724/1/724 774/1/774
f 765/1/765 724/1/724 773/1/773
f 724/1/724 775/1/775 774/1/774
f 772/1/772 774/1/774 775/1/775
f 724/1/724 717/1/717 775/1/775
f 775/1/775 776/1/776 772/1/772
f 770/1/770 776/1/776 773/1/773
f 775/1/775 777/1/777 776/1/776
f 777/1/777 773/1/773 776/1/776
f 717/1/717 777/1/777 775/1/775
f 773/1/773 777/1/777 765/1/765
f 778/1/778 772/1/772 776/1/776
f 776/1/776 770/1/770 778/1/778
f 779/1/779 772/1/772 778/1/778
f 770/1/770 779/1/779 778/1/778
f 779/1/779 716/1/716 772/1/772
f 779/1/779 770/1/770 767/1/767
f 716/1/716 779/1/779 780/1/780
f 780/1/780 781/1/781 716/1/716
f 782/1/782 716/1/716 781/1/781
f 716/1/716 782/1/782 707/1/707
f 783/1/783 781/1/781 780/1/780
f 781/1/781 783/1/783 784/1/784
f 785/1/785 781/1/781 784/1/784
f 782/1/782 781/1/781 785/1/785
f 783/1/783 717/1/717 784/1/784
f 717/1/717 785/1/785 784/1/784
f 777/1/777 717/1/717 783/1/783
f 785/1/785 717/1/717 688/1/688
f 780/1/780 786/1/786 783/1/783
f 785/1/785 786/1/786 782/1/782
f 786/1/786 780/1/780 787/1/787
f 787/1/787 782/1/782 786/1/786
f 785/1/785 788/1/788 786/1/786
f 788/1/788 783/1/783 786/1/786
f 688/1/688 788/1/788 785/1/785
f 783/1/783 788/1/788 777/1/777
f 780/1/780 789/1/789 787/1/787
f 789/1/789 782/1/782 787/1/787
f 789/1/789 707/1/707 782/1/782
f 789/1/789 780/1/780 779/1/779
f 707/1/707 789/1/789 790/1/790
f 790/1/790 791/1/791 707/1/707
f 708/1/708 707/1/707 791/1/791
f 792/1/792 791/1/791 790/1/790
f 708/1/708 791/1/791 689/1/689
f 791/1/791 792/1/792 793/1/793
f 689/1/689 791/1/791 793/1/793
f 688/1/688 689/1/689 793/1/793
f 792/1/792 688/1/688 793/1/793
f 788/1/788 688/1/688 792/1/792
f 689/1/689 794/1/794 708/1/708
f 790/1/790 794/1/794 792/1/792
f 794/1/794 689/1/689 795/1/795
f 795/1/795 792/1/792 794/1/794
f 689/1/689 14/1/14 795/1/795
f 14/1/14 792/1/792 795/1/795
f 792/1/792 14/1/14 788/1/788
f 796/1/796 642/1/642 797/1/797
f 641/1/641 798/1/798 799/1/799
f 800/1/800 797/1/797 642/1/642
f 642/1/642 801/1/801 800/1/800
f 801/1/801 642/1/642 632/1/632
f 802/1/802 797/1/797 800/1/800
f 641/1/641 799/1/799 802/1/802
f 797/1/797 802/1/802 799/1/799
f 803/1/803 641/1/641 802/1/802
f 800/1/800 803/1/803 802/1/802
f 803/1/803 800/1/800 801/1/801
f 629/1/629 641/1/641 803/1/803
f 804/1/804 797/1/797 799/1/799
f 801/1/801 804/1/804 803/1/803
f 797/1/797 804/1/804 805/1/805
f 804/1/804 801/1/801 805/1/805
f 806/1/806 797/1/797 805/1/805
f 801/1/801 806/1/806 805/1/805
f 806/1/806 796/1/796 797/1/797
f 632/1/632 806/1/806 801/1/801
f 799/1/799 30/1/30 804/1/804
f 30/1/30 803/1/803 804/1/804
f 30/1/30 629/1/629 803/1/803
f 798/1/798 30/1/30 799/1/799
f 629/1/629 30/1/30 29/1/29
f 806/1/806 632/1/632 807/1/807
f 808/1/808 807/1/807 632/1/632
f 809/1/809 808/1/808 632/1/632
f 632/1/632 39/1/39 809/1/809
f 810/1/810 807/1/807 808/1/808
f 808/1/808 809/1/809 810/1/810
f 807/1/807 810/1/810 29/1/29
f 629/1/629 29/1/29 810/1/810
f 811/1/811 629/1/629 810/1/810
f 811/1/811 810/1/810 809/1/809
f 31/1/31 629/1/629 811/1/811
f 809/1/809 812/1/812 811/1/811
f 29/1/29 812/1/812 807/1/807
f 809/1/809 46/1/46 812/1/812
f 46/1/46 807/1/807 812/1/812
f 39/1/39 46/1/46 809/1/809
f 807/1/807 46/1/46 806/1/806
f 813/1/813 811/1/811 812/1/812
f 812/1/812 29/1/29 813/1/813
f 28/1/28 811/1/811 813/1/813
f 29/1/29 28/1/28 813/1/813
f 28/1/28 31/1/31 811/1/811
f 197/1/197 195/1/195 814/1/814
f 200/1/200 756/1/756 815/1/815
f 815/1/815 756/1/756 816/1/816
f 756/1/756 817/1/817 816/1/816
f 815/1/815 816/1/816 818/1/818
f 818/1/818 757/1/757 195/1/195
f 756/1/756 744/1/744 817/1/817
f 818/1/818 816/1/816 819/1/819
f 816/1/816 817/1/817 819/1/819
f 757/1/757 818/1/818 819/1/819
f 820/1/820 757/1/757 819/1/819
f 819/1/819 817/1/817 820/1/820
f 747/1/747 757/1/757 820/1/820
f 821/1/821 817/1/817 744/1/744
f 817/1/817 822/1/822 820/1/820
f 817/1/817 821/1/821 822/1/822
f 818/1/818 822/1/822 815/1/815
f 815/1/815 822/1/822 821/1/821
f 822/1/822 818/1/818 823/1/823
f 820/1/820 822/1/822 823/1/823
f 821/1/821 200/1/200 815/1/815
f 824/1/824 820/1/820 823/1/823
f 818/1/818 824/1/824 823/1/823
f 824/1/824 747/1/747 820/1/820
f 195/1/195 824/1/824 818/1/818
f 825/1/825 747/1/747 824/1/824
f 747/1/747 825/1/825 826/1/826
f 827/1/827 747/1/747 826/1/826
f 828/1/828 827/1/827 826/1/826
f 825/1/825 828/1/828 826/1/826
f 827/1/827 828/1/828 829/1/829
f 744/1/744 829/1/829 828/1/828
f 830/1/830 744/1/744 828/1/828
f 828/1/828 825/1/825 830/1/830
f 821/1/821 744/1/744 830/1/830
f 829/1/829 831/1/831 827/1/827
f 830/1/830 825/1/825 831/1/831
f 832/1/832 827/1/827 831/1/831
f 831/1/831 825/1/825 832/1/832
f 824/1/824 832/1/832 825/1/825
f 831/1/831 829/1/829 833/1/833
f 833/1/833 830/1/830 831/1/831
f 829/1/829 834/1/834 833/1/833
f 834/1/834 830/1/830 833/1/833
f 834/1/834 821/1/821 830/1/830
f 832/1/832 824/1/824 835/1/835
f 821/1/821 834/1/834 836/1/836
f 837/1/837 836/1/836 834/1/834
f 835/1/835 824/1/824 838/1/838
f 824/1/824 839/1/839 838/1/838
f 840/1/840 835/1/835 838/1/838
f 838/1/838 839/1/839 840/1/840
f 835/1/835 840/1/840 836/1/836
f 836/1/836 840/1/840 821/1/821
f 836/1/836 841/1/841 835/1/835
f 842/1/842 821/1/821 840/1/840
f 842/1/842 840/1/840 839/1/839
f 841/1/841 842/1/842 839/1/839
f 841/1/841 836/1/836 843/1/843
f 836/1/836 837/1/837 843/1/843
f 843/1/843 842/1/842 841/1/841
f 837/1/837 842/1/842 843/1/843
f 844/1/844 835/1/835 841/1/841
f 841/1/841 839/1/839 844/1/844
f 837/1/837 535/1/535 842/1/842
f 535/1/535 821/1/821 842/1/842
f 538/1/538 844/1/844 839/1/839
f 824/1/824 538/1/538 839/1/839
f 535/1/535 544/1/544 821/1/821
f 543/1/543 538/1/538 824/1/824
f 200/1/200 821/1/821 544/1/544
f 824/1/824 195/1/195 543/1/543
f 844/1/844 538/1/538 845/1/845
f 845/1/845 846/1/846 844/1/844
f 845/1/845 538/1/538 847/1/847
f 846/1/846 845/1/845 848/1/848
f 845/1/845 847/1/847 849/1/849
f 849/1/849 848/1/848 845/1/845
f 850/1/850 846/1/846 848/1/848
f 538/1/538 850/1/850 847/1/847
f 848/1/848 849/1/849 851/1/851
f 850/1/850 848/1/848 852/1/852
f 851/1/851 852/1/852 848/1/848
f 852/1/852 847/1/847 850/1/850
f 528/1/528 846/1/846 850/1/850
f 850/1/850 538/1/538 528/1/528
f 847/1/847 852/1/852 853/1/853
f 853/1/853 849/1/849 847/1/847
f 854/1/854 852/1/852 851/1/851
f 849/1/849 854/1/854 851/1/851
f 854/1/854 849/1/849 837/1/837
f 535/1/535 837/1/837 849/1/849
f 849/1/849 853/1/853 535/1/535
f 852/1/852 535/1/535 853/1/853
f 854/1/854 524/1/524 852/1/852
f 535/1/535 852/1/852 524/1/524
f 524/1/524 854/1/854 855/1/855
f 854/1/854 856/1/856 855/1/855
f 855/1/855 857/1/857 524/1/524
f 857/1/857 855/1/855 858/1/858
f 859/1/859 524/1/524 857/1/857
f 858/1/858 859/1/859 857/1/857
f 858/1/858 855/1/855 860/1/860
f 855/1/855 856/1/856 861/1/861
f 855/1/855 861/1/861 860/1/860
f 856/1/856 859/1/859 861/1/861
f 859/1/859 858/1/858 862/1/862
f 862/1/862 861/1/861 859/1/859
f 856/1/856 519/1/519 859/1/859
f 524/1/524 859/1/859 519/1/519
f 861/1/861 862/1/862 863/1/863
f 863/1/863 860/1/860 861/1/861
f 528/1/528 862/1/862 858/1/858
f 860/1/860 528/1/528 858/1/858
f 863/1/863 862/1/862 864/1/864
f 864/1/864 860/1/860 863/1/863
f 864/1/864 846/1/846 860/1/860
f 846/1/846 528/1/528 860/1/860
f 514/1/514 864/1/864 862/1/862
f 862/1/862 528/1/528 514/1/514
f 864/1/864 514/1/514 865/1/865
f 866/1/866 864/1/864 865/1/865
f 865/1/865 514/1/514 867/1/867
f 866/1/866 865/1/865 868/1/868
f 869/1/869 868/1/868 865/1/865
f 865/1/865 867/1/867 869/1/869
f 870/1/870 866/1/866 868/1/868
f 514/1/514 870/1/870 867/1/867
f 871/1/871 869/1/869 867/1/867
f 867/1/867 872/1/872 871/1/871
f 872/1/872 867/1/867 870/1/870
f 873/1/873 870/1/870 868/1/868
f 868/1/868 869/1/869 873/1/873
f 870/1/870 873/1/873 872/1/872
f 189/1/189 866/1/866 870/1/870
f 514/1/514 189/1/189 870/1/870
f 869/1/869 871/1/871 519/1/519
f 872/1/872 519/1/519 871/1/871
f 869/1/869 874/1/874 873/1/873
f 874/1/874 872/1/872 873/1/873
f 856/1/856 874/1/874 869/1/869
f 519/1/519 856/1/856 869/1/869
f 874/1/874 186/1/186 872/1/872
f 519/1/519 872/1/872 186/1/186
f 186/1/186 874/1/874 875/1/875
f 874/1/874 876/1/876 875/1/875
f 875/1/875 877/1/877 186/1/186
f 878/1/878 877/1/877 875/1/875
f 866/1/866 189/1/189 878/1/878
f 878/1/878 879/1/879 866/1/866
f 875/1/875 880/1/880 878/1/878
f 875/1/875 876/1/876 880/1/880
f 881/1/881 878/1/878 880/1/880
f 879/1/879 878/1/878 881/1/881
f 880/1/880 882/1/882 881/1/881
f 882/1/882 879/1/879 881/1/881
f 876/1/876 883/1/883 880/1/880
f 882/1/882 880/1/880 883/1/883
f 877/1/877 878/1/878 884/1/884
f 884/1/884 878/1/878 189/1/189
f 884/1/884 883/1/883 877/1/877
f 883/1/883 884/1/884 882/1/882
f 189/1/189 882/1/882 884/1/884
f 883/1/883 186/1/186 877/1/877
f 176/1/176 879/1/879 882/1/882
f 189/1/189 176/1/176 882/1/882
f 876/1/876 179/1/179 883/1/883
f 179/1/179 186/1/186 883/1/883
f 179/1/179 876/1/876 885/1/885
f 876/1/876 442/1/442 885/1/885
f 879/1/879 176/1/176 886/1/886
f 446/1/446 879/1/879 886/1/886
f 885/1/885 887/1/887 179/1/179
f 886/1/886 887/1/887 885/1/885
f 885/1/885 442/1/442 888/1/888
f 885/1/885 888/1/888 886/1/886
f 442/1/442 443/1/443 888/1/888
f 443/1/443 179/1/179 887/1/887
f 889/1/889 886/1/886 888/1/888
f 443/1/443 889/1/889 888/1/888
f 446/1/446 886/1/886 889/1/889
f 887/1/887 886/1/886 890/1/890
f 890/1/890 443/1/443 887/1/887
f 890/1/890 886/1/886 176/1/176
f 891/1/891 889/1/889 443/1/443
f 891/1/891 446/1/446 889/1/889
f 443/1/443 890/1/890 891/1/891
f 176/1/176 891/1/891 890/1/890
f 173/1/173 446/1/446 891/1/891
f 891/1/891 176/1/176 173/1/173
f 892/1/892 893/1/893 213/1/213
f 893/1/893 892/1/892 894/1/894
f 895/1/895 893/1/893 894/1/894
f 769/1/769 893/1/893 895/1/895
f 892/1/892 896/1/896 894/1/894
f 896/1/896 895/1/895 894/1/894
f 897/1/897 898/1/898 896/1/896
f 897/1/897 896/1/896 892/1/892
f 217/1/217 898/1/898 897/1/897
f 898/1/898 899/1/899 896/1/896
f 895/1/895 896/1/896 899/1/899
f 898/1/898 768/1/768 899/1/899
f 899/1/899 900/1/900 895/1/895
f 892/1/892 900/1/900 897/1/897
f 899/1/899 201/1/201 900/1/900
f 897/1/897 900/1/900 201/1/201
f 201/1/201 899/1/899 768/1/768
f 201/1/201 217/1/217 897/1/897
f 895/1/895 900/1/900 901/1/901
f 900/1/900 892/1/892 901/1/901
f 197/1/197 895/1/895 901/1/901
f 892/1/892 197/1/197 901/1/901
f 197/1/197 769/1/769 895/1/895
f 213/1/213 197/1/197 892/1/892
f 814/1/814 769/1/769 197/1/197
f 769/1/769 814/1/814 902/1/902
f 903/1/903 769/1/769 902/1/902
f 757/1/757 769/1/769 903/1/903
f 904/1/904 902/1/902 814/1/814
f 902/1/902 904/1/904 905/1/905
f 902/1/902 906/1/906 903/1/903
f 905/1/905 906/1/906 902/1/902
f 904/1/904 768/1/768 905/1/905
f 768/1/768 906/1/906 905/1/905
f 768/1/768 904/1/904 201/1/201
f 768/1/768 756/1/756 906/1/906
f 907/1/907 904/1/904 814/1/814
f 906/1/906 907/1/907 903/1/903
f 908/1/908 904/1/904 907/1/907
f 907/1/907 906/1/906 908/1/908
f 200/1/200 904/1/904 908/1/908
f 906/1/906 200/1/200 908/1/908
f 904/1/904 200/1/200 201/1/201
f 200/1/200 906/1/906 756/1/756
f 814/1/814 195/1/195 907/1/907
f 195/1/195 903/1/903 907/1/907
f 903/1/903 195/1/195 757/1/757
f 669/1/669 668/1/668 672/1/672
f 672/1/672 666/1/666 669/1/669
f 661/1/661 672/1/672 671/1/671
f 909/1/909 666/1/666 672/1/672
f 661/1/661 909/1/909 672/1/672
f 665/1/665 910/1/910 668/1/668
f 662/1/662 668/1/668 910/1/910
f 910/1/910 665/1/665 911/1/911
f 912/1/912 911/1/911 665/1/665
f 666/1/666 909/1/909 913/1/913
f 914/1/914 666/1/666 913/1/913
f 915/1/915 913/1/913 909/1/909
f 914/1/914 913/1/913 916/1/916
f 917/1/917 913/1/913 915/1/915
f 913/1/913 917/1/917 911/1/911
f 910/1/910 911/1/911 917/1/917
f 918/1/918 913/1/913 911/1/911
f 913/1/913 918/1/918 916/1/916
f 911/1/911 912/1/912 918/1/918
f 915/1/915 919/1/919 917/1/917
f 918/1/918 919/1/919 916/1/916
f 909/1/909 919/1/919 915/1/915
f 919/1/919 914/1/914 916/1/916
f 919/1/919 918/1/918 920/1/920
f 917/1/917 919/1/919 920/1/920
f 920/1/920 918/1/918 912/1/912
f 920/1/920 910/1/910 917/1/917
f 912/1/912 921/1/921 920/1/920
f 910/1/910 920/1/920 921/1/921
f 922/1/922 914/1/914 919/1/919
f 919/1/919 909/1/909 922/1/922
f 914/1/914 922/1/922 923/1/923
f 921/1/921 912/1/912 924/1/924
f 925/1/925 922/1/922 909/1/909
f 921/1/921 926/1/926 910/1/910
f 922/1/922 925/1/925 927/1/927
f 926/1/926 927/1/927 925/1/925
f 928/1/928 922/1/922 927/1/927
f 927/1/927 926/1/926 929/1/929
f 929/1/929 928/1/928 927/1/927
f 926/1/926 921/1/921 929/1/929
f 928/1/928 929/1/929 930/1/930
f 921/1/921 930/1/930 929/1/929
f 925/1/925 931/1/931 926/1/926
f 930/1/930 931/1/931 928/1/928
f 931/1/931 925/1/925 932/1/932
f 928/1/928 931/1/931 932/1/932
f 932/1/932 925/1/925 933/1/933
f 933/1/933 928/1/928 932/1/932
f 909/1/909 933/1/933 925/1/925
f 934/1/934 926/1/926 931/1/931
f 930/1/930 934/1/934 931/1/931
f 934/1/934 910/1/910 926/1/926
f 921/1/921 935/1/935 930/1/930
f 934/1/934 930/1/930 935/1/935
f 933/1/933 909/1/909 936/1/936
f 910/1/910 934/1/934 937/1/937
f 910/1/910 937/1/937 938/1/938
f 939/1/939 910/1/910 938/1/938
f 662/1/662 910/1/910 939/1/939
f 937/1/937 940/1/940 938/1/938
f 940/1/940 939/1/939 938/1/938
f 940/1/940 937/1/937 936/1/936
f 936/1/936 909/1/909 940/1/940
f 909/1/909 941/1/941 940/1/940
f 939/1/939 940/1/940 941/1/941
f 909/1/909 661/1/661 941/1/941
f 941/1/941 942/1/942 939/1/939
f 937/1/937 942/1/942 936/1/936
f 942/1/942 941/1/941 943/1/943
f 936/1/936 942/1/942 943/1/943
f 937/1/937 944/1/944 942/1/942
f 939/1/939 942/1/942 944/1/944
f 944/1/944 937/1/937 934/1/934
f 944/1/944 662/1/662 939/1/939
f 941/1/941 945/1/945 943/1/943
f 945/1/945 936/1/936 943/1/943
f 661/1/661 945/1/945 941/1/941
f 936/1/936 945/1/945 933/1/933
f 945/1/945 661/1/661 946/1/946
f 946/1/946 661/1/661 947/1/947
f 661/1/661 948/1/948 947/1/947
f 948/1/948 661/1/661 650/1/650
f 949/1/949 946/1/946 947/1/947
f 948/1/948 949/1/949 947/1/947
f 946/1/946 949/1/949 950/1/950
f 662/1/662 950/1/950 949/1/949
f 662/1/662 944/1/944 950/1/950
f 951/1/951 662/1/662 949/1/949
f 949/1/949 948/1/948 951/1/951
f 651/1/651 662/1/662 951/1/951
f 950/1/950 952/1/952 946/1/946
f 948/1/948 952/1/952 951/1/951
f 950/1/950 953/1/953 952/1/952
f 953/1/953 951/1/951 952/1/952
f 953/1/953 950/1/950 944/1/944
f 951/1/951 953/1/953 651/1/651
f 954/1/954 946/1/946 952/1/952
f 952/1/952 948/1/948 954/1/954
f 955/1/955 946/1/946 954/1/954
f 948/1/948 955/1/955 954/1/954
f 955/1/955 945/1/945 946/1/946
f 650/1/650 955/1/955 948/1/948
f 651/1/651 953/1/953 956/1/956
f 651/1/651 956/1/956 957/1/957
f 958/1/958 651/1/651 957/1/957
f 651/1/651 958/1/958 641/1/641
f 957/1/957 956/1/956 959/1/959
f 959/1/959 958/1/958 957/1/957
f 960/1/960 650/1/650 959/1/959
f 960/1/960 959/1/959 956/1/956
f 955/1/955 650/1/650 960/1/960
f 650/1/650 961/1/961 959/1/959
f 958/1/958 959/1/959 961/1/961
f 961/1/961 650/1/650 642/1/642
f 961/1/961 962/1/962 958/1/958
f 956/1/956 962/1/962 960/1/960
f 961/1/961 796/1/796 962/1/962
f 796/1/796 960/1/960 962/1/962
f 642/1/642 796/1/796 961/1/961
f 960/1/960 796/1/796 955/1/955
f 963/1/963 958/1/958 962/1/962
f 962/1/962 956/1/956 963/1/963
f 798/1/798 958/1/958 963/1/963
f 956/1/956 798/1/798 963/1/963
f 958/1/958 798/1/798 641/1/641
f 798/1/798 956/1/956 953/1/953
f 834/1/834 138/1/138 149/1/149
f 42/1/42 834/1/834 149/1/149
f 832/1/832 44/1/44 146/1/146
f 141/1/141 832/1/832 146/1/146
f 44/1/44 832/1/832 964/1/964
f 46/1/46 44/1/44 964/1/964
f 832/1/832 141/1/141 827/1/827
f 141/1/141 747/1/747 827/1/827
f 834/1/834 42/1/42 965/1/965
f 42/1/42 28/1/28 965/1/965
f 138/1/138 834/1/834 829/1/829
f 744/1/744 138/1/138 829/1/829
f 965/1/965 28/1/28 966/1/966
f 965/1/965 966/1/966 964/1/964
f 28/1/28 967/1/967 966/1/966
f 964/1/964 968/1/968 965/1/965
f 965/1/965 968/1/968 834/1/834
f 964/1/964 966/1/966 969/1/969
f 967/1/967 834/1/834 968/1/968
f 968/1/968 964/1/964 970/1/970
f 28/1/28 837/1/837 967/1/967
f 834/1/834 967/1/967 837/1/837
f 967/1/967 968/1/968 971/1/971
f 971/1/971 966/1/966 967/1/967
f 970/1/970 971/1/971 968/1/968
f 966/1/966 971/1/971 969/1/969
f 964/1/964 832/1/832 970/1/970
f 832/1/832 971/1/971 970/1/970
f 46/1/46 964/1/964 969/1/969
f 969/1/969 971/1/971 46/1/46
f 844/1/844 46/1/46 971/1/971
f 832/1/832 844/1/844 971/1/971
f 46/1/46 844/1/844 972/1/972
f 806/1/806 46/1/46 972/1/972
f 844/1/844 832/1/832 835/1/835
f 806/1/806 972/1/972 973/1/973
f 973/1/973 974/1/974 806/1/806
f 975/1/975 973/1/973 972/1/972
f 975/1/975 974/1/974 973/1/973
f 33/1/33 975/1/975 972/1/972
f 974/1/974 975/1/975 976/1/976
f 33/1/33 30/1/30 975/1/975
f 30/1/30 976/1/976 975/1/975
f 972/1/972 977/1/977 33/1/33
f 972/1/972 844/1/844 977/1/977
f 844/1/844 974/1/974 977/1/977
f 976/1/976 977/1/977 974/1/974
f 978/1/978 33/1/33 977/1/977
f 977/1/977 976/1/976 978/1/978
f 33/1/33 978/1/978 837/1/837
f 976/1/976 837/1/837 978/1/978
f 837/1/837 28/1/28 33/1/33
f 30/1/30 854/1/854 976/1/976
f 837/1/837 976/1/976 854/1/854
f 979/1/979 854/1/854 30/1/30
f 798/1/798 979/1/979 30/1/30
f 854/1/854 979/1/979 980/1/980
f 980/1/980 979/1/979 981/1/981
f 982/1/982 854/1/854 980/1/980
f 981/1/981 982/1/982 980/1/980
f 983/1/983 981/1/981 979/1/979
f 982/1/982 981/1/981 984/1/984
f 979/1/979 985/1/985 983/1/983
f 979/1/979 798/1/798 985/1/985
f 798/1/798 982/1/982 985/1/985
f 984/1/984 985/1/985 982/1/982
f 798/1/798 856/1/856 982/1/982
f 854/1/854 982/1/982 856/1/856
f 985/1/985 984/1/984 986/1/986
f 983/1/983 985/1/985 986/1/986
f 846/1/846 984/1/984 981/1/981
f 983/1/983 846/1/846 981/1/981
f 984/1/984 796/1/796 986/1/986
f 796/1/796 983/1/983 986/1/986
f 983/1/983 796/1/796 806/1/806
f 806/1/806 846/1/846 983/1/983
f 846/1/846 806/1/806 974/1/974
f 864/1/864 796/1/796 984/1/984
f 984/1/984 846/1/846 864/1/864
f 844/1/844 846/1/846 974/1/974
f 796/1/796 864/1/864 987/1/987
f 987/1/987 955/1/955 796/1/796
f 955/1/955 987/1/987 988/1/988
f 989/1/989 955/1/955 988/1/988
f 988/1/988 987/1/987 990/1/990
f 990/1/990 989/1/989 988/1/988
f 991/1/991 990/1/990 987/1/987
f 989/1/989 990/1/990 992/1/992
f 991/1/991 953/1/953 990/1/990
f 953/1/953 992/1/992 990/1/990
f 953/1/953 991/1/991 798/1/798
f 856/1/856 798/1/798 991/1/991
f 987/1/987 993/1/993 991/1/991
f 991/1/991 993/1/993 856/1/856
f 992/1/992 856/1/856 993/1/993
f 993/1/993 987/1/987 994/1/994
f 994/1/994 992/1/992 993/1/993
f 992/1/992 994/1/994 989/1/989
f 987/1/987 864/1/864 994/1/994
f 864/1/864 989/1/989 994/1/994
f 953/1/953 874/1/874 992/1/992
f 856/1/856 992/1/992 874/1/874
f 874/1/874 953/1/953 995/1/995
f 953/1/953 944/1/944 995/1/995
f 864/1/864 866/1/866 989/1/989
f 866/1/866 955/1/955 989/1/989
f 955/1/955 866/1/866 996/1/996
f 945/1/945 955/1/955 996/1/996
f 995/1/995 997/1/997 874/1/874
f 997/1/997 995/1/995 998/1/998
f 996/1/996 998/1/998 995/1/995
f 996/1/996 866/1/866 998/1/998
f 995/1/995 999/1/999 996/1/996
f 995/1/995 944/1/944 999/1/999
f 1000/1/1000 996/1/996 999/1/999
f 996/1/996 1000/1/1000 945/1/945
f 944/1/944 1001/1/1001 999/1/999
f 999/1/999 1001/1/1001 1000/1/1000
f 998/1/998 1001/1/1001 997/1/997
f 1001/1/1001 874/1/874 997/1/997
f 1001/1/1001 998/1/998 1002/1/1002
f 1002/1/1002 945/1/945 1000/1/1000
f 1002/1/1002 1000/1/1000 1001/1/1001
f 866/1/866 1002/1/1002 998/1/998
f 879/1/879 945/1/945 1002/1/1002
f 1002/1/1002 866/1/866 879/1/879
f 944/1/944 876/1/876 1001/1/1001
f 874/1/874 1001/1/1001 876/1/876
f 876/1/876 944/1/944 1003/1/1003
f 944/1/944 934/1/934 1003/1/1003
f 945/1/945 879/1/879 1004/1/1004
f 1004/1/1004 933/1/933 945/1/945
f 1004/1/1004 879/1/879 1005/1/1005
f 1003/1/1003 934/1/934 1006/1/1006
f 1006/1/1006 1004/1/1004 1003/1/1003
f 934/1/934 1007/1/1007 1006/1/1006
f 1004/1/1004 1006/1/1006 1008/1/1008
f 1006/1/1006 1007/1/1007 1008/1/1008
f 933/1/933 1004/1/1004 1008/1/1008
f 1004/1/1004 1009/1/1009 1003/1/1003
f 1009/1/1009 1004/1/1004 1005/1/1005
f 1003/1/1003 1009/1/1009 876/1/876
f 1007/1/1007 876/1/876 1009/1/1009
f 1005/1/1005 1010/1/1010 1009/1/1009
f 1007/1/1007 1009/1/1009 1010/1/1010
f 1010/1/1010 1008/1/1008 1007/1/1007
f 1010/1/1010 933/1/933 1008/1/1008
f 879/1/879 1010/1/1010 1005/1/1005
f 446/1/446 933/1/933 1010/1/1010
f 1010/1/1010 879/1/879 446/1/446
f 934/1/934 442/1/442 1007/1/1007
f 876/1/876 1007/1/1007 442/1/442
f 442/1/442 934/1/934 1011/1/1011
f 934/1/934 935/1/935 1011/1/1011
f 933/1/933 446/1/446 1012/1/1012
f 1012/1/1012 1013/1/1013 933/1/933
f 928/1/928 933/1/933 1013/1/1013
f 1013/1/1013 922/1/922 928/1/928
f 1012/1/1012 1014/1/1014 1011/1/1011
f 1012/1/1012 446/1/446 1014/1/1014
f 1011/1/1011 1015/1/1015 1012/1/1012
f 1013/1/1013 1012/1/1012 1015/1/1015
f 1015/1/1015 1011/1/1011 1016/1/1016
f 1011/1/1011 935/1/935 1016/1/1016
f 1017/1/1017 1015/1/1015 1016/1/1016
f 935/1/935 1017/1/1017 1016/1/1016
f 1011/1/1011 1014/1/1014 1018/1/1018
f 1011/1/1011 1018/1/1018 442/1/442
f 1019/1/1019 1018/1/1018 1014/1/1014
f 1015/1/1015 1017/1/1017 1019/1/1019
f 1017/1/1017 442/1/442 1018/1/1018
f 1017/1/1017 1018/1/1018 1019/1/1019
f 1019/1/1019 1013/1/1013 1015/1/1015
f 446/1/446 1019/1/1019 1014/1/1014
f 448/1/448 1013/1/1013 1019/1/1019
f 1019/1/1019 446/1/446 448/1/448
f 442/1/442 1017/1/1017 445/1/445
f 935/1/935 445/1/445 1017/1/1017
f 1013/1/1013 448/1/448 1020/1/1020
f 1021/1/1021 1020/1/1020 448/1/448
f 1022/1/1022 1020/1/1020 1021/1/1021
f 1023/1/1023 1021/1/1021 448/1/448
f 1021/1/1021 1023/1/1023 1022/1/1022
f 1020/1/1020 1022/1/1022 1024/1/1024
f 445/1/445 1024/1/1024 1022/1/1022
f 445/1/445 935/1/935 1024/1/1024
f 1024/1/1024 1025/1/1025 1020/1/1020
f 250/1/250 1020/1/1020 1025/1/1025
f 250/1/250 1013/1/1013 1020/1/1020
f 1023/1/1023 250/1/250 1025/1/1025
f 1025/1/1025 1024/1/1024 1026/1/1026
f 1026/1/1026 1023/1/1023 1025/1/1025
f 1024/1/1024 253/1/253 1026/1/1026
f 253/1/253 1024/1/1024 935/1/935
f 1023/1/1023 1026/1/1026 1027/1/1027
f 253/1/253 1027/1/1027 1026/1/1026
f 1022/1/1022 1023/1/1023 1027/1/1027
f 1027/1/1027 445/1/445 1022/1/1022
f 460/1/460 250/1/250 1023/1/1023
f 448/1/448 460/1/460 1023/1/1023
f 445/1/445 1027/1/1027 458/1/458
f 253/1/253 458/1/458 1027/1/1027
f 1028/1/1028 1013/1/1013 250/1/250
f 1013/1/1013 1028/1/1028 1029/1/1029
f 1029/1/1029 1030/1/1030 1013/1/1013
f 922/1/922 1013/1/1013 1030/1/1030
f 1031/1/1031 1029/1/1029 1028/1/1028
f 1029/1/1029 1031/1/1031 1032/1/1032
f 1029/1/1029 1033/1/1033 1030/1/1030
f 1033/1/1033 1029/1/1029 1032/1/1032
f 1031/1/1031 935/1/935 1032/1/1032
f 935/1/935 1033/1/1033 1032/1/1032
f 935/1/935 1031/1/1031 253/1/253
f 935/1/935 921/1/921 1033/1/1033
f 1034/1/1034 1031/1/1031 1028/1/1028
f 1033/1/1033 1034/1/1034 1030/1/1030
f 1031/1/1031 1034/1/1034 1035/1/1035
f 1034/1/1034 1033/1/1033 1035/1/1035
f 1031/1/1031 1035/1/1035 239/1/239
f 1033/1/1033 239/1/239 1035/1/1035
f 239/1/239 1033/1/1033 921/1/921
f 239/1/239 253/1/253 1031/1/1031
f 1028/1/1028 241/1/241 1034/1/1034
f 241/1/241 1030/1/1030 1034/1/1034
f 1030/1/1030 241/1/241 922/1/922
f 250/1/250 241/1/241 1028/1/1028
f 921/1/921 1036/1/1036 239/1/239
f 1036/1/1036 921/1/921 1037/1/1037
f 921/1/921 924/1/924 1037/1/1037
f 1037/1/1037 1038/1/1038 1036/1/1036
f 1038/1/1038 922/1/922 241/1/241
f 924/1/924 1039/1/1039 1037/1/1037
f 1038/1/1038 1037/1/1037 1039/1/1039
f 922/1/922 1038/1/1038 1039/1/1039
f 923/1/923 922/1/922 1039/1/1039
f 923/1/923 1039/1/1039 924/1/924
f 1038/1/1038 1040/1/1040 1036/1/1036
f 1040/1/1040 923/1/923 924/1/924
f 1040/1/1040 1038/1/1038 1041/1/1041
f 1041/1/1041 923/1/923 1040/1/1040
f 1038/1/1038 227/1/227 1041/1/1041
f 227/1/227 923/1/923 1041/1/1041
f 241/1/241 227/1/227 1038/1/1038
f 1036/1/1036 1040/1/1040 229/1/229
f 924/1/924 229/1/229 1040/1/1040
f 229/1/229 239/1/239 1036/1/1036
f 229/1/229 924/1/924 912/1/912
f 227/1/227 914/1/914 923/1/923
f 912/1/912 1042/1/1042 229/1/229
f 1042/1/1042 912/1/912 1043/1/1043
f 912/1/912 1044/1/1044 1043/1/1043
f 912/1/912 898/1/898 1044/1/1044
f 1045/1/1045 1042/1/1042 1043/1/1043
f 1044/1/1044 1045/1/1045 1043/1/1043
f 1042/1/1042 1045/1/1045 1046/1/1046
f 914/1/914 1046/1/1046 1045/1/1045
f 1047/1/1047 1045/1/1045 1044/1/1044
f 1047/1/1047 914/1/914 1045/1/1045
f 1046/1/1046 914/1/914 227/1/227
f 893/1/893 914/1/914 1047/1/1047
f 1046/1/1046 1048/1/1048 1042/1/1042
f 1048/1/1048 1047/1/1047 1044/1/1044
f 1048/1/1048 1046/1/1046 1049/1/1049
f 1047/1/1047 1048/1/1048 1049/1/1049
f 1046/1/1046 213/1/213 1049/1/1049
f 213/1/213 1047/1/1047 1049/1/1049
f 227/1/227 213/1/213 1046/1/1046
f 213/1/213 893/1/893 1047/1/1047
f 217/1/217 1042/1/1042 1048/1/1048
f 1044/1/1044 217/1/217 1048/1/1048
f 1042/1/1042 217/1/217 229/1/229
f 217/1/217 1044/1/1044 898/1/898
f 3/1/3 708/1/708 794/1/794
f 790/1/790 3/1/3 794/1/794
f 3/1/3 790/1/790 789/1/789
f 1050/1/1050 788/1/788 14/1/14
f 789/1/789 1051/1/1051 3/1/3
f 1051/1/1051 789/1/789 1052/1/1052
f 1053/1/1053 1052/1/1052 789/1/789
f 1054/1/1054 1051/1/1051 1052/1/1052
f 1053/1/1053 1054/1/1054 1052/1/1052
f 1051/1/1051 1054/1/1054 1050/1/1050
f 788/1/788 1050/1/1050 1054/1/1054
f 1055/1/1055 788/1/788 1054/1/1054
f 1054/1/1054 1053/1/1053 1055/1/1055
f 1050/1/1050 1056/1/1056 1051/1/1051
f 1053/1/1053 1056/1/1056 1055/1/1055
f 1056/1/1056 1050/1/1050 1057/1/1057
f 1057/1/1057 1055/1/1055 1056/1/1056
f 1057/1/1057 1050/1/1050 564/1/564
f 564/1/564 1055/1/1055 1057/1/1057
f 14/1/14 564/1/564 1050/1/1050
f 561/1/561 1051/1/1051 1056/1/1056
f 1053/1/1053 561/1/561 1056/1/1056
f 561/1/561 3/1/3 1051/1/1051
f 789/1/789 554/1/554 1053/1/1053
f 554/1/554 561/1/561 1053/1/1053
f 554/1/554 789/1/789 1058/1/1058
f 779/1/779 1058/1/1058 789/1/789
f 554/1/554 1058/1/1058 1059/1/1059
f 1058/1/1058 779/1/779 1060/1/1060
f 1061/1/1061 1059/1/1059 1058/1/1058
f 1060/1/1060 1061/1/1061 1058/1/1058
f 1059/1/1059 1061/1/1061 1062/1/1062
f 1061/1/1061 1060/1/1060 1063/1/1063
f 1062/1/1062 1064/1/1064 1059/1/1059
f 1060/1/1060 1064/1/1064 1063/1/1063
f 1062/1/1062 1061/1/1061 556/1/556
f 556/1/556 1064/1/1064 1062/1/1062
f 777/1/777 1061/1/1061 1063/1/1063
f 1064/1/1064 777/1/777 1063/1/1063
f 1061/1/1061 777/1/777 788/1/788
f 788/1/788 556/1/556 1061/1/1061
f 556/1/556 788/1/788 1055/1/1055
f 1064/1/1064 1060/1/1060 1065/1/1065
f 1065/1/1065 1060/1/1060 779/1/779
f 1059/1/1059 1064/1/1064 1065/1/1065
f 1065/1/1065 554/1/554 1059/1/1059
f 1066/1/1066 777/1/777 1064/1/1064
f 1064/1/1064 556/1/556 1066/1/1066
f 779/1/779 1067/1/1067 1065/1/1065
f 554/1/554 1065/1/1065 1067/1/1067
f 1067/1/1067 779/1/779 1068/1/1068
f 777/1/777 1066/1/1066 1069/1/1069
f 779/1/779 767/1/767 1068/1/1068
f 765/1/765 777/1/777 1069/1/1069
f 1055/1/1055 564/1/564 556/1/556
f 765/1/765 1069/1/1069 1070/1/1070
f 1071/1/1071 765/1/765 1070/1/1070
f 1070/1/1070 1069/1/1069 1072/1/1072
f 1072/1/1072 1071/1/1071 1070/1/1070
f 1072/1/1072 1069/1/1069 1068/1/1068
f 1068/1/1068 767/1/767 1072/1/1072
f 1069/1/1069 1073/1/1073 1068/1/1068
f 1066/1/1066 1073/1/1073 1069/1/1069
f 1068/1/1068 1073/1/1073 1074/1/1074
f 1067/1/1067 1068/1/1068 1074/1/1074
f 1066/1/1066 1071/1/1071 1073/1/1073
f 1073/1/1073 1075/1/1075 1074/1/1074
f 1075/1/1075 1073/1/1073 1071/1/1071
f 1075/1/1075 1072/1/1072 767/1/767
f 1071/1/1071 1072/1/1072 1075/1/1075
f 1075/1/1075 1067/1/1067 1074/1/1074
f 767/1/767 1076/1/1076 1075/1/1075
f 1067/1/1067 1075/1/1075 1076/1/1076
f 1076/1/1076 767/1/767 1077/1/1077
f 768/1/768 1077/1/1077 767/1/767
f 1078/1/1078 765/1/765 1071/1/1071
f 1071/1/1071 1066/1/1066 1078/1/1078
f 765/1/765 1078/1/1078 1079/1/1079
f 1079/1/1079 769/1/769 765/1/765
f 1079/1/1079 1078/1/1078 1080/1/1080
f 1079/1/1079 1080/1/1080 1077/1/1077
f 769/1/769 1079/1/1079 1081/1/1081
f 1077/1/1077 1081/1/1081 1079/1/1079
f 1077/1/1077 1080/1/1080 1082/1/1082
f 1076/1/1076 1077/1/1077 1082/1/1082
f 1081/1/1081 1077/1/1077 1083/1/1083
f 1077/1/1077 768/1/768 1083/1/1083
f 1083/1/1083 1084/1/1084 1081/1/1081
f 1084/1/1084 1082/1/1082 1080/1/1080
f 1084/1/1084 769/1/769 1081/1/1081
f 1078/1/1078 1084/1/1084 1080/1/1080
f 1085/1/1085 1082/1/1082 1084/1/1084
f 1084/1/1084 1083/1/1083 1085/1/1085
f 1085/1/1085 1076/1/1076 1082/1/1082
f 1085/1/1085 1083/1/1083 768/1/768
f 898/1/898 1076/1/1076 1085/1/1085
f 768/1/768 898/1/898 1085/1/1085
f 1084/1/1084 1078/1/1078 893/1/893
f 893/1/893 769/1/769 1084/1/1084
f 893/1/893 1078/1/1078 1086/1/1086
f 893/1/893 1086/1/1086 1087/1/1087
f 1088/1/1088 893/1/893 1087/1/1087
f 1086/1/1086 1089/1/1089 1087/1/1087
f 1089/1/1089 1088/1/1088 1087/1/1087
f 1090/1/1090 1089/1/1089 1086/1/1086
f 1090/1/1090 898/1/898 1089/1/1089
f 1088/1/1088 1089/1/1089 1091/1/1091
f 1091/1/1091 1089/1/1089 898/1/898
f 914/1/914 893/1/893 1088/1/1088
f 1091/1/1091 1092/1/1092 1088/1/1088
f 1086/1/1086 1092/1/1092 1090/1/1090
f 1092/1/1092 1091/1/1091 1093/1/1093
f 1093/1/1093 1090/1/1090 1092/1/1092
f 1086/1/1086 666/1/666 1092/1/1092
f 666/1/666 1088/1/1088 1092/1/1092
f 1088/1/1088 666/1/666 914/1/914
f 1078/1/1078 666/1/666 1086/1/1086
f 1091/1/1091 665/1/665 1093/1/1093
f 665/1/665 1090/1/1090 1093/1/1093
f 665/1/665 1091/1/1091 912/1/912
f 898/1/898 912/1/912 1091/1/1091
f 665/1/665 1076/1/1076 1090/1/1090
f 898/1/898 1090/1/1090 1076/1/1076
f 1076/1/1076 665/1/665 1094/1/1094
f 1094/1/1094 1095/1/1095 1076/1/1076
f 1096/1/1096 1076/1/1076 1095/1/1095
f 1076/1/1076 1096/1/1096 1067/1/1067
f 1094/1/1094 1097/1/1097 1095/1/1095
f 1097/1/1097 1096/1/1096 1095/1/1095
f 1097/1/1097 1094/1/1094 1098/1/1098
f 1098/1/1098 1078/1/1078 1097/1/1097
f 666/1/666 1078/1/1078 1098/1/1098
f 1078/1/1078 1099/1/1099 1097/1/1097
f 1096/1/1096 1097/1/1097 1099/1/1099
f 1099/1/1099 1078/1/1078 1066/1/1066
f 1099/1/1099 1100/1/1100 1096/1/1096
f 1094/1/1094 1100/1/1100 1098/1/1098
f 1099/1/1099 654/1/654 1100/1/1100
f 654/1/654 1098/1/1098 1100/1/1100
f 1066/1/1066 654/1/654 1099/1/1099
f 1098/1/1098 654/1/654 666/1/666
f 1096/1/1096 1100/1/1100 1101/1/1101
f 1100/1/1100 1094/1/1094 1101/1/1101
f 553/1/553 1096/1/1096 1101/1/1101
f 1094/1/1094 553/1/553 1101/1/1101
f 553/1/553 1067/1/1067 1096/1/1096
f 553/1/553 1094/1/1094 665/1/665
f 1067/1/1067 553/1/553 549/1/549
f 549/1/549 1102/1/1102 1067/1/1067
f 552/1/552 1067/1/1067 1102/1/1102
f 1067/1/1067 552/1/552 554/1/554
f 549/1/549 1103/1/1103 1102/1/1102
f 1103/1/1103 552/1/552 1102/1/1102
f 1104/1/1104 1103/1/1103 549/1/549
f 552/1/552 1103/1/1103 1105/1/1105
f 1104/1/1104 1066/1/1066 1103/1/1103
f 1066/1/1066 1105/1/1105 1103/1/1103
f 654/1/654 1066/1/1066 1104/1/1104
f 1105/1/1105 1066/1/1066 556/1/556
f 551/1/551 1104/1/1104 549/1/549
f 1105/1/1105 551/1/551 552/1/552
f 1106/1/1106 1104/1/1104 551/1/551
f 551/1/551 1105/1/1105 1106/1/1106
f 555/1/555 1104/1/1104 1106/1/1106
f 1106/1/1106 1105/1/1105 555/1/555
f 1104/1/1104 555/1/555 654/1/654
f 556/1/556 555/1/555 1105/1/1105