# Blender 5.2.0 LTS
# www.blender.org
mtllib six sayvennn.mtl
o 100928932717239
v 1.094956 -0.035886 0.316402
v 1.276234 -0.131511 0.184887
v 1.284717 -0.130469 0.184637
v 1.083787 -0.161262 0.015102
v 1.083678 -0.159030 0.022753
v 1.080626 -0.138957 0.019548
v 0.900274 -0.188007 0.195132
v 1.276177 -0.112499 0.177074
v 0.894452 -0.169743 0.187715
v 1.095035 -0.039690 0.309316
v 1.092321 -0.023089 0.297502
v 1.080838 -0.140919 0.015158
v 1.092435 -0.021429 0.302008
v 1.282282 -0.111716 0.176581
v 0.888356 -0.170560 0.188030
v 0.892187 -0.189292 0.195575
v 0.881890 -0.170559 -0.150229
v 0.895042 -0.189946 0.180890
v 0.887992 -0.169742 -0.150148
v 0.896061 -0.164177 0.193016
v 1.084991 -0.022265 0.302490
v 1.088557 -0.036618 0.316764
v 0.900822 0.064457 0.421394
v 0.893758 0.068738 0.426957
v 0.899647 0.050412 0.436357
v 0.894948 -0.179122 0.207083
v 0.896189 0.060641 0.445693
v 1.855525 0.418715 0.113015
v 2.075299 0.277236 0.208757
v 2.084472 0.273566 0.207858
v 1.581388 0.471697 0.251594
v 1.847746 0.423382 0.114118
v 1.865054 0.416353 0.113393
v 1.582380 0.474709 0.245271
v 1.382327 0.693156 0.180995
v 1.838709 0.406396 0.106885
v 1.573003 0.460601 0.233630
v 1.371191 0.677380 0.173953
v 1.572326 0.459047 0.238165
v 1.584560 0.549845 0.009896
v 1.594720 0.567579 0.012096
v 1.594573 0.569692 0.005337
v 1.368225 0.700644 0.182624
v 1.584657 0.551687 0.005526
v 1.363680 0.681924 0.175453
v 1.847923 0.401139 0.105544
v 1.564238 0.460986 0.239158
v 1.343479 0.449138 0.410084
v 1.343809 0.451796 0.406632
v 1.130456 0.546027 0.296850
v 1.122431 0.547240 0.297937
v 1.572968 0.474131 0.252330
v 1.348328 0.466978 0.419733
v 1.347585 0.457815 0.428260
v 1.130587 0.560863 0.311076
v 1.122293 0.561877 0.312367
v 1.367934 0.691327 0.193438
v 1.363436 0.677903 0.178536
v 1.354216 0.700058 0.183071
v 1.356870 0.681215 0.175295
v 1.121928 0.549073 0.293274
v 0.897094 0.646111 0.187771
v 1.121642 0.565476 0.305658
v 0.898424 0.665107 0.195507
v 1.123238 0.661286 0.019019
v 1.122377 0.681650 0.021691
v 1.122490 0.683779 0.014363
v 1.123305 0.663241 0.014348
v 0.890751 0.645644 0.187800
v 0.889796 0.664571 0.195761
v 1.114913 0.561274 0.312587
v 0.895199 0.414360 0.445841
v 0.897696 0.425804 0.436381
v 1.114631 0.546761 0.298031
v 0.893519 0.656002 0.206133
v 0.902030 0.412139 0.421651
v 0.897962 0.641388 0.192380
v 0.883032 0.664571 -0.158007
v 0.884291 0.645645 -0.150089
v 0.897714 0.646115 0.180958
v 0.886444 0.666027 -0.144104
v 0.892673 0.666027 0.181738
v 1.114922 0.683212 0.014508
v 0.891510 0.646116 -0.143517
v 1.115456 0.662663 0.014498
v 0.891663 0.665108 -0.158083
v 1.122098 0.681650 0.007046
v 1.347597 0.700059 -0.163078
v 1.123060 0.661287 0.009683
v 0.890631 0.646112 -0.150302
v 1.350547 0.681216 -0.155410
v 1.361612 0.700644 -0.163167
v 1.131077 0.682109 0.014199
v 1.368245 0.701191 0.168922
v 1.585764 0.572198 0.005505
v 1.363655 0.681246 0.170839
v 1.131337 0.661555 0.014194
v 1.362158 0.701190 -0.149476
v 1.357498 0.681247 -0.151217
v 1.576452 0.553874 0.005683
v 1.357346 0.681924 -0.155829
v 1.111591 0.547241 -0.269002
v 1.111267 0.549074 -0.264322
v 1.110508 0.565477 -0.276687
v 1.110902 0.561878 -0.283415
v 0.891322 0.641388 -0.154940
v 0.886622 0.412140 -0.384200
v 0.879166 0.406732 -0.389028
v 0.886356 0.656002 -0.168515
v 1.103795 0.546761 -0.268799
v 0.881729 0.425805 -0.398753
v 1.103520 0.561274 -0.283352
v 0.878871 0.414361 -0.408113
v 0.878154 0.068739 -0.389187
v 0.885886 0.076714 -0.389132
v 1.094178 0.264679 -0.388632
v 0.885416 0.407025 -0.389203
v 0.886407 0.400353 -0.389014
v 1.086520 0.264210 -0.388663
v 1.087627 0.264179 -0.409188
v 0.882592 0.401008 -0.409202
v 0.882194 0.076035 -0.409341
v 0.879867 0.060641 -0.408002
v 1.094548 0.264772 -0.409184
v 0.887352 0.414983 -0.408055
v 1.093858 0.272164 -0.406948
v 1.318979 0.456953 -0.407873
v 1.093660 0.269128 -0.386620
v 1.331599 0.457815 -0.407836
v 1.321607 0.449027 -0.389090
v 1.110886 0.555099 -0.287195
v 1.111638 0.542628 -0.270872
v 1.328192 0.449139 -0.389516
v 1.119652 0.546028 -0.268221
v 1.119239 0.560864 -0.282442
v 1.332668 0.466979 -0.399343
v 1.563542 0.474132 -0.240650
v 1.571985 0.471698 -0.240237
v 1.328652 0.451797 -0.386080
v 1.555321 0.460987 -0.227154
v 1.563442 0.459047 -0.226471
v 1.356985 0.677903 -0.158900
v 1.360911 0.691326 -0.173964
v 1.364909 0.677380 -0.154617
v 1.564292 0.460602 -0.221963
v 1.834650 0.406396 -0.105468
v 1.573219 0.474711 -0.233956
v 1.375768 0.693157 -0.162079
v 1.843402 0.423383 -0.113042
v 1.584393 0.549845 0.001164
v 1.594463 0.567579 -0.001422
v 2.866571 -0.554506 0.002126
v 2.857403 -0.575509 -0.018809
v 2.866726 -0.561468 -0.012095
v 2.848493 -0.536940 0.009524
v 2.850553 -0.543571 -0.004678
v 2.846648 -0.540340 0.012774
v 2.849666 -0.538304 -0.002415
v 2.838407 -0.466093 0.026828
v 2.866243 -0.546755 0.006320
v 2.859562 -0.550012 0.025509
v 2.866767 -0.540430 0.018262
v 2.854764 -0.467544 0.039191
v 2.858040 -0.530349 -0.002444
v 2.880740 -0.535245 -0.000781
v 2.872951 -0.536168 0.010449
v 2.861511 -0.530093 -0.005903
v 2.834093 -0.437511 0.038663
v 2.850867 -0.438660 0.050485
v 2.855072 -0.534193 0.034620
v 2.796110 -0.479553 0.081862
v 2.842612 -0.530096 0.018794
v 2.789133 -0.471394 0.064333
v 2.792782 -0.469173 0.062165
v 2.796512 -0.393655 0.096028
v 2.792923 -0.384766 0.101647
v 2.801290 -0.476268 0.079479
v 2.809060 -0.399228 0.111325
v 2.804919 -0.386037 0.118290
v 2.830594 -0.439942 0.040783
v 2.846411 -0.442254 0.053706
v 2.830865 -0.430201 0.040498
v 2.847517 -0.430007 0.052548
v 2.811034 -0.379166 0.110208
v 2.752452 -0.219110 0.105210
v 2.746367 -0.204757 0.108215
v 2.794583 -0.382610 0.098375
v 2.737872 -0.224514 0.091766
v 2.731412 -0.210617 0.095388
v 2.842607 -0.344721 0.033244
v 2.857596 -0.342484 0.047131
v 2.864782 -0.338744 0.036588
v 2.845782 -0.343380 0.030260
v 2.465943 0.065585 -0.192359
v 2.264179 0.110177 -0.316567
v 2.271395 0.105645 -0.314173
v 2.375693 -0.091763 -0.267478
v 2.476816 0.075553 -0.206674
v 2.280389 0.108828 -0.332380
v 2.268691 0.117185 -0.335356
v 2.379853 -0.094288 -0.287448
v 2.474054 0.069819 -0.210044
v 2.615466 -0.117255 -0.233528
v 2.383390 -0.088393 -0.285430
v 2.377972 -0.087946 -0.265606
v 2.608696 -0.121725 -0.214642
v 2.464108 0.061765 -0.193959
v 2.626239 -0.123458 -0.230076
v 2.616026 -0.127705 -0.212750
v 2.474932 0.056670 -0.189853
v 2.679621 -0.031050 -0.096930
v 2.386031 -0.098198 -0.264327
v 2.526657 -0.266980 -0.213718
v 2.486196 0.066832 -0.203724
v 2.695251 -0.019592 -0.103779
v 2.390085 -0.100005 -0.284396
v 2.527762 -0.274982 -0.232620
v 2.618500 -0.132508 -0.232226
v 2.612885 -0.131095 -0.212503
v 2.532720 -0.267025 -0.233344
v 2.528637 -0.263578 -0.213496
v 2.655543 -0.292343 -0.199235
v 2.649884 -0.289284 -0.179712
v 2.661118 -0.298096 -0.197205
v 2.656283 -0.294659 -0.177524
v 2.534241 -0.272108 -0.211582
v 2.582868 -0.383989 -0.132477
v 2.534482 -0.282280 -0.229443
v 2.577085 -0.397477 -0.146871
v 2.656056 -0.303025 -0.195546
v 2.581695 -0.393013 -0.150069
v 2.653199 -0.297182 -0.176046
v 2.703392 -0.439296 -0.139754
v 2.586142 -0.381358 -0.133733
v 2.701332 -0.447130 -0.158646
v 2.710046 -0.445477 -0.137154
v 2.709980 -0.455848 -0.154902
v 2.585159 -0.404387 -0.143325
v 2.646114 -0.507093 -0.073087
v 2.592245 -0.391098 -0.129338
v 2.654771 -0.489974 -0.065703
v 2.707258 -0.446698 -0.133941
v 2.657035 -0.487662 -0.068565
v 2.650971 -0.502177 -0.081795
v 2.729295 -0.517239 -0.090548
v 2.733666 -0.501993 -0.077475
v 2.701818 -0.460794 -0.147879
v 2.739688 -0.506510 -0.075417
v 2.663843 -0.494288 -0.063836
v 2.720970 -0.521483 -0.016200
v 2.735548 -0.522062 -0.088205
v 2.657809 -0.512828 -0.070347
v 2.712505 -0.540213 -0.016038
v 2.722528 -0.520496 -0.020449
v 2.798854 -0.560115 -0.032960
v 2.808972 -0.565164 -0.030909
v 2.714247 -0.539202 -0.022455
v 2.791092 -0.577804 -0.039986
v 2.807016 -0.584989 -0.035976
v 2.733166 -0.524083 -0.082256
v 2.738240 -0.507566 -0.071123
v 2.763113 -0.520461 -0.063688
v 2.810678 -0.561979 -0.034342
v 2.823893 -0.554864 -0.049585
v 2.827028 -0.559158 -0.032052
v 2.815973 -0.547731 -0.055100
v 2.817638 -0.563265 -0.027829
v 2.822596 -0.562342 -0.018144
v 2.824081 -0.561354 -0.023077
v 2.834535 -0.560270 -0.022172
v 2.845469 -0.558775 -0.018580
v 2.827894 -0.581551 -0.022991
v 2.825561 -0.560373 -0.027191
v 2.831207 -0.579194 -0.033227
v 2.822055 -0.583094 -0.030965
v 2.825277 -0.582721 -0.018194
v 2.839646 -0.579966 -0.025076
v 2.831671 -0.578046 -0.038699
v 2.824261 -0.575026 -0.042733
v 2.810930 -0.577773 -0.047495
v 2.758333 -0.536168 -0.076056
v 2.820253 -0.555322 -0.046412
v 2.822185 -0.556391 -0.034314
v 2.816563 -0.573812 -0.054596
v 2.827625 -0.570617 -0.062254
v 2.828824 -0.555556 -0.041913
v 2.830919 -0.556514 -0.034398
v 2.838885 -0.557267 -0.027625
v 2.836410 -0.575438 -0.040251
v 2.836618 -0.572948 -0.049613
v 2.847084 -0.574711 -0.034764
v 2.834568 -0.554214 -0.035901
v 2.844892 -0.569679 -0.044660
v 2.848255 -0.566488 -0.047953
v 2.838339 -0.551412 -0.038109
v 2.845178 -0.553033 -0.027726
v 2.858189 -0.567050 -0.035263
v 2.835457 -0.547364 -0.041313
v 2.826886 -0.550797 -0.049783
v 2.844269 -0.561107 -0.053802
v 2.800048 -0.492817 -0.082664
v 2.836484 -0.560053 -0.065425
v 2.840720 -0.541436 -0.050062
v 2.805409 -0.501462 -0.100525
v 2.845050 -0.554239 -0.065549
v 2.857867 -0.550012 -0.063176
v 2.792308 -0.479553 -0.117062
v 2.845449 -0.540339 -0.049957
v 2.786005 -0.471394 -0.099280
v 2.845088 -0.544617 -0.042285
v 2.816605 -0.559560 -0.071898
v 2.842482 -0.548645 -0.036441
v 2.858078 -0.558344 -0.050364
v 2.852703 -0.564171 -0.045215
v 2.861508 -0.558307 -0.041008
v 2.846073 -0.546444 -0.034411
v 2.850018 -0.543571 -0.032666
v 2.865764 -0.554507 -0.040078
v 2.849711 -0.550064 -0.022441
v 2.851912 -0.542426 -0.027922
v 2.855127 -0.540288 -0.018765
v 2.849855 -0.550064 -0.014885
v 2.852265 -0.542426 -0.009491
v 2.857287 -0.536849 -0.008965
v 2.867964 -0.554261 -0.003495
v 2.874413 -0.547812 -0.005960
v 2.853612 -0.541545 -0.013947
v 2.871425 -0.551797 -0.014243
v 2.873544 -0.549408 -0.019117
v 2.866462 -0.561470 -0.025875
v 2.871240 -0.551797 -0.023906
v 2.867371 -0.554262 -0.034514
v 2.853428 -0.541545 -0.023522
v 2.856911 -0.536849 -0.028640
v 2.873909 -0.547812 -0.032298
v 2.880035 -0.535246 -0.037716
v 2.861014 -0.530094 -0.031863
v 2.854951 -0.534539 -0.018762
v 2.874562 -0.540681 -0.019137
v 2.865276 -0.546756 -0.044256
v 2.880613 -0.530430 -0.024774
v 2.865344 -0.540429 -0.056210
v 2.852548 -0.467544 -0.076665
v 2.847416 -0.536940 -0.046779
v 2.849045 -0.538303 -0.034894
v 2.857413 -0.530348 -0.035185
v 2.836675 -0.466093 -0.063686
v 2.871822 -0.536168 -0.048640
v 2.831913 -0.437512 -0.075346
v 2.848223 -0.438659 -0.087801
v 2.853031 -0.534193 -0.072109
v 2.841186 -0.530096 -0.055818
v 2.828337 -0.439942 -0.077332
v 2.789734 -0.469173 -0.097252
v 2.843647 -0.442254 -0.090850
v 2.797573 -0.476268 -0.114880
v 2.792166 -0.393655 -0.131232
v 2.804120 -0.399227 -0.146998
v 2.788365 -0.384765 -0.136711
v 2.799716 -0.386037 -0.153801
v 2.844797 -0.430007 -0.089736
v 2.806136 -0.379165 -0.145957
v 2.747788 -0.219108 -0.138725
v 2.790149 -0.382610 -0.133506
v 2.828618 -0.430201 -0.077058
v 2.840629 -0.344721 -0.070258
v 2.733732 -0.224514 -0.124733
v 2.855076 -0.342484 -0.084706
v 2.862659 -0.338744 -0.074446
v 2.843915 -0.343380 -0.067397
v 2.727140 -0.210617 -0.128104
v 2.844888 -0.354358 -0.064995
v 2.833551 -0.436716 -0.070857
v 2.859646 -0.517584 -0.034362
v 2.850838 -0.437360 -0.081958
v 2.864294 -0.354727 -0.071760
v 2.879007 -0.516574 -0.041194
v 2.872002 -0.422126 -0.019088
v 2.870452 -0.423614 -0.025257
v 2.850045 -0.424876 -0.023147
v 2.851516 -0.423782 -0.018696
v 2.852306 -0.455263 -0.018712
v 2.860295 -0.528496 -0.027196
v 2.872797 -0.453688 -0.019103
v 2.860613 -0.528495 -0.010539
v 2.880825 -0.530430 -0.013736
v 2.879846 -0.516574 0.002734
v 2.853257 -0.437360 0.044545
v 2.866312 -0.354727 0.033841
v 2.860240 -0.517584 -0.003353
v 2.835557 -0.436715 0.034113
v 2.846662 -0.354358 0.027823
v 2.870690 -0.423614 -0.012863
v 2.850215 -0.424876 -0.014190
v 2.848642 -0.416073 -0.018641
v 2.868940 -0.412874 -0.019030
v 2.864316 -0.336703 0.023688
v 2.781509 -0.183167 -0.017358
v 2.775491 -0.167582 -0.017243
v 2.844877 -0.342988 0.025953
v 2.763136 -0.192378 -0.017007
v 2.757236 -0.177022 -0.016894
v 2.843174 -0.342988 -0.063059
v 2.862686 -0.336703 -0.061538
v 2.838305 -0.332986 -0.068403
v 2.855167 -0.323790 -0.075724
v 2.741593 -0.204757 -0.141494
v 2.774191 -0.168922 -0.023673
v 2.702750 -0.033672 -0.102732
v 2.756005 -0.178138 -0.021062
v 2.685057 -0.041162 -0.095430
v 2.743888 -0.202711 -0.135482
v 2.728428 -0.209725 -0.123892
v 2.721035 -0.203648 -0.129385
v 2.677183 -0.033593 -0.099818
v 2.689745 -0.025470 -0.113917
v 2.617279 -0.125443 -0.209695
v 2.735449 -0.196917 -0.142403
v 2.630530 -0.116544 -0.222647
v 2.622726 -0.135456 -0.209525
v 2.633446 -0.135042 -0.227060
v 2.737467 -0.208919 -0.145083
v 2.791865 -0.373476 -0.157347
v 2.665871 -0.293596 -0.194875
v 2.659336 -0.292247 -0.175433
v 2.782268 -0.376016 -0.139347
v 2.724153 -0.213172 -0.130009
v 2.667995 -0.309051 -0.192682
v 2.664358 -0.305086 -0.172844
v 2.788988 -0.392642 -0.155596
v 2.787643 -0.472685 -0.120220
v 2.718227 -0.447994 -0.155989
v 2.784304 -0.386747 -0.136470
v 2.713062 -0.442524 -0.136859
v 2.781471 -0.465338 -0.102041
v 2.717178 -0.451619 -0.132129
v 2.782350 -0.473861 -0.097657
v 2.743428 -0.504178 -0.076995
v 2.787263 -0.483440 -0.115167
v 2.740580 -0.518824 -0.091131
v 2.718644 -0.464697 -0.147919
v 2.715290 -0.455848 0.122820
v 2.791570 -0.472686 0.085195
v 2.723680 -0.464698 0.115512
v 2.738290 -0.522061 0.055195
v 2.714677 -0.445477 0.105085
v 2.721613 -0.451619 0.099788
v 2.741937 -0.506510 0.042257
v 2.743430 -0.518824 0.057928
v 2.818665 -0.559560 0.035802
v 2.790998 -0.483440 0.080161
v 2.745734 -0.504178 0.043692
v 2.785418 -0.473861 0.062850
v 2.817390 -0.547732 0.019040
v 2.825093 -0.554865 0.013226
v 2.829307 -0.570616 0.025742
v 2.760593 -0.536168 0.042185
v 2.807708 -0.584989 0.000271
v 2.764899 -0.520462 0.029643
v 2.809469 -0.565164 -0.004866
v 2.811306 -0.561979 -0.001500
v 2.821337 -0.555321 0.010195
v 2.817961 -0.573812 0.018513
v 2.825199 -0.575026 0.006367
v 2.812060 -0.577773 0.011632
v 2.822804 -0.556390 -0.001968
v 2.827556 -0.559158 -0.004415
v 2.832451 -0.578045 0.002051
v 2.822545 -0.583095 -0.005310
v 2.837810 -0.572949 0.012768
v 2.831777 -0.579193 -0.003399
v 2.816525 -0.580671 -0.018027
v 2.803238 -0.583463 -0.012917
v 2.739443 -0.550823 -0.016554
v 2.808363 -0.563860 -0.009454
v 2.816958 -0.560120 -0.018035
v 2.808043 -0.563860 -0.026283
v 2.803053 -0.583463 -0.022627
v 2.748193 -0.532225 -0.016721
v 2.818011 -0.563265 -0.008274
v 2.824270 -0.561353 -0.013268
v 2.825905 -0.560373 -0.009216
v 2.828076 -0.581551 -0.013502
v 2.834680 -0.560270 -0.014574
v 2.839899 -0.579965 -0.011867
v 2.847699 -0.574712 -0.002470
v 2.839234 -0.557267 -0.009291
v 2.837245 -0.575438 0.003419
v 2.831534 -0.556514 -0.002218
v 2.829728 -0.555556 0.005370
v 2.835237 -0.554214 -0.000856
v 2.845889 -0.569680 0.007502
v 2.849377 -0.566487 0.010663
v 2.839092 -0.551413 0.001207
v 2.836334 -0.547364 0.004519
v 2.828091 -0.550797 0.013308
v 2.802531 -0.492818 0.047193
v 2.845616 -0.561107 0.016661
v 2.838283 -0.560054 0.028572
v 2.808571 -0.501462 0.064836
v 2.841926 -0.541436 0.013061
v 2.846845 -0.554239 0.028370
v 2.845994 -0.544617 0.005121
v 2.859283 -0.558344 0.012699
v 2.853715 -0.564172 0.007759
v 2.858817 -0.567050 -0.002396
v 2.843166 -0.548645 -0.000620
v 2.845528 -0.553034 -0.009431
v 2.862353 -0.558307 0.003217
v 2.846677 -0.546444 -0.002785
v 2.840215 -0.332986 0.031479
v 2.732539 -0.209725 0.091128
v 2.688112 -0.041162 0.064345
v 2.682738 -0.031050 0.066053
v 2.748430 -0.202712 0.102120
v 2.706073 -0.033672 0.070967
v 2.857345 -0.323790 0.038151
v 2.774439 -0.168922 -0.010766
v 2.698618 -0.019593 0.072299
v 2.756165 -0.178138 -0.012679
v 2.768972 -0.159242 -0.017118
v 2.698153 -0.018538 0.059909
v 2.528326 0.134936 -0.012517
v 2.519670 0.145334 -0.012351
v 2.682071 -0.031190 0.061859
v 2.751204 -0.169573 -0.016778
v 2.514042 0.120158 -0.012244
v 2.505779 0.130184 -0.012086
v 2.679116 -0.031191 -0.092713
v 2.695261 -0.018537 -0.091379
v 2.672578 -0.024457 -0.097402
v 2.684923 -0.010162 -0.105511
v 2.518856 0.143367 -0.019180
v 2.372473 0.277153 -0.144005
v 2.361054 0.287225 -0.144999
v 2.504993 0.128445 -0.016409
v 2.358345 0.264431 -0.136193
v 2.351885 0.270552 -0.137227
v 2.478804 0.078361 -0.200420
v 2.467049 0.067100 -0.187869
v 2.458338 0.069504 -0.192605
v 2.349965 0.267248 -0.140012
v 2.082056 0.254996 -0.201279
v 2.085365 0.269369 -0.215596
v 2.356576 0.279161 -0.155403
v 2.468671 0.080188 -0.206803
v 2.272497 0.126250 -0.326671
v 2.265233 0.112674 -0.313053
v 2.052778 -0.288512 0.131756
v 1.919035 -0.118612 0.215111
v 1.917136 -0.121795 0.208605
v 1.699255 -0.105838 0.117186
v 2.063972 -0.294266 0.132135
v 1.693843 -0.102483 0.116817
v 1.925720 -0.105924 0.200386
v 1.697370 -0.083865 0.108852
v 1.915906 -0.103262 0.201452
v 1.911445 -0.117075 0.216004
v 1.695018 -0.098626 0.121607
v 1.501339 -0.017208 0.258801
v 1.493674 -0.014761 0.259701
v 1.698436 -0.080811 0.111941
v 1.501094 -0.002094 0.244874
v 1.490482 -0.000179 0.245571
v 1.743213 0.055942 0.253715
v 1.744295 0.058671 0.256770
v 1.742630 0.045932 0.271659
v 1.744330 0.050846 0.275778
v 1.738456 0.051743 0.278344
v 1.750901 0.047731 0.276832
v 1.495568 -0.008428 0.262941
v 1.323976 0.111401 0.425387
v 1.734971 0.059745 0.259735
v 1.491864 0.004066 0.247043
v 1.317197 0.120052 0.408017
v 1.309694 0.120216 0.410333
v 1.532400 0.228139 0.337218
v 1.538685 0.224445 0.356436
v 1.533498 0.232221 0.338905
v 1.539848 0.231531 0.358443
v 1.312919 0.113247 0.429399
v 1.487267 -0.014711 0.261016
v 1.285313 -0.123744 0.192883
v 1.101566 -0.035350 0.315657
v 1.100183 -0.020825 0.301179
v 1.312154 0.103473 0.421639
v 1.282629 -0.108327 0.179554
v 1.309237 0.116936 0.406382
v 1.483038 -0.000353 0.246929
v 1.303414 0.120134 0.410812
v 1.091962 -0.016949 0.303738
v 0.899910 0.069144 0.426608
v 1.094347 -0.029023 0.320201
v 1.302600 0.112265 0.429783
v 0.904442 0.061456 0.445124
v 1.109709 0.260253 0.416149
v 1.111023 0.257141 0.436423
v 1.109603 0.264678 0.418146
v 1.110757 0.264771 0.438667
v 1.118276 0.264806 0.437363
v 1.313848 0.124487 0.430169
v 1.532393 0.233116 0.359939
v 1.310178 0.124495 0.409943
v 1.103842 0.264178 0.438936
v 0.898566 0.076035 0.446941
v 0.898957 0.401007 0.446787
v 0.901481 0.076713 0.426606
v 0.902000 0.400352 0.426470
v 1.101951 0.264209 0.418469
v 0.894764 0.406731 0.426760
v 0.901016 0.407023 0.426696
v 1.122549 0.542628 0.299806
v 1.122422 0.555098 0.316145
v 1.336883 0.449026 0.409911
v 0.903673 0.414981 0.445461
v 1.109008 0.269128 0.416154
v 1.109983 0.272163 0.436460
v 1.334976 0.456952 0.428780
v 1.346766 0.444092 0.429713
v 1.342981 0.443919 0.409509
v 1.117545 0.264477 0.416823
v 1.525717 0.233284 0.340500
v 1.351052 0.446751 0.407077
v 1.360500 0.452426 0.424427
v 1.534878 0.236307 0.336770
v 1.797393 0.263066 0.258195
v 1.541683 0.238064 0.356087
v 1.804355 0.269963 0.276263
v 1.811318 0.266801 0.273785
v 1.580564 0.465443 0.255114
v 1.571448 0.454907 0.240001
v 1.806644 0.259515 0.255141
v 1.544719 0.229598 0.337415
v 1.805277 0.255743 0.254998
v 1.745622 0.062759 0.256637
v 1.809169 0.260141 0.274696
v 1.995406 0.082102 0.280643
v 1.746082 0.056905 0.276335
v 1.548754 0.228029 0.357508
v 1.995777 0.081988 0.301194
v 2.004128 0.079384 0.299950
v 2.005499 0.078384 0.279465
v 1.754156 0.054680 0.257764
v 2.003871 0.074515 0.277718
v 2.001098 0.072941 0.298025
v 1.927126 -0.101826 0.201991
v 1.920941 -0.112381 0.218508
v 2.149559 -0.112885 0.302473
v 2.143488 -0.118454 0.321305
v 2.157244 -0.116488 0.303355
v 2.155944 -0.123808 0.322518
v 1.926889 -0.121736 0.214653
v 1.933907 -0.109213 0.199942
v 2.070229 -0.276461 0.123991
v 2.155765 -0.119049 0.299677
v 2.071691 -0.273299 0.126776
v 2.151441 -0.132844 0.314289
v 2.067279 -0.287025 0.141426
v 2.286001 -0.248333 0.176433
v 2.284376 -0.263053 0.190688
v 2.293778 -0.251382 0.175773
v 2.292079 -0.266297 0.189816
v 2.076586 -0.297339 0.130339
v 2.078492 -0.278219 0.123034
v 2.247691 -0.338260 -0.007151
v 2.252322 -0.318234 -0.007240
v 2.249079 -0.336552 -0.000236
v 2.452441 -0.383530 0.082079
v 2.253420 -0.316677 -0.003173
v 2.290623 -0.269477 0.183436
v 2.293126 -0.252801 0.171683
v 2.457538 -0.365153 0.074410
v 0.885427 -0.189292 -0.157915
v 0.889244 -0.169404 -0.142742
v 0.895419 -0.169404 0.180268
v 1.077622 -0.162185 0.015220
v 1.073501 -0.142046 0.015299
v 0.888843 -0.189945 -0.143350
v 0.893525 -0.188006 -0.157782
v 1.083386 -0.159030 0.007461
v 1.269604 -0.131511 -0.161914
v 1.080457 -0.138957 0.010781
v 1.269845 -0.112498 -0.154105
v 1.083780 -0.039690 -0.279326
v 1.083431 -0.035886 -0.286404
v 1.081520 -0.023089 -0.267418
v 1.081462 -0.021429 -0.271925
v 1.275965 -0.111716 -0.153846
v 1.088487 -0.140088 0.015012
v 0.889398 -0.164176 -0.155505
v 0.887748 -0.179122 -0.169519
v 1.077023 -0.036618 -0.286522
v 0.883679 0.050412 -0.398805
v 1.074006 -0.022264 -0.272120
v 0.885425 0.064457 -0.383899
v 0.888136 0.061457 -0.407749
v 0.884314 0.069144 -0.389073
v 1.080923 -0.016948 -0.273634
v 1.288127 0.120135 -0.388713
v 1.082676 -0.029022 -0.290177
v 1.286589 0.112266 -0.407640
v 1.294422 0.120216 -0.388474
v 1.094360 0.260255 -0.386641
v 1.094898 0.257141 -0.406952
v 1.296915 0.113249 -0.407650
v 1.090065 -0.035350 -0.285912
v 1.278089 -0.130469 -0.161989
v 1.090001 -0.160588 0.014983
v 1.278369 -0.123743 -0.170250
v 1.089234 -0.020825 -0.271392
v 1.296446 0.103473 -0.399866
v 1.276198 -0.108326 -0.156829
v 1.477571 -0.014710 -0.246055
v 1.294115 0.116937 -0.384509
v 1.473885 -0.000352 -0.231815
v 1.484024 -0.014761 -0.244986
v 1.481375 -0.000179 -0.230743
v 1.302007 0.120053 -0.386447
v 1.482700 0.004068 -0.232269
v 1.725144 0.059746 -0.254242
v 1.485794 -0.008427 -0.248294
v 1.308118 0.111402 -0.404064
v 1.727916 0.051743 -0.272972
v 1.734574 0.058672 -0.251636
v 1.519760 0.228140 -0.323924
v 1.525305 0.224446 -0.343370
v 1.526391 0.231533 -0.345418
v 1.520791 0.232222 -0.325652
v 1.733882 0.050847 -0.270631
v 1.518883 0.233117 -0.346629
v 1.297814 0.124487 -0.408454
v 1.102111 0.264806 -0.408167
v 1.294920 0.124496 -0.388104
v 1.512957 0.233285 -0.326948
v 1.102165 0.264478 -0.387615
v 1.327716 0.443920 -0.388923
v 1.330725 0.444093 -0.409256
v 1.344652 0.452427 -0.404500
v 1.335874 0.446751 -0.386800
v 1.522252 0.236308 -0.323573
v 1.787580 0.263067 -0.255089
v 1.528314 0.238066 -0.343135
v 1.793845 0.269963 -0.273411
v 1.800897 0.266802 -0.271200
v 1.571026 0.465443 -0.243721
v 1.562496 0.454907 -0.228270
v 1.796940 0.259516 -0.252391
v 1.532063 0.229598 -0.324591
v 1.795579 0.255744 -0.252195
v 1.735905 0.062759 -0.251554
v 1.798716 0.260141 -0.272027
v 1.735612 0.056905 -0.271255
v 1.984590 0.082102 -0.285090
v 1.535326 0.228030 -0.344826
v 1.984174 0.081988 -0.305641
v 1.992567 0.079384 -0.304716
v 1.994720 0.078384 -0.284298
v 1.744390 0.054681 -0.253006
v 1.993161 0.074516 -0.282492
v 1.989614 0.072942 -0.302676
v 2.137795 -0.112884 -0.312797
v 1.740408 0.047731 -0.271936
v 2.131009 -0.118454 -0.331383
v 1.919366 -0.101824 -0.203887
v 1.918021 -0.105923 -0.202228
v 1.912553 -0.112380 -0.220155
v 1.910779 -0.118612 -0.216687
v 2.143410 -0.123808 -0.333071
v 2.145441 -0.116488 -0.313972
v 1.903160 -0.117075 -0.217290
v 1.732341 0.045933 -0.266451
v 1.491719 -0.017208 -0.244379
v 1.908175 -0.103261 -0.202919
v 1.733611 0.055943 -0.248542
v 1.492007 -0.002092 -0.230452
v 1.694285 -0.080811 -0.105159
v 1.693339 -0.083864 -0.102034
v 1.690500 -0.098626 -0.114688
v 1.689510 -0.102482 -0.109857
v 1.684256 -0.103304 -0.110800
v 1.483725 -0.018394 -0.238277
v 1.287714 -0.129761 -0.160624
v 1.683990 -0.084320 -0.102923
v 1.480987 -0.001797 -0.226467
v 1.283318 -0.111053 -0.153331
v 1.469142 -0.096636 0.003534
v 1.470956 -0.116883 0.000490
v 1.468661 -0.098531 0.007743
v 1.470236 -0.119025 0.007713
v 1.464292 -0.119684 0.007827
v 1.278180 -0.131713 -0.150918
v 1.461323 -0.099344 0.007884
v 1.275986 -0.111365 -0.149004
v 1.284384 -0.131713 0.173572
v 1.282119 -0.111365 0.171743
v 2.275995 0.110176 0.301408
v 2.267314 0.113139 0.300280
v 2.281222 0.117183 0.320012
v 2.267037 0.121948 0.318850
v 2.006762 0.082344 0.277551
v 1.817288 0.256274 0.256012
v 2.006158 0.085976 0.297773
v 1.819603 0.264073 0.274889
v 2.081881 0.267871 0.211454
v 2.079212 0.255362 0.195363
v 2.080806 0.259188 0.193635
v 2.070272 0.263528 0.194289
v 1.807401 0.262139 0.252152
v 1.583899 0.454944 0.236666
v 1.812661 0.271870 0.269476
v 1.591589 0.467508 0.251004
v 1.846986 0.398411 0.108178
v 1.854180 0.414400 0.118907
v 2.367981 -0.088233 -0.267960
v 2.254563 0.121948 -0.333651
v 1.994679 0.085977 -0.302619
v 1.809136 0.264074 -0.272620
v 2.255548 0.113140 -0.315106
v 1.996056 0.082345 -0.282434
v 1.807544 0.256275 -0.253668
v 2.076373 0.273566 -0.215763
v 2.073646 0.267872 -0.219257
v 2.071594 0.255362 -0.203076
v 2.073253 0.259189 -0.201409
v 2.062701 0.263528 -0.201661
v 1.797810 0.262140 -0.249433
v 1.575065 0.454945 -0.225415
v 1.802404 0.271871 -0.266946
v 1.582201 0.467508 -0.240036
v 2.067173 0.277236 -0.216310
v 1.842871 0.398412 -0.107079
v 1.843908 0.401138 -0.104482
v 1.849650 0.414401 -0.118074
v 1.851218 0.418714 -0.112236
v 1.854990 0.398267 -0.105074
v 1.860726 0.416355 -0.112978
v 2.114053 0.352970 -0.004596
v 2.073733 0.260784 -0.197188
v 2.342461 0.272821 -0.136439
v 2.077354 0.276843 -0.209495
v 2.107665 0.331583 -0.008609
v 2.345741 0.291600 -0.144128
v 2.112854 0.351274 -0.011410
v 2.108547 0.333166 -0.004490
v 2.117453 0.328783 -0.004660
v 2.356781 0.270552 0.118850
v 2.351465 0.270044 -0.132699
v 2.356189 0.270043 0.114341
v 2.123227 0.348509 -0.004771
v 2.498219 0.134229 -0.011940
v 2.365784 0.288141 0.112625
v 2.511351 0.150040 -0.012192
v 2.361119 0.288141 -0.131353
v 2.366241 0.287225 0.126265
v 2.377613 0.277152 0.124835
v 2.484275 0.075552 0.183470
v 2.519118 0.143367 -0.005494
v 2.505158 0.128444 -0.007735
v 2.688363 -0.010163 0.074425
v 2.363197 0.264431 0.117569
v 2.486022 0.078360 0.177143
v 2.675718 -0.024458 0.066795
v 2.473796 0.067099 0.165052
v 2.472863 0.065585 0.169580
v 2.481750 0.056669 0.166733
v 2.623616 -0.127706 0.184219
v 2.680412 -0.033594 0.069032
v 2.624751 -0.125443 0.181119
v 2.493535 0.066832 0.180161
v 2.725361 -0.203648 0.096901
v 2.693503 -0.025471 0.082639
v 2.740263 -0.196918 0.109358
v 2.638488 -0.116544 0.193555
v 2.634484 -0.123458 0.201141
v 2.641570 -0.135042 0.197852
v 2.668080 -0.298098 0.166960
v 2.742382 -0.208919 0.111958
v 2.630188 -0.135457 0.180740
v 2.662497 -0.294659 0.147479
v 2.672741 -0.293596 0.164451
v 2.665468 -0.292247 0.145274
v 2.786930 -0.376016 0.104515
v 2.797208 -0.373476 0.122134
v 2.728502 -0.213172 0.097406
v 2.674779 -0.309051 0.162179
v 2.670387 -0.305086 0.142494
v 2.794267 -0.392642 0.120495
v 2.723573 -0.447994 0.123591
v 2.717680 -0.442524 0.104674
v 2.788855 -0.386748 0.101561
v 2.784708 -0.465337 0.067267
v 2.518358 -0.262812 -0.216342
v 2.286753 -0.251381 -0.191703
v 2.288929 -0.247649 -0.193406
v 2.153410 -0.119221 -0.311956
v 2.287704 -0.260828 -0.209132
v 2.517765 -0.271829 -0.234803
v 2.284517 -0.266295 -0.205670
v 2.155637 -0.129241 -0.329763
v 2.376909 -0.100561 -0.285315
v 2.374032 -0.095375 -0.265634
v 2.147216 -0.112495 -0.313498
v 2.003234 0.074648 -0.284054
v 2.371992 -0.090146 -0.288030
v 2.148306 -0.112318 -0.334023
v 2.001026 0.075736 -0.304461
v 2.261938 0.106002 -0.315892
v 2.262672 0.104989 -0.336409
v 2.466906 -0.367488 0.072861
v 2.461037 -0.385325 0.081220
v 2.257587 -0.341772 -0.007341
v 2.457502 -0.385325 -0.103611
v 2.263523 -0.322093 -0.007454
v 2.463687 -0.367487 -0.095483
v 2.466199 -0.366985 0.068655
v 2.463141 -0.366986 -0.091254
v 2.459325 -0.385946 0.072627
v 2.456120 -0.385946 -0.094961
v 2.545614 -0.420460 -0.012847
v 2.537455 -0.439325 -0.012692
v 2.542392 -0.440869 -0.012785
v 2.552655 -0.423060 -0.012982
v 2.470955 -0.371685 -0.095152
v 2.463568 -0.389429 -0.102438
v 2.474155 -0.371686 0.072251
v 2.467051 -0.389429 0.079816
v 2.554283 -0.421825 -0.009040
v 2.649919 -0.485624 0.037000
v 2.543954 -0.439272 -0.005662
v 2.639168 -0.501082 0.045243
v 2.579112 -0.400030 0.113421
v 2.586051 -0.384972 0.101271
v 2.587415 -0.383990 0.105272
v 2.582185 -0.397478 0.119876
v 2.648342 -0.507093 0.043507
v 2.580659 -0.380553 0.107186
v 2.577043 -0.394671 0.121681
v 2.463610 -0.380678 0.087763
v 2.302164 -0.270263 0.188019
v 2.468209 -0.364752 0.075609
v 2.304827 -0.255804 0.173655
v 2.530250 -0.281345 0.201859
v 2.531877 -0.269023 0.185486
v 2.536176 -0.274984 0.207446
v 2.534350 -0.266981 0.188600
v 2.526157 -0.262813 0.191541
v 2.296019 -0.247649 0.177392
v 2.165130 -0.119222 0.301034
v 2.295395 -0.260828 0.193153
v 2.526270 -0.271830 0.210011
v 2.168037 -0.129242 0.318745
v 2.387448 -0.100562 0.265871
v 2.390470 -0.094289 0.267891
v 2.383820 -0.095375 0.246314
v 2.385551 -0.091764 0.248093
v 2.382639 -0.090146 0.268771
v 2.160874 -0.112318 0.323283
v 2.012571 0.075736 0.299372
v 2.158998 -0.112495 0.302814
v 2.377863 -0.088234 0.248870
v 2.013997 0.074647 0.278895
v 2.273729 0.106001 0.300819
v 2.275247 0.104988 0.321293
v 1.596343 0.546780 0.005303
v 1.605314 0.565273 0.005131
v 1.855507 0.419553 0.105743
v 2.104507 0.357035 -0.004413
v 1.851479 0.419553 -0.104969
v 1.847727 0.400974 0.101642
v 1.843861 0.400974 -0.100574
v 2.097778 0.337612 -0.004284
v 1.859020 0.398267 0.105712
v 2.081124 0.260783 0.189397
v 2.347335 0.272821 0.118421
v 2.085214 0.276842 0.201558
v 2.350905 0.291600 0.125979
v 2.107823 0.331583 -0.000339
v 2.113116 0.351274 0.002260
v 2.093453 0.269370 0.207348
v 2.362163 0.279160 0.136831
v 2.354969 0.267248 0.121704
v 2.476141 0.080187 0.183909
v 2.089597 0.254996 0.193168
v 2.465273 0.069504 0.170116
v 2.284691 0.126250 0.311188
v 2.276914 0.112674 0.297858
v 2.283115 0.105644 0.298742
v 2.387756 -0.087946 0.246137
v 2.616364 -0.121726 0.186390
v 2.393928 -0.088394 0.265739
v 2.292797 0.108828 0.316592
v 2.623851 -0.117255 0.205003
v 2.481644 0.069819 0.186941
v 2.471091 0.061763 0.171249
v 2.400578 -0.100005 0.264449
v 2.395760 -0.098198 0.244550
v 2.626833 -0.132508 0.203585
v 2.620467 -0.131096 0.184092
v 2.541157 -0.267026 0.207982
v 2.536320 -0.263579 0.188304
v 2.662588 -0.292343 0.169203
v 2.656186 -0.289285 0.149911
v 2.542769 -0.282280 0.204016
v 2.541846 -0.272109 0.186178
v 2.659358 -0.297182 0.146121
v 2.586914 -0.393013 0.122895
v 2.706792 -0.447130 0.126891
v 2.590734 -0.381358 0.106401
v 2.662959 -0.303026 0.165496
v 2.708128 -0.439296 0.107935
v 2.590117 -0.404387 0.116025
v 2.596664 -0.391098 0.101775
v 2.656712 -0.489975 0.035797
v 2.711768 -0.446698 0.101980
v 2.659084 -0.487663 0.038571
v 2.653529 -0.502177 0.052023
v 2.732130 -0.517241 0.057775
v 2.706866 -0.460793 0.116114
v 2.736000 -0.501992 0.044545
v 2.665707 -0.494289 0.033584
v 2.740327 -0.507566 0.038024
v 2.735681 -0.524083 0.049342
v 2.799438 -0.560115 -0.002428
v 2.659925 -0.512828 0.040321
v 2.722689 -0.520497 -0.012014
v 2.714491 -0.539202 -0.009693
v 2.791950 -0.577804 0.004888
v 2.714331 -0.517640 -0.016073
v 2.656475 -0.489436 0.031447
v 2.562479 -0.428843 -0.013170
v 2.705586 -0.536241 -0.015906
v 2.646359 -0.507303 0.032411
v 2.551030 -0.445912 -0.012951
v 2.654702 -0.489435 -0.061347
v 2.644556 -0.507303 -0.061923
v 2.636880 -0.501082 -0.074471
v 2.543680 -0.439273 -0.019964
v 2.647938 -0.485624 -0.066644
v 2.554133 -0.421825 -0.016985
v 2.574261 -0.400030 -0.140304
v 2.581659 -0.384972 -0.128428
v 2.571877 -0.394671 -0.148479
v 2.459824 -0.380678 -0.110249
v 2.294663 -0.270262 -0.204261
v 2.464885 -0.364751 -0.098279
v 2.576046 -0.380554 -0.134132
v 2.297873 -0.255803 -0.190008
v 2.522055 -0.281345 -0.226808
v 2.524305 -0.269023 -0.210511
v 1.289611 -0.111054 0.175785
v 1.294283 -0.129761 0.182904
v 1.471231 -0.116882 0.014903
v 1.688630 -0.103304 0.117960
v 1.469302 -0.096636 0.011932
v 1.688064 -0.084320 0.110099
v 1.493118 -0.018395 0.253010
v 1.489930 -0.001796 0.241311
v 1.477423 -0.120886 0.007576
v 1.693447 -0.103046 0.110452
v 1.689357 -0.103046 -0.103483
v 1.478924 -0.100386 0.007548
v 1.697262 -0.083771 0.104419
v 1.693399 -0.083770 -0.097598
v 1.879286 -0.181270 -0.000107
v 1.872610 -0.200709 0.000020
v 1.889026 -0.183427 -0.000294
v 1.879908 -0.201849 -0.000119
v 1.694904 -0.105838 -0.110433
v 1.702575 -0.088405 -0.102702
v 1.917411 -0.107476 -0.197910
v 2.058288 -0.272665 -0.130934
v 1.909130 -0.121794 -0.210114
v 1.889496 -0.181620 -0.004559
v 1.880029 -0.199666 -0.007251
v 2.047611 -0.288513 -0.138507
v 2.058782 -0.294266 -0.139312
v 1.918645 -0.121736 -0.216530
v 2.065345 -0.276460 -0.131413
v 1.926221 -0.109213 -0.202099
v 2.066700 -0.273299 -0.134252
v 2.144103 -0.119049 -0.310239
v 2.061732 -0.287025 -0.148724
v 2.139224 -0.132844 -0.324676
v 2.278957 -0.248332 -0.192066
v 2.276787 -0.263053 -0.206247
v 2.073639 -0.278219 -0.130774
v 2.286257 -0.252800 -0.187590
v 2.454267 -0.365153 -0.096675
v 2.283306 -0.269476 -0.199241
v 2.071454 -0.297339 -0.138000
v 2.448881 -0.383530 -0.104142
v 2.253263 -0.316676 -0.011346
v 2.248813 -0.336552 -0.014114
v 2.239986 -0.335494 -0.007004
v 2.058445 -0.295267 -0.126923
v 1.887527 -0.204721 -0.000265
v 2.065546 -0.275978 -0.126854
v 2.244495 -0.315440 -0.007090
v 1.897090 -0.186527 -0.000448
v 2.070255 -0.275978 0.119427
v 2.063162 -0.295267 0.119768
v 1.880302 -0.199665 0.007003
v 1.889659 -0.181620 0.003951
v 2.063158 -0.272666 0.123782
v 1.706625 -0.088406 0.109167
v 1.924943 -0.107477 0.196094
vn 0.1227 -0.7033 0.7002
vn -0.3361 -0.8705 0.3595
vn 0.1186 -0.9123 0.3919
vn 0.1433 -0.9897 -0.0028
vn 0.1276 -0.7379 0.6627
vn -0.1335 0.9583 0.2525
vn 0.5713 -0.7602 0.3093
vn -0.4350 0.8280 -0.3538
vn 0.1194 0.9226 -0.3668
vn 0.1153 -0.9921 0.0490
vn -0.1205 0.5081 -0.8528
vn -0.1450 0.9894 0.0028
vn -0.1246 0.7021 -0.7011
vn -0.1192 0.9134 -0.3892
vn -0.9022 0.4035 -0.1523
vn -0.4841 -0.8091 0.3332
vn -0.8957 0.4035 0.1867
vn 0.0890 -0.9819 -0.1673
vn 0.1334 0.9226 0.3619
vn -0.0428 0.8489 -0.5268
vn -0.4940 0.6023 -0.6271
vn -0.2213 -0.7027 0.6762
vn -0.0230 0.5000 -0.8657
vn -0.8728 0.1872 -0.4508
vn 0.0691 -0.8199 0.5684
vn 0.0516 -0.5877 0.8074
vn -0.5298 -0.3419 0.7762
vn 0.3700 0.8550 0.3634
vn 0.0504 0.7194 0.6928
vn 0.1785 0.6995 0.6920
vn 0.4409 0.6154 0.6534
vn 0.2385 0.9002 0.3644
vn 0.4763 0.8000 0.3650
vn 0.4791 0.8745 -0.0757
vn 0.7119 0.6346 0.3007
vn -0.6543 -0.6855 -0.3194
vn -0.3244 -0.3233 -0.8889
vn -0.3512 -0.8666 -0.3544
vn -0.4427 -0.6128 -0.6546
vn -0.4229 -0.8194 0.3869
vn 0.4250 0.5747 0.6993
vn 0.4824 0.8759 -0.0092
vn 0.2210 0.9108 0.3488
vn -0.4866 -0.8736 0.0093
vn -0.2186 -0.9131 -0.3441
vn -0.3695 -0.8567 -0.3599
vn -0.6040 -0.5352 -0.5906
vn -0.1977 -0.4289 -0.8815
vn -0.1704 -0.3111 -0.9350
vn 0.2173 -0.6932 -0.6872
vn 0.0104 -0.7136 -0.7005
vn 0.0854 0.7310 0.6770
vn 0.2157 0.9582 0.1880
vn 0.1996 0.4221 0.8843
vn 0.3749 0.6748 0.6357
vn -0.0067 0.7121 0.7021
vn 0.1806 0.2777 0.9435
vn -0.2179 -0.8982 -0.3818
vn -0.4032 0.8430 0.3561
vn -0.1705 -0.9177 -0.3589
vn 0.0303 -0.4764 -0.8787
vn 0.3040 -0.8746 -0.3778
vn -0.0343 0.9987 0.0365
vn 0.3548 0.8699 0.3427
vn 0.0833 -0.9540 0.2881
vn -0.0191 0.7418 0.6704
vn -0.0395 0.9992 0.0007
vn 0.0446 -0.9990 -0.0008
vn -0.7811 -0.5830 -0.2236
vn -0.6455 0.6983 0.3094
vn -0.3390 0.6484 0.6817
vn -0.5975 0.2845 0.7497
vn -0.0948 0.8106 0.5779
vn -0.3168 -0.6881 -0.6528
vn -0.0691 0.5618 0.8244
vn 0.1209 -0.5056 -0.8543
vn 0.1523 -0.8632 -0.4814
vn -0.6568 0.6983 -0.2845
vn -0.7720 -0.5830 0.2533
vn 0.1713 -0.9496 -0.2625
vn -0.1093 0.9776 0.1798
vn -0.1161 0.9776 -0.1755
vn -0.3701 0.9290 0.0071
vn 0.1812 -0.9496 0.2558
vn -0.2731 -0.9620 0.0052
vn 0.3415 0.8698 -0.3560
vn -0.0447 0.7417 -0.6693
vn -0.4165 0.8430 -0.3404
vn 0.0723 -0.9540 -0.2910
vn 0.3182 -0.8746 0.3659
vn -0.1567 -0.9177 0.3651
vn 0.2076 0.9107 -0.3570
vn 0.3609 0.9326 -0.0069
vn 0.1908 0.8244 -0.5329
vn 0.1164 0.9932 -0.0022
vn -0.2100 -0.9001 -0.3817
vn 0.2224 -0.9750 -0.0043
vn 0.2109 0.8244 0.5252
vn -0.1952 -0.9001 0.3895
vn -0.6191 -0.7852 0.0119
vn -0.2053 -0.9131 0.3523
vn 0.0371 -0.7136 0.6996
vn 0.0639 -0.4765 0.8768
vn -0.0357 0.9987 -0.0351
vn -0.0335 0.7121 -0.7013
vn 0.1706 -0.8632 0.4751
vn 0.1535 -0.5057 0.8490
vn -0.8019 -0.2291 0.5518
vn -0.1006 0.5619 -0.8211
vn -0.2915 -0.6881 0.6645
vn -0.1168 0.8106 -0.5739
vn -0.3647 0.6484 -0.6683
vn -0.6259 0.2844 -0.7262
vn -0.8549 0.1873 0.4838
vn 0.0735 0.2327 0.9698
vn -0.0178 -0.0079 0.9998
vn 0.2845 -0.3441 0.8948
vn 0.1095 -0.2750 0.9552
vn -0.3699 -0.0320 0.9285
vn -0.3178 -0.0288 -0.9477
vn -0.0416 -0.1840 -0.9820
vn -0.0723 0.1560 -0.9851
vn -0.5591 -0.3419 -0.7553
vn 0.0180 0.0045 -0.9998
vn 0.3880 0.3693 -0.8444
vn -0.0172 0.6829 -0.7303
vn -0.4153 0.3488 -0.8401
vn -0.0012 0.2733 0.9619
vn 0.1657 0.4221 -0.8913
vn -0.2106 -0.4101 0.8874
vn -0.0162 0.0606 -0.9980
vn 0.0677 -0.8762 0.4772
vn -0.1639 -0.4289 0.8884
vn 0.2433 -0.6932 0.6784
vn 0.3503 0.6748 -0.6496
vn 0.2083 0.9582 -0.1963
vn 0.0596 0.7310 -0.6798
vn 0.4156 0.6154 -0.6697
vn -0.1345 -0.3110 0.9409
vn -0.5810 -0.5352 0.6132
vn -0.4174 -0.6128 0.6710
vn -0.2031 -0.8982 0.3898
vn 0.1443 0.2777 -0.9498
vn -0.3375 -0.8666 0.3675
vn -0.2902 -0.3232 0.9007
vn -0.6416 -0.6855 0.3441
vn 0.4816 0.8745 0.0573
vn 0.6999 0.6346 -0.3276
vn 0.2244 0.9002 -0.3732
vn -0.4374 -0.8194 -0.3706
vn 0.3980 0.5747 -0.7151
vn 0.7793 -0.5321 0.3311
vn 0.5805 -0.8142 -0.0111
vn 0.9056 -0.3677 0.2113
vn -0.5374 0.5121 -0.6701
vn -0.7854 0.5106 -0.3500
vn -0.6239 0.4844 -0.6133
vn -0.7621 0.5766 -0.2946
vn -0.7865 0.0465 -0.6159
vn 0.7784 -0.0272 0.6272
vn 0.6283 -0.4705 0.6196
vn 0.9820 0.1873 0.0238
vn 0.8039 -0.1182 0.5829
vn -0.9695 0.2150 -0.1181
vn 0.9355 -0.2506 0.2492
vn 0.2481 -0.3053 0.9194
vn -0.9319 0.2643 -0.2485
vn -0.8126 0.0468 -0.5809
vn 0.8161 -0.0558 0.5753
vn 0.5475 -0.0607 0.8346
vn 0.3394 -0.3970 0.8528
vn -0.6257 0.3415 -0.7013
vn -0.3321 0.3920 -0.8579
vn 0.1090 0.5127 -0.8516
vn -0.5674 0.0883 -0.8187
vn -0.5868 0.0612 -0.8074
vn 0.8821 0.0144 0.4709
vn 0.6504 -0.4152 0.6361
vn 0.5836 -0.0619 0.8096
vn -0.9496 -0.2138 -0.2292
vn 0.2155 -0.4524 0.8654
vn -0.8367 0.1773 -0.5182
vn 0.6883 0.3055 0.6579
vn 0.8998 0.4305 0.0707
vn 0.7712 0.1332 0.6225
vn 0.7276 0.2851 0.6240
vn -0.4386 0.1534 -0.8855
vn -0.6543 -0.3302 -0.6803
vn -0.7274 -0.2941 -0.6200
vn -0.9483 -0.2404 -0.2070
vn 0.2812 -0.0668 0.9573
vn 0.9243 0.2255 0.3079
vn -0.9253 -0.2243 -0.3058
vn -0.5336 -0.4899 0.6894
vn -0.2216 -0.3466 0.9115
vn -0.2516 -0.3037 0.9189
vn -0.2104 0.1107 0.9713
vn 0.5289 0.4849 -0.6965
vn 0.6007 0.0283 -0.7990
vn 0.2195 0.3409 -0.9141
vn 0.2023 -0.1229 -0.9716
vn 0.1705 -0.1653 -0.9714
vn 0.1464 0.3295 -0.9327
vn 0.5434 0.5028 -0.6722
vn 0.0166 0.4146 0.9099
vn -0.5499 -0.1240 0.8260
vn -0.5946 -0.7041 0.3882
vn 0.4968 0.2066 -0.8429
vn -0.5003 -0.2088 0.8403
vn -0.4425 -0.5564 0.7033
vn -0.7635 -0.5563 0.3281
vn -0.0465 0.0489 0.9977
vn -0.0474 0.3953 0.9173
vn 0.6794 0.3685 -0.6346
vn 0.7604 0.5574 -0.3332
vn 0.3514 -0.1763 -0.9195
vn 0.0537 -0.3892 -0.9196
vn -0.0944 -0.4426 -0.8917
vn -0.5305 -0.2673 0.8044
vn 0.4776 0.3967 -0.7839
vn 0.1363 0.6294 0.7650
vn 0.0593 0.0547 -0.9967
vn -0.4133 0.3381 0.8455
vn 0.2353 -0.1672 -0.9574
vn -0.2397 0.1574 0.9580
vn 0.1445 0.2544 0.9562
vn 0.2775 0.6547 0.7031
vn 0.1868 -0.6150 -0.7661
vn -0.2813 -0.6562 -0.7002
vn -0.3070 -0.6658 -0.6800
vn 0.2646 -0.1256 -0.9561
vn -0.4487 -0.1234 0.8851
vn -0.0674 0.5545 0.8295
vn 0.5265 0.7363 0.4251
vn -0.2497 -0.2208 -0.9428
vn -0.0003 0.5045 0.8634
vn -0.0033 -0.5046 -0.8633
vn -0.1926 -0.7583 -0.6228
vn -0.4210 -0.8329 -0.3592
vn 0.4577 0.5521 0.6969
vn 0.4184 0.8341 0.3595
vn -0.1020 0.4163 0.9035
vn 0.4915 0.8522 0.1793
vn 0.0116 -0.3343 -0.9424
vn -0.4629 -0.5273 -0.7125
vn 0.0068 0.8543 0.5197
vn -0.5847 -0.7793 -0.2253
vn 0.2099 0.7531 0.6235
vn 0.4950 0.7880 0.3661
vn 0.4198 0.9076 -0.0080
vn -0.2016 -0.7566 -0.6220
vn -0.1033 -0.9581 -0.2672
vn -0.4116 -0.9113 0.0079
vn 0.4844 0.7709 -0.4136
vn 0.2257 0.9288 0.2939
vn 0.0843 0.9671 0.2402
vn -0.1517 -0.6998 -0.6981
vn -0.5271 -0.7654 -0.3692
vn -0.0953 -0.9645 -0.2465
vn -0.4245 -0.8989 0.1085
vn 0.0403 0.4558 0.8892
vn 0.2589 0.7517 0.6065
vn 0.1546 0.9773 0.1448
vn -0.1839 0.7753 0.6042
vn -0.2045 0.9185 0.3385
vn -0.1126 0.6843 0.7204
vn -0.0370 0.9774 0.2083
vn -0.1048 0.9945 0.0020
vn 0.0399 0.8635 -0.5028
vn -0.3627 0.9263 0.1019
vn -0.5839 0.8118 0.0111
vn 0.3584 -0.7530 -0.5519
vn -0.3336 0.5806 0.7427
vn 0.0977 -0.9457 0.3100
vn 0.4266 -0.9015 -0.0730
vn 0.1303 -0.9915 -0.0025
vn 0.0691 -0.9775 -0.1994
vn 0.2259 -0.9189 -0.3234
vn -0.2348 -0.7712 -0.5917
vn 0.2125 -0.3416 -0.9155
vn -0.1902 -0.7913 -0.5811
vn -0.2842 0.6759 0.6800
vn -0.2500 0.9200 0.3019
vn -0.5400 -0.8411 0.0308
vn 0.1815 -0.7663 -0.6163
vn -0.2602 0.8090 0.5271
vn 0.2050 0.9787 0.0076
vn -0.4717 0.8493 0.2373
vn 0.6909 -0.5256 -0.4964
vn 0.5017 -0.8494 -0.1638
vn 0.2823 -0.8168 -0.5031
vn -0.7604 0.2826 0.5847
vn 0.0241 -0.9945 -0.1020
vn 0.4825 -0.7334 -0.4788
vn -0.4729 0.7236 0.5027
vn -0.6272 0.7420 0.2367
vn 0.6234 -0.5654 -0.5401
vn -0.4926 0.7517 0.4385
vn -0.0841 0.8063 0.5856
vn 0.2363 -0.4138 -0.8792
vn -0.2390 0.4050 0.8825
vn 0.7348 0.0143 -0.6781
vn -0.7144 0.3828 0.5858
vn 0.2852 -0.4587 -0.8416
vn -0.3399 -0.6871 -0.6421
vn 0.6041 -0.4705 -0.6432
vn 0.3066 -0.3969 -0.8651
vn -0.6000 0.4844 0.6366
vn -0.2992 0.3921 0.8699
vn -0.6179 0.5450 0.5667
vn -0.0791 -0.4615 -0.8836
vn 0.0236 0.8502 0.5259
vn 0.6061 -0.7788 -0.1616
vn 0.9059 -0.3851 -0.1760
vn 0.2213 -0.8575 -0.4645
vn -0.9860 0.1347 0.0984
vn -0.7714 0.5107 0.3797
vn 0.7661 -0.5321 -0.3606
vn -0.7353 0.6696 0.1051
vn -0.4169 0.5392 0.7318
vn -0.9090 0.4164 0.0174
vn -0.7388 0.6695 -0.0770
vn -0.4445 0.5392 -0.7153
vn -0.9147 0.3369 -0.2230
vn 0.8668 -0.4145 -0.2773
vn 0.6801 -0.7316 0.0476
vn -0.8438 0.2370 0.4815
vn 0.5999 -0.6107 0.5168
vn 0.8960 -0.4437 -0.0171
vn 0.8969 -0.3677 -0.2458
vn 0.5798 -0.6106 -0.5394
vn 0.8768 -0.4145 0.2439
vn -0.8615 0.2370 -0.4490
vn -0.9055 0.3369 0.2579
vn 0.6777 -0.7316 -0.0736
vn 0.9252 -0.2508 -0.2847
vn -0.9217 0.2643 0.2838
vn -0.8645 0.5023 0.0165
vn 0.9897 0.1417 -0.0189
vn 0.7539 -0.0271 -0.6564
vn 0.7909 0.0626 0.6087
vn 0.9804 0.1873 -0.0613
vn 0.7810 -0.1182 -0.6132
vn -0.5114 0.5121 0.6901
vn -0.7503 0.5766 0.3235
vn -0.9642 0.2150 0.1550
vn -0.7622 0.0465 0.6456
vn 0.2127 -0.3053 -0.9282
vn -0.7899 0.0467 0.6114
vn 0.7935 -0.0559 -0.6060
vn 0.5152 -0.0608 -0.8549
vn -0.5984 0.3415 0.7248
vn -0.9402 -0.2137 0.2653
vn 0.1415 0.5127 0.8468
vn 0.1821 -0.4524 -0.8730
vn 0.8634 0.0144 -0.5044
vn -0.5356 0.0883 0.8398
vn 0.6256 -0.4152 -0.6605
vn -0.5555 0.0612 0.8293
vn 0.5522 -0.0618 -0.8314
vn 0.6627 0.3055 -0.6837
vn 0.8964 0.4305 -0.1051
vn 0.7469 0.1332 -0.6514
vn -0.4044 0.1534 0.9016
vn -0.8163 0.1773 0.5498
vn -0.9398 -0.2403 0.2431
vn -0.6278 -0.3303 0.7049
vn 0.2444 -0.0668 -0.9674
vn 0.9119 0.2255 -0.3430
vn -0.9129 -0.2243 0.3410
vn -0.7031 -0.2942 0.6474
vn -0.9218 -0.1684 0.3490
vn -0.4300 0.1208 0.8947
vn -0.9446 0.1030 0.3117
vn 0.9866 0.0972 0.1308
vn 0.9385 -0.1924 -0.2867
vn 0.9116 0.2038 -0.3569
vn 0.9966 0.0805 -0.0190
vn 0.6951 -0.0936 -0.7128
vn -0.8883 -0.1738 -0.4251
vn -0.9955 -0.0924 0.0190
vn -0.9942 -0.1057 0.0190
vn -0.8777 0.2674 0.3977
vn 0.9995 0.0253 -0.0191
vn -0.8922 0.2675 -0.3638
vn 0.7671 0.0626 -0.6385
vn 0.9246 0.2038 0.3218
vn 0.9809 0.0973 -0.1684
vn 0.9488 -0.1924 0.2506
vn -0.9558 0.1030 -0.2754
vn -0.4639 0.1208 -0.8776
vn -0.9345 -0.1683 -0.3135
vn 0.7219 -0.0936 0.6856
vn -0.8714 -0.1738 0.4587
vn -0.9992 0.0340 0.0191
vn 0.8833 0.4684 -0.0169
vn 0.7146 0.3143 -0.6250
vn 0.9480 0.3178 -0.0181
vn 0.8881 0.4593 -0.0170
vn -0.8787 -0.1960 -0.4353
vn -0.8545 -0.5192 0.0164
vn -0.8846 -0.4661 0.0170
vn -0.8614 -0.1960 0.4685
vn 0.7379 0.3143 0.5973
vn -0.8947 -0.2848 0.3441
vn 0.7235 0.5874 -0.3625
vn 0.7031 0.2852 -0.6514
vn 0.6248 0.2480 -0.7404
vn 0.9224 0.2031 -0.3286
vn -0.7855 -0.4599 -0.4140
vn -0.7712 -0.5323 0.3491
vn 0.8744 0.4707 0.1178
vn -0.3902 -0.1191 0.9130
vn -0.7848 -0.1642 0.5976
vn -0.7682 -0.5895 0.2498
vn 0.2734 0.0740 -0.9590
vn -0.3300 -0.0117 0.9439
vn 0.5234 0.5388 -0.6601
vn 0.7182 0.6918 -0.0754
vn -0.4309 -0.2316 0.8721
vn 0.6186 -0.1288 -0.7751
vn 0.1632 -0.2042 -0.9652
vn 0.3530 0.2694 -0.8960
vn 0.7475 0.3404 -0.5704
vn 0.1296 0.3656 0.9217
vn -0.5622 0.0507 0.8255
vn -0.8219 -0.4833 0.3014
vn 0.2712 -0.3184 -0.9083
vn -0.0908 0.1200 0.9886
vn -0.2759 -0.5055 -0.8175
vn 0.1198 -0.1019 -0.9876
vn 0.6087 0.1655 -0.7760
vn -0.6324 0.0089 0.7746
vn 0.1700 0.6007 0.7812
vn -0.3956 0.5217 0.7559
vn 0.0503 0.4843 0.8734
vn -0.5680 0.0396 0.8221
vn 0.5293 0.7872 0.3165
vn -0.2836 -0.7875 -0.5472
vn 0.3980 -0.3118 -0.8628
vn 0.1948 -0.7324 -0.6525
vn 0.0299 -0.5046 0.8629
vn 0.1574 -0.1019 0.9823
vn 0.2196 -0.7324 0.6445
vn -0.1776 -0.7566 0.6292
vn -0.0332 0.5045 -0.8628
vn 0.0168 0.4843 -0.8747
vn 0.1859 0.7531 -0.6311
vn 0.4306 -0.3119 0.8469
vn -0.0453 -0.4614 0.8860
vn -0.2626 -0.7875 0.5576
vn 0.5169 0.7872 -0.3363
vn -0.5989 0.0396 -0.7998
vn -0.1401 0.6843 -0.7156
vn -0.2068 0.7753 -0.5968
vn 0.2050 -0.7663 0.6089
vn -0.1678 -0.7913 0.5879
vn -0.0857 -0.9644 0.2500
vn 0.2354 0.7517 -0.6160
vn 0.0752 0.9670 -0.2433
vn 0.1489 0.9773 -0.1506
vn -0.3100 0.6759 -0.6687
vn -0.5408 -0.8411 -0.0102
vn -0.2123 -0.7716 0.5996
vn 0.2474 -0.3418 0.9066
vn -0.2614 0.9200 -0.2920
vn -0.2173 0.9185 -0.3304
vn 0.2381 -0.9189 0.3145
vn 0.4291 -0.9015 0.0567
vn 0.5076 -0.8494 0.1446
vn 0.0857 -0.9457 -0.3135
vn -0.4111 -0.9115 0.0078
vn -0.3105 -0.6907 -0.6531
vn -0.3752 -0.9269 0.0072
vn 0.0621 0.9240 -0.3774
vn -0.1574 0.9875 0.0030
vn 0.0765 0.9240 0.3747
vn -0.2853 -0.6907 0.6645
vn 0.4515 0.8922 -0.0086
vn -0.0448 0.9774 -0.2068
vn 0.0592 0.8634 0.5010
vn -0.3617 0.5806 -0.7294
vn 0.3792 -0.7529 0.5380
vn -0.3665 0.9263 -0.0879
vn 0.0766 -0.9775 0.1965
vn 0.3013 -0.8169 0.4919
vn -0.4805 0.8492 -0.2191
vn 0.7093 -0.5256 0.4697
vn 0.2045 0.9787 -0.0156
vn -0.2801 0.8089 -0.5169
vn -0.7822 0.2826 -0.5552
vn 0.0280 -0.9945 0.1009
vn 0.5005 -0.7334 0.4601
vn -0.4918 0.7237 -0.4842
vn -0.5089 0.7518 -0.4193
vn -0.1065 0.8062 -0.5820
vn -0.2726 0.4050 -0.8727
vn 0.2697 -0.4138 0.8695
vn 0.7602 0.0142 0.6495
vn 0.3171 -0.4587 0.8301
vn -0.7363 0.3828 -0.5580
vn -0.3151 -0.6871 0.6547
vn -0.6391 0.5450 -0.5427
vn 0.6119 -0.7788 0.1383
vn 0.9121 -0.3850 0.1412
vn 0.6436 -0.5654 0.5158
vn 0.0033 0.8502 -0.5264
vn -0.6358 0.7420 -0.2125
vn 0.2388 -0.8575 0.4557
vn -0.9890 0.1347 -0.0606
vn -0.9072 -0.2848 -0.3096
vn -0.4249 -0.1191 -0.8974
vn -0.7840 -0.5323 -0.3193
vn -0.7755 -0.5563 -0.2986
vn 0.8693 0.4707 -0.1511
vn 0.9343 0.2032 0.2930
vn 0.7368 0.5875 0.3346
vn 0.6527 0.2480 0.7159
vn 0.7726 0.5575 0.3039
vn -0.7691 -0.4599 0.4438
vn 0.6964 0.7175 -0.0133
vn 0.5882 0.5158 -0.6229
vn 0.8174 0.5759 -0.0156
vn 0.6758 0.7370 -0.0130
vn -0.7241 -0.5136 -0.4604
vn -0.9360 -0.3516 0.0179
vn -0.6081 -0.7938 0.0117
vn -0.6771 -0.7358 0.0130
vn -0.7059 -0.5136 0.4877
vn 0.6116 0.5158 0.5999
vn -0.7694 -0.5367 0.3463
vn 0.4269 0.8122 -0.3976
vn 0.5119 0.4586 -0.7264
vn 0.8233 0.4496 -0.3465
vn 0.4460 0.8112 -0.3782
vn -0.6068 -0.7076 -0.3620
vn -0.5135 -0.7669 0.3850
vn -0.4461 -0.8126 0.3752
vn 0.6781 0.7347 0.0212
vn -0.3329 -0.2440 0.9108
vn -0.6476 -0.3927 0.6530
vn -0.4562 -0.8177 0.3509
vn -0.0028 -0.7383 0.6745
vn 0.4195 0.5836 -0.6953
vn 0.1057 0.1947 -0.9751
vn 0.2086 0.6844 -0.6986
vn 0.4331 0.8798 -0.1958
vn -0.1780 -0.2616 0.9486
vn -0.7005 -0.6153 0.3615
vn -0.3252 -0.6174 0.7163
vn -0.4625 -0.8866 0.0064
vn -0.1204 -0.9175 0.3790
vn -0.3044 -0.8663 0.3960
vn -0.1716 -0.9058 0.3874
vn 0.3207 0.6195 -0.7165
vn 0.1681 0.9042 -0.3927
vn -0.0850 0.7295 -0.6787
vn -0.4319 -0.5780 0.6924
vn -0.0105 -0.3846 0.9230
vn 0.2286 -0.7476 0.6236
vn 0.1552 -0.7094 0.6875
vn 0.2312 0.9729 0.0086
vn 0.2574 0.6316 -0.7313
vn -0.1480 0.7136 -0.6848
vn -0.1028 0.0070 -0.9947
vn -0.0062 0.3686 -0.9296
vn -0.1901 -0.9089 0.3710
vn 0.0017 -0.3807 0.9247
vn -0.0794 -0.3358 0.9386
vn 0.0600 -0.4112 0.9096
vn 0.3202 -0.0057 0.9473
vn 0.5567 -0.4191 0.7173
vn -0.4432 0.4412 -0.7804
vn -0.0310 0.9055 -0.4232
vn -0.0452 0.3495 -0.9359
vn -0.1559 0.3401 -0.9274
vn -0.3436 -0.2896 -0.8934
vn 0.1535 -0.7213 0.6754
vn -0.3050 0.0384 -0.9516
vn 0.3089 -0.0335 0.9505
vn 0.1570 -0.3391 0.9275
vn -0.1693 -0.6669 0.7257
vn 0.1497 -0.3209 0.9352
vn 0.4269 -0.6413 0.6376
vn 0.2485 0.7000 -0.6695
vn 0.0997 -0.9143 0.3925
vn -0.0842 0.9678 -0.2373
vn -0.1560 0.3353 -0.9291
vn -0.5010 0.6629 -0.5564
vn -0.3546 0.3210 -0.8782
vn -0.1066 0.8644 -0.4914
vn 0.1740 0.4069 -0.8967
vn 0.0789 -0.0445 0.9959
vn -0.3564 -0.3645 0.8603
vn 0.5105 -0.3181 0.7989
vn -0.0337 -0.2600 -0.9650
vn 0.0764 -0.6650 0.7429
vn -0.0559 -0.0080 -0.9984
vn 0.0562 0.0045 0.9984
vn 0.3972 0.0196 0.9175
vn 0.1995 0.5046 0.8400
vn -0.0281 0.0548 0.9981
vn -0.1132 0.5000 -0.8586
vn -0.2814 -0.0288 0.9592
vn -0.0347 0.1560 0.9871
vn -0.0040 -0.1841 0.9829
vn 0.0364 0.2327 -0.9719
vn 0.0730 -0.2750 -0.9587
vn -0.4050 -0.0320 -0.9138
vn -0.8225 -0.2292 -0.5206
vn 0.2501 -0.3442 -0.9050
vn 0.0494 -0.8762 -0.4794
vn 0.0220 0.0605 0.9979
vn -0.2443 -0.4101 -0.8787
vn 0.4199 0.3693 0.8290
vn -0.0379 0.2733 -0.9612
vn 0.0109 0.6829 0.7304
vn -0.3830 0.3488 0.8554
vn 0.1370 -0.4056 0.9037
vn -0.1980 -0.3776 -0.9046
vn 0.2286 0.0124 -0.9734
vn -0.5485 0.0813 -0.8322
vn -0.2387 -0.3832 -0.8923
vn 0.6490 0.1902 0.7367
vn -0.1588 0.3817 -0.9106
vn -0.5714 -0.2181 -0.7912
vn 0.4515 0.6496 0.6116
vn 0.1213 0.4027 0.9073
vn 0.2276 0.3544 0.9070
vn 0.2924 -0.0745 0.9534
vn -0.4489 -0.8209 -0.3531
vn -0.2296 -0.3648 -0.9023
vn 0.0281 -0.0439 -0.9986
vn -0.3050 -0.6592 -0.6874
vn 0.1361 0.7076 -0.6934
vn -0.0358 -0.4233 0.9053
vn -0.2776 0.0803 -0.9573
vn 0.2207 0.3796 0.8984
vn 0.3803 -0.1291 0.9158
vn -0.1860 0.0652 0.9804
vn -0.0667 0.0487 0.9966
vn 0.0650 -0.0488 -0.9967
vn 0.4026 0.2225 -0.8879
vn -0.0561 -0.3718 -0.9266
vn -0.3460 -0.6205 0.7037
vn 0.3986 0.8140 -0.4225
vn -0.0714 0.0770 0.9945
vn 0.0516 0.3653 -0.9295
vn -0.4942 -0.1632 0.8539
vn 0.0618 0.3522 -0.9339
vn -0.0632 -0.3561 0.9323
vn -0.0486 -0.7176 0.6947
vn 0.5267 0.5045 -0.6841
vn 0.3042 0.8659 -0.3972
vn 0.0398 0.3176 -0.9474
vn 0.3300 0.8988 -0.2886
vn -0.3443 -0.8934 0.2886
vn -0.0356 -0.2490 0.9678
vn -0.1369 0.7690 -0.6244
vn -0.3866 -0.5798 0.7172
vn 0.0795 0.7206 -0.6888
vn -0.0827 -0.7255 0.6832
vn 0.1397 -0.9404 0.3100
vn 0.3465 0.8521 -0.3923
vn -0.2252 -0.9743 0.0043
vn 0.2260 0.9741 -0.0043
vn -0.0688 -0.6942 0.7165
vn -0.4612 -0.7989 0.3861
vn 0.2525 0.9025 0.3489
vn -0.2351 -0.9707 -0.0503
vn -0.0167 0.4442 -0.8958
vn -0.0333 0.9359 -0.3506
vn -0.4965 -0.8091 -0.3144
vn -0.0586 0.9695 0.2379
vn -0.0675 0.9695 -0.2354
vn -0.2027 -0.9792 0.0039
vn -0.5237 0.8518 0.0100
vn 0.0953 -0.9819 0.1637
vn 0.5591 -0.7602 -0.3308
vn 0.1023 -0.7379 -0.6671
vn -0.3497 -0.8705 -0.3464
vn -0.1430 0.9583 -0.2473
vn -0.4212 0.8280 0.3702
vn 0.1133 -0.9921 -0.0534
vn 0.0958 -0.7033 -0.7044
vn -0.0878 0.5081 0.8568
vn -0.0975 0.7020 0.7055
vn -0.1043 0.9134 0.3935
vn 0.2659 0.9640 -0.0051
vn -0.0226 0.8489 0.5281
vn 0.0207 -0.5877 -0.8088
vn -0.2470 -0.7026 -0.6673
vn 0.0473 -0.8199 -0.5706
vn -0.4696 0.6022 0.6456
vn 0.0102 0.5000 0.8660
vn 0.4797 -0.3182 -0.8177
vn 0.2082 0.4069 0.8894
vn -0.0878 0.8644 0.4951
vn -0.3208 0.3210 0.8911
vn 0.0408 -0.0445 -0.9982
vn -0.3889 -0.3645 -0.8461
vn -0.1204 0.3401 0.9326
vn 0.0032 -0.2598 0.9657
vn 0.0479 -0.6650 -0.7453
vn 0.1214 -0.3391 -0.9329
vn 0.4022 -0.6412 -0.6535
vn 0.1034 -0.9123 -0.3962
vn 0.4341 -0.9008 -0.0083
vn 0.1139 -0.3209 -0.9402
vn 0.2739 0.7000 0.6595
vn 0.0847 -0.9143 -0.3961
vn -0.0751 0.9678 0.2403
vn -0.1969 -0.6668 -0.7188
vn -0.1203 0.3353 0.9344
vn -0.4794 0.6629 0.5751
vn 0.1289 -0.7094 -0.6929
vn -0.1216 0.7136 0.6899
vn -0.0094 0.3496 0.9369
vn -0.0148 0.9055 0.4241
vn -0.4130 0.4412 0.7967
vn 0.2838 -0.0058 -0.9589
vn 0.5288 -0.4191 -0.7381
vn -0.1152 -0.3358 -0.9349
vn 0.0294 0.3686 0.9291
vn -0.3091 -0.2896 0.9059
vn 0.1276 -0.7213 -0.6808
vn 0.2724 -0.0335 -0.9616
vn -0.2682 0.0385 0.9626
vn -0.0336 -0.3807 -0.9241
vn -0.0662 0.0547 -0.9963
vn 0.1673 0.5046 -0.8470
vn 0.3619 0.0197 -0.9320
vn -0.0802 0.5000 0.8623
vn -0.5163 0.0813 0.8525
vn 0.2656 0.0124 0.9640
vn -0.1632 -0.3776 0.9115
vn 0.1026 -0.4056 -0.9083
vn 0.6204 0.1902 -0.7609
vn -0.2044 -0.3831 0.9008
vn -0.1239 0.3818 0.9159
vn -0.5407 -0.2182 0.8124
vn 0.4278 0.6497 -0.6284
vn 0.0865 0.4028 -0.9112
vn 0.1925 0.3544 -0.9150
vn 0.2558 -0.0746 -0.9638
vn -0.4349 -0.8209 0.3701
vn -0.1951 -0.3648 0.9104
vn 0.0663 -0.0438 0.9968
vn -0.2783 -0.6592 0.6985
vn 0.1625 0.7077 0.6876
vn -0.0703 -0.4234 -0.9032
vn 0.1862 0.3796 -0.9062
vn -0.2409 0.0803 0.9672
vn 0.3450 -0.1291 -0.9297
vn -0.2235 0.0651 -0.9725
vn -0.1047 0.0486 -0.9933
vn 0.1031 -0.0488 0.9935
vn 0.4359 0.2218 0.8722
vn -0.0206 -0.3717 0.9281
vn -0.3726 -0.6205 -0.6900
vn 0.0872 0.3652 0.9268
vn 0.0251 -0.4112 -0.9112
vn -0.5264 -0.1632 -0.8344
vn 0.4145 0.8140 0.4069
vn 0.3479 0.6196 0.7036
vn -0.1093 0.0770 -0.9910
vn -0.3523 -0.6173 -0.7034
vn -0.0988 -0.3561 -0.9292
vn 0.0975 0.3523 0.9308
vn -0.4580 -0.5780 -0.6753
vn -0.2042 -0.9090 -0.3634
vn 0.2048 -0.7476 -0.6318
vn -0.0590 0.7295 0.6814
vn -0.0647 0.0070 0.9979
vn 0.2852 0.6316 0.7209
vn 0.2308 0.9728 -0.0177
vn 0.1831 0.9042 0.3860
vn -0.0458 -0.3845 -0.9220
vn -0.1862 -0.9058 -0.3806
vn -0.2669 -0.8811 -0.3904
vn 0.0836 -0.9965 -0.0047
vn 0.4808 -0.8235 -0.3012
vn -0.3389 0.8833 0.3239
vn -0.1304 0.4654 0.8754
vn 0.1362 0.9071 0.3982
vn -0.0279 0.9512 -0.3072
vn 0.1341 -0.7083 -0.6931
vn -0.0701 0.9975 0.0014
vn 0.0765 -0.9971 -0.0015
vn -0.2424 -0.9702 0.0046
vn 0.1020 -0.9204 0.3775
vn -0.4813 0.8765 0.0092
vn -0.0918 0.8717 0.4813
vn 0.0875 -0.9204 -0.3811
vn -0.1102 0.8717 -0.4775
vn -0.2563 -0.3466 -0.9023
vn -0.2029 -0.3581 -0.9114
vn 0.2543 0.3409 0.9050
vn -0.2141 0.4821 0.8495
vn 0.1950 0.3038 -0.9326
vn 0.1238 -0.4590 -0.8798
vn 0.1793 0.7328 0.6564
vn 0.3084 0.3024 0.9019
vn -0.0906 0.0167 0.9957
vn -0.2467 -0.8929 -0.3768
vn -0.1764 -0.7012 -0.6908
vn -0.4620 -0.5731 -0.6768
vn -0.0830 0.0301 -0.9961
vn -0.1754 -0.6962 -0.6961
vn 0.3585 0.8875 0.2896
vn 0.5338 0.5297 0.6591
vn -0.3712 -0.9285 0.0066
vn 0.1766 0.2749 0.9451
vn -0.3710 0.1933 0.9083
vn -0.2465 0.4822 -0.8407
vn 0.1541 0.7328 -0.6627
vn 0.2738 0.3024 -0.9130
vn -0.1679 -0.3581 0.9185
vn 0.2306 0.3039 0.9244
vn 0.1573 -0.4590 0.8744
vn 0.1519 0.6995 -0.6983
vn -0.1286 0.0166 -0.9916
vn -0.2321 -0.8929 0.3859
vn -0.1499 -0.7012 0.6970
vn -0.4358 -0.5731 0.6940
vn -0.0449 0.0301 0.9985
vn -0.1487 -0.6962 0.7023
vn 0.3472 0.8875 -0.3031
vn 0.5081 0.5297 -0.6791
vn 0.0240 0.7193 -0.6943
vn -0.3712 -0.9285 0.0075
vn -0.3554 -0.8567 0.3738
vn 0.1403 0.2749 -0.9512
vn 0.3557 0.8551 -0.3773
vn -0.0462 -0.9315 0.3608
vn 0.4619 0.8000 -0.3829
vn 0.2679 0.9634 -0.0051
vn -0.0369 -0.3958 0.9176
vn -0.3572 -0.8528 0.3810
vn 0.2615 0.9636 0.0551
vn -0.2499 -0.8912 -0.3785
vn -0.0403 0.9365 -0.3484
vn 0.1305 0.6638 -0.7365
vn -0.2639 -0.9645 0.0051
vn -0.1279 -0.9918 0.0025
vn -0.4602 -0.8125 -0.3578
vn -0.4363 -0.7896 0.4315
vn -0.4526 -0.7895 -0.4145
vn 0.5348 0.8449 -0.0102
vn -0.7728 -0.6344 0.0148
vn 0.3614 0.7445 -0.5613
vn 0.3461 0.9382 -0.0066
vn 0.3825 0.7445 0.5472
vn 0.4602 0.8111 0.3609
vn 0.8360 0.4495 0.3148
vn 0.5553 0.4849 0.6757
vn 0.5392 0.4586 0.7064
vn -0.5924 -0.7077 0.3850
vn 0.4419 0.8122 0.3809
vn -0.5278 -0.7669 -0.3651
vn 0.6768 0.7347 -0.0471
vn -0.7822 -0.5366 -0.3167
vn -0.3675 -0.2439 -0.8975
vn -0.5595 -0.4900 -0.6684
vn -0.4691 -0.5563 -0.6859
vn -0.5320 -0.2087 -0.8206
vn -0.7772 -0.5895 -0.2203
vn -0.3658 -0.0117 -0.9306
vn 0.7032 0.3684 0.6081
vn -0.8072 -0.1642 -0.5670
vn 0.3103 0.0736 0.9478
vn 0.5482 0.5389 0.6396
vn 0.7204 0.6919 0.0478
vn 0.5287 0.2066 0.8233
vn 0.6478 -0.1288 0.7508
vn 0.2717 -0.1673 0.9477
vn 0.2000 -0.2042 0.9583
vn -0.4640 -0.2316 -0.8550
vn -0.2762 0.1574 -0.9481
vn 0.7687 0.3405 0.5414
vn 0.0943 0.3656 -0.9260
vn -0.5934 0.0507 -0.8033
vn 0.3870 0.2694 0.8818
vn -0.8329 -0.4833 -0.2697
vn 0.3059 -0.3184 0.8972
vn -0.1285 0.1199 -0.9844
vn -0.2445 -0.5055 0.8275
vn 0.6378 0.1656 0.7522
vn 0.1401 0.6007 -0.7871
vn -0.6616 0.0089 -0.7498
vn -0.4242 0.5217 -0.7402
vn -0.2383 0.4869 0.8403
vn 0.1058 0.7206 0.6852
vn 0.2522 0.8872 0.3863
vn 0.1116 0.3678 0.9232
vn 0.2232 -0.0862 -0.9710
vn -0.2282 -0.3359 -0.9138
vn -0.1086 -0.7256 -0.6795
vn 0.3120 -0.5487 -0.7756
vn -0.1386 -0.7575 -0.6379
vn -0.3355 -0.2267 0.9144
vn 0.1506 0.4521 0.8791
vn 0.2795 -0.1162 0.9531
vn -0.1042 0.0590 -0.9928
vn 0.2471 0.4756 -0.8442
vn 0.1656 -0.0625 -0.9842
vn -0.2364 -0.3574 0.9035
vn -0.1846 -0.4677 -0.8644
vn 0.2895 0.8697 -0.3997
vn -0.2855 -0.8678 0.4066
vn -0.0968 -0.9953 0.0018
vn -0.3009 -0.8678 -0.3954
vn 0.4792 0.8776 -0.0092
vn 0.3046 0.8697 0.3884
vn 0.1863 0.7666 -0.6145
vn 0.2096 0.7665 0.6071
vn -0.4113 -0.8251 -0.3873
vn -0.3962 -0.8251 0.4027
vn -0.0141 0.9999 0.0003
vn -0.6999 -0.7141 0.0133
vn -0.4993 -0.8664 0.0096
vn 0.4945 0.8691 -0.0095
vn 0.6377 0.6476 0.4170
vn -0.0952 -0.9478 -0.3044
vn 0.6214 0.6476 -0.4410
vn -0.0835 -0.9478 0.3078
vn 0.5572 0.7744 0.2998
vn 0.2569 0.9040 -0.3416
vn -0.2700 -0.6490 0.7113
vn -0.7078 -0.5710 0.4159
vn -0.5072 -0.8617 0.0141
vn 0.1286 0.4299 -0.8937
vn 0.2503 0.6546 -0.7133
vn -0.2544 -0.6562 0.7104
vn -0.4071 -0.8328 0.3751
vn -0.1169 0.8303 -0.5449
vn -0.4498 -0.4865 0.7490
vn -0.0065 -0.2873 0.9578
vn 0.0491 -0.7563 0.6524
vn 0.3346 0.9384 -0.0863
vn 0.3108 0.6436 -0.6994
vn -0.3721 -0.8364 0.4025
vn -0.1777 0.2755 -0.9447
vn 0.0888 -0.3893 0.9168
vn -0.0826 0.3954 -0.9148
vn -0.2704 0.4868 -0.8306
vn 0.2372 0.8873 -0.3956
vn 0.0763 0.3677 -0.9268
vn 0.2602 -0.0862 0.9617
vn -0.1930 -0.3359 0.9219
vn 0.3414 -0.5488 0.7631
vn -0.1141 -0.7575 0.6428
vn 0.2393 -0.1228 0.9632
vn -0.3701 -0.2267 -0.9009
vn -0.2474 0.1106 -0.9626
vn -0.0661 0.0589 0.9961
vn 0.2791 0.4756 0.8342
vn 0.2030 -0.0625 0.9772
vn 0.1168 0.4520 -0.8843
vn -0.4055 0.1934 -0.8934
vn 0.2427 -0.1163 -0.9631
vn -0.2707 -0.3574 -0.8939
vn -0.1513 -0.4676 0.8709
vn -0.2470 -0.9690 0.0047
vn 0.5883 0.8086 -0.0112
vn 0.3169 0.8176 -0.4807
vn 0.1370 0.9906 -0.0026
vn 0.3350 0.8176 0.4682
vn -0.2946 -0.6550 -0.6958
vn -0.2669 -0.6554 0.7065
vn -0.5299 -0.8480 0.0101
vn -0.0599 -0.9315 -0.3588
vn -0.0722 -0.3958 -0.9155
vn -0.3715 -0.8528 -0.3671
vn 0.2592 0.9636 -0.0651
vn -0.0270 0.9365 0.3496
vn -0.2353 -0.8911 0.3879
vn 0.1586 0.6638 0.7309
vn 0.4459 0.5836 0.6787
vn 0.1430 0.1946 0.9704
vn -0.4693 -0.8178 -0.3331
vn 0.2350 0.6844 0.6902
vn -0.0286 -0.7383 -0.6739
vn -0.6721 -0.3927 -0.6278
vn 0.4403 0.8798 0.1791
vn -0.2141 -0.2616 -0.9411
vn -0.2866 -0.3038 -0.9086
vn -0.0182 0.4146 -0.9098
vn -0.5811 -0.1241 -0.8043
vn 0.5687 0.5027 0.6510
vn 0.6309 0.0283 0.7754
vn 0.1819 0.3294 0.9265
vn 0.2076 -0.1652 0.9642
vn -0.6090 -0.7041 -0.3651
vn 0.3862 -0.1763 0.9054
vn -0.0846 0.0488 -0.9952
vn -0.0602 -0.4426 0.8947
vn -0.5608 -0.2673 -0.7836
vn 0.5071 0.3967 0.7651
vn 0.1069 0.6294 -0.7697
vn 0.0974 0.0547 0.9937
vn -0.4453 0.3382 -0.8290
vn 0.2159 -0.6150 0.7584
vn 0.1079 0.2543 -0.9611
vn -0.4821 -0.1234 -0.8674
vn 0.3009 -0.1255 0.9454
vn -0.2134 -0.2209 0.9516
vn 0.5099 0.7363 -0.4448
vn -0.2807 -0.6658 0.6913
vn -0.0989 0.5545 -0.8263
vn -0.1687 -0.7583 0.6297
vn 0.4307 0.5521 -0.7139
vn 0.4043 0.8341 -0.3752
vn -0.1364 0.4163 -0.8989
vn 0.4843 0.8522 -0.1980
vn 0.0476 -0.3343 0.9413
vn -0.4353 -0.5274 0.7296
vn -0.5760 -0.7791 0.2476
vn -0.0130 0.8543 -0.5196
vn 0.4807 0.7880 -0.3848
vn 0.0064 0.4558 -0.8901
vn -0.4284 -0.8988 -0.0923
vn 0.2142 0.9289 -0.3022
vn -0.0930 -0.9581 0.2709
vn 0.4997 0.7709 0.3950
vn -0.1250 -0.6998 0.7033
vn -0.5126 -0.7655 0.3889
vn 0.1619 0.9868 -0.0031
vn 0.3605 0.7706 -0.5256
vn 0.6876 0.7260 -0.0131
vn -0.7069 -0.7072 0.0135
vn -0.4863 -0.7226 -0.4913
vn -0.3664 -0.9304 0.0070
vn 0.3804 0.7706 0.5114
vn -0.4672 -0.7226 0.5095
vn -0.7232 -0.5710 -0.3885
vn -0.2969 -0.6490 -0.7005
vn 0.2698 0.9040 0.3316
vn 0.5453 0.7744 -0.3208
vn -0.5074 -0.8617 0.0053
vn 0.1627 0.4298 0.8881
vn -0.4781 -0.4864 -0.7313
vn -0.0431 -0.2873 -0.9569
vn 0.0242 -0.7563 -0.6538
vn 0.3376 0.9384 0.0734
vn -0.0959 0.8304 0.5489
vn 0.3374 0.6436 0.6870
vn -0.3871 -0.8364 -0.3880
vn -0.1413 0.2755 0.9509
vn 0.1209 0.9071 -0.4032
vn 0.4918 -0.8236 0.2825
vn 0.1605 -0.7083 0.6874
vn -0.2518 -0.8810 0.4004
vn -0.0161 0.9512 0.3081
vn -0.3510 0.8833 -0.3108
vn 0.0837 -0.9965 0.0015
vn -0.1637 0.4655 -0.8698
vn 0.1617 -0.9868 -0.0031
vn -0.1977 -0.9051 -0.3765
vn -0.1831 -0.9051 0.3838
vn 0.3723 0.9281 -0.0071
vn 0.1231 0.6894 -0.7138
vn 0.1497 0.6894 0.7087
vn 0.0065 1.0000 -0.0001
vn -0.5436 -0.8393 0.0102
vn 0.4379 0.8990 -0.0084
vn -0.4436 -0.8962 0.0085
vn -0.1347 -0.9176 -0.3741
vn 0.6222 0.6998 0.3510
vn 0.2549 0.3597 0.8976
vn 0.2552 0.8882 0.3821
vn -0.4624 -0.8866 0.0112
vn 0.4119 0.8435 -0.3446
vn -0.3676 -0.6058 -0.7056
vn -0.7139 -0.6152 -0.3344
vn -0.3193 -0.8662 -0.3843
vn -0.0751 -0.7176 -0.6924
vn 0.3191 0.8659 0.3853
vn 0.5525 0.5045 0.6635
vn 0.3407 0.8988 0.2759
vn 0.0760 0.3177 0.9451
vn -0.0727 -0.2490 -0.9658
vn -0.3550 -0.8934 -0.2753
vn -0.1130 0.7690 0.6292
vn -0.4137 -0.5798 -0.7019
vn 0.3613 0.8521 0.3788
vn 0.0175 0.4443 0.8957
vn -0.0199 0.9359 0.3516
vn -0.2329 -0.9707 0.0593
vn 0.1277 -0.9404 -0.3151
vn -0.4756 -0.7989 -0.3682
vn 0.2391 0.9024 -0.3583
vn -0.0961 -0.6943 -0.7133
vn -0.5321 -0.8466 0.0102
vn -0.2998 -0.8197 0.4880
vn -0.1611 -0.9869 0.0030
vn 0.3076 0.8323 0.4612
vn -0.0207 0.9998 0.0004
vn 0.6536 0.7567 -0.0125
vn 0.2897 0.8323 -0.4726
vn -0.3183 -0.8197 -0.4762
vn -0.3404 -0.6058 0.7191
vn 0.4247 0.8435 0.3287
vn 0.2404 0.8882 -0.3916
vn 0.6083 0.6998 -0.3745
vn 0.2204 0.3597 -0.9067
vt 0.000000 0.000000
s 1
f 1/1/1 2/1/2 3/1/3
f 4/1/4 3/1/3 2/1/2
f 2/1/2 5/1/5 4/1/4
f 5/1/5 2/1/2 6/1/6
f 7/1/7 4/1/4 5/1/5
f 6/1/6 7/1/7 5/1/5
f 6/1/6 2/1/2 8/1/8
f 7/1/7 6/1/6 9/1/9
f 2/1/2 1/1/1 10/1/10
f 2/1/2 10/1/10 8/1/8
f 1/1/1 7/1/7 10/1/10
f 9/1/9 10/1/10 7/1/7
f 11/1/11 8/1/8 10/1/10
f 10/1/10 9/1/9 11/1/11
f 8/1/8 12/1/12 6/1/6
f 12/1/12 9/1/9 6/1/6
f 13/1/13 8/1/8 11/1/11
f 9/1/9 13/1/13 11/1/11
f 14/1/14 12/1/12 8/1/8
f 8/1/8 13/1/13 14/1/14
f 9/1/9 12/1/12 15/1/15
f 15/1/15 13/1/13 9/1/9
f 1/1/1 16/1/16 7/1/7
f 4/1/4 7/1/7 16/1/16
f 17/1/17 16/1/16 15/1/15
f 4/1/4 16/1/16 18/1/18
f 17/1/17 12/1/12 19/1/19
f 13/1/13 15/1/15 20/1/20
f 13/1/13 20/1/20 21/1/21
f 20/1/20 22/1/22 21/1/21
f 23/1/23 13/1/13 21/1/21
f 22/1/22 23/1/23 21/1/21
f 24/1/24 13/1/13 23/1/23
f 20/1/20 24/1/24 23/1/23
f 15/1/15 24/1/24 20/1/20
f 25/1/25 20/1/20 23/1/23
f 23/1/23 22/1/22 25/1/25
f 20/1/20 25/1/25 26/1/26
f 26/1/26 22/1/22 20/1/20
f 16/1/16 22/1/22 26/1/26
f 27/1/27 26/1/26 25/1/25
f 22/1/22 27/1/27 25/1/25
f 26/1/26 27/1/27 16/1/16
f 16/1/16 27/1/27 15/1/15
f 15/1/15 27/1/27 24/1/24
f 28/1/28 29/1/29 30/1/30
f 31/1/31 28/1/28 32/1/32
f 28/1/28 30/1/30 33/1/33
f 31/1/31 32/1/32 34/1/34
f 35/1/35 31/1/31 34/1/34
f 36/1/36 34/1/34 32/1/32
f 34/1/34 36/1/36 37/1/37
f 37/1/37 38/1/38 34/1/34
f 35/1/35 34/1/34 38/1/38
f 37/1/37 36/1/36 39/1/39
f 39/1/39 38/1/38 37/1/37
f 32/1/32 40/1/40 36/1/36
f 40/1/40 35/1/35 38/1/38
f 40/1/40 32/1/32 41/1/41
f 41/1/41 35/1/35 40/1/40
f 32/1/32 42/1/42 41/1/41
f 35/1/35 41/1/41 42/1/42
f 42/1/42 32/1/32 28/1/28
f 43/1/43 31/1/31 35/1/35
f 42/1/42 43/1/43 35/1/35
f 38/1/38 44/1/44 40/1/40
f 44/1/44 36/1/36 40/1/40
f 38/1/38 39/1/39 45/1/45
f 45/1/45 44/1/44 38/1/38
f 46/1/46 39/1/39 36/1/36
f 36/1/36 44/1/44 46/1/46
f 47/1/47 45/1/45 39/1/39
f 39/1/39 48/1/48 47/1/47
f 47/1/47 48/1/48 49/1/49
f 48/1/48 50/1/50 49/1/49
f 50/1/50 48/1/48 51/1/51
f 49/1/49 52/1/52 47/1/47
f 51/1/51 45/1/45 50/1/50
f 52/1/52 49/1/49 53/1/53
f 50/1/50 53/1/53 49/1/49
f 54/1/54 52/1/52 53/1/53
f 54/1/54 31/1/31 52/1/52
f 55/1/55 54/1/54 53/1/53
f 55/1/55 53/1/53 50/1/50
f 54/1/54 55/1/55 56/1/56
f 43/1/43 52/1/52 31/1/31
f 43/1/43 56/1/56 55/1/55
f 50/1/50 57/1/57 55/1/55
f 43/1/43 55/1/55 57/1/57
f 52/1/52 43/1/43 57/1/57
f 57/1/57 50/1/50 58/1/58
f 58/1/58 52/1/52 57/1/57
f 52/1/52 58/1/58 47/1/47
f 50/1/50 45/1/45 58/1/58
f 45/1/45 47/1/47 58/1/58
f 56/1/56 43/1/43 59/1/59
f 45/1/45 51/1/51 60/1/60
f 61/1/61 60/1/60 51/1/51
f 51/1/51 62/1/62 61/1/61
f 63/1/63 60/1/60 61/1/61
f 62/1/62 63/1/63 61/1/61
f 60/1/60 63/1/63 59/1/59
f 56/1/56 59/1/59 63/1/63
f 64/1/64 56/1/56 63/1/63
f 64/1/64 63/1/63 62/1/62
f 59/1/59 65/1/65 60/1/60
f 62/1/62 65/1/65 64/1/64
f 65/1/65 59/1/59 66/1/66
f 66/1/66 64/1/64 65/1/65
f 59/1/59 67/1/67 66/1/66
f 64/1/64 66/1/66 67/1/67
f 67/1/67 59/1/59 43/1/43
f 68/1/68 60/1/60 65/1/65
f 62/1/62 68/1/68 65/1/65
f 60/1/60 68/1/68 45/1/45
f 62/1/62 51/1/51 69/1/69
f 69/1/69 68/1/68 62/1/62
f 56/1/56 64/1/64 70/1/70
f 67/1/67 70/1/70 64/1/64
f 70/1/70 71/1/71 56/1/56
f 72/1/72 56/1/56 71/1/71
f 72/1/72 71/1/71 73/1/73
f 73/1/73 70/1/70 72/1/72
f 74/1/74 73/1/73 71/1/71
f 71/1/71 70/1/70 75/1/75
f 71/1/71 75/1/75 74/1/74
f 70/1/70 73/1/73 75/1/75
f 73/1/73 74/1/74 76/1/76
f 76/1/76 75/1/75 73/1/73
f 51/1/51 76/1/76 74/1/74
f 75/1/75 76/1/76 77/1/77
f 77/1/77 74/1/74 75/1/75
f 77/1/77 51/1/51 74/1/74
f 76/1/76 69/1/69 77/1/77
f 69/1/69 51/1/51 77/1/77
f 70/1/70 78/1/78 69/1/69
f 69/1/69 78/1/78 79/1/79
f 69/1/69 79/1/79 80/1/80
f 68/1/68 69/1/69 80/1/80
f 70/1/70 81/1/81 78/1/78
f 81/1/81 70/1/70 82/1/82
f 70/1/70 83/1/83 82/1/82
f 83/1/83 78/1/78 81/1/81
f 83/1/83 80/1/80 82/1/82
f 82/1/82 84/1/84 81/1/81
f 84/1/84 82/1/82 80/1/80
f 84/1/84 83/1/83 81/1/81
f 80/1/80 79/1/79 84/1/84
f 80/1/80 83/1/83 85/1/85
f 68/1/68 80/1/80 85/1/85
f 83/1/83 84/1/84 85/1/85
f 84/1/84 68/1/68 85/1/85
f 79/1/79 68/1/68 84/1/84
f 70/1/70 67/1/67 83/1/83
f 78/1/78 83/1/83 67/1/67
f 67/1/67 86/1/86 78/1/78
f 86/1/86 67/1/67 87/1/87
f 67/1/67 88/1/88 87/1/87
f 89/1/89 86/1/86 87/1/87
f 88/1/88 89/1/89 87/1/87
f 86/1/86 89/1/89 90/1/90
f 68/1/68 90/1/90 89/1/89
f 89/1/89 88/1/88 91/1/91
f 91/1/91 68/1/68 89/1/89
f 67/1/67 92/1/92 88/1/88
f 90/1/90 68/1/68 79/1/79
f 92/1/92 67/1/67 93/1/93
f 43/1/43 93/1/93 67/1/67
f 93/1/93 43/1/43 94/1/94
f 43/1/43 95/1/95 94/1/94
f 43/1/43 42/1/42 95/1/95
f 96/1/96 93/1/93 94/1/94
f 94/1/94 95/1/95 96/1/96
f 92/1/92 95/1/95 42/1/42
f 93/1/93 96/1/96 97/1/97
f 95/1/95 92/1/92 98/1/98
f 93/1/93 98/1/98 92/1/92
f 98/1/98 93/1/93 99/1/99
f 99/1/99 95/1/95 98/1/98
f 97/1/97 99/1/99 93/1/93
f 96/1/96 95/1/95 100/1/100
f 95/1/95 99/1/99 100/1/100
f 45/1/45 97/1/97 96/1/96
f 100/1/100 45/1/45 96/1/96
f 97/1/97 45/1/45 68/1/68
f 44/1/44 45/1/45 100/1/100
f 97/1/97 101/1/101 99/1/99
f 68/1/68 101/1/101 97/1/97
f 101/1/101 100/1/100 99/1/99
f 100/1/100 101/1/101 44/1/44
f 101/1/101 68/1/68 91/1/91
f 91/1/91 102/1/102 101/1/101
f 102/1/102 91/1/91 103/1/103
f 103/1/103 91/1/91 104/1/104
f 88/1/88 104/1/104 91/1/91
f 104/1/104 90/1/90 103/1/103
f 90/1/90 102/1/102 103/1/103
f 90/1/90 104/1/104 86/1/86
f 88/1/88 105/1/105 104/1/104
f 86/1/86 104/1/104 105/1/105
f 105/1/105 88/1/88 92/1/92
f 105/1/105 78/1/78 86/1/86
f 79/1/79 102/1/102 90/1/90
f 102/1/102 79/1/79 106/1/106
f 79/1/79 107/1/107 106/1/106
f 78/1/78 108/1/108 79/1/79
f 107/1/107 79/1/79 108/1/108
f 108/1/108 102/1/102 107/1/107
f 106/1/106 107/1/107 109/1/109
f 102/1/102 106/1/106 110/1/110
f 109/1/109 110/1/110 106/1/106
f 107/1/107 102/1/102 110/1/110
f 111/1/111 109/1/109 107/1/107
f 107/1/107 110/1/110 111/1/111
f 111/1/111 78/1/78 109/1/109
f 110/1/110 109/1/109 112/1/112
f 111/1/111 110/1/110 112/1/112
f 78/1/78 112/1/112 109/1/109
f 78/1/78 105/1/105 112/1/112
f 112/1/112 113/1/113 111/1/111
f 78/1/78 111/1/111 113/1/113
f 113/1/113 112/1/112 105/1/105
f 108/1/108 78/1/78 113/1/113
f 113/1/113 114/1/114 108/1/108
f 115/1/115 108/1/108 114/1/114
f 114/1/114 116/1/116 115/1/115
f 108/1/108 116/1/116 117/1/117
f 117/1/117 102/1/102 108/1/108
f 116/1/116 108/1/108 118/1/118
f 108/1/108 115/1/115 118/1/118
f 116/1/116 118/1/118 119/1/119
f 115/1/115 116/1/116 119/1/119
f 118/1/118 120/1/120 119/1/119
f 120/1/120 115/1/115 119/1/119
f 115/1/115 121/1/121 118/1/118
f 120/1/120 118/1/118 121/1/121
f 121/1/121 115/1/115 122/1/122
f 115/1/115 120/1/120 122/1/122
f 122/1/122 113/1/113 121/1/121
f 113/1/113 120/1/120 121/1/121
f 120/1/120 123/1/123 122/1/122
f 113/1/113 122/1/122 123/1/123
f 123/1/123 120/1/120 124/1/124
f 113/1/113 124/1/124 120/1/120
f 124/1/124 113/1/113 125/1/125
f 105/1/105 125/1/125 113/1/113
f 124/1/124 125/1/125 126/1/126
f 127/1/127 124/1/124 126/1/126
f 125/1/125 128/1/128 126/1/126
f 128/1/128 127/1/127 126/1/126
f 124/1/124 127/1/127 129/1/129
f 105/1/105 129/1/129 127/1/127
f 127/1/127 128/1/128 130/1/130
f 116/1/116 130/1/130 128/1/128
f 117/1/117 116/1/116 128/1/128
f 128/1/128 125/1/125 117/1/117
f 130/1/130 131/1/131 127/1/127
f 127/1/127 131/1/131 105/1/105
f 125/1/125 105/1/105 131/1/131
f 125/1/125 131/1/131 117/1/117
f 117/1/117 131/1/131 132/1/132
f 131/1/131 130/1/130 132/1/132
f 102/1/102 117/1/117 132/1/132
f 132/1/132 130/1/130 102/1/102
f 133/1/133 102/1/102 130/1/130
f 102/1/102 133/1/133 134/1/134
f 134/1/134 101/1/101 102/1/102
f 129/1/129 105/1/105 135/1/135
f 92/1/92 135/1/135 105/1/105
f 135/1/135 136/1/136 129/1/129
f 134/1/134 136/1/136 135/1/135
f 137/1/137 129/1/129 136/1/136
f 129/1/129 137/1/137 138/1/138
f 136/1/136 134/1/134 139/1/139
f 139/1/139 137/1/137 136/1/136
f 134/1/134 133/1/133 139/1/139
f 133/1/133 140/1/140 139/1/139
f 137/1/137 139/1/139 140/1/140
f 140/1/140 133/1/133 141/1/141
f 92/1/92 138/1/138 137/1/137
f 141/1/141 101/1/101 140/1/140
f 140/1/140 142/1/142 137/1/137
f 140/1/140 101/1/101 142/1/142
f 101/1/101 134/1/134 142/1/142
f 143/1/143 137/1/137 142/1/142
f 134/1/134 143/1/143 142/1/142
f 137/1/137 143/1/143 92/1/92
f 135/1/135 143/1/143 134/1/134
f 135/1/135 92/1/92 143/1/143
f 101/1/101 141/1/141 144/1/144
f 144/1/144 44/1/44 101/1/101
f 144/1/144 141/1/141 145/1/145
f 141/1/141 146/1/146 145/1/145
f 147/1/147 144/1/144 145/1/145
f 145/1/145 146/1/146 147/1/147
f 144/1/144 147/1/147 148/1/148
f 138/1/138 92/1/92 148/1/148
f 148/1/148 147/1/147 138/1/138
f 42/1/42 148/1/148 92/1/92
f 149/1/149 138/1/138 147/1/147
f 149/1/149 147/1/147 146/1/146
f 148/1/148 150/1/150 144/1/144
f 44/1/44 144/1/144 150/1/150
f 150/1/150 146/1/146 44/1/44
f 150/1/150 149/1/149 146/1/146
f 150/1/150 148/1/148 151/1/151
f 151/1/151 149/1/149 150/1/150
f 148/1/148 42/1/42 151/1/151
f 42/1/42 149/1/149 151/1/151
f 152/1/152 153/1/153 154/1/154
f 155/1/155 156/1/156 157/1/157
f 156/1/156 155/1/155 158/1/158
f 157/1/157 159/1/159 155/1/155
f 155/1/155 160/1/160 158/1/158
f 161/1/161 152/1/152 160/1/160
f 155/1/155 162/1/162 160/1/160
f 160/1/160 162/1/162 161/1/161
f 155/1/155 163/1/163 162/1/162
f 163/1/163 161/1/161 162/1/162
f 163/1/163 155/1/155 159/1/159
f 160/1/160 164/1/164 158/1/158
f 164/1/164 156/1/156 158/1/158
f 165/1/165 160/1/160 152/1/152
f 164/1/164 160/1/160 166/1/166
f 160/1/160 165/1/165 166/1/166
f 166/1/166 159/1/159 164/1/164
f 159/1/159 166/1/166 163/1/163
f 163/1/163 166/1/166 165/1/165
f 159/1/159 167/1/167 164/1/164
f 167/1/167 156/1/156 164/1/164
f 157/1/157 168/1/168 159/1/159
f 168/1/168 167/1/167 159/1/159
f 169/1/169 161/1/161 163/1/163
f 165/1/165 169/1/169 163/1/163
f 169/1/169 170/1/170 161/1/161
f 171/1/171 161/1/161 170/1/170
f 168/1/168 157/1/157 172/1/172
f 157/1/157 173/1/173 172/1/172
f 172/1/172 173/1/173 174/1/174
f 174/1/174 170/1/170 172/1/172
f 173/1/173 175/1/175 174/1/174
f 175/1/175 173/1/173 176/1/176
f 170/1/170 174/1/174 177/1/177
f 174/1/174 175/1/175 177/1/177
f 171/1/171 170/1/170 177/1/177
f 178/1/178 171/1/171 177/1/177
f 177/1/177 175/1/175 178/1/178
f 171/1/171 178/1/178 179/1/179
f 176/1/176 168/1/168 175/1/175
f 170/1/170 180/1/180 172/1/172
f 168/1/168 172/1/172 180/1/180
f 180/1/180 175/1/175 168/1/168
f 180/1/180 170/1/170 181/1/181
f 181/1/181 175/1/175 180/1/180
f 175/1/175 181/1/181 178/1/178
f 170/1/170 169/1/169 181/1/181
f 178/1/178 181/1/181 169/1/169
f 169/1/169 179/1/179 178/1/178
f 168/1/168 176/1/176 182/1/182
f 179/1/179 169/1/169 183/1/183
f 179/1/179 183/1/183 184/1/184
f 185/1/185 179/1/179 184/1/184
f 186/1/186 179/1/179 185/1/185
f 183/1/183 187/1/187 184/1/184
f 187/1/187 185/1/185 184/1/184
f 182/1/182 176/1/176 187/1/187
f 187/1/187 183/1/183 182/1/182
f 176/1/176 188/1/188 187/1/187
f 185/1/185 187/1/187 188/1/188
f 176/1/176 189/1/189 188/1/188
f 190/1/190 185/1/185 188/1/188
f 183/1/183 190/1/190 182/1/182
f 191/1/191 185/1/185 190/1/190
f 190/1/190 183/1/183 191/1/191
f 185/1/185 191/1/191 192/1/192
f 183/1/183 192/1/192 191/1/191
f 192/1/192 186/1/186 185/1/185
f 192/1/192 183/1/183 169/1/169
f 190/1/190 188/1/188 193/1/193
f 193/1/193 182/1/182 190/1/190
f 189/1/189 193/1/193 188/1/188
f 194/1/194 195/1/195 196/1/196
f 195/1/195 197/1/197 196/1/196
f 198/1/198 199/1/199 200/1/200
f 201/1/201 200/1/200 199/1/199
f 199/1/199 198/1/198 202/1/202
f 199/1/199 202/1/202 196/1/196
f 203/1/203 202/1/202 198/1/198
f 201/1/201 199/1/199 204/1/204
f 196/1/196 204/1/204 199/1/199
f 203/1/203 201/1/201 204/1/204
f 204/1/204 196/1/196 205/1/205
f 196/1/196 197/1/197 205/1/205
f 206/1/206 204/1/204 205/1/205
f 197/1/197 206/1/206 205/1/205
f 204/1/204 206/1/206 203/1/203
f 202/1/202 207/1/207 196/1/196
f 203/1/203 207/1/207 202/1/202
f 194/1/194 196/1/196 207/1/207
f 207/1/207 203/1/203 206/1/206
f 206/1/206 194/1/194 207/1/207
f 208/1/208 201/1/201 203/1/203
f 198/1/198 208/1/208 203/1/203
f 209/1/209 194/1/194 206/1/206
f 206/1/206 197/1/197 209/1/209
f 194/1/194 209/1/209 210/1/210
f 211/1/211 194/1/194 210/1/210
f 209/1/209 197/1/197 212/1/212
f 197/1/197 213/1/213 212/1/212
f 208/1/208 198/1/198 214/1/214
f 198/1/198 215/1/215 214/1/214
f 208/1/208 216/1/216 201/1/201
f 217/1/217 201/1/201 216/1/216
f 216/1/216 208/1/208 218/1/218
f 219/1/219 216/1/216 218/1/218
f 216/1/216 219/1/219 212/1/212
f 209/1/209 212/1/212 219/1/219
f 212/1/212 220/1/220 216/1/216
f 217/1/217 216/1/216 220/1/220
f 220/1/220 212/1/212 221/1/221
f 212/1/212 213/1/213 221/1/221
f 222/1/222 217/1/217 220/1/220
f 221/1/221 222/1/222 220/1/220
f 218/1/218 222/1/222 219/1/219
f 208/1/208 222/1/222 218/1/218
f 222/1/222 221/1/221 223/1/223
f 213/1/213 223/1/223 221/1/221
f 219/1/219 222/1/222 223/1/223
f 223/1/223 209/1/209 219/1/219
f 217/1/217 222/1/222 224/1/224
f 208/1/208 224/1/224 222/1/222
f 223/1/223 213/1/213 225/1/225
f 225/1/225 209/1/209 223/1/223
f 225/1/225 213/1/213 226/1/226
f 213/1/213 227/1/227 226/1/226
f 224/1/224 228/1/228 217/1/217
f 229/1/229 217/1/217 228/1/228
f 228/1/228 224/1/224 230/1/230
f 228/1/228 230/1/230 226/1/226
f 229/1/229 228/1/228 231/1/231
f 226/1/226 231/1/231 228/1/228
f 226/1/226 230/1/230 232/1/232
f 225/1/225 226/1/226 232/1/232
f 230/1/230 233/1/233 232/1/232
f 233/1/233 225/1/225 232/1/232
f 231/1/231 226/1/226 234/1/234
f 234/1/234 226/1/226 227/1/227
f 227/1/227 233/1/233 234/1/234
f 234/1/234 235/1/235 231/1/231
f 235/1/235 234/1/234 233/1/233
f 235/1/235 229/1/229 231/1/231
f 233/1/233 230/1/230 235/1/235
f 224/1/224 235/1/235 230/1/230
f 227/1/227 236/1/236 233/1/233
f 236/1/236 225/1/225 233/1/233
f 237/1/237 229/1/229 235/1/235
f 224/1/224 237/1/237 235/1/235
f 229/1/229 237/1/237 238/1/238
f 239/1/239 229/1/229 238/1/238
f 240/1/240 236/1/236 227/1/227
f 227/1/227 241/1/241 240/1/240
f 236/1/236 240/1/240 242/1/242
f 238/1/238 242/1/242 240/1/240
f 243/1/243 240/1/240 241/1/241
f 240/1/240 243/1/243 238/1/238
f 238/1/238 243/1/243 244/1/244
f 239/1/239 238/1/238 244/1/244
f 243/1/243 245/1/245 244/1/244
f 245/1/245 239/1/239 244/1/244
f 241/1/241 246/1/246 243/1/243
f 245/1/245 243/1/243 246/1/246
f 242/1/242 246/1/246 236/1/236
f 242/1/242 238/1/238 247/1/247
f 247/1/247 246/1/246 242/1/242
f 238/1/238 237/1/237 247/1/247
f 246/1/246 247/1/247 245/1/245
f 237/1/237 245/1/245 247/1/247
f 246/1/246 241/1/241 248/1/248
f 248/1/248 236/1/236 246/1/246
f 249/1/249 248/1/248 241/1/241
f 241/1/241 250/1/250 249/1/249
f 239/1/239 245/1/245 251/1/251
f 245/1/245 237/1/237 251/1/251
f 251/1/251 252/1/252 239/1/239
f 253/1/253 239/1/239 252/1/252
f 249/1/249 250/1/250 254/1/254
f 249/1/249 254/1/254 252/1/252
f 250/1/250 255/1/255 254/1/254
f 250/1/250 256/1/256 255/1/255
f 252/1/252 254/1/254 257/1/257
f 254/1/254 255/1/255 257/1/257
f 253/1/253 252/1/252 257/1/257
f 258/1/258 253/1/253 257/1/257
f 257/1/257 255/1/255 258/1/258
f 253/1/253 258/1/258 259/1/259
f 251/1/251 259/1/259 258/1/258
f 260/1/260 249/1/249 252/1/252
f 252/1/252 251/1/251 260/1/260
f 255/1/255 260/1/260 258/1/258
f 258/1/258 260/1/260 251/1/251
f 249/1/249 260/1/260 261/1/261
f 260/1/260 255/1/255 261/1/261
f 248/1/248 249/1/249 261/1/261
f 255/1/255 248/1/248 261/1/261
f 256/1/256 248/1/248 255/1/255
f 248/1/248 256/1/256 262/1/262
f 262/1/262 256/1/256 263/1/263
f 264/1/264 248/1/248 262/1/262
f 256/1/256 265/1/265 263/1/263
f 248/1/248 264/1/264 266/1/266
f 265/1/265 256/1/256 267/1/267
f 256/1/256 268/1/268 267/1/267
f 267/1/267 268/1/268 269/1/269
f 268/1/268 270/1/270 269/1/269
f 268/1/268 271/1/271 270/1/270
f 272/1/272 267/1/267 269/1/269
f 272/1/272 269/1/269 270/1/270
f 267/1/267 273/1/273 265/1/265
f 270/1/270 265/1/265 273/1/273
f 271/1/271 265/1/265 270/1/270
f 267/1/267 274/1/274 273/1/273
f 274/1/274 270/1/270 273/1/273
f 267/1/267 272/1/272 275/1/275
f 267/1/267 275/1/275 274/1/274
f 276/1/276 275/1/275 272/1/272
f 270/1/270 277/1/277 272/1/272
f 277/1/277 276/1/276 272/1/272
f 270/1/270 274/1/274 277/1/277
f 276/1/276 259/1/259 275/1/275
f 275/1/275 278/1/278 274/1/274
f 278/1/278 277/1/277 274/1/274
f 278/1/278 275/1/275 259/1/259
f 276/1/276 277/1/277 153/1/153
f 278/1/278 153/1/153 277/1/277
f 259/1/259 279/1/279 278/1/278
f 279/1/279 259/1/259 280/1/280
f 259/1/259 281/1/281 280/1/280
f 259/1/259 251/1/251 281/1/281
f 263/1/263 279/1/279 280/1/280
f 280/1/280 281/1/281 263/1/263
f 262/1/262 263/1/263 281/1/281
f 281/1/281 282/1/282 262/1/262
f 279/1/279 263/1/263 283/1/283
f 279/1/279 283/1/283 282/1/282
f 263/1/263 265/1/265 283/1/283
f 264/1/264 262/1/262 282/1/282
f 264/1/264 282/1/282 283/1/283
f 265/1/265 264/1/264 283/1/283
f 282/1/282 281/1/281 284/1/284
f 279/1/279 282/1/282 284/1/284
f 281/1/281 285/1/285 284/1/284
f 285/1/285 279/1/279 284/1/284
f 251/1/251 285/1/285 281/1/281
f 279/1/279 285/1/285 278/1/278
f 264/1/264 265/1/265 286/1/286
f 286/1/286 265/1/265 287/1/287
f 265/1/265 288/1/288 287/1/287
f 265/1/265 271/1/271 288/1/288
f 289/1/289 286/1/286 287/1/287
f 289/1/289 287/1/287 288/1/288
f 286/1/286 289/1/289 290/1/290
f 289/1/289 278/1/278 290/1/290
f 278/1/278 285/1/285 290/1/290
f 291/1/291 278/1/278 289/1/289
f 288/1/288 291/1/291 289/1/289
f 278/1/278 291/1/291 153/1/153
f 291/1/291 288/1/288 292/1/292
f 290/1/290 292/1/292 286/1/286
f 293/1/293 291/1/291 292/1/292
f 292/1/292 290/1/290 293/1/293
f 294/1/294 291/1/291 293/1/293
f 290/1/290 294/1/294 293/1/293
f 294/1/294 153/1/153 291/1/291
f 294/1/294 290/1/290 285/1/285
f 292/1/292 288/1/288 295/1/295
f 295/1/295 286/1/286 292/1/292
f 271/1/271 295/1/295 288/1/288
f 295/1/295 264/1/264 286/1/286
f 295/1/295 271/1/271 296/1/296
f 294/1/294 297/1/297 153/1/153
f 298/1/298 264/1/264 295/1/295
f 264/1/264 298/1/298 299/1/299
f 300/1/300 299/1/299 298/1/298
f 301/1/301 264/1/264 299/1/299
f 299/1/299 300/1/300 302/1/302
f 302/1/302 301/1/301 299/1/299
f 300/1/300 298/1/298 303/1/303
f 295/1/295 303/1/303 298/1/298
f 300/1/300 285/1/285 302/1/302
f 285/1/285 300/1/300 294/1/294
f 285/1/285 304/1/304 302/1/302
f 301/1/301 302/1/302 304/1/304
f 303/1/303 305/1/305 300/1/300
f 305/1/305 303/1/303 301/1/301
f 304/1/304 305/1/305 301/1/301
f 306/1/306 300/1/300 305/1/305
f 304/1/304 306/1/306 305/1/305
f 306/1/306 294/1/294 300/1/300
f 285/1/285 307/1/307 304/1/304
f 307/1/307 306/1/306 304/1/304
f 308/1/308 301/1/301 303/1/303
f 303/1/303 295/1/295 308/1/308
f 309/1/309 264/1/264 301/1/301
f 308/1/308 309/1/309 301/1/301
f 264/1/264 309/1/309 266/1/266
f 308/1/308 295/1/295 310/1/310
f 307/1/307 285/1/285 311/1/311
f 285/1/285 251/1/251 311/1/311
f 295/1/295 312/1/312 310/1/310
f 295/1/295 296/1/296 312/1/312
f 313/1/313 310/1/310 312/1/312
f 312/1/312 314/1/314 313/1/313
f 312/1/312 297/1/297 314/1/314
f 297/1/297 312/1/312 296/1/296
f 297/1/297 294/1/294 314/1/314
f 294/1/294 313/1/313 314/1/314
f 313/1/313 294/1/294 306/1/306
f 296/1/296 315/1/315 297/1/297
f 313/1/313 315/1/315 310/1/310
f 315/1/315 296/1/296 316/1/316
f 315/1/315 316/1/316 310/1/310
f 296/1/296 317/1/317 316/1/316
f 317/1/317 310/1/310 316/1/316
f 318/1/318 297/1/297 315/1/315
f 313/1/313 318/1/318 315/1/315
f 318/1/318 313/1/313 306/1/306
f 318/1/318 153/1/153 297/1/297
f 271/1/271 317/1/317 296/1/296
f 317/1/317 308/1/308 310/1/310
f 317/1/317 271/1/271 319/1/319
f 317/1/317 319/1/319 320/1/320
f 271/1/271 321/1/321 319/1/319
f 321/1/321 271/1/271 322/1/322
f 271/1/271 156/1/156 322/1/322
f 322/1/322 156/1/156 323/1/323
f 156/1/156 324/1/324 323/1/323
f 156/1/156 167/1/167 324/1/324
f 325/1/325 322/1/322 323/1/323
f 324/1/324 325/1/325 323/1/323
f 167/1/167 321/1/321 324/1/324
f 322/1/322 325/1/325 154/1/154
f 152/1/152 154/1/154 325/1/325
f 326/1/326 152/1/152 325/1/325
f 325/1/325 324/1/324 326/1/326
f 152/1/152 326/1/326 165/1/165
f 322/1/322 327/1/327 321/1/321
f 324/1/324 321/1/321 327/1/327
f 328/1/328 327/1/327 322/1/322
f 328/1/328 324/1/324 327/1/327
f 322/1/322 154/1/154 328/1/328
f 324/1/324 328/1/328 326/1/326
f 154/1/154 329/1/329 328/1/328
f 329/1/329 326/1/326 328/1/328
f 329/1/329 165/1/165 326/1/326
f 329/1/329 154/1/154 153/1/153
f 329/1/329 153/1/153 330/1/330
f 318/1/318 330/1/330 153/1/153
f 329/1/329 330/1/330 331/1/331
f 330/1/330 318/1/318 332/1/332
f 319/1/319 331/1/331 330/1/330
f 319/1/319 330/1/330 332/1/332
f 331/1/331 319/1/319 333/1/333
f 332/1/332 320/1/320 319/1/319
f 333/1/333 319/1/319 321/1/321
f 332/1/332 334/1/334 320/1/320
f 331/1/331 333/1/333 334/1/334
f 321/1/321 334/1/334 333/1/333
f 335/1/335 329/1/329 331/1/331
f 335/1/335 332/1/332 318/1/318
f 331/1/331 334/1/334 335/1/335
f 334/1/334 332/1/332 335/1/335
f 334/1/334 317/1/317 320/1/320
f 329/1/329 335/1/335 336/1/336
f 318/1/318 336/1/336 335/1/335
f 334/1/334 321/1/321 337/1/337
f 337/1/337 317/1/317 334/1/334
f 338/1/338 337/1/337 321/1/321
f 167/1/167 338/1/338 321/1/321
f 336/1/336 339/1/339 329/1/329
f 165/1/165 329/1/329 339/1/339
f 340/1/340 336/1/336 318/1/318
f 306/1/306 340/1/340 318/1/318
f 339/1/339 336/1/336 341/1/341
f 340/1/340 306/1/306 342/1/342
f 306/1/306 343/1/343 342/1/342
f 344/1/344 340/1/340 342/1/342
f 343/1/343 344/1/344 342/1/342
f 340/1/340 344/1/344 345/1/345
f 344/1/344 317/1/317 345/1/345
f 346/1/346 340/1/340 345/1/345
f 317/1/317 346/1/346 345/1/345
f 308/1/308 317/1/317 344/1/344
f 346/1/346 317/1/317 337/1/337
f 347/1/347 308/1/308 344/1/344
f 347/1/347 344/1/344 343/1/343
f 347/1/347 346/1/346 337/1/337
f 340/1/340 346/1/346 348/1/348
f 347/1/347 348/1/348 346/1/346
f 336/1/336 340/1/340 348/1/348
f 343/1/343 348/1/348 347/1/347
f 343/1/343 336/1/336 348/1/348
f 349/1/349 308/1/308 347/1/347
f 337/1/337 349/1/349 347/1/347
f 306/1/306 350/1/350 343/1/343
f 350/1/350 336/1/336 343/1/343
f 350/1/350 306/1/306 351/1/351
f 307/1/307 351/1/351 306/1/306
f 308/1/308 349/1/349 352/1/352
f 309/1/309 308/1/308 352/1/352
f 352/1/352 349/1/349 353/1/353
f 353/1/353 351/1/351 352/1/352
f 309/1/309 352/1/352 354/1/354
f 351/1/351 354/1/354 352/1/352
f 355/1/355 351/1/351 353/1/353
f 351/1/351 355/1/355 350/1/350
f 354/1/354 351/1/351 356/1/356
f 351/1/351 307/1/307 356/1/356
f 356/1/356 357/1/357 354/1/354
f 353/1/353 357/1/357 355/1/355
f 357/1/357 309/1/309 354/1/354
f 357/1/357 353/1/353 349/1/349
f 357/1/357 356/1/356 358/1/358
f 358/1/358 355/1/355 357/1/357
f 358/1/358 356/1/356 307/1/307
f 358/1/358 350/1/350 355/1/355
f 349/1/349 359/1/359 357/1/357
f 359/1/359 309/1/309 357/1/357
f 350/1/350 358/1/358 360/1/360
f 307/1/307 360/1/360 358/1/358
f 360/1/360 361/1/361 350/1/350
f 361/1/361 360/1/360 362/1/362
f 360/1/360 363/1/363 362/1/362
f 364/1/364 361/1/361 362/1/362
f 363/1/363 364/1/364 362/1/362
f 361/1/361 364/1/364 365/1/365
f 359/1/359 365/1/365 364/1/364
f 365/1/365 359/1/359 349/1/349
f 365/1/365 366/1/366 361/1/361
f 367/1/367 359/1/359 364/1/364
f 364/1/364 363/1/363 367/1/367
f 363/1/363 366/1/366 367/1/367
f 361/1/361 366/1/366 368/1/368
f 366/1/366 363/1/363 368/1/368
f 369/1/369 361/1/361 368/1/368
f 363/1/363 369/1/369 368/1/368
f 369/1/369 350/1/350 361/1/361
f 365/1/365 370/1/370 366/1/366
f 370/1/370 367/1/367 366/1/366
f 349/1/349 370/1/370 365/1/365
f 370/1/370 371/1/371 367/1/367
f 371/1/371 359/1/359 367/1/367
f 370/1/370 349/1/349 372/1/372
f 372/1/372 349/1/349 373/1/373
f 349/1/349 374/1/374 373/1/373
f 349/1/349 337/1/337 374/1/374
f 375/1/375 372/1/372 373/1/373
f 373/1/373 374/1/374 375/1/375
f 372/1/372 375/1/375 376/1/376
f 376/1/376 375/1/375 350/1/350
f 377/1/377 350/1/350 375/1/375
f 375/1/375 374/1/374 377/1/377
f 336/1/336 350/1/350 377/1/377
f 350/1/350 369/1/369 376/1/376
f 378/1/378 336/1/336 377/1/377
f 374/1/374 379/1/379 377/1/377
f 378/1/378 377/1/377 379/1/379
f 376/1/376 378/1/378 379/1/379
f 379/1/379 374/1/374 380/1/380
f 380/1/380 376/1/376 379/1/379
f 376/1/376 380/1/380 372/1/372
f 378/1/378 376/1/376 369/1/369
f 380/1/380 374/1/374 381/1/381
f 372/1/372 380/1/380 381/1/381
f 337/1/337 381/1/381 374/1/374
f 381/1/381 370/1/370 372/1/372
f 381/1/381 337/1/337 382/1/382
f 382/1/382 337/1/337 383/1/383
f 337/1/337 338/1/338 383/1/383
f 383/1/383 384/1/384 382/1/382
f 336/1/336 378/1/378 384/1/384
f 336/1/336 384/1/384 341/1/341
f 384/1/384 383/1/383 341/1/341
f 383/1/383 339/1/339 341/1/341
f 339/1/339 383/1/383 338/1/338
f 385/1/385 339/1/339 338/1/338
f 384/1/384 385/1/385 382/1/382
f 339/1/339 385/1/385 386/1/386
f 385/1/385 384/1/384 386/1/386
f 165/1/165 339/1/339 386/1/386
f 384/1/384 165/1/165 386/1/386
f 378/1/378 165/1/165 384/1/384
f 338/1/338 167/1/167 385/1/385
f 167/1/167 382/1/382 385/1/385
f 167/1/167 381/1/381 382/1/382
f 378/1/378 387/1/387 165/1/165
f 169/1/169 165/1/165 387/1/387
f 169/1/169 387/1/387 388/1/388
f 389/1/389 169/1/169 388/1/388
f 390/1/390 388/1/388 387/1/387
f 390/1/390 381/1/381 167/1/167
f 167/1/167 168/1/168 390/1/390
f 388/1/388 390/1/390 391/1/391
f 391/1/391 390/1/390 168/1/168
f 391/1/391 392/1/392 388/1/388
f 168/1/168 392/1/392 391/1/391
f 388/1/388 392/1/392 389/1/389
f 168/1/168 193/1/193 392/1/392
f 193/1/193 381/1/381 392/1/392
f 393/1/393 390/1/390 387/1/387
f 387/1/387 378/1/378 393/1/393
f 389/1/389 393/1/393 378/1/378
f 390/1/390 393/1/393 394/1/394
f 389/1/389 394/1/394 393/1/393
f 381/1/381 390/1/390 394/1/394
f 392/1/392 394/1/394 389/1/389
f 392/1/392 381/1/381 394/1/394
f 378/1/378 192/1/192 389/1/389
f 381/1/381 193/1/193 395/1/395
f 192/1/192 378/1/378 396/1/396
f 369/1/369 396/1/396 378/1/378
f 395/1/395 370/1/370 381/1/381
f 192/1/192 396/1/396 397/1/397
f 398/1/398 192/1/192 397/1/397
f 399/1/399 192/1/192 398/1/398
f 397/1/397 396/1/396 400/1/400
f 400/1/400 398/1/398 397/1/397
f 395/1/395 400/1/400 396/1/396
f 395/1/395 193/1/193 400/1/400
f 193/1/193 401/1/401 400/1/400
f 398/1/398 400/1/400 401/1/401
f 193/1/193 402/1/402 401/1/401
f 402/1/402 370/1/370 401/1/401
f 396/1/396 403/1/403 395/1/395
f 370/1/370 395/1/395 403/1/403
f 403/1/403 398/1/398 401/1/401
f 401/1/401 370/1/370 403/1/403
f 403/1/403 396/1/396 404/1/404
f 398/1/398 403/1/403 404/1/404
f 396/1/396 369/1/369 404/1/404
f 398/1/398 404/1/404 369/1/369
f 369/1/369 399/1/399 398/1/398
f 370/1/370 402/1/402 405/1/405
f 371/1/371 370/1/370 405/1/405
f 399/1/399 369/1/369 406/1/406
f 407/1/407 406/1/406 369/1/369
f 407/1/407 369/1/369 363/1/363
f 399/1/399 406/1/406 408/1/408
f 405/1/405 408/1/408 406/1/406
f 409/1/409 399/1/399 408/1/408
f 360/1/360 407/1/407 363/1/363
f 399/1/399 409/1/409 215/1/215
f 407/1/407 215/1/215 409/1/409
f 410/1/410 409/1/409 408/1/408
f 408/1/408 405/1/405 410/1/410
f 410/1/410 405/1/405 402/1/402
f 411/1/411 410/1/410 402/1/402
f 409/1/409 410/1/410 411/1/411
f 402/1/402 211/1/211 411/1/411
f 211/1/211 371/1/371 411/1/411
f 411/1/411 412/1/412 409/1/409
f 407/1/407 409/1/409 412/1/412
f 406/1/406 412/1/412 405/1/405
f 406/1/406 407/1/407 412/1/412
f 405/1/405 412/1/412 413/1/413
f 412/1/412 411/1/411 413/1/413
f 371/1/371 405/1/405 413/1/413
f 411/1/411 371/1/371 413/1/413
f 371/1/371 211/1/211 414/1/414
f 414/1/414 211/1/211 415/1/415
f 211/1/211 210/1/210 415/1/415
f 214/1/214 415/1/415 210/1/210
f 415/1/415 214/1/214 416/1/416
f 417/1/417 214/1/214 210/1/210
f 416/1/416 418/1/418 415/1/415
f 414/1/414 415/1/415 418/1/418
f 214/1/214 215/1/215 416/1/416
f 215/1/215 418/1/418 416/1/416
f 215/1/215 407/1/407 418/1/418
f 210/1/210 209/1/209 417/1/417
f 209/1/209 414/1/414 417/1/417
f 414/1/414 209/1/209 371/1/371
f 419/1/419 214/1/214 417/1/417
f 417/1/417 414/1/414 419/1/419
f 418/1/418 419/1/419 414/1/414
f 208/1/208 214/1/214 419/1/419
f 418/1/418 208/1/208 419/1/419
f 208/1/208 418/1/418 407/1/407
f 371/1/371 209/1/209 420/1/420
f 208/1/208 407/1/407 421/1/421
f 209/1/209 225/1/225 420/1/420
f 224/1/224 208/1/208 421/1/421
f 421/1/421 407/1/407 422/1/422
f 421/1/421 422/1/422 420/1/420
f 407/1/407 423/1/423 422/1/422
f 420/1/420 424/1/424 421/1/421
f 224/1/224 421/1/421 424/1/424
f 423/1/423 224/1/224 424/1/424
f 424/1/424 420/1/420 425/1/425
f 425/1/425 420/1/420 225/1/225
f 426/1/426 424/1/424 425/1/425
f 225/1/225 426/1/426 425/1/425
f 424/1/424 426/1/426 423/1/423
f 407/1/407 360/1/360 423/1/423
f 224/1/224 423/1/423 360/1/360
f 427/1/427 420/1/420 422/1/422
f 423/1/423 427/1/427 422/1/422
f 427/1/427 423/1/423 426/1/426
f 371/1/371 420/1/420 427/1/427
f 426/1/426 371/1/371 427/1/427
f 359/1/359 371/1/371 426/1/426
f 225/1/225 359/1/359 426/1/426
f 360/1/360 428/1/428 224/1/224
f 359/1/359 225/1/225 429/1/429
f 225/1/225 236/1/236 429/1/429
f 237/1/237 224/1/224 428/1/428
f 428/1/428 360/1/360 430/1/430
f 428/1/428 430/1/430 429/1/429
f 360/1/360 431/1/431 430/1/430
f 360/1/360 307/1/307 431/1/431
f 237/1/237 431/1/431 307/1/307
f 237/1/237 428/1/428 432/1/432
f 429/1/429 432/1/432 428/1/428
f 431/1/431 237/1/237 432/1/432
f 429/1/429 430/1/430 433/1/433
f 430/1/430 431/1/431 433/1/433
f 359/1/359 429/1/429 433/1/433
f 432/1/432 429/1/429 434/1/434
f 434/1/434 431/1/431 432/1/432
f 434/1/434 429/1/429 236/1/236
f 433/1/433 431/1/431 435/1/435
f 431/1/431 434/1/434 435/1/435
f 435/1/435 359/1/359 433/1/433
f 236/1/236 435/1/435 434/1/434
f 309/1/309 359/1/359 435/1/435
f 435/1/435 236/1/236 309/1/309
f 309/1/309 236/1/236 436/1/436
f 236/1/236 248/1/248 436/1/436
f 309/1/309 436/1/436 437/1/437
f 266/1/266 309/1/309 437/1/437
f 248/1/248 266/1/266 438/1/438
f 436/1/436 248/1/248 438/1/438
f 439/1/439 266/1/266 437/1/437
f 436/1/436 439/1/439 437/1/437
f 266/1/266 439/1/439 311/1/311
f 311/1/311 438/1/438 266/1/266
f 307/1/307 311/1/311 439/1/439
f 438/1/438 311/1/311 440/1/440
f 440/1/440 436/1/436 438/1/438
f 311/1/311 251/1/251 440/1/440
f 441/1/441 439/1/439 436/1/436
f 441/1/441 307/1/307 439/1/439
f 436/1/436 440/1/440 441/1/441
f 441/1/441 440/1/440 251/1/251
f 307/1/307 441/1/441 237/1/237
f 251/1/251 237/1/237 441/1/441
f 442/1/442 171/1/171 443/1/443
f 179/1/179 443/1/443 171/1/171
f 171/1/171 442/1/442 444/1/444
f 445/1/445 444/1/444 442/1/442
f 446/1/446 173/1/173 447/1/447
f 447/1/447 448/1/448 446/1/446
f 444/1/444 445/1/445 449/1/449
f 449/1/449 447/1/447 444/1/444
f 445/1/445 450/1/450 449/1/449
f 447/1/447 451/1/451 444/1/444
f 444/1/444 451/1/451 171/1/171
f 447/1/447 449/1/449 452/1/452
f 449/1/449 450/1/450 452/1/452
f 448/1/448 447/1/447 452/1/452
f 451/1/451 447/1/447 453/1/453
f 447/1/447 173/1/173 453/1/453
f 450/1/450 171/1/171 451/1/451
f 454/1/454 451/1/451 453/1/453
f 450/1/450 451/1/451 454/1/454
f 454/1/454 448/1/448 452/1/452
f 454/1/454 452/1/452 450/1/450
f 173/1/173 454/1/454 453/1/453
f 455/1/455 448/1/448 454/1/454
f 173/1/173 455/1/455 454/1/454
f 445/1/445 456/1/456 450/1/450
f 171/1/171 450/1/450 456/1/456
f 456/1/456 445/1/445 457/1/457
f 445/1/445 458/1/458 457/1/457
f 448/1/448 455/1/455 459/1/459
f 460/1/460 448/1/448 459/1/459
f 457/1/457 461/1/461 459/1/459
f 459/1/459 461/1/461 460/1/460
f 459/1/459 462/1/462 457/1/457
f 459/1/459 455/1/455 462/1/462
f 463/1/463 457/1/457 462/1/462
f 457/1/457 463/1/463 456/1/456
f 462/1/462 464/1/464 463/1/463
f 464/1/464 456/1/456 463/1/463
f 461/1/461 457/1/457 465/1/465
f 457/1/457 458/1/458 465/1/465
f 464/1/464 461/1/461 465/1/465
f 458/1/458 464/1/464 465/1/465
f 464/1/464 462/1/462 466/1/466
f 461/1/461 464/1/464 466/1/466
f 455/1/455 466/1/466 462/1/462
f 467/1/467 461/1/461 466/1/466
f 466/1/466 455/1/455 467/1/467
f 461/1/461 467/1/467 460/1/460
f 458/1/458 468/1/468 464/1/464
f 456/1/456 464/1/464 468/1/468
f 468/1/468 458/1/458 469/1/469
f 468/1/468 470/1/470 456/1/456
f 276/1/276 469/1/469 458/1/458
f 468/1/468 469/1/469 471/1/471
f 458/1/458 472/1/472 276/1/276
f 472/1/472 458/1/458 473/1/473
f 458/1/458 474/1/474 473/1/473
f 458/1/458 253/1/253 474/1/474
f 475/1/475 472/1/472 473/1/473
f 474/1/474 475/1/475 473/1/473
f 472/1/472 475/1/475 476/1/476
f 460/1/460 476/1/476 475/1/475
f 477/1/477 472/1/472 476/1/476
f 472/1/472 477/1/477 478/1/478
f 477/1/477 474/1/474 478/1/478
f 478/1/478 259/1/259 472/1/472
f 474/1/474 259/1/259 478/1/478
f 259/1/259 276/1/276 472/1/472
f 479/1/479 475/1/475 474/1/474
f 474/1/474 477/1/477 479/1/479
f 475/1/475 479/1/479 460/1/460
f 253/1/253 259/1/259 474/1/474
f 256/1/256 479/1/479 477/1/477
f 476/1/476 256/1/256 477/1/477
f 250/1/250 460/1/460 479/1/479
f 256/1/256 250/1/250 479/1/479
f 476/1/476 460/1/460 268/1/268
f 268/1/268 256/1/256 476/1/476
f 268/1/268 460/1/460 480/1/480
f 460/1/460 467/1/467 480/1/480
f 268/1/268 480/1/480 481/1/481
f 482/1/482 480/1/480 467/1/467
f 480/1/480 483/1/483 481/1/481
f 471/1/471 480/1/480 482/1/482
f 480/1/480 471/1/471 469/1/469
f 483/1/483 480/1/480 469/1/469
f 471/1/471 482/1/482 484/1/484
f 483/1/483 484/1/484 481/1/481
f 484/1/484 482/1/482 467/1/467
f 484/1/484 268/1/268 481/1/481
f 469/1/469 276/1/276 483/1/483
f 484/1/484 485/1/485 471/1/471
f 484/1/484 483/1/483 485/1/485
f 276/1/276 485/1/485 483/1/483
f 485/1/485 468/1/468 471/1/471
f 468/1/468 485/1/485 153/1/153
f 276/1/276 153/1/153 485/1/485
f 271/1/271 268/1/268 484/1/484
f 467/1/467 271/1/271 484/1/484
f 468/1/468 153/1/153 486/1/486
f 271/1/271 467/1/467 487/1/487
f 468/1/468 486/1/486 488/1/488
f 470/1/470 468/1/468 488/1/488
f 487/1/487 488/1/488 486/1/486
f 467/1/467 489/1/489 487/1/487
f 488/1/488 487/1/487 489/1/489
f 467/1/467 490/1/490 489/1/489
f 490/1/490 488/1/488 489/1/489
f 488/1/488 490/1/490 470/1/470
f 467/1/467 455/1/455 490/1/490
f 486/1/486 491/1/491 487/1/487
f 470/1/470 490/1/490 491/1/491
f 491/1/491 486/1/486 492/1/492
f 491/1/491 492/1/492 470/1/470
f 486/1/486 493/1/493 492/1/492
f 470/1/470 492/1/492 493/1/493
f 493/1/493 486/1/486 153/1/153
f 487/1/487 491/1/491 494/1/494
f 490/1/490 494/1/494 491/1/491
f 455/1/455 494/1/494 490/1/490
f 494/1/494 271/1/271 487/1/487
f 493/1/493 456/1/456 470/1/470
f 494/1/494 455/1/455 495/1/495
f 495/1/495 455/1/455 496/1/496
f 455/1/455 497/1/497 496/1/496
f 455/1/455 173/1/173 497/1/497
f 496/1/496 498/1/498 495/1/495
f 456/1/456 493/1/493 498/1/498
f 497/1/497 499/1/499 496/1/496
f 498/1/498 496/1/496 499/1/499
f 499/1/499 456/1/456 498/1/498
f 500/1/500 456/1/456 499/1/499
f 499/1/499 497/1/497 500/1/500
f 171/1/171 456/1/456 500/1/500
f 498/1/498 501/1/501 495/1/495
f 495/1/495 501/1/501 494/1/494
f 501/1/501 498/1/498 502/1/502
f 497/1/497 502/1/502 500/1/500
f 502/1/502 497/1/497 501/1/501
f 500/1/500 502/1/502 161/1/161
f 498/1/498 161/1/161 502/1/502
f 161/1/161 171/1/171 500/1/500
f 161/1/161 498/1/498 493/1/493
f 501/1/501 497/1/497 157/1/157
f 157/1/157 494/1/494 501/1/501
f 173/1/173 157/1/157 497/1/497
f 503/1/503 494/1/494 157/1/157
f 493/1/493 504/1/504 161/1/161
f 504/1/504 493/1/493 505/1/505
f 493/1/493 506/1/506 505/1/505
f 493/1/493 153/1/153 506/1/506
f 507/1/507 504/1/504 505/1/505
f 506/1/506 507/1/507 505/1/505
f 504/1/504 507/1/507 503/1/503
f 494/1/494 503/1/503 507/1/507
f 508/1/508 494/1/494 507/1/507
f 507/1/507 506/1/506 508/1/508
f 271/1/271 494/1/494 508/1/508
f 508/1/508 506/1/506 509/1/509
f 503/1/503 509/1/509 504/1/504
f 509/1/509 510/1/510 508/1/508
f 509/1/509 503/1/503 510/1/510
f 156/1/156 508/1/508 510/1/510
f 156/1/156 510/1/510 503/1/503
f 156/1/156 271/1/271 508/1/508
f 506/1/506 152/1/152 509/1/509
f 152/1/152 504/1/504 509/1/509
f 152/1/152 506/1/506 153/1/153
f 152/1/152 161/1/161 504/1/504
f 157/1/157 156/1/156 503/1/503
f 182/1/182 193/1/193 168/1/168
f 192/1/192 169/1/169 389/1/389
f 193/1/193 189/1/189 511/1/511
f 512/1/512 511/1/511 189/1/189
f 189/1/189 513/1/513 512/1/512
f 189/1/189 514/1/514 513/1/513
f 515/1/515 511/1/511 512/1/512
f 512/1/512 513/1/513 515/1/515
f 516/1/516 515/1/515 513/1/513
f 516/1/516 186/1/186 515/1/515
f 186/1/186 517/1/517 515/1/515
f 511/1/511 515/1/515 517/1/517
f 186/1/186 192/1/192 517/1/517
f 518/1/518 511/1/511 517/1/517
f 519/1/519 186/1/186 516/1/516
f 517/1/517 399/1/399 518/1/518
f 399/1/399 517/1/517 192/1/192
f 516/1/516 518/1/518 399/1/399
f 399/1/399 519/1/519 516/1/516
f 516/1/516 520/1/520 518/1/518
f 511/1/511 518/1/518 520/1/520
f 520/1/520 516/1/516 513/1/513
f 402/1/402 511/1/511 520/1/520
f 513/1/513 402/1/402 520/1/520
f 511/1/511 402/1/402 193/1/193
f 514/1/514 402/1/402 513/1/513
f 519/1/519 399/1/399 521/1/521
f 519/1/519 521/1/521 522/1/522
f 523/1/523 519/1/519 522/1/522
f 519/1/519 523/1/523 524/1/524
f 522/1/522 521/1/521 525/1/525
f 525/1/525 523/1/523 522/1/522
f 514/1/514 525/1/525 526/1/526
f 526/1/526 525/1/525 521/1/521
f 402/1/402 514/1/514 526/1/526
f 514/1/514 527/1/527 525/1/525
f 523/1/523 525/1/525 527/1/527
f 527/1/527 514/1/514 528/1/528
f 529/1/529 523/1/523 527/1/527
f 521/1/521 529/1/529 526/1/526
f 530/1/530 523/1/523 529/1/529
f 529/1/529 521/1/521 530/1/530
f 523/1/523 530/1/530 215/1/215
f 521/1/521 215/1/215 530/1/530
f 215/1/215 524/1/524 523/1/523
f 215/1/215 521/1/521 399/1/399
f 527/1/527 211/1/211 529/1/529
f 211/1/211 526/1/526 529/1/529
f 528/1/528 211/1/211 527/1/527
f 526/1/526 211/1/211 402/1/402
f 211/1/211 528/1/528 531/1/531
f 524/1/524 215/1/215 532/1/532
f 524/1/524 532/1/532 533/1/533
f 534/1/534 524/1/524 533/1/533
f 524/1/524 534/1/534 535/1/535
f 533/1/533 532/1/532 536/1/536
f 536/1/536 534/1/534 533/1/533
f 531/1/531 536/1/536 532/1/532
f 536/1/536 531/1/531 528/1/528
f 528/1/528 537/1/537 536/1/536
f 534/1/534 536/1/536 537/1/537
f 537/1/537 528/1/528 538/1/538
f 198/1/198 535/1/535 534/1/534
f 537/1/537 539/1/539 534/1/534
f 198/1/198 534/1/534 539/1/539
f 532/1/532 539/1/539 531/1/531
f 532/1/532 198/1/198 539/1/539
f 215/1/215 198/1/198 532/1/532
f 540/1/540 531/1/531 539/1/539
f 539/1/539 537/1/537 540/1/540
f 194/1/194 531/1/531 540/1/540
f 537/1/537 194/1/194 540/1/540
f 538/1/538 194/1/194 537/1/537
f 194/1/194 211/1/211 531/1/531
f 194/1/194 538/1/538 541/1/541
f 541/1/541 538/1/538 542/1/542
f 538/1/538 543/1/543 542/1/542
f 544/1/544 542/1/542 543/1/543
f 542/1/542 544/1/544 545/1/545
f 544/1/544 535/1/535 545/1/545
f 546/1/546 542/1/542 545/1/545
f 535/1/535 546/1/546 545/1/545
f 541/1/541 542/1/542 546/1/546
f 546/1/546 535/1/535 198/1/198
f 543/1/543 547/1/547 544/1/544
f 547/1/547 541/1/541 546/1/546
f 547/1/547 543/1/543 548/1/548
f 541/1/541 547/1/547 548/1/548
f 543/1/543 195/1/195 548/1/548
f 195/1/195 541/1/541 548/1/548
f 541/1/541 195/1/195 194/1/194
f 544/1/544 547/1/547 200/1/200
f 546/1/546 200/1/200 547/1/547
f 198/1/198 200/1/200 546/1/546
f 549/1/549 550/1/550 551/1/551
f 550/1/550 552/1/552 551/1/551
f 550/1/550 549/1/549 553/1/553
f 550/1/550 554/1/554 552/1/552
f 555/1/555 556/1/556 557/1/557
f 554/1/554 550/1/550 558/1/558
f 554/1/554 558/1/558 559/1/559
f 560/1/560 554/1/554 559/1/559
f 554/1/554 560/1/560 561/1/561
f 558/1/558 562/1/562 559/1/559
f 562/1/562 560/1/560 559/1/559
f 562/1/562 558/1/558 557/1/557
f 557/1/557 556/1/556 562/1/562
f 556/1/556 563/1/563 562/1/562
f 560/1/560 562/1/562 563/1/563
f 563/1/563 556/1/556 564/1/564
f 563/1/563 565/1/565 560/1/560
f 563/1/563 566/1/566 565/1/565
f 564/1/564 566/1/566 563/1/563
f 566/1/566 557/1/557 565/1/565
f 567/1/567 560/1/560 565/1/565
f 565/1/565 557/1/557 567/1/567
f 558/1/558 567/1/567 557/1/557
f 568/1/568 560/1/560 567/1/567
f 558/1/558 568/1/568 567/1/567
f 568/1/568 561/1/561 560/1/560
f 568/1/568 558/1/558 550/1/550
f 557/1/557 566/1/566 555/1/555
f 561/1/561 568/1/568 569/1/569
f 568/1/568 550/1/550 570/1/570
f 561/1/561 569/1/569 571/1/571
f 572/1/572 561/1/561 571/1/571
f 573/1/573 571/1/571 569/1/569
f 571/1/571 573/1/573 574/1/574
f 574/1/574 575/1/575 571/1/571
f 571/1/571 575/1/575 572/1/572
f 574/1/574 573/1/573 564/1/564
f 564/1/564 575/1/575 574/1/574
f 566/1/566 564/1/564 573/1/573
f 575/1/575 564/1/564 576/1/576
f 569/1/569 577/1/577 573/1/573
f 575/1/575 577/1/577 572/1/572
f 577/1/577 569/1/569 578/1/578
f 578/1/578 572/1/572 577/1/577
f 575/1/575 579/1/579 577/1/577
f 579/1/579 573/1/573 577/1/577
f 576/1/576 579/1/579 575/1/575
f 573/1/573 579/1/579 566/1/566
f 569/1/569 580/1/580 578/1/578
f 580/1/580 572/1/572 578/1/578
f 580/1/580 569/1/569 568/1/568
f 561/1/561 572/1/572 581/1/581
f 580/1/580 581/1/581 572/1/572
f 581/1/581 582/1/582 561/1/561
f 3/1/3 561/1/561 582/1/582
f 582/1/582 583/1/583 3/1/3
f 584/1/584 3/1/3 583/1/583
f 3/1/3 584/1/584 1/1/1
f 581/1/581 1/1/1 584/1/584
f 583/1/583 585/1/585 584/1/584
f 581/1/581 584/1/584 586/1/586
f 585/1/585 586/1/586 584/1/584
f 582/1/582 581/1/581 586/1/586
f 583/1/583 582/1/582 587/1/587
f 585/1/585 583/1/583 587/1/587
f 588/1/588 582/1/582 586/1/586
f 586/1/586 585/1/585 588/1/588
f 582/1/582 588/1/588 589/1/589
f 587/1/587 582/1/582 589/1/589
f 14/1/14 585/1/585 587/1/587
f 587/1/587 589/1/589 14/1/14
f 564/1/564 14/1/14 589/1/589
f 589/1/589 576/1/576 564/1/564
f 576/1/576 589/1/589 588/1/588
f 588/1/588 585/1/585 576/1/576
f 585/1/585 14/1/14 13/1/13
f 13/1/13 576/1/576 585/1/585
f 576/1/576 13/1/13 590/1/590
f 590/1/590 13/1/13 591/1/591
f 13/1/13 592/1/592 591/1/591
f 592/1/592 13/1/13 24/1/24
f 593/1/593 590/1/590 591/1/591
f 591/1/591 592/1/592 593/1/593
f 590/1/590 593/1/593 594/1/594
f 595/1/595 593/1/593 592/1/592
f 594/1/594 593/1/593 1/1/1
f 595/1/595 1/1/1 593/1/593
f 1/1/1 581/1/581 594/1/594
f 1/1/1 595/1/595 27/1/27
f 594/1/594 596/1/596 590/1/590
f 592/1/592 596/1/596 595/1/595
f 596/1/596 594/1/594 597/1/597
f 597/1/597 595/1/595 596/1/596
f 592/1/592 598/1/598 596/1/596
f 598/1/598 590/1/590 596/1/596
f 24/1/24 598/1/598 592/1/592
f 590/1/590 598/1/598 576/1/576
f 594/1/594 599/1/599 597/1/597
f 599/1/599 595/1/595 597/1/597
f 599/1/599 594/1/594 581/1/581
f 599/1/599 27/1/27 595/1/595
f 27/1/27 72/1/72 24/1/24
f 581/1/581 600/1/600 599/1/599
f 600/1/600 581/1/581 601/1/601
f 602/1/602 601/1/601 581/1/581
f 581/1/581 580/1/580 602/1/602
f 603/1/603 600/1/600 601/1/601
f 601/1/601 602/1/602 603/1/603
f 27/1/27 599/1/599 604/1/604
f 72/1/72 604/1/604 599/1/599
f 604/1/604 605/1/605 27/1/27
f 605/1/605 72/1/72 27/1/27
f 72/1/72 605/1/605 606/1/606
f 604/1/604 72/1/72 606/1/606
f 607/1/607 606/1/606 605/1/605
f 605/1/605 604/1/604 607/1/607
f 608/1/608 604/1/604 606/1/606
f 606/1/606 607/1/607 608/1/608
f 604/1/604 608/1/608 609/1/609
f 609/1/609 607/1/607 604/1/604
f 608/1/608 598/1/598 609/1/609
f 598/1/598 607/1/607 609/1/609
f 607/1/607 610/1/610 608/1/608
f 610/1/610 598/1/598 608/1/608
f 598/1/598 24/1/24 607/1/607
f 24/1/24 610/1/610 607/1/607
f 610/1/610 24/1/24 72/1/72
f 611/1/611 598/1/598 610/1/610
f 70/1/70 610/1/610 72/1/72
f 610/1/610 51/1/51 611/1/611
f 610/1/610 70/1/70 69/1/69
f 51/1/51 610/1/610 76/1/76
f 610/1/610 69/1/69 76/1/76
f 611/1/611 51/1/51 612/1/612
f 613/1/613 611/1/611 612/1/612
f 51/1/51 614/1/614 612/1/612
f 612/1/612 614/1/614 613/1/613
f 611/1/611 613/1/613 615/1/615
f 615/1/615 616/1/616 611/1/611
f 598/1/598 611/1/611 616/1/616
f 614/1/614 598/1/598 616/1/616
f 616/1/616 615/1/615 617/1/617
f 614/1/614 616/1/616 618/1/618
f 617/1/617 618/1/618 616/1/616
f 618/1/618 613/1/613 614/1/614
f 615/1/615 599/1/599 617/1/617
f 618/1/618 617/1/617 599/1/599
f 56/1/56 615/1/615 613/1/613
f 618/1/618 56/1/56 613/1/613
f 599/1/599 615/1/615 72/1/72
f 56/1/56 72/1/72 615/1/615
f 599/1/599 54/1/54 618/1/618
f 56/1/56 618/1/618 54/1/54
f 54/1/54 599/1/599 600/1/600
f 48/1/48 598/1/598 614/1/614
f 614/1/614 51/1/51 48/1/48
f 54/1/54 600/1/600 619/1/619
f 619/1/619 600/1/600 620/1/620
f 602/1/602 54/1/54 619/1/619
f 620/1/620 602/1/602 619/1/619
f 621/1/621 620/1/620 600/1/600
f 598/1/598 48/1/48 621/1/621
f 600/1/600 603/1/603 621/1/621
f 621/1/621 576/1/576 598/1/598
f 576/1/576 621/1/621 603/1/603
f 621/1/621 48/1/48 620/1/620
f 603/1/603 622/1/622 576/1/576
f 622/1/622 603/1/603 602/1/602
f 602/1/602 620/1/620 622/1/622
f 48/1/48 622/1/622 620/1/620
f 579/1/579 576/1/576 622/1/622
f 622/1/622 48/1/48 579/1/579
f 54/1/54 602/1/602 580/1/580
f 623/1/623 579/1/579 48/1/48
f 580/1/580 624/1/624 54/1/54
f 579/1/579 623/1/623 625/1/625
f 624/1/624 625/1/625 623/1/623
f 625/1/625 626/1/626 579/1/579
f 625/1/625 624/1/624 627/1/627
f 627/1/627 626/1/626 625/1/625
f 624/1/624 580/1/580 627/1/627
f 580/1/580 628/1/628 627/1/627
f 626/1/626 627/1/627 628/1/628
f 580/1/580 629/1/629 628/1/628
f 623/1/623 630/1/630 624/1/624
f 628/1/628 630/1/630 626/1/626
f 630/1/630 623/1/623 631/1/631
f 631/1/631 626/1/626 630/1/630
f 628/1/628 31/1/31 630/1/630
f 31/1/31 624/1/624 630/1/630
f 629/1/629 31/1/31 628/1/628
f 31/1/31 54/1/54 624/1/624
f 623/1/623 39/1/39 631/1/631
f 39/1/39 626/1/626 631/1/631
f 48/1/48 39/1/39 623/1/623
f 632/1/632 579/1/579 626/1/626
f 39/1/39 632/1/632 626/1/626
f 579/1/579 632/1/632 633/1/633
f 633/1/633 566/1/566 579/1/579
f 633/1/633 632/1/632 634/1/634
f 566/1/566 633/1/633 635/1/635
f 636/1/636 633/1/633 634/1/634
f 635/1/635 637/1/637 566/1/566
f 634/1/634 637/1/637 636/1/636
f 632/1/632 637/1/637 634/1/634
f 635/1/635 633/1/633 638/1/638
f 638/1/638 637/1/637 635/1/635
f 633/1/633 636/1/636 639/1/639
f 639/1/639 638/1/638 633/1/633
f 640/1/640 636/1/636 637/1/637
f 637/1/637 638/1/638 640/1/640
f 629/1/629 639/1/639 636/1/636
f 640/1/640 629/1/629 636/1/636
f 639/1/639 568/1/568 638/1/638
f 568/1/568 640/1/640 638/1/638
f 580/1/580 568/1/568 639/1/639
f 629/1/629 580/1/580 639/1/639
f 568/1/568 641/1/641 640/1/640
f 629/1/629 640/1/640 641/1/641
f 570/1/570 641/1/641 568/1/568
f 642/1/642 566/1/566 637/1/637
f 632/1/632 642/1/642 637/1/637
f 566/1/566 642/1/642 643/1/643
f 555/1/555 566/1/566 643/1/643
f 643/1/643 642/1/642 644/1/644
f 645/1/645 643/1/643 644/1/644
f 643/1/643 645/1/645 570/1/570
f 641/1/641 570/1/570 645/1/645
f 570/1/570 646/1/646 643/1/643
f 643/1/643 646/1/646 555/1/555
f 646/1/646 570/1/570 647/1/647
f 570/1/570 550/1/550 647/1/647
f 646/1/646 648/1/648 555/1/555
f 647/1/647 648/1/648 646/1/646
f 644/1/644 648/1/648 645/1/645
f 642/1/642 648/1/648 644/1/644
f 648/1/648 647/1/647 649/1/649
f 550/1/550 649/1/649 647/1/647
f 649/1/649 645/1/645 648/1/648
f 649/1/649 641/1/641 645/1/645
f 650/1/650 555/1/555 648/1/648
f 642/1/642 650/1/650 648/1/648
f 550/1/550 651/1/651 649/1/649
f 641/1/641 649/1/649 651/1/651
f 651/1/651 550/1/550 652/1/652
f 553/1/553 652/1/652 550/1/550
f 555/1/555 650/1/650 653/1/653
f 653/1/653 654/1/654 555/1/555
f 653/1/653 650/1/650 655/1/655
f 653/1/653 655/1/655 652/1/652
f 654/1/654 653/1/653 656/1/656
f 652/1/652 656/1/656 653/1/653
f 652/1/652 655/1/655 657/1/657
f 652/1/652 657/1/657 651/1/651
f 656/1/656 652/1/652 658/1/658
f 652/1/652 553/1/553 658/1/658
f 659/1/659 654/1/654 656/1/656
f 658/1/658 659/1/659 656/1/656
f 659/1/659 657/1/657 655/1/655
f 650/1/650 659/1/659 655/1/655
f 659/1/659 658/1/658 660/1/660
f 553/1/553 660/1/660 658/1/658
f 660/1/660 657/1/657 659/1/659
f 660/1/660 651/1/651 657/1/657
f 661/1/661 654/1/654 659/1/659
f 659/1/659 650/1/650 661/1/661
f 553/1/553 662/1/662 660/1/660
f 651/1/651 660/1/660 662/1/662
f 662/1/662 553/1/553 663/1/663
f 654/1/654 661/1/661 664/1/664
f 665/1/665 663/1/663 553/1/553
f 664/1/664 666/1/666 654/1/654
f 663/1/663 665/1/665 667/1/667
f 668/1/668 667/1/667 665/1/665
f 669/1/669 663/1/663 667/1/667
f 668/1/668 669/1/669 667/1/667
f 663/1/663 669/1/669 664/1/664
f 666/1/666 664/1/664 669/1/669
f 664/1/664 670/1/670 663/1/663
f 662/1/662 663/1/663 670/1/670
f 670/1/670 664/1/664 671/1/671
f 671/1/671 664/1/664 661/1/661
f 668/1/668 662/1/662 670/1/670
f 671/1/671 672/1/672 670/1/670
f 670/1/670 672/1/672 668/1/668
f 16/1/16 1/1/1 22/1/22
f 27/1/27 22/1/22 1/1/1
f 673/1/673 16/1/16 17/1/17
f 673/1/673 18/1/18 16/1/16
f 17/1/17 15/1/15 674/1/674
f 674/1/674 15/1/15 675/1/675
f 15/1/15 12/1/12 675/1/675
f 18/1/18 674/1/674 675/1/675
f 12/1/12 17/1/17 674/1/674
f 675/1/675 676/1/676 18/1/18
f 675/1/675 12/1/12 677/1/677
f 676/1/676 675/1/675 677/1/677
f 674/1/674 676/1/676 677/1/677
f 12/1/12 674/1/674 677/1/677
f 678/1/678 676/1/676 674/1/674
f 674/1/674 18/1/18 678/1/678
f 18/1/18 673/1/673 678/1/678
f 4/1/4 18/1/18 676/1/676
f 678/1/678 4/1/4 676/1/676
f 4/1/4 678/1/678 673/1/673
f 4/1/4 673/1/673 679/1/679
f 4/1/4 679/1/679 680/1/680
f 681/1/681 4/1/4 680/1/680
f 680/1/680 679/1/679 682/1/682
f 682/1/682 681/1/681 680/1/680
f 19/1/19 682/1/682 679/1/679
f 19/1/19 12/1/12 682/1/682
f 12/1/12 683/1/683 682/1/682
f 681/1/681 682/1/682 683/1/683
f 679/1/679 684/1/684 19/1/19
f 683/1/683 684/1/684 681/1/681
f 679/1/679 685/1/685 684/1/684
f 685/1/685 679/1/679 673/1/673
f 681/1/681 684/1/684 685/1/685
f 686/1/686 19/1/19 684/1/684
f 684/1/684 683/1/683 686/1/686
f 687/1/687 19/1/19 686/1/686
f 683/1/683 687/1/687 686/1/686
f 19/1/19 687/1/687 17/1/17
f 683/1/683 12/1/12 688/1/688
f 688/1/688 687/1/687 683/1/683
f 689/1/689 688/1/688 12/1/12
f 12/1/12 14/1/14 689/1/689
f 17/1/17 123/1/123 673/1/673
f 17/1/17 687/1/687 690/1/690
f 123/1/123 17/1/17 114/1/114
f 690/1/690 114/1/114 17/1/17
f 123/1/123 691/1/691 673/1/673
f 692/1/692 673/1/673 691/1/691
f 690/1/690 692/1/692 691/1/691
f 673/1/673 692/1/692 685/1/685
f 691/1/691 693/1/693 690/1/690
f 691/1/691 123/1/123 693/1/693
f 123/1/123 692/1/692 693/1/693
f 692/1/692 690/1/690 694/1/694
f 690/1/690 687/1/687 694/1/694
f 123/1/123 685/1/685 692/1/692
f 695/1/695 690/1/690 693/1/693
f 693/1/693 692/1/692 695/1/695
f 694/1/694 695/1/695 692/1/692
f 687/1/687 695/1/695 694/1/694
f 114/1/114 690/1/690 695/1/695
f 687/1/687 114/1/114 695/1/695
f 685/1/685 123/1/123 696/1/696
f 114/1/114 687/1/687 697/1/697
f 697/1/697 687/1/687 698/1/698
f 687/1/687 699/1/699 698/1/698
f 700/1/700 697/1/697 698/1/698
f 699/1/699 700/1/700 698/1/698
f 697/1/697 700/1/700 696/1/696
f 685/1/685 696/1/696 700/1/700
f 701/1/701 700/1/700 699/1/699
f 701/1/701 685/1/685 700/1/700
f 699/1/699 687/1/687 702/1/702
f 696/1/696 703/1/703 697/1/697
f 703/1/703 701/1/701 699/1/699
f 703/1/703 696/1/696 704/1/704
f 701/1/701 703/1/703 704/1/704
f 696/1/696 124/1/124 704/1/704
f 701/1/701 704/1/704 124/1/124
f 124/1/124 696/1/696 123/1/123
f 116/1/116 697/1/697 703/1/703
f 699/1/699 116/1/116 703/1/703
f 702/1/702 116/1/116 699/1/699
f 697/1/697 116/1/116 114/1/114
f 685/1/685 701/1/701 705/1/705
f 124/1/124 705/1/705 701/1/701
f 114/1/114 113/1/113 123/1/123
f 705/1/705 706/1/706 685/1/685
f 707/1/707 685/1/685 706/1/706
f 685/1/685 707/1/707 681/1/681
f 4/1/4 681/1/681 707/1/707
f 707/1/707 708/1/708 4/1/4
f 3/1/3 4/1/4 708/1/708
f 707/1/707 706/1/706 709/1/709
f 710/1/710 709/1/709 706/1/706
f 711/1/711 710/1/710 706/1/706
f 706/1/706 705/1/705 711/1/711
f 709/1/709 710/1/710 712/1/712
f 712/1/712 713/1/713 709/1/709
f 713/1/713 707/1/707 709/1/709
f 713/1/713 711/1/711 705/1/705
f 714/1/714 710/1/710 711/1/711
f 711/1/711 713/1/713 714/1/714
f 710/1/710 688/1/688 712/1/712
f 713/1/713 712/1/712 715/1/715
f 688/1/688 715/1/715 712/1/712
f 715/1/715 714/1/714 713/1/713
f 687/1/687 688/1/688 710/1/710
f 710/1/710 702/1/702 687/1/687
f 702/1/702 710/1/710 714/1/714
f 715/1/715 702/1/702 714/1/714
f 705/1/705 716/1/716 713/1/713
f 707/1/707 713/1/713 716/1/716
f 717/1/717 702/1/702 715/1/715
f 715/1/715 688/1/688 717/1/717
f 702/1/702 717/1/717 718/1/718
f 718/1/718 717/1/717 719/1/719
f 717/1/717 720/1/720 719/1/719
f 721/1/721 718/1/718 719/1/719
f 720/1/720 721/1/721 719/1/719
f 718/1/718 721/1/721 722/1/722
f 716/1/716 722/1/722 721/1/721
f 723/1/723 721/1/721 720/1/720
f 723/1/723 716/1/716 721/1/721
f 717/1/717 724/1/724 720/1/720
f 716/1/716 705/1/705 722/1/722
f 722/1/722 725/1/725 718/1/718
f 725/1/725 723/1/723 720/1/720
f 725/1/725 722/1/722 726/1/726
f 726/1/726 723/1/723 725/1/725
f 722/1/722 727/1/727 726/1/726
f 723/1/723 726/1/726 727/1/727
f 727/1/727 722/1/722 705/1/705
f 728/1/728 718/1/718 725/1/725
f 720/1/720 728/1/728 725/1/725
f 718/1/718 728/1/728 702/1/702
f 724/1/724 728/1/728 720/1/720
f 727/1/727 729/1/729 723/1/723
f 729/1/729 716/1/716 723/1/723
f 705/1/705 730/1/730 727/1/727
f 730/1/730 705/1/705 731/1/731
f 705/1/705 732/1/732 731/1/731
f 705/1/705 124/1/124 732/1/732
f 733/1/733 730/1/730 731/1/731
f 732/1/732 733/1/733 731/1/731
f 730/1/730 733/1/733 734/1/734
f 702/1/702 734/1/734 733/1/733
f 734/1/734 702/1/702 728/1/728
f 735/1/735 702/1/702 733/1/733
f 733/1/733 732/1/732 735/1/735
f 116/1/116 702/1/702 735/1/735
f 732/1/732 736/1/736 735/1/735
f 736/1/736 730/1/730 734/1/734
f 736/1/736 732/1/732 737/1/737
f 737/1/737 730/1/730 736/1/736
f 732/1/732 129/1/129 737/1/737
f 730/1/730 737/1/737 129/1/129
f 129/1/129 732/1/732 124/1/124
f 129/1/129 727/1/727 730/1/730
f 133/1/133 735/1/735 736/1/736
f 734/1/734 133/1/133 736/1/736
f 735/1/735 133/1/133 116/1/116
f 728/1/728 133/1/133 734/1/734
f 727/1/727 129/1/129 738/1/738
f 133/1/133 728/1/728 739/1/739
f 130/1/130 116/1/116 133/1/133
f 739/1/739 728/1/728 740/1/740
f 739/1/739 740/1/740 738/1/738
f 728/1/728 741/1/741 740/1/740
f 741/1/741 742/1/742 740/1/740
f 738/1/738 740/1/740 742/1/742
f 727/1/727 738/1/738 742/1/742
f 743/1/743 727/1/727 742/1/742
f 742/1/742 741/1/741 743/1/743
f 727/1/727 743/1/743 744/1/744
f 738/1/738 745/1/745 739/1/739
f 741/1/741 745/1/745 743/1/743
f 738/1/738 138/1/138 745/1/745
f 743/1/743 745/1/745 138/1/138
f 138/1/138 744/1/744 743/1/743
f 746/1/746 739/1/739 745/1/745
f 745/1/745 741/1/741 746/1/746
f 141/1/141 739/1/739 746/1/746
f 741/1/741 141/1/141 746/1/746
f 141/1/141 133/1/133 739/1/739
f 138/1/138 738/1/738 129/1/129
f 747/1/747 141/1/141 741/1/741
f 741/1/741 728/1/728 747/1/747
f 747/1/747 728/1/728 748/1/748
f 728/1/728 724/1/724 748/1/748
f 747/1/747 748/1/748 749/1/749
f 748/1/748 724/1/724 750/1/750
f 748/1/748 751/1/751 749/1/749
f 752/1/752 748/1/748 750/1/750
f 751/1/751 753/1/753 749/1/749
f 753/1/753 747/1/747 749/1/749
f 753/1/753 752/1/752 750/1/750
f 724/1/724 753/1/753 750/1/750
f 748/1/748 752/1/752 754/1/754
f 754/1/754 751/1/751 748/1/748
f 755/1/755 752/1/752 753/1/753
f 753/1/753 751/1/751 755/1/755
f 729/1/729 754/1/754 752/1/752
f 755/1/755 729/1/729 752/1/752
f 754/1/754 744/1/744 751/1/751
f 755/1/755 751/1/751 744/1/744
f 729/1/729 727/1/727 754/1/754
f 744/1/744 754/1/754 727/1/727
f 756/1/756 729/1/729 755/1/755
f 744/1/744 756/1/756 755/1/755
f 753/1/753 724/1/724 757/1/757
f 757/1/757 747/1/747 753/1/753
f 757/1/757 724/1/724 758/1/758
f 757/1/757 758/1/758 759/1/759
f 758/1/758 760/1/760 759/1/759
f 761/1/761 757/1/757 759/1/759
f 760/1/760 761/1/761 759/1/759
f 760/1/760 758/1/758 762/1/762
f 762/1/762 756/1/756 760/1/760
f 761/1/761 760/1/760 763/1/763
f 763/1/763 760/1/760 756/1/756
f 756/1/756 762/1/762 729/1/729
f 764/1/764 762/1/762 758/1/758
f 758/1/758 765/1/765 764/1/764
f 724/1/724 765/1/765 758/1/758
f 765/1/765 761/1/761 764/1/764
f 762/1/762 764/1/764 766/1/766
f 761/1/761 766/1/766 764/1/764
f 763/1/763 766/1/766 761/1/761
f 767/1/767 762/1/762 766/1/766
f 763/1/763 767/1/767 766/1/766
f 767/1/767 729/1/729 762/1/762
f 756/1/756 768/1/768 763/1/763
f 768/1/768 767/1/767 763/1/763
f 761/1/761 765/1/765 769/1/769
f 769/1/769 757/1/757 761/1/761
f 729/1/729 767/1/767 770/1/770
f 770/1/770 771/1/771 729/1/729
f 772/1/772 729/1/729 771/1/771
f 729/1/729 772/1/772 716/1/716
f 773/1/773 771/1/771 770/1/770
f 774/1/774 772/1/772 771/1/771
f 771/1/771 773/1/773 774/1/774
f 773/1/773 724/1/724 774/1/774
f 765/1/765 724/1/724 773/1/773
f 724/1/724 775/1/775 774/1/774
f 772/1/772 774/1/774 775/1/775
f 724/1/724 717/1/717 775/1/775
f 775/1/775 776/1/776 772/1/772
f 770/1/770 776/1/776 773/1/773
f 775/1/775 777/1/777 776/1/776
f 777/1/777 773/1/773 776/1/776
f 717/1/717 777/1/777 775/1/775
f 773/1/773 777/1/777 765/1/765
f 778/1/778 772/1/772 776/1/776
f 776/1/776 770/1/770 778/1/778
f 779/1/779 772/1/772 778/1/778
f 770/1/770 779/1/779 778/1/778
f 779/1/779 716/1/716 772/1/772
f 779/1/779 770/1/770 767/1/767
f 716/1/716 779/1/779 780/1/780
f 780/1/780 781/1/781 716/1/716
f 782/1/782 716/1/716 781/1/781
f 716/1/716 782/1/782 707/1/707
f 783/1/783 781/1/781 780/1/780
f 781/1/781 783/1/783 784/1/784
f 785/1/785 781/1/781 784/1/784
f 782/1/782 781/1/781 785/1/785
f 783/1/783 717/1/717 784/1/784
f 717/1/717 785/1/785 784/1/784
f 777/1/777 717/1/717 783/1/783
f 785/1/785 717/1/717 688/1/688
f 780/1/780 786/1/786 783/1/783
f 785/1/785 786/1/786 782/1/782
f 786/1/786 780/1/780 787/1/787
f 787/1/787 782/1/782 786/1/786
f 785/1/785 788/1/788 786/1/786
f 788/1/788 783/1/783 786/1/786
f 688/1/688 788/1/788 785/1/785
f 783/1/783 788/1/788 777/1/777
f 780/1/780 789/1/789 787/1/787
f 789/1/789 782/1/782 787/1/787
f 789/1/789 707/1/707 782/1/782
f 789/1/789 780/1/780 779/1/779
f 707/1/707 789/1/789 790/1/790
f 790/1/790 791/1/791 707/1/707
f 708/1/708 707/1/707 791/1/791
f 792/1/792 791/1/791 790/1/790
f 708/1/708 791/1/791 689/1/689
f 791/1/791 792/1/792 793/1/793
f 689/1/689 791/1/791 793/1/793
f 688/1/688 689/1/689 793/1/793
f 792/1/792 688/1/688 793/1/793
f 788/1/788 688/1/688 792/1/792
f 689/1/689 794/1/794 708/1/708
f 790/1/790 794/1/794 792/1/792
f 794/1/794 689/1/689 795/1/795
f 795/1/795 792/1/792 794/1/794
f 689/1/689 14/1/14 795/1/795
f 14/1/14 792/1/792 795/1/795
f 792/1/792 14/1/14 788/1/788
f 796/1/796 642/1/642 797/1/797
f 641/1/641 798/1/798 799/1/799
f 800/1/800 797/1/797 642/1/642
f 642/1/642 801/1/801 800/1/800
f 801/1/801 642/1/642 632/1/632
f 802/1/802 797/1/797 800/1/800
f 641/1/641 799/1/799 802/1/802
f 797/1/797 802/1/802 799/1/799
f 803/1/803 641/1/641 802/1/802
f 800/1/800 803/1/803 802/1/802
f 803/1/803 800/1/800 801/1/801
f 629/1/629 641/1/641 803/1/803
f 804/1/804 797/1/797 799/1/799
f 801/1/801 804/1/804 803/1/803
f 797/1/797 804/1/804 805/1/805
f 804/1/804 801/1/801 805/1/805
f 806/1/806 797/1/797 805/1/805
f 801/1/801 806/1/806 805/1/805
f 806/1/806 796/1/796 797/1/797
f 632/1/632 806/1/806 801/1/801
f 799/1/799 30/1/30 804/1/804
f 30/1/30 803/1/803 804/1/804
f 30/1/30 629/1/629 803/1/803
f 798/1/798 30/1/30 799/1/799
f 629/1/629 30/1/30 29/1/29
f 806/1/806 632/1/632 807/1/807
f 808/1/808 807/1/807 632/1/632
f 809/1/809 808/1/808 632/1/632
f 632/1/632 39/1/39 809/1/809
f 810/1/810 807/1/807 808/1/808
f 808/1/808 809/1/809 810/1/810
f 807/1/807 810/1/810 29/1/29
f 629/1/629 29/1/29 810/1/810
f 811/1/811 629/1/629 810/1/810
f 811/1/811 810/1/810 809/1/809
f 31/1/31 629/1/629 811/1/811
f 809/1/809 812/1/812 811/1/811
f 29/1/29 812/1/812 807/1/807
f 809/1/809 46/1/46 812/1/812
f 46/1/46 807/1/807 812/1/812
f 39/1/39 46/1/46 809/1/809
f 807/1/807 46/1/46 806/1/806
f 813/1/813 811/1/811 812/1/812
f 812/1/812 29/1/29 813/1/813
f 28/1/28 811/1/811 813/1/813
f 29/1/29 28/1/28 813/1/813
f 28/1/28 31/1/31 811/1/811
f 197/1/197 195/1/195 814/1/814
f 200/1/200 756/1/756 815/1/815
f 815/1/815 756/1/756 816/1/816
f 756/1/756 817/1/817 816/1/816
f 815/1/815 816/1/816 818/1/818
f 818/1/818 757/1/757 195/1/195
f 756/1/756 744/1/744 817/1/817
f 818/1/818 816/1/816 819/1/819
f 816/1/816 817/1/817 819/1/819
f 757/1/757 818/1/818 819/1/819
f 820/1/820 757/1/757 819/1/819
f 819/1/819 817/1/817 820/1/820
f 747/1/747 757/1/757 820/1/820
f 821/1/821 817/1/817 744/1/744
f 817/1/817 822/1/822 820/1/820
f 817/1/817 821/1/821 822/1/822
f 818/1/818 822/1/822 815/1/815
f 815/1/815 822/1/822 821/1/821
f 822/1/822 818/1/818 823/1/823
f 820/1/820 822/1/822 823/1/823
f 821/1/821 200/1/200 815/1/815
f 824/1/824 820/1/820 823/1/823
f 818/1/818 824/1/824 823/1/823
f 824/1/824 747/1/747 820/1/820
f 195/1/195 824/1/824 818/1/818
f 825/1/825 747/1/747 824/1/824
f 747/1/747 825/1/825 826/1/826
f 827/1/827 747/1/747 826/1/826
f 828/1/828 827/1/827 826/1/826
f 825/1/825 828/1/828 826/1/826
f 827/1/827 828/1/828 829/1/829
f 744/1/744 829/1/829 828/1/828
f 830/1/830 744/1/744 828/1/828
f 828/1/828 825/1/825 830/1/830
f 821/1/821 744/1/744 830/1/830
f 829/1/829 831/1/831 827/1/827
f 830/1/830 825/1/825 831/1/831
f 832/1/832 827/1/827 831/1/831
f 831/1/831 825/1/825 832/1/832
f 824/1/824 832/1/832 825/1/825
f 831/1/831 829/1/829 833/1/833
f 833/1/833 830/1/830 831/1/831
f 829/1/829 834/1/834 833/1/833
f 834/1/834 830/1/830 833/1/833
f 834/1/834 821/1/821 830/1/830
f 832/1/832 824/1/824 835/1/835
f 821/1/821 834/1/834 836/1/836
f 837/1/837 836/1/836 834/1/834
f 835/1/835 824/1/824 838/1/838
f 824/1/824 839/1/839 838/1/838
f 840/1/840 835/1/835 838/1/838
f 838/1/838 839/1/839 840/1/840
f 835/1/835 840/1/840 836/1/836
f 836/1/836 840/1/840 821/1/821
f 836/1/836 841/1/841 835/1/835
f 842/1/842 821/1/821 840/1/840
f 842/1/842 840/1/840 839/1/839
f 841/1/841 842/1/842 839/1/839
f 841/1/841 836/1/836 843/1/843
f 836/1/836 837/1/837 843/1/843
f 843/1/843 842/1/842 841/1/841
f 837/1/837 842/1/842 843/1/843
f 844/1/844 835/1/835 841/1/841
f 841/1/841 839/1/839 844/1/844
f 837/1/837 535/1/535 842/1/842
f 535/1/535 821/1/821 842/1/842
f 538/1/538 844/1/844 839/1/839
f 824/1/824 538/1/538 839/1/839
f 535/1/535 544/1/544 821/1/821
f 543/1/543 538/1/538 824/1/824
f 200/1/200 821/1/821 544/1/544
f 824/1/824 195/1/195 543/1/543
f 844/1/844 538/1/538 845/1/845
f 845/1/845 846/1/846 844/1/844
f 845/1/845 538/1/538 847/1/847
f 846/1/846 845/1/845 848/1/848
f 845/1/845 847/1/847 849/1/849
f 849/1/849 848/1/848 845/1/845
f 850/1/850 846/1/846 848/1/848
f 538/1/538 850/1/850 847/1/847
f 848/1/848 849/1/849 851/1/851
f 850/1/850 848/1/848 852/1/852
f 851/1/851 852/1/852 848/1/848
f 852/1/852 847/1/847 850/1/850
f 528/1/528 846/1/846 850/1/850
f 850/1/850 538/1/538 528/1/528
f 847/1/847 852/1/852 853/1/853
f 853/1/853 849/1/849 847/1/847
f 854/1/854 852/1/852 851/1/851
f 849/1/849 854/1/854 851/1/851
f 854/1/854 849/1/849 837/1/837
f 535/1/535 837/1/837 849/1/849
f 849/1/849 853/1/853 535/1/535
f 852/1/852 535/1/535 853/1/853
f 854/1/854 524/1/524 852/1/852
f 535/1/535 852/1/852 524/1/524
f 524/1/524 854/1/854 855/1/855
f 854/1/854 856/1/856 855/1/855
f 855/1/855 857/1/857 524/1/524
f 857/1/857 855/1/855 858/1/858
f 859/1/859 524/1/524 857/1/857
f 858/1/858 859/1/859 857/1/857
f 858/1/858 855/1/855 860/1/860
f 855/1/855 856/1/856 861/1/861
f 855/1/855 861/1/861 860/1/860
f 856/1/856 859/1/859 861/1/861
f 859/1/859 858/1/858 862/1/862
f 862/1/862 861/1/861 859/1/859
f 856/1/856 519/1/519 859/1/859
f 524/1/524 859/1/859 519/1/519
f 861/1/861 862/1/862 863/1/863
f 863/1/863 860/1/860 861/1/861
f 528/1/528 862/1/862 858/1/858
f 860/1/860 528/1/528 858/1/858
f 863/1/863 862/1/862 864/1/864
f 864/1/864 860/1/860 863/1/863
f 864/1/864 846/1/846 860/1/860
f 846/1/846 528/1/528 860/1/860
f 514/1/514 864/1/864 862/1/862
f 862/1/862 528/1/528 514/1/514
f 864/1/864 514/1/514 865/1/865
f 866/1/866 864/1/864 865/1/865
f 865/1/865 514/1/514 867/1/867
f 866/1/866 865/1/865 868/1/868
f 869/1/869 868/1/868 865/1/865
f 865/1/865 867/1/867 869/1/869
f 870/1/870 866/1/866 868/1/868
f 514/1/514 870/1/870 867/1/867
f 871/1/871 869/1/869 867/1/867
f 867/1/867 872/1/872 871/1/871
f 872/1/872 867/1/867 870/1/870
f 873/1/873 870/1/870 868/1/868
f 868/1/868 869/1/869 873/1/873
f 870/1/870 873/1/873 872/1/872
f 189/1/189 866/1/866 870/1/870
f 514/1/514 189/1/189 870/1/870
f 869/1/869 871/1/871 519/1/519
f 872/1/872 519/1/519 871/1/871
f 869/1/869 874/1/874 873/1/873
f 874/1/874 872/1/872 873/1/873
f 856/1/856 874/1/874 869/1/869
f 519/1/519 856/1/856 869/1/869
f 874/1/874 186/1/186 872/1/872
f 519/1/519 872/1/872 186/1/186
f 186/1/186 874/1/874 875/1/875
f 874/1/874 876/1/876 875/1/875
f 875/1/875 877/1/877 186/1/186
f 878/1/878 877/1/877 875/1/875
f 866/1/866 189/1/189 878/1/878
f 878/1/878 879/1/879 866/1/866
f 875/1/875 880/1/880 878/1/878
f 875/1/875 876/1/876 880/1/880
f 881/1/881 878/1/878 880/1/880
f 879/1/879 878/1/878 881/1/881
f 880/1/880 882/1/882 881/1/881
f 882/1/882 879/1/879 881/1/881
f 876/1/876 883/1/883 880/1/880
f 882/1/882 880/1/880 883/1/883
f 877/1/877 878/1/878 884/1/884
f 884/1/884 878/1/878 189/1/189
f 884/1/884 883/1/883 877/1/877
f 883/1/883 884/1/884 882/1/882
f 189/1/189 882/1/882 884/1/884
f 883/1/883 186/1/186 877/1/877
f 176/1/176 879/1/879 882/1/882
f 189/1/189 176/1/176 882/1/882
f 876/1/876 179/1/179 883/1/883
f 179/1/179 186/1/186 883/1/883
f 179/1/179 876/1/876 885/1/885
f 876/1/876 442/1/442 885/1/885
f 879/1/879 176/1/176 886/1/886
f 446/1/446 879/1/879 886/1/886
f 885/1/885 887/1/887 179/1/179
f 886/1/886 887/1/887 885/1/885
f 885/1/885 442/1/442 888/1/888
f 885/1/885 888/1/888 886/1/886
f 442/1/442 443/1/443 888/1/888
f 443/1/443 179/1/179 887/1/887
f 889/1/889 886/1/886 888/1/888
f 443/1/443 889/1/889 888/1/888
f 446/1/446 886/1/886 889/1/889
f 887/1/887 886/1/886 890/1/890
f 890/1/890 443/1/443 887/1/887
f 890/1/890 886/1/886 176/1/176
f 891/1/891 889/1/889 443/1/443
f 891/1/891 446/1/446 889/1/889
f 443/1/443 890/1/890 891/1/891
f 176/1/176 891/1/891 890/1/890
f 173/1/173 446/1/446 891/1/891
f 891/1/891 176/1/176 173/1/173
f 892/1/892 893/1/893 213/1/213
f 893/1/893 892/1/892 894/1/894
f 895/1/895 893/1/893 894/1/894
f 769/1/769 893/1/893 895/1/895
f 892/1/892 896/1/896 894/1/894
f 896/1/896 895/1/895 894/1/894
f 897/1/897 898/1/898 896/1/896
f 897/1/897 896/1/896 892/1/892
f 217/1/217 898/1/898 897/1/897
f 898/1/898 899/1/899 896/1/896
f 895/1/895 896/1/896 899/1/899
f 898/1/898 768/1/768 899/1/899
f 899/1/899 900/1/900 895/1/895
f 892/1/892 900/1/900 897/1/897
f 899/1/899 201/1/201 900/1/900
f 897/1/897 900/1/900 201/1/201
f 201/1/201 899/1/899 768/1/768
f 201/1/201 217/1/217 897/1/897
f 895/1/895 900/1/900 901/1/901
f 900/1/900 892/1/892 901/1/901
f 197/1/197 895/1/895 901/1/901
f 892/1/892 197/1/197 901/1/901
f 197/1/197 769/1/769 895/1/895
f 213/1/213 197/1/197 892/1/892
f 814/1/814 769/1/769 197/1/197
f 769/1/769 814/1/814 902/1/902
f 903/1/903 769/1/769 902/1/902
f 757/1/757 769/1/769 903/1/903
f 904/1/904 902/1/902 814/1/814
f 902/1/902 904/1/904 905/1/905
f 902/1/902 906/1/906 903/1/903
f 905/1/905 906/1/906 902/1/902
f 904/1/904 768/1/768 905/1/905
f 768/1/768 906/1/906 905/1/905
f 768/1/768 904/1/904 201/1/201
f 768/1/768 756/1/756 906/1/906
f 907/1/907 904/1/904 814/1/814
f 906/1/906 907/1/907 903/1/903
f 908/1/908 904/1/904 907/1/907
f 907/1/907 906/1/906 908/1/908
f 200/1/200 904/1/904 908/1/908
f 906/1/906 200/1/200 908/1/908
f 904/1/904 200/1/200 201/1/201
f 200/1/200 906/1/906 756/1/756
f 814/1/814 195/1/195 907/1/907
f 195/1/195 903/1/903 907/1/907
f 903/1/903 195/1/195 757/1/757
f 669/1/669 668/1/668 672/1/672
f 672/1/672 666/1/666 669/1/669
f 661/1/661 672/1/672 671/1/671
f 909/1/909 666/1/666 672/1/672
f 661/1/661 909/1/909 672/1/672
f 665/1/665 910/1/910 668/1/668
f 662/1/662 668/1/668 910/1/910
f 910/1/910 665/1/665 911/1/911
f 912/1/912 911/1/911 665/1/665
f 666/1/666 909/1/909 913/1/913
f 914/1/914 666/1/666 913/1/913
f 915/1/915 913/1/913 909/1/909
f 914/1/914 913/1/913 916/1/916
f 917/1/917 913/1/913 915/1/915
f 913/1/913 917/1/917 911/1/911
f 910/1/910 911/1/911 917/1/917
f 918/1/918 913/1/913 911/1/911
f 913/1/913 918/1/918 916/1/916
f 911/1/911 912/1/912 918/1/918
f 915/1/915 919/1/919 917/1/917
f 918/1/918 919/1/919 916/1/916
f 909/1/909 919/1/919 915/1/915
f 919/1/919 914/1/914 916/1/916
f 919/1/919 918/1/918 920/1/920
f 917/1/917 919/1/919 920/1/920
f 920/1/920 918/1/918 912/1/912
f 920/1/920 910/1/910 917/1/917
f 912/1/912 921/1/921 920/1/920
f 910/1/910 920/1/920 921/1/921
f 922/1/922 914/1/914 919/1/919
f 919/1/919 909/1/909 922/1/922
f 914/1/914 922/1/922 923/1/923
f 921/1/921 912/1/912 924/1/924
f 925/1/925 922/1/922 909/1/909
f 921/1/921 926/1/926 910/1/910
f 922/1/922 925/1/925 927/1/927
f 926/1/926 927/1/927 925/1/925
f 928/1/928 922/1/922 927/1/927
f 927/1/927 926/1/926 929/1/929
f 929/1/929 928/1/928 927/1/927
f 926/1/926 921/1/921 929/1/929
f 928/1/928 929/1/929 930/1/930
f 921/1/921 930/1/930 929/1/929
f 925/1/925 931/1/931 926/1/926
f 930/1/930 931/1/931 928/1/928
f 931/1/931 925/1/925 932/1/932
f 928/1/928 931/1/931 932/1/932
f 932/1/932 925/1/925 933/1/933
f 933/1/933 928/1/928 932/1/932
f 909/1/909 933/1/933 925/1/925
f 934/1/934 926/1/926 931/1/931
f 930/1/930 934/1/934 931/1/931
f 934/1/934 910/1/910 926/1/926
f 921/1/921 935/1/935 930/1/930
f 934/1/934 930/1/930 935/1/935
f 933/1/933 909/1/909 936/1/936
f 910/1/910 934/1/934 937/1/937
f 910/1/910 937/1/937 938/1/938
f 939/1/939 910/1/910 938/1/938
f 662/1/662 910/1/910 939/1/939
f 937/1/937 940/1/940 938/1/938
f 940/1/940 939/1/939 938/1/938
f 940/1/940 937/1/937 936/1/936
f 936/1/936 909/1/909 940/1/940
f 909/1/909 941/1/941 940/1/940
f 939/1/939 940/1/940 941/1/941
f 909/1/909 661/1/661 941/1/941
f 941/1/941 942/1/942 939/1/939
f 937/1/937 942/1/942 936/1/936
f 942/1/942 941/1/941 943/1/943
f 936/1/936 942/1/942 943/1/943
f 937/1/937 944/1/944 942/1/942
f 939/1/939 942/1/942 944/1/944
f 944/1/944 937/1/937 934/1/934
f 944/1/944 662/1/662 939/1/939
f 941/1/941 945/1/945 943/1/943
f 945/1/945 936/1/936 943/1/943
f 661/1/661 945/1/945 941/1/941
f 936/1/936 945/1/945 933/1/933
f 945/1/945 661/1/661 946/1/946
f 946/1/946 661/1/661 947/1/947
f 661/1/661 948/1/948 947/1/947
f 948/1/948 661/1/661 650/1/650
f 949/1/949 946/1/946 947/1/947
f 948/1/948 949/1/949 947/1/947
f 946/1/946 949/1/949 950/1/950
f 662/1/662 950/1/950 949/1/949
f 662/1/662 944/1/944 950/1/950
f 951/1/951 662/1/662 949/1/949
f 949/1/949 948/1/948 951/1/951
f 651/1/651 662/1/662 951/1/951
f 950/1/950 952/1/952 946/1/946
f 948/1/948 952/1/952 951/1/951
f 950/1/950 953/1/953 952/1/952
f 953/1/953 951/1/951 952/1/952
f 953/1/953 950/1/950 944/1/944
f 951/1/951 953/1/953 651/1/651
f 954/1/954 946/1/946 952/1/952
f 952/1/952 948/1/948 954/1/954
f 955/1/955 946/1/946 954/1/954
f 948/1/948 955/1/955 954/1/954
f 955/1/955 945/1/945 946/1/946
f 650/1/650 955/1/955 948/1/948
f 651/1/651 953/1/953 956/1/956
f 651/1/651 956/1/956 957/1/957
f 958/1/958 651/1/651 957/1/957
f 651/1/651 958/1/958 641/1/641
f 957/1/957 956/1/956 959/1/959
f 959/1/959 958/1/958 957/1/957
f 960/1/960 650/1/650 959/1/959
f 960/1/960 959/1/959 956/1/956
f 955/1/955 650/1/650 960/1/960
f 650/1/650 961/1/961 959/1/959
f 958/1/958 959/1/959 961/1/961
f 961/1/961 650/1/650 642/1/642
f 961/1/961 962/1/962 958/1/958
f 956/1/956 962/1/962 960/1/960
f 961/1/961 796/1/796 962/1/962
f 796/1/796 960/1/960 962/1/962
f 642/1/642 796/1/796 961/1/961
f 960/1/960 796/1/796 955/1/955
f 963/1/963 958/1/958 962/1/962
f 962/1/962 956/1/956 963/1/963
f 798/1/798 958/1/958 963/1/963
f 956/1/956 798/1/798 963/1/963
f 958/1/958 798/1/798 641/1/641
f 798/1/798 956/1/956 953/1/953
f 834/1/834 138/1/138 149/1/149
f 42/1/42 834/1/834 149/1/149
f 832/1/832 44/1/44 146/1/146
f 141/1/141 832/1/832 146/1/146
f 44/1/44 832/1/832 964/1/964
f 46/1/46 44/1/44 964/1/964
f 832/1/832 141/1/141 827/1/827
f 141/1/141 747/1/747 827/1/827
f 834/1/834 42/1/42 965/1/965
f 42/1/42 28/1/28 965/1/965
f 138/1/138 834/1/834 829/1/829
f 744/1/744 138/1/138 829/1/829
f 965/1/965 28/1/28 966/1/966
f 965/1/965 966/1/966 964/1/964
f 28/1/28 967/1/967 966/1/966
f 964/1/964 968/1/968 965/1/965
f 965/1/965 968/1/968 834/1/834
f 964/1/964 966/1/966 969/1/969
f 967/1/967 834/1/834 968/1/968
f 968/1/968 964/1/964 970/1/970
f 28/1/28 837/1/837 967/1/967
f 834/1/834 967/1/967 837/1/837
f 967/1/967 968/1/968 971/1/971
f 971/1/971 966/1/966 967/1/967
f 970/1/970 971/1/971 968/1/968
f 966/1/966 971/1/971 969/1/969
f 964/1/964 832/1/832 970/1/970
f 832/1/832 971/1/971 970/1/970
f 46/1/46 964/1/964 969/1/969
f 969/1/969 971/1/971 46/1/46
f 844/1/844 46/1/46 971/1/971
f 832/1/832 844/1/844 971/1/971
f 46/1/46 844/1/844 972/1/972
f 806/1/806 46/1/46 972/1/972
f 844/1/844 832/1/832 835/1/835
f 806/1/806 972/1/972 973/1/973
f 973/1/973 974/1/974 806/1/806
f 975/1/975 973/1/973 972/1/972
f 975/1/975 974/1/974 973/1/973
f 33/1/33 975/1/975 972/1/972
f 974/1/974 975/1/975 976/1/976
f 33/1/33 30/1/30 975/1/975
f 30/1/30 976/1/976 975/1/975
f 972/1/972 977/1/977 33/1/33
f 972/1/972 844/1/844 977/1/977
f 844/1/844 974/1/974 977/1/977
f 976/1/976 977/1/977 974/1/974
f 978/1/978 33/1/33 977/1/977
f 977/1/977 976/1/976 978/1/978
f 33/1/33 978/1/978 837/1/837
f 976/1/976 837/1/837 978/1/978
f 837/1/837 28/1/28 33/1/33
f 30/1/30 854/1/854 976/1/976
f 837/1/837 976/1/976 854/1/854
f 979/1/979 854/1/854 30/1/30
f 798/1/798 979/1/979 30/1/30
f 854/1/854 979/1/979 980/1/980
f 980/1/980 979/1/979 981/1/981
f 982/1/982 854/1/854 980/1/980
f 981/1/981 982/1/982 980/1/980
f 983/1/983 981/1/981 979/1/979
f 982/1/982 981/1/981 984/1/984
f 979/1/979 985/1/985 983/1/983
f 979/1/979 798/1/798 985/1/985
f 798/1/798 982/1/982 985/1/985
f 984/1/984 985/1/985 982/1/982
f 798/1/798 856/1/856 982/1/982
f 854/1/854 982/1/982 856/1/856
f 985/1/985 984/1/984 986/1/986
f 983/1/983 985/1/985 986/1/986
f 846/1/846 984/1/984 981/1/981
f 983/1/983 846/1/846 981/1/981
f 984/1/984 796/1/796 986/1/986
f 796/1/796 983/1/983 986/1/986
f 983/1/983 796/1/796 806/1/806
f 806/1/806 846/1/846 983/1/983
f 846/1/846 806/1/806 974/1/974
f 864/1/864 796/1/796 984/1/984
f 984/1/984 846/1/846 864/1/864
f 844/1/844 846/1/846 974/1/974
f 796/1/796 864/1/864 987/1/987
f 987/1/987 955/1/955 796/1/796
f 955/1/955 987/1/987 988/1/988
f 989/1/989 955/1/955 988/1/988
f 988/1/988 987/1/987 990/1/990
f 990/1/990 989/1/989 988/1/988
f 991/1/991 990/1/990 987/1/987
f 989/1/989 990/1/990 992/1/992
f 991/1/991 953/1/953 990/1/990
f 953/1/953 992/1/992 990/1/990
f 953/1/953 991/1/991 798/1/798
f 856/1/856 798/1/798 991/1/991
f 987/1/987 993/1/993 991/1/991
f 991/1/991 993/1/993 856/1/856
f 992/1/992 856/1/856 993/1/993
f 993/1/993 987/1/987 994/1/994
f 994/1/994 992/1/992 993/1/993
f 992/1/992 994/1/994 989/1/989
f 987/1/987 864/1/864 994/1/994
f 864/1/864 989/1/989 994/1/994
f 953/1/953 874/1/874 992/1/992
f 856/1/856 992/1/992 874/1/874
f 874/1/874 953/1/953 995/1/995
f 953/1/953 944/1/944 995/1/995
f 864/1/864 866/1/866 989/1/989
f 866/1/866 955/1/955 989/1/989
f 955/1/955 866/1/866 996/1/996
f 945/1/945 955/1/955 996/1/996
f 995/1/995 997/1/997 874/1/874
f 997/1/997 995/1/995 998/1/998
f 996/1/996 998/1/998 995/1/995
f 996/1/996 866/1/866 998/1/998
f 995/1/995 999/1/999 996/1/996
f 995/1/995 944/1/944 999/1/999
f 1000/1/1000 996/1/996 999/1/999
f 996/1/996 1000/1/1000 945/1/945
f 944/1/944 1001/1/1001 999/1/999
f 999/1/999 1001/1/1001 1000/1/1000
f 998/1/998 1001/1/1001 997/1/997
f 1001/1/1001 874/1/874 997/1/997
f 1001/1/1001 998/1/998 1002/1/1002
f 1002/1/1002 945/1/945 1000/1/1000
f 1002/1/1002 1000/1/1000 1001/1/1001
f 866/1/866 1002/1/1002 998/1/998
f 879/1/879 945/1/945 1002/1/1002
f 1002/1/1002 866/1/866 879/1/879
f 944/1/944 876/1/876 1001/1/1001
f 874/1/874 1001/1/1001 876/1/876
f 876/1/876 944/1/944 1003/1/1003
f 944/1/944 934/1/934 1003/1/1003
f 945/1/945 879/1/879 1004/1/1004
f 1004/1/1004 933/1/933 945/1/945
f 1004/1/1004 879/1/879 1005/1/1005
f 1003/1/1003 934/1/934 1006/1/1006
f 1006/1/1006 1004/1/1004 1003/1/1003
f 934/1/934 1007/1/1007 1006/1/1006
f 1004/1/1004 1006/1/1006 1008/1/1008
f 1006/1/1006 1007/1/1007 1008/1/1008
f 933/1/933 1004/1/1004 1008/1/1008
f 1004/1/1004 1009/1/1009 1003/1/1003
f 1009/1/1009 1004/1/1004 1005/1/1005
f 1003/1/1003 1009/1/1009 876/1/876
f 1007/1/1007 876/1/876 1009/1/1009
f 1005/1/1005 1010/1/1010 1009/1/1009
f 1007/1/1007 1009/1/1009 1010/1/1010
f 1010/1/1010 1008/1/1008 1007/1/1007
f 1010/1/1010 933/1/933 1008/1/1008
f 879/1/879 1010/1/1010 1005/1/1005
f 446/1/446 933/1/933 1010/1/1010
f 1010/1/1010 879/1/879 446/1/446
f 934/1/934 442/1/442 1007/1/1007
f 876/1/876 1007/1/1007 442/1/442
f 442/1/442 934/1/934 1011/1/1011
f 934/1/934 935/1/935 1011/1/1011
f 933/1/933 446/1/446 1012/1/1012
f 1012/1/1012 1013/1/1013 933/1/933
f 928/1/928 933/1/933 1013/1/1013
f 1013/1/1013 922/1/922 928/1/928
f 1012/1/1012 1014/1/1014 1011/1/1011
f 1012/1/1012 446/1/446 1014/1/1014
f 1011/1/1011 1015/1/1015 1012/1/1012
f 1013/1/1013 1012/1/1012 1015/1/1015
f 1015/1/1015 1011/1/1011 1016/1/1016
f 1011/1/1011 935/1/935 1016/1/1016
f 1017/1/1017 1015/1/1015 1016/1/1016
f 935/1/935 1017/1/1017 1016/1/1016
f 1011/1/1011 1014/1/1014 1018/1/1018
f 1011/1/1011 1018/1/1018 442/1/442
f 1019/1/1019 1018/1/1018 1014/1/1014
f 1015/1/1015 1017/1/1017 1019/1/1019
f 1017/1/1017 442/1/442 1018/1/1018
f 1017/1/1017 1018/1/1018 1019/1/1019
f 1019/1/1019 1013/1/1013 1015/1/1015
f 446/1/446 1019/1/1019 1014/1/1014
f 448/1/448 1013/1/1013 1019/1/1019
f 1019/1/1019 446/1/446 448/1/448
f 442/1/442 1017/1/1017 445/1/445
f 935/1/935 445/1/445 1017/1/1017
f 1013/1/1013 448/1/448 1020/1/1020
f 1021/1/1021 1020/1/1020 448/1/448
f 1022/1/1022 1020/1/1020 1021/1/1021
f 1023/1/1023 1021/1/1021 448/1/448
f 1021/1/1021 1023/1/1023 1022/1/1022
f 1020/1/1020 1022/1/1022 1024/1/1024
f 445/1/445 1024/1/1024 1022/1/1022
f 445/1/445 935/1/935 1024/1/1024
f 1024/1/1024 1025/1/1025 1020/1/1020
f 250/1/250 1020/1/1020 1025/1/1025
f 250/1/250 1013/1/1013 1020/1/1020
f 1023/1/1023 250/1/250 1025/1/1025
f 1025/1/1025 1024/1/1024 1026/1/1026
f 1026/1/1026 1023/1/1023 1025/1/1025
f 1024/1/1024 253/1/253 1026/1/1026
f 253/1/253 1024/1/1024 935/1/935
f 1023/1/1023 1026/1/1026 1027/1/1027
f 253/1/253 1027/1/1027 1026/1/1026
f 1022/1/1022 1023/1/1023 1027/1/1027
f 1027/1/1027 445/1/445 1022/1/1022
f 460/1/460 250/1/250 1023/1/1023
f 448/1/448 460/1/460 1023/1/1023
f 445/1/445 1027/1/1027 458/1/458
f 253/1/253 458/1/458 1027/1/1027
f 1028/1/1028 1013/1/1013 250/1/250
f 1013/1/1013 1028/1/1028 1029/1/1029
f 1029/1/1029 1030/1/1030 1013/1/1013
f 922/1/922 1013/1/1013 1030/1/1030
f 1031/1/1031 1029/1/1029 1028/1/1028
f 1029/1/1029 1031/1/1031 1032/1/1032
f 1029/1/1029 1033/1/1033 1030/1/1030
f 1033/1/1033 1029/1/1029 1032/1/1032
f 1031/1/1031 935/1/935 1032/1/1032
f 935/1/935 1033/1/1033 1032/1/1032
f 935/1/935 1031/1/1031 253/1/253
f 935/1/935 921/1/921 1033/1/1033
f 1034/1/1034 1031/1/1031 1028/1/1028
f 1033/1/1033 1034/1/1034 1030/1/1030
f 1031/1/1031 1034/1/1034 1035/1/1035
f 1034/1/1034 1033/1/1033 1035/1/1035
f 1031/1/1031 1035/1/1035 239/1/239
f 1033/1/1033 239/1/239 1035/1/1035
f 239/1/239 1033/1/1033 921/1/921
f 239/1/239 253/1/253 1031/1/1031
f 1028/1/1028 241/1/241 1034/1/1034
f 241/1/241 1030/1/1030 1034/1/1034
f 1030/1/1030 241/1/241 922/1/922
f 250/1/250 241/1/241 1028/1/1028
f 921/1/921 1036/1/1036 239/1/239
f 1036/1/1036 921/1/921 1037/1/1037
f 921/1/921 924/1/924 1037/1/1037
f 1037/1/1037 1038/1/1038 1036/1/1036
f 1038/1/1038 922/1/922 241/1/241
f 924/1/924 1039/1/1039 1037/1/1037
f 1038/1/1038 1037/1/1037 1039/1/1039
f 922/1/922 1038/1/1038 1039/1/1039
f 923/1/923 922/1/922 1039/1/1039
f 923/1/923 1039/1/1039 924/1/924
f 1038/1/1038 1040/1/1040 1036/1/1036
f 1040/1/1040 923/1/923 924/1/924
f 1040/1/1040 1038/1/1038 1041/1/1041
f 1041/1/1041 923/1/923 1040/1/1040
f 1038/1/1038 227/1/227 1041/1/1041
f 227/1/227 923/1/923 1041/1/1041
f 241/1/241 227/1/227 1038/1/1038
f 1036/1/1036 1040/1/1040 229/1/229
f 924/1/924 229/1/229 1040/1/1040
f 229/1/229 239/1/239 1036/1/1036
f 229/1/229 924/1/924 912/1/912
f 227/1/227 914/1/914 923/1/923
f 912/1/912 1042/1/1042 229/1/229
f 1042/1/1042 912/1/912 1043/1/1043
f 912/1/912 1044/1/1044 1043/1/1043
f 912/1/912 898/1/898 1044/1/1044
f 1045/1/1045 1042/1/1042 1043/1/1043
f 1044/1/1044 1045/1/1045 1043/1/1043
f 1042/1/1042 1045/1/1045 1046/1/1046
f 914/1/914 1046/1/1046 1045/1/1045
f 1047/1/1047 1045/1/1045 1044/1/1044
f 1047/1/1047 914/1/914 1045/1/1045
f 1046/1/1046 914/1/914 227/1/227
f 893/1/893 914/1/914 1047/1/1047
f 1046/1/1046 1048/1/1048 1042/1/1042
f 1048/1/1048 1047/1/1047 1044/1/1044
f 1048/1/1048 1046/1/1046 1049/1/1049
f 1047/1/1047 1048/1/1048 1049/1/1049
f 1046/1/1046 213/1/213 1049/1/1049
f 213/1/213 1047/1/1047 1049/1/1049
f 227/1/227 213/1/213 1046/1/1046
f 213/1/213 893/1/893 1047/1/1047
f 217/1/217 1042/1/1042 1048/1/1048
f 1044/1/1044 217/1/217 1048/1/1048
f 1042/1/1042 217/1/217 229/1/229
f 217/1/217 1044/1/1044 898/1/898
f 3/1/3 708/1/708 794/1/794
f 790/1/790 3/1/3 794/1/794
f 3/1/3 790/1/790 789/1/789
f 1050/1/1050 788/1/788 14/1/14
f 789/1/789 1051/1/1051 3/1/3
f 1051/1/1051 789/1/789 1052/1/1052
f 1053/1/1053 1052/1/1052 789/1/789
f 1054/1/1054 1051/1/1051 1052/1/1052
f 1053/1/1053 1054/1/1054 1052/1/1052
f 1051/1/1051 1054/1/1054 1050/1/1050
f 788/1/788 1050/1/1050 1054/1/1054
f 1055/1/1055 788/1/788 1054/1/1054
f 1054/1/1054 1053/1/1053 1055/1/1055
f 1050/1/1050 1056/1/1056 1051/1/1051
f 1053/1/1053 1056/1/1056 1055/1/1055
f 1056/1/1056 1050/1/1050 1057/1/1057
f 1057/1/1057 1055/1/1055 1056/1/1056
f 1057/1/1057 1050/1/1050 564/1/564
f 564/1/564 1055/1/1055 1057/1/1057
f 14/1/14 564/1/564 1050/1/1050
f 561/1/561 1051/1/1051 1056/1/1056
f 1053/1/1053 561/1/561 1056/1/1056
f 561/1/561 3/1/3 1051/1/1051
f 789/1/789 554/1/554 1053/1/1053
f 554/1/554 561/1/561 1053/1/1053
f 554/1/554 789/1/789 1058/1/1058
f 779/1/779 1058/1/1058 789/1/789
f 554/1/554 1058/1/1058 1059/1/1059
f 1058/1/1058 779/1/779 1060/1/1060
f 1061/1/1061 1059/1/1059 1058/1/1058
f 1060/1/1060 1061/1/1061 1058/1/1058
f 1059/1/1059 1061/1/1061 1062/1/1062
f 1061/1/1061 1060/1/1060 1063/1/1063
f 1062/1/1062 1064/1/1064 1059/1/1059
f 1060/1/1060 1064/1/1064 1063/1/1063
f 1062/1/1062 1061/1/1061 556/1/556
f 556/1/556 1064/1/1064 1062/1/1062
f 777/1/777 1061/1/1061 1063/1/1063
f 1064/1/1064 777/1/777 1063/1/1063
f 1061/1/1061 777/1/777 788/1/788
f 788/1/788 556/1/556 1061/1/1061
f 556/1/556 788/1/788 1055/1/1055
f 1064/1/1064 1060/1/1060 1065/1/1065
f 1065/1/1065 1060/1/1060 779/1/779
f 1059/1/1059 1064/1/1064 1065/1/1065
f 1065/1/1065 554/1/554 1059/1/1059
f 1066/1/1066 777/1/777 1064/1/1064
f 1064/1/1064 556/1/556 1066/1/1066
f 779/1/779 1067/1/1067 1065/1/1065
f 554/1/554 1065/1/1065 1067/1/1067
f 1067/1/1067 779/1/779 1068/1/1068
f 777/1/777 1066/1/1066 1069/1/1069
f 779/1/779 767/1/767 1068/1/1068
f 765/1/765 777/1/777 1069/1/1069
f 1055/1/1055 564/1/564 556/1/556
f 765/1/765 1069/1/1069 1070/1/1070
f 1071/1/1071 765/1/765 1070/1/1070
f 1070/1/1070 1069/1/1069 1072/1/1072
f 1072/1/1072 1071/1/1071 1070/1/1070
f 1072/1/1072 1069/1/1069 1068/1/1068
f 1068/1/1068 767/1/767 1072/1/1072
f 1069/1/1069 1073/1/1073 1068/1/1068
f 1066/1/1066 1073/1/1073 1069/1/1069
f 1068/1/1068 1073/1/1073 1074/1/1074
f 1067/1/1067 1068/1/1068 1074/1/1074
f 1066/1/1066 1071/1/1071 1073/1/1073
f 1073/1/1073 1075/1/1075 1074/1/1074
f 1075/1/1075 1073/1/1073 1071/1/1071
f 1075/1/1075 1072/1/1072 767/1/767
f 1071/1/1071 1072/1/1072 1075/1/1075
f 1075/1/1075 1067/1/1067 1074/1/1074
f 767/1/767 1076/1/1076 1075/1/1075
f 1067/1/1067 1075/1/1075 1076/1/1076
f 1076/1/1076 767/1/767 1077/1/1077
f 768/1/768 1077/1/1077 767/1/767
f 1078/1/1078 765/1/765 1071/1/1071
f 1071/1/1071 1066/1/1066 1078/1/1078
f 765/1/765 1078/1/1078 1079/1/1079
f 1079/1/1079 769/1/769 765/1/765
f 1079/1/1079 1078/1/1078 1080/1/1080
f 1079/1/1079 1080/1/1080 1077/1/1077
f 769/1/769 1079/1/1079 1081/1/1081
f 1077/1/1077 1081/1/1081 1079/1/1079
f 1077/1/1077 1080/1/1080 1082/1/1082
f 1076/1/1076 1077/1/1077 1082/1/1082
f 1081/1/1081 1077/1/1077 1083/1/1083
f 1077/1/1077 768/1/768 1083/1/1083
f 1083/1/1083 1084/1/1084 1081/1/1081
f 1084/1/1084 1082/1/1082 1080/1/1080
f 1084/1/1084 769/1/769 1081/1/1081
f 1078/1/1078 1084/1/1084 1080/1/1080
f 1085/1/1085 1082/1/1082 1084/1/1084
f 1084/1/1084 1083/1/1083 1085/1/1085
f 1085/1/1085 1076/1/1076 1082/1/1082
f 1085/1/1085 1083/1/1083 768/1/768
f 898/1/898 1076/1/1076 1085/1/1085
f 768/1/768 898/1/898 1085/1/1085
f 1084/1/1084 1078/1/1078 893/1/893
f 893/1/893 769/1/769 1084/1/1084
f 893/1/893 1078/1/1078 1086/1/1086
f 893/1/893 1086/1/1086 1087/1/1087
f 1088/1/1088 893/1/893 1087/1/1087
f 1086/1/1086 1089/1/1089 1087/1/1087
f 1089/1/1089 1088/1/1088 1087/1/1087
f 1090/1/1090 1089/1/1089 1086/1/1086
f 1090/1/1090 898/1/898 1089/1/1089
f 1088/1/1088 1089/1/1089 1091/1/1091
f 1091/1/1091 1089/1/1089 898/1/898
f 914/1/914 893/1/893 1088/1/1088
f 1091/1/1091 1092/1/1092 1088/1/1088
f 1086/1/1086 1092/1/1092 1090/1/1090
f 1092/1/1092 1091/1/1091 1093/1/1093
f 1093/1/1093 1090/1/1090 1092/1/1092
f 1086/1/1086 666/1/666 1092/1/1092
f 666/1/666 1088/1/1088 1092/1/1092
f 1088/1/1088 666/1/666 914/1/914
f 1078/1/1078 666/1/666 1086/1/1086
f 1091/1/1091 665/1/665 1093/1/1093
f 665/1/665 1090/1/1090 1093/1/1093
f 665/1/665 1091/1/1091 912/1/912
f 898/1/898 912/1/912 1091/1/1091
f 665/1/665 1076/1/1076 1090/1/1090
f 898/1/898 1090/1/1090 1076/1/1076
f 1076/1/1076 665/1/665 1094/1/1094
f 1094/1/1094 1095/1/1095 1076/1/1076
f 1096/1/1096 1076/1/1076 1095/1/1095
f 1076/1/1076 1096/1/1096 1067/1/1067
f 1094/1/1094 1097/1/1097 1095/1/1095
f 1097/1/1097 1096/1/1096 1095/1/1095
f 1097/1/1097 1094/1/1094 1098/1/1098
f 1098/1/1098 1078/1/1078 1097/1/1097
f 666/1/666 1078/1/1078 1098/1/1098
f 1078/1/1078 1099/1/1099 1097/1/1097
f 1096/1/1096 1097/1/1097 1099/1/1099
f 1099/1/1099 1078/1/1078 1066/1/1066
f 1099/1/1099 1100/1/1100 1096/1/1096
f 1094/1/1094 1100/1/1100 1098/1/1098
f 1099/1/1099 654/1/654 1100/1/1100
f 654/1/654 1098/1/1098 1100/1/1100
f 1066/1/1066 654/1/654 1099/1/1099
f 1098/1/1098 654/1/654 666/1/666
f 1096/1/1096 1100/1/1100 1101/1/1101
f 1100/1/1100 1094/1/1094 1101/1/1101
f 553/1/553 1096/1/1096 1101/1/1101
f 1094/1/1094 553/1/553 1101/1/1101
f 553/1/553 1067/1/1067 1096/1/1096
f 553/1/553 1094/1/1094 665/1/665
f 1067/1/1067 553/1/553 549/1/549
f 549/1/549 1102/1/1102 1067/1/1067
f 552/1/552 1067/1/1067 1102/1/1102
f 1067/1/1067 552/1/552 554/1/554
f 549/1/549 1103/1/1103 1102/1/1102
f 1103/1/1103 552/1/552 1102/1/1102
f 1104/1/1104 1103/1/1103 549/1/549
f 552/1/552 1103/1/1103 1105/1/1105
f 1104/1/1104 1066/1/1066 1103/1/1103
f 1066/1/1066 1105/1/1105 1103/1/1103
f 654/1/654 1066/1/1066 1104/1/1104
f 1105/1/1105 1066/1/1066 556/1/556
f 551/1/551 1104/1/1104 549/1/549
f 1105/1/1105 551/1/551 552/1/552
f 1106/1/1106 1104/1/1104 551/1/551
f 551/1/551 1105/1/1105 1106/1/1106
f 555/1/555 1104/1/1104 1106/1/1106
f 1106/1/1106 1105/1/1105 555/1/555
f 1104/1/1104 555/1/555 654/1/654
f 556/1/556 555/1/555 1105/1/1105
