# Blender 5.2.0 LTS
# www.blender.org
mtllib za net.mtl
o THE_NET
v 0.266972 0.441770 -0.068821
v 0.338690 0.481718 -0.122327
v 0.338816 0.488695 -0.117398
v 0.429972 0.438872 -0.070300
v 0.429469 0.430951 -0.073469
v 0.429972 0.438872 0.070304
v 0.426492 0.441088 -0.072426
v 0.341831 0.489430 -0.119412
v 0.341251 0.483346 -0.125384
v 0.413935 0.535267 -0.167355
v 0.416657 0.537427 -0.169622
v 0.415299 0.529564 -0.173566
v 0.427872 0.435003 -0.078271
v 0.416242 0.533978 -0.177425
v 0.113501 0.667466 -0.102455
v 0.185729 0.768007 -0.076356
v 0.188192 0.762704 -0.070131
v 0.384738 0.775052 -0.070215
v 0.384170 0.782904 -0.073525
v 0.297950 0.728259 -0.123848
v 0.397477 0.679774 -0.177467
v 0.395753 0.684350 -0.173566
v 0.298738 0.722282 -0.117806
v 0.394592 0.678459 -0.167481
v 0.384170 0.782904 0.073529
v 0.384738 0.775052 0.070234
v 0.394592 0.678459 0.167486
v 0.397919 0.676635 0.169542
v 0.298738 0.722282 0.117810
v 0.395753 0.684350 0.173570
v 0.297950 0.728259 0.123853
v 0.397477 0.679774 0.177486
v 0.416657 0.537427 0.169627
v 0.416242 0.533978 0.177430
v 0.113501 0.667466 0.102459
v 0.188192 0.762704 0.070135
v 0.185729 0.768007 0.076360
v -0.359066 0.181491 -0.011695
v -0.359667 0.178629 -0.005807
v -0.358097 0.180197 -0.013033
v -0.359570 0.180857 -0.006751
v -0.358616 0.211252 -0.018807
v -0.363450 0.183673 -0.006808
v -0.369176 0.180479 -0.012272
v -0.364923 0.183594 -0.005385
v -0.358294 0.223268 -0.023695
v -0.361728 0.182294 -0.022173
v -0.356942 0.184639 -0.015498
v -0.344738 0.243439 -0.047230
v -0.343697 0.247297 -0.049539
v -0.356704 0.222455 -0.024540
v -0.357347 0.226461 -0.024427
v -0.344524 0.248098 -0.048187
v -0.329784 0.316307 -0.044990
v -0.327848 0.322384 -0.046441
v -0.368278 0.261407 -0.020286
v -0.235723 0.450275 0.075220
v -0.239435 0.451565 0.082515
v -0.287733 0.366787 0.091149
v -0.284554 0.365343 0.083346
v -0.234772 0.448795 0.075910
v -0.287234 0.362477 0.082501
v -0.238925 0.446120 0.074107
v -0.317760 0.398976 0.033882
v -0.288146 0.360341 0.090572
v -0.285754 0.361251 0.082431
v -0.294482 0.292508 0.076572
v -0.292164 0.294104 0.068515
v -0.294086 0.288085 0.075036
v -0.293073 0.290676 0.066966
v -0.305760 0.229439 0.051488
v -0.304635 0.226291 0.059346
v -0.306905 0.226179 0.049037
v -0.311817 0.195961 0.030826
v -0.314342 0.202023 0.025361
v -0.304010 0.220649 0.054868
v -0.348427 0.175384 0.013051
v -0.345593 0.178739 0.015418
v -0.352301 0.172604 0.001587
v -0.356859 0.172633 0.000009
v -0.349992 0.164980 0.006207
v -0.353363 0.164213 0.002756
v -0.347431 0.167064 0.010206
v -0.346877 0.175389 0.011770
v -0.347521 0.174865 0.006727
v -0.344420 0.167969 0.015192
v -0.354298 0.173593 0.003812
v -0.356788 0.165966 0.006713
v -0.352752 0.175088 0.007291
v -0.356235 0.168140 0.010840
v -0.354474 0.176027 0.008178
v -0.357122 0.174999 0.003812
v -0.353532 0.177855 0.009530
v -0.349880 0.176885 0.013122
v -0.356516 0.171698 0.014643
v -0.342228 0.202206 0.026995
v -0.356089 0.179992 0.013122
v -0.344109 0.198336 0.034375
v -0.357303 0.174478 0.019516
v -0.358097 0.180197 0.013038
v -0.357654 0.178452 0.009854
v -0.345345 0.173813 0.022389
v -0.356318 0.176951 0.007446
v -0.363667 0.171925 0.009192
v -0.357901 0.177667 0.006573
v -0.359667 0.178629 0.005826
v -0.359109 0.175988 0.001573
v -0.360473 0.179006 0.003840
v -0.361841 0.179721 0.000009
v -0.359109 0.175988 -0.001568
v -0.360473 0.179006 -0.003822
v -0.362841 0.181039 -0.004089
v -0.361110 0.179291 -0.001991
v -0.361110 0.179291 0.001995
v -0.362840 0.181039 0.004094
v -0.364923 0.183594 0.005403
v -0.362080 0.182105 0.000009
v -0.359066 0.181491 0.011699
v -0.359570 0.180857 0.006756
v -0.363450 0.183673 0.006812
v -0.358616 0.211252 0.018812
v -0.369176 0.180479 0.012291
v -0.358294 0.223268 0.023699
v -0.361728 0.182294 0.022192
v -0.356942 0.184639 0.015516
v -0.356704 0.222455 0.024558
v -0.344738 0.243439 0.047234
v -0.343697 0.247297 0.049544
v -0.344524 0.248098 0.048192
v -0.357347 0.226461 0.024432
v -0.329784 0.316307 0.044995
v -0.368278 0.261407 0.020305
v -0.327848 0.322384 0.046445
v -0.368065 0.256832 0.019291
v -0.358977 0.223520 0.021826
v -0.365057 0.188817 0.006446
v -0.366038 0.227552 0.001868
v -0.366669 0.227925 0.000009
v -0.365287 0.214909 0.000009
v -0.364675 0.184294 0.003460
v -0.364675 0.184294 -0.003456
v -0.365057 0.188817 -0.006441
v -0.358977 0.223520 -0.021807
v -0.368065 0.256832 -0.019287
v -0.366038 0.227552 -0.001864
v -0.365900 0.231250 0.000009
v -0.367961 0.261619 -0.018498
v -0.342790 0.328056 0.000009
v -0.341191 0.334714 0.000009
v -0.367961 0.261619 0.018502
v -0.366539 0.265996 0.020755
v -0.340657 0.334315 0.001742
v -0.319440 0.394523 0.033206
v -0.328393 0.322683 0.044685
v -0.325721 0.325589 0.047037
v -0.316640 0.398057 0.035093
v -0.322366 0.400703 0.040854
v -0.287850 0.363348 0.081219
v -0.332126 0.327564 0.052333
v -0.289548 0.358921 0.081107
v -0.332328 0.322509 0.053431
v -0.345913 0.251737 0.058093
v -0.341680 0.251226 0.050685
v -0.326493 0.321483 0.047262
v -0.343676 0.244005 0.057389
v -0.338504 0.211130 0.042699
v -0.341915 0.246707 0.049473
v -0.336216 0.214513 0.035192
v -0.336081 0.210951 0.033361
v -0.337725 0.206729 0.040600
v -0.338504 0.211130 -0.042695
v -0.345345 0.173813 -0.022385
v -0.337725 0.206729 -0.040596
v -0.336081 0.210951 -0.033357
v -0.345593 0.178739 -0.015399
v -0.348427 0.175384 -0.013047
v -0.346877 0.175389 -0.011765
v -0.344420 0.167969 -0.015188
v -0.347431 0.167064 -0.010202
v -0.347521 0.174865 -0.006723
v -0.349992 0.164980 -0.006202
v -0.352301 0.172604 -0.001582
v -0.353363 0.164213 -0.002737
v -0.356788 0.165966 -0.006709
v -0.354298 0.173593 -0.003808
v -0.352752 0.175088 -0.007286
v -0.356235 0.168140 -0.010836
v -0.354474 0.176027 -0.008174
v -0.353532 0.177855 -0.009526
v -0.349880 0.176885 -0.013103
v -0.342228 0.202206 -0.026991
v -0.356516 0.171698 -0.014639
v -0.344109 0.198336 -0.034357
v -0.356089 0.179992 -0.013118
v -0.357303 0.174478 -0.019512
v -0.357654 0.178452 -0.009850
v -0.356318 0.176951 -0.007441
v -0.357122 0.174999 -0.003794
v -0.363667 0.171925 -0.009188
v -0.357901 0.177667 -0.006568
v -0.366539 0.265996 -0.020751
v -0.328393 0.322683 -0.044680
v -0.319440 0.394523 -0.033201
v -0.317760 0.398976 -0.033863
v -0.340657 0.334315 -0.001737
v -0.317512 0.398952 -0.032117
v -0.339108 0.338098 0.000009
v -0.257078 0.470348 0.000009
v -0.254216 0.474914 0.000009
v -0.317512 0.398952 0.032122
v -0.253832 0.474239 0.001812
v -0.201734 0.538095 0.052741
v -0.236227 0.450848 0.073347
v -0.232806 0.452306 0.075389
v -0.198464 0.539702 0.054403
v -0.201956 0.544244 0.060741
v -0.237753 0.456132 0.081205
v 0.003123 0.410919 -0.084032
v 0.066047 0.485937 -0.104384
v 0.066970 0.481868 -0.111834
v 0.175372 0.470710 -0.105384
v 0.242371 0.529060 -0.170735
v 0.242723 0.534745 -0.164369
v 0.176226 0.476831 -0.099497
v 0.244982 0.536391 -0.166158
v 0.338679 0.491248 -0.119989
v 0.338481 0.486165 -0.126848
v 0.144129 0.570468 -0.146848
v 0.397919 0.676635 -0.169538
v 0.209711 0.667539 -0.174355
v 0.211120 0.667652 -0.165932
v 0.146716 0.570879 -0.138707
v -0.042151 0.479479 -0.116426
v -0.040764 0.479007 -0.124834
v -0.091814 0.394395 -0.127862
v -0.088863 0.392451 -0.135651
v -0.094059 0.391515 -0.126750
v -0.091416 0.386093 -0.132792
v -0.141674 0.331059 -0.076582
v -0.140094 0.325101 -0.082497
v 0.429469 0.430951 0.073473
v 0.266972 0.441770 0.068839
v 0.338690 0.481718 0.122345
v 0.338816 0.488695 0.117416
v 0.426492 0.441088 0.072431
v 0.427872 0.435003 0.078276
v 0.341251 0.483346 0.125388
v 0.415299 0.529564 0.173570
v 0.341831 0.489430 0.119430
v 0.413935 0.535267 0.167373
v 0.338679 0.491248 0.119994
v 0.244982 0.536391 0.166162
v 0.338481 0.486165 0.126853
v 0.242371 0.529060 0.170739
v 0.175372 0.470710 0.105388
v 0.242723 0.534745 0.164373
v 0.176226 0.476831 0.099501
v 0.144129 0.570468 0.146853
v 0.146716 0.570879 0.138726
v 0.211120 0.667652 0.165937
v 0.209711 0.667539 0.174373
v -0.042151 0.479479 0.116430
v -0.040764 0.479007 0.124853
v -0.091814 0.394395 0.127881
v -0.088863 0.392451 0.135655
v 0.066970 0.481868 0.111839
v 0.003123 0.410919 0.084051
v 0.066047 0.485937 0.104388
v 0.173099 0.468865 0.102106
v 0.095239 0.430982 0.044276
v 0.173420 0.475867 0.097219
v -0.152595 0.481149 -0.127891
v -0.152812 0.484814 -0.135609
v -0.085290 0.554852 -0.089511
v -0.083639 0.549826 -0.082806
v -0.187626 0.392129 0.107416
v -0.152812 0.484814 0.135613
v -0.152595 0.481149 0.127895
v -0.085290 0.554852 0.089515
v -0.083639 0.549826 0.082811
v -0.253832 0.474239 -0.001793
v -0.201734 0.538095 -0.052737
v -0.236227 0.450848 -0.073342
v -0.235723 0.450275 -0.075215
v -0.238925 0.446120 -0.074103
v -0.287234 0.362477 -0.082497
v -0.316640 0.398057 -0.035089
v -0.287850 0.363348 -0.081215
v -0.325721 0.325589 -0.047032
v -0.322366 0.400703 -0.040850
v -0.332126 0.327564 -0.052314
v -0.332328 0.322509 -0.053413
v -0.289548 0.358921 -0.081103
v -0.341680 0.251226 -0.050680
v -0.345913 0.251737 -0.058075
v -0.326493 0.321483 -0.047258
v -0.343676 0.244005 -0.057370
v -0.341915 0.246707 -0.049469
v -0.336216 0.214513 -0.035188
v -0.239703 0.312098 0.084769
v -0.239115 0.308396 0.092445
v -0.190771 0.386546 0.114557
v -0.189712 0.388859 0.106402
v -0.189331 0.391096 0.115726
v -0.154847 0.477858 0.128177
v -0.155256 0.477377 0.136698
v -0.279829 0.213432 -0.021540
v -0.254695 0.252604 -0.052723
v -0.258467 0.258432 -0.047737
v -0.256438 0.260544 -0.050145
v -0.254070 0.254946 -0.056145
v -0.240303 0.304249 -0.089088
v -0.241772 0.309227 -0.082300
v -0.239703 0.312098 -0.084764
v -0.239115 0.308396 -0.092440
v -0.190771 0.386546 -0.114553
v -0.189712 0.388859 -0.106398
v -0.189331 0.391096 -0.115722
v -0.187626 0.392129 -0.107412
v -0.154847 0.477858 -0.128172
v -0.155256 0.477377 -0.136693
v -0.201956 0.544244 -0.060737
v -0.198464 0.539702 -0.054385
v -0.237753 0.456132 -0.081201
v -0.232806 0.452306 -0.075384
v -0.284554 0.365343 -0.083342
v -0.287733 0.366787 -0.091130
v -0.239435 0.451565 -0.082497
v -0.234772 0.448795 -0.075891
v -0.288146 0.360341 -0.090567
v -0.285754 0.361251 -0.082427
v -0.294482 0.292508 -0.076568
v -0.292164 0.294104 -0.068497
v -0.293073 0.290676 -0.066948
v -0.304635 0.226291 -0.059342
v -0.294086 0.288085 -0.075032
v -0.305760 0.229439 -0.051469
v -0.306905 0.226179 -0.049032
v -0.311817 0.195961 -0.030821
v -0.304010 0.220649 -0.054863
v -0.314342 0.202023 -0.025357
v -0.279829 0.213432 0.021544
v -0.254695 0.252604 0.052741
v -0.258467 0.258432 0.047741
v -0.254070 0.254946 0.056150
v -0.256438 0.260544 0.050149
v -0.240303 0.304249 0.089093
v -0.241772 0.309227 0.082304
v 0.095239 0.430982 -0.044272
v 0.173099 0.468865 -0.102102
v 0.173420 0.475867 -0.097215
v -0.094059 0.391515 0.126768
v -0.091416 0.386093 0.132797
v -0.141674 0.331059 0.076586
v -0.140093 0.325101 0.082501
v 0.347726 0.441296 -0.001822
v 0.266972 0.441770 -0.068821
v 0.427415 0.438878 -0.070215
v 0.338816 0.488695 -0.117398
v 0.347711 0.440470 0.000009
v 0.338714 0.489378 -0.119271
v 0.264410 0.441762 -0.068666
v 0.429972 0.438872 -0.070300
v 0.429972 0.438872 0.070304
v 0.427415 0.438878 0.070220
v 0.426492 0.441088 -0.072426
v 0.341831 0.489430 -0.119412
v 0.413935 0.535267 -0.167355
v 0.416657 0.537427 -0.169622
v -0.000995 0.629175 -0.046807
v -0.083109 0.559072 -0.088342
v -0.086695 0.557054 -0.088032
v 0.110158 0.666006 -0.102215
v 0.001965 0.631522 -0.047201
v -0.004789 0.627683 -0.047046
v 0.109536 0.667188 -0.099595
v 0.179602 0.767971 -0.071300
v 0.006551 0.625007 -0.044131
v 0.114071 0.661874 -0.094680
v 0.097582 0.704543 -0.002808
v 0.097474 0.705410 0.000009
v 0.185018 0.771819 -0.071863
v 0.117706 0.662506 -0.096905
v 0.210330 0.670844 -0.164749
v 0.113501 0.667466 -0.102455
v 0.207748 0.676870 -0.170228
v 0.208618 0.673148 -0.173763
v 0.291503 0.727244 -0.123342
v 0.294875 0.728112 -0.123820
v 0.185729 0.768007 -0.076356
v 0.190825 0.772338 -0.071934
v 0.294895 0.729620 -0.121031
v 0.380582 0.782661 -0.073483
v 0.286058 0.777156 -0.003033
v 0.285838 0.778021 0.000009
v 0.384170 0.782904 -0.073525
v 0.297950 0.728259 -0.123848
v 0.395753 0.684350 -0.173566
v 0.383181 0.779181 -0.077863
v 0.384170 0.782904 0.073529
v 0.382794 0.783335 0.067727
v 0.382794 0.783335 -0.067722
v 0.288988 0.778193 0.000009
v 0.380582 0.782661 0.073487
v 0.286058 0.777156 0.003051
v 0.190825 0.772338 0.071938
v 0.185018 0.771819 0.071867
v 0.282391 0.776860 0.000009
v 0.184873 0.772028 -0.066173
v 0.100970 0.706919 0.000009
v 0.184873 0.772028 0.066177
v 0.294895 0.729620 0.121036
v 0.294875 0.728112 0.123825
v 0.383181 0.779181 0.077867
v 0.395753 0.684350 0.173570
v 0.297950 0.728259 0.123853
v 0.416657 0.537427 0.169627
v 0.413040 0.540292 0.169542
v 0.395326 0.676424 0.169570
v 0.320227 0.606672 0.167754
v 0.319612 0.606578 0.176274
v 0.414438 0.540190 0.177965
v 0.393950 0.679568 0.177387
v 0.316629 0.609539 0.175289
v 0.213865 0.673466 0.173880
v 0.317035 0.608314 0.166838
v 0.208618 0.673148 0.173767
v 0.213358 0.670091 0.166064
v 0.291503 0.727244 0.123360
v 0.207748 0.676870 0.170232
v 0.113501 0.667466 0.102459
v 0.110158 0.666006 0.102219
v 0.210330 0.670844 0.164754
v 0.117706 0.662506 0.096923
v 0.185729 0.768007 0.076360
v 0.114071 0.661874 0.094684
v 0.006551 0.625007 0.044135
v 0.109536 0.667188 0.099599
v 0.179602 0.767971 0.071304
v 0.001965 0.631522 0.047220
v 0.097582 0.704543 0.002812
v -0.365418 0.170375 -0.002864
v -0.359066 0.181491 -0.011695
v -0.359667 0.178629 -0.005807
v -0.358097 0.180197 -0.013033
v -0.359570 0.180857 -0.006751
v -0.365871 0.176481 -0.010512
v -0.366338 0.179076 -0.015469
v -0.361728 0.182294 -0.022173
v -0.356942 0.184639 -0.015498
v -0.339375 0.212493 -0.033131
v -0.357347 0.226461 -0.024427
v -0.364121 0.225644 -0.029568
v -0.351394 0.248633 -0.053229
v -0.344524 0.248098 -0.048187
v -0.240856 0.453780 0.081092
v -0.158389 0.482081 0.136204
v -0.287733 0.366787 0.091149
v -0.194102 0.391210 0.114557
v -0.191738 0.391704 0.106360
v -0.284554 0.365343 0.083346
v -0.242876 0.309934 0.083614
v -0.324874 0.402846 0.036600
v -0.245526 0.309573 0.091726
v -0.243873 0.311224 0.083515
v -0.294482 0.292508 0.076572
v -0.292164 0.294104 0.068515
v -0.259051 0.258767 0.049417
v -0.258215 0.255085 0.056727
v -0.305760 0.229439 0.051488
v -0.260551 0.259665 0.049910
v -0.304635 0.226291 0.059346
v -0.308145 0.226527 0.050346
v -0.262503 0.255333 0.048037
v -0.282400 0.211263 0.021093
v -0.306905 0.226179 0.049037
v -0.314342 0.202023 0.025361
v -0.316563 0.199842 0.024459
v -0.285889 0.209002 0.020248
v -0.307572 0.194741 0.000009
v -0.308301 0.195058 0.001756
v -0.337696 0.174589 0.006347
v -0.341574 0.171964 0.005418
v -0.315875 0.199492 0.022685
v -0.325364 0.192837 0.019403
v -0.342477 0.173181 0.006826
v -0.348427 0.175384 0.013051
v -0.349347 0.173460 0.005741
v -0.345593 0.178739 0.015418
v -0.345223 0.172282 0.004066
v -0.347239 0.172401 0.000009
v -0.347943 0.172721 0.002037
v -0.352301 0.172604 0.001587
v -0.356859 0.172633 0.000009
v -0.348638 0.173042 0.003742
v -0.346877 0.175389 0.011770
v -0.347521 0.174865 0.006727
v -0.350359 0.174833 0.009826
v -0.351112 0.174337 0.006685
v -0.354298 0.173593 0.003812
v -0.352752 0.175088 0.007291
v -0.354474 0.176027 0.008178
v -0.357122 0.174999 0.003812
v -0.353532 0.177855 0.009530
v -0.349880 0.176885 0.013122
v -0.356516 0.171698 0.014643
v -0.353457 0.172539 0.019544
v -0.356089 0.179992 0.013122
v -0.358097 0.180197 0.013038
v -0.357654 0.178452 0.009854
v -0.345345 0.173813 0.022389
v -0.356318 0.176951 0.007446
v -0.357901 0.177667 0.006573
v -0.359667 0.178629 0.005826
v -0.359109 0.175988 0.001573
v -0.359109 0.175988 -0.001568
v -0.366252 0.173291 -0.006441
v -0.365418 0.170375 0.002869
v -0.366252 0.173291 0.006446
v -0.362080 0.182105 0.000009
v -0.369829 0.178505 0.000009
v -0.365871 0.176481 0.010516
v -0.366338 0.179076 0.015488
v -0.359066 0.181491 0.011699
v -0.359570 0.180857 0.006756
v -0.361728 0.182294 0.022192
v -0.356942 0.184639 0.015516
v -0.339375 0.212493 0.033135
v -0.364121 0.225644 0.029572
v -0.351394 0.248633 0.053248
v -0.344524 0.248098 0.048192
v -0.357347 0.226461 0.024432
v -0.364675 0.184294 0.003460
v -0.364675 0.184294 -0.003456
v -0.325721 0.325589 0.047037
v -0.287850 0.363348 0.081219
v -0.332126 0.327564 0.052333
v -0.293893 0.366278 0.086501
v -0.345913 0.251737 0.058093
v -0.298634 0.291438 0.074684
v -0.295863 0.292369 0.066656
v -0.341680 0.251226 0.050685
v -0.338504 0.211130 0.042699
v -0.311528 0.225034 0.058107
v -0.309545 0.227580 0.050206
v -0.336216 0.214513 0.035192
v -0.310711 0.223620 0.048206
v -0.318241 0.200589 0.025079
v -0.338504 0.211130 -0.042695
v -0.308145 0.226527 -0.050342
v -0.310711 0.223620 -0.048202
v -0.316562 0.199842 -0.024455
v -0.345345 0.173813 -0.022385
v -0.318241 0.200589 -0.025075
v -0.345593 0.178739 -0.015399
v -0.348427 0.175384 -0.013047
v -0.325364 0.192837 -0.019399
v -0.341574 0.171964 -0.005413
v -0.342477 0.173181 -0.006822
v -0.346877 0.175389 -0.011765
v -0.347521 0.174865 -0.006723
v -0.349347 0.173460 -0.005737
v -0.341225 0.172550 -0.003498
v -0.345037 0.173627 0.000009
v -0.341225 0.172550 0.003502
v -0.318210 0.188845 0.000009
v -0.345223 0.172282 -0.004061
v -0.347943 0.172721 -0.002033
v -0.348638 0.173042 -0.003737
v -0.352301 0.172604 -0.001582
v -0.354298 0.173593 -0.003808
v -0.351112 0.174337 -0.006681
v -0.350359 0.174833 -0.009821
v -0.352752 0.175088 -0.007286
v -0.354474 0.176027 -0.008174
v -0.353532 0.177855 -0.009526
v -0.349880 0.176885 -0.013103
v -0.356516 0.171698 -0.014639
v -0.353457 0.172539 -0.019526
v -0.356089 0.179992 -0.013118
v -0.357654 0.178452 -0.009850
v -0.356318 0.176951 -0.007441
v -0.357122 0.174999 -0.003794
v -0.357901 0.177667 -0.006568
v -0.324874 0.402846 -0.036596
v -0.324837 0.403291 -0.031441
v -0.263765 0.475652 0.000009
v -0.260762 0.480406 0.000009
v -0.324837 0.403291 0.031446
v -0.315221 0.402079 0.034136
v -0.321144 0.407283 0.037403
v -0.260374 0.479632 0.002854
v -0.208306 0.542561 0.055882
v -0.204156 0.547337 0.056375
v -0.241778 0.454838 0.078473
v -0.236227 0.450848 0.073347
v -0.232806 0.452306 0.075389
v -0.090171 0.554838 0.087909
v -0.201956 0.544244 0.060741
v -0.237753 0.456132 0.081205
v -0.160378 0.485613 0.132571
v -0.156544 0.480434 0.126966
v -0.000784 0.409300 -0.083666
v 0.091370 0.430660 -0.043821
v 0.003123 0.410919 -0.084032
v 0.005824 0.405492 -0.090046
v 0.090790 0.431862 -0.045117
v 0.168864 0.475142 -0.098779
v 0.173140 0.476498 -0.098990
v 0.066047 0.485937 -0.104384
v 0.065478 0.486999 -0.105651
v 0.068428 0.484488 -0.114581
v 0.171627 0.472848 -0.106243
v 0.237100 0.531679 -0.172383
v 0.069284 0.487952 -0.106820
v 0.172351 0.478171 -0.099609
v 0.239287 0.535602 -0.165115
v 0.242388 0.536079 -0.166017
v 0.335483 0.489210 -0.118989
v 0.242723 0.534745 -0.164369
v 0.176226 0.476831 -0.099497
v 0.244982 0.536391 -0.166158
v 0.338679 0.491248 -0.119989
v 0.414097 0.537263 -0.169524
v 0.338481 0.486165 -0.126848
v 0.245894 0.533200 -0.174031
v 0.412794 0.533867 -0.177242
v 0.313620 0.606049 -0.175721
v 0.240600 0.537635 -0.174284
v 0.144129 0.570468 -0.146848
v 0.241953 0.537812 -0.165848
v 0.319612 0.606578 -0.176256
v 0.414438 0.540190 -0.177960
v 0.413040 0.540292 -0.169538
v 0.320227 0.606672 -0.167750
v 0.395326 0.676424 -0.169566
v 0.213358 0.670091 -0.166059
v 0.393950 0.679568 -0.177383
v 0.317035 0.608314 -0.166834
v 0.316629 0.609539 -0.175284
v 0.213865 0.673466 -0.173876
v 0.313775 0.605941 -0.167186
v 0.146716 0.570879 -0.138707
v 0.207623 0.668373 -0.164989
v 0.203561 0.670213 -0.172270
v 0.142750 0.571623 -0.137229
v 0.032533 0.568352 -0.106666
v 0.140003 0.572002 -0.145313
v 0.029434 0.570830 -0.114229
v 0.026718 0.569153 -0.113257
v 0.139064 0.568328 -0.137580
v 0.064708 0.488617 -0.105609
v -0.039051 0.483067 -0.117567
v 0.064991 0.486196 -0.113806
v 0.137644 0.567488 -0.145961
v -0.039036 0.483026 -0.126116
v -0.001574 0.410915 -0.084356
v 0.001678 0.406910 -0.091159
v -0.091814 0.394395 -0.127862
v -0.088863 0.392451 -0.135651
v -0.094779 0.392500 -0.128299
v -0.003982 0.407489 -0.083553
v -0.051673 0.331114 -0.053075
v -0.094059 0.391515 -0.126750
v -0.052424 0.332337 -0.054244
v -0.049747 0.326935 -0.060300
v -0.141674 0.331059 -0.076582
v -0.140094 0.325101 -0.082497
v -0.144717 0.329382 -0.076370
v -0.054990 0.329941 -0.052751
v -0.125456 0.303894 0.000009
v -0.125961 0.304481 -0.001695
v -0.144404 0.328827 -0.074666
v -0.206812 0.273536 -0.035554
v 0.426939 0.438958 0.067135
v 0.426939 0.438958 -0.067131
v 0.350794 0.440405 0.000009
v 0.347726 0.441296 0.001826
v 0.266972 0.441770 0.068839
v 0.338816 0.488695 0.117416
v 0.338714 0.489378 0.119289
v 0.264410 0.441762 0.068670
v 0.344512 0.440406 0.000009
v 0.426492 0.441088 0.072431
v 0.341831 0.489430 0.119430
v 0.413935 0.535267 0.167373
v 0.412794 0.533867 0.177260
v 0.414097 0.537263 0.169528
v 0.338679 0.491248 0.119994
v 0.244982 0.536391 0.166162
v 0.338481 0.486165 0.126853
v 0.245894 0.533200 0.174050
v 0.242388 0.536079 0.166021
v 0.335483 0.489210 0.119008
v 0.242723 0.534745 0.164373
v 0.176226 0.476831 0.099501
v 0.173140 0.476498 0.098994
v 0.239287 0.535602 0.165120
v 0.172351 0.478171 0.099613
v 0.069284 0.487952 0.106825
v 0.171627 0.472848 0.106247
v 0.237100 0.531679 0.172387
v 0.068428 0.484488 0.114585
v 0.065478 0.486999 0.105670
v 0.144129 0.570468 0.146853
v 0.240600 0.537635 0.174289
v 0.313620 0.606049 0.175725
v 0.241953 0.537812 0.165866
v 0.146716 0.570879 0.138726
v 0.313775 0.605941 0.167190
v 0.203561 0.670213 0.172275
v 0.207623 0.668373 0.164993
v 0.142750 0.571623 0.137247
v 0.032533 0.568352 0.106684
v 0.140003 0.572002 0.145317
v 0.029434 0.570830 0.114247
v 0.026718 0.569153 0.113261
v 0.139064 0.568328 0.137585
v 0.064708 0.488617 0.105628
v 0.064991 0.486196 0.113811
v -0.039051 0.483067 0.117585
v 0.137644 0.567488 0.145965
v -0.039036 0.483026 0.126120
v -0.091814 0.394395 0.127881
v -0.088863 0.392451 0.135655
v -0.001574 0.410915 0.084360
v -0.000784 0.409300 0.083684
v 0.001678 0.406910 0.091177
v -0.094779 0.392500 0.128303
v 0.005824 0.405492 0.090050
v 0.003123 0.410919 0.084051
v 0.066047 0.485937 0.104388
v 0.168864 0.475142 0.098797
v 0.090790 0.431862 0.045121
v 0.091370 0.430660 0.043825
v 0.095239 0.430982 0.044276
v 0.173420 0.475867 0.097219
v 0.261351 0.441631 0.068403
v 0.185254 0.437658 0.001756
v 0.185587 0.436906 0.000009
v 0.188654 0.436982 0.000009
v 0.264421 0.441905 0.066670
v 0.264421 0.441905 -0.066652
v -0.152595 0.481149 -0.127891
v -0.158389 0.482081 -0.136200
v -0.152812 0.484814 -0.135609
v -0.043767 0.482548 -0.116384
v 0.024688 0.564469 -0.105919
v -0.043557 0.484110 -0.124778
v 0.023461 0.567576 -0.113778
v -0.080410 0.553686 -0.082286
v 0.028414 0.567414 -0.104243
v 0.109914 0.658957 -0.096032
v 0.025856 0.571156 -0.111482
v 0.106179 0.663722 -0.102046
v -0.000160 0.627479 -0.049244
v -0.187626 0.392129 0.107416
v -0.152812 0.484814 0.135613
v -0.043557 0.484110 0.124783
v 0.023461 0.567576 0.113796
v -0.152595 0.481149 0.127895
v -0.043767 0.482548 0.116388
v 0.024688 0.564469 0.105923
v -0.086695 0.557054 0.088050
v -0.080410 0.553686 0.082290
v 0.028414 0.567414 0.104247
v 0.109914 0.658957 0.096036
v 0.025856 0.571156 0.111487
v 0.106179 0.663722 0.102050
v -0.083109 0.559072 0.088346
v -0.000160 0.627479 0.049262
v -0.000995 0.629175 0.046812
v -0.004789 0.627683 0.047051
v -0.104859 0.587956 0.000009
v -0.087229 0.558362 0.085431
v -0.198077 0.549966 0.056136
v -0.104328 0.587316 0.002840
v -0.108398 0.585618 0.000009
v -0.204125 0.547725 -0.050709
v -0.257589 0.482796 0.000009
v -0.204125 0.547725 0.050713
v -0.204156 0.547337 -0.056370
v -0.208306 0.542561 -0.055863
v -0.240856 0.453780 -0.081074
v -0.260374 0.479632 -0.002836
v -0.321144 0.407283 -0.037399
v -0.241778 0.454838 -0.078468
v -0.315221 0.402079 -0.034117
v -0.236227 0.450848 -0.073342
v -0.287850 0.363348 -0.081215
v -0.325721 0.325589 -0.047032
v -0.332126 0.327564 -0.052314
v -0.293893 0.366278 -0.086497
v -0.298634 0.291438 -0.074680
v -0.295863 0.292369 -0.066652
v -0.341680 0.251226 -0.050680
v -0.345913 0.251737 -0.058075
v -0.311528 0.225034 -0.058102
v -0.309545 0.227580 -0.050187
v -0.336216 0.214513 -0.035188
v -0.239703 0.312098 0.084769
v -0.144717 0.329382 0.076375
v -0.145828 0.330799 0.077065
v -0.144735 0.325431 0.083614
v -0.239115 0.308396 0.092445
v -0.095722 0.394053 0.128092
v -0.189331 0.391096 0.115726
v -0.096343 0.394042 0.136613
v -0.210555 0.272052 -0.034991
v -0.129863 0.301697 0.000009
v -0.210555 0.272052 0.034995
v -0.210324 0.272294 -0.033230
v -0.210324 0.272294 0.033234
v -0.240783 0.245876 0.000009
v -0.243544 0.244421 0.000009
v -0.213320 0.269942 0.034798
v -0.213320 0.269942 -0.034793
v -0.244251 0.244854 -0.001653
v -0.279829 0.213432 -0.021540
v -0.258467 0.258432 -0.047737
v -0.259051 0.258767 -0.049413
v -0.256438 0.260544 -0.050145
v -0.254070 0.254946 -0.056145
v -0.211218 0.273115 -0.036131
v -0.149047 0.326968 -0.075581
v -0.241772 0.309227 -0.082300
v -0.242876 0.309934 -0.083610
v -0.239703 0.312098 -0.084764
v -0.145829 0.330799 -0.077060
v -0.144735 0.325431 -0.083610
v -0.239115 0.308396 -0.092440
v -0.189331 0.391096 -0.115722
v -0.096343 0.394042 -0.136609
v -0.095722 0.394053 -0.128088
v -0.187626 0.392129 -0.107412
v 0.093286 0.703015 0.000009
v -0.001090 0.629516 -0.043793
v -0.101146 0.590147 0.000009
v -0.001090 0.629516 0.043798
v -0.087229 0.558362 -0.085426
v -0.198077 0.549966 -0.056131
v -0.104328 0.587316 -0.002836
v -0.090171 0.554838 -0.087891
v -0.201956 0.544244 -0.060737
v -0.237753 0.456132 -0.081201
v -0.232806 0.452306 -0.075384
v -0.160378 0.485613 -0.132567
v -0.156544 0.480434 -0.126961
v -0.191738 0.391704 -0.106356
v -0.284554 0.365343 -0.083342
v -0.194102 0.391210 -0.114539
v -0.287733 0.366787 -0.091130
v -0.245526 0.309573 -0.091722
v -0.243873 0.311224 -0.083497
v -0.294482 0.292508 -0.076568
v -0.292164 0.294104 -0.068497
v -0.258215 0.255085 -0.056722
v -0.304635 0.226291 -0.059342
v -0.260551 0.259665 -0.049906
v -0.305760 0.229439 -0.051469
v -0.262503 0.255333 -0.048032
v -0.282400 0.211263 -0.021089
v -0.306905 0.226179 -0.049032
v -0.314342 0.202023 -0.025357
v -0.285889 0.209002 -0.020244
v -0.315875 0.199492 -0.022680
v -0.337696 0.174589 -0.006343
v -0.308301 0.195058 -0.001751
v -0.305046 0.196691 0.000009
v -0.282365 0.211495 -0.019287
v -0.247278 0.241502 0.000009
v -0.282365 0.211495 0.019291
v -0.279829 0.213432 0.021544
v -0.244251 0.244854 0.001657
v -0.258467 0.258432 0.047741
v -0.254070 0.254946 0.056150
v -0.211218 0.273115 0.036135
v -0.256438 0.260544 0.050149
v -0.149047 0.326968 0.075586
v -0.241772 0.309227 0.082304
v 0.261351 0.441631 -0.068398
v 0.185254 0.437658 -0.001737
v 0.095239 0.430982 -0.044272
v 0.173420 0.475867 -0.097215
v 0.181457 0.435598 0.000009
v 0.091375 0.430703 -0.041976
v 0.091375 0.430703 0.041994
v 0.020850 0.380557 0.000009
v 0.016954 0.379137 0.000009
v 0.087806 0.428290 0.044037
v -0.000414 0.408695 0.081896
v -0.048968 0.333059 0.052938
v 0.016627 0.379862 0.001770
v -0.051673 0.331114 0.053079
v -0.003982 0.407489 0.083557
v -0.052424 0.332337 0.054248
v -0.094059 0.391515 0.126768
v -0.049746 0.326935 0.060304
v -0.141674 0.331059 0.076586
v -0.140093 0.325101 0.082501
v -0.054990 0.329941 0.052755
v -0.144404 0.328827 0.074670
v -0.206812 0.273536 0.035558
v -0.125961 0.304481 0.001699
v -0.051745 0.331304 0.051192
v -0.122382 0.305475 0.000009
v 0.013796 0.377431 0.000009
v -0.051745 0.331304 -0.051187
v 0.016627 0.379862 -0.001765
v -0.048968 0.333059 -0.052934
v 0.087806 0.428290 -0.044032
v -0.000414 0.408695 -0.081877
v 0.268041 0.433941 -0.072074
v 0.426065 0.431045 -0.073342
v 0.266972 0.441770 -0.068821
v 0.427415 0.438878 -0.070215
v 0.338690 0.481718 -0.122327
v 0.338714 0.489378 -0.119271
v 0.264410 0.441762 -0.068666
v 0.429972 0.438872 -0.070300
v 0.428212 0.430517 -0.067384
v 0.427415 0.438878 0.070220
v 0.426492 0.441088 -0.072426
v 0.341831 0.489430 -0.119412
v 0.413935 0.535267 -0.167355
v 0.416657 0.537427 -0.169622
v 0.001965 0.631522 -0.047201
v -0.004789 0.627683 -0.047046
v 0.109536 0.667188 -0.099595
v 0.179602 0.767971 -0.071300
v 0.006551 0.625007 -0.044131
v 0.114071 0.661874 -0.094680
v 0.184988 0.762071 -0.068285
v 0.114471 0.661272 -0.096567
v 0.187849 0.764349 -0.068849
v 0.003030 0.622343 -0.043652
v 0.117706 0.662506 -0.096905
v 0.210636 0.669777 -0.166172
v 0.210330 0.670844 -0.164749
v 0.292250 0.721120 -0.117440
v 0.295498 0.722056 -0.117820
v 0.207748 0.676870 -0.170228
v 0.291503 0.727244 -0.123342
v 0.188192 0.762704 -0.070131
v 0.190825 0.772338 -0.071934
v 0.190691 0.764423 -0.068722
v 0.295570 0.722833 -0.115877
v 0.382101 0.774892 -0.070257
v 0.294895 0.729620 -0.121031
v 0.380582 0.782661 -0.073483
v 0.384738 0.775052 -0.070215
v 0.298738 0.722282 -0.117806
v 0.394592 0.678459 -0.167481
v 0.382034 0.772908 -0.072173
v 0.384170 0.782904 0.073529
v 0.381791 0.774851 -0.067426
v 0.382794 0.783335 -0.067722
v 0.288988 0.778193 0.000009
v 0.289881 0.769702 0.000009
v 0.380582 0.782661 0.073487
v 0.286058 0.777156 0.003051
v 0.190825 0.772338 0.071938
v 0.286788 0.768714 0.001939
v 0.382101 0.774892 0.070262
v 0.190691 0.764423 0.068741
v 0.185018 0.771819 0.071867
v 0.282391 0.776860 0.000009
v 0.184873 0.772028 -0.066173
v 0.100970 0.706919 0.000009
v 0.187859 0.764067 -0.066934
v 0.283398 0.768384 0.000009
v 0.105799 0.699881 0.000009
v 0.294875 0.728112 0.123825
v 0.395753 0.684350 0.173570
v 0.297950 0.728259 0.123853
v 0.397477 0.679774 0.177486
v 0.319612 0.606578 0.176274
v 0.396659 0.674070 0.177908
v 0.414438 0.540190 0.177965
v 0.416242 0.533978 0.177430
v 0.316727 0.606456 0.176219
v 0.393950 0.679568 0.177387
v 0.316629 0.609539 0.175289
v 0.213865 0.673466 0.173880
v 0.208618 0.673148 0.173767
v 0.295219 0.725315 0.125402
v 0.292250 0.721120 0.117444
v 0.291503 0.727244 0.123360
v 0.207748 0.676870 0.170232
v 0.113501 0.667466 0.102459
v 0.110158 0.666006 0.102219
v 0.117706 0.662506 0.096923
v 0.188192 0.762704 0.070135
v 0.185729 0.768007 0.076360
v 0.184988 0.762071 0.068290
v 0.006551 0.625007 0.044135
v 0.179602 0.767971 0.071304
v 0.001965 0.631522 0.047220
v 0.102710 0.697786 0.001812
v 0.097582 0.704543 0.002812
v -0.359066 0.181491 -0.011695
v -0.359667 0.178629 -0.005807
v -0.358097 0.180197 -0.013033
v -0.359570 0.180857 -0.006751
v -0.358616 0.211252 -0.018807
v -0.366338 0.179076 -0.015469
v -0.365179 0.209781 -0.024075
v -0.363450 0.183673 -0.006808
v -0.364923 0.183594 -0.005385
v -0.358294 0.223268 -0.023695
v -0.356942 0.184639 -0.015498
v -0.337734 0.211771 -0.034005
v -0.339375 0.212493 -0.033131
v -0.344738 0.243439 -0.047230
v -0.343697 0.247297 -0.049539
v -0.356704 0.222455 -0.024540
v -0.357347 0.226461 -0.024427
v -0.351394 0.248633 -0.053229
v -0.335977 0.317754 -0.050695
v -0.344524 0.248098 -0.048187
v -0.329784 0.316307 -0.044990
v -0.327848 0.322384 -0.046441
v -0.366875 0.261037 -0.021511
v -0.368278 0.261407 -0.020286
v -0.240856 0.453780 0.081092
v -0.162730 0.478004 0.134881
v -0.158389 0.482081 0.136204
v -0.192341 0.388969 0.115416
v -0.239435 0.451565 0.082515
v -0.287733 0.366787 0.091149
v -0.194102 0.391210 0.114557
v -0.291809 0.363653 0.089628
v -0.244223 0.449673 0.079783
v -0.324874 0.402846 0.036600
v -0.196222 0.386060 0.114064
v -0.243046 0.306560 0.091459
v -0.288146 0.360341 0.090572
v -0.245526 0.309573 0.091726
v -0.294482 0.292508 0.076572
v -0.296452 0.289849 0.075684
v -0.245393 0.303185 0.090092
v -0.256051 0.253507 0.055445
v -0.294086 0.288085 0.075036
v -0.258215 0.255085 0.056727
v -0.304635 0.226291 0.059346
v -0.307696 0.222240 0.057727
v -0.258973 0.250227 0.053910
v -0.277963 0.204671 0.024234
v -0.283480 0.212087 0.022263
v -0.280299 0.206424 0.027812
v -0.311817 0.195961 0.030826
v -0.314342 0.202023 0.025361
v -0.304010 0.220649 0.054868
v -0.285889 0.209002 0.020248
v -0.314114 0.193643 0.029812
v -0.282449 0.201683 0.023009
v -0.308301 0.195058 0.001756
v -0.337696 0.174589 0.006347
v -0.303893 0.187808 0.002657
v -0.333594 0.167711 0.009333
v -0.339733 0.163895 0.007530
v -0.342477 0.173181 0.006826
v -0.345223 0.172282 0.004066
v -0.347943 0.172721 0.002037
v -0.352301 0.172604 0.001587
v -0.348418 0.164193 0.001981
v -0.353363 0.164213 0.002756
v -0.350287 0.165411 0.008474
v -0.347431 0.167064 0.010206
v -0.341828 0.166647 0.012291
v -0.322640 0.186604 0.024572
v -0.347521 0.174865 0.006727
v -0.349210 0.168676 0.018290
v -0.351112 0.174337 0.006685
v -0.354298 0.173593 0.003812
v -0.352394 0.166229 0.009079
v -0.356788 0.165966 0.006713
v -0.357820 0.169268 0.012192
v -0.357122 0.174999 0.003812
v -0.361780 0.168508 0.006840
v -0.356516 0.171698 0.014643
v -0.353457 0.172539 0.019544
v -0.344109 0.198336 0.034375
v -0.357303 0.174478 0.019516
v -0.362792 0.175521 0.018432
v -0.340028 0.208048 0.041347
v -0.345345 0.173813 0.022389
v -0.363667 0.171925 0.009192
v -0.365619 0.173260 0.008770
v -0.359109 0.175988 0.001573
v -0.359109 0.175988 -0.001568
v -0.360473 0.179006 -0.003822
v -0.362841 0.181039 -0.004089
v -0.366252 0.173291 -0.006441
v -0.369278 0.175595 -0.005469
v -0.365418 0.170375 0.002869
v -0.367895 0.174099 0.002009
v -0.361110 0.179291 0.001995
v -0.362840 0.181039 0.004094
v -0.372523 0.180424 0.007685
v -0.369829 0.178505 0.000009
v -0.365871 0.176481 0.010516
v -0.365178 0.209781 0.024080
v -0.359570 0.180857 0.006756
v -0.363450 0.183673 0.006812
v -0.358616 0.211252 0.018812
v -0.369176 0.180479 0.012291
v -0.365050 0.221901 0.028742
v -0.361728 0.182294 0.022192
v -0.356704 0.222455 0.024558
v -0.362993 0.220664 0.030051
v -0.342358 0.209120 0.040403
v -0.349484 0.240474 0.053685
v -0.348439 0.246136 0.056558
v -0.364121 0.225644 0.029572
v -0.351394 0.248633 0.053248
v -0.335977 0.317754 0.050699
v -0.357347 0.226461 0.024432
v -0.366875 0.261037 0.021516
v -0.329784 0.316307 0.044995
v -0.373062 0.261164 0.027403
v -0.376308 0.262302 0.023079
v -0.368065 0.256832 0.019291
v -0.365057 0.188817 0.006446
v -0.376093 0.255625 0.021953
v -0.373140 0.188170 0.009136
v -0.374531 0.226965 0.002572
v -0.366038 0.227552 0.001868
v -0.365287 0.214909 0.000009
v -0.373817 0.214445 0.000009
v -0.364675 0.184294 -0.003456
v -0.372923 0.182404 -0.002287
v -0.373140 0.188170 -0.009131
v -0.366151 0.222297 -0.026286
v -0.376093 0.255625 -0.021948
v -0.365057 0.188817 -0.006441
v -0.358977 0.223520 -0.021807
v -0.368065 0.256832 -0.019287
v -0.365900 0.231250 0.000009
v -0.374440 0.231466 0.000009
v -0.376327 0.263151 -0.017709
v -0.350861 0.330862 0.000009
v -0.367961 0.261619 -0.018498
v -0.342790 0.328056 0.000009
v -0.366539 0.265996 0.020755
v -0.374042 0.268863 0.023671
v -0.334224 0.323993 0.051896
v -0.348668 0.337115 0.002685
v -0.327192 0.396633 0.036108
v -0.340657 0.334315 0.001742
v -0.319440 0.394523 0.033206
v -0.325721 0.325589 0.047037
v -0.316640 0.398057 0.035093
v -0.322366 0.400703 0.040854
v -0.332126 0.327564 0.052333
v -0.293893 0.366278 0.086501
v -0.294126 0.358493 0.088318
v -0.332328 0.322509 0.053431
v -0.345913 0.251737 0.058093
v -0.298634 0.291438 0.074684
v -0.298655 0.284958 0.073755
v -0.343676 0.244005 0.057389
v -0.338504 0.211130 0.042699
v -0.311528 0.225034 0.058107
v -0.318241 0.200589 0.025079
v -0.337725 0.206729 0.040600
v -0.316385 0.194695 0.030981
v -0.310731 0.218135 0.054755
v -0.308145 0.226527 -0.050342
v -0.310711 0.223620 -0.048202
v -0.316562 0.199842 -0.024455
v -0.318241 0.200589 -0.025075
v -0.336081 0.210951 -0.033357
v -0.345593 0.178739 -0.015399
v -0.348427 0.175384 -0.013047
v -0.322640 0.186604 -0.024568
v -0.325364 0.192837 -0.019399
v -0.341574 0.171964 -0.005413
v -0.342477 0.173181 -0.006822
v -0.346877 0.175389 -0.011765
v -0.344420 0.167969 -0.015188
v -0.347521 0.174865 -0.006723
v -0.349347 0.173460 -0.005737
v -0.345993 0.163871 -0.005329
v -0.352688 0.167241 -0.012962
v -0.349992 0.164980 -0.006202
v -0.343743 0.165175 0.000009
v -0.338078 0.164752 -0.002019
v -0.313595 0.181651 0.000009
v -0.341225 0.172550 -0.003498
v -0.345037 0.173627 0.000009
v -0.318210 0.188845 0.000009
v -0.345223 0.172282 -0.004061
v -0.348638 0.173042 -0.003737
v -0.352301 0.172604 -0.001582
v -0.350359 0.174833 -0.009821
v -0.352752 0.175088 -0.007286
v -0.356235 0.168140 -0.010836
v -0.354474 0.176027 -0.008174
v -0.353532 0.177855 -0.009526
v -0.349880 0.176885 -0.013103
v -0.342228 0.202206 -0.026991
v -0.356089 0.179992 -0.013118
v -0.362326 0.172087 -0.013103
v -0.359755 0.169981 -0.011004
v -0.356318 0.176951 -0.007441
v -0.366539 0.265996 -0.020751
v -0.328393 0.322683 -0.044680
v -0.319440 0.394523 -0.033201
v -0.317760 0.398976 -0.033863
v -0.335234 0.324727 -0.049370
v -0.327192 0.396633 -0.036103
v -0.374042 0.268863 -0.023666
v -0.346991 0.341398 0.000009
v -0.324837 0.403291 -0.031441
v -0.263765 0.475652 0.000009
v -0.317512 0.398952 -0.032117
v -0.339108 0.338098 0.000009
v -0.257078 0.470348 0.000009
v -0.315221 0.402079 0.034136
v -0.321144 0.407283 0.037403
v -0.260374 0.479632 0.002854
v -0.208306 0.542561 0.055882
v -0.204156 0.547337 0.056375
v -0.253832 0.474239 0.001812
v -0.201734 0.538095 0.052741
v -0.090171 0.554838 0.087909
v -0.201956 0.544244 0.060741
v -0.237753 0.456132 0.081205
v -0.160378 0.485613 0.132571
v -0.043770 0.327106 -0.056159
v 0.003678 0.403223 -0.087018
v 0.091849 0.421518 -0.047300
v -0.000784 0.409300 -0.083666
v 0.091370 0.430660 -0.043821
v 0.003123 0.410919 -0.084032
v 0.005824 0.405492 -0.090046
v 0.169693 0.468915 -0.104567
v 0.090790 0.431862 -0.045117
v 0.168864 0.475142 -0.098779
v 0.173140 0.476498 -0.098990
v 0.066047 0.485937 -0.104384
v 0.065478 0.486999 -0.105651
v 0.066970 0.481868 -0.111834
v 0.069284 0.487952 -0.106820
v 0.172351 0.478171 -0.099609
v 0.239287 0.535602 -0.165115
v 0.242388 0.536079 -0.166017
v 0.144216 0.568391 -0.137397
v 0.143556 0.570024 -0.138116
v 0.335483 0.489210 -0.118989
v 0.264107 0.443143 -0.069905
v 0.176226 0.476831 -0.099497
v 0.244982 0.536391 -0.166158
v 0.338679 0.491248 -0.119989
v 0.414097 0.537263 -0.169524
v 0.317228 0.604618 -0.166834
v 0.317047 0.606455 -0.167665
v 0.241953 0.537812 -0.165848
v 0.413040 0.540292 -0.169538
v 0.395282 0.673620 -0.169482
v 0.320227 0.606672 -0.167750
v 0.397919 0.676635 -0.169538
v 0.395326 0.676424 -0.169566
v 0.295715 0.720153 -0.118595
v 0.213358 0.670091 -0.166059
v 0.317035 0.608314 -0.166834
v 0.211120 0.667652 -0.165932
v 0.313775 0.605941 -0.167186
v 0.146716 0.570879 -0.138707
v 0.207623 0.668373 -0.164989
v 0.142750 0.571623 -0.137229
v 0.032533 0.568352 -0.106666
v 0.115071 0.659618 -0.097313
v 0.028892 0.566383 -0.105483
v 0.139064 0.568328 -0.137580
v 0.029659 0.564893 -0.105412
v 0.064708 0.488617 -0.105609
v -0.039051 0.483067 -0.117567
v -0.043019 0.480999 -0.117158
v 0.061640 0.484820 -0.106145
v -0.042151 0.479479 -0.116426
v -0.001574 0.410915 -0.084356
v -0.091814 0.394395 -0.127862
v -0.094779 0.392500 -0.128299
v -0.003982 0.407489 -0.083553
v -0.051673 0.331114 -0.053075
v -0.052424 0.332337 -0.054244
v -0.141674 0.331059 -0.076582
v -0.144717 0.329382 -0.076370
v -0.053110 0.322176 -0.055765
v -0.054990 0.329941 -0.052751
v -0.203654 0.266236 -0.038695
v -0.142377 0.322117 -0.079525
v -0.144404 0.328827 -0.074666
v -0.206812 0.273536 -0.035554
v 0.426939 0.438958 -0.067131
v 0.350187 0.431889 0.000009
v 0.350794 0.440405 0.000009
v 0.426065 0.431045 0.073347
v 0.347581 0.432869 0.003178
v 0.268041 0.433941 0.072079
v 0.347726 0.441296 0.001826
v 0.266972 0.441770 0.068839
v 0.338573 0.483294 0.125289
v 0.344512 0.440406 0.000009
v 0.427872 0.435003 0.078276
v 0.341251 0.483346 0.125388
v 0.415299 0.529564 0.173570
v 0.412794 0.533867 0.177260
v 0.338481 0.486165 0.126853
v 0.245894 0.533200 0.174050
v 0.317015 0.603283 0.175289
v 0.241587 0.533048 0.173965
v 0.335815 0.483160 0.125022
v 0.344999 0.431877 0.000009
v 0.263942 0.436658 0.075473
v 0.242371 0.529060 0.170739
v 0.264107 0.443143 0.069910
v 0.175372 0.470710 0.105388
v 0.176226 0.476831 0.099501
v 0.172725 0.470335 0.104895
v 0.171627 0.472848 0.106247
v 0.237100 0.531679 0.172387
v 0.068428 0.484488 0.114585
v 0.141978 0.566551 0.145444
v 0.141131 0.569408 0.146289
v 0.066036 0.483805 0.113557
v 0.144129 0.570468 0.146853
v 0.240600 0.537635 0.174289
v 0.313620 0.606049 0.175725
v 0.209711 0.667539 0.174373
v 0.203561 0.670213 0.172275
v 0.032533 0.568352 0.106684
v 0.140003 0.572002 0.145317
v 0.029434 0.570830 0.114247
v 0.026718 0.569153 0.113261
v 0.110863 0.663484 0.103670
v 0.115071 0.659618 0.097318
v 0.027972 0.566519 0.113628
v 0.064991 0.486196 0.113811
v 0.137644 0.567488 0.145965
v -0.039036 0.483026 0.126120
v -0.042346 0.481499 0.125670
v -0.040764 0.479007 0.124853
v 0.063508 0.482153 0.114050
v -0.088863 0.392451 0.135655
v 0.001678 0.406910 0.091177
v 0.002774 0.404439 0.089740
v -0.093695 0.389574 0.136261
v 0.005824 0.405492 0.090050
v 0.066970 0.481868 0.111839
v 0.169693 0.468915 0.104585
v 0.090790 0.431862 0.045121
v 0.093239 0.424726 0.049107
v 0.093894 0.423192 0.047107
v 0.096096 0.423140 0.047544
v 0.260496 0.433678 0.071403
v 0.095239 0.430982 0.044276
v 0.261351 0.441631 0.068403
v 0.185254 0.437658 0.001756
v 0.185579 0.429220 0.002995
v 0.188534 0.428428 0.000009
v 0.188654 0.436982 0.000009
v 0.264605 0.433407 -0.067441
v 0.264421 0.441905 -0.066652
v -0.156001 0.479454 -0.128426
v -0.152595 0.481149 -0.127891
v -0.043767 0.482548 -0.116384
v 0.024688 0.564469 -0.105919
v -0.083639 0.549826 -0.082806
v -0.084518 0.551317 -0.082103
v -0.080410 0.553686 -0.082286
v 0.028414 0.567414 -0.104243
v 0.109914 0.658957 -0.096032
v 0.025856 0.571156 -0.111482
v 0.106179 0.663722 -0.102046
v 0.003586 0.621265 -0.044737
v -0.152812 0.484814 0.135613
v -0.043557 0.484110 0.124783
v 0.023461 0.567576 0.113796
v -0.086695 0.557054 0.088050
v -0.085290 0.554852 0.089515
v -0.080410 0.553686 0.082290
v 0.025856 0.571156 0.111487
v 0.106179 0.663722 0.102050
v -0.083109 0.559072 0.088346
v 0.003586 0.621265 0.044741
v -0.000160 0.627479 0.049262
v -0.000995 0.629175 0.046812
v -0.001384 0.620558 0.043812
v -0.004789 0.627683 0.047051
v -0.195649 0.542414 0.052966
v -0.101101 0.579486 0.001727
v -0.198077 0.549966 0.056136
v -0.104328 0.587316 0.002840
v -0.104950 0.577803 0.000009
v -0.199413 0.540969 -0.053215
v -0.199177 0.540787 -0.051342
v -0.108398 0.585618 0.000009
v -0.251320 0.476998 0.000009
v -0.204125 0.547725 -0.050709
v -0.257589 0.482796 0.000009
v -0.208306 0.542561 -0.055863
v -0.321144 0.407283 -0.037399
v -0.201734 0.538095 -0.052737
v -0.241778 0.454838 -0.078468
v -0.315221 0.402079 -0.034117
v -0.236227 0.450848 -0.073342
v -0.235723 0.450275 -0.075215
v -0.238925 0.446120 -0.074103
v -0.287234 0.362477 -0.082497
v -0.316640 0.398057 -0.035089
v -0.287850 0.363348 -0.081215
v -0.244223 0.449673 -0.079778
v -0.325721 0.325589 -0.047032
v -0.293893 0.366278 -0.086497
v -0.289548 0.358921 -0.081103
v -0.294490 0.291541 -0.067539
v -0.295863 0.292369 -0.066652
v -0.341680 0.251226 -0.050680
v -0.326493 0.321483 -0.047258
v -0.297214 0.286809 -0.065539
v -0.309545 0.227580 -0.050187
v -0.341915 0.246707 -0.049469
v -0.336216 0.214513 -0.035188
v -0.144735 0.325431 0.083614
v -0.239115 0.308396 0.092445
v -0.143098 0.323344 0.082191
v -0.098412 0.386669 0.134782
v -0.190771 0.386546 0.114557
v -0.189331 0.391096 0.115726
v -0.096343 0.394042 0.136613
v -0.045630 0.479534 0.125500
v -0.155256 0.477377 0.136698
v -0.210555 0.272052 -0.034991
v -0.126351 0.293918 0.000009
v -0.207104 0.265031 0.038417
v -0.129863 0.301697 0.000009
v -0.210324 0.272294 -0.033230
v -0.206434 0.264863 -0.034821
v -0.240783 0.245876 0.000009
v -0.236399 0.238552 0.000009
v -0.213320 0.269942 0.034798
v -0.209371 0.263016 0.037882
v -0.213320 0.269942 -0.034793
v -0.209371 0.263016 -0.037878
v -0.279829 0.213432 -0.021540
v -0.274497 0.207653 -0.024878
v -0.254695 0.252604 -0.052723
v -0.258467 0.258432 -0.047737
v -0.259051 0.258767 -0.049413
v -0.256438 0.260544 -0.050145
v -0.147052 0.321164 -0.081525
v -0.211218 0.273115 -0.036131
v -0.149047 0.326968 -0.075581
v -0.240303 0.304249 -0.089088
v -0.241772 0.309227 -0.082300
v -0.242876 0.309934 -0.083610
v -0.239703 0.312098 -0.084764
v -0.145829 0.330799 -0.077060
v -0.097897 0.390940 -0.127397
v -0.189712 0.388859 -0.106398
v -0.190608 0.390261 -0.107144
v -0.095722 0.394053 -0.128088
v -0.187626 0.392129 -0.107412
v -0.046320 0.478990 -0.116989
v -0.154847 0.477858 -0.128172
v 0.097987 0.695874 0.000009
v 0.093286 0.703015 0.000009
v -0.001090 0.629516 -0.043793
v -0.101146 0.590147 0.000009
v 0.003089 0.622280 -0.042019
v -0.097321 0.582510 0.000009
v -0.001384 0.620558 -0.043807
v -0.084768 0.551952 -0.080342
v -0.195649 0.542414 -0.052962
v -0.087229 0.558362 -0.085426
v -0.198077 0.549966 -0.056131
v -0.198464 0.539702 -0.054385
v -0.087916 0.549110 -0.081976
v -0.232806 0.452306 -0.075384
v -0.160378 0.485613 -0.132567
v -0.156544 0.480434 -0.126961
v -0.158709 0.477196 -0.127384
v -0.191738 0.391704 -0.106356
v -0.284554 0.365343 -0.083342
v -0.234772 0.448795 -0.075891
v -0.194492 0.387054 -0.105750
v -0.285754 0.361251 -0.082427
v -0.243873 0.311224 -0.083497
v -0.292164 0.294104 -0.068497
v -0.245706 0.307419 -0.082666
v -0.293073 0.290676 -0.066948
v -0.260551 0.259665 -0.049906
v -0.305760 0.229439 -0.051469
v -0.258973 0.250227 -0.053891
v -0.262503 0.255333 -0.048032
v -0.282400 0.211263 -0.021089
v -0.306905 0.226179 -0.049032
v -0.283480 0.212087 -0.022258
v -0.304010 0.220649 -0.054863
v -0.314342 0.202023 -0.025357
v -0.285889 0.209002 -0.020244
v -0.315875 0.199492 -0.022680
v -0.312975 0.192940 -0.027342
v -0.337696 0.174589 -0.006343
v -0.282449 0.201683 -0.022991
v -0.333594 0.167711 -0.009329
v -0.305046 0.196691 0.000009
v -0.282365 0.211495 -0.019287
v -0.247278 0.241502 0.000009
v -0.300432 0.189497 0.000009
v -0.277223 0.204682 -0.019596
v -0.241635 0.235096 0.000009
v -0.274497 0.207653 0.024882
v -0.239023 0.238222 0.002981
v -0.279829 0.213432 0.021544
v -0.244251 0.244854 0.001657
v -0.254070 0.254946 0.056150
v -0.208364 0.266813 0.041149
v -0.147052 0.321164 0.081529
v -0.211218 0.273115 0.036135
v -0.240303 0.304249 0.089093
v 0.261351 0.441631 -0.068398
v 0.260496 0.433678 -0.071398
v 0.096096 0.423140 -0.047540
v 0.095239 0.430982 -0.044272
v 0.173099 0.468865 -0.102102
v 0.173420 0.475867 -0.097215
v 0.183187 0.427232 0.000009
v 0.094038 0.422969 -0.044455
v 0.181457 0.435598 0.000009
v 0.091375 0.430703 -0.041976
v 0.020850 0.380557 0.000009
v 0.024655 0.372915 0.000009
v 0.091849 0.421518 0.047304
v 0.087806 0.428290 0.044037
v -0.048968 0.333059 0.052938
v 0.016627 0.379862 0.001770
v 0.021486 0.372927 0.002967
v -0.043770 0.327106 0.056177
v -0.048067 0.324129 0.056417
v -0.000296 0.402730 0.089614
v -0.091416 0.386093 0.132797
v -0.140093 0.325101 0.082501
v -0.054990 0.329941 0.052755
v -0.206812 0.273536 0.035558
v -0.053110 0.322176 0.055769
v -0.203654 0.266236 0.038699
v -0.125961 0.304481 0.001699
v -0.123073 0.296535 0.002882
v -0.119436 0.297451 0.000009
v 0.018725 0.370449 0.000009
v -0.122382 0.305475 0.000009
v 0.013796 0.377431 0.000009
v -0.051745 0.331304 -0.051187
v -0.047774 0.323742 -0.051272
v -0.048968 0.333059 -0.052934
v 0.087806 0.428290 -0.044032
v -0.000414 0.408695 -0.081877
v 0.427415 0.438878 -0.070215
v 0.338690 0.481718 -0.122327
v 0.338816 0.488695 -0.117398
v 0.428212 0.430517 -0.067384
v 0.427415 0.438878 0.070220
v 0.426492 0.441088 -0.072426
v 0.413935 0.535267 -0.167355
v 0.415299 0.529564 -0.173566
v 0.427872 0.435003 -0.078271
v 0.395753 0.684350 -0.173566
v 0.383181 0.779181 -0.077863
v 0.394592 0.678459 -0.167481
v 0.382034 0.772908 -0.072173
v 0.381791 0.774851 -0.067426
v 0.382794 0.783335 0.067727
v 0.382794 0.783335 -0.067722
v 0.381791 0.774851 0.067445
v 0.382034 0.772908 0.072191
v 0.394592 0.678459 0.167486
v 0.383181 0.779181 0.077867
v 0.395753 0.684350 0.173570
v 0.413040 0.540292 0.169542
v 0.395326 0.676424 0.169570
v 0.395282 0.673620 0.169486
v 0.396659 0.674070 0.177908
v 0.414438 0.540190 0.177965
v 0.295219 0.725315 0.125402
v 0.295715 0.720153 0.118614
v -0.365619 0.173260 -0.008765
v -0.360870 0.165090 0.000009
v -0.365418 0.170375 -0.002864
v -0.365871 0.176481 -0.010512
v -0.362792 0.175521 -0.018427
v -0.366338 0.179076 -0.015469
v -0.365179 0.209781 -0.024075
v -0.372523 0.180424 -0.007667
v -0.369176 0.180479 -0.012272
v -0.365050 0.221901 -0.028737
v -0.361728 0.182294 -0.022173
v -0.339375 0.212493 -0.033131
v -0.344738 0.243439 -0.047230
v -0.342358 0.209120 -0.040385
v -0.349484 0.240474 -0.053680
v -0.348439 0.246136 -0.056540
v -0.362993 0.220664 -0.030033
v -0.364121 0.225644 -0.029568
v -0.351394 0.248633 -0.053229
v -0.335977 0.317754 -0.050695
v -0.334224 0.323993 -0.051892
v -0.373062 0.261164 -0.027399
v -0.376308 0.262302 -0.023075
v -0.158709 0.477196 0.127388
v -0.240856 0.453780 0.081092
v -0.162730 0.478004 0.134881
v -0.194102 0.391210 0.114557
v -0.191738 0.391704 0.106360
v -0.291809 0.363653 0.089628
v -0.194492 0.387054 0.105768
v -0.244223 0.449673 0.079783
v -0.324874 0.402846 0.036600
v -0.196222 0.386060 0.114064
v -0.245526 0.309573 0.091726
v -0.243873 0.311224 0.083515
v -0.245706 0.307419 0.082670
v -0.259051 0.258767 0.049417
v -0.245393 0.303185 0.090092
v -0.258215 0.255085 0.056727
v -0.260551 0.259665 0.049910
v -0.258973 0.250227 0.053910
v -0.262503 0.255333 0.048037
v -0.283480 0.212087 0.022263
v -0.280299 0.206424 0.027812
v -0.325364 0.192837 0.019403
v -0.342477 0.173181 0.006826
v -0.345223 0.172282 0.004066
v -0.348418 0.164193 0.001981
v -0.345993 0.163871 0.005333
v -0.341828 0.166647 0.012291
v -0.322640 0.186604 0.024572
v -0.350359 0.174833 0.009826
v -0.351112 0.174337 0.006685
v -0.352394 0.166229 0.009079
v -0.352689 0.167241 0.012967
v -0.357820 0.169268 0.012192
v -0.357122 0.174999 0.003812
v -0.361780 0.168508 0.006840
v -0.349880 0.176885 0.013122
v -0.342228 0.202206 0.026995
v -0.353457 0.172539 0.019544
v -0.344109 0.198336 0.034375
v -0.362792 0.175521 0.018432
v -0.357654 0.178452 0.009854
v -0.356318 0.176951 0.007446
v -0.362326 0.172087 0.013108
v -0.359755 0.169981 0.011009
v -0.363667 0.171925 0.009192
v -0.365619 0.173260 0.008770
v -0.366252 0.173291 -0.006441
v -0.369278 0.175595 -0.005469
v -0.367895 0.174099 -0.002005
v -0.368937 0.174970 0.000009
v -0.365418 0.170375 0.002869
v -0.367895 0.174099 0.002009
v -0.366252 0.173291 0.006446
v -0.369277 0.175595 0.005474
v -0.372523 0.180424 0.007685
v -0.369829 0.178505 0.000009
v -0.365871 0.176481 0.010516
v -0.372923 0.182404 0.002291
v -0.366338 0.179076 0.015488
v -0.365178 0.209781 0.024080
v -0.369176 0.180479 0.012291
v -0.365050 0.221901 0.028742
v -0.361728 0.182294 0.022192
v -0.339375 0.212493 0.033135
v -0.362993 0.220664 0.030051
v -0.342358 0.209120 0.040403
v -0.344738 0.243439 0.047234
v -0.349484 0.240474 0.053685
v -0.348439 0.246136 0.056558
v -0.364121 0.225644 0.029572
v -0.351394 0.248633 0.053248
v -0.335977 0.317754 0.050699
v -0.373062 0.261164 0.027403
v -0.376308 0.262302 0.023079
v -0.366151 0.222297 0.026290
v -0.376093 0.255625 0.021953
v -0.373140 0.188170 0.009136
v -0.375199 0.227489 0.000009
v -0.374531 0.226965 0.002572
v -0.373817 0.214445 0.000009
v -0.372923 0.182404 -0.002287
v -0.373140 0.188170 -0.009131
v -0.366151 0.222297 -0.026286
v -0.376093 0.255625 -0.021948
v -0.374531 0.226965 -0.002568
v -0.374440 0.231466 0.000009
v -0.376327 0.263151 -0.017709
v -0.350861 0.330862 0.000009
v -0.349226 0.337610 0.000009
v -0.376327 0.263151 0.017713
v -0.374042 0.268863 0.023671
v -0.334224 0.323993 0.051896
v -0.348668 0.337115 0.002685
v -0.327192 0.396633 0.036108
v -0.335234 0.324727 0.049389
v -0.322366 0.400703 0.040854
v -0.332126 0.327564 0.052333
v -0.293893 0.366278 0.086501
v -0.289548 0.358921 0.081107
v -0.294126 0.358493 0.088318
v -0.345913 0.251737 0.058093
v -0.298634 0.291438 0.074684
v -0.295863 0.292369 0.066656
v -0.298655 0.284958 0.073755
v -0.297214 0.286809 0.065544
v -0.311528 0.225034 0.058107
v -0.309545 0.227580 0.050206
v -0.310711 0.223620 0.048206
v -0.318241 0.200589 0.025079
v -0.316385 0.194695 0.030981
v -0.310731 0.218135 0.054755
v -0.310731 0.218135 -0.054750
v -0.310711 0.223620 -0.048202
v -0.316385 0.194695 -0.030976
v -0.318241 0.200589 -0.025075
v -0.322640 0.186604 -0.024568
v -0.325364 0.192837 -0.019399
v -0.342477 0.173181 -0.006822
v -0.341828 0.166647 -0.012286
v -0.345993 0.163871 -0.005329
v -0.352688 0.167241 -0.012962
v -0.345223 0.172282 -0.004061
v -0.348418 0.164193 -0.001963
v -0.352394 0.166229 -0.009075
v -0.351112 0.174337 -0.006681
v -0.350359 0.174833 -0.009821
v -0.357820 0.169268 -0.012174
v -0.349880 0.176885 -0.013103
v -0.342228 0.202206 -0.026991
v -0.353457 0.172539 -0.019526
v -0.344109 0.198336 -0.034357
v -0.357654 0.178452 -0.009850
v -0.362326 0.172087 -0.013103
v -0.359755 0.169981 -0.011004
v -0.361780 0.168508 -0.006822
v -0.356318 0.176951 -0.007441
v -0.357122 0.174999 -0.003794
v -0.363667 0.171925 -0.009188
v -0.335234 0.324727 -0.049370
v -0.327192 0.396633 -0.036103
v -0.374042 0.268863 -0.023666
v -0.348668 0.337115 -0.002681
v -0.324874 0.402846 -0.036596
v -0.346991 0.341398 0.000009
v -0.324837 0.403291 -0.031441
v -0.263765 0.475652 0.000009
v -0.260762 0.480406 0.000009
v -0.324837 0.403291 0.031446
v -0.260374 0.479632 0.002854
v -0.208306 0.542561 0.055882
v -0.241778 0.454838 0.078473
v -0.087916 0.549110 0.081980
v -0.090171 0.554838 0.087909
v -0.160378 0.485613 0.132571
v 0.169693 0.468915 -0.104567
v 0.090790 0.431862 -0.045117
v 0.168864 0.475142 -0.098779
v 0.063506 0.482166 -0.114046
v 0.171627 0.472848 -0.106243
v 0.172351 0.478171 -0.099609
v 0.239287 0.535602 -0.165115
v 0.263942 0.436658 -0.075469
v 0.335815 0.483160 -0.125017
v 0.335483 0.489210 -0.118989
v 0.242371 0.529060 -0.170735
v 0.264107 0.443143 -0.069905
v 0.242723 0.534745 -0.164369
v 0.414438 0.540190 -0.177960
v 0.396659 0.674070 -0.177890
v 0.413040 0.540292 -0.169538
v 0.395282 0.673620 -0.169482
v 0.395326 0.676424 -0.169566
v 0.295715 0.720153 -0.118595
v 0.295219 0.725315 -0.125384
v 0.203561 0.670213 -0.172270
v 0.142750 0.571623 -0.137229
v 0.140003 0.572002 -0.145313
v 0.061640 0.484820 -0.106145
v -0.001574 0.410915 -0.084356
v 0.001678 0.406910 -0.091159
v -0.000296 0.402730 -0.089609
v -0.003982 0.407489 -0.083553
v -0.052424 0.332337 -0.054244
v -0.049747 0.326935 -0.060300
v 0.426939 0.438958 0.067135
v 0.426939 0.438958 -0.067131
v 0.428212 0.430517 0.067389
v 0.338690 0.481718 0.122345
v 0.338816 0.488695 0.117416
v 0.426492 0.441088 0.072431
v 0.427872 0.435003 0.078276
v 0.415299 0.529564 0.173570
v 0.413935 0.535267 0.167373
v 0.335815 0.483160 0.125022
v 0.263942 0.436658 0.075473
v 0.335483 0.489210 0.119008
v 0.242371 0.529060 0.170739
v 0.264107 0.443143 0.069910
v 0.242723 0.534745 0.164373
v 0.239287 0.535602 0.165120
v 0.172351 0.478171 0.099613
v 0.171627 0.472848 0.106247
v 0.203561 0.670213 0.172275
v 0.142750 0.571623 0.137247
v 0.140003 0.572002 0.145317
v 0.061640 0.484820 0.106163
v 0.063508 0.482153 0.114050
v -0.001574 0.410915 0.084360
v 0.001678 0.406910 0.091177
v 0.169693 0.468915 0.104585
v 0.168864 0.475142 0.098797
v 0.090790 0.431862 0.045121
v -0.208306 0.542561 -0.055863
v -0.240856 0.453780 -0.081074
v -0.260374 0.479632 -0.002836
v -0.241778 0.454838 -0.078468
v -0.244223 0.449673 -0.079778
v -0.322366 0.400703 -0.040850
v -0.332126 0.327564 -0.052314
v -0.293893 0.366278 -0.086497
v -0.291809 0.363653 -0.089609
v -0.294126 0.358493 -0.088299
v -0.289548 0.358921 -0.081103
v -0.298634 0.291438 -0.074680
v -0.295863 0.292369 -0.066652
v -0.345913 0.251737 -0.058075
v -0.298655 0.284958 -0.073751
v -0.297214 0.286809 -0.065539
v -0.311528 0.225034 -0.058102
v -0.309545 0.227580 -0.050187
v -0.145828 0.330799 0.077065
v -0.097897 0.390940 0.127402
v -0.144735 0.325431 0.083614
v -0.098412 0.386669 0.134782
v -0.095722 0.394053 0.128092
v -0.046320 0.478990 0.117008
v -0.096343 0.394042 0.136613
v -0.045630 0.479534 0.125500
v -0.243544 0.244421 0.000009
v -0.244251 0.244854 -0.001653
v -0.279829 0.213432 -0.021540
v -0.258467 0.258432 -0.047737
v -0.259051 0.258767 -0.049413
v -0.147052 0.321164 -0.081525
v -0.211218 0.273115 -0.036131
v -0.149047 0.326968 -0.075581
v -0.145829 0.330799 -0.077060
v -0.097897 0.390940 -0.127397
v -0.144735 0.325431 -0.083610
v -0.098412 0.386669 -0.134778
v -0.096343 0.394042 -0.136609
v -0.045630 0.479534 -0.125496
v -0.095722 0.394053 -0.128088
v -0.046320 0.478990 -0.116989
v -0.090171 0.554838 -0.087891
v -0.087916 0.549110 -0.081976
v -0.160378 0.485613 -0.132567
v -0.158709 0.477196 -0.127384
v -0.191738 0.391704 -0.106356
v -0.194102 0.391210 -0.114539
v -0.162730 0.478004 -0.134876
v -0.196222 0.386060 -0.114060
v -0.194492 0.387054 -0.105750
v -0.245526 0.309573 -0.091722
v -0.243873 0.311224 -0.083497
v -0.245393 0.303185 -0.090088
v -0.245706 0.307419 -0.082666
v -0.258215 0.255085 -0.056722
v -0.260551 0.259665 -0.049906
v -0.258973 0.250227 -0.053891
v -0.262503 0.255333 -0.048032
v -0.283480 0.212087 -0.022258
v -0.280299 0.206424 -0.027807
v -0.279829 0.213432 0.021544
v -0.244251 0.244854 0.001657
v -0.258467 0.258432 0.047741
v -0.147052 0.321164 0.081529
v -0.211218 0.273115 0.036135
v -0.149047 0.326968 0.075586
v -0.000296 0.402730 0.089614
v -0.003982 0.407489 0.083557
v -0.052424 0.332337 0.054248
v -0.049746 0.326935 0.060304
v 0.338573 0.483294 -0.125271
v 0.268041 0.433941 -0.072074
v 0.264489 0.433902 -0.072032
v 0.347597 0.431932 0.000009
v 0.347581 0.432869 -0.003174
v 0.426065 0.431045 -0.073342
v 0.338690 0.481718 -0.122327
v 0.429469 0.430951 -0.073469
v 0.428212 0.430517 -0.067384
v 0.341831 0.489430 -0.119412
v 0.341251 0.483346 -0.125384
v 0.413935 0.535267 -0.167355
v 0.427872 0.435003 -0.078271
v 0.416242 0.533978 -0.177425
v 0.006551 0.625007 -0.044131
v 0.114071 0.661874 -0.094680
v 0.184988 0.762071 -0.068285
v 0.114471 0.661272 -0.096567
v 0.102710 0.697786 -0.001807
v 0.102537 0.698531 0.000009
v 0.187849 0.764349 -0.068849
v 0.003030 0.622343 -0.043652
v 0.117706 0.662506 -0.096905
v 0.210636 0.669777 -0.166172
v 0.210330 0.670844 -0.164749
v 0.292250 0.721120 -0.117440
v 0.295498 0.722056 -0.117820
v 0.185729 0.768007 -0.076356
v 0.188192 0.762704 -0.070131
v 0.190691 0.764423 -0.068722
v 0.295570 0.722833 -0.115877
v 0.382101 0.774892 -0.070257
v 0.286788 0.768714 -0.001934
v 0.286616 0.769515 0.000009
v 0.384738 0.775052 -0.070215
v 0.297950 0.728259 -0.123848
v 0.298738 0.722282 -0.117806
v 0.383181 0.779181 -0.077863
v 0.394592 0.678459 -0.167481
v 0.382034 0.772908 -0.072173
v 0.384738 0.775052 0.070234
v 0.381791 0.774851 -0.067426
v 0.381791 0.774851 0.067445
v 0.289881 0.769702 0.000009
v 0.286788 0.768714 0.001939
v 0.382101 0.774892 0.070262
v 0.190691 0.764423 0.068741
v 0.187859 0.764067 -0.066934
v 0.283398 0.768384 0.000009
v 0.187859 0.764067 0.066938
v 0.105799 0.699881 0.000009
v 0.187849 0.764349 0.068853
v 0.295498 0.722056 0.117825
v 0.295570 0.722833 0.115895
v 0.382034 0.772908 0.072191
v 0.394592 0.678459 0.167486
v 0.397919 0.676635 0.169542
v 0.383181 0.779181 0.077867
v 0.298738 0.722282 0.117810
v 0.297950 0.728259 0.123853
v 0.395326 0.676424 0.169570
v 0.395282 0.673620 0.169486
v 0.320227 0.606672 0.167754
v 0.319612 0.606578 0.176274
v 0.396659 0.674070 0.177908
v 0.416242 0.533978 0.177430
v 0.393950 0.679568 0.177387
v 0.213865 0.673466 0.173880
v 0.213358 0.670091 0.166064
v 0.295219 0.725315 0.125402
v 0.295715 0.720153 0.118614
v 0.210636 0.669777 0.166190
v 0.292250 0.721120 0.117444
v 0.210330 0.670844 0.164754
v 0.117706 0.662506 0.096923
v 0.114471 0.661272 0.096571
v 0.188192 0.762704 0.070135
v 0.185729 0.768007 0.076360
v 0.184988 0.762071 0.068290
v 0.114071 0.661874 0.094684
v 0.006551 0.625007 0.044135
v 0.102710 0.697786 0.001812
v -0.365619 0.173260 -0.008765
v -0.360870 0.165090 0.000009
v -0.362792 0.175521 -0.018427
v -0.344738 0.243439 -0.047230
v -0.349484 0.240474 -0.053680
v -0.356704 0.222455 -0.024540
v -0.362993 0.220664 -0.030033
v -0.335977 0.317754 -0.050695
v -0.366875 0.261037 -0.021511
v -0.373062 0.261164 -0.027399
v -0.235723 0.450275 0.075220
v -0.156001 0.479454 0.128430
v -0.158709 0.477196 0.127388
v -0.162730 0.478004 0.134881
v -0.239435 0.451565 0.082515
v -0.234772 0.448795 0.075910
v -0.238925 0.446120 0.074107
v -0.317760 0.398976 0.033882
v -0.194492 0.387054 0.105768
v -0.244223 0.449673 0.079783
v -0.196222 0.386060 0.114064
v -0.243046 0.306560 0.091459
v -0.288146 0.360341 0.090572
v -0.285754 0.361251 0.082431
v -0.245706 0.307419 0.082670
v -0.245393 0.303185 0.090092
v -0.256051 0.253507 0.055445
v -0.294086 0.288085 0.075036
v -0.293073 0.290676 0.066966
v -0.307696 0.222240 0.057727
v -0.258973 0.250227 0.053910
v -0.277963 0.204671 0.024234
v -0.280299 0.206424 0.027812
v -0.311817 0.195961 0.030826
v -0.304010 0.220649 0.054868
v -0.314114 0.193643 0.029812
v -0.282449 0.201683 0.023009
v -0.303070 0.187490 0.000009
v -0.303893 0.187808 0.002657
v -0.333594 0.167711 0.009333
v -0.339733 0.163895 0.007530
v -0.312976 0.192940 0.027347
v -0.348418 0.164193 0.001981
v -0.349992 0.164980 0.006207
v -0.345993 0.163871 0.005333
v -0.347240 0.163864 0.000009
v -0.353363 0.164213 0.002756
v -0.350287 0.165411 0.008474
v -0.347431 0.167064 0.010206
v -0.341828 0.166647 0.012291
v -0.322640 0.186604 0.024572
v -0.344420 0.167969 0.015192
v -0.349210 0.168676 0.018290
v -0.352394 0.166229 0.009079
v -0.352689 0.167241 0.012967
v -0.356788 0.165966 0.006713
v -0.356235 0.168140 0.010840
v -0.357820 0.169268 0.012192
v -0.361780 0.168508 0.006840
v -0.356516 0.171698 0.014643
v -0.353457 0.172539 0.019544
v -0.357303 0.174478 0.019516
v -0.362792 0.175521 0.018432
v -0.357654 0.178452 0.009854
v -0.345345 0.173813 0.022389
v -0.362326 0.172087 0.013108
v -0.359755 0.169981 0.011009
v -0.363667 0.171925 0.009192
v -0.357901 0.177667 0.006573
v -0.365619 0.173260 0.008770
v -0.362841 0.181039 -0.004089
v -0.369278 0.175595 -0.005469
v -0.367895 0.174099 -0.002005
v -0.367895 0.174099 0.002009
v -0.362840 0.181039 0.004094
v -0.369277 0.175595 0.005474
v -0.356704 0.222455 0.024558
v -0.362993 0.220664 0.030051
v -0.344738 0.243439 0.047234
v -0.349484 0.240474 0.053685
v -0.335977 0.317754 0.050699
v -0.366875 0.261037 0.021516
v -0.373062 0.261164 0.027403
v -0.316640 0.398057 0.035093
v -0.322366 0.400703 0.040854
v -0.289548 0.358921 0.081107
v -0.294126 0.358493 0.088318
v -0.332328 0.322509 0.053431
v -0.326493 0.321483 0.047262
v -0.298655 0.284958 0.073755
v -0.297214 0.286809 0.065544
v -0.343676 0.244005 0.057389
v -0.341915 0.246707 0.049473
v -0.310711 0.223620 0.048206
v -0.336081 0.210951 0.033361
v -0.337725 0.206729 0.040600
v -0.316385 0.194695 0.030981
v -0.310731 0.218135 0.054755
v -0.307696 0.222240 -0.057708
v -0.310731 0.218135 -0.054750
v -0.314114 0.193643 -0.029793
v -0.310711 0.223620 -0.048202
v -0.316385 0.194695 -0.030976
v -0.345345 0.173813 -0.022385
v -0.337725 0.206729 -0.040596
v -0.336081 0.210951 -0.033357
v -0.349210 0.168676 -0.018286
v -0.322640 0.186604 -0.024568
v -0.339733 0.163895 -0.007526
v -0.344420 0.167969 -0.015188
v -0.347431 0.167064 -0.010202
v -0.341828 0.166647 -0.012286
v -0.350287 0.165411 -0.008470
v -0.345993 0.163871 -0.005329
v -0.352688 0.167241 -0.012962
v -0.349992 0.164980 -0.006202
v -0.343743 0.165175 0.000009
v -0.338078 0.164752 -0.002019
v -0.313595 0.181651 0.000009
v -0.338078 0.164752 0.002023
v -0.348418 0.164193 -0.001963
v -0.353363 0.164213 -0.002737
v -0.356788 0.165966 -0.006709
v -0.352394 0.166229 -0.009075
v -0.356235 0.168140 -0.010836
v -0.357820 0.169268 -0.012174
v -0.356516 0.171698 -0.014639
v -0.353457 0.172539 -0.019526
v -0.357303 0.174478 -0.019512
v -0.357654 0.178452 -0.009850
v -0.362326 0.172087 -0.013103
v -0.359755 0.169981 -0.011004
v -0.361780 0.168508 -0.006822
v -0.363667 0.171925 -0.009188
v -0.357901 0.177667 -0.006568
v -0.317760 0.398976 -0.033863
v -0.317512 0.398952 -0.032117
v -0.257078 0.470348 0.000009
v -0.254216 0.474914 0.000009
v -0.317512 0.398952 0.032122
v -0.315221 0.402079 0.034136
v -0.253832 0.474239 0.001812
v -0.201734 0.538095 0.052741
v -0.199413 0.540969 0.053220
v -0.236227 0.450848 0.073347
v -0.232806 0.452306 0.075389
v -0.198464 0.539702 0.054403
v -0.087916 0.549110 0.081980
v -0.090171 0.554838 0.087909
v -0.201956 0.544244 0.060741
v -0.156544 0.480434 0.126966
v -0.043770 0.327106 -0.056159
v 0.002774 0.404439 -0.089736
v 0.003678 0.403223 -0.087018
v 0.091849 0.421518 -0.047300
v -0.048067 0.324129 -0.056413
v 0.093894 0.423192 -0.047103
v 0.005824 0.405492 -0.090046
v 0.093239 0.424726 -0.049103
v 0.169693 0.468915 -0.104567
v 0.172725 0.470335 -0.104891
v 0.066047 0.485937 -0.104384
v 0.066970 0.481868 -0.111834
v 0.066036 0.483805 -0.113553
v 0.068428 0.484488 -0.114581
v 0.063506 0.482166 -0.114046
v 0.237100 0.531679 -0.172383
v 0.069284 0.487952 -0.106820
v 0.239287 0.535602 -0.165115
v 0.144216 0.568391 -0.137397
v 0.141978 0.566551 -0.145440
v 0.241587 0.533048 -0.173960
v 0.175372 0.470710 -0.105384
v 0.263942 0.436658 -0.075469
v 0.335815 0.483160 -0.125017
v 0.244982 0.536391 -0.166158
v 0.414097 0.537263 -0.169524
v 0.245894 0.533200 -0.174031
v 0.412794 0.533867 -0.177242
v 0.317228 0.604618 -0.166834
v 0.317015 0.603283 -0.175270
v 0.313620 0.606049 -0.175721
v 0.319612 0.606578 -0.176256
v 0.396659 0.674070 -0.177890
v 0.395282 0.673620 -0.169482
v 0.320227 0.606672 -0.167750
v 0.397919 0.676635 -0.169538
v 0.395326 0.676424 -0.169566
v 0.295715 0.720153 -0.118595
v 0.295219 0.725315 -0.125384
v 0.213358 0.670091 -0.166059
v 0.393950 0.679568 -0.177383
v 0.213865 0.673466 -0.173876
v 0.209711 0.667539 -0.174355
v 0.211120 0.667652 -0.165932
v 0.313775 0.605941 -0.167186
v 0.207623 0.668373 -0.164989
v 0.203561 0.670213 -0.172270
v 0.032533 0.568352 -0.106666
v 0.029434 0.570830 -0.114229
v 0.110863 0.663484 -0.103666
v 0.115071 0.659618 -0.097313
v 0.028892 0.566383 -0.105483
v 0.139064 0.568328 -0.137580
v 0.029659 0.564893 -0.105412
v 0.027972 0.566519 -0.113623
v -0.039051 0.483067 -0.117567
v 0.137644 0.567488 -0.145961
v -0.039036 0.483026 -0.126116
v 0.061640 0.484820 -0.106145
v -0.042151 0.479479 -0.116426
v -0.040764 0.479007 -0.124834
v -0.093695 0.389574 -0.136243
v -0.000296 0.402730 -0.089609
v -0.003982 0.407489 -0.083553
v -0.094059 0.391515 -0.126750
v -0.091416 0.386093 -0.132792
v -0.049747 0.326935 -0.060300
v -0.140094 0.325101 -0.082497
v -0.143098 0.323344 -0.082187
v -0.053110 0.322176 -0.055765
v -0.122464 0.295905 0.000009
v -0.123073 0.296535 -0.002878
v -0.203654 0.266236 -0.038695
v -0.142377 0.322117 -0.079525
v 0.429469 0.430951 0.073473
v 0.350187 0.431889 0.000009
v 0.428212 0.430517 0.067389
v 0.426065 0.431045 0.073347
v 0.347581 0.432869 0.003178
v 0.268041 0.433941 0.072079
v 0.338690 0.481718 0.122345
v 0.338573 0.483294 0.125289
v 0.427872 0.435003 0.078276
v 0.341251 0.483346 0.125388
v 0.341831 0.489430 0.119430
v 0.413935 0.535267 0.167373
v 0.412794 0.533867 0.177260
v 0.414097 0.537263 0.169528
v 0.244982 0.536391 0.166162
v 0.245894 0.533200 0.174050
v 0.317228 0.604618 0.166852
v 0.317015 0.603283 0.175289
v 0.241587 0.533048 0.173965
v 0.335815 0.483160 0.125022
v 0.264489 0.433902 0.072037
v 0.344999 0.431877 0.000009
v 0.263942 0.436658 0.075473
v 0.175372 0.470710 0.105388
v 0.172725 0.470335 0.104895
v 0.239287 0.535602 0.165120
v 0.069284 0.487952 0.106825
v 0.237100 0.531679 0.172387
v 0.068428 0.484488 0.114585
v 0.144216 0.568391 0.137402
v 0.141978 0.566551 0.145444
v 0.066036 0.483805 0.113557
v 0.313620 0.606049 0.175725
v 0.313775 0.605941 0.167190
v 0.211120 0.667652 0.165937
v 0.209711 0.667539 0.174373
v 0.203561 0.670213 0.172275
v 0.207623 0.668373 0.164993
v 0.032533 0.568352 0.106684
v 0.029434 0.570830 0.114247
v 0.110863 0.663484 0.103670
v 0.115071 0.659618 0.097318
v 0.028892 0.566383 0.105487
v 0.139064 0.568328 0.137585
v 0.029659 0.564893 0.105417
v 0.027972 0.566519 0.113628
v -0.039051 0.483067 0.117585
v 0.137644 0.567488 0.145965
v -0.039036 0.483026 0.126120
v 0.061640 0.484820 0.106163
v -0.042151 0.479479 0.116430
v -0.040764 0.479007 0.124853
v 0.063508 0.482153 0.114050
v 0.002774 0.404439 0.089740
v -0.093695 0.389574 0.136261
v 0.005824 0.405492 0.090050
v 0.066970 0.481868 0.111839
v 0.169693 0.468915 0.104585
v 0.066047 0.485937 0.104388
v 0.093239 0.424726 0.049107
v 0.093894 0.423192 0.047107
v 0.096096 0.423140 0.047544
v 0.173099 0.468865 0.102106
v 0.260496 0.433678 0.071403
v 0.185579 0.429220 0.002995
v 0.186048 0.428387 0.000009
v 0.188534 0.428428 0.000009
v 0.264605 0.433407 0.067445
v 0.264605 0.433407 -0.067441
v -0.156001 0.479454 -0.128426
v 0.024688 0.564469 -0.105919
v 0.023461 0.567576 -0.113778
v -0.085290 0.554852 -0.089511
v -0.083639 0.549826 -0.082806
v -0.084518 0.551317 -0.082103
v -0.080410 0.553686 -0.082286
v 0.028414 0.567414 -0.104243
v 0.109914 0.658957 -0.096032
v 0.106179 0.663722 -0.102046
v 0.003586 0.621265 -0.044737
v 0.023461 0.567576 0.113796
v 0.024688 0.564469 0.105923
v -0.085290 0.554852 0.089515
v -0.083639 0.549826 0.082811
v -0.084518 0.551317 0.082107
v -0.080410 0.553686 0.082290
v 0.028414 0.567414 0.104247
v 0.109914 0.658957 0.096036
v 0.106179 0.663722 0.102050
v 0.003586 0.621265 0.044741
v 0.003030 0.622343 0.043657
v -0.001384 0.620558 0.043812
v -0.084768 0.551952 0.080346
v -0.195649 0.542414 0.052966
v -0.101101 0.579486 0.001727
v -0.101518 0.580099 0.000009
v -0.104950 0.577803 0.000009
v -0.199413 0.540969 -0.053215
v -0.199177 0.540787 0.051347
v -0.199177 0.540787 -0.051342
v -0.251320 0.476998 0.000009
v -0.253832 0.474239 -0.001793
v -0.201734 0.538095 -0.052737
v -0.315221 0.402079 -0.034117
v -0.236227 0.450848 -0.073342
v -0.235723 0.450275 -0.075215
v -0.238925 0.446120 -0.074103
v -0.316640 0.398057 -0.035089
v -0.244223 0.449673 -0.079778
v -0.322366 0.400703 -0.040850
v -0.294126 0.358493 -0.088299
v -0.332328 0.322509 -0.053413
v -0.289548 0.358921 -0.081103
v -0.326493 0.321483 -0.047258
v -0.298655 0.284958 -0.073751
v -0.297214 0.286809 -0.065539
v -0.343676 0.244005 -0.057370
v -0.341915 0.246707 -0.049469
v -0.097897 0.390940 0.127402
v -0.239115 0.308396 0.092445
v -0.143098 0.323344 0.082191
v -0.098412 0.386669 0.134782
v -0.190771 0.386546 0.114557
v -0.189712 0.388859 0.106402
v -0.046320 0.478990 0.117008
v -0.045630 0.479534 0.125500
v -0.154847 0.477858 0.128177
v -0.155256 0.477377 0.136698
v -0.207104 0.265031 -0.038413
v -0.126351 0.293918 0.000009
v -0.207104 0.265031 0.038417
v -0.206434 0.264863 -0.034821
v -0.206434 0.264863 0.034840
v -0.236399 0.238552 0.000009
v -0.238349 0.237643 0.000009
v -0.209371 0.263016 0.037882
v -0.209371 0.263016 -0.037878
v -0.239023 0.238222 -0.002963
v -0.274497 0.207653 -0.024878
v -0.254695 0.252604 -0.052723
v -0.256051 0.253507 -0.055441
v -0.277963 0.204671 -0.024230
v -0.254070 0.254946 -0.056145
v -0.208364 0.266813 -0.041145
v -0.147052 0.321164 -0.081525
v -0.149047 0.326968 -0.075581
v -0.240303 0.304249 -0.089088
v -0.241772 0.309227 -0.082300
v -0.243046 0.306560 -0.091454
v -0.097897 0.390940 -0.127397
v -0.239115 0.308396 -0.092440
v -0.098412 0.386669 -0.134778
v -0.190771 0.386546 -0.114553
v -0.189712 0.388859 -0.106398
v -0.045630 0.479534 -0.125496
v -0.046320 0.478990 -0.116989
v -0.154847 0.477858 -0.128172
v -0.155256 0.477377 -0.136693
v 0.097987 0.695874 0.000009
v 0.003089 0.622280 -0.042019
v 0.003089 0.622280 0.042037
v -0.097321 0.582510 0.000009
v -0.001384 0.620558 -0.043807
v -0.084768 0.551952 -0.080342
v -0.195649 0.542414 -0.052962
v -0.101101 0.579486 -0.001709
v -0.090171 0.554838 -0.087891
v -0.201956 0.544244 -0.060737
v -0.198464 0.539702 -0.054385
v -0.087916 0.549110 -0.081976
v -0.232806 0.452306 -0.075384
v -0.156544 0.480434 -0.126961
v -0.158709 0.477196 -0.127384
v -0.162730 0.478004 -0.134876
v -0.239435 0.451565 -0.082497
v -0.234772 0.448795 -0.075891
v -0.196222 0.386060 -0.114060
v -0.194492 0.387054 -0.105750
v -0.288146 0.360341 -0.090567
v -0.285754 0.361251 -0.082427
v -0.245393 0.303185 -0.090088
v -0.245706 0.307419 -0.082666
v -0.293073 0.290676 -0.066948
v -0.294086 0.288085 -0.075032
v -0.258973 0.250227 -0.053891
v -0.280299 0.206424 -0.027807
v -0.311817 0.195961 -0.030821
v -0.304010 0.220649 -0.054863
v -0.312975 0.192940 -0.027342
v -0.282449 0.201683 -0.022991
v -0.303893 0.187808 -0.002653
v -0.333594 0.167711 -0.009329
v -0.300432 0.189497 0.000009
v -0.277223 0.204682 -0.019596
v -0.241635 0.235096 0.000009
v -0.277223 0.204682 0.019615
v -0.274497 0.207653 0.024882
v -0.239023 0.238222 0.002981
v -0.254695 0.252604 0.052741
v -0.254070 0.254946 0.056150
v -0.208364 0.266813 0.041149
v -0.147052 0.321164 0.081529
v -0.149047 0.326968 0.075586
v -0.240303 0.304249 0.089093
v -0.241772 0.309227 0.082304
v 0.260496 0.433678 -0.071398
v 0.185579 0.429220 -0.002990
v 0.096096 0.423140 -0.047540
v 0.173099 0.468865 -0.102102
v 0.183187 0.427232 0.000009
v 0.094038 0.422969 -0.044455
v 0.094038 0.422969 0.044459
v 0.024655 0.372915 0.000009
v 0.021709 0.372047 0.000009
v 0.091849 0.421518 0.047304
v 0.087806 0.428290 0.044037
v -0.000414 0.408695 0.081896
v 0.003678 0.403223 0.087022
v 0.021486 0.372927 0.002967
v -0.043770 0.327106 0.056177
v -0.048067 0.324129 0.056417
v -0.000296 0.402730 0.089614
v -0.003982 0.407489 0.083557
v -0.094059 0.391515 0.126768
v -0.049746 0.326935 0.060304
v -0.091416 0.386093 0.132797
v -0.140093 0.325101 0.082501
v -0.142377 0.322117 0.079530
v -0.053110 0.322176 0.055769
v -0.203654 0.266236 0.038699
v -0.123073 0.296535 0.002882
v -0.119436 0.297451 0.000009
v -0.047774 0.323742 0.051276
v 0.018725 0.370449 0.000009
v -0.047774 0.323742 -0.051272
v 0.021486 0.372927 -0.002963
v 0.087806 0.428290 -0.044032
v -0.000414 0.408695 -0.081877
v 0.338573 0.483294 -0.125271
v 0.268041 0.433941 -0.072074
v 0.347581 0.432869 -0.003174
v 0.347726 0.441296 -0.001822
v 0.426065 0.431045 -0.073342
v 0.266972 0.441770 -0.068821
v 0.427415 0.438878 -0.070215
v 0.429972 0.438872 0.070304
v 0.427415 0.438878 0.070220
v 0.341251 0.483346 -0.125384
v 0.415299 0.529564 -0.173566
v 0.427872 0.435003 -0.078271
v 0.416242 0.533978 -0.177425
v -0.000995 0.629175 -0.046807
v -0.083109 0.559072 -0.088342
v -0.086695 0.557054 -0.088032
v 0.110158 0.666006 -0.102215
v 0.001965 0.631522 -0.047201
v -0.004789 0.627683 -0.047046
v 0.179602 0.767971 -0.071300
v 0.006551 0.625007 -0.044131
v 0.184988 0.762071 -0.068285
v 0.102710 0.697786 -0.001807
v 0.097582 0.704543 -0.002808
v 0.185018 0.771819 -0.071863
v 0.117706 0.662506 -0.096905
v 0.292250 0.721120 -0.117440
v 0.113501 0.667466 -0.102455
v 0.207748 0.676870 -0.170228
v 0.208618 0.673148 -0.173763
v 0.291503 0.727244 -0.123342
v 0.294875 0.728112 -0.123820
v 0.185729 0.768007 -0.076356
v 0.188192 0.762704 -0.070131
v 0.190825 0.772338 -0.071934
v 0.190691 0.764423 -0.068722
v 0.382101 0.774892 -0.070257
v 0.380582 0.782661 -0.073483
v 0.286788 0.768714 -0.001934
v 0.286058 0.777156 -0.003033
v 0.384170 0.782904 -0.073525
v 0.297950 0.728259 -0.123848
v 0.397477 0.679774 -0.177467
v 0.395753 0.684350 -0.173566
v 0.384738 0.775052 0.070234
v 0.382794 0.783335 0.067727
v 0.288988 0.778193 0.000009
v 0.381791 0.774851 0.067445
v 0.289881 0.769702 0.000009
v 0.380582 0.782661 0.073487
v 0.190825 0.772338 0.071938
v 0.382101 0.774892 0.070262
v 0.190691 0.764423 0.068741
v 0.282391 0.776860 0.000009
v 0.100970 0.706919 0.000009
v 0.283398 0.768384 0.000009
v 0.184873 0.772028 0.066177
v 0.187859 0.764067 0.066938
v 0.105799 0.699881 0.000009
v 0.187849 0.764349 0.068853
v 0.295498 0.722056 0.117825
v 0.295570 0.722833 0.115895
v 0.294895 0.729620 0.121036
v 0.382034 0.772908 0.072191
v 0.394592 0.678459 0.167486
v 0.397919 0.676635 0.169542
v 0.298738 0.722282 0.117810
v 0.416657 0.537427 0.169627
v 0.413040 0.540292 0.169542
v 0.317047 0.606455 0.167669
v 0.395326 0.676424 0.169570
v 0.395282 0.673620 0.169486
v 0.320227 0.606672 0.167754
v 0.317035 0.608314 0.166838
v 0.213358 0.670091 0.166064
v 0.295715 0.720153 0.118614
v 0.210636 0.669777 0.166190
v 0.292250 0.721120 0.117444
v 0.291503 0.727244 0.123360
v 0.207748 0.676870 0.170232
v 0.210330 0.670844 0.164754
v 0.117706 0.662506 0.096923
v 0.114471 0.661272 0.096571
v 0.188192 0.762704 0.070135
v 0.184988 0.762071 0.068290
v 0.114071 0.661874 0.094684
v 0.006551 0.625007 0.044135
v 0.109536 0.667188 0.099599
v 0.179602 0.767971 0.071304
v 0.001965 0.631522 0.047220
v -0.365619 0.173260 -0.008765
v -0.365418 0.170375 -0.002864
v -0.359570 0.180857 -0.006751
v -0.358616 0.211252 -0.018807
v -0.365871 0.176481 -0.010512
v -0.362792 0.175521 -0.018427
v -0.365179 0.209781 -0.024075
v -0.363450 0.183673 -0.006808
v -0.372523 0.180424 -0.007667
v -0.369176 0.180479 -0.012272
v -0.365050 0.221901 -0.028737
v -0.361728 0.182294 -0.022173
v -0.340028 0.208048 -0.041342
v -0.342358 0.209120 -0.040385
v -0.349484 0.240474 -0.053680
v -0.348439 0.246136 -0.056540
v -0.356704 0.222455 -0.024540
v -0.362993 0.220664 -0.030033
v -0.357347 0.226461 -0.024427
v -0.364121 0.225644 -0.029568
v -0.351394 0.248633 -0.053229
v -0.335977 0.317754 -0.050695
v -0.334224 0.323993 -0.051892
v -0.329784 0.316307 -0.044990
v -0.366875 0.261037 -0.021511
v -0.373062 0.261164 -0.027399
v -0.376308 0.262302 -0.023075
v -0.235723 0.450275 0.075220
v -0.156001 0.479454 0.128430
v -0.158709 0.477196 0.127388
v -0.190607 0.390261 0.107149
v -0.191738 0.391704 0.106360
v -0.284554 0.365343 0.083346
v -0.234772 0.448795 0.075910
v -0.287234 0.362477 0.082501
v -0.238925 0.446120 0.074107
v -0.317760 0.398976 0.033882
v -0.194492 0.387054 0.105768
v -0.242876 0.309934 0.083614
v -0.244223 0.449673 0.079783
v -0.285754 0.361251 0.082431
v -0.243873 0.311224 0.083515
v -0.292164 0.294104 0.068515
v -0.294490 0.291541 0.067543
v -0.245706 0.307419 0.082670
v -0.259051 0.258767 0.049417
v -0.293073 0.290676 0.066966
v -0.305760 0.229439 0.051488
v -0.260551 0.259665 0.049910
v -0.308145 0.226527 0.050346
v -0.258973 0.250227 0.053910
v -0.262503 0.255333 0.048037
v -0.282400 0.211263 0.021093
v -0.306905 0.226179 0.049037
v -0.283480 0.212087 0.022263
v -0.314342 0.202023 0.025361
v -0.304010 0.220649 0.054868
v -0.316563 0.199842 0.024459
v -0.285889 0.209002 0.020248
v -0.282449 0.201683 0.023009
v -0.337696 0.174589 0.006347
v -0.341574 0.171964 0.005418
v -0.333594 0.167711 0.009333
v -0.312976 0.192940 0.027347
v -0.315875 0.199492 0.022685
v -0.325364 0.192837 0.019403
v -0.342477 0.173181 0.006826
v -0.348427 0.175384 0.013051
v -0.349347 0.173460 0.005741
v -0.345593 0.178739 0.015418
v -0.345223 0.172282 0.004066
v -0.352301 0.172604 0.001587
v -0.348638 0.173042 0.003742
v -0.349992 0.164980 0.006207
v -0.345993 0.163871 0.005333
v -0.322640 0.186604 0.024572
v -0.346877 0.175389 0.011770
v -0.347521 0.174865 0.006727
v -0.344420 0.167969 0.015192
v -0.350359 0.174833 0.009826
v -0.352689 0.167241 0.012967
v -0.352752 0.175088 0.007291
v -0.356235 0.168140 0.010840
v -0.354474 0.176027 0.008178
v -0.353532 0.177855 0.009530
v -0.349880 0.176885 0.013122
v -0.342228 0.202206 0.026995
v -0.356089 0.179992 0.013122
v -0.358097 0.180197 0.013038
v -0.337734 0.211771 0.034009
v -0.356318 0.176951 0.007446
v -0.362326 0.172087 0.013108
v -0.359755 0.169981 0.011009
v -0.359667 0.178629 0.005826
v -0.359109 0.175988 0.001573
v -0.360473 0.179006 0.003840
v -0.359109 0.175988 -0.001568
v -0.362841 0.181039 -0.004089
v -0.361110 0.179291 -0.001991
v -0.367895 0.174099 -0.002005
v -0.366252 0.173291 0.006446
v -0.362840 0.181039 0.004094
v -0.369277 0.175595 0.005474
v -0.364923 0.183594 0.005403
v -0.369829 0.178505 0.000009
v -0.372923 0.182404 0.002291
v -0.366338 0.179076 0.015488
v -0.365178 0.209781 0.024080
v -0.359066 0.181491 0.011699
v -0.359570 0.180857 0.006756
v -0.363450 0.183673 0.006812
v -0.358616 0.211252 0.018812
v -0.358294 0.223268 0.023699
v -0.356942 0.184639 0.015516
v -0.356704 0.222455 0.024558
v -0.339375 0.212493 0.033135
v -0.344738 0.243439 0.047234
v -0.343697 0.247297 0.049544
v -0.351394 0.248633 0.053248
v -0.335977 0.317754 0.050699
v -0.344524 0.248098 0.048192
v -0.357347 0.226461 0.024432
v -0.366875 0.261037 0.021516
v -0.329784 0.316307 0.044995
v -0.368278 0.261407 0.020305
v -0.327848 0.322384 0.046445
v -0.368065 0.256832 0.019291
v -0.358977 0.223520 0.021826
v -0.365057 0.188817 0.006446
v -0.366151 0.222297 0.026290
v -0.376093 0.255625 0.021953
v -0.373140 0.188170 0.009136
v -0.365287 0.214909 0.000009
v -0.364675 0.184294 0.003460
v -0.373817 0.214445 0.000009
v -0.373140 0.188170 -0.009131
v -0.376093 0.255625 -0.021948
v -0.365057 0.188817 -0.006441
v -0.368065 0.256832 -0.019287
v -0.374531 0.226965 -0.002568
v -0.366038 0.227552 -0.001864
v -0.365900 0.231250 0.000009
v -0.374440 0.231466 0.000009
v -0.350861 0.330862 0.000009
v -0.342790 0.328056 0.000009
v -0.367961 0.261619 0.018502
v -0.376327 0.263151 0.017713
v -0.366539 0.265996 0.020755
v -0.374042 0.268863 0.023671
v -0.327192 0.396633 0.036108
v -0.319440 0.394523 0.033206
v -0.335234 0.324727 0.049389
v -0.328393 0.322683 0.044685
v -0.325721 0.325589 0.047037
v -0.316640 0.398057 0.035093
v -0.287850 0.363348 0.081219
v -0.293893 0.366278 0.086501
v -0.289548 0.358921 0.081107
v -0.295863 0.292369 0.066656
v -0.341680 0.251226 0.050685
v -0.326493 0.321483 0.047262
v -0.297214 0.286809 0.065544
v -0.341915 0.246707 0.049473
v -0.309545 0.227580 0.050206
v -0.336216 0.214513 0.035192
v -0.310711 0.223620 0.048206
v -0.336081 0.210951 0.033361
v -0.318241 0.200589 0.025079
v -0.307696 0.222240 -0.057708
v -0.338504 0.211130 -0.042695
v -0.310731 0.218135 -0.054750
v -0.314114 0.193643 -0.029793
v -0.316385 0.194695 -0.030976
v -0.345345 0.173813 -0.022385
v -0.337725 0.206729 -0.040596
v -0.318241 0.200589 -0.025075
v -0.349210 0.168676 -0.018286
v -0.322640 0.186604 -0.024568
v -0.339733 0.163895 -0.007526
v -0.342477 0.173181 -0.006822
v -0.347431 0.167064 -0.010202
v -0.341828 0.166647 -0.012286
v -0.347521 0.174865 -0.006723
v -0.350287 0.165411 -0.008470
v -0.343743 0.165175 0.000009
v -0.313595 0.181651 0.000009
v -0.345037 0.173627 0.000009
v -0.341225 0.172550 0.003502
v -0.338078 0.164752 0.002023
v -0.318210 0.188845 0.000009
v -0.345223 0.172282 -0.004061
v -0.347943 0.172721 -0.002033
v -0.348418 0.164193 -0.001963
v -0.352301 0.172604 -0.001582
v -0.353363 0.164213 -0.002737
v -0.356788 0.165966 -0.006709
v -0.354298 0.173593 -0.003808
v -0.352394 0.166229 -0.009075
v -0.351112 0.174337 -0.006681
v -0.357820 0.169268 -0.012174
v -0.356516 0.171698 -0.014639
v -0.353457 0.172539 -0.019526
v -0.344109 0.198336 -0.034357
v -0.357303 0.174478 -0.019512
v -0.361780 0.168508 -0.006822
v -0.357122 0.174999 -0.003794
v -0.363667 0.171925 -0.009188
v -0.366539 0.265996 -0.020751
v -0.319440 0.394523 -0.033201
v -0.327192 0.396633 -0.036103
v -0.374042 0.268863 -0.023666
v -0.348668 0.337115 -0.002681
v -0.324874 0.402846 -0.036596
v -0.340657 0.334315 -0.001737
v -0.346991 0.341398 0.000009
v -0.263765 0.475652 0.000009
v -0.339108 0.338098 0.000009
v -0.257078 0.470348 0.000009
v -0.317512 0.398952 0.032122
v -0.324837 0.403291 0.031446
v -0.315221 0.402079 0.034136
v -0.321144 0.407283 0.037403
v -0.208306 0.542561 0.055882
v -0.201734 0.538095 0.052741
v -0.199413 0.540969 0.053220
v -0.241778 0.454838 0.078473
v -0.236227 0.450848 0.073347
v -0.232806 0.452306 0.075389
v -0.198464 0.539702 0.054403
v -0.087916 0.549110 0.081980
v -0.160378 0.485613 0.132571
v -0.156544 0.480434 0.126966
v -0.043770 0.327106 -0.056159
v 0.002774 0.404439 -0.089736
v 0.091849 0.421518 -0.047300
v -0.048067 0.324129 -0.056413
v 0.093894 0.423192 -0.047103
v 0.005824 0.405492 -0.090046
v 0.093239 0.424726 -0.049103
v 0.169693 0.468915 -0.104567
v 0.172725 0.470335 -0.104891
v 0.090790 0.431862 -0.045117
v 0.066970 0.481868 -0.111834
v 0.066036 0.483805 -0.113553
v 0.068428 0.484488 -0.114581
v 0.063506 0.482166 -0.114046
v 0.171627 0.472848 -0.106243
v 0.237100 0.531679 -0.172383
v 0.141978 0.566551 -0.145440
v 0.141131 0.569408 -0.146285
v 0.241587 0.533048 -0.173960
v 0.175372 0.470710 -0.105384
v 0.263942 0.436658 -0.075469
v 0.335815 0.483160 -0.125017
v 0.242371 0.529060 -0.170735
v 0.264107 0.443143 -0.069905
v 0.176226 0.476831 -0.099497
v 0.338481 0.486165 -0.126848
v 0.245894 0.533200 -0.174031
v 0.412794 0.533867 -0.177242
v 0.317015 0.603283 -0.175270
v 0.316727 0.606456 -0.176200
v 0.313620 0.606049 -0.175721
v 0.240600 0.537635 -0.174284
v 0.144129 0.570468 -0.146848
v 0.319612 0.606578 -0.176256
v 0.414438 0.540190 -0.177960
v 0.396659 0.674070 -0.177890
v 0.295219 0.725315 -0.125384
v 0.393950 0.679568 -0.177383
v 0.316629 0.609539 -0.175284
v 0.213865 0.673466 -0.173876
v 0.209711 0.667539 -0.174355
v 0.203561 0.670213 -0.172270
v 0.032533 0.568352 -0.106666
v 0.140003 0.572002 -0.145313
v 0.029434 0.570830 -0.114229
v 0.026718 0.569153 -0.113257
v 0.110863 0.663484 -0.103666
v 0.115071 0.659618 -0.097313
v 0.027972 0.566519 -0.113623
v 0.064991 0.486196 -0.113806
v 0.137644 0.567488 -0.145961
v -0.039036 0.483026 -0.126116
v -0.042346 0.481499 -0.125665
v -0.040764 0.479007 -0.124834
v 0.001678 0.406910 -0.091159
v -0.088863 0.392451 -0.135651
v -0.093695 0.389574 -0.136243
v -0.000296 0.402730 -0.089609
v -0.091416 0.386093 -0.132792
v -0.140094 0.325101 -0.082497
v -0.143098 0.323344 -0.082187
v -0.053110 0.322176 -0.055765
v -0.054990 0.329941 -0.052751
v -0.123073 0.296535 -0.002878
v -0.203654 0.266236 -0.038695
v -0.125961 0.304481 -0.001695
v -0.206812 0.273536 -0.035554
v 0.426939 0.438958 0.067135
v 0.350187 0.431889 0.000009
v 0.350794 0.440405 0.000009
v 0.428212 0.430517 0.067389
v 0.426065 0.431045 0.073347
v 0.268041 0.433941 0.072079
v 0.266972 0.441770 0.068839
v 0.338690 0.481718 0.122345
v 0.338714 0.489378 0.119289
v 0.264410 0.441762 0.068670
v 0.344512 0.440406 0.000009
v 0.426492 0.441088 0.072431
v 0.341831 0.489430 0.119430
v 0.413935 0.535267 0.167373
v 0.414097 0.537263 0.169528
v 0.338679 0.491248 0.119994
v 0.244982 0.536391 0.166162
v 0.242388 0.536079 0.166021
v 0.317228 0.604618 0.166852
v 0.344999 0.431877 0.000009
v 0.335483 0.489210 0.119008
v 0.264107 0.443143 0.069910
v 0.176226 0.476831 0.099501
v 0.173140 0.476498 0.098994
v 0.239287 0.535602 0.165120
v 0.172351 0.478171 0.099613
v 0.069284 0.487952 0.106825
v 0.065478 0.486999 0.105670
v 0.144216 0.568391 0.137402
v 0.143556 0.570024 0.138120
v 0.241953 0.537812 0.165866
v 0.146716 0.570879 0.138726
v 0.313775 0.605941 0.167190
v 0.211120 0.667652 0.165937
v 0.207623 0.668373 0.164993
v 0.142750 0.571623 0.137247
v 0.032533 0.568352 0.106684
v 0.115071 0.659618 0.097318
v 0.028892 0.566383 0.105487
v 0.139064 0.568328 0.137585
v 0.029659 0.564893 0.105417
v 0.064708 0.488617 0.105628
v -0.039051 0.483067 0.117585
v -0.043019 0.480999 0.117177
v 0.061640 0.484820 0.106163
v -0.042151 0.479479 0.116430
v -0.091814 0.394395 0.127881
v -0.001574 0.410915 0.084360
v -0.000784 0.409300 0.083684
v -0.094779 0.392500 0.128303
v 0.005824 0.405492 0.090050
v 0.066970 0.481868 0.111839
v 0.169693 0.468915 0.104585
v 0.003123 0.410919 0.084051
v 0.066047 0.485937 0.104388
v 0.168864 0.475142 0.098797
v 0.090790 0.431862 0.045121
v 0.091370 0.430660 0.043825
v 0.096096 0.423140 0.047544
v 0.173099 0.468865 0.102106
v 0.260496 0.433678 0.071403
v 0.095239 0.430982 0.044276
v 0.173420 0.475867 0.097219
v 0.261351 0.441631 0.068403
v 0.188534 0.428428 0.000009
v 0.264605 0.433407 0.067445
v 0.188654 0.436982 0.000009
v 0.264421 0.441905 0.066670
v -0.158389 0.482081 -0.136200
v -0.152812 0.484814 -0.135609
v -0.043557 0.484110 -0.124778
v 0.023461 0.567576 -0.113778
v -0.085290 0.554852 -0.089511
v -0.080410 0.553686 -0.082286
v 0.025856 0.571156 -0.111482
v 0.106179 0.663722 -0.102046
v 0.003586 0.621265 -0.044737
v -0.000160 0.627479 -0.049244
v -0.187626 0.392129 0.107416
v -0.152595 0.481149 0.127895
v -0.043767 0.482548 0.116388
v 0.024688 0.564469 0.105923
v -0.083639 0.549826 0.082811
v -0.084518 0.551317 0.082107
v -0.080410 0.553686 0.082290
v 0.028414 0.567414 0.104247
v 0.109914 0.658957 0.096036
v 0.025856 0.571156 0.111487
v 0.106179 0.663722 0.102050
v 0.003586 0.621265 0.044741
v 0.003030 0.622343 0.043657
v -0.001384 0.620558 0.043812
v -0.004789 0.627683 0.047051
v -0.084768 0.551952 0.080346
v -0.195649 0.542414 0.052966
v -0.087229 0.558362 0.085431
v -0.198077 0.549966 0.056136
v -0.104950 0.577803 0.000009
v -0.199177 0.540787 0.051347
v -0.108398 0.585618 0.000009
v -0.251320 0.476998 0.000009
v -0.257589 0.482796 0.000009
v -0.204125 0.547725 0.050713
v -0.204156 0.547337 -0.056370
v -0.208306 0.542561 -0.055863
v -0.240856 0.453780 -0.081074
v -0.260374 0.479632 -0.002836
v -0.253832 0.474239 -0.001793
v -0.321144 0.407283 -0.037399
v -0.201734 0.538095 -0.052737
v -0.315221 0.402079 -0.034117
v -0.316640 0.398057 -0.035089
v -0.244223 0.449673 -0.079778
v -0.325721 0.325589 -0.047032
v -0.322366 0.400703 -0.040850
v -0.332126 0.327564 -0.052314
v -0.293893 0.366278 -0.086497
v -0.291809 0.363653 -0.089609
v -0.294126 0.358493 -0.088299
v -0.296452 0.289849 -0.075680
v -0.332328 0.322509 -0.053413
v -0.298634 0.291438 -0.074680
v -0.345913 0.251737 -0.058075
v -0.298655 0.284958 -0.073751
v -0.343676 0.244005 -0.057370
v -0.311528 0.225034 -0.058102
v -0.239703 0.312098 0.084769
v -0.144717 0.329382 0.076375
v -0.145828 0.330799 0.077065
v -0.097897 0.390940 0.127402
v -0.189712 0.388859 0.106402
v -0.095722 0.394053 0.128092
v -0.046320 0.478990 0.117008
v -0.154847 0.477858 0.128177
v -0.207104 0.265031 -0.038413
v -0.126351 0.293918 0.000009
v -0.129863 0.301697 0.000009
v -0.210555 0.272052 0.034995
v -0.210324 0.272294 0.033234
v -0.206434 0.264863 0.034840
v -0.240783 0.245876 0.000009
v -0.236399 0.238552 0.000009
v -0.213320 0.269942 0.034798
v -0.209371 0.263016 0.037882
v -0.213320 0.269942 -0.034793
v -0.209371 0.263016 -0.037878
v -0.244251 0.244854 -0.001653
v -0.279829 0.213432 -0.021540
v -0.239023 0.238222 -0.002963
v -0.274497 0.207653 -0.024878
v -0.256051 0.253507 -0.055441
v -0.277963 0.204671 -0.024230
v -0.254070 0.254946 -0.056145
v -0.208364 0.266813 -0.041145
v -0.147052 0.321164 -0.081525
v -0.211218 0.273115 -0.036131
v -0.240303 0.304249 -0.089088
v -0.243046 0.306560 -0.091454
v -0.144735 0.325431 -0.083610
v -0.239115 0.308396 -0.092440
v -0.098412 0.386669 -0.134778
v -0.190771 0.386546 -0.114553
v -0.192341 0.388969 -0.115412
v -0.189331 0.391096 -0.115722
v -0.096343 0.394042 -0.136609
v -0.045630 0.479534 -0.125496
v -0.155256 0.477377 -0.136693
v 0.097987 0.695874 0.000009
v 0.093286 0.703015 0.000009
v -0.101146 0.590147 0.000009
v -0.001090 0.629516 0.043798
v 0.003089 0.622280 0.042037
v -0.097321 0.582510 0.000009
v -0.001384 0.620558 -0.043807
v -0.195649 0.542414 -0.052962
v -0.198077 0.549966 -0.056131
v -0.101101 0.579486 -0.001709
v -0.104328 0.587316 -0.002836
v -0.090171 0.554838 -0.087891
v -0.201956 0.544244 -0.060737
v -0.237753 0.456132 -0.081201
v -0.160378 0.485613 -0.132567
v -0.194102 0.391210 -0.114539
v -0.162730 0.478004 -0.134876
v -0.287733 0.366787 -0.091130
v -0.239435 0.451565 -0.082497
v -0.196222 0.386060 -0.114060
v -0.288146 0.360341 -0.090567
v -0.245526 0.309573 -0.091722
v -0.294482 0.292508 -0.076568
v -0.245393 0.303185 -0.090088
v -0.258215 0.255085 -0.056722
v -0.304635 0.226291 -0.059342
v -0.294086 0.288085 -0.075032
v -0.258973 0.250227 -0.053891
v -0.283480 0.212087 -0.022258
v -0.280299 0.206424 -0.027807
v -0.311817 0.195961 -0.030821
v -0.304010 0.220649 -0.054863
v -0.314342 0.202023 -0.025357
v -0.285889 0.209002 -0.020244
v -0.337696 0.174589 -0.006343
v -0.282449 0.201683 -0.022991
v -0.308301 0.195058 -0.001751
v -0.303893 0.187808 -0.002653
v -0.333594 0.167711 -0.009329
v -0.305046 0.196691 0.000009
v -0.247278 0.241502 0.000009
v -0.300432 0.189497 0.000009
v -0.241635 0.235096 0.000009
v -0.282365 0.211495 0.019291
v -0.277223 0.204682 0.019615
v -0.274497 0.207653 0.024882
v -0.279829 0.213432 0.021544
v -0.254695 0.252604 0.052741
v -0.258467 0.258432 0.047741
v -0.147052 0.321164 0.081529
v -0.211218 0.273115 0.036135
v -0.256438 0.260544 0.050149
v -0.149047 0.326968 0.075586
v -0.240303 0.304249 0.089093
v -0.241772 0.309227 0.082304
v 0.261351 0.441631 -0.068398
v 0.260496 0.433678 -0.071398
v 0.185579 0.429220 -0.002990
v 0.096096 0.423140 -0.047540
v 0.185254 0.437658 -0.001737
v 0.095239 0.430982 -0.044272
v 0.183187 0.427232 0.000009
v 0.094038 0.422969 0.044459
v 0.181457 0.435598 0.000009
v 0.091375 0.430703 0.041994
v 0.020850 0.380557 0.000009
v 0.024655 0.372915 0.000009
v 0.091849 0.421518 0.047304
v 0.087806 0.428290 0.044037
v -0.000414 0.408695 0.081896
v -0.048968 0.333059 0.052938
v 0.003678 0.403223 0.087022
v -0.043770 0.327106 0.056177
v -0.051673 0.331114 0.053079
v -0.003982 0.407489 0.083557
v -0.052424 0.332337 0.054248
v -0.141674 0.331059 0.076586
v -0.054990 0.329941 0.052755
v -0.144404 0.328827 0.074670
v -0.206812 0.273536 0.035558
v -0.142377 0.322117 0.079530
v -0.053110 0.322176 0.055769
v -0.203654 0.266236 0.038699
v -0.119436 0.297451 0.000009
v -0.047774 0.323742 0.051276
v 0.018725 0.370449 0.000009
v -0.051745 0.331304 0.051192
v -0.122382 0.305475 0.000009
v 0.013796 0.377431 0.000009
v 0.021486 0.372927 -0.002963
v 0.016627 0.379862 -0.001765
v -0.048968 0.333059 -0.052934
v 0.087806 0.428290 -0.044032
vn 0.0361 0.5127 0.8578
vn 0.3150 0.8770 0.3629
vn 0.0196 -0.9987 -0.0472
vn 0.8402 0.5162 -0.1658
vn 0.5893 -0.7407 -0.3227
vn 0.8391 0.5155 0.1735
vn -0.0791 0.8462 0.5269
vn 0.3261 -0.6659 -0.6710
vn 0.3965 0.6619 0.6362
vn -0.0575 0.4996 0.8643
vn 0.3260 -0.6659 -0.6710
vn 0.0518 -0.8211 -0.5684
vn 0.0375 -0.5884 -0.8077
vn 0.5847 -0.2661 -0.7664
vn 0.8335 0.2996 0.4642
vn 0.3274 -0.8626 0.3858
vn -0.1653 0.7170 -0.6772
vn -0.2001 0.2523 -0.9467
vn 0.3932 -0.6390 0.6611
vn -0.0039 0.8180 -0.5752
vn 0.2673 0.6859 -0.6768
vn -0.0675 -0.5183 0.8525
vn 0.5548 0.7767 -0.2981
vn 0.5548 0.7767 0.2981
vn 0.8473 -0.4758 0.2359
vn 0.8473 -0.4758 -0.2359
vn 0.8352 -0.1213 -0.5364
vn -0.0674 -0.5183 -0.8525
vn 0.3932 -0.6390 -0.6611
vn -0.0038 0.8180 0.5752
vn 0.2673 0.6859 0.6768
vn 0.5706 0.3599 0.7382
vn 0.8335 0.2996 -0.4642
vn -0.2001 0.2524 0.9467
vn -0.1653 0.7170 0.6772
vn 0.3275 -0.8625 -0.3859
vn 0.4568 0.5764 0.6776
vn 0.7062 0.6085 0.3620
vn 0.5449 0.5631 0.6213
vn 0.6762 0.6694 0.3077
vn 0.7611 0.1475 0.6317
vn -0.1870 -0.3350 -0.9235
vn 0.7610 0.1474 0.6317
vn 0.9322 0.3363 0.1338
vn 0.8836 0.3848 0.2668
vn 0.9322 0.3364 0.1338
vn 0.7881 0.1507 0.5968
vn 0.5635 0.4143 0.7147
vn 0.5604 0.1367 0.8169
vn 0.5367 0.1579 0.8289
vn -0.5170 -0.1315 -0.8458
vn 0.9656 -0.0882 0.2444
vn 0.7950 0.2865 0.5346
vn 0.4004 0.2027 0.8937
vn 0.6766 -0.2455 0.6942
vn 0.7502 -0.1963 0.6314
vn -0.2070 0.3064 0.9291
vn 0.6871 -0.6196 -0.3794
vn -0.1658 -0.1884 0.9680
vn 0.5762 -0.0511 -0.8157
vn 0.6097 -0.4124 -0.6769
vn 0.5432 -0.1434 -0.8273
vn 0.5251 -0.4947 -0.6925
vn 0.1359 -0.4286 0.8932
vn -0.0855 0.0445 0.9953
vn 0.5737 -0.1949 -0.7955
vn 0.3856 0.3923 -0.8351
vn 0.3754 -0.6252 0.6843
vn 0.0065 0.5586 -0.8294
vn 0.4781 -0.0646 -0.8759
vn 0.2558 -0.1896 0.9480
vn 0.6780 -0.6962 0.2358
vn -0.1111 0.8482 -0.5179
vn 0.0631 0.4305 -0.9004
vn 0.5124 -0.4638 0.7228
vn 0.2381 0.9667 -0.0943
vn 0.0290 -0.9487 -0.3149
vn 0.0566 -0.9787 0.1972
vn 0.3184 -0.7357 0.5978
vn 0.1301 0.9454 -0.2989
vn 0.2081 0.7079 -0.6749
vn 0.6463 -0.7627 -0.0235
vn -0.1824 -0.8491 0.4957
vn 0.3582 0.9052 -0.2285
vn 0.7293 0.3818 -0.5677
vn 0.1057 -0.9891 0.1025
vn 0.0953 0.7937 -0.6008
vn 0.4003 0.8124 -0.4239
vn -0.0107 0.8113 -0.5846
vn -0.1955 -0.4462 0.8733
vn 0.6668 0.4757 -0.5736
vn 0.4178 -0.6377 0.6472
vn 0.1988 0.4333 -0.8790
vn -0.2380 -0.4929 0.8369
vn 0.3819 0.7800 -0.4957
vn 0.5293 0.8170 -0.2288
vn -0.1260 0.8404 -0.5271
vn -0.1151 -0.8818 0.4573
vn 0.5293 0.8170 -0.2287
vn 0.9620 0.2615 -0.0790
vn 0.7062 0.6085 -0.3620
vn 0.4731 0.8810 -0.0000
vn 0.7062 0.6085 -0.3621
vn 0.5449 0.5631 -0.6213
vn 0.5552 0.6218 -0.5523
vn 0.6455 0.7579 -0.0943
vn 0.3600 0.5874 -0.7248
vn 0.8461 0.5329 -0.0000
vn 0.6455 0.7579 0.0943
vn 0.3575 0.5927 0.7217
vn 0.8580 0.4525 0.2430
vn 0.8146 0.3456 -0.4658
vn 0.8146 0.3455 0.4658
vn 0.8580 0.4525 -0.2431
vn 0.8836 0.3848 -0.2668
vn 0.7917 0.6109 -0.0000
vn 0.4569 0.5764 -0.6776
vn 0.6762 0.6694 -0.3077
vn 0.9322 0.3364 -0.1337
vn 0.7611 0.1475 -0.6316
vn 0.7611 0.1474 -0.6317
vn -0.1870 -0.3350 0.9235
vn 0.9322 0.3364 -0.1338
vn 0.7881 0.1507 -0.5968
vn 0.5636 0.4143 -0.7146
vn 0.9656 -0.0882 -0.2444
vn -0.5170 -0.1314 0.8459
vn 0.5635 0.4144 -0.7147
vn 0.5604 0.1368 -0.8168
vn 0.5367 0.1579 -0.8289
vn 0.7950 0.2865 -0.5346
vn 0.4004 0.2027 -0.8937
vn 0.6766 -0.2455 -0.6942
vn 0.7464 -0.1953 -0.6362
vn 0.9414 -0.0989 -0.3225
vn 0.9427 -0.0433 -0.3307
vn 0.4281 0.1748 -0.8867
vn 0.9300 0.2249 -0.2909
vn 0.8959 -0.0572 0.4405
vn 0.9994 0.0353 -0.0000
vn 0.9996 0.0275 -0.0000
vn 0.8429 0.3815 -0.3795
vn 0.8429 0.3815 0.3795
vn 0.9300 0.2248 0.2909
vn 0.7881 0.1508 0.5968
vn 0.4281 0.1747 0.8867
vn 0.9427 -0.0432 0.3307
vn 0.9414 -0.0989 0.3225
vn 0.8959 -0.0572 -0.4405
vn 0.9870 0.1610 -0.0000
vn 0.8904 -0.0815 0.4479
vn 0.9154 -0.4025 -0.0000
vn 0.9378 -0.3472 -0.0000
vn 0.8903 -0.0815 -0.4479
vn 0.9314 -0.1653 -0.3244
vn 0.8306 -0.3510 0.4323
vn 0.8409 -0.4288 -0.3301
vn 0.8347 -0.4525 -0.3138
vn 0.4209 -0.0639 -0.9048
vn -0.2984 0.0325 0.9539
vn -0.6003 0.4612 0.6534
vn 0.8419 -0.4853 -0.2362
vn 0.5432 -0.1434 -0.8272
vn 0.8103 -0.0607 -0.5829
vn 0.3449 0.0373 -0.9379
vn 0.4738 -0.1678 -0.8645
vn -0.4017 0.2173 0.8896
vn 0.8846 -0.3699 -0.2842
vn -0.1532 -0.2269 0.9618
vn 0.5665 0.1221 -0.8150
vn 0.5666 0.1220 -0.8149
vn 0.3223 -0.4647 0.8247
vn -0.1273 -0.1200 0.9846
vn 0.6391 0.0916 -0.7636
vn 0.3390 0.5692 -0.7491
vn 0.3755 -0.7451 0.5512
vn 0.0360 0.6961 -0.7170
vn 0.5730 0.1148 -0.8115
vn 0.1229 -0.4530 0.8830
vn 0.0360 0.6960 0.7171
vn 0.3756 -0.7450 -0.5513
vn 0.5730 0.1148 0.8115
vn 0.1229 -0.4531 -0.8830
vn 0.2081 0.7079 0.6749
vn 0.3185 -0.7357 -0.5978
vn 0.6463 -0.7627 0.0236
vn 0.1300 0.9454 0.2990
vn 0.2380 0.9667 0.0943
vn 0.0566 -0.9787 -0.1971
vn 0.0290 -0.9487 0.3149
vn -0.1824 -0.8491 -0.4957
vn 0.7293 0.3819 0.5677
vn 0.3582 0.9052 0.2285
vn 0.1057 -0.9891 -0.1026
vn 0.4023 0.8067 0.4329
vn 0.0953 0.7937 0.6007
vn -0.0107 0.8113 0.5846
vn -0.1955 -0.4462 -0.8733
vn 0.6668 0.4757 0.5736
vn 0.4178 -0.6377 -0.6472
vn 0.1988 0.4334 0.8790
vn -0.2380 -0.4930 -0.8369
vn 0.5303 0.8185 0.2212
vn 0.3819 0.7800 0.4957
vn -0.1260 0.8404 0.5271
vn -0.1151 -0.8818 -0.4574
vn 0.9620 0.2615 0.0790
vn 0.5552 0.6218 0.5523
vn 0.9289 -0.1649 0.3315
vn 0.4209 -0.0639 0.9048
vn 0.8387 -0.4277 0.3371
vn 0.8347 -0.4525 0.3138
vn 0.8335 -0.3521 -0.4259
vn 0.7775 -0.4147 0.4728
vn 0.9734 -0.2293 -0.0000
vn 0.7045 -0.7097 -0.0000
vn 0.8347 -0.4525 0.3139
vn 0.7686 -0.6398 -0.0000
vn 0.7775 -0.4147 -0.4728
vn 0.8347 -0.4525 -0.3139
vn 0.6156 -0.6911 -0.3787
vn 0.6863 -0.6258 0.3706
vn 0.6156 -0.6911 -0.3786
vn 0.6097 -0.4123 -0.6769
vn 0.3753 -0.1971 -0.9057
vn -0.3079 0.6512 0.6936
vn 0.5668 -0.7512 -0.3384
vn -0.1498 0.1782 0.9725
vn 0.7072 -0.3047 -0.6380
vn 0.0846 0.0190 0.9962
vn -0.0247 0.7354 0.6772
vn 0.3135 -0.8741 -0.3709
vn 0.0967 0.3545 0.9301
vn 0.2658 -0.6383 -0.7224
vn 0.0250 -0.9187 -0.3941
vn 0.3987 0.7202 0.5677
vn -0.0562 -0.0548 -0.9969
vn 0.2944 0.3647 0.8834
vn -0.0186 0.8688 0.4948
vn 0.5706 0.3598 -0.7382
vn 0.8352 -0.1213 0.5364
vn 0.2291 -0.3521 0.9075
vn 0.0396 0.0607 -0.9974
vn -0.0651 -0.4145 -0.9077
vn 0.5199 0.1474 0.8414
vn 0.0871 -0.3615 0.9283
vn -0.1174 0.3500 0.9294
vn 0.4380 -0.5671 -0.6976
vn 0.5291 -0.0975 -0.8429
vn 0.0246 0.7783 0.6274
vn 0.4610 -0.8405 -0.2846
vn -0.0958 0.3059 0.9472
vn 0.4732 -0.5248 -0.7076
vn 0.5893 -0.7406 0.3228
vn 0.0195 -0.9983 0.0550
vn 0.3150 0.8770 -0.3629
vn 0.0349 0.5184 -0.8544
vn 0.5846 -0.2661 0.7664
vn -0.0791 0.8462 -0.5269
vn 0.3261 -0.6659 0.6710
vn 0.0376 -0.5884 0.8077
vn 0.3994 0.6572 -0.6392
vn 0.0519 -0.8211 0.5684
vn 0.3260 -0.6659 0.6711
vn -0.0567 0.4938 -0.8677
vn 0.2944 0.3647 -0.8834
vn -0.0561 -0.0548 0.9969
vn -0.0187 0.8688 -0.4948
vn 0.0250 -0.9188 0.3940
vn 0.2657 -0.6384 0.7224
vn 0.0967 0.3545 -0.9300
vn 0.3988 0.7202 -0.5677
vn 0.2292 -0.3520 -0.9075
vn 0.0396 0.0606 0.9974
vn 0.5199 0.1474 -0.8414
vn -0.0651 -0.4146 0.9077
vn 0.4379 -0.5672 0.6976
vn -0.1174 0.3500 -0.9294
vn 0.0871 -0.3615 -0.9283
vn 0.5291 -0.0975 0.8429
vn 0.3135 -0.8742 0.3709
vn -0.0248 0.7353 -0.6773
vn 0.0846 0.0190 -0.9962
vn 0.0438 -0.9990 -0.0001
vn 0.2294 0.9208 -0.3154
vn 0.0880 0.4796 -0.8731
vn 0.1074 0.0300 -0.9938
vn 0.2342 -0.3344 0.9128
vn 0.1646 0.5078 -0.8456
vn 0.3515 -0.8557 0.3797
vn 0.2339 -0.3274 -0.9155
vn 0.1074 0.0299 0.9938
vn 0.1645 0.5078 0.8456
vn 0.3515 -0.8557 -0.3798
vn 0.6157 -0.6911 0.3786
vn 0.6863 -0.6258 -0.3706
vn 0.6045 -0.4152 0.6798
vn 0.6156 -0.6911 0.3786
vn 0.3753 -0.1970 0.9057
vn 0.5397 -0.1425 0.8297
vn 0.5251 -0.4947 0.6925
vn 0.8103 -0.0607 0.5829
vn 0.3448 0.0372 0.9379
vn 0.8418 -0.4854 0.2362
vn -0.6003 0.4613 -0.6533
vn -0.2984 0.0325 -0.9539
vn 0.7501 -0.1963 0.6315
vn 0.4738 -0.1678 0.8645
vn 0.8845 -0.3699 0.2842
vn -0.4017 0.2173 -0.8896
vn -0.1532 -0.2267 -0.9618
vn 0.5665 0.1220 0.8150
vn 0.5666 0.1220 0.8149
vn 0.6391 0.0916 0.7636
vn -0.1273 -0.1199 -0.9846
vn 0.3244 -0.4677 -0.8222
vn 0.3389 0.5693 0.7491
vn 0.1866 0.5172 -0.8353
vn 0.2237 -0.7354 0.6396
vn 0.2536 -0.3068 0.9173
vn 0.3815 -0.1806 -0.9066
vn 0.2967 -0.3194 -0.9000
vn 0.0789 0.0661 0.9947
vn 0.3581 0.2461 -0.9006
vn 0.2251 -0.4406 0.8690
vn -0.3818 0.8604 0.3375
vn 0.6194 -0.7851 -0.0079
vn -0.2043 0.4097 0.8890
vn 0.5235 -0.4233 -0.7394
vn 0.4845 -0.7806 -0.3948
vn -0.0059 0.8376 0.5463
vn 0.1208 0.2946 0.9479
vn 0.2537 -0.3068 -0.9174
vn 0.2238 -0.7353 -0.6397
vn 0.1865 0.5171 0.8353
vn 0.3815 -0.1806 0.9066
vn 0.0789 0.0660 -0.9947
vn 0.2967 -0.3194 0.9000
vn 0.3581 0.2461 0.9007
vn 0.2251 -0.4406 -0.8690
vn 0.5652 -0.7492 0.3453
vn -0.3079 0.6513 -0.6935
vn -0.1498 0.1782 -0.9725
vn 0.7072 -0.3046 0.6381
vn 0.6871 -0.6196 0.3794
vn -0.2070 0.3064 -0.9291
vn -0.1658 -0.1883 -0.9680
vn 0.5762 -0.0511 0.8157
vn 0.5737 -0.1950 0.7955
vn -0.0856 0.0445 -0.9953
vn 0.1359 -0.4286 -0.8932
vn 0.3791 0.3924 0.8380
vn 0.4781 -0.0648 0.8759
vn 0.0065 0.5585 0.8295
vn 0.3754 -0.6251 -0.6843
vn 0.2558 -0.1896 -0.9479
vn -0.1111 0.8481 0.5180
vn 0.6780 -0.6962 -0.2359
vn 0.0631 0.4304 0.9004
vn 0.5124 -0.4637 -0.7228
vn 0.6193 -0.7851 0.0079
vn -0.3819 0.8604 -0.3376
vn -0.2043 0.4097 -0.8890
vn -0.0059 0.8376 -0.5462
vn 0.4845 -0.7806 0.3948
vn 0.5235 -0.4234 0.7394
vn 0.1208 0.2947 -0.9479
vn 0.0880 0.4795 0.8731
vn 0.2294 0.9208 0.3154
vn 0.0438 -0.9990 -0.0000
vn 0.4610 -0.8405 0.2846
vn 0.0245 0.7783 -0.6274
vn -0.0957 0.3060 -0.9472
vn 0.4731 -0.5248 0.7076
vn 0.3149 0.8769 0.3630
vn 0.0117 0.9999 -0.0000
vn 0.0157 0.9678 -0.2512
vn -0.2450 0.8990 0.3630
vn 0.0184 0.7112 0.7028
vn 0.3150 0.8769 0.3631
vn 0.0360 0.5127 0.8578
vn -0.0093 0.9193 0.3934
vn 0.8403 0.5162 -0.1658
vn -0.2450 0.8990 -0.3630
vn 0.0183 0.7112 0.7028
vn -0.0791 0.8462 0.5270
vn -0.0575 0.4997 0.8643
vn -0.4695 0.8020 -0.3692
vn -0.1324 0.7071 -0.6946
vn -0.2552 0.6739 -0.6934
vn -0.5025 0.5550 -0.6629
vn -0.3439 0.8626 -0.3711
vn -0.5902 0.8048 0.0630
vn -0.7823 0.5382 -0.3137
vn -0.5902 0.8048 0.0631
vn 0.7308 -0.5968 0.3315
vn 0.3456 -0.2796 0.8957
vn -0.3439 0.8626 -0.3710
vn -0.5914 0.8064 -0.0000
vn -0.4806 0.5167 -0.7086
vn -0.4695 0.8021 -0.3692
vn -0.3286 0.8759 -0.3534
vn 0.1887 -0.2858 0.9395
vn -0.1654 0.7169 -0.6773
vn 0.6571 -0.4557 0.6004
vn -0.3348 0.9232 -0.1886
vn -0.2342 0.3970 -0.8874
vn -0.5025 0.5551 -0.6629
vn -0.1654 0.7170 -0.6772
vn -0.2342 0.3971 -0.8874
vn -0.4456 0.6224 -0.6435
vn -0.0688 0.7079 -0.7029
vn -0.3286 0.8758 -0.3535
vn -0.4456 0.6223 -0.6436
vn -0.1654 0.7169 -0.6772
vn 0.2969 0.8897 -0.3469
vn -0.0985 0.9944 -0.0393
vn -0.4582 0.8178 -0.3482
vn -0.0908 0.9959 -0.0000
vn -0.0650 0.7392 -0.6704
vn 0.5549 0.7767 -0.2980
vn 0.0133 0.5646 -0.8253
vn -0.0038 0.8180 -0.5752
vn -0.0175 0.9833 -0.1812
vn 0.5549 0.7767 0.2981
vn -0.0175 0.9833 0.1812
vn 0.2462 0.9692 -0.0000
vn -0.4582 0.8178 0.3481
vn -0.0650 0.7392 0.6703
vn 0.2969 0.8897 0.3469
vn -0.3286 0.8759 0.3534
vn -0.4811 0.8767 -0.0000
vn -0.3098 0.7917 0.5266
vn -0.2462 0.9692 -0.0000
vn -0.3098 0.7917 -0.5266
vn -0.0688 0.7079 0.7029
vn -0.0985 0.9944 0.0393
vn 0.0133 0.5646 0.8253
vn 0.3011 0.0076 0.9536
vn -0.0854 0.2274 -0.9700
vn 0.3869 0.0189 -0.9219
vn 0.0343 0.1635 0.9859
vn -0.4474 0.3156 0.8368
vn -0.0124 0.2764 -0.9610
vn -0.0888 0.6774 0.7303
vn 0.3524 0.3948 0.8485
vn -0.0689 0.7079 0.7029
vn -0.2342 0.3971 0.8874
vn 0.2799 -0.3768 -0.8830
vn -0.2208 -0.3788 -0.8988
vn -0.4456 0.6224 0.6435
vn -0.2342 0.3970 0.8874
vn -0.1654 0.7170 0.6772
vn -0.5025 0.5551 0.6629
vn 0.1887 -0.2858 -0.9395
vn -0.1653 0.7169 0.6772
vn -0.3348 0.9232 0.1887
vn 0.6572 -0.4557 -0.6004
vn -0.1654 0.7169 0.6773
vn -0.2001 0.2522 0.9467
vn -0.3286 0.8758 0.3535
vn -0.4456 0.6223 0.6436
vn 0.3457 -0.2796 -0.8957
vn 0.7308 -0.5967 -0.3316
vn -0.5901 0.8049 -0.0630
vn -0.7823 0.5382 0.3137
vn -0.5902 0.8048 -0.0631
vn -0.5025 0.5550 0.6629
vn -0.3439 0.8626 0.3711
vn -0.4806 0.5167 0.7086
vn -0.3439 0.8626 0.3710
vn 0.4569 0.5764 0.6775
vn -0.7539 -0.1227 -0.6454
vn -0.9975 0.0594 -0.0392
vn -0.1913 0.4908 0.8500
vn -0.5169 -0.1315 -0.8459
vn 0.5636 0.4144 0.7146
vn -0.7110 0.2164 -0.6690
vn 0.4004 0.2027 0.8936
vn -0.9459 0.3127 -0.0866
vn 0.7951 0.2865 0.5346
vn -0.6185 0.4262 0.6601
vn -0.0540 0.4121 -0.9095
vn -0.2069 0.3064 0.9291
vn -0.1983 0.6074 -0.7693
vn -0.0855 0.0446 0.9953
vn -0.5439 0.3265 0.7730
vn 0.3857 0.3922 -0.8351
vn -0.6097 0.6646 -0.4319
vn 0.2559 -0.1896 0.9479
vn -0.2641 -0.1614 0.9509
vn 0.0065 0.5585 -0.8295
vn -0.5147 0.4865 -0.7060
vn -0.0497 0.5006 -0.8642
vn -0.3501 0.6130 -0.7083
vn 0.0631 0.4304 -0.9004
vn -0.2924 0.7214 -0.6277
vn -0.5859 0.7169 -0.3777
vn -0.2923 0.7215 -0.6277
vn -0.5141 0.7739 -0.3698
vn -0.5329 0.8462 -0.0000
vn -0.5912 0.6997 0.4010
vn -0.3391 0.8920 -0.2990
vn -0.2035 0.9483 -0.2436
vn -0.0827 0.4495 -0.8894
vn 0.0953 0.7938 -0.6007
vn -0.2923 0.7214 -0.6277
vn -0.3398 0.7113 -0.6153
vn 0.0910 0.9395 -0.3302
vn -0.2754 0.9496 -0.1497
vn 0.0359 0.6961 -0.7171
vn -0.0879 0.9748 -0.2050
vn -0.0274 0.9996 -0.0000
vn -0.1588 0.8499 0.5024
vn 0.2380 0.9667 -0.0943
vn 0.4730 0.8811 -0.0000
vn 0.2668 0.6204 -0.7375
vn 0.1301 0.9453 -0.2990
vn 0.1602 0.8392 -0.5198
vn -0.3306 0.9437 -0.0157
vn 0.3583 0.9052 -0.2286
vn 0.7293 0.3817 -0.5678
vn 0.3819 0.7801 -0.4956
vn -0.1954 -0.4462 0.8734
vn -0.7447 -0.0816 0.6624
vn 0.3818 0.7801 -0.4957
vn 0.6669 0.4757 -0.5736
vn 0.5552 0.6219 -0.5523
vn 0.9620 0.2614 -0.0790
vn 0.6454 0.7580 0.0941
vn -0.8102 -0.5258 0.2591
vn -0.8441 -0.4848 -0.2289
vn -0.8441 -0.4848 0.2289
vn -0.8102 -0.5258 -0.2592
vn 0.4569 0.5763 -0.6776
vn -0.7540 -0.1226 0.6454
vn -0.9975 0.0594 0.0392
vn 0.6762 0.6694 -0.3078
vn -0.5169 -0.1315 0.8459
vn -0.1913 0.4908 -0.8500
vn 0.5635 0.4143 -0.7147
vn -0.7110 0.2165 0.6691
vn -0.9459 0.3127 0.0866
vn 0.7951 0.2865 -0.5346
vn -0.9999 0.0117 -0.0000
vn 0.8429 0.3815 -0.3794
vn 0.7917 0.6109 0.0001
vn 0.8429 0.3814 0.3795
vn 0.3449 0.0372 -0.9379
vn 0.8103 -0.0608 -0.5829
vn -0.8015 0.5947 0.0631
vn -0.6002 0.4612 0.6534
vn 0.5665 0.1220 -0.8150
vn -0.7940 0.2377 0.5595
vn -0.1570 0.3462 -0.9249
vn -0.4016 0.2173 0.8897
vn -0.2336 0.5720 -0.7863
vn -0.1272 -0.1199 0.9846
vn -0.6390 0.0833 0.7647
vn -0.0945 0.4792 -0.8726
vn 0.1230 -0.4530 0.8830
vn -0.6245 0.7114 -0.3225
vn 0.0360 0.6961 -0.7171
vn -0.0945 0.4792 0.8726
vn -0.2924 0.7214 0.6277
vn -0.0497 0.5006 0.8642
vn 0.0361 0.6961 0.7170
vn -0.6245 0.7113 0.3225
vn -0.2923 0.7215 0.6277
vn 0.0360 0.6961 0.7170
vn -0.3398 0.7113 0.6153
vn 0.1301 0.9454 0.2990
vn 0.0910 0.9395 0.3301
vn -0.2754 0.9496 0.1497
vn -0.2035 0.9483 0.2436
vn 0.0284 0.9996 -0.0000
vn -0.1902 0.9058 0.3786
vn -0.5625 0.8268 -0.0000
vn -0.1902 0.9058 -0.3786
vn -0.0879 0.9748 0.2051
vn -0.1588 0.8499 -0.5024
vn 0.2684 0.6240 0.7339
vn -0.3306 0.9437 0.0079
vn 0.1602 0.8391 0.5198
vn 0.7293 0.3818 0.5677
vn 0.3819 0.7801 0.4957
vn -0.0106 0.8113 0.5845
vn -0.1955 -0.4463 -0.8733
vn 0.4024 0.8067 0.4328
vn -0.7447 -0.0816 -0.6623
vn 0.6669 0.4756 0.5736
vn 0.3818 0.7801 0.4957
vn 0.5552 0.6219 0.5523
vn 0.5303 0.8185 0.2213
vn 0.7062 0.6085 0.3621
vn -0.8862 0.4634 -0.0000
vn -0.8319 0.4563 -0.3157
vn -0.6591 0.4364 0.6125
vn -0.8861 0.4634 -0.0000
vn -0.6607 0.4303 -0.6151
vn -0.8319 0.4563 0.3157
vn -0.7651 0.6439 0.0001
vn -0.5363 0.7501 0.3869
vn -0.5823 0.3843 0.7164
vn -0.7651 0.6439 -0.0000
vn -0.8805 0.3386 0.3317
vn -0.5572 0.7436 0.3694
vn -0.5363 0.7501 0.3870
vn -0.6013 0.4129 0.6841
vn -0.7682 0.6395 -0.0316
vn 0.3753 -0.1970 -0.9057
vn 0.8409 -0.4288 -0.3300
vn -0.7681 0.6395 -0.0315
vn -0.5060 0.5225 0.6863
vn -0.5572 0.7436 0.3695
vn -0.1499 0.1781 0.9725
vn -0.5496 0.8140 0.1882
vn 0.7072 -0.3046 -0.6381
vn -0.3078 0.6513 0.6936
vn 0.2290 -0.2322 -0.9453
vn -0.6012 0.4130 0.6841
vn -0.2775 0.3043 0.9113
vn -0.3079 0.6513 0.6936
vn -0.4157 0.5717 0.7073
vn -0.2896 0.8759 0.3860
vn -0.0248 0.7354 0.6772
vn -0.3522 0.9358 -0.0157
vn 0.5194 -0.5114 -0.6847
vn -0.0247 0.7353 0.6772
vn -0.2895 0.8759 0.3860
vn -0.3555 0.5895 0.7253
vn -0.3522 0.9358 -0.0158
vn 0.0396 0.7276 0.6848
vn -0.0559 0.3658 0.9290
vn 0.3653 0.4936 0.7893
vn -0.2961 -0.0467 -0.9540
vn 0.1376 -0.3232 -0.9363
vn -0.0940 0.9003 0.4249
vn -0.0137 0.3478 0.9375
vn -0.4859 -0.4858 -0.7266
vn -0.0558 0.3659 0.9290
vn 0.0397 0.7276 0.6848
vn 0.3652 0.4936 0.7893
vn 0.3987 0.7202 0.5678
vn 0.0966 0.3545 0.9301
vn -0.3493 0.6624 0.6627
vn -0.2412 0.3824 0.8920
vn -0.0188 0.8688 0.4947
vn -0.2411 0.3824 0.8920
vn -0.0562 -0.0549 -0.9969
vn 0.2944 0.3646 0.8834
vn 0.4158 -0.3124 -0.8541
vn -0.4503 -0.3761 -0.8098
vn 0.0294 0.5063 0.8619
vn -0.3783 -0.0336 -0.9251
vn -0.2455 0.4770 -0.8439
vn 0.0396 0.0606 -0.9974
vn 0.0343 0.1635 -0.9860
vn 0.3010 0.0077 -0.9536
vn -0.0854 0.2274 0.9700
vn 0.3869 0.0189 0.9219
vn -0.4473 0.3157 -0.8368
vn -0.0124 0.2764 0.9610
vn -0.2207 -0.3787 0.8988
vn -0.0887 0.6774 -0.7303
vn 0.2799 -0.3768 0.8830
vn 0.3524 0.3948 -0.8485
vn -0.2443 -0.0160 0.9696
vn 0.5200 0.1474 0.8414
vn -0.6562 0.1045 -0.7473
vn 0.0903 0.4004 0.9119
vn 0.2684 -0.3533 0.8962
vn -0.5216 0.5835 -0.6225
vn 0.5811 -0.1456 0.8007
vn -0.1532 0.3837 -0.9107
vn -0.2562 0.3229 -0.9111
vn -0.2398 0.6816 0.6913
vn -0.0406 -0.0529 0.9978
vn -0.2515 0.3473 -0.9034
vn 0.2479 0.1120 0.9623
vn -0.3434 -0.1723 -0.9232
vn 0.1948 0.0890 -0.9768
vn 0.0757 0.0894 -0.9931
vn -0.1173 0.3500 0.9294
vn -0.5114 0.7512 0.4174
vn 0.5291 -0.0976 -0.8429
vn -0.4157 0.5718 0.7073
vn -0.1244 0.3419 0.9314
vn -0.6018 0.4275 0.6746
vn 0.0872 -0.2421 -0.9663
vn 0.0245 0.7783 0.6274
vn -0.4521 0.8458 0.2833
vn 0.4731 -0.5248 -0.7076
vn -0.1875 0.7050 0.6840
vn -0.4239 0.8161 0.3928
vn -0.4623 0.7982 0.3863
vn -0.3522 0.9359 -0.0000
vn -0.3587 0.8639 -0.3535
vn -0.0572 0.4371 0.8976
vn -0.0634 0.9696 -0.2365
vn -0.0634 0.9696 0.2364
vn 0.4062 0.9138 -0.0000
vn 0.0157 0.9678 0.2512
vn 0.3150 0.8769 -0.3630
vn 0.0183 0.7112 -0.7027
vn -0.0093 0.9193 -0.3934
vn -0.3913 0.9203 -0.0000
vn 0.0184 0.7112 -0.7027
vn 0.0183 0.7112 -0.7028
vn -0.2412 0.3824 -0.8920
vn -0.0562 -0.0548 0.9969
vn -0.2412 0.3823 -0.8920
vn -0.0188 0.8688 -0.4948
vn -0.4503 -0.3762 0.8098
vn 0.4157 -0.3124 0.8541
vn 0.2942 0.3647 -0.8834
vn -0.3493 0.6624 -0.6627
vn 0.0966 0.3545 -0.9301
vn 0.0967 0.3545 -0.9301
vn 0.3987 0.7202 -0.5677
vn 0.0396 0.7276 -0.6848
vn 0.3652 0.4936 -0.7893
vn -0.2960 -0.0468 0.9541
vn -0.0941 0.9003 -0.4249
vn -0.0138 0.3477 -0.9375
vn -0.2961 -0.0467 0.9540
vn -0.4859 -0.4858 0.7266
vn 0.1375 -0.3232 0.9363
vn -0.0558 0.3659 -0.9290
vn 0.0283 0.5121 -0.8585
vn -0.2454 0.4770 0.8440
vn -0.3783 -0.0336 0.9251
vn 0.5200 0.1474 -0.8414
vn -0.2443 -0.0161 -0.9696
vn 0.2683 -0.3534 -0.8962
vn 0.0916 0.3937 -0.9147
vn -0.6562 0.1044 0.7473
vn 0.5811 -0.1456 -0.8007
vn -0.5215 0.5834 0.6226
vn 0.0916 0.3937 -0.9146
vn -0.1543 0.3864 0.9093
vn -0.2562 0.3229 0.9111
vn -0.1543 0.3865 0.9093
vn -0.2515 0.3473 0.9034
vn -0.0406 -0.0529 -0.9978
vn -0.2398 0.6816 -0.6913
vn 0.2478 0.1119 -0.9623
vn -0.3434 -0.1723 0.9232
vn 0.1948 0.0890 0.9768
vn -0.1173 0.3500 -0.9294
vn 0.0758 0.0894 0.9931
vn -0.5114 0.7512 -0.4174
vn 0.5291 -0.0976 0.8429
vn -0.0558 0.3658 -0.9290
vn -0.3555 0.5895 -0.7253
vn 0.0845 0.0189 -0.9962
vn 0.5194 -0.5114 0.6846
vn -0.3522 0.9358 0.0156
vn -0.2895 0.8759 -0.3860
vn -0.3522 0.9358 0.0158
vn 0.0396 0.7277 -0.6848
vn -0.0248 0.7353 -0.6772
vn -0.4157 0.5717 -0.7073
vn 0.2293 0.9208 -0.3155
vn 0.0879 0.4795 -0.8731
vn -0.2428 0.8828 -0.4022
vn -0.2429 0.8828 -0.4021
vn -0.0594 0.9982 -0.0000
vn -0.1002 0.9465 0.3067
vn -0.0120 0.8777 -0.4791
vn 0.3637 0.9315 -0.0000
vn -0.0120 0.8777 0.4791
vn -0.2589 0.7042 -0.6611
vn 0.2343 -0.3344 0.9128
vn -0.2503 0.2765 0.9278
vn 0.1646 0.5077 -0.8457
vn -0.3286 0.2595 -0.9081
vn -0.0814 -0.4729 0.8773
vn -0.2551 0.6739 -0.6934
vn -0.3287 0.2596 -0.9081
vn -0.2775 0.3043 -0.9112
vn -0.4653 0.8334 -0.2983
vn 0.0582 0.0393 0.9975
vn 0.2541 -0.6660 0.7014
vn -0.1324 0.7070 -0.6947
vn -0.5849 0.4565 -0.6705
vn -0.1926 0.2536 -0.9479
vn 0.1646 0.5077 0.8456
vn -0.2590 0.7042 0.6611
vn 0.2339 -0.3276 -0.9154
vn -0.2504 0.2765 -0.9278
vn -0.3286 0.2595 0.9081
vn -0.0815 -0.4731 -0.8772
vn -0.2551 0.6739 0.6934
vn -0.3286 0.2596 0.9081
vn -0.2552 0.6739 0.6934
vn -0.2775 0.3043 0.9112
vn 0.1647 0.5078 0.8456
vn -0.4653 0.8334 0.2982
vn 0.2540 -0.6661 -0.7013
vn 0.0582 0.0393 -0.9975
vn 0.5193 -0.5114 -0.6846
vn -0.1325 0.7071 0.6946
vn -0.5848 0.4564 0.6705
vn -0.4695 0.8020 0.3692
vn -0.1925 0.2536 0.9479
vn -0.1324 0.7071 0.6946
vn -0.5712 0.7331 0.3691
vn -0.4695 0.8021 0.3691
vn -0.3835 0.9214 -0.0632
vn -0.0905 0.9336 0.3467
vn -0.2271 0.6394 0.7346
vn -0.5572 0.7436 -0.3694
vn -0.4657 0.8849 -0.0000
vn -0.4640 0.6935 0.5511
vn -0.6414 0.7672 -0.0000
vn -0.4640 0.6935 -0.5511
vn -0.8805 0.3386 -0.3317
vn -0.5363 0.7501 -0.3870
vn -0.5823 0.3843 -0.7164
vn -0.6013 0.4129 -0.6840
vn -0.7682 0.6395 0.0316
vn -0.7682 0.6394 0.0316
vn 0.8410 -0.4288 0.3300
vn -0.8014 0.5947 -0.0631
vn 0.8103 -0.0608 0.5829
vn 0.3449 0.0373 0.9379
vn -0.6003 0.4612 -0.6534
vn -0.7941 0.2377 -0.5594
vn 0.5666 0.1221 0.8149
vn -0.1570 0.3462 0.9249
vn -0.1273 -0.1200 -0.9846
vn -0.2335 0.5721 0.7863
vn -0.6390 0.0833 -0.7647
vn 0.3390 0.5692 0.7490
vn 0.1865 0.5171 -0.8353
vn -0.2301 -0.1173 0.9661
vn -0.3564 0.8479 -0.3925
vn 0.2537 -0.3068 0.9173
vn 0.0790 0.0661 0.9947
vn -0.1913 0.4283 -0.8832
vn 0.3582 0.2461 -0.9006
vn -0.3188 0.4346 0.8423
vn -0.0981 0.9302 0.3536
vn -0.4103 0.8221 0.3947
vn -0.5913 0.8064 -0.0000
vn -0.4103 0.8221 -0.3947
vn -0.2944 0.7320 0.6144
vn -0.2945 0.7320 -0.6144
vn -0.1143 0.9934 -0.0000
vn -0.6054 0.7959 -0.0000
vn -0.7104 0.5600 -0.4264
vn -0.7080 0.5581 0.4328
vn -0.6488 0.6957 -0.3081
vn -0.2044 0.4096 0.8891
vn -0.7080 0.5580 0.4328
vn -0.3501 0.6130 0.7083
vn -0.3502 0.6130 0.7083
vn -0.4103 0.8221 0.3948
vn -0.4576 0.8856 0.0788
vn 0.5235 -0.4233 -0.7395
vn -0.0058 0.8376 0.5463
vn -0.4037 0.5980 0.6924
vn -0.4036 0.5979 0.6925
vn 0.0114 0.3999 0.9165
vn 0.1208 0.2947 0.9479
vn -0.2302 -0.1173 -0.9661
vn 0.1866 0.5171 0.8353
vn -0.3565 0.8479 0.3924
vn 0.2536 -0.3068 -0.9173
vn -0.3188 0.4346 -0.8423
vn 0.0789 0.0661 -0.9947
vn -0.1912 0.4283 0.8832
vn 0.3582 0.2461 0.9006
vn -0.6886 0.7251 -0.0000
vn -0.4335 0.7678 0.4717
vn -0.2613 0.9653 -0.0000
vn -0.4269 0.7708 -0.4729
vn -0.5696 0.7309 -0.3759
vn -0.3835 0.9214 0.0632
vn -0.0905 0.9336 -0.3467
vn -0.5696 0.7310 -0.3759
vn -0.2271 0.6394 -0.7346
vn -0.0905 0.9336 -0.3466
vn -0.5060 0.5225 -0.6863
vn -0.5572 0.7436 -0.3695
vn -0.1499 0.1781 -0.9725
vn 0.7072 -0.3046 0.6380
vn -0.5496 0.8140 -0.1882
vn -0.3079 0.6512 -0.6936
vn -0.2775 0.3043 -0.9113
vn -0.6013 0.4130 -0.6841
vn -0.3079 0.6513 -0.6936
vn 0.2291 -0.2321 0.9453
vn -0.6186 0.4262 -0.6601
vn -0.0540 0.4121 0.9095
vn -0.5440 0.3265 -0.7730
vn -0.0855 0.0446 -0.9953
vn -0.1994 0.6111 0.7661
vn 0.3792 0.3925 0.8380
vn -0.2642 -0.1614 -0.9509
vn 0.2558 -0.1897 -0.9479
vn -0.6097 0.6646 0.4319
vn -0.5087 0.4892 0.7085
vn -0.5141 0.7739 0.3698
vn -0.6055 0.7959 -0.0000
vn -0.3819 0.8604 0.3375
vn 0.0632 0.4304 0.9004
vn -0.2924 0.7215 0.6277
vn -0.5859 0.7169 0.3777
vn -0.0826 0.4496 0.8894
vn -0.3391 0.8920 0.2990
vn -0.5913 0.6997 -0.4011
vn -0.2924 0.9563 -0.0000
vn -0.4666 0.7162 0.5191
vn -0.7756 0.6312 -0.0000
vn -0.4666 0.7162 -0.5191
vn -0.3819 0.8604 -0.3375
vn -0.6488 0.6958 0.3081
vn -0.3502 0.6129 -0.7083
vn -0.7104 0.5599 -0.4264
vn -0.2044 0.4096 -0.8891
vn 0.5236 -0.4233 0.7394
vn -0.4577 0.8856 -0.0788
vn -0.0059 0.8376 -0.5463
vn -0.4102 0.8221 -0.3948
vn -0.1875 0.7050 -0.6840
vn -0.4037 0.5979 -0.6925
vn 0.0114 0.3999 -0.9165
vn -0.4036 0.5979 -0.6925
vn 0.1208 0.2946 -0.9479
vn -0.2429 0.8828 0.4021
vn -0.1002 0.9465 -0.3067
vn 0.2293 0.9208 0.3155
vn 0.0879 0.4795 0.8731
vn -0.2429 0.8828 0.4022
vn -0.2226 0.6695 0.7086
vn -0.4875 0.8731 -0.0000
vn -0.1377 0.9905 -0.0000
vn -0.2227 0.6696 -0.7086
vn -0.5537 0.8327 -0.0000
vn -0.7002 0.6153 -0.3623
vn -0.7001 0.6153 -0.3623
vn -0.2803 0.3273 -0.9024
vn -0.3647 0.8478 -0.3850
vn -0.5235 0.7817 0.3388
vn -0.4239 0.8161 -0.3928
vn -0.6018 0.4275 -0.6746
vn -0.1244 0.3420 -0.9314
vn -0.4157 0.5718 -0.7073
vn -0.0958 0.3059 -0.9472
vn 0.0872 -0.2421 0.9663
vn -0.4521 0.8458 -0.2833
vn 0.0246 0.7783 -0.6274
vn 0.4732 -0.5248 0.7076
vn -0.4623 0.7982 -0.3863
vn -0.0573 0.4371 -0.8976
vn -0.0981 0.9302 -0.3536
vn -0.3587 0.8640 0.3535
vn -0.1064 0.9943 -0.0000
vn -0.4047 0.7879 -0.4641
vn -0.7467 0.6652 -0.0000
vn -0.4047 0.7879 0.4641
vn -0.3647 0.8478 0.3850
vn -0.5235 0.7817 -0.3389
vn -0.7002 0.6152 0.3623
vn -0.3647 0.8478 0.3851
vn -0.2802 0.3273 0.9024
vn -0.7001 0.6153 0.3623
vn 0.4549 -0.8178 -0.3526
vn 0.0195 -0.9987 -0.0472
vn -0.2451 0.8990 0.3630
vn 0.0195 -0.9987 -0.0473
vn -0.4608 -0.8273 -0.3214
vn 0.8391 0.5156 0.1734
vn 0.0184 0.7111 0.7028
vn 0.3965 0.6618 0.6362
vn 0.8336 0.2996 0.4641
vn 0.7308 -0.5967 0.3314
vn 0.4557 -0.8132 0.3619
vn -0.7822 0.5382 -0.3137
vn 0.4695 -0.8020 0.3692
vn 0.5086 -0.5521 0.6607
vn 0.7308 -0.5967 0.3315
vn 0.6572 -0.4556 0.6004
vn 0.3295 -0.8783 0.3465
vn 0.0695 -0.7117 0.6990
vn -0.1363 -0.7162 0.6845
vn -0.3350 0.9231 -0.1886
vn -0.4456 0.6223 -0.6435
vn 0.3274 -0.8625 0.3859
vn 0.2826 -0.8888 0.3608
vn 0.0156 -0.4831 0.8754
vn -0.1914 -0.9087 0.3710
vn -0.1915 -0.9087 0.3710
vn 0.0694 -0.7117 0.6990
vn 0.8474 -0.4757 0.2359
vn -0.0674 -0.5184 0.8525
vn -0.0435 -0.8768 0.4790
vn -0.0478 -0.9647 0.2591
vn -0.0176 0.9833 0.1812
vn 0.3983 -0.9173 -0.0000
vn 0.0457 -0.9555 0.2915
vn -0.4582 0.8178 0.3482
vn -0.0650 0.7392 0.6704
vn 0.2968 0.8897 0.3469
vn -0.1913 -0.9087 -0.3710
vn 0.2826 -0.8887 -0.3610
vn 0.3202 -0.8649 0.3866
vn -0.4812 0.8766 -0.0001
vn -0.3097 0.7917 0.5266
vn -0.0917 -0.9958 -0.0000
vn 0.7165 -0.6976 -0.0000
vn -0.0688 0.7079 0.7030
vn 0.2673 0.6859 0.6769
vn 0.0343 0.1636 0.9859
vn 0.0469 -0.1763 0.9832
vn 0.3010 0.0076 0.9536
vn 0.5847 -0.2660 0.7664
vn -0.0401 0.0027 0.9992
vn -0.0887 0.6774 0.7303
vn -0.2342 0.3970 0.8875
vn -0.0082 0.0624 0.9980
vn -0.4456 0.6223 0.6435
vn -0.3349 0.9232 0.1886
vn 0.3274 -0.8625 -0.3859
vn -0.4457 0.6223 0.6435
vn -0.2002 0.2523 0.9467
vn -0.1362 -0.7162 -0.6845
vn -0.7823 0.5382 0.3136
vn 0.5355 -0.7553 0.3778
vn 0.4558 -0.8132 -0.3619
vn 0.7308 -0.5967 -0.3315
vn -0.4806 0.5167 0.7085
vn 0.4569 0.5763 0.6776
vn -0.7715 -0.2198 -0.5971
vn -0.9975 0.0593 -0.0392
vn 0.7611 0.1475 0.6316
vn 0.6762 0.6694 0.3076
vn 0.9322 0.3364 0.1337
vn 0.2606 0.4303 0.8642
vn 0.5635 0.4144 0.7147
vn -0.1913 0.4909 0.8500
vn 0.5366 0.1579 0.8289
vn 0.5604 0.1368 0.8169
vn 0.9657 -0.0882 0.2444
vn 0.4004 0.2026 0.8937
vn -0.7684 0.0347 -0.6391
vn 0.9672 -0.1114 0.2282
vn 0.9414 -0.0989 0.3226
vn -0.6012 0.4129 0.6841
vn -0.6136 -0.0485 0.7881
vn -0.2020 -0.1534 0.9673
vn -0.6186 0.4262 0.6601
vn -0.5339 0.1365 0.8345
vn -0.8319 0.4562 0.3158
vn -0.7336 0.2764 0.6208
vn -0.3442 -0.2197 0.9128
vn -0.0201 -0.3913 0.9201
vn -0.5440 0.3265 0.7730
vn -0.2285 -0.1968 0.9534
vn -0.1230 -0.6347 0.7629
vn 0.3501 -0.6129 0.7084
vn 0.3754 -0.6251 0.6843
vn -0.2642 -0.1614 0.9509
vn 0.2558 -0.1896 0.9479
vn 0.0497 -0.5006 0.8643
vn 0.5202 -0.7704 0.3687
vn 0.3501 -0.6129 0.7083
vn 0.2776 -0.7256 0.6297
vn -0.5953 0.7809 -0.1892
vn 0.0118 -0.3314 0.9434
vn -0.1112 0.8481 -0.5180
vn 0.2776 -0.7256 0.6296
vn 0.0498 -0.5006 0.8643
vn 0.5202 -0.7704 0.3686
vn 0.5123 -0.4638 0.7228
vn 0.2864 -0.7271 0.6239
vn -0.5859 0.7169 -0.3778
vn -0.5913 0.6997 0.4010
vn 0.2257 -0.9369 0.2671
vn 0.2313 -0.6757 0.7000
vn -0.3390 0.8920 -0.2990
vn -0.2684 -0.7961 0.5423
vn -0.0880 0.9748 -0.2050
vn -0.1588 0.8500 0.5023
vn 0.0567 -0.9787 0.1971
vn 0.2194 -0.9443 0.2451
vn 0.3185 -0.7357 0.5978
vn -0.1065 -0.9407 0.3220
vn 0.2829 -0.7601 0.5850
vn 0.3184 -0.7357 0.5977
vn -0.1824 -0.3652 0.9129
vn -0.6263 -0.6141 0.4803
vn -0.3305 0.9437 -0.0157
vn 0.3582 0.9052 -0.2286
vn -0.1823 -0.8492 0.4957
vn -0.0960 -0.7832 0.6143
vn -0.3894 -0.7904 0.4730
vn -0.0960 -0.7831 0.6144
vn -0.2380 -0.4930 0.8369
vn -0.7448 -0.0816 0.6623
vn -0.5484 -0.5490 0.6308
vn 0.4178 -0.6377 0.6471
vn -0.5484 -0.5489 0.6308
vn -0.2695 -0.4332 0.8601
vn 0.5293 0.8171 -0.2287
vn -0.5519 -0.6451 0.5284
vn -0.8101 -0.5258 0.2592
vn 0.6454 0.7580 0.0942
vn 0.3575 0.5928 0.7217
vn 0.8580 0.4524 0.2431
vn -0.5767 -0.8145 -0.0630
vn 0.6454 0.7580 -0.0942
vn -0.5046 -0.6842 0.5265
vn -0.8441 -0.4849 0.2289
vn 0.8146 0.3456 0.4658
vn 0.8581 0.4524 -0.2431
vn -0.7539 -0.1226 0.6454
vn -0.8892 -0.3708 0.2679
vn -0.6949 -0.6304 0.3461
vn 0.9321 0.3365 -0.1337
vn 0.6761 0.6695 -0.3077
vn -0.1870 -0.3349 0.9235
vn -0.7715 -0.2199 0.5971
vn 0.7611 0.1475 -0.6317
vn -0.7904 -0.1592 0.5915
vn -0.8893 -0.3708 0.2679
vn -0.7714 -0.2199 0.5971
vn -0.1376 -0.4728 0.8704
vn -0.5169 -0.1314 0.8459
vn 0.9657 -0.0882 -0.2444
vn -0.8676 -0.0978 0.4876
vn -0.5788 -0.4972 0.6464
vn -0.5551 -0.1364 0.8206
vn -0.5551 -0.1363 0.8205
vn -0.7684 0.0347 0.6391
vn -0.9459 0.3127 0.0865
vn 0.7951 0.2864 -0.5346
vn 0.9672 -0.1114 -0.2283
vn -0.7110 0.2164 0.6690
vn -0.7684 0.0346 0.6390
vn 0.9672 -0.1114 -0.2282
vn -0.2490 -0.1042 0.9629
vn -0.9407 0.1066 0.3220
vn -0.7110 0.2164 0.6691
vn 0.9299 0.2248 -0.2909
vn -0.6896 -0.1855 0.7000
vn -0.9376 0.0831 0.3377
vn 0.8959 -0.0571 0.4405
vn -0.9099 -0.3173 0.2672
vn 0.9428 -0.0432 -0.3307
vn -0.9943 -0.1064 -0.0000
vn -0.7816 -0.0388 0.6225
vn 0.9300 0.2248 0.2908
vn -0.9882 -0.0341 0.1496
vn -0.9376 0.0831 -0.3377
vn 0.4282 0.1748 0.8866
vn -0.9098 -0.3174 -0.2673
vn -0.7587 0.2181 0.6138
vn -0.9378 0.3472 -0.0000
vn -0.9817 0.1904 -0.0000
vn 0.9155 -0.4024 -0.0000
vn -0.7471 0.1880 0.6376
vn -0.9407 0.1065 0.3220
vn -0.7684 0.0346 0.6391
vn 0.9314 -0.1652 -0.3245
vn -0.6671 0.1600 0.7276
vn -0.8008 0.4892 0.3456
vn 0.8307 -0.3509 0.4323
vn -0.9458 0.0823 0.3143
vn 0.8418 -0.4854 -0.2361
vn -0.6004 0.4612 0.6534
vn -0.8320 0.4563 0.3157
vn -0.7470 0.1880 0.6377
vn -0.5339 0.1365 0.8344
vn -0.8015 0.5947 0.0630
vn -0.6094 -0.2072 0.7653
vn -0.6094 -0.2071 0.7653
vn -0.7471 0.1879 0.6376
vn -0.1532 -0.2268 0.9618
vn -0.7941 0.2377 0.5594
vn -0.4016 0.2173 0.8896
vn -0.2475 -0.3494 0.9037
vn 0.3223 -0.4648 0.8247
vn -0.6391 0.0833 0.7646
vn 0.3756 -0.7450 0.5513
vn -0.6246 0.7113 -0.3224
vn 0.1229 -0.4531 0.8830
vn -0.3710 -0.3646 0.8540
vn -0.1082 -0.7545 0.6473
vn -0.0497 0.5006 0.8643
vn -0.2923 0.7214 0.6278
vn -0.0944 0.4792 0.8726
vn -0.6246 0.7113 0.3224
vn 0.0360 0.6961 0.7171
vn 0.0953 0.7938 0.6007
vn -0.2923 0.7214 0.6277
vn 0.2829 -0.7602 -0.5849
vn -0.2753 0.9496 0.1498
vn 0.1301 0.9454 0.2989
vn 0.5241 -0.8517 -0.0001
vn 0.3853 -0.6459 0.6591
vn 0.4939 -0.8695 -0.0000
vn 0.0283 0.9996 -0.0000
vn 0.0291 -0.9487 0.3148
vn 0.2684 0.6240 0.7338
vn -0.3032 -0.9509 -0.0628
vn 0.2381 0.9667 0.0943
vn -0.3888 -0.9078 -0.1574
vn 0.1601 0.8391 0.5199
vn 0.4023 0.8067 0.4328
vn -0.5006 -0.8526 -0.1498
vn -0.8505 -0.5018 -0.1579
vn -0.9256 0.3541 0.1335
vn 0.9290 -0.1649 0.3314
vn 0.4210 -0.0638 0.9048
vn 0.8387 -0.4277 0.3370
vn -0.9481 0.0824 -0.3072
vn -0.8008 0.4891 -0.3456
vn -0.7861 0.6180 -0.0000
vn 0.9734 -0.2293 -0.0001
vn 0.6864 -0.6258 0.3706
vn -0.8805 0.3387 0.3316
vn 0.8409 -0.4289 -0.3301
vn -0.8805 0.3386 0.3316
vn -0.2776 0.3044 0.9112
vn -0.0249 0.7353 0.6772
vn -0.3556 0.5895 0.7253
vn 0.0845 0.0191 0.9962
vn -0.1136 -0.7687 -0.6295
vn 0.0845 0.0189 0.9962
vn 0.5193 -0.5114 -0.6847
vn 0.3134 -0.8742 -0.3708
vn -0.0941 0.9003 0.4249
vn 0.0397 0.7276 0.6849
vn 0.2753 0.0756 0.9584
vn 0.3589 -0.2476 0.8999
vn -0.0477 0.9705 0.2362
vn 0.2943 0.3647 0.8834
vn -0.0187 0.8688 0.4948
vn -0.2412 0.3825 0.8919
vn 0.0400 -0.0027 0.9992
vn 0.0492 -0.2549 0.9657
vn 0.8336 0.2996 0.4642
vn -0.0577 -0.2844 0.9570
vn -0.0854 0.2274 0.9701
vn 0.8352 -0.1213 0.5363
vn -0.2207 -0.3788 0.8988
vn 0.0589 -0.8748 0.4808
vn -0.0124 0.2765 0.9609
vn 0.2358 -0.3998 0.8858
vn -0.2443 -0.0161 0.9696
vn 0.2291 -0.3520 0.9075
vn 0.2683 -0.3533 0.8962
vn 0.0903 0.4003 0.9119
vn 0.5446 -0.7562 0.3628
vn 0.2583 -0.3321 0.9072
vn -0.0406 -0.0528 0.9978
vn 0.3743 -0.6172 0.6920
vn -0.2398 0.6817 0.6913
vn 0.2478 0.1120 0.9623
vn -0.0800 -0.0583 0.9951
vn -0.4423 0.1644 0.8817
vn -0.5115 0.7511 0.4174
vn -0.1244 0.3419 0.9315
vn -0.4239 0.8161 0.3929
vn -0.4521 0.8458 0.2834
vn -0.1875 0.7049 0.6841
vn -0.4623 0.7982 0.3862
vn 0.3605 -0.9311 0.0552
vn -0.0111 -0.9488 -0.3158
vn -0.0573 0.4371 0.8976
vn 0.5721 -0.7278 -0.3782
vn -0.0634 0.9696 0.2365
vn 0.3306 -0.9438 -0.0000
vn 0.0340 -0.9857 0.1649
vn -0.0210 -0.7495 0.6617
vn -0.4609 -0.8272 0.3214
vn 0.4549 -0.8178 0.3527
vn -0.2452 0.8990 -0.3630
vn 0.3149 0.8770 -0.3630
vn 0.0375 -0.5883 0.8078
vn 0.0518 -0.8211 0.5684
vn 0.3260 -0.6659 0.6710
vn -0.0183 -0.7111 0.7028
vn -0.4502 -0.3761 0.8098
vn -0.0561 -0.0549 0.9969
vn 0.4158 -0.3125 0.8541
vn 0.0236 -0.6676 0.7442
vn -0.0967 -0.3544 0.9301
vn -0.3286 -0.6916 0.6431
vn -0.0966 -0.3545 0.9300
vn 0.0249 -0.9187 0.3941
vn -0.0477 0.9705 -0.2362
vn 0.2658 -0.6383 0.7224
vn -0.0907 -0.3374 0.9370
vn 0.2658 -0.6384 0.7224
vn -0.0484 -0.7202 0.6921
vn -0.2857 -0.0693 0.9558
vn -0.0464 -0.7354 0.6760
vn 0.1376 -0.3232 0.9363
vn 0.0649 -0.3742 0.9251
vn 0.0395 0.0606 0.9974
vn -0.2454 0.4770 0.8439
vn -0.0651 -0.4145 0.9077
vn -0.6562 0.1045 0.7473
vn -0.2624 -0.1136 0.9583
vn -0.2624 -0.1136 0.9582
vn 0.5812 -0.1456 -0.8006
vn 0.5446 -0.7561 -0.3629
vn -0.3435 -0.1723 0.9232
vn -0.2515 0.3474 0.9034
vn 0.1949 0.0891 0.9768
vn 0.1097 -0.4137 0.9038
vn 0.0800 0.0583 0.9951
vn 0.0141 -0.4104 0.9118
vn 0.4379 -0.5671 0.6976
vn 0.5292 -0.0975 0.8429
vn 0.4167 -0.5667 0.7108
vn 0.0757 0.0894 0.9931
vn 0.1244 -0.3419 0.9315
vn 0.0650 -0.3743 0.9250
vn -0.1136 -0.7687 0.6294
vn 0.0814 -0.3788 0.9219
vn -0.1136 -0.7687 0.6295
vn -0.3522 0.9358 0.0157
vn 0.5193 -0.5113 0.6847
vn -0.0485 -0.7202 0.6921
vn 0.2969 -0.8736 0.3855
vn 0.3722 -0.8406 0.3936
vn 0.3721 -0.8406 0.3937
vn -0.1003 0.9465 0.3067
vn -0.2429 0.8828 -0.4022
vn -0.3754 -0.8802 0.2904
vn -0.0562 -0.7204 0.6913
vn 0.0259 -0.9255 0.3779
vn -0.3139 -0.9495 -0.0000
vn 0.3683 -0.9297 -0.0000
vn -0.0119 0.8777 0.4791
vn 0.2798 -0.3135 0.9074
vn 0.2342 -0.3344 0.9129
vn -0.2504 0.2765 0.9278
vn -0.0815 -0.4730 0.8773
vn 0.2551 -0.6739 0.6934
vn 0.2551 -0.6738 0.6934
vn 0.5194 -0.5114 0.6847
vn 0.2541 -0.6660 0.7013
vn 0.0582 0.0394 0.9975
vn -0.5848 0.4564 -0.6705
vn -0.4654 0.8334 -0.2982
vn 0.2542 -0.6660 0.7013
vn 0.4695 -0.8021 0.3692
vn 0.4876 -0.8731 -0.0000
vn 0.5193 -0.5114 0.6847
vn 0.1646 0.5078 0.8456
vn -0.2589 0.7042 0.6611
vn -0.2551 0.6738 0.6934
vn 0.1075 0.0300 0.9938
vn -0.5849 0.4564 0.6705
vn 0.5194 -0.5113 -0.6847
vn -0.1926 0.2536 0.9479
vn -0.5713 0.7331 0.3691
vn 0.3576 -0.8505 0.3858
vn 0.1756 -0.9152 -0.3627
vn -0.0906 0.9336 0.3466
vn 0.4702 -0.7972 -0.3785
vn -0.2271 0.6394 0.7345
vn -0.2551 0.6738 0.6935
vn -0.0905 0.9336 0.3466
vn -0.5060 0.5224 0.6863
vn 0.5466 -0.7216 0.4248
vn 0.2538 -0.9672 -0.0000
vn 0.8502 -0.5264 -0.0001
vn 0.8409 -0.4289 0.3301
vn -0.7681 0.6395 0.0316
vn 0.6045 -0.4152 0.6799
vn 0.5572 -0.7436 0.3695
vn 0.6156 -0.6911 0.3787
vn 0.6045 -0.4151 0.6799
vn 0.8418 -0.4853 0.2362
vn 0.3449 0.0372 0.9379
vn -0.7336 0.2764 -0.6208
vn -0.8015 0.5947 -0.0631
vn 0.2372 0.1899 0.9527
vn 0.5397 -0.1424 0.8297
vn 0.5665 0.1221 0.8150
vn 0.8846 -0.3699 0.2842
vn 0.0942 0.1318 0.9868
vn -0.2336 0.5721 0.7863
vn 0.3389 0.5692 0.7491
vn 0.1875 -0.7049 0.6841
vn -0.2302 -0.1173 0.9660
vn -0.2552 -0.5869 0.7684
vn 0.2238 -0.7353 0.6397
vn 0.2537 -0.3068 0.9174
vn 0.0789 0.0660 0.9947
vn -0.3189 0.4346 0.8423
vn -0.1709 -0.0857 0.9816
vn 0.5056 -0.7677 0.3937
vn -0.2945 0.7320 0.6144
vn 0.2234 -0.9747 -0.0000
vn -0.1142 0.9935 -0.0000
vn 0.7861 -0.6180 -0.0000
vn 0.2093 -0.9281 -0.3079
vn 0.7856 -0.4701 -0.4023
vn -0.3819 0.8603 0.3376
vn -0.2045 0.4096 0.8890
vn -0.4102 0.8221 0.3948
vn -0.3502 0.6129 0.7083
vn -0.0059 0.8376 0.5462
vn -0.4577 0.8856 0.0787
vn -0.4037 0.5979 0.6925
vn 0.0592 -0.7546 -0.6536
vn 0.1208 0.2946 0.9480
vn -0.1875 0.7049 0.6840
vn -0.3501 0.6129 0.7083
vn 0.1866 0.5172 0.8353
vn -0.1411 0.3531 0.9249
vn 0.2119 0.1388 0.9674
vn 0.3815 -0.1807 0.9066
vn -0.1913 0.4283 0.8832
vn -0.2417 -0.1505 0.9586
vn 0.2966 -0.3195 0.9000
vn -0.4695 0.8020 0.3693
vn 0.3662 -0.6116 0.7013
vn 0.6331 -0.7741 -0.0001
vn -0.2614 0.9652 -0.0000
vn 0.1062 -0.3847 0.9169
vn 0.1756 -0.9153 0.3626
vn 0.4716 -0.7997 0.3716
vn -0.0906 0.9336 -0.3467
vn 0.1114 -0.7294 0.6750
vn -0.5497 0.8139 -0.1883
vn 0.2290 -0.2321 0.9453
vn 0.3053 -0.2697 0.9133
vn -0.0540 0.4121 0.9096
vn 0.0562 0.0549 0.9969
vn -0.1995 0.6111 0.7660
vn 0.3791 0.3925 0.8380
vn -0.1574 0.2332 0.9596
vn 0.4781 -0.0647 0.8759
vn -0.6098 0.6646 0.4319
vn -0.5141 0.7739 0.3699
vn -0.3818 0.8604 0.3376
vn 0.2776 -0.7256 -0.6297
vn -0.5953 0.7809 0.1892
vn 0.6780 -0.6962 -0.2358
vn 0.5389 -0.8361 0.1025
vn -0.5860 0.7169 0.3777
vn -0.0827 0.4495 0.8894
vn -0.3390 0.8920 0.2990
vn 0.2257 -0.9369 -0.2671
vn 0.6155 -0.6912 -0.3787
vn 0.7929 -0.6093 -0.0000
vn -0.4665 0.7162 0.5191
vn 0.5677 -0.6528 0.5016
vn 0.4876 -0.8730 -0.0000
vn 0.3650 -0.6036 0.7089
vn -0.3819 0.8603 -0.3375
vn 0.7856 -0.4701 0.4024
vn 0.2092 -0.9281 0.3079
vn 0.7856 -0.4700 0.4024
vn 0.3502 -0.6129 0.7083
vn 0.4021 -0.8225 0.4023
vn -0.4576 0.8856 -0.0788
vn 0.5235 -0.4233 0.7395
vn 0.0601 -0.2775 0.9588
vn 0.0592 -0.7545 0.6536
vn 0.5235 -0.4233 0.7394
vn 0.4845 -0.7807 0.3948
vn 0.0592 -0.7546 0.6535
vn -0.3753 -0.8802 -0.2904
vn 0.3721 -0.8406 -0.3937
vn 0.0439 -0.9990 -0.0000
vn 0.2293 0.9208 0.3154
vn 0.0878 0.4796 0.8731
vn 0.3052 -0.8740 0.3782
vn -0.0284 -0.9996 -0.0000
vn -0.2227 0.6696 0.7086
vn 0.6464 -0.7630 -0.0000
vn 0.2437 -0.8938 0.3765
vn -0.7002 0.6152 -0.3624
vn -0.5236 0.7817 0.3388
vn 0.4310 -0.5565 0.7103
vn 0.7827 -0.5171 0.3465
vn 0.4238 -0.8161 0.3929
vn 0.7826 -0.5171 0.3465
vn 0.1557 -0.7031 0.6938
vn 0.1244 -0.3420 0.9314
vn 0.4609 -0.8406 0.2846
vn 0.4238 -0.8161 0.3928
vn 0.5722 -0.7277 0.3782
vn -0.3587 0.8639 0.3535
vn -0.0982 0.9302 -0.3536
vn -0.4623 0.7981 -0.3863
vn -0.0110 -0.9488 0.3157
vn 0.1757 -0.6755 0.7161
vn -0.7467 0.6651 -0.0000
vn -0.4046 0.7880 0.4641
vn 0.2924 -0.9563 -0.0000
vn 0.6382 -0.7699 -0.0000
vn 0.4117 -0.7738 0.4814
vn 0.5741 -0.8188 -0.0000
vn 0.7826 -0.5172 -0.3465
vn 0.2437 -0.8938 -0.3766
vn -0.2895 0.8759 0.3861
vn 0.0196 -0.9987 -0.0473
vn 0.0518 -0.8212 -0.5683
vn -0.0792 0.8462 0.5269
vn -0.0576 0.4996 0.8643
vn 0.0375 -0.5883 -0.8078
vn -0.0676 -0.5183 0.8525
vn -0.0175 0.9833 0.1813
vn -0.0480 -0.9647 -0.2591
vn -0.0480 -0.9646 0.2591
vn -0.0436 -0.8768 -0.4789
vn -0.0675 -0.5184 -0.8525
vn -0.0038 0.8180 0.5753
vn -0.0855 0.2274 -0.9701
vn 0.0469 -0.1762 0.9832
vn -0.0578 -0.2845 -0.9569
vn -0.2208 -0.3787 -0.8988
vn -0.0082 0.0623 0.9980
vn 0.0589 -0.8748 -0.4808
vn -0.6948 -0.6304 -0.3461
vn -0.4731 -0.8810 -0.0000
vn -0.5484 -0.5489 -0.6308
vn -0.6949 -0.6304 -0.3461
vn -0.7540 -0.1226 -0.6454
vn -0.9975 0.0594 -0.0393
vn -0.7715 -0.2199 -0.5970
vn -0.7540 -0.1225 -0.6454
vn -0.8892 -0.3708 -0.2680
vn -0.1869 -0.3349 -0.9235
vn -0.7715 -0.2199 -0.5971
vn -0.7905 -0.1592 -0.5914
vn -0.8676 -0.0978 -0.4876
vn -0.5788 -0.4971 -0.6464
vn -0.5789 -0.4971 -0.6464
vn -0.1375 -0.4729 -0.8703
vn -0.7904 -0.1592 -0.5915
vn -0.5551 -0.1364 -0.8205
vn -0.7110 0.2165 -0.6690
vn -0.9459 0.3127 -0.0865
vn -0.7471 0.1880 -0.6376
vn -0.7684 0.0346 -0.6390
vn -0.7684 0.0346 -0.6391
vn -0.2490 -0.1043 -0.9629
vn -0.9407 0.1065 -0.3221
vn 0.3053 -0.2698 -0.9133
vn -0.6185 0.4263 0.6601
vn -0.6136 -0.0486 0.7881
vn -0.0540 0.4120 -0.9096
vn -0.6013 0.4129 0.6840
vn 0.0562 0.0548 -0.9969
vn -0.3442 -0.2197 0.9129
vn -0.1983 0.6073 -0.7693
vn -0.1574 0.2331 -0.9596
vn -0.6098 0.6646 -0.4319
vn -0.5146 0.4865 -0.7061
vn 0.2777 -0.7256 0.6296
vn 0.0117 -0.3315 0.9434
vn -0.0879 0.9748 -0.2051
vn -0.2683 -0.7961 0.5424
vn -0.3032 -0.9508 0.0628
vn 0.2828 -0.7602 0.5850
vn -0.2755 0.9496 -0.1498
vn -0.6263 -0.6140 0.4803
vn 0.1601 0.8391 -0.5198
vn -0.3306 0.9436 -0.0158
vn -0.3888 -0.9078 0.1574
vn -0.7448 -0.0817 0.6623
vn 0.1989 0.4333 -0.8790
vn -0.0107 0.8112 -0.5846
vn -0.5005 -0.8527 0.1498
vn 0.5552 0.6218 -0.5524
vn -0.1259 0.8404 -0.5271
vn -0.5520 -0.6451 0.5284
vn -0.8505 -0.5017 0.1580
vn -0.6948 -0.6304 0.3461
vn -0.5519 -0.6451 0.5285
vn -0.5006 -0.8526 0.1498
vn -0.5767 -0.8145 -0.0631
vn -0.8893 -0.3708 -0.2679
vn -0.8327 -0.5537 -0.0000
vn -0.5047 -0.6842 -0.5264
vn -0.5047 -0.6842 0.5264
vn -0.8102 -0.5258 -0.2591
vn -0.5767 -0.8145 0.0630
vn -0.9999 0.0116 -0.0000
vn -0.7817 -0.0388 -0.6225
vn -0.7715 -0.2199 0.5970
vn -0.8892 -0.3708 0.2680
vn -0.7540 -0.1225 0.6454
vn -0.1869 -0.3349 0.9235
vn -0.7715 -0.2198 0.5971
vn -0.7905 -0.1592 0.5915
vn -0.5170 -0.1315 0.8458
vn -0.1913 0.4909 -0.8500
vn 0.5367 0.1578 -0.8289
vn -0.5788 -0.4971 0.6464
vn -0.1376 -0.4729 0.8703
vn -0.5551 -0.1364 0.8205
vn -0.7111 0.2164 0.6690
vn -0.9407 0.1065 0.3221
vn -0.9099 -0.3173 0.2673
vn -0.9882 -0.0342 -0.1496
vn -0.9987 -0.0516 -0.0000
vn -0.7905 -0.1592 -0.5915
vn -0.9099 -0.3173 -0.2673
vn -0.6896 -0.1855 -0.7000
vn -0.9407 0.1065 -0.3220
vn -0.7587 0.2181 0.6139
vn -0.9414 0.3372 -0.0000
vn -0.7587 0.2181 -0.6138
vn -0.6670 0.1599 0.7277
vn -0.9458 0.0822 0.3143
vn -0.8320 0.4562 0.3157
vn -0.9257 0.3540 -0.1336
vn -0.2984 0.0324 0.9539
vn -0.5340 0.1365 0.8344
vn -0.8014 0.5948 0.0631
vn 0.4738 -0.1679 -0.8645
vn -0.7940 0.2378 0.5595
vn -0.1570 0.3461 -0.9250
vn -0.4017 0.2174 0.8896
vn 0.0943 0.1318 -0.9868
vn -0.2474 -0.3494 0.9037
vn -0.1081 -0.7546 0.6473
vn -0.3710 -0.3647 -0.8540
vn -0.0945 0.4793 0.8726
vn -0.1081 -0.7545 -0.6473
vn -0.1824 -0.3652 -0.9129
vn -0.2683 -0.7961 -0.5424
vn -0.3032 -0.9508 -0.0629
vn 0.1601 0.8392 0.5197
vn -0.6263 -0.6141 -0.4802
vn -0.3306 0.9437 0.0080
vn -0.3888 -0.9078 -0.1573
vn 0.1989 0.4333 0.8790
vn -0.7448 -0.0817 -0.6623
vn -0.2380 -0.4930 -0.8368
vn -0.3894 -0.7903 -0.4730
vn -0.5520 -0.6450 -0.5285
vn -0.8505 -0.5017 -0.1580
vn -0.1259 0.8405 0.5270
vn -0.5005 -0.8527 -0.1498
vn -0.1259 0.8404 0.5271
vn -0.5519 -0.6451 -0.5284
vn -0.1151 -0.8818 -0.4573
vn -0.5006 -0.8527 -0.1498
vn -0.8008 0.4892 -0.3456
vn -0.8320 0.4562 -0.3157
vn -0.6668 0.1674 -0.7262
vn -0.7862 0.6180 -0.0000
vn -0.6590 0.4364 0.6126
vn -0.8320 0.4562 -0.3158
vn -0.6607 0.4304 -0.6150
vn -0.8319 0.4563 0.3158
vn -0.5823 0.3842 0.7164
vn -0.7681 0.6395 -0.0316
vn 0.1114 -0.7295 -0.6749
vn -0.1135 -0.7687 -0.6294
vn -0.3555 0.5895 0.7254
vn -0.0942 0.9003 0.4249
vn -0.0909 -0.3375 -0.9369
vn -0.3493 0.6624 0.6628
vn -0.3314 -0.6873 -0.6463
vn 0.0249 -0.9188 -0.3940
vn -0.0855 0.2275 0.9700
vn 0.0469 -0.1763 -0.9832
vn 0.0343 0.1636 -0.9859
vn -0.0578 -0.2844 0.9570
vn -0.0082 0.0623 -0.9980
vn -0.2208 -0.3788 0.8987
vn 0.0588 -0.8748 0.4809
vn -0.6563 0.1045 -0.7472
vn -0.5215 0.5834 -0.6226
vn 0.0142 -0.4104 -0.9118
vn -0.4423 0.1643 0.8817
vn 0.0758 0.0894 -0.9931
vn 0.1557 -0.7032 -0.6937
vn -0.6018 0.4274 0.6746
vn 0.0871 -0.2421 -0.9663
vn 0.0341 -0.9857 0.1649
vn 0.0341 -0.9857 -0.1648
vn -0.2452 0.8990 -0.3629
vn 0.0195 -0.9983 0.0551
vn 0.0519 -0.8212 0.5683
vn -0.0792 0.8462 -0.5270
vn -0.0568 0.4937 -0.8678
vn -0.3494 0.6624 -0.6626
vn -0.0908 -0.3374 0.9370
vn -0.3286 -0.6916 0.6432
vn 0.0249 -0.9188 0.3941
vn -0.0478 0.9705 -0.2362
vn -0.0139 0.3477 -0.9375
vn -0.0942 0.9003 -0.4249
vn -0.6563 0.1045 0.7473
vn 0.0915 0.3937 -0.9147
vn -0.5215 0.5835 0.6226
vn 0.0142 -0.4104 0.9118
vn -0.4423 0.1643 -0.8817
vn -0.3555 0.5895 -0.7254
vn -0.1134 -0.7687 0.6295
vn -0.8805 0.3386 -0.3316
vn -0.5823 0.3842 -0.7165
vn -0.6013 0.4129 -0.6841
vn -0.5340 0.1365 -0.8344
vn -0.8014 0.5948 -0.0630
vn -0.5340 0.1364 -0.8344
vn -0.7337 0.2764 -0.6208
vn -0.6094 -0.2071 -0.7653
vn -0.6094 -0.2072 -0.7653
vn -0.7940 0.2377 -0.5595
vn -0.4017 0.2174 -0.8896
vn -0.2474 -0.3494 -0.9037
vn -0.6390 0.0832 -0.7647
vn 0.0943 0.1318 0.9868
vn -0.2302 -0.1173 0.9661
vn -0.1411 0.3530 -0.9249
vn -0.3565 0.8479 -0.3925
vn -0.2552 -0.5870 0.7683
vn -0.2418 -0.1506 -0.9586
vn -0.6488 0.6958 -0.3081
vn -0.3819 0.8604 0.3376
vn 0.0592 -0.7546 -0.6535
vn -0.4577 0.8856 0.0788
vn -0.1410 0.3531 0.9249
vn -0.2302 -0.1174 -0.9660
vn -0.2480 -0.5874 -0.7704
vn -0.1709 -0.0858 -0.9815
vn -0.3190 0.4346 -0.8423
vn -0.5060 0.5224 -0.6863
vn 0.1114 -0.7295 0.6749
vn -0.6185 0.4262 -0.6601
vn -0.6136 -0.0486 -0.7881
vn -0.3442 -0.2197 -0.9128
vn -0.5439 0.3265 -0.7730
vn 0.0562 0.0548 0.9969
vn -0.1231 -0.6348 -0.7629
vn -0.6098 0.6645 0.4319
vn 0.2777 -0.7256 -0.6296
vn -0.5086 0.4892 0.7085
vn 0.0117 -0.3315 -0.9434
vn -0.4522 0.8457 -0.2834
vn 0.1558 -0.7031 0.6938
vn -0.0184 -0.7112 -0.7028
vn 0.4548 -0.8178 -0.3527
vn 0.0093 -0.9193 -0.3934
vn -0.0117 -0.9999 -0.0000
vn -0.0210 -0.7495 -0.6616
vn -0.4609 -0.8272 -0.3214
vn 0.5893 -0.7406 -0.3228
vn 0.0375 -0.5883 -0.8077
vn 0.3456 -0.2796 0.8958
vn 0.5086 -0.5521 0.6606
vn 0.5969 -0.8023 -0.0000
vn 0.5355 -0.7553 -0.3778
vn 0.4695 -0.8021 0.3691
vn 0.2358 -0.3998 0.8857
vn 0.6572 -0.4557 0.6004
vn -0.1364 -0.7162 0.6845
vn -0.2002 0.2523 -0.9467
vn -0.1362 -0.7162 0.6845
vn 0.3273 -0.8625 0.3859
vn 0.0694 -0.7118 0.6990
vn 0.2825 -0.8888 0.3609
vn 0.0829 -0.9966 -0.0000
vn 0.0457 -0.9555 -0.2915
vn 0.8473 -0.4758 0.2358
vn 0.2674 0.6859 -0.6768
vn 0.3933 -0.6390 0.6611
vn -0.0435 -0.8767 0.4790
vn -0.0479 -0.9647 0.2591
vn -0.0479 -0.9647 -0.2591
vn 0.3982 -0.9173 -0.0000
vn -0.1915 -0.9087 -0.3710
vn 0.2825 -0.8888 -0.3609
vn 0.3201 -0.8649 0.3865
vn 0.7165 -0.6975 -0.0000
vn 0.3295 -0.8783 -0.3465
vn 0.3201 -0.8649 -0.3865
vn 0.0694 -0.7118 -0.6990
vn 0.0155 -0.4798 -0.8772
vn 0.8473 -0.4758 -0.2358
vn -0.0674 -0.5184 -0.8525
vn -0.0435 -0.8767 -0.4790
vn 0.8352 -0.1213 -0.5363
vn 0.0695 -0.7117 -0.6990
vn 0.0694 -0.7117 -0.6990
vn 0.0132 0.5646 0.8253
vn -0.0576 -0.2844 -0.9570
vn 0.3010 0.0075 0.9536
vn 0.3870 0.0189 -0.9219
vn 0.2800 -0.3768 -0.8830
vn -0.0081 0.0623 0.9980
vn 0.3523 0.3948 0.8486
vn -0.2207 -0.3788 -0.8988
vn 0.0590 -0.8748 -0.4808
vn 0.2358 -0.3999 -0.8857
vn 0.0695 -0.7118 -0.6990
vn -0.1363 -0.7161 -0.6845
vn 0.6572 -0.4557 -0.6003
vn 0.5086 -0.5521 -0.6607
vn -0.1363 -0.7162 -0.6845
vn 0.3274 -0.8625 -0.3858
vn 0.4557 -0.8132 -0.3620
vn 0.7308 -0.5968 -0.3314
vn 0.5354 -0.7554 0.3778
vn 0.7308 -0.5967 -0.3314
vn -0.1375 -0.4728 -0.8704
vn -0.7683 0.0346 -0.6391
vn 0.9672 -0.1115 0.2282
vn -0.6136 -0.0485 0.7882
vn -0.1659 -0.1884 0.9680
vn 0.3053 -0.2696 -0.9133
vn 0.5737 -0.1950 -0.7955
vn -0.3443 -0.2197 0.9128
vn 0.1359 -0.4287 0.8932
vn 0.0562 0.0549 -0.9969
vn -0.1231 -0.6348 0.7628
vn -0.1574 0.2333 -0.9596
vn 0.4780 -0.0647 -0.8759
vn 0.3502 -0.6130 0.7083
vn 0.0498 -0.5006 0.8642
vn 0.5241 -0.8516 -0.0000
vn 0.5390 -0.8360 -0.1025
vn 0.0039 -1.0000 -0.0000
vn -0.3033 -0.9508 0.0629
vn 0.0566 -0.9787 0.1971
vn 0.0290 -0.9487 -0.3148
vn -0.4730 -0.8811 -0.0000
vn 0.2194 -0.9443 0.2452
vn -0.1823 -0.3651 0.9129
vn 0.2830 -0.7601 0.5849
vn 0.2830 -0.7602 0.5849
vn -0.0960 -0.7832 0.6144
vn 0.6463 -0.7627 -0.0236
vn 0.3185 -0.7357 0.5977
vn -0.1824 -0.8492 0.4956
vn -0.3894 -0.7904 0.4729
vn 0.1057 -0.9891 0.1026
vn -0.1955 -0.4461 0.8734
vn -0.0961 -0.7831 0.6144
vn -0.7447 -0.0816 0.6623
vn -0.1955 -0.4462 0.8734
vn 0.4179 -0.6377 0.6471
vn -0.8504 -0.5018 0.1580
vn -0.1151 -0.8819 0.4573
vn 0.5553 0.6218 -0.5523
vn 0.9620 0.2615 -0.0791
vn -0.5047 -0.6842 -0.5265
vn -0.5047 -0.6842 0.5265
vn 0.8580 0.4525 -0.2430
vn -0.5767 -0.8145 0.0631
vn 0.9656 -0.0883 -0.2444
vn 0.5366 0.1579 -0.8289
vn -0.7683 0.0347 0.6391
vn -0.2491 -0.1043 0.9628
vn -0.7336 0.2765 0.6208
vn 0.8418 -0.4853 -0.2361
vn 0.5252 -0.4946 -0.6925
vn -0.6094 -0.2071 0.7654
vn 0.4737 -0.1678 -0.8645
vn 0.6392 0.0917 -0.7636
vn -0.0945 0.4793 -0.8726
vn 0.3755 -0.7450 0.5513
vn 0.5729 0.1147 -0.8115
vn -0.3711 -0.3647 0.8540
vn 0.2864 -0.7271 -0.6239
vn 0.0497 -0.5006 -0.8642
vn -0.3710 -0.3646 -0.8540
vn 0.2864 -0.7272 -0.6239
vn -0.0960 -0.7832 -0.6143
vn 0.1229 -0.4530 -0.8830
vn 0.2829 -0.7601 -0.5849
vn 0.6464 -0.7627 0.0236
vn 0.2830 -0.7601 -0.5849
vn 0.2189 -0.9425 -0.2526
vn -0.1823 -0.3652 -0.9129
vn -0.1068 -0.9431 -0.3150
vn 0.2190 -0.9425 -0.2526
vn -0.3033 -0.9508 -0.0629
vn 0.0290 -0.9487 0.3148
vn 0.5241 -0.8517 -0.0000
vn 0.3853 -0.6458 0.6591
vn 0.3853 -0.6459 -0.6591
vn -0.2683 -0.7962 -0.5424
vn -0.1824 -0.8492 -0.4957
vn -0.6263 -0.6141 -0.4803
vn -0.3894 -0.7904 -0.4730
vn -0.0960 -0.7832 -0.6144
vn -0.5484 -0.5490 -0.6308
vn 0.4178 -0.6377 -0.6471
vn -0.3894 -0.7904 -0.4729
vn -0.5483 -0.5490 -0.6308
vn -0.5519 -0.6451 -0.5285
vn 0.5552 0.6218 0.5524
vn -0.6948 -0.6305 -0.3461
vn 0.7045 -0.7098 -0.0000
vn 0.7044 -0.7098 -0.0000
vn 0.7685 -0.6398 -0.0000
vn 0.5572 -0.7436 -0.3694
vn 0.5667 -0.7512 -0.3384
vn 0.1113 -0.7294 -0.6750
vn 0.1114 -0.7294 -0.6750
vn 0.2798 -0.3135 -0.9074
vn 0.7072 -0.3046 -0.6380
vn 0.7826 -0.5171 -0.3466
vn 0.4167 -0.5667 -0.7108
vn 0.5740 -0.8188 -0.0000
vn 0.2969 -0.8736 -0.3855
vn 0.5193 -0.5113 -0.6847
vn 0.0814 -0.3788 -0.9219
vn -0.0485 -0.7202 -0.6921
vn 0.3135 -0.8742 -0.3709
vn -0.1135 -0.7688 -0.6294
vn -0.0484 -0.7202 -0.6921
vn 0.0649 -0.3742 -0.9251
vn 0.1375 -0.3232 -0.9363
vn 0.0650 -0.3742 -0.9251
vn 0.0141 -0.4103 -0.9118
vn 0.3588 -0.2476 0.9000
vn -0.0138 0.3478 0.9375
vn -0.0464 -0.7354 -0.6760
vn -0.4860 -0.4858 -0.7265
vn -0.0967 -0.3545 -0.9301
vn 0.2657 -0.6384 -0.7224
vn -0.0908 -0.3375 -0.9369
vn -0.3313 -0.6874 -0.6464
vn 0.0492 -0.2550 0.9657
vn 0.2942 0.3647 0.8834
vn -0.4502 -0.3762 -0.8098
vn 0.0234 -0.6637 -0.7477
vn -0.0577 -0.2845 0.9569
vn 0.3011 0.0076 -0.9536
vn 0.0470 -0.1762 -0.9832
vn 0.0590 -0.8748 0.4809
vn -0.0081 0.0623 -0.9980
vn -0.2208 -0.3788 0.8988
vn -0.4473 0.3156 -0.8368
vn -0.3784 -0.0336 -0.9251
vn -0.2623 -0.1136 -0.9583
vn -0.1533 0.3837 -0.9107
vn -0.2624 -0.1136 -0.9583
vn 0.5446 -0.7561 0.3629
vn 0.1096 -0.4136 -0.9038
vn 0.3743 -0.6172 0.6921
vn -0.3435 -0.1723 -0.9232
vn 0.1949 0.0891 -0.9768
vn 0.4380 -0.5671 -0.6975
vn -0.4424 0.1644 0.8816
vn 0.0869 -0.3615 0.9283
vn 0.1244 -0.3419 -0.9315
vn 0.1557 -0.7032 -0.6938
vn 0.1558 -0.7031 -0.6938
vn 0.4609 -0.8406 -0.2845
vn 0.1557 -0.7031 -0.6938
vn 0.4238 -0.8161 -0.3929
vn 0.4731 -0.5249 -0.7076
vn 0.1244 -0.3420 -0.9314
vn 0.1875 -0.7050 -0.6840
vn 0.4238 -0.8161 -0.3928
vn -0.0110 -0.9488 -0.3158
vn 0.3523 -0.9359 -0.0000
vn 0.1758 -0.6754 -0.7162
vn 0.0341 -0.9857 -0.1649
vn -0.0210 -0.7495 0.6616
vn 0.4548 -0.8178 0.3526
vn -0.0183 -0.7112 0.7028
vn 0.0195 -0.9983 0.0552
vn 0.0375 -0.5883 0.8077
vn -0.4503 -0.3761 0.8098
vn 0.0493 -0.2549 -0.9657
vn -0.2411 0.3824 -0.8920
vn 0.4157 -0.3125 0.8541
vn 0.2943 0.3647 -0.8834
vn -0.0967 -0.3545 0.9300
vn -0.3286 -0.6917 0.6431
vn 0.0093 -0.9193 0.3934
vn -0.3138 -0.9495 -0.0000
vn -0.0967 -0.3545 0.9301
vn 0.3589 -0.2476 -0.8999
vn -0.0137 0.3478 -0.9375
vn 0.1374 -0.3232 0.9363
vn 0.3652 0.4937 -0.7892
vn -0.3784 -0.0336 0.9250
vn 0.2292 -0.3521 -0.9075
vn -0.0652 -0.4145 0.9077
vn 0.2684 -0.3533 -0.8962
vn -0.2624 -0.1137 0.9582
vn -0.1544 0.3865 0.9093
vn 0.5445 -0.7562 -0.3629
vn -0.0405 -0.0528 -0.9978
vn 0.1097 -0.4136 0.9038
vn 0.3744 -0.6172 -0.6921
vn 0.2478 0.1121 -0.9623
vn -0.3434 -0.1723 0.9233
vn 0.1948 0.0891 0.9768
vn -0.4423 0.1644 -0.8817
vn 0.0870 -0.3615 -0.9283
vn 0.0141 -0.4103 0.9118
vn 0.0650 -0.3742 0.9251
vn 0.0846 0.0189 -0.9962
vn -0.1135 -0.7687 0.6294
vn 0.5194 -0.5113 0.6847
vn 0.4168 -0.5667 0.7108
vn 0.0516 -0.9987 -0.0000
vn 0.3682 -0.9297 -0.0000
vn 0.0259 -0.9255 -0.3779
vn -0.0816 -0.4730 0.8773
vn -0.3286 0.2596 -0.9081
vn 0.3514 -0.8557 0.3798
vn 0.2583 -0.3322 0.9072
vn -0.5848 0.4565 -0.6705
vn 0.2541 -0.6661 0.7013
vn 0.2552 -0.6739 0.6934
vn -0.3287 0.2596 0.9081
vn 0.1074 0.0300 0.9938
vn -0.0815 -0.4730 -0.8773
vn 0.3514 -0.8557 -0.3798
vn 0.2552 -0.6739 -0.6934
vn 0.2583 -0.3322 -0.9072
vn -0.5848 0.4565 0.6705
vn 0.2541 -0.6660 -0.7013
vn 0.2551 -0.6739 -0.6934
vn 0.4695 -0.8021 -0.3691
vn 0.5194 -0.5114 -0.6846
vn 0.1062 -0.3846 -0.9169
vn 0.4702 -0.7973 -0.3785
vn 0.3913 -0.9203 -0.0000
vn 0.3575 -0.8505 0.3859
vn 0.2538 -0.9673 -0.0000
vn 0.5573 -0.7436 0.3694
vn 0.5408 -0.7252 -0.4262
vn 0.5467 -0.7216 0.4247
vn 0.8502 -0.5264 -0.0000
vn 0.5252 -0.4946 0.6925
vn 0.4737 -0.1678 0.8645
vn -0.1532 -0.2268 -0.9618
vn 0.3243 -0.4678 -0.8222
vn -0.2474 -0.3493 -0.9037
vn 0.6391 0.0916 0.7637
vn -0.0202 -0.3913 0.9200
vn 0.1875 -0.7050 0.6840
vn 0.1244 -0.3419 0.9314
vn -0.2551 -0.5869 0.7684
vn 0.2237 -0.7353 0.6397
vn -0.1411 0.3531 -0.9249
vn 0.3814 -0.1806 -0.9066
vn -0.1709 -0.0857 0.9815
vn 0.2967 -0.3195 -0.9000
vn -0.2417 -0.1505 -0.9586
vn 0.2249 -0.4407 0.8690
vn 0.4021 -0.8225 -0.4023
vn 0.2233 -0.9747 -0.0000
vn 0.5056 -0.7677 -0.3937
vn 0.7861 -0.6181 -0.0000
vn 0.6109 -0.7917 0.0001
vn 0.2091 -0.9282 0.3079
vn 0.2091 -0.9281 -0.3080
vn 0.3650 -0.6036 -0.7089
vn 0.7856 -0.4700 -0.4024
vn 0.3502 -0.6130 -0.7083
vn 0.2092 -0.9281 -0.3080
vn 0.5202 -0.7704 -0.3686
vn 0.3501 -0.6130 -0.7083
vn 0.0601 -0.2774 -0.9589
vn 0.4845 -0.7806 -0.3947
vn -0.4038 0.5979 0.6925
vn 0.1207 0.2946 0.9480
vn -0.0201 -0.3913 -0.9201
vn 0.2537 -0.3068 -0.9173
vn -0.2481 -0.5874 -0.7703
vn -0.1412 0.3531 0.9249
vn -0.2480 -0.5874 -0.7703
vn 0.3814 -0.1806 0.9066
vn -0.2418 -0.1505 0.9586
vn -0.1709 -0.0857 -0.9816
vn 0.2250 -0.4407 -0.8690
vn 0.4695 -0.8021 -0.3692
vn 0.2542 -0.6661 -0.7013
vn 0.3662 -0.6116 -0.7013
vn 0.6330 -0.7741 -0.0000
vn 0.1756 -0.9152 0.3627
vn 0.1061 -0.3847 0.9169
vn 0.4716 -0.7997 0.3717
vn 0.3576 -0.8505 -0.3858
vn 0.5651 -0.7493 0.3454
vn 0.1115 -0.7294 0.6749
vn 0.2290 -0.2322 0.9453
vn 0.1114 -0.7294 0.6749
vn 0.3053 -0.2696 0.9133
vn -0.1658 -0.1884 -0.9680
vn -0.6136 -0.0485 -0.7881
vn -0.3442 -0.2196 -0.9129
vn 0.5736 -0.1950 0.7956
vn 0.0561 0.0549 0.9969
vn -0.1575 0.2332 0.9596
vn 0.3755 -0.6251 -0.6843
vn -0.1231 -0.6347 -0.7629
vn 0.4780 -0.0648 0.8760
vn 0.0497 -0.5007 -0.8642
vn 0.2776 -0.7256 -0.6296
vn 0.5202 -0.7704 -0.3687
vn 0.0117 -0.3314 -0.9434
vn 0.5123 -0.4638 -0.7228
vn 0.5124 -0.4638 -0.7228
vn 0.2313 -0.6757 -0.7000
vn 0.6156 -0.6912 -0.3786
vn 0.5676 -0.6528 0.5016
vn 0.5677 -0.6528 -0.5016
vn 0.2092 -0.9281 0.3080
vn 0.3501 -0.6130 0.7083
vn 0.4844 -0.7807 0.3948
vn 0.1207 0.2946 -0.9480
vn 0.0260 -0.9255 0.3778
vn -0.3754 -0.8802 -0.2904
vn -0.0562 -0.7204 -0.6913
vn 0.3052 -0.8740 -0.3782
vn 0.6465 -0.7629 -0.0000
vn 0.5537 -0.8327 0.0004
vn 0.2436 -0.8938 0.3766
vn -0.7002 0.6152 -0.3623
vn 0.2437 -0.8938 0.3766
vn 0.4167 -0.5667 0.7107
vn 0.4311 -0.5565 0.7103
vn 0.7826 -0.5171 0.3466
vn 0.1558 -0.7032 0.6938
vn 0.4731 -0.5249 0.7076
vn 0.3606 -0.9311 -0.0552
vn 0.5721 -0.7278 0.3782
vn 0.1758 -0.6754 0.7162
vn 0.4117 -0.7738 -0.4814
vn 0.7826 -0.5171 -0.3465
vn 0.4311 -0.5564 -0.7103
vn 0.2436 -0.8938 -0.3766
vn -0.7002 0.6152 0.3622
vn -0.2803 0.3273 0.9024
vn -0.0210 -0.7495 -0.6617
vn 0.4549 -0.8177 -0.3527
vn 0.0157 0.9678 -0.2511
vn -0.4608 -0.8272 -0.3215
vn 0.3149 0.8770 0.3630
vn -0.2451 0.8990 0.3629
vn 0.5354 -0.7554 -0.3778
vn 0.4557 -0.8132 0.3620
vn -0.4806 0.5167 -0.7085
vn -0.3286 0.8758 -0.3534
vn -0.3349 0.9232 -0.1886
vn -0.0688 0.7079 -0.7030
vn -0.1363 -0.7161 0.6845
vn -0.4455 0.6223 -0.6436
vn 0.3273 -0.8625 0.3858
vn 0.0457 -0.9555 -0.2916
vn -0.0651 0.7392 -0.6704
vn 0.5706 0.3599 -0.7381
vn 0.2463 0.9692 -0.0000
vn -0.0175 0.9833 -0.1811
vn 0.3982 -0.9173 -0.0001
vn -0.3098 0.7916 -0.5266
vn 0.3201 -0.8650 -0.3865
vn -0.2461 0.9692 0.0001
vn 0.0154 -0.4798 -0.8772
vn -0.0986 0.9944 0.0393
vn -0.1914 -0.9087 -0.3710
vn -0.4582 0.8179 0.3481
vn -0.0854 0.2274 -0.9701
vn 0.8352 -0.1212 -0.5363
vn 0.0401 -0.0027 -0.9992
vn -0.0577 -0.2844 -0.9570
vn -0.0124 0.2765 -0.9609
vn -0.3350 0.9232 0.1886
vn -0.4455 0.6224 0.6435
vn 0.1887 -0.2859 -0.9395
vn -0.5901 0.8048 -0.0631
vn 0.4557 -0.8133 -0.3619
vn -0.7822 0.5383 0.3137
vn -0.5901 0.8049 -0.0631
vn 0.7307 -0.5968 -0.3315
vn -0.7539 -0.1226 -0.6454
vn -0.1870 -0.3349 -0.9235
vn 0.7611 0.1474 0.6317
vn -0.7714 -0.2199 -0.5971
vn -0.2695 -0.4332 -0.8601
vn -0.5170 -0.1315 -0.8459
vn -0.5788 -0.4972 -0.6464
vn -0.5550 -0.1364 -0.8206
vn -0.1376 -0.4728 -0.8703
vn -0.5551 -0.1363 -0.8205
vn -0.7684 0.0347 -0.6390
vn 0.7950 0.2865 0.5347
vn -0.2490 -0.1042 -0.9629
vn -0.7471 0.1879 -0.6376
vn 0.6097 -0.4123 -0.6770
vn 0.2119 0.1388 -0.9674
vn 0.6871 -0.6197 -0.3794
vn -0.1983 0.6074 -0.7692
vn 0.3856 0.3922 -0.8352
vn 0.2372 0.1899 -0.9527
vn -0.1574 0.2332 -0.9596
vn -0.3501 0.6129 -0.7083
vn 0.4781 -0.0648 -0.8759
vn -0.0497 0.5006 -0.8643
vn -0.5141 0.7739 -0.3699
vn -0.5147 0.4864 -0.7060
vn -0.1111 0.8481 -0.5180
vn 0.6779 -0.6962 0.2358
vn -0.2924 0.7214 -0.6278
vn -0.0827 0.4496 -0.8894
vn 0.2669 0.6204 -0.7374
vn 0.0909 0.9395 -0.3301
vn -0.3888 -0.9078 0.1573
vn 0.7293 0.3818 -0.5678
vn 0.1602 0.8392 -0.5197
vn 0.1056 -0.9891 0.1026
vn 0.4002 0.8125 -0.4239
vn 0.1988 0.4334 -0.8790
vn 0.0953 0.7937 -0.6007
vn 0.2606 0.4303 -0.8642
vn -0.8505 -0.5018 0.1579
vn 0.8147 0.3455 -0.4658
vn 0.8581 0.4523 0.2431
vn 0.3601 0.5874 -0.7248
vn 0.8580 0.4524 -0.2431
vn -0.9975 0.0593 0.0392
vn 0.7062 0.6084 -0.3620
vn 0.7881 0.1508 -0.5968
vn 0.9657 -0.0883 -0.2444
vn 0.5604 0.1367 -0.8169
vn 0.4004 0.2026 -0.8937
vn 0.6766 -0.2456 -0.6942
vn 0.9414 -0.0989 -0.3226
vn 0.9672 -0.1115 -0.2282
vn 0.7881 0.1508 -0.5969
vn -0.9882 -0.0341 -0.1496
vn 0.4282 0.1747 -0.8866
vn 0.9300 0.2248 -0.2909
vn -0.9098 -0.3173 0.2673
vn -0.9943 -0.1064 -0.0001
vn 0.9996 0.0274 -0.0000
vn -0.7816 -0.0388 -0.6225
vn 0.9299 0.2249 0.2910
vn -0.9376 0.0831 -0.3376
vn 0.9427 -0.0433 0.3308
vn 0.8904 -0.0815 -0.4479
vn 0.9870 0.1610 0.0001
vn -0.9257 0.3540 -0.1335
vn -0.9458 0.0821 0.3143
vn -0.8008 0.4891 0.3456
vn 0.4210 -0.0639 -0.9048
vn 0.8418 -0.4853 -0.2362
vn 0.8845 -0.3699 -0.2842
vn 0.0942 0.1318 -0.9868
vn -0.2335 0.5721 -0.7862
vn 0.3389 0.5692 -0.7491
vn 0.5730 0.1147 -0.8115
vn -0.2923 0.7214 -0.6278
vn 0.0497 -0.5006 -0.8643
vn -0.1082 -0.7545 -0.6473
vn 0.1230 -0.4530 -0.8830
vn 0.3756 -0.7450 -0.5512
vn -0.0961 -0.7831 -0.6144
vn 0.2864 -0.7271 -0.6240
vn 0.2190 -0.9425 -0.2525
vn 0.3184 -0.7357 -0.5978
vn -0.2753 0.9496 0.1497
vn 0.1301 0.9453 0.2990
vn 0.2189 -0.9425 -0.2525
vn -0.1067 -0.9431 -0.3150
vn 0.0284 0.9996 0.0001
vn -0.0880 0.9748 0.2051
vn -0.2684 -0.7961 -0.5424
vn 0.0565 -0.9788 -0.1971
vn 0.3582 0.9053 0.2284
vn -0.6264 -0.6140 -0.4803
vn -0.1824 -0.8492 -0.4956
vn -0.3306 0.9438 0.0079
vn -0.0960 -0.7831 -0.6144
vn 0.4179 -0.6377 -0.6471
vn 0.5302 0.8185 0.2213
vn -0.5519 -0.6450 -0.5285
vn -0.8008 0.4892 -0.3455
vn -0.9481 0.0824 -0.3071
vn 0.8335 -0.3521 -0.4258
vn -0.7861 0.6181 0.0001
vn 0.6157 -0.6911 -0.3786
vn -0.5364 0.7500 0.3870
vn 0.5573 -0.7436 -0.3695
vn 0.2437 -0.8938 -0.3765
vn 0.5195 -0.5113 -0.6846
vn -0.1135 -0.7687 -0.6295
vn 0.0650 -0.3743 -0.9250
vn 0.3134 -0.8742 -0.3709
vn -0.2960 -0.0467 -0.9540
vn -0.2857 -0.0693 -0.9558
vn -0.4860 -0.4858 -0.7266
vn -0.0967 -0.3544 -0.9301
vn -0.0966 -0.3545 -0.9300
vn -0.3313 -0.6873 -0.6464
vn 0.2657 -0.6383 -0.7224
vn -0.0908 -0.3374 -0.9370
vn 0.2657 -0.6383 -0.7225
vn -0.0476 0.9705 0.2362
vn 0.3988 0.7202 0.5677
vn -0.0184 -0.7111 -0.7028
vn -0.4503 -0.3762 -0.8098
vn -0.0401 0.0027 -0.9992
vn -0.2454 0.4770 -0.8439
vn 0.0395 0.0606 -0.9974
vn 0.3010 0.0076 -0.9536
vn 0.0343 0.1635 -0.9859
vn -0.0082 0.0624 -0.9980
vn 0.5812 -0.1455 0.8007
vn -0.1532 0.3837 -0.9106
vn -0.5025 0.5550 -0.6630
vn 0.1096 -0.4137 -0.9038
vn 0.0800 0.0583 -0.9951
vn 0.0141 -0.4104 -0.9118
vn 0.4379 -0.5671 -0.6976
vn 0.5292 -0.0975 -0.8429
vn 0.4609 -0.8406 -0.2846
vn 0.1875 -0.7049 -0.6841
vn -0.0111 -0.9488 -0.3157
vn 0.1758 -0.6755 -0.7161
vn 0.5721 -0.7277 -0.3782
vn -0.4622 0.7982 0.3863
vn -0.0633 0.9696 -0.2364
vn 0.3305 -0.9438 -0.0000
vn 0.4063 0.9138 -0.0000
vn 0.0340 -0.9857 -0.1649
vn -0.4608 -0.8273 0.3214
vn 0.0196 -0.9983 0.0551
vn -0.2451 0.8990 -0.3630
vn 0.0184 0.7112 -0.7028
vn 0.8336 0.2996 -0.4641
vn -0.2412 0.3825 -0.8919
vn 0.0967 0.3544 -0.9301
vn 0.0492 -0.2549 -0.9657
vn 0.0397 0.7276 -0.6848
vn 0.0397 0.7276 -0.6849
vn 0.2755 0.0757 -0.9583
vn -0.0559 0.3658 -0.9290
vn 0.0282 0.5121 -0.8585
vn 0.2358 -0.3998 -0.8858
vn 0.2683 -0.3533 -0.8962
vn 0.5446 -0.7562 -0.3628
vn 0.2583 -0.3321 -0.9072
vn 0.3743 -0.6172 -0.6920
vn -0.2398 0.6817 -0.6913
vn 0.2478 0.1120 -0.9623
vn -0.0800 -0.0583 -0.9951
vn 0.0870 -0.3616 -0.9283
vn -0.4157 0.5717 -0.7074
vn -0.1244 0.3419 -0.9315
vn -0.0248 0.7354 -0.6772
vn 0.3135 -0.8742 0.3708
vn 0.0845 0.0190 -0.9962
vn -0.3554 0.5896 -0.7253
vn -0.2895 0.8759 -0.3861
vn 0.0437 -0.9990 -0.0001
vn 0.0437 -0.9990 -0.0000
vn 0.0879 0.4796 -0.8731
vn -0.0120 0.8776 -0.4792
vn 0.1646 0.5077 -0.8456
vn -0.2551 0.6738 -0.6934
vn -0.2562 0.3230 -0.9111
vn -0.4653 0.8334 -0.2982
vn -0.5849 0.4564 -0.6705
vn -0.1325 0.7071 -0.6946
vn 0.4875 -0.8731 -0.0000
vn 0.2339 -0.3275 -0.9154
vn -0.2503 0.2766 -0.9278
vn -0.0816 -0.4730 -0.8773
vn 0.2551 -0.6738 -0.6934
vn 0.2542 -0.6660 -0.7013
vn -0.4652 0.8335 0.2981
vn -0.5848 0.4565 0.6706
vn 0.4695 -0.8020 -0.3692
vn 0.4875 -0.8731 0.0001
vn -0.3835 0.9214 -0.0631
vn 0.1755 -0.9153 -0.3626
vn 0.1061 -0.3847 -0.9169
vn 0.4702 -0.7973 -0.3784
vn -0.6414 0.7672 0.0001
vn -0.4657 0.8850 -0.0000
vn 0.8502 -0.5265 -0.0000
vn -0.5573 0.7436 -0.3695
vn -0.5824 0.3842 -0.7164
vn -0.8806 0.3386 -0.3316
vn -0.5364 0.7501 -0.3869
vn -0.8014 0.5947 -0.0630
vn -0.7470 0.1880 -0.6376
vn -0.5339 0.1364 -0.8345
vn -0.2285 -0.1968 -0.9534
vn -0.6095 -0.2071 -0.7653
vn -0.7940 0.2378 -0.5594
vn -0.4016 0.2173 -0.8896
vn -0.2475 -0.3494 -0.9037
vn 0.3244 -0.4678 -0.8222
vn 0.1865 0.5172 -0.8353
vn -0.1875 0.7049 -0.6841
vn -0.3565 0.8479 -0.3924
vn 0.3814 -0.1807 -0.9066
vn 0.2966 -0.3195 -0.9000
vn -0.1142 0.9935 0.0001
vn -0.7080 0.5580 0.4329
vn 0.3651 -0.6035 -0.7089
vn 0.3502 -0.6129 -0.7083
vn 0.2092 -0.9281 -0.3079
vn 0.3501 -0.6129 -0.7083
vn 0.7856 -0.4700 -0.4023
vn 0.0601 -0.2775 -0.9588
vn 0.0591 -0.7546 -0.6535
vn -0.0201 -0.3912 -0.9201
vn 0.0591 -0.7546 -0.6536
vn 0.1875 -0.7049 -0.6840
vn -0.2020 -0.1534 -0.9673
vn -0.3189 0.4346 -0.8423
vn 0.2250 -0.4406 -0.8690
vn 0.3682 -0.9297 0.0001
vn -0.6887 0.7251 -0.0000
vn 0.3661 -0.6117 -0.7013
vn 0.6330 -0.7741 0.0001
vn 0.1755 -0.9152 0.3627
vn 0.3575 -0.8505 -0.3858
vn -0.5695 0.7310 -0.3758
vn 0.4716 -0.7996 0.3718
vn -0.2272 0.6394 -0.7345
vn -0.2551 0.6738 -0.6935
vn -0.1498 0.1781 -0.9725
vn -0.2775 0.3044 -0.9112
vn -0.2069 0.3064 -0.9291
vn 0.1359 -0.4287 -0.8932
vn -0.1230 -0.6347 -0.7629
vn 0.2559 -0.1896 -0.9479
vn -0.5953 0.7809 0.1893
vn -0.1110 0.8482 0.5180
vn 0.2257 -0.9369 -0.2670
vn -0.5912 0.6997 -0.4010
vn -0.5859 0.7169 0.3778
vn -0.3389 0.8920 0.2990
vn -0.4666 0.7161 -0.5191
vn 0.7929 -0.6094 -0.0000
vn -0.2923 0.9563 -0.0000
vn 0.5676 -0.6529 -0.5016
vn 0.6193 -0.7851 0.0078
vn 0.2091 -0.9281 0.3079
vn -0.2045 0.4096 -0.8891
vn -0.3818 0.8604 -0.3376
vn -0.4576 0.8856 -0.0787
vn 0.0591 -0.7546 0.6535
vn 0.1208 0.2946 -0.9480
vn -0.1001 0.9465 -0.3067
vn -0.3754 -0.8802 -0.2903
vn 0.3720 -0.8406 -0.3937
vn -0.2428 0.8828 0.4021
vn 0.2294 0.9208 0.3155
vn 0.3721 -0.8406 -0.3936
vn 0.3052 -0.8739 -0.3782
vn -0.4875 0.8732 -0.0000
vn -0.0284 -0.9996 0.0001
vn -0.1376 0.9905 -0.0000
vn -0.3646 0.8479 -0.3850
vn -0.2802 0.3274 -0.9024
vn 0.5741 -0.8188 -0.0001
vn -0.4239 0.8161 -0.3929
vn -0.3647 0.8478 -0.3851
vn -0.1875 0.7049 -0.6840
vn -0.0572 0.4372 -0.8976
vn -0.0981 0.9303 -0.3536
vn -0.0110 -0.9488 0.3158
vn 0.2923 -0.9563 0.0001
vn -0.5235 0.7817 -0.3388
vn 0.4311 -0.5565 -0.7103
vn -0.3646 0.8478 0.3851
vt 34.104198 -25.029699
vt 34.061100 -25.062700
vt 34.108601 -25.035900
vt 33.937599 -25.084101
vt 34.065201 -25.091000
vt 34.062401 -25.084101
vt 34.064301 -25.081699
vt 34.111301 -25.034700
vt 34.105999 -25.029400
vt 34.148499 -24.997400
vt 34.153999 -25.002600
vt 34.069500 -25.087200
vt 34.157501 -24.998800
vt 34.150501 -24.995800
vt 34.062199 -24.771200
vt 34.090900 -24.846399
vt 34.067799 -24.766300
vt 34.104599 -24.819599
vt 34.153999 -24.864100
vt 34.109901 -24.814199
vt 34.148602 -24.869200
vt 34.065300 -24.776100
vt 33.934700 -24.776100
vt 34.062302 -24.783001
vt 33.937698 -24.783001
vt 33.849499 -24.871201
vt 33.851398 -24.869200
vt 33.895401 -24.819599
vt 33.846001 -24.864100
vt 33.890099 -24.814199
vt 33.842499 -24.868299
vt 33.849499 -24.995800
vt 33.932201 -24.766300
vt 33.909100 -24.846399
vt 33.937801 -24.771200
vt 34.010399 -25.219601
vt 34.005199 -25.222099
vt 34.011600 -25.220900
vt 34.006001 -25.220100
vt 34.016701 -25.193501
vt 34.010899 -25.219400
vt 34.006001 -25.217199
vt 34.004799 -25.217100
vt 34.021000 -25.183001
vt 34.013802 -25.217100
vt 34.043999 -25.163500
vt 34.041901 -25.166800
vt 34.019699 -25.218599
vt 34.021801 -25.183901
vt 34.021702 -25.180300
vt 34.042801 -25.162701
vt 34.039902 -25.104401
vt 34.041199 -25.099199
vt 33.919102 -25.064800
vt 33.932598 -24.998699
vt 33.926800 -24.995800
vt 33.925999 -25.066401
vt 33.933201 -24.997299
vt 33.926800 -25.068600
vt 33.934200 -25.000601
vt 33.919601 -25.070400
vt 33.931999 -25.129400
vt 33.926800 -25.069901
vt 33.939201 -25.128201
vt 33.933399 -25.133301
vt 33.954300 -25.183599
vt 33.940601 -25.131201
vt 33.947300 -25.186501
vt 33.951302 -25.191500
vt 33.977501 -25.206699
vt 33.956501 -25.186300
vt 33.972599 -25.212299
vt 33.998600 -25.228201
vt 33.994499 -25.235201
vt 33.997601 -25.235500
vt 33.990898 -25.233700
vt 33.993999 -25.226801
vt 33.989601 -25.226400
vt 33.986500 -25.233200
vt 33.993999 -25.233601
vt 33.996601 -25.227100
vt 33.993500 -25.226000
vt 33.990398 -25.231701
vt 33.988400 -25.226200
vt 33.991501 -25.223499
vt 33.988400 -25.224701
vt 33.987000 -25.228500
vt 33.988400 -25.221300
vt 33.982700 -25.226000
vt 33.976002 -25.203400
vt 33.969501 -25.206499
vt 33.992699 -25.225000
vt 33.996601 -25.225599
vt 33.993401 -25.223900
vt 33.991798 -25.227501
vt 33.994202 -25.223101
vt 33.994801 -25.222099
vt 34.000000 -25.227699
vt 33.988400 -25.220900
vt 33.991299 -25.222500
vt 33.998600 -25.224501
vt 33.996601 -25.221701
vt 34.000000 -25.220900
vt 34.001400 -25.224501
vt 34.003399 -25.221701
vt 34.003601 -25.219601
vt 34.001801 -25.221300
vt 33.998199 -25.221300
vt 33.996399 -25.219601
vt 33.995201 -25.217100
vt 34.000000 -25.218700
vt 33.989601 -25.219601
vt 33.993999 -25.220100
vt 33.993999 -25.217199
vt 33.983299 -25.193501
vt 33.989101 -25.219400
vt 33.979000 -25.183001
vt 33.986198 -25.217100
vt 33.978199 -25.183901
vt 33.980301 -25.218599
vt 33.956001 -25.163500
vt 33.958099 -25.166800
vt 33.978298 -25.180300
vt 33.957199 -25.162701
vt 33.960098 -25.104401
vt 33.958801 -25.099199
vt 33.981998 -25.148199
vt 33.982899 -25.152300
vt 33.980598 -25.182699
vt 33.994301 -25.212500
vt 33.998299 -25.178301
vt 34.000000 -25.177900
vt 34.000000 -25.189501
vt 33.996899 -25.216499
vt 34.003101 -25.216499
vt 34.005699 -25.212500
vt 34.019402 -25.182699
vt 34.017101 -25.152300
vt 34.018002 -25.148199
vt 34.001701 -25.178301
vt 34.000000 -25.175100
vt 34.016399 -25.148100
vt 34.000000 -25.092501
vt 34.000000 -25.086901
vt 33.983601 -25.148100
vt 33.981602 -25.144400
vt 33.998501 -25.087299
vt 33.970501 -25.036699
vt 33.969898 -25.033001
vt 33.960300 -25.098900
vt 33.963699 -25.031000
vt 33.953602 -25.094200
vt 33.968899 -25.033899
vt 33.958302 -25.096701
vt 33.927898 -25.067801
vt 33.928001 -25.071501
vt 33.948399 -25.159300
vt 33.958099 -25.100201
vt 33.952599 -25.098600
vt 33.955002 -25.160299
vt 33.949100 -25.166401
vt 33.962101 -25.195900
vt 33.956100 -25.164200
vt 33.968800 -25.193199
vt 33.964001 -25.199900
vt 33.986301 -25.223600
vt 33.970402 -25.196400
vt 33.980099 -25.228001
vt 34.013699 -25.223600
vt 34.035999 -25.199900
vt 34.029598 -25.196400
vt 34.019901 -25.228001
vt 34.010399 -25.226400
vt 34.009102 -25.233700
vt 34.013500 -25.233200
vt 34.006001 -25.226801
vt 34.001400 -25.228201
vt 34.002399 -25.235500
vt 34.005501 -25.235201
vt 34.006001 -25.233601
vt 34.006500 -25.226000
vt 34.003399 -25.227100
vt 34.009602 -25.231701
vt 34.008499 -25.223499
vt 34.011600 -25.226200
vt 34.011600 -25.224701
vt 34.013000 -25.228500
vt 34.011600 -25.221300
vt 34.017300 -25.226000
vt 34.023998 -25.203400
vt 34.030499 -25.206499
vt 34.003399 -25.225599
vt 34.007301 -25.225000
vt 34.006599 -25.223900
vt 34.008202 -25.227501
vt 34.005798 -25.223101
vt 34.008701 -25.222500
vt 34.018398 -25.144400
vt 34.039700 -25.098900
vt 34.029499 -25.036699
vt 34.030102 -25.033001
vt 34.001499 -25.087299
vt 34.028500 -25.033100
vt 34.000000 -25.084101
vt 34.000000 -24.977200
vt 34.000000 -24.973499
vt 33.971500 -25.033100
vt 33.953201 -24.924000
vt 33.998402 -24.974100
vt 33.934898 -24.996799
vt 33.927898 -24.991899
vt 33.951698 -24.922899
vt 33.946098 -24.918501
vt 33.933102 -24.995899
vt 34.092602 -25.000700
vt 34.074600 -25.059500
vt 34.099300 -25.004400
vt 34.145901 -24.978100
vt 34.093498 -25.026699
vt 34.151501 -24.983101
vt 34.088299 -25.021400
vt 34.112598 -25.031900
vt 34.147499 -24.976999
vt 34.106499 -25.027500
vt 34.157501 -24.868299
vt 34.150501 -24.871201
vt 34.147301 -24.857500
vt 34.130299 -24.935301
vt 34.154701 -24.857500
vt 34.123100 -24.935301
vt 34.103298 -24.993900
vt 34.113499 -25.063101
vt 34.110802 -24.994499
vt 34.120399 -25.065100
vt 34.068001 -25.113100
vt 34.117901 -25.070400
vt 34.112499 -25.065399
vt 34.073200 -25.118500
vt 33.934799 -25.091000
vt 33.891399 -25.035900
vt 33.938900 -25.062700
vt 33.895802 -25.029699
vt 33.842499 -24.998800
vt 33.935699 -25.081699
vt 33.888699 -25.034700
vt 33.930500 -25.087200
vt 33.894001 -25.029400
vt 33.846001 -25.002600
vt 33.851501 -24.997400
vt 33.852501 -24.976999
vt 33.887402 -25.031900
vt 33.893501 -25.027500
vt 33.848499 -24.983101
vt 33.906502 -25.026699
vt 33.854099 -24.978100
vt 33.911701 -25.021400
vt 33.852699 -24.857500
vt 33.869701 -24.935301
vt 33.876900 -24.935301
vt 33.845299 -24.857500
vt 33.889198 -24.994499
vt 33.886501 -25.063101
vt 33.896702 -24.993900
vt 33.879601 -25.065100
vt 33.900700 -25.004400
vt 33.925400 -25.059500
vt 33.907398 -25.000700
vt 33.909401 -25.028099
vt 33.960701 -25.052401
vt 33.913700 -25.021999
vt 34.079399 -24.922600
vt 34.113499 -24.979700
vt 34.120399 -24.976500
vt 34.073502 -24.927200
vt 33.886501 -24.979700
vt 33.920601 -24.922600
vt 33.879601 -24.976500
vt 33.926498 -24.927200
vt 34.046799 -24.924000
vt 34.001598 -24.974100
vt 34.066799 -24.997299
vt 34.065102 -24.996799
vt 34.073200 -25.068600
vt 34.065800 -25.000601
vt 34.041698 -25.096701
vt 34.072102 -25.067801
vt 34.031101 -25.033899
vt 34.046398 -25.094200
vt 34.036301 -25.031000
vt 34.071999 -25.071501
vt 34.041901 -25.100201
vt 34.051601 -25.159300
vt 34.047401 -25.098600
vt 34.044998 -25.160299
vt 34.043900 -25.164200
vt 34.037899 -25.195900
vt 34.050900 -25.166401
vt 34.031200 -25.193199
vt 33.924801 -25.118500
vt 33.898300 -25.058599
vt 33.917999 -25.121799
vt 33.905602 -25.056700
vt 33.886200 -24.982401
vt 33.897301 -25.054701
vt 33.904701 -25.054001
vt 33.878700 -24.982700
vt 34.019100 -25.200701
vt 34.046799 -25.169100
vt 34.042400 -25.163500
vt 34.049801 -25.167101
vt 34.079102 -25.125299
vt 34.044498 -25.161900
vt 34.073002 -25.120701
vt 34.082001 -25.121799
vt 34.101700 -25.058599
vt 34.075199 -25.118500
vt 34.094398 -25.056700
vt 34.102699 -25.054701
vt 34.113800 -24.982401
vt 34.095299 -25.054001
vt 34.121300 -24.982700
vt 34.048302 -24.922899
vt 34.072102 -24.991899
vt 34.053902 -24.918501
vt 34.066898 -24.995899
vt 34.067402 -24.998699
vt 34.080898 -25.064800
vt 34.073200 -24.995800
vt 34.074001 -25.066401
vt 34.073200 -25.069901
vt 34.068001 -25.129400
vt 34.080399 -25.070400
vt 34.060799 -25.128201
vt 34.059399 -25.131201
vt 34.045700 -25.183599
vt 34.066601 -25.133301
vt 34.052700 -25.186501
vt 34.022499 -25.206699
vt 34.048698 -25.191500
vt 34.043499 -25.186300
vt 34.027401 -25.212299
vt 33.953201 -25.169100
vt 33.980900 -25.200701
vt 33.957600 -25.163500
vt 33.955502 -25.161900
vt 33.920898 -25.125299
vt 33.950199 -25.167101
vt 33.926998 -25.120701
vt 34.086300 -25.021999
vt 34.039299 -25.052401
vt 34.090599 -25.028099
vt 33.882099 -25.070400
vt 33.931999 -25.113100
vt 33.887501 -25.065399
vt 33.926800 -25.118500
vt 33.775101 -25.061100
vt 33.704201 -25.000000
vt 33.703999 -25.001600
vt 33.634201 -25.062300
vt 33.706402 -25.105900
vt 33.706402 -25.104200
vt 33.777302 -25.060900
vt 33.631901 -25.062401
vt 33.631901 -24.937599
vt 33.634201 -24.937700
vt 33.634800 -25.064301
vt 33.703701 -25.106001
vt 33.632301 -25.150499
vt 33.634899 -25.148500
vt 33.989300 -25.041500
vt 34.069599 -25.078400
vt 34.073002 -25.078100
vt 33.887199 -25.090700
vt 33.986401 -25.041901
vt 33.887600 -25.088400
vt 33.814301 -25.063299
vt 33.983101 -25.039200
vt 33.884201 -25.084000
vt 33.893799 -25.000000
vt 33.893799 -25.002501
vt 33.809101 -25.063801
vt 33.798500 -25.146200
vt 33.884102 -25.090900
vt 33.881001 -25.086000
vt 33.800098 -25.151100
vt 33.799702 -25.154200
vt 33.720600 -25.109501
vt 33.717499 -25.109900
vt 33.808899 -25.067801
vt 33.804001 -25.063801
vt 33.717300 -25.107401
vt 33.635799 -25.065201
vt 33.719700 -25.000000
vt 33.719601 -25.002701
vt 33.632599 -25.065300
vt 33.714802 -25.109900
vt 33.633900 -25.069099
vt 33.633801 -25.153999
vt 33.633801 -24.939899
vt 33.632599 -24.934700
vt 33.633801 -25.060101
vt 33.716900 -25.000000
vt 33.635799 -24.934799
vt 33.719601 -24.997299
vt 33.804001 -24.936199
vt 33.809101 -24.936199
vt 33.722900 -25.000000
vt 33.809200 -25.058701
vt 33.890598 -25.000000
vt 33.809200 -24.941299
vt 33.717499 -24.890100
vt 33.717300 -24.892599
vt 33.633801 -24.846001
vt 33.633900 -24.930901
vt 33.714802 -24.890100
vt 33.709702 -24.843599
vt 33.635201 -24.849501
vt 33.709202 -24.851101
vt 33.633900 -24.842100
vt 33.635899 -24.842600
vt 33.711800 -24.851900
vt 33.712002 -24.844400
vt 33.795101 -24.845699
vt 33.799702 -24.845800
vt 33.795898 -24.852600
vt 33.635101 -24.849501
vt 33.720600 -24.890499
vt 33.884102 -24.909100
vt 33.887199 -24.909300
vt 33.798500 -24.853800
vt 33.800098 -24.848900
vt 33.881001 -24.914000
vt 33.808899 -24.932199
vt 33.884201 -24.916000
vt 33.983101 -24.960800
vt 33.887600 -24.911600
vt 33.814301 -24.936701
vt 33.986401 -24.958099
vt 33.893799 -24.997499
vt 34.355999 -25.010401
vt 34.362499 -25.009300
vt 34.356499 -25.006001
vt 34.362598 -25.013700
vt 34.335098 -25.029400
vt 34.358200 -25.019699
vt 34.353699 -25.013800
vt 34.355301 -25.026199
vt 34.335499 -25.042801
vt 34.341499 -25.047300
vt 34.349300 -25.021700
vt 34.269199 -24.926001
vt 34.186600 -24.898300
vt 34.184502 -24.905600
vt 34.271801 -24.919100
vt 34.239601 -24.925900
vt 34.286301 -24.931999
vt 34.241299 -24.918600
vt 34.284100 -24.939199
vt 34.260300 -24.955700
vt 34.302898 -24.947300
vt 34.258701 -24.949699
vt 34.303501 -24.954300
vt 34.262501 -24.957399
vt 34.306000 -24.955299
vt 34.258999 -24.956100
vt 34.304901 -24.956499
vt 34.314201 -24.977501
vt 34.316399 -24.978300
vt 34.288399 -24.982000
vt 34.285099 -24.981300
vt 34.309101 -25.000000
vt 34.309700 -24.998400
vt 34.338001 -24.994400
vt 34.341702 -24.995199
vt 34.315899 -24.979900
vt 34.347301 -24.988400
vt 34.325001 -24.982800
vt 34.348301 -24.994900
vt 34.342300 -24.993900
vt 34.344398 -24.986300
vt 34.344799 -24.996401
vt 34.346600 -25.000000
vt 34.347198 -24.998199
vt 34.351002 -24.998600
vt 34.355000 -25.000000
vt 34.347801 -24.996700
vt 34.345901 -24.989599
vt 34.346600 -24.993999
vt 34.349098 -24.991301
vt 34.349800 -24.994101
vt 34.352699 -24.996599
vt 34.351101 -24.993500
vt 34.352600 -24.992701
vt 34.355000 -24.996599
vt 34.354801 -24.987000
vt 34.348400 -24.988400
vt 34.351501 -24.991501
vt 34.352100 -24.982700
vt 34.353500 -24.988400
vt 34.355301 -24.988400
vt 34.355099 -24.991301
vt 34.354099 -24.993401
vt 34.356800 -24.994801
vt 34.355400 -24.994200
vt 34.356602 -25.001400
vt 34.363201 -25.005699
vt 34.362801 -25.002501
vt 34.356602 -24.998600
vt 34.362801 -24.997499
vt 34.363201 -24.994301
vt 34.355999 -24.989599
vt 34.362499 -24.990700
vt 34.362598 -24.986300
vt 34.356499 -24.993999
vt 34.358200 -24.980301
vt 34.335098 -24.970600
vt 34.353699 -24.986200
vt 34.335499 -24.957199
vt 34.355301 -24.973801
vt 34.341499 -24.952801
vt 34.349300 -24.978300
vt 34.365799 -25.000000
vt 34.360600 -24.996901
vt 34.358501 -25.000000
vt 34.360600 -25.003099
vt 34.272301 -24.927900
vt 34.310001 -24.958300
vt 34.277302 -24.923201
vt 34.315399 -24.953600
vt 34.332600 -24.955000
vt 34.290100 -24.933701
vt 34.287601 -24.940800
vt 34.336300 -24.948500
vt 34.307098 -24.955500
vt 34.334499 -24.962099
vt 34.309101 -24.948400
vt 34.332100 -24.968800
vt 34.308601 -24.957199
vt 34.344799 -24.980101
vt 34.317799 -24.977699
vt 34.308601 -25.042801
vt 34.316399 -25.021700
vt 34.306000 -25.044701
vt 34.344398 -25.013700
vt 34.317799 -25.022301
vt 34.344799 -25.019899
vt 34.347301 -25.011600
vt 34.325001 -25.017200
vt 34.345901 -25.010401
vt 34.346600 -25.006001
vt 34.348301 -25.005100
vt 34.342300 -25.006100
vt 34.341702 -25.004801
vt 34.344501 -25.000000
vt 34.341301 -25.003099
vt 34.319199 -25.000000
vt 34.341301 -24.996901
vt 34.344799 -25.003599
vt 34.347198 -25.001801
vt 34.347801 -25.003300
vt 34.351002 -25.001400
vt 34.352699 -25.003401
vt 34.349800 -25.005899
vt 34.349098 -25.008699
vt 34.351101 -25.006500
vt 34.352600 -25.007299
vt 34.348400 -25.011600
vt 34.354801 -25.013000
vt 34.351501 -25.008499
vt 34.352100 -25.017300
vt 34.353500 -25.011600
vt 34.355301 -25.011600
vt 34.355099 -25.008699
vt 34.354099 -25.006599
vt 34.355000 -25.003401
vt 34.356800 -25.005199
vt 34.355400 -25.005800
vt 34.238201 -25.000000
vt 34.300400 -25.032499
vt 34.300301 -25.027901
vt 34.300301 -24.972099
vt 34.300400 -24.967501
vt 34.235001 -25.000000
vt 34.296600 -24.966801
vt 34.234798 -24.997499
vt 34.181702 -24.950399
vt 34.177502 -24.950001
vt 34.220600 -24.927999
vt 34.221199 -24.930401
vt 34.216801 -24.934900
vt 34.292000 -24.969700
vt 34.076302 -24.922001
vt 34.175900 -24.946100
vt 34.146099 -24.882299
vt 34.213600 -24.933100
vt 34.217602 -24.927900
vt 34.143299 -24.887300
vt 34.144699 -24.879101
vt 34.014400 -25.074301
vt 33.930901 -25.038900
vt 34.010799 -25.074600
vt 33.931198 -25.040001
vt 34.008999 -25.079901
vt 33.857498 -25.087700
vt 33.853600 -25.087900
vt 33.947201 -25.093800
vt 33.946800 -25.092600
vt 33.943699 -25.094801
vt 33.855400 -25.094299
vt 33.944801 -25.101700
vt 33.854099 -25.088400
vt 33.788601 -25.146500
vt 33.791000 -25.153000
vt 33.850899 -25.088301
vt 33.785801 -25.147301
vt 33.785702 -25.145901
vt 33.709301 -25.105600
vt 33.634602 -25.150499
vt 33.706200 -25.106501
vt 33.707001 -25.112600
vt 33.783501 -25.147499
vt 33.783100 -25.154499
vt 33.636101 -25.157301
vt 33.785999 -25.147200
vt 33.715099 -25.156000
vt 33.787201 -25.154699
vt 33.868301 -25.130301
vt 33.633900 -25.157900
vt 33.709702 -25.156401
vt 33.635201 -25.150499
vt 33.709202 -25.148899
vt 33.635899 -25.157400
vt 33.711800 -25.148100
vt 33.635101 -25.150499
vt 33.712002 -25.155600
vt 33.795898 -25.147400
vt 33.795101 -25.154301
vt 33.714901 -25.148399
vt 33.866001 -25.123100
vt 33.804501 -25.152901
vt 33.869400 -25.121799
vt 33.801201 -25.146400
vt 33.871799 -25.129000
vt 33.966801 -25.094700
vt 33.969200 -25.101400
vt 33.971802 -25.100500
vt 33.947601 -25.093700
vt 33.873001 -25.122101
vt 33.947701 -25.101000
vt 34.039600 -25.104300
vt 33.874401 -25.129499
vt 34.039600 -25.111900
vt 34.012501 -25.080900
vt 34.096199 -25.113501
vt 34.014900 -25.074900
vt 34.093899 -25.120399
vt 34.099098 -25.113899
vt 34.017399 -25.074200
vt 34.098499 -25.112499
vt 34.067001 -25.053499
vt 34.147400 -25.068001
vt 34.068699 -25.048100
vt 34.146702 -25.073200
vt 34.150299 -25.067801
vt 34.068199 -25.047100
vt 34.071301 -25.046801
vt 34.136299 -25.000000
vt 34.136700 -25.001499
vt 34.150101 -25.066299
vt 33.634602 -24.940399
vt 33.634602 -25.059601
vt 33.701401 -25.000000
vt 33.703999 -24.998400
vt 33.775101 -24.938900
vt 33.706402 -24.894100
vt 33.706402 -24.895800
vt 33.777302 -24.939100
vt 33.707001 -25.000000
vt 33.634800 -24.935699
vt 33.703701 -24.893999
vt 33.632301 -24.849501
vt 33.634899 -24.851500
vt 33.634602 -24.849501
vt 33.707001 -24.887400
vt 33.706200 -24.893499
vt 33.636101 -24.842699
vt 33.783100 -24.845501
vt 33.783501 -24.852501
vt 33.709301 -24.894400
vt 33.785801 -24.852699
vt 33.785702 -24.854099
vt 33.850899 -24.911699
vt 33.853600 -24.912100
vt 33.943699 -24.905199
vt 33.855400 -24.905701
vt 33.854099 -24.911600
vt 33.788601 -24.853500
vt 33.791000 -24.847000
vt 33.944801 -24.898300
vt 33.947201 -24.906200
vt 33.785999 -24.852800
vt 33.868301 -24.869699
vt 33.787201 -24.845301
vt 33.715099 -24.844000
vt 33.866001 -24.876900
vt 33.714901 -24.851601
vt 33.801201 -24.853600
vt 33.869400 -24.878201
vt 33.804501 -24.847099
vt 33.966801 -24.905300
vt 33.871799 -24.871000
vt 33.969200 -24.898600
vt 33.971802 -24.899500
vt 33.947701 -24.899000
vt 33.873001 -24.877899
vt 33.947601 -24.906300
vt 34.039600 -24.895700
vt 33.874401 -24.870501
vt 34.039600 -24.888100
vt 34.096199 -24.886499
vt 34.012501 -24.919100
vt 34.014900 -24.925100
vt 34.093899 -24.879601
vt 33.857498 -24.912300
vt 33.946800 -24.907400
vt 34.008999 -24.920099
vt 33.931198 -24.959999
vt 34.010799 -24.925400
vt 33.930901 -24.961100
vt 34.014400 -24.925699
vt 33.927399 -24.960699
vt 33.853500 -24.913700
vt 33.779999 -24.939301
vt 33.847198 -25.000000
vt 33.847401 -24.998501
vt 33.777302 -24.940800
vt 33.844501 -25.000000
vt 33.777302 -25.059200
vt 34.043400 -25.110701
vt 34.139702 -25.113501
vt 34.043800 -25.103300
vt 34.139500 -25.120399
vt 33.974800 -25.101000
vt 33.974098 -25.094000
vt 34.144699 -25.120899
vt 33.972301 -25.098900
vt 34.067799 -25.073000
vt 33.970501 -25.092501
vt 33.888199 -25.085199
vt 33.890999 -25.090599
vt 33.988701 -25.043699
vt 34.139500 -24.879601
vt 34.043400 -24.889299
vt 34.139702 -24.886499
vt 34.043800 -24.896700
vt 33.974800 -24.899000
vt 33.974098 -24.906000
vt 34.073002 -24.921900
vt 33.972301 -24.901100
vt 33.888199 -24.914801
vt 33.970501 -24.907499
vt 34.067799 -24.927000
vt 34.069599 -24.921600
vt 33.890999 -24.909401
vt 33.989300 -24.958500
vt 33.988701 -24.956301
vt 34.085400 -25.000000
vt 33.992802 -24.958200
vt 34.073299 -24.924200
vt 34.171799 -24.950199
vt 34.084999 -24.997499
vt 34.177502 -25.049999
vt 34.231899 -25.000000
vt 34.177399 -25.045000
vt 34.088799 -25.000000
vt 34.177399 -24.955000
vt 34.181702 -25.049601
vt 34.296600 -25.033199
vt 34.234798 -25.002501
vt 34.220600 -25.072001
vt 34.221199 -25.069599
vt 34.292000 -25.030300
vt 34.216801 -25.065100
vt 34.277302 -25.076799
vt 34.310001 -25.041700
vt 34.272301 -25.072100
vt 34.315399 -25.046400
vt 34.290100 -25.066299
vt 34.332600 -25.045000
vt 34.287601 -25.059200
vt 34.336300 -25.051500
vt 34.334499 -25.037901
vt 34.307098 -25.044600
vt 34.309101 -25.051600
vt 34.332100 -25.031200
vt 34.235901 -24.924801
vt 34.150799 -24.925800
vt 34.151100 -24.931601
vt 34.235802 -24.917999
vt 34.182400 -24.897301
vt 34.099701 -24.886299
vt 34.180801 -24.904699
vt 34.100300 -24.878799
vt 34.211399 -25.031601
vt 34.214802 -25.031099
vt 34.140400 -25.000000
vt 34.214802 -24.968901
vt 34.214600 -25.029499
vt 34.214600 -24.970501
vt 34.244499 -25.000000
vt 34.247101 -25.000000
vt 34.217499 -24.969101
vt 34.217499 -25.030899
vt 34.247601 -25.001499
vt 34.258598 -25.042400
vt 34.258999 -25.043900
vt 34.256500 -25.044500
vt 34.215302 -25.032101
vt 34.255100 -25.049801
vt 34.154400 -25.067101
vt 34.238899 -25.074200
vt 34.237999 -25.073000
vt 34.150799 -25.074200
vt 34.235901 -25.075199
vt 34.151100 -25.068399
vt 34.235802 -25.082001
vt 34.100300 -25.121201
vt 34.182400 -25.102699
vt 34.099701 -25.113701
vt 34.180801 -25.095301
vt 33.897800 -25.000000
vt 33.989300 -25.038900
vt 34.081902 -25.000000
vt 33.989300 -24.961100
vt 33.992802 -25.041800
vt 34.073299 -25.075800
vt 34.171799 -25.049801
vt 34.084999 -25.002501
vt 34.076302 -25.077999
vt 34.175900 -25.053900
vt 34.213600 -25.066900
vt 34.146099 -25.117701
vt 34.217602 -25.072100
vt 34.143299 -25.112700
vt 34.186600 -25.101700
vt 34.269199 -25.073999
vt 34.184502 -25.094400
vt 34.271801 -25.080900
vt 34.241299 -25.081400
vt 34.286301 -25.068001
vt 34.239601 -25.074100
vt 34.284100 -25.060801
vt 34.258701 -25.050301
vt 34.302898 -25.052700
vt 34.260300 -25.044300
vt 34.303501 -25.045700
vt 34.262501 -25.042601
vt 34.285099 -25.018700
vt 34.282600 -25.019100
vt 34.304901 -25.043501
vt 34.314201 -25.022499
vt 34.288399 -25.018000
vt 34.315899 -25.020100
vt 34.338001 -25.005600
vt 34.309700 -25.001600
vt 34.306702 -25.000000
vt 34.285000 -25.017099
vt 34.250702 -25.000000
vt 34.285000 -24.982901
vt 34.282600 -24.980900
vt 34.247601 -24.998501
vt 34.258598 -24.957600
vt 34.255100 -24.950199
vt 34.215302 -24.967899
vt 34.256500 -24.955500
vt 34.150299 -24.932199
vt 34.154400 -24.932899
vt 34.238899 -24.925800
vt 34.237999 -24.927000
vt 33.779999 -25.060699
vt 33.847401 -25.001499
vt 33.927399 -25.039301
vt 33.853500 -25.086300
vt 33.930901 -25.037300
vt 33.851002 -25.000000
vt 33.998699 -25.000000
vt 33.930901 -24.962700
vt 34.002300 -25.000000
vt 33.934299 -24.960899
vt 34.014198 -24.927299
vt 34.065601 -24.952999
vt 34.002499 -24.998400
vt 34.068199 -24.952900
vt 34.017399 -24.925800
vt 34.099098 -24.886101
vt 34.098499 -24.887501
vt 34.147400 -24.931999
vt 34.067001 -24.946501
vt 34.068699 -24.951900
vt 34.146702 -24.926800
vt 34.071301 -24.953199
vt 34.150101 -24.933701
vt 34.211399 -24.968399
vt 34.136700 -24.998501
vt 34.133400 -25.000000
vt 34.068298 -24.954599
vt 34.005299 -25.000000
vt 34.068298 -25.045401
vt 34.065601 -25.047001
vt 34.002499 -25.001600
vt 33.934299 -25.039101
vt 34.014198 -25.072701
vt 34.224998 -25.069799
vt 34.292702 -25.035900
vt 34.224899 -25.062700
vt 34.365799 -25.083799
vt 34.363701 -25.090500
vt 34.293598 -25.029100
vt 34.222698 -25.062500
vt 34.368099 -25.084101
vt 34.365200 -25.081699
vt 34.365101 -24.997400
vt 34.296299 -25.029400
vt 34.367699 -24.995800
vt 34.016899 -24.871500
vt 34.112400 -24.846201
vt 34.013599 -24.865200
vt 34.115799 -24.851400
vt 34.189701 -24.771400
vt 34.185699 -24.765600
vt 34.013500 -24.873400
vt 34.116001 -24.851999
vt 34.118999 -24.851299
vt 34.192501 -24.769800
vt 34.282398 -24.819401
vt 34.279400 -24.819799
vt 34.199902 -24.849001
vt 34.201500 -24.854601
vt 34.279400 -24.814400
vt 34.192600 -24.771200
vt 34.282700 -24.812700
vt 34.195000 -24.770000
vt 34.282501 -24.818701
vt 34.364700 -24.782900
vt 34.195999 -24.763100
vt 34.364201 -24.775900
vt 34.367001 -24.783001
vt 34.364498 -24.869200
vt 34.285198 -24.819599
vt 34.364399 -24.784599
vt 34.283100 -24.769199
vt 34.364399 -24.782900
vt 34.366199 -24.775499
vt 34.282902 -24.776800
vt 34.280102 -24.777300
vt 34.280399 -24.769800
vt 34.192501 -24.770000
vt 34.277100 -24.769600
vt 34.190800 -24.762699
vt 34.109402 -24.810301
vt 34.277000 -24.777201
vt 34.112900 -24.816999
vt 34.282501 -24.813999
vt 34.190899 -24.762899
vt 34.285198 -24.814199
vt 34.367199 -24.868299
vt 34.366199 -24.864100
vt 34.367401 -24.776100
vt 34.366100 -24.993099
vt 34.365799 -24.873301
vt 34.290298 -24.923800
vt 34.366901 -24.998800
vt 34.287701 -24.923599
vt 34.364101 -24.868099
vt 34.287998 -24.920799
vt 34.204899 -24.852699
vt 34.200298 -24.852400
vt 34.282501 -24.816500
vt 34.115898 -24.846399
vt 34.112801 -24.847300
vt 34.191101 -24.766300
vt 34.109901 -24.818501
vt 34.106201 -24.812000
vt 33.644001 -25.219601
vt 33.641899 -25.194000
vt 33.637402 -25.220900
vt 33.647900 -25.193501
vt 33.640400 -25.217199
vt 33.643200 -25.222099
vt 33.643501 -25.220100
vt 33.639099 -25.217100
vt 33.649502 -25.183001
vt 33.644699 -25.220900
vt 33.666302 -25.195400
vt 33.646301 -25.217100
vt 33.664902 -25.194599
vt 33.663799 -25.166800
vt 33.665100 -25.163500
vt 33.650799 -25.183901
vt 33.664501 -25.162701
vt 33.680099 -25.102400
vt 33.658501 -25.161400
vt 33.685299 -25.104401
vt 33.646301 -25.148701
vt 33.645100 -25.148199
vt 33.650700 -25.180300
vt 33.687698 -25.099199
vt 33.779400 -24.993601
vt 33.851002 -24.981300
vt 33.855301 -24.978201
vt 33.814701 -25.056299
vt 33.780399 -24.995800
vt 33.728199 -25.064800
vt 33.813400 -25.054100
vt 33.724201 -25.067101
vt 33.699600 -25.028799
vt 33.776001 -24.996901
vt 33.810902 -25.058399
vt 33.760502 -25.122900
vt 33.727100 -25.070400
vt 33.758701 -25.120001
vt 33.713699 -25.129400
vt 33.711601 -25.131500
vt 33.758099 -25.125601
vt 33.743000 -25.168100
vt 33.713501 -25.133301
vt 33.741299 -25.166500
vt 33.697102 -25.186501
vt 33.693901 -25.189699
vt 33.718102 -25.208599
vt 33.740002 -25.170700
vt 33.714100 -25.201401
vt 33.687302 -25.212299
vt 33.716202 -25.206800
vt 33.685799 -25.206699
vt 33.696999 -25.191500
vt 33.685001 -25.214100
vt 33.711601 -25.203899
vt 33.690300 -25.213499
vt 33.713799 -25.210699
vt 33.693298 -25.220400
vt 33.661999 -25.228201
vt 33.664902 -25.234699
vt 33.651402 -25.236099
vt 33.655201 -25.229300
vt 33.652802 -25.228600
vt 33.648998 -25.228201
vt 33.647099 -25.235500
vt 33.659000 -25.237301
vt 33.652599 -25.233700
vt 33.649899 -25.234800
vt 33.676701 -25.219299
vt 33.657700 -25.228901
vt 33.657501 -25.234699
vt 33.653400 -25.226801
vt 33.648102 -25.233801
vt 33.650200 -25.226801
vt 33.647301 -25.227100
vt 33.644299 -25.233601
vt 33.651199 -25.232000
vt 33.645199 -25.228500
vt 33.643700 -25.230499
vt 33.659100 -25.206499
vt 33.647900 -25.228201
vt 33.640099 -25.224501
vt 33.644798 -25.226000
vt 33.663898 -25.198500
vt 33.655201 -25.228001
vt 33.645000 -25.225599
vt 33.638901 -25.227501
vt 33.640202 -25.230700
vt 33.636799 -25.226000
vt 33.643398 -25.224501
vt 33.642502 -25.221701
vt 33.640701 -25.219601
vt 33.634399 -25.223600
vt 33.635399 -25.225100
vt 33.637199 -25.228701
vt 33.641998 -25.221300
vt 33.637501 -25.223301
vt 33.632099 -25.219000
vt 33.637299 -25.226101
vt 33.634998 -25.219400
vt 33.643398 -25.183399
vt 33.641800 -25.218599
vt 33.645100 -25.184700
vt 33.661900 -25.197201
vt 33.659302 -25.168800
vt 33.660801 -25.164000
vt 33.644699 -25.180201
vt 33.640900 -25.147900
vt 33.638199 -25.146500
vt 33.639599 -25.212500
vt 33.635700 -25.177799
vt 33.632401 -25.212099
vt 33.643200 -25.178301
vt 33.637600 -25.152399
vt 33.644798 -25.152300
vt 33.634899 -25.188900
vt 33.639400 -25.216499
vt 33.642399 -25.189501
vt 33.634201 -25.221001
vt 33.631901 -25.217199
vt 33.642502 -25.182899
vt 33.648998 -25.182699
vt 33.638302 -25.145800
vt 33.636299 -25.173901
vt 33.645401 -25.148100
vt 33.668499 -25.089100
vt 33.643799 -25.175100
vt 33.675301 -25.092501
vt 33.682301 -25.097099
vt 33.647202 -25.144400
vt 33.671101 -25.083900
vt 33.640900 -25.141001
vt 33.677898 -25.087299
vt 33.696899 -25.034000
vt 33.703499 -25.036699
vt 33.689999 -25.096701
vt 33.706299 -25.033899
vt 33.684601 -25.094200
vt 33.701599 -25.031000
vt 33.722698 -25.064501
vt 33.721600 -25.071400
vt 33.683800 -25.098600
vt 33.663700 -25.159300
vt 33.709900 -25.129801
vt 33.709099 -25.135500
vt 33.664799 -25.166401
vt 33.665501 -25.195900
vt 33.690899 -25.186800
vt 33.665699 -25.199900
vt 33.682201 -25.207500
vt 33.683102 -25.212900
vt 33.690800 -25.193001
vt 33.694000 -25.185900
vt 33.691399 -25.188101
vt 33.683601 -25.208401
vt 33.667702 -25.196400
vt 33.655602 -25.223600
vt 33.652699 -25.226200
vt 33.658298 -25.230000
vt 33.674999 -25.213499
vt 33.654099 -25.226400
vt 33.655399 -25.233200
vt 33.651699 -25.227800
vt 33.658699 -25.229601
vt 33.655602 -25.235800
vt 33.660599 -25.236799
vt 33.684101 -25.224701
vt 33.655499 -25.228201
vt 33.680801 -25.217899
vt 33.650101 -25.235201
vt 33.652199 -25.228300
vt 33.653500 -25.236700
vt 33.647999 -25.232901
vt 33.650902 -25.226500
vt 33.648899 -25.226000
vt 33.645000 -25.231701
vt 33.647400 -25.225000
vt 33.648499 -25.223499
vt 33.661201 -25.203400
vt 33.651600 -25.224701
vt 33.646500 -25.221300
vt 33.645901 -25.223900
vt 33.640099 -25.227501
vt 33.642101 -25.229700
vt 33.681499 -25.096300
vt 33.687302 -25.098900
vt 33.699699 -25.028400
vt 33.673100 -25.080299
vt 33.705700 -25.033100
vt 33.761799 -24.971800
vt 33.679600 -25.084101
vt 33.767101 -24.977200
vt 33.765202 -24.968599
vt 33.703400 -25.025299
vt 33.770401 -24.974100
vt 33.818298 -24.919300
vt 33.708000 -25.030600
vt 33.823601 -24.924000
vt 33.822498 -24.915600
vt 33.782398 -24.991899
vt 33.824100 -24.918501
vt 33.923698 -24.922100
vt 33.853901 -24.974899
vt 33.989201 -25.059500
vt 34.069099 -25.052299
vt 34.068802 -25.051201
vt 34.142502 -25.022100
vt 34.053200 -25.000700
vt 34.142502 -25.027700
vt 34.146400 -25.021400
vt 34.052799 -24.999701
vt 33.991001 -25.064600
vt 34.053600 -25.004400
vt 33.985600 -25.060499
vt 34.145901 -25.019800
vt 34.056301 -24.999300
vt 34.211399 -24.976999
vt 34.214199 -24.976900
vt 34.131100 -24.935699
vt 34.131500 -24.937201
vt 34.290699 -25.028900
vt 34.222599 -25.061199
vt 34.149101 -25.021400
vt 34.216499 -24.976999
vt 34.293800 -25.027500
vt 34.365398 -24.995701
vt 34.287998 -24.923599
vt 34.287899 -24.925200
vt 34.364601 -24.873501
vt 34.290798 -24.923800
vt 34.364799 -24.992901
vt 34.367199 -24.871201
vt 34.364899 -24.871099
vt 34.282299 -24.821100
vt 34.204102 -24.855700
vt 34.288200 -24.922001
vt 34.201698 -24.855600
vt 34.285099 -24.923700
vt 34.214001 -24.975300
vt 34.201801 -24.857500
vt 34.133999 -24.935301
vt 34.198799 -24.856501
vt 34.130600 -24.934200
vt 34.033199 -24.924299
vt 34.116402 -24.853500
vt 34.029800 -24.925600
vt 34.126999 -24.936600
vt 34.030300 -24.927000
vt 34.052399 -24.998199
vt 33.960400 -24.991100
vt 33.956699 -24.992500
vt 34.049198 -25.001200
vt 33.957298 -24.993900
vt 33.985100 -25.059000
vt 33.903801 -25.063101
vt 33.900902 -25.064400
vt 33.982601 -25.061701
vt 33.931801 -25.123400
vt 33.931301 -25.122200
vt 33.852600 -25.113100
vt 33.849701 -25.114201
vt 33.928699 -25.124001
vt 33.850899 -25.120899
vt 33.929501 -25.131100
vt 33.849899 -25.114700
vt 33.788601 -25.156200
vt 33.790600 -25.163000
vt 34.365398 -25.083700
vt 34.297001 -25.080999
vt 34.365501 -25.091200
vt 34.298599 -25.073601
vt 34.294899 -25.079901
vt 34.296001 -25.072500
vt 34.365799 -25.087200
vt 34.365601 -25.002600
vt 34.295101 -25.034700
vt 34.292702 -25.034500
vt 34.363899 -24.998501
vt 34.292999 -25.031900
vt 34.216900 -24.979900
vt 34.287601 -24.926399
vt 34.213100 -24.979500
vt 34.290298 -25.034300
vt 34.213402 -24.983101
vt 34.147701 -25.026699
vt 34.221699 -25.066900
vt 34.145302 -25.026699
vt 34.209000 -24.980200
vt 34.144600 -25.024401
vt 34.055199 -25.002300
vt 34.128899 -24.935900
vt 34.129299 -24.938499
vt 34.053001 -25.002600
vt 34.131699 -24.935301
vt 34.212799 -24.975300
vt 34.284901 -24.923599
vt 34.200600 -24.857500
vt 34.195499 -24.854401
vt 34.128201 -24.933500
vt 34.030800 -24.921801
vt 34.028198 -24.923000
vt 34.113098 -24.849600
vt 34.125599 -24.937201
vt 34.052299 -25.000401
vt 33.960400 -24.991199
vt 34.028999 -24.925400
vt 33.957298 -24.992100
vt 34.050598 -25.003799
vt 33.958401 -24.994499
vt 33.906101 -25.065100
vt 33.988201 -25.065100
vt 33.987499 -25.062799
vt 33.901501 -25.067101
vt 34.070099 -25.057699
vt 34.070499 -25.059099
vt 34.072399 -25.059401
vt 34.152599 -25.056900
vt 34.072601 -25.052401
vt 34.220001 -25.062201
vt 34.218300 -25.069099
vt 34.151901 -25.064400
vt 34.292999 -25.072901
vt 34.221901 -25.069799
vt 34.292500 -25.080400
vt 34.154400 -25.065399
vt 34.155499 -25.057899
vt 34.222698 -25.062300
vt 33.857101 -24.980801
vt 33.860298 -24.979700
vt 33.956200 -24.990999
vt 34.025902 -24.926800
vt 33.928299 -24.925800
vt 33.928902 -24.927200
vt 33.932201 -24.924200
vt 34.111801 -24.853500
vt 34.029499 -24.924700
vt 34.109001 -24.848900
vt 34.027699 -24.921101
vt 34.013901 -24.874399
vt 33.860500 -24.976500
vt 33.956600 -24.989700
vt 34.025200 -24.924000
vt 33.926998 -24.920500
vt 33.928001 -24.922600
vt 33.930401 -24.919201
vt 34.011299 -24.868500
vt 34.010700 -24.866899
vt 34.007198 -24.867800
vt 33.916901 -24.899099
vt 34.009399 -24.874500
vt 33.828201 -24.913900
vt 33.829399 -24.920900
vt 33.915001 -24.891899
vt 33.911201 -24.892900
vt 33.826099 -24.921900
vt 33.913300 -24.900200
vt 33.822601 -24.915199
vt 33.772900 -24.972000
vt 33.768101 -24.966200
vt 33.778801 -24.992599
vt 33.783199 -24.996799
vt 33.783600 -24.997299
vt 33.826000 -24.921700
vt 33.705502 -25.033001
vt 33.780300 -25.000601
vt 33.728100 -25.068600
vt 33.727699 -25.067801
vt 33.725700 -25.071501
vt 33.713501 -25.130199
vt 33.712399 -25.129299
vt 33.667400 -25.160299
vt 33.688801 -25.100201
vt 33.710602 -25.134100
vt 33.692902 -25.184799
vt 33.666599 -25.164200
vt 33.667900 -25.193199
vt 33.764198 -25.121799
vt 33.850399 -25.119699
vt 33.849201 -25.117701
vt 33.897099 -25.069099
vt 33.815800 -25.058599
vt 33.817600 -25.054701
vt 33.899700 -25.062901
vt 33.954201 -24.993500
vt 33.857498 -24.982700
vt 33.787998 -25.163900
vt 33.859600 -25.140301
vt 33.785400 -25.156900
vt 33.861801 -25.147499
vt 33.755501 -25.176600
vt 33.758598 -25.183599
vt 33.782501 -25.158600
vt 33.744099 -25.169100
vt 33.785198 -25.165100
vt 33.721500 -25.206400
vt 33.717400 -25.200701
vt 33.741402 -25.163500
vt 33.785198 -25.157101
vt 33.741001 -25.163200
vt 33.743500 -25.161900
vt 33.784698 -25.156000
vt 33.845600 -25.115801
vt 33.762699 -25.125299
vt 33.846699 -25.121201
vt 33.761101 -25.120001
vt 33.762001 -25.120701
vt 33.764099 -25.118500
vt 33.848900 -25.112801
vt 33.897999 -25.065399
vt 33.816299 -25.055300
vt 33.817001 -25.056700
vt 33.819199 -25.054001
vt 33.900299 -25.062901
vt 33.953499 -24.993900
vt 33.857899 -24.982401
vt 34.102200 -24.812799
vt 34.010700 -24.866600
vt 34.105499 -24.819700
vt 34.013500 -24.873501
vt 33.920601 -24.896900
vt 33.918098 -24.889700
vt 33.926701 -24.919300
vt 33.928101 -24.925200
vt 33.924999 -24.927401
vt 33.856701 -24.979900
vt 33.786400 -24.995899
vt 33.826698 -24.922899
vt 33.854401 -24.982500
vt 33.815498 -25.053900
vt 33.730801 -25.066401
vt 33.784199 -24.998699
vt 33.812599 -25.057699
vt 33.729301 -25.069901
vt 33.760399 -25.118700
vt 33.715900 -25.128201
vt 33.758301 -25.121901
vt 33.714699 -25.131201
vt 33.739700 -25.162201
vt 33.696499 -25.183599
vt 33.737499 -25.165800
vt 33.714901 -25.202299
vt 33.695099 -25.186300
vt 33.685902 -25.214899
vt 33.684101 -25.208799
vt 33.696602 -25.219299
vt 33.715000 -25.202101
vt 33.693298 -25.212500
vt 33.718700 -25.208700
vt 33.753601 -25.186001
vt 33.749298 -25.179701
vt 33.756199 -25.183500
vt 33.752399 -25.177099
vt 33.787399 -25.163601
vt 33.744900 -25.167101
vt 33.786499 -25.161900
vt 34.145500 -25.028099
vt 34.146500 -25.021999
vt 34.148998 -25.058300
vt 34.070599 -25.059401
vt 34.149502 -25.065901
vt 34.069099 -25.052200
vt 34.001301 -25.088200
vt 34.003799 -25.095400
vt 34.068501 -25.060400
vt 34.065701 -25.054001
vt 33.997501 -25.088400
vt 34.000999 -25.094999
vt 33.938301 -25.127800
vt 33.934399 -25.122000
vt 33.934200 -25.129999
vt 33.985298 -25.066299
vt 33.903099 -25.070400
vt 33.853298 -25.118500
vt 33.863300 -25.138300
vt 33.865002 -25.145599
vt 33.994701 -25.090200
vt 33.931702 -25.123199
vt 33.998299 -25.096901
vt 33.868301 -25.145201
vt 33.866600 -25.137800
vt 33.934399 -25.130301
vt 33.988800 -25.066299
vt 33.985802 -25.061001
vt 33.937698 -25.083799
vt 33.930901 -24.779200
vt 33.935902 -24.784599
vt 33.939899 -24.775499
vt 34.059799 -24.782900
vt 34.060101 -24.775499
vt 33.940201 -24.782900
vt 34.064098 -24.784599
vt 34.069099 -24.779200
vt 34.150501 -24.992901
vt 34.157902 -24.873301
vt 34.150398 -24.873501
vt 34.157902 -24.993099
vt 34.150501 -24.871099
vt 34.111301 -24.816500
vt 34.105301 -24.821100
vt 33.992199 -25.226101
vt 34.000000 -25.233900
vt 33.997501 -25.228701
vt 33.983601 -25.224501
vt 33.990700 -25.223301
vt 33.986301 -25.220900
vt 33.978600 -25.194000
vt 33.993198 -25.219000
vt 33.974499 -25.183399
vt 33.970600 -25.194599
vt 33.964100 -25.197201
vt 33.952400 -25.168800
vt 33.973301 -25.184700
vt 33.949799 -25.164000
vt 33.973801 -25.180201
vt 33.952801 -25.161400
vt 33.953899 -25.097099
vt 33.955002 -25.102400
vt 33.975700 -25.147900
vt 33.979500 -25.146500
vt 34.113098 -24.982500
vt 34.101700 -25.054100
vt 34.119701 -24.981300
vt 34.094398 -25.053900
vt 34.079498 -25.067101
vt 34.071999 -24.993601
vt 34.070801 -24.996901
vt 34.093899 -25.057699
vt 34.081402 -25.120001
vt 34.101200 -25.058399
vt 34.074100 -25.118700
vt 34.073399 -25.121901
vt 34.050301 -25.166500
vt 34.080002 -25.125601
vt 34.044300 -25.162201
vt 34.042599 -25.165800
vt 34.019798 -25.201401
vt 34.047798 -25.170700
vt 34.024700 -25.206800
vt 34.003601 -25.229300
vt 34.001801 -25.236099
vt 34.004700 -25.236700
vt 34.010899 -25.234699
vt 34.021801 -25.219299
vt 34.006100 -25.228901
vt 34.017200 -25.213499
vt 34.008099 -25.233801
vt 34.008701 -25.226500
vt 34.005901 -25.226801
vt 34.011501 -25.232901
vt 34.017300 -25.228201
vt 34.011600 -25.227501
vt 34.006100 -25.230700
vt 34.009800 -25.229700
vt 34.010799 -25.230499
vt 34.007801 -25.226101
vt 34.016399 -25.224501
vt 33.994301 -25.226000
vt 33.995098 -25.223600
vt 34.000000 -25.224199
vt 33.998199 -25.225100
vt 34.002499 -25.228701
vt 34.001801 -25.225100
vt 34.005699 -25.226000
vt 34.004902 -25.223600
vt 34.006802 -25.219000
vt 34.000000 -25.221001
vt 34.009300 -25.223301
vt 34.001999 -25.217199
vt 34.013699 -25.220900
vt 34.021400 -25.194000
vt 34.025501 -25.183399
vt 34.029400 -25.194599
vt 34.035900 -25.197201
vt 34.047600 -25.168800
vt 34.026699 -25.184700
vt 34.050201 -25.164000
vt 34.026199 -25.180201
vt 34.047199 -25.161400
vt 34.020500 -25.146500
vt 34.024300 -25.147900
vt 34.044998 -25.102400
vt 34.019501 -25.152399
vt 34.023300 -25.182899
vt 34.008099 -25.212099
vt 34.000000 -25.177299
vt 34.002300 -25.177799
vt 34.000000 -25.188900
vt 33.998001 -25.217199
vt 33.991901 -25.212099
vt 33.976700 -25.182899
vt 33.980499 -25.152399
vt 33.997700 -25.177799
vt 34.000000 -25.173901
vt 33.984299 -25.145800
vt 34.000000 -25.089100
vt 34.000000 -25.083401
vt 34.015701 -25.145800
vt 34.021000 -25.141001
vt 34.046101 -25.097099
vt 34.002399 -25.083900
vt 34.032001 -25.034000
vt 34.032501 -25.028799
vt 34.043800 -25.096300
vt 34.076801 -25.064501
vt 34.078400 -25.071400
vt 34.066299 -25.129801
vt 34.059200 -25.129299
vt 34.058201 -25.134100
vt 34.051601 -25.186800
vt 34.065498 -25.135500
vt 34.044601 -25.184799
vt 34.027500 -25.212900
vt 34.042801 -25.188101
vt 34.022301 -25.207500
vt 34.048599 -25.193001
vt 33.972500 -25.212900
vt 33.957199 -25.188101
vt 33.951401 -25.193001
vt 33.977699 -25.207500
vt 33.978199 -25.219299
vt 33.993900 -25.228901
vt 33.982800 -25.213499
vt 33.989101 -25.234699
vt 33.998199 -25.236099
vt 33.996399 -25.229300
vt 33.995300 -25.236700
vt 33.991299 -25.226500
vt 33.991901 -25.233801
vt 33.994099 -25.226801
vt 33.988499 -25.232901
vt 33.982700 -25.228201
vt 33.989201 -25.230499
vt 33.993900 -25.230700
vt 33.990200 -25.229700
vt 33.988400 -25.227501
vt 33.967999 -25.034000
vt 33.956200 -25.096300
vt 33.979000 -25.141001
vt 33.967499 -25.028799
vt 33.997601 -25.083900
vt 34.000000 -25.080299
vt 33.972099 -25.028400
vt 34.000000 -24.971800
vt 34.000000 -24.967899
vt 34.027901 -25.028400
vt 34.049599 -24.919300
vt 34.002499 -24.968599
vt 34.069599 -24.992599
vt 34.072800 -24.927401
vt 34.117699 -24.974899
vt 34.077999 -24.922100
vt 33.907200 -25.027700
vt 33.959999 -25.051201
vt 33.912300 -25.022100
vt 33.911598 -25.019800
vt 33.853500 -24.976999
vt 33.905701 -25.024401
vt 33.932999 -25.066900
vt 33.894402 -25.028900
vt 33.889000 -25.034300
vt 33.938000 -25.061199
vt 33.849499 -24.992901
vt 33.842098 -24.873301
vt 33.842098 -24.993099
vt 33.849602 -24.873501
vt 33.888699 -24.816500
vt 33.849499 -24.871099
vt 33.894699 -24.821100
vt 33.878201 -24.934200
vt 33.847099 -24.854401
vt 33.870998 -24.933500
vt 33.898800 -25.003799
vt 33.925098 -25.059000
vt 33.905800 -25.001200
vt 33.919102 -25.062799
vt 33.920502 -25.066299
vt 33.951900 -25.122200
vt 33.925800 -25.061701
vt 33.946499 -25.127300
vt 33.940201 -25.091200
vt 34.059601 -25.083700
vt 33.940399 -25.083700
vt 34.059799 -25.091200
vt 34.062302 -25.083799
vt 34.105598 -25.028900
vt 34.067001 -25.066900
vt 34.111000 -25.034300
vt 34.062000 -25.061199
vt 34.094299 -25.024401
vt 34.146500 -24.976999
vt 34.088402 -25.019800
vt 34.152901 -24.854401
vt 34.121799 -24.934200
vt 34.129002 -24.933500
vt 34.074902 -25.059000
vt 34.101200 -25.003799
vt 34.094200 -25.001200
vt 34.080898 -25.062799
vt 34.087700 -25.022100
vt 34.040001 -25.051201
vt 34.092800 -25.027700
vt 33.950401 -24.919300
vt 33.997501 -24.968599
vt 33.928001 -24.993601
vt 33.930401 -24.992599
vt 33.920502 -25.067101
vt 33.923199 -25.064501
vt 33.929199 -24.996901
vt 33.921600 -25.071400
vt 33.933701 -25.129801
vt 33.940800 -25.129299
vt 33.934502 -25.135500
vt 33.948399 -25.186800
vt 33.941799 -25.134100
vt 33.955399 -25.184799
vt 34.074200 -25.117701
vt 34.113098 -25.065399
vt 34.068401 -25.112801
vt 34.119598 -25.069099
vt 34.113701 -25.062901
vt 34.111401 -24.993500
vt 34.103802 -24.993900
vt 34.121201 -25.062901
vt 34.000000 -25.177601
vt 33.998501 -25.177099
vt 33.956100 -25.163200
vt 33.927601 -25.121201
vt 33.967899 -25.156000
vt 33.932899 -25.115801
vt 33.886902 -25.065399
vt 33.925800 -25.117701
vt 33.931599 -25.112801
vt 33.880402 -25.069099
vt 33.886299 -25.062901
vt 33.888599 -24.993500
vt 33.878799 -25.062901
vt 33.896198 -24.993900
vt 33.922001 -24.922100
vt 33.882301 -24.974899
vt 33.927200 -24.927401
vt 33.905602 -25.053900
vt 33.886902 -24.982500
vt 33.898300 -25.054100
vt 33.880299 -24.981300
vt 33.898800 -25.058399
vt 33.918598 -25.120001
vt 33.906101 -25.057699
vt 33.925900 -25.118700
vt 33.949600 -25.166500
vt 33.926601 -25.121901
vt 33.919998 -25.125601
vt 33.955700 -25.162201
vt 33.952202 -25.170700
vt 33.980202 -25.201401
vt 33.957401 -25.165800
vt 33.975300 -25.206800
vt 34.001499 -25.177099
vt 34.043900 -25.163200
vt 34.067101 -25.115801
vt 34.032101 -25.156000
vt 34.072399 -25.121201
vt 34.074200 -25.061701
vt 34.048100 -25.122200
vt 34.079498 -25.066299
vt 34.053501 -25.127300
vt 34.292702 -25.111200
vt 34.224998 -25.063999
vt 34.221901 -25.063900
vt 34.294800 -25.000000
vt 34.294899 -25.002800
vt 34.363701 -25.065100
vt 34.292702 -25.108601
vt 34.366699 -25.065201
vt 34.365501 -25.059799
vt 34.295101 -25.111300
vt 34.365101 -25.148500
vt 34.296299 -25.106001
vt 34.365799 -25.069500
vt 34.366901 -25.157499
vt 34.115799 -25.084000
vt 34.016899 -25.039200
vt 34.116001 -25.085699
vt 34.189701 -25.060600
vt 34.109798 -25.000000
vt 34.109901 -25.001600
vt 34.192501 -25.061100
vt 34.013500 -25.038700
vt 34.201698 -25.147499
vt 34.118999 -25.086000
vt 34.201500 -25.146200
vt 34.279400 -25.104200
vt 34.282398 -25.104601
vt 34.191101 -25.067801
vt 34.192600 -25.062201
vt 34.195000 -25.061001
vt 34.282501 -25.102800
vt 34.364700 -25.062401
vt 34.279999 -25.000000
vt 34.280102 -25.001699
vt 34.367001 -25.062300
vt 34.285198 -25.109900
vt 34.366100 -25.069099
vt 34.285198 -25.104601
vt 34.364399 -25.064100
vt 34.364498 -25.148600
vt 34.367001 -24.937700
vt 34.364399 -25.059900
vt 34.364399 -24.940100
vt 34.282902 -25.000000
vt 34.364700 -24.937599
vt 34.280102 -24.998301
vt 34.195000 -24.938999
vt 34.277000 -25.000000
vt 34.192501 -25.059401
vt 34.112900 -25.000000
vt 34.192501 -24.938900
vt 34.192501 -24.940599
vt 34.282398 -24.895399
vt 34.282501 -24.897200
vt 34.364498 -24.851400
vt 34.364399 -24.935900
vt 34.367199 -24.849501
vt 34.285198 -24.895399
vt 34.366100 -24.930901
vt 34.285198 -24.890100
vt 34.364601 -24.849600
vt 34.290298 -24.843599
vt 34.290798 -24.851101
vt 34.365799 -24.842100
vt 34.204102 -24.852600
vt 34.282501 -24.888700
vt 34.204899 -24.845699
vt 34.364101 -24.842600
vt 34.364899 -24.849501
vt 34.282299 -24.894699
vt 34.201698 -24.852501
vt 34.279400 -24.895800
vt 34.201500 -24.853800
vt 34.118999 -24.914000
vt 34.116001 -24.914301
vt 34.191101 -24.932199
vt 34.192600 -24.937799
vt 34.189701 -24.939400
vt 34.115799 -24.916000
vt 34.016899 -24.960800
vt 34.109901 -24.998400
vt 33.645100 -25.026699
vt 33.663799 -25.041901
vt 33.650799 -25.021799
vt 33.659302 -25.047600
vt 33.640900 -25.024300
vt 33.680099 -25.045000
vt 33.646301 -25.019100
vt 33.851002 -24.880301
vt 33.780399 -24.926800
vt 33.854401 -24.886900
vt 33.784199 -24.932600
vt 33.729301 -24.926800
vt 33.810902 -24.898800
vt 33.727100 -24.919600
vt 33.812599 -24.906099
vt 33.758099 -24.920000
vt 33.713501 -24.933399
vt 33.758301 -24.926600
vt 33.714699 -24.940599
vt 33.743000 -24.950800
vt 33.693901 -24.948799
vt 33.740002 -24.952200
vt 33.718102 -24.978500
vt 33.716202 -24.975300
vt 33.687302 -24.972601
vt 33.696999 -24.951300
vt 33.685001 -24.973499
vt 33.713799 -24.979601
vt 33.694000 -25.000000
vt 33.693298 -24.997601
vt 33.664902 -24.991699
vt 33.659000 -24.993299
vt 33.685902 -24.975700
vt 33.652401 -25.000000
vt 33.653500 -24.995300
vt 33.651402 -24.998199
vt 33.647099 -24.997601
vt 33.649899 -24.992500
vt 33.650101 -24.994499
vt 33.640598 -25.000000
vt 33.652599 -24.990900
vt 33.657501 -24.989100
vt 33.676701 -24.978201
vt 33.651199 -24.983801
vt 33.655399 -24.986500
vt 33.648102 -24.991899
vt 33.647999 -24.988501
vt 33.644299 -24.993999
vt 33.643700 -24.989201
vt 33.645000 -24.990400
vt 33.640202 -24.993900
vt 33.645199 -24.987000
vt 33.647900 -24.982700
vt 33.640099 -24.983601
vt 33.644798 -24.982700
vt 33.655201 -24.980101
vt 33.640099 -24.988400
vt 33.642101 -24.990200
vt 33.638901 -24.991800
vt 33.644901 -24.991301
vt 33.644600 -24.994200
vt 33.637299 -24.992201
vt 33.640701 -25.003599
vt 33.635399 -25.001801
vt 33.634399 -25.004900
vt 33.635399 -24.998199
vt 33.640701 -24.996401
vt 33.634399 -24.995100
vt 33.650799 -24.978201
vt 33.663799 -24.958099
vt 33.645100 -24.973301
vt 33.659302 -24.952400
vt 33.646301 -24.980900
vt 33.680099 -24.955000
vt 33.640900 -24.975700
vt 33.776001 -24.929199
vt 33.706299 -24.968901
vt 33.780300 -24.934200
vt 33.701599 -24.963699
vt 33.721600 -24.921600
vt 33.683800 -24.952600
vt 33.725700 -24.927999
vt 33.688801 -24.958099
vt 33.709099 -24.934500
vt 33.664799 -24.949100
vt 33.710602 -24.941799
vt 33.666599 -24.956100
vt 33.691399 -24.957199
vt 33.665699 -24.964001
vt 33.667702 -24.970400
vt 33.690800 -24.951401
vt 33.683102 -24.972500
vt 33.685001 -25.026501
vt 33.690800 -25.048599
vt 33.693901 -25.051201
vt 33.683102 -25.027500
vt 33.691399 -25.042801
vt 33.665699 -25.035999
vt 33.667702 -25.029600
vt 33.651199 -25.016199
vt 33.655201 -25.019899
vt 33.676701 -25.021799
vt 33.655399 -25.013500
vt 33.652599 -25.009100
vt 33.659000 -25.006701
vt 33.657501 -25.010900
vt 33.649899 -25.007500
vt 33.653500 -25.004700
vt 33.647999 -25.011499
vt 33.650101 -25.005501
vt 33.655602 -25.000000
vt 33.660599 -25.001801
vt 33.684101 -25.000000
vt 33.660599 -24.998199
vt 33.651402 -25.001801
vt 33.647099 -25.002399
vt 33.644299 -25.006001
vt 33.648102 -25.008101
vt 33.643700 -25.010799
vt 33.645000 -25.009600
vt 33.647900 -25.017300
vt 33.645199 -25.013000
vt 33.640099 -25.016399
vt 33.644798 -25.017300
vt 33.640099 -25.011600
vt 33.642101 -25.009800
vt 33.640202 -25.006100
vt 33.644901 -25.008699
vt 33.638901 -25.008200
vt 33.644600 -25.005800
vt 33.637299 -25.007799
vt 33.705502 -25.030100
vt 33.767101 -25.000000
vt 33.705700 -25.028500
vt 33.705502 -24.969900
vt 33.705700 -24.971500
vt 33.770100 -25.000000
vt 33.708000 -24.969700
vt 33.770401 -24.998400
vt 33.823601 -24.953199
vt 33.826000 -24.952801
vt 33.783600 -24.933201
vt 33.783199 -24.934900
vt 33.923698 -24.922001
vt 33.826698 -24.951700
vt 33.924999 -24.927200
vt 33.824100 -24.946100
vt 33.857101 -24.886000
vt 33.856701 -24.887300
vt 33.786400 -24.933100
vt 33.938301 -25.049900
vt 33.988201 -25.079599
vt 33.988800 -25.077200
vt 34.068501 -25.042000
vt 34.070499 -25.041800
vt 33.991001 -25.079901
vt 34.070099 -25.043600
vt 34.142502 -25.092800
vt 34.145302 -25.093100
vt 34.053600 -25.099300
vt 34.053200 -25.092600
vt 34.053001 -25.100800
vt 34.055199 -25.101700
vt 34.050598 -25.101200
vt 34.131500 -25.121901
vt 34.056301 -25.094801
vt 34.211399 -25.146500
vt 34.209000 -25.153000
vt 34.129299 -25.129101
vt 34.213100 -25.154400
vt 34.147701 -25.093500
vt 34.221699 -25.066999
vt 34.290298 -25.111000
vt 34.216900 -25.154499
vt 34.287899 -25.148100
vt 34.216499 -25.147499
vt 34.365398 -25.150499
vt 34.363899 -25.157301
vt 34.287601 -25.155600
vt 34.364601 -25.150400
vt 34.290298 -25.156401
vt 34.365799 -25.157900
vt 34.290798 -25.148899
vt 34.367199 -25.150499
vt 34.282299 -25.105301
vt 34.204102 -25.147400
vt 34.282501 -25.111300
vt 34.364899 -25.150499
vt 34.364101 -25.157400
vt 34.204899 -25.154301
vt 34.200600 -25.154699
vt 34.284901 -25.156000
vt 34.201801 -25.147301
vt 34.285099 -25.148399
vt 34.198799 -25.146400
vt 34.113098 -25.091999
vt 34.195499 -25.152901
vt 34.030800 -25.101400
vt 34.033199 -25.094700
vt 34.116402 -25.086399
vt 34.028999 -25.100800
vt 34.126999 -25.122101
vt 34.030300 -25.093599
vt 33.960400 -25.104300
vt 34.125599 -25.129499
vt 33.960400 -25.111900
vt 33.958401 -25.110800
vt 34.049198 -25.094200
vt 33.957298 -25.103300
vt 33.901501 -25.120899
vt 33.985298 -25.079500
vt 33.982601 -25.074200
vt 33.901501 -25.112499
vt 33.903099 -25.117901
vt 33.934200 -25.050100
vt 33.932999 -25.053499
vt 33.853298 -25.073200
vt 33.850399 -25.072901
vt 33.929501 -25.049500
vt 33.865398 -25.000000
vt 33.865002 -25.002600
vt 33.790600 -25.034300
vt 33.850899 -25.070601
vt 34.366699 -24.934799
vt 34.365501 -24.940201
vt 34.297001 -25.000000
vt 34.363701 -24.934900
vt 34.294899 -24.997200
vt 34.224998 -24.936001
vt 34.292702 -24.888800
vt 34.292702 -24.891399
vt 34.366901 -24.842501
vt 34.365799 -24.930500
vt 34.295101 -24.888700
vt 34.296299 -24.893999
vt 34.365101 -24.851500
vt 34.363899 -24.842699
vt 34.287899 -24.851900
vt 34.365398 -24.849501
vt 34.216900 -24.845501
vt 34.216499 -24.852501
vt 34.287601 -24.844400
vt 34.213100 -24.845600
vt 34.290298 -24.889000
vt 34.221901 -24.936100
vt 34.292500 -25.000000
vt 34.221699 -24.933001
vt 34.147701 -24.906500
vt 34.145302 -24.906900
vt 34.209000 -24.847000
vt 34.131500 -24.878099
vt 34.211399 -24.853500
vt 34.055199 -24.898300
vt 34.056301 -24.905199
vt 34.129299 -24.870899
vt 34.053001 -24.899200
vt 34.284901 -24.844000
vt 34.201801 -24.852699
vt 34.285099 -24.851601
vt 34.200600 -24.845301
vt 34.195499 -24.847099
vt 34.113098 -24.908001
vt 34.198799 -24.853600
vt 34.033199 -24.905300
vt 34.030800 -24.898600
vt 34.116402 -24.913601
vt 34.126999 -24.877899
vt 34.028999 -24.899200
vt 34.030300 -24.906401
vt 33.960400 -24.895700
vt 34.125599 -24.870501
vt 33.960400 -24.888100
vt 34.049198 -24.905800
vt 33.958401 -24.889200
vt 33.957298 -24.896700
vt 34.050598 -24.898800
vt 33.988201 -24.920401
vt 34.053200 -24.907400
vt 34.142502 -24.907200
vt 34.053600 -24.900700
vt 34.070499 -24.958200
vt 34.070099 -24.956400
vt 33.991001 -24.920099
vt 34.072399 -24.957800
vt 34.145500 -24.909401
vt 34.218300 -24.936600
vt 34.152199 -25.000000
vt 34.151901 -24.997299
vt 34.154400 -25.000000
vt 34.221901 -24.940100
vt 34.025902 -25.094000
vt 33.928001 -25.079399
vt 34.025200 -25.101000
vt 33.928902 -25.073500
vt 34.029800 -25.093599
vt 33.928299 -25.072901
vt 34.029499 -25.092501
vt 33.932201 -25.073000
vt 34.111801 -25.085199
vt 34.013901 -25.039700
vt 34.109001 -25.090599
vt 34.025200 -24.899000
vt 33.928001 -24.920601
vt 34.025902 -24.906000
vt 33.928902 -24.926500
vt 33.928299 -24.927099
vt 34.029800 -24.906401
vt 33.932201 -24.927000
vt 34.029499 -24.907499
vt 34.109001 -24.909401
vt 34.013901 -24.960300
vt 34.111801 -24.914801
vt 34.013500 -24.961300
vt 34.009399 -24.961100
vt 33.928101 -24.928699
vt 33.829399 -24.952999
vt 33.916599 -25.000000
vt 33.916901 -24.998501
vt 33.913300 -25.000000
vt 33.826000 -25.047199
vt 33.826099 -24.954399
vt 33.826099 -25.045601
vt 33.772900 -25.000000
vt 33.708000 -25.030300
vt 33.770401 -25.001600
vt 33.783199 -25.065100
vt 33.783600 -25.066799
vt 33.823601 -25.046801
vt 33.780300 -25.065800
vt 33.706299 -25.031099
vt 33.776001 -25.070801
vt 33.701599 -25.036301
vt 33.725700 -25.072001
vt 33.683800 -25.047400
vt 33.721600 -25.078400
vt 33.688801 -25.041901
vt 33.710602 -25.058201
vt 33.664799 -25.050900
vt 33.709099 -25.065500
vt 33.666599 -25.043900
vt 33.760502 -24.918800
vt 33.850399 -24.927099
vt 33.764198 -24.917999
vt 33.901501 -24.879101
vt 33.897099 -24.880400
vt 33.815800 -24.898300
vt 33.897999 -24.886900
vt 33.817001 -24.905600
vt 33.954201 -24.888599
vt 33.857899 -24.886200
vt 33.953499 -24.896200
vt 33.857498 -24.878700
vt 33.787399 -25.034100
vt 33.861801 -25.000000
vt 33.787399 -24.965900
vt 33.787998 -25.030899
vt 33.787998 -24.969101
vt 33.758598 -25.000000
vt 33.756699 -25.000000
vt 33.785198 -24.966400
vt 33.785198 -25.033600
vt 33.756199 -25.002600
vt 33.721500 -25.022100
vt 33.743000 -25.049200
vt 33.744099 -25.046801
vt 33.718102 -25.021500
vt 33.744900 -25.049801
vt 33.786499 -25.036501
vt 33.846699 -25.072399
vt 33.762699 -25.079100
vt 33.845600 -25.067101
vt 33.762001 -25.073000
vt 33.760502 -25.081200
vt 33.764198 -25.082001
vt 33.897099 -25.119600
vt 33.897999 -25.113100
vt 33.815800 -25.101700
vt 33.817001 -25.094400
vt 33.953499 -25.103800
vt 33.857899 -25.113800
vt 33.954201 -25.111401
vt 33.857498 -25.121300
vt 34.105499 -25.000000
vt 34.013500 -24.962700
vt 33.920601 -25.000000
vt 34.013500 -25.037300
vt 34.009399 -25.038900
vt 33.928101 -25.071301
vt 33.829399 -25.047001
vt 33.916901 -25.001499
vt 33.824100 -25.053900
vt 33.923698 -25.077999
vt 33.826698 -25.048300
vt 33.924999 -25.072800
vt 33.786400 -25.066900
vt 33.857101 -25.114000
vt 33.856701 -25.112700
vt 33.854401 -25.113100
vt 33.780399 -25.073200
vt 33.851002 -25.119699
vt 33.784199 -25.067400
vt 33.727100 -25.080400
vt 33.810902 -25.101200
vt 33.729301 -25.073200
vt 33.812599 -25.093901
vt 33.758301 -25.073400
vt 33.713501 -25.066601
vt 33.758099 -25.080000
vt 33.714699 -25.059401
vt 33.740002 -25.047800
vt 33.716202 -25.024700
vt 33.687302 -25.027399
vt 33.696999 -25.048700
vt 33.713799 -25.020399
vt 33.685902 -25.024300
vt 33.693298 -25.002399
vt 33.664902 -25.008301
vt 33.696602 -25.000000
vt 33.718700 -25.017401
vt 33.753601 -25.000000
vt 33.718700 -24.982599
vt 33.721500 -24.977900
vt 33.756199 -24.997400
vt 33.744099 -24.953199
vt 33.744900 -24.950199
vt 33.786499 -24.963499
vt 33.846699 -24.927601
vt 33.845600 -24.932899
vt 33.762699 -24.920900
vt 33.762001 -24.927000
vt 34.221901 -25.059900
vt 34.218300 -25.063400
vt 34.151901 -25.002701
vt 34.072399 -25.042200
vt 34.145500 -25.090599
vt 34.149502 -25.000000
vt 34.070599 -25.039499
vt 34.070599 -24.960501
vt 34.003799 -25.000000
vt 34.001099 -25.000000
vt 34.068501 -24.958000
vt 33.985802 -24.927299
vt 34.065701 -24.960899
vt 33.988800 -24.922800
vt 34.000999 -24.997400
vt 33.938301 -24.950100
vt 33.934200 -24.949900
vt 33.985298 -24.920500
vt 33.901501 -24.887501
vt 33.982601 -24.925800
vt 33.932999 -24.946501
vt 33.903099 -24.882099
vt 33.853298 -24.926800
vt 33.929501 -24.950500
vt 33.850899 -24.929399
vt 33.790600 -24.965700
vt 33.865002 -24.997400
vt 33.868301 -25.000000
vt 33.934399 -24.954500
vt 33.998299 -25.000000
vt 33.934399 -25.045500
vt 34.000999 -25.002600
vt 34.065701 -25.039101
vt 33.985802 -25.072701
vt 33.705101 -25.079901
vt 33.775002 -25.069799
vt 33.703999 -25.072500
vt 33.636299 -25.090500
vt 33.775101 -25.062700
vt 33.634201 -25.083799
vt 33.633099 -24.998800
vt 33.634201 -25.087200
vt 33.634399 -25.002600
vt 33.704899 -25.034700
vt 33.887199 -24.847300
vt 33.989300 -24.866899
vt 33.986401 -24.865200
vt 34.073002 -24.920500
vt 33.992802 -24.867800
vt 33.890099 -24.818501
vt 33.983101 -24.871500
vt 33.814301 -24.765600
vt 33.810299 -24.771400
vt 33.893799 -24.812000
vt 33.809101 -24.762899
vt 33.799702 -24.852400
vt 33.884102 -24.846399
vt 33.800098 -24.849001
vt 33.720600 -24.814400
vt 33.717499 -24.813999
vt 33.720600 -24.819799
vt 33.808899 -24.766300
vt 33.807400 -24.771200
vt 33.881001 -24.851299
vt 33.804001 -24.763100
vt 33.719898 -24.777300
vt 33.805000 -24.770000
vt 33.635300 -24.782900
vt 33.635799 -24.775900
vt 33.719601 -24.769800
vt 33.632801 -24.868299
vt 33.714802 -24.814199
vt 33.633801 -24.864100
vt 33.632599 -24.776100
vt 33.635601 -24.782900
vt 33.716900 -24.769199
vt 33.633801 -24.775499
vt 33.717098 -24.776800
vt 33.809200 -24.762699
vt 33.722900 -24.769600
vt 33.807499 -24.770000
vt 33.890598 -24.810301
vt 33.723000 -24.777201
vt 33.887100 -24.816999
vt 33.717499 -24.818701
vt 33.717300 -24.812700
vt 33.632999 -24.783001
vt 33.717602 -24.819401
vt 33.635601 -24.784599
vt 33.635502 -24.869200
vt 33.714802 -24.819599
vt 33.635201 -24.992901
vt 33.632801 -24.871201
vt 33.632301 -24.995800
vt 33.712002 -24.923599
vt 33.635101 -24.871099
vt 33.635399 -24.873501
vt 33.709202 -24.923800
vt 33.795898 -24.855700
vt 33.711800 -24.922001
vt 33.717701 -24.821100
vt 33.807499 -24.769800
vt 33.798500 -24.854601
vt 33.883999 -24.851999
vt 33.887600 -24.846201
vt 33.884201 -24.851400
vt 34.362499 -25.223301
vt 34.359600 -25.217199
vt 34.356499 -25.220100
vt 34.367901 -25.219000
vt 34.362701 -25.226101
vt 34.365002 -25.219400
vt 34.352100 -25.193501
vt 34.358101 -25.194000
vt 34.356602 -25.183399
vt 34.336102 -25.198500
vt 34.359901 -25.224501
vt 34.358200 -25.218599
vt 34.338100 -25.197201
vt 34.340698 -25.168800
vt 34.339199 -25.164000
vt 34.349201 -25.183901
vt 34.354900 -25.184700
vt 34.319901 -25.102400
vt 34.341499 -25.161400
vt 34.353699 -25.148701
vt 34.314701 -25.104401
vt 34.355301 -25.180201
vt 34.349300 -25.180300
vt 34.359100 -25.147900
vt 34.361801 -25.146500
vt 34.317699 -25.097099
vt 34.216400 -24.997299
vt 34.142899 -24.980801
vt 34.145599 -24.982500
vt 34.183701 -25.055300
vt 34.184502 -25.053900
vt 34.269199 -25.066401
vt 34.215801 -24.998699
vt 34.271900 -25.068600
vt 34.294498 -25.033001
vt 34.219700 -25.000601
vt 34.187401 -25.057699
vt 34.238899 -25.120001
vt 34.270699 -25.069901
vt 34.239601 -25.118700
vt 34.284100 -25.128201
vt 34.286499 -25.130199
vt 34.241699 -25.121901
vt 34.258999 -25.163200
vt 34.285301 -25.131201
vt 34.303501 -25.183599
vt 34.260300 -25.162201
vt 34.306000 -25.185900
vt 34.285099 -25.202299
vt 34.262501 -25.165800
vt 34.259998 -25.170700
vt 34.304901 -25.186300
vt 34.285900 -25.201401
vt 34.314201 -25.206699
vt 34.303001 -25.191500
vt 34.316399 -25.208401
vt 34.314098 -25.214899
vt 34.288399 -25.203899
vt 34.286201 -25.210699
vt 34.338001 -25.228201
vt 34.335098 -25.234699
vt 34.315899 -25.208799
vt 34.341702 -25.230000
vt 34.325001 -25.213499
vt 34.342300 -25.228901
vt 34.344799 -25.229300
vt 34.349899 -25.235201
vt 34.347801 -25.228300
vt 34.351002 -25.228201
vt 34.346500 -25.236700
vt 34.323299 -25.219299
vt 34.345901 -25.226400
vt 34.348301 -25.227800
vt 34.346600 -25.226801
vt 34.344601 -25.233200
vt 34.352001 -25.232901
vt 34.351101 -25.226000
vt 34.349098 -25.226500
vt 34.355000 -25.231701
vt 34.351501 -25.223499
vt 34.347301 -25.226200
vt 34.352600 -25.225000
vt 34.338799 -25.203400
vt 34.348400 -25.224701
vt 34.355301 -25.220900
vt 34.353500 -25.221300
vt 34.333698 -25.195400
vt 34.344398 -25.223600
vt 34.354099 -25.223900
vt 34.357899 -25.229700
vt 34.359901 -25.227501
vt 34.364601 -25.225100
vt 34.358002 -25.221300
vt 34.356602 -25.224501
vt 34.359299 -25.219601
vt 34.362801 -25.228701
vt 34.363201 -25.226000
vt 34.357498 -25.221701
vt 34.365601 -25.223600
vt 34.355999 -25.219601
vt 34.362598 -25.220900
vt 34.356800 -25.222099
vt 34.360901 -25.217100
vt 34.350498 -25.183001
vt 34.353699 -25.217100
vt 34.335098 -25.194599
vt 34.336201 -25.166800
vt 34.334900 -25.163500
vt 34.335499 -25.162701
vt 34.354900 -25.148199
vt 34.312302 -25.099199
vt 34.357498 -25.182899
vt 34.355202 -25.152300
vt 34.351002 -25.182699
vt 34.360401 -25.212500
vt 34.362400 -25.152399
vt 34.367599 -25.212099
vt 34.360600 -25.216499
vt 34.365101 -25.188900
vt 34.357601 -25.189501
vt 34.368099 -25.217199
vt 34.365799 -25.221001
vt 34.364300 -25.177799
vt 34.356800 -25.178301
vt 34.363701 -25.173901
vt 34.354599 -25.148100
vt 34.356201 -25.175100
vt 34.331501 -25.089100
vt 34.324699 -25.092501
vt 34.361698 -25.145800
vt 34.296501 -25.036699
vt 34.318501 -25.096300
vt 34.303101 -25.034000
vt 34.359100 -25.141001
vt 34.352798 -25.144400
vt 34.312698 -25.098900
vt 34.310001 -25.096701
vt 34.293701 -25.033899
vt 34.272301 -25.067801
vt 34.223999 -24.996901
vt 34.277302 -25.064501
vt 34.274300 -25.071501
vt 34.287601 -25.129299
vt 34.332600 -25.160299
vt 34.311199 -25.100201
vt 34.289398 -25.134100
vt 34.333401 -25.164200
vt 34.307098 -25.184799
vt 34.332100 -25.193199
vt 34.308601 -25.188101
vt 34.332298 -25.196400
vt 34.317799 -25.207500
vt 34.306099 -25.189699
vt 34.334499 -25.195900
vt 34.309200 -25.193001
vt 34.314999 -25.214100
vt 34.344799 -25.228001
vt 34.316898 -25.212900
vt 34.334301 -25.199900
vt 34.348801 -25.232000
vt 34.341000 -25.237301
vt 34.347401 -25.233700
vt 34.342499 -25.234699
vt 34.350101 -25.234800
vt 34.341301 -25.229601
vt 34.344398 -25.235800
vt 34.344501 -25.228201
vt 34.339401 -25.236799
vt 34.315899 -25.224701
vt 34.319199 -25.217899
vt 34.348598 -25.236099
vt 34.347198 -25.228600
vt 34.352901 -25.235500
vt 34.352699 -25.227100
vt 34.351898 -25.233801
vt 34.355701 -25.233601
vt 34.349800 -25.226801
vt 34.356300 -25.230499
vt 34.354801 -25.228500
vt 34.340900 -25.206499
vt 34.352100 -25.228201
vt 34.355202 -25.226000
vt 34.355000 -25.225599
vt 34.359798 -25.230700
vt 34.361099 -25.227501
vt 34.328899 -25.083900
vt 34.322102 -25.087299
vt 34.294300 -25.033100
vt 34.238201 -24.971800
vt 34.232899 -24.977200
vt 34.326900 -25.080299
vt 34.320400 -25.084101
vt 34.300301 -25.028400
vt 34.176399 -24.924000
vt 34.221199 -24.992599
vt 34.181702 -24.919300
vt 34.296600 -25.025299
vt 34.292000 -25.030600
vt 34.216801 -24.996799
vt 34.174000 -24.921700
vt 34.213600 -24.995899
vt 34.173302 -24.922899
vt 34.075001 -24.927401
vt 34.146099 -24.974899
vt 34.143299 -24.979900
vt 34.011799 -25.065100
vt 34.061699 -25.127800
vt 34.065800 -25.129999
vt 33.929501 -25.059099
vt 33.931499 -25.060400
vt 34.008999 -25.064600
vt 33.931198 -25.051201
vt 33.929901 -25.057699
vt 33.857498 -25.027700
vt 33.946999 -25.002600
vt 33.946400 -25.004400
vt 33.854698 -25.026699
vt 33.944801 -25.002300
vt 33.855400 -25.024401
vt 33.791000 -24.980200
vt 33.871101 -24.935900
vt 33.870701 -24.938499
vt 33.786900 -24.979500
vt 33.709702 -25.034300
vt 33.786598 -24.983101
vt 33.852299 -25.026699
vt 33.778301 -25.066900
vt 33.777401 -25.061199
vt 33.850899 -25.021400
vt 33.783100 -24.979900
vt 33.707001 -25.031900
vt 33.707298 -25.034500
vt 33.636101 -24.998501
vt 33.712299 -24.923599
vt 33.712399 -24.926399
vt 33.715099 -24.923599
vt 33.787201 -24.975300
vt 33.868301 -24.935301
vt 33.709702 -24.923800
vt 33.633900 -24.993099
vt 33.634201 -24.873301
vt 33.635899 -24.868099
vt 33.712002 -24.920799
vt 33.795101 -24.852699
vt 33.717499 -24.816500
vt 33.799400 -24.857500
vt 33.804501 -24.854401
vt 33.871799 -24.933500
vt 33.969200 -24.921801
vt 33.971802 -24.923000
vt 33.883598 -24.853500
vt 33.966801 -24.924299
vt 33.886902 -24.849600
vt 33.874401 -24.937201
vt 33.971001 -24.925400
vt 34.039600 -24.991199
vt 33.947701 -25.000401
vt 34.042702 -24.992100
vt 33.949402 -25.003799
vt 34.041599 -24.994499
vt 34.012501 -25.062799
vt 34.093899 -25.065100
vt 34.098499 -25.067101
vt 34.014702 -25.066299
vt 34.096901 -25.070400
vt 34.146702 -25.118500
vt 34.149601 -25.119699
vt 34.136700 -25.138300
vt 34.070499 -25.131100
vt 34.134998 -25.145599
vt 34.209400 -25.163000
vt 34.071301 -25.124001
vt 33.634602 -25.083700
vt 33.702999 -25.080999
vt 33.701401 -25.073601
vt 33.634499 -25.091200
vt 33.707298 -25.035900
vt 33.777302 -25.062500
vt 33.706402 -25.029100
vt 33.631901 -25.084101
vt 33.634800 -25.081699
vt 33.634899 -24.997400
vt 33.703701 -25.029400
vt 33.634602 -24.995701
vt 33.706200 -25.027500
vt 33.783501 -24.976999
vt 33.785801 -24.976900
vt 33.712101 -24.925200
vt 33.709301 -25.028900
vt 33.853600 -25.021400
vt 33.788601 -24.976999
vt 33.854099 -25.019800
vt 33.943699 -24.999300
vt 33.868900 -24.935699
vt 33.868500 -24.937201
vt 33.947201 -24.999701
vt 33.866001 -24.935301
vt 33.785999 -24.975300
vt 33.714901 -24.923700
vt 33.798302 -24.855600
vt 33.798199 -24.857500
vt 33.801201 -24.856501
vt 33.869400 -24.934200
vt 33.970200 -24.925600
vt 33.873001 -24.936600
vt 33.969700 -24.927000
vt 33.947601 -24.998199
vt 34.039600 -24.991100
vt 34.043301 -24.992500
vt 33.950802 -25.001200
vt 34.042702 -24.993900
vt 34.096199 -25.063101
vt 34.014400 -25.060499
vt 34.014900 -25.059000
vt 34.099098 -25.064400
vt 34.010799 -25.059500
vt 33.946800 -25.000700
vt 33.857498 -25.022100
vt 33.930901 -25.052299
vt 33.927399 -25.052401
vt 33.854500 -25.028099
vt 33.927601 -25.059401
vt 33.779999 -25.062201
vt 33.853500 -25.021999
vt 33.781700 -25.069099
vt 33.844501 -25.057899
vt 33.778099 -25.069799
vt 33.845600 -25.065399
vt 33.707500 -25.080400
vt 33.707001 -25.072901
vt 33.777302 -25.062300
vt 34.144699 -24.978201
vt 34.139500 -24.976500
vt 34.043400 -24.989700
vt 33.974800 -24.924000
vt 34.071999 -24.922600
vt 34.069599 -24.919201
vt 33.972301 -24.921101
vt 33.890999 -24.848900
vt 33.986099 -24.874399
vt 34.067799 -24.924200
vt 33.988701 -24.868500
vt 34.180801 -25.054001
vt 34.139702 -24.979700
vt 34.043800 -24.990999
vt 33.974098 -24.926800
vt 34.071701 -24.925800
vt 34.071098 -24.927200
vt 33.888199 -24.853500
vt 33.970501 -24.924700
vt 33.986500 -24.873400
vt 34.073299 -24.919300
vt 33.990601 -24.874500
vt 34.071899 -24.925200
vt 34.170601 -24.920900
vt 34.171799 -24.913900
vt 34.086700 -24.900200
vt 34.173901 -24.921900
vt 34.088799 -24.892900
vt 34.231899 -24.966200
vt 34.227100 -24.972000
vt 34.177399 -24.915199
vt 34.177502 -24.915600
vt 34.220600 -24.993601
vt 34.234798 -24.968599
vt 34.229599 -24.974100
vt 34.300400 -25.028799
vt 34.315399 -25.094200
vt 34.298401 -25.031000
vt 34.275799 -25.067101
vt 34.288399 -25.131500
vt 34.278400 -25.071400
vt 34.316200 -25.098600
vt 34.290100 -25.129801
vt 34.336300 -25.159300
vt 34.290901 -25.135500
vt 34.335201 -25.166401
vt 34.309101 -25.186800
vt 34.235901 -25.118500
vt 34.150299 -25.114201
vt 34.151100 -25.112801
vt 34.102001 -25.065399
vt 34.182999 -25.056700
vt 34.099701 -25.062901
vt 34.046501 -24.993900
vt 34.142101 -24.982401
vt 34.211399 -25.156200
vt 34.212002 -25.163900
vt 34.140400 -25.140301
vt 34.138199 -25.147499
vt 34.214600 -25.156900
vt 34.244499 -25.176600
vt 34.241402 -25.183599
vt 34.214802 -25.165100
vt 34.247601 -25.177099
vt 34.217499 -25.158600
vt 34.243801 -25.183500
vt 34.282600 -25.200701
vt 34.278500 -25.206400
vt 34.257000 -25.168100
vt 34.212601 -25.163601
vt 34.281898 -25.208599
vt 34.255100 -25.167101
vt 34.215302 -25.156000
vt 34.213501 -25.161900
vt 34.153301 -25.121201
vt 34.239498 -25.122900
vt 34.237301 -25.125299
vt 34.235802 -25.121799
vt 34.150799 -25.117701
vt 34.102901 -25.069099
vt 34.185299 -25.056299
vt 34.184200 -25.058599
vt 34.182400 -25.054701
vt 34.100300 -25.062901
vt 34.045799 -24.993500
vt 34.142502 -24.982700
vt 33.894501 -24.819700
vt 33.989300 -24.866600
vt 33.897800 -24.812799
vt 33.986500 -24.873501
vt 34.081902 -24.889700
vt 34.079399 -24.896900
vt 34.083099 -24.899099
vt 34.084999 -24.891899
vt 34.076302 -24.922100
vt 34.217602 -24.991899
vt 34.175900 -24.918501
vt 34.148998 -24.981300
vt 34.186600 -25.054100
vt 34.271801 -25.064800
vt 34.219601 -24.995800
vt 34.189098 -25.058399
vt 34.272900 -25.070400
vt 34.241299 -25.120001
vt 34.286301 -25.129400
vt 34.241901 -25.125601
vt 34.258701 -25.166500
vt 34.302898 -25.186501
vt 34.286499 -25.133301
vt 34.312698 -25.212299
vt 34.283798 -25.206800
vt 34.309700 -25.213499
vt 34.306702 -25.220400
vt 34.285000 -25.202101
vt 34.303398 -25.219299
vt 34.306702 -25.212500
vt 34.246399 -25.186001
vt 34.250702 -25.179701
vt 34.281300 -25.208700
vt 34.255901 -25.169100
vt 34.258598 -25.163500
vt 34.214802 -25.157101
vt 34.256500 -25.161900
vt 34.154400 -25.115801
vt 34.237999 -25.120701
vt 33.847401 -25.056900
vt 33.848099 -25.064400
vt 33.929401 -25.059401
vt 33.851002 -25.058300
vt 33.850498 -25.065901
vt 33.930901 -25.052200
vt 33.998699 -25.088200
vt 33.996201 -25.095400
vt 33.934299 -25.054001
vt 34.011200 -25.066299
vt 34.065601 -25.122000
vt 34.014198 -25.061001
vt 34.068199 -25.123400
vt 34.017399 -25.061701
vt 34.068699 -25.122200
vt 34.147400 -25.113100
vt 34.149101 -25.120899
vt 34.150101 -25.114700
vt 34.131699 -25.145201
vt 34.068298 -25.123199
vt 34.065601 -25.130301
vt 34.001701 -25.096901
vt 34.133400 -25.137800
vt 34.005299 -25.090200
vt 34.002499 -25.088400
vt 33.999001 -25.094999
s 1
usemtl Meshpart1Mtl.003
f 3/1/1 1/2/2 2/3/3
f 6/4/4 5/5/5 4/6/6
f 7/7/7 9/8/8 8/9/9
f 10/10/10 9/8/11 12/11/12
f 13/12/13 9/8/8 7/7/7
f 5/5/5 14/13/14 4/6/6
f 4/6/6 14/13/14 11/14/15
f 17/15/16 15/16/17 16/17/18
f 23/18/19 22/19/20 20/20/21
f 22/19/20 23/18/19 24/21/22
f 19/22/23 25/23/24 18/24/25
f 18/24/25 25/23/24 26/25/26
f 25/23/24 28/26/27 26/25/26
f 27/27/28 29/28/29 30/29/30
f 30/29/30 29/28/29 31/30/31
f 28/26/27 25/23/24 32/31/32
f 32/31/32 33/32/33 28/26/27
f 37/33/34 35/34/35 36/35/36
f 38/36/37 39/37/38 40/38/39
f 39/37/38 38/36/37 41/39/40
f 40/38/39 42/40/41 38/36/37
f 44/41/42 42/40/43 43/42/44
f 45/43/45 39/37/38 43/42/46
f 40/38/39 46/44/47 42/40/41
f 46/44/47 40/38/39 48/45/48
f 50/46/49 46/44/47 49/47/50
f 47/48/51 51/49/52 48/45/48
f 46/44/47 50/46/49 52/50/53
f 52/50/53 50/46/49 53/51/54
f 50/46/49 54/52/55 53/51/54
f 50/46/49 55/53/56 54/52/55
f 59/54/57 61/55/58 58/56/59
f 61/55/58 59/54/57 60/57/60
f 57/58/61 62/59/62 63/60/63
f 65/61/64 67/62/65 66/63/66
f 66/63/66 67/62/65 68/64/67
f 69/65/68 71/66/69 70/67/70
f 71/66/69 69/65/68 72/68/71
f 76/69/72 75/70/73 73/71/74
f 75/70/73 76/69/72 74/72/75
f 79/73/76 81/74/77 82/75/78
f 83/76/79 85/77/80 84/78/81
f 83/76/79 84/78/81 86/79/82
f 88/80/83 87/81/84 89/82/85
f 90/83/86 88/80/83 89/82/85
f 77/84/87 93/85/88 94/86/89
f 95/87/90 93/85/88 97/88/91
f 97/88/91 99/89/92 95/87/90
f 99/89/92 97/88/91 96/90/93
f 98/91/94 99/89/92 96/90/93
f 91/92/95 92/93/96 103/94/97
f 104/95/98 92/93/99 105/96/100
f 92/93/99 106/97/101 105/96/100
f 80/98/102 106/97/101 92/93/99
f 106/97/103 100/99/104 101/100/105
f 106/97/101 80/98/102 107/101/106
f 106/97/101 107/101/106 108/102/107
f 80/98/102 109/103/108 107/101/106
f 109/103/108 80/98/102 110/104/109
f 80/98/102 39/37/38 110/104/109
f 110/104/109 39/37/38 111/105/110
f 39/37/38 112/106/111 111/105/110
f 39/37/38 45/43/45 112/106/111
f 45/43/45 109/103/108 112/106/111
f 110/104/109 113/107/112 109/103/108
f 112/106/111 109/103/108 113/107/112
f 114/108/113 107/101/106 109/103/108
f 109/103/108 115/109/114 114/108/113
f 115/109/114 106/97/101 108/102/107
f 115/109/114 109/103/108 116/110/115
f 116/110/115 106/97/101 115/109/114
f 117/111/116 116/110/115 109/103/108
f 45/43/45 117/111/116 109/103/108
f 118/112/117 106/97/103 119/113/118
f 100/99/104 106/97/103 118/112/117
f 120/114/119 106/97/101 116/110/115
f 121/115/120 100/99/104 118/112/117
f 121/115/121 122/116/122 120/114/123
f 123/117/124 100/99/104 121/115/120
f 100/99/104 123/117/124 125/118/125
f 126/119/126 124/120/127 125/118/128
f 123/117/124 128/121/129 127/122/130
f 128/121/129 130/123/131 129/124/132
f 130/123/131 128/121/129 123/117/124
f 131/125/133 128/121/129 129/124/132
f 133/126/134 128/121/129 131/125/133
f 132/127/135 123/117/124 134/128/136
f 134/128/136 123/117/124 135/129/137
f 123/117/124 136/130/138 135/129/137
f 123/117/124 116/110/115 136/130/138
f 137/131/139 136/130/138 138/132/140
f 134/128/136 137/131/139 138/132/140
f 116/110/115 138/132/140 136/130/138
f 138/132/140 132/127/135 134/128/136
f 138/132/140 116/110/115 139/133/141
f 139/133/141 116/110/115 140/134/142
f 116/110/115 117/111/116 140/134/142
f 117/111/116 45/43/45 141/135/143
f 45/43/45 139/133/141 141/135/143
f 45/43/45 138/132/140 139/133/141
f 142/136/144 138/132/140 45/43/45
f 45/43/45 46/44/145 142/136/144
f 143/137/146 142/136/144 46/44/145
f 46/44/145 144/138/147 143/137/146
f 46/44/145 56/139/148 144/138/147
f 56/139/148 138/132/140 144/138/147
f 138/132/140 142/136/144 145/140/149
f 144/138/147 138/132/140 145/140/149
f 138/132/140 56/139/148 146/141/150
f 146/141/150 132/127/135 138/132/140
f 146/141/150 56/139/148 147/142/151
f 56/139/148 148/143/152 147/142/151
f 56/139/148 149/144/153 148/143/152
f 149/144/153 132/127/135 148/143/152
f 132/127/135 146/141/150 150/145/154
f 148/143/152 132/127/135 150/145/154
f 132/127/135 149/144/153 151/146/155
f 133/126/134 132/127/135 151/146/155
f 152/147/156 151/146/155 149/144/153
f 153/148/157 152/147/156 149/144/153
f 149/144/153 64/149/158 153/148/157
f 64/149/158 133/126/134 153/148/157
f 133/126/134 151/146/155 154/150/159
f 153/148/157 133/126/134 154/150/159
f 157/151/160 159/152/161 156/153/162
f 62/59/163 155/154/164 158/155/165
f 155/154/164 62/59/163 133/126/134
f 133/126/134 62/59/163 160/156/166
f 162/157/167 164/158/168 161/159/169
f 164/158/168 162/157/167 163/160/170
f 128/121/129 133/126/134 163/160/171
f 165/161/172 166/162/173 167/163/174
f 167/163/174 166/162/173 168/164/175
f 170/165/176 78/166/177 169/167/178
f 78/166/177 170/165/176 102/168/179
f 175/169/180 173/170/181 174/171/182
f 172/172/183 173/170/181 175/169/180
f 177/173/184 179/174/185 178/175/186
f 179/174/185 177/173/184 180/176/187
f 182/177/188 183/178/189 181/179/190
f 184/180/191 186/181/192 185/182/193
f 186/181/192 184/180/191 187/183/194
f 189/184/195 176/185/196 190/186/197
f 192/187/198 194/188/199 189/184/195
f 194/188/199 192/187/198 195/189/200
f 191/190/201 195/189/200 193/191/202
f 195/189/200 191/190/201 194/188/199
f 198/192/203 188/193/204 197/194/205
f 199/195/206 200/196/207 198/192/203
f 39/37/38 198/192/203 200/196/207
f 39/37/38 80/98/102 198/192/203
f 40/38/39 39/37/38 196/197/208
f 56/139/148 55/53/56 201/198/209
f 202/199/210 201/198/209 55/53/56
f 55/53/56 203/200/211 202/199/210
f 55/53/56 204/201/212 203/200/211
f 149/144/153 201/198/209 205/202/213
f 203/200/211 149/144/153 205/202/213
f 201/198/209 149/144/153 56/139/148
f 204/201/212 149/144/153 203/200/211
f 204/201/212 206/203/214 207/204/215
f 149/144/153 204/201/212 207/204/215
f 208/205/216 204/201/217 209/206/218
f 64/149/158 207/204/215 210/207/219
f 209/206/218 64/149/220 208/205/216
f 207/204/215 64/149/158 149/144/153
f 209/206/218 212/208/221 211/209/222
f 212/208/223 57/58/224 213/210/225
f 217/211/226 215/212/227 216/213/228
f 214/214/229 215/212/227 217/211/226
f 219/215/230 218/216/231 220/217/232
f 223/218/233 221/219/234 222/220/235
f 221/219/234 223/218/233 224/221/236
f 227/222/237 225/223/238 226/224/239
f 14/13/14 21/225/240 11/14/15
f 229/226/241 11/14/15 21/225/240
f 19/22/23 229/226/241 21/225/240
f 229/226/241 19/22/23 18/24/25
f 231/227/242 228/228/243 230/229/244
f 228/228/243 231/227/242 232/230/245
f 233/231/246 235/232/247 234/233/248
f 236/234/249 234/233/248 235/232/247
f 239/235/250 238/236/251 237/237/252
f 240/238/253 238/236/251 239/235/250
f 241/239/254 5/5/5 6/4/4
f 243/240/255 242/241/256 244/242/257
f 6/4/4 34/243/258 241/239/254
f 34/243/258 6/4/4 33/32/33
f 245/244/259 247/245/260 246/246/261
f 247/245/260 245/244/259 249/247/262
f 248/248/263 247/245/264 250/249/265
f 252/250/266 253/251/267 251/252/268
f 33/32/33 32/31/32 34/243/258
f 254/253/269 255/254/270 256/255/271
f 257/256/272 256/255/271 255/254/270
f 260/257/273 258/258/274 259/259/275
f 261/260/276 258/258/274 260/257/273
f 263/261/277 264/262/278 262/263/279
f 264/262/278 263/261/277 265/264/280
f 266/265/281 267/266/282 268/267/283
f 269/268/284 270/269/285 271/270/286
f 274/271/287 272/272/288 273/273/289
f 272/272/288 274/271/287 275/274/290
f 278/275/291 279/276/292 277/277/293
f 279/276/292 278/275/291 280/278/294
f 282/279/295 209/206/218 281/280/296
f 284/281/297 282/279/298 283/282/299
f 286/283/300 284/281/297 285/284/301
f 289/285/302 286/283/300 288/286/303
f 287/287/304 291/288/305 290/289/306
f 55/53/307 286/283/300 289/285/302
f 286/283/300 55/53/307 293/290/308
f 296/291/309 295/292/310 292/293/311
f 295/292/310 296/291/309 294/294/312
f 55/53/56 50/46/49 294/294/313
f 298/295/314 171/296/315 297/297/316
f 171/296/315 298/295/314 299/298/317
f 300/299/318 302/300/319 301/301/320
f 302/300/319 300/299/318 303/302/321
f 305/303/322 304/304/323 276/305/324
f 306/306/325 304/304/323 305/303/322
f 307/307/326 308/308/327 309/309/328
f 311/310/329 312/311/330 310/312/331
f 310/312/331 312/311/330 313/313/332
f 315/314/333 316/315/334 314/316/335
f 317/317/336 314/316/335 316/315/334
f 318/318/337 320/319/338 319/320/339
f 320/319/338 318/318/337 321/321/340
f 323/322/341 324/323/342 322/324/343
f 324/323/342 323/322/341 325/325/344
f 329/326/345 327/327/346 328/328/347
f 327/327/346 329/326/345 326/329/348
f 331/330/349 332/331/350 330/332/351
f 332/331/350 331/330/349 333/333/352
f 334/334/353 337/335/354 336/336/355
f 335/337/356 336/336/355 337/335/354
f 341/338/357 340/339/358 338/340/359
f 339/341/360 340/339/358 341/338/357
f 343/342/361 342/343/362 344/344/363
f 346/345/364 347/346/365 345/347/366
f 347/346/365 346/345/364 348/348/367
f 351/349/368 349/350/369 350/351/370
f 353/352/371 354/353/372 352/354/373
f 354/353/372 353/352/371 355/355/374
f 357/356/375 360/357/376 356/358/377
f 360/357/376 358/359/378 356/358/377
f 361/360/379 357/356/380 359/361/381
f 358/359/378 361/360/379 359/361/381
f 362/362/382 360/357/376 357/356/375
f 358/359/378 360/357/376 363/363/6
f 363/363/6 361/360/379 358/359/378
f 364/364/383 360/357/376 365/365/384
f 361/360/385 366/366/386 367/367/9
f 369/368/15 361/360/385 368/369/387
f 370/370/388 371/371/389 372/372/390
f 373/373/391 374/374/392 376/375/393
f 377/376/394 373/373/391 376/375/393
f 376/375/395 378/377/396 379/378/397
f 374/374/398 381/379/399 380/380/400
f 377/376/394 380/380/400 381/379/399
f 381/379/399 374/374/398 370/370/401
f 381/379/399 382/381/402 377/376/394
f 384/382/403 385/383/404 383/384/405
f 385/383/404 384/382/403 386/385/406
f 387/386/407 373/373/408 385/383/409
f 387/386/410 388/387/411 389/388/412
f 382/381/413 388/387/414 390/389/18
f 385/383/415 382/381/413 390/389/18
f 389/388/412 391/390/416 392/391/417
f 393/392/418 389/388/412 392/391/417
f 391/390/416 395/393/419 394/394/420
f 393/392/418 394/394/420 395/393/419
f 395/393/419 391/390/416 382/381/402
f 389/388/412 393/392/418 396/395/421
f 395/393/419 396/395/421 393/392/418
f 396/395/421 397/396/21 389/388/412
f 397/396/21 396/395/421 399/397/422
f 396/395/421 398/398/423 399/397/422
f 396/395/421 401/399/424 400/400/425
f 401/399/424 396/395/421 402/401/426
f 396/395/421 403/402/427 402/401/426
f 403/402/427 400/400/425 401/399/424
f 396/395/421 395/393/419 403/402/427
f 400/400/425 403/402/427 395/393/419
f 395/393/419 404/403/428 400/400/425
f 404/403/428 395/393/419 405/404/429
f 395/393/419 406/405/430 405/404/429
f 395/393/419 407/406/431 406/405/430
f 407/406/431 395/393/419 408/407/432
f 382/381/402 408/407/432 395/393/419
f 408/407/432 382/381/402 409/408/433
f 382/381/402 410/409/434 409/408/433
f 382/381/402 381/379/399 410/409/434
f 407/406/431 410/409/434 381/379/399
f 410/409/434 407/406/431 411/410/435
f 408/407/432 411/410/435 407/406/431
f 406/405/430 413/411/436 412/412/437
f 404/403/428 412/412/437 413/411/436
f 413/411/436 400/400/425 404/403/428
f 415/413/30 400/400/425 414/414/438
f 400/400/425 416/415/31 414/414/438
f 400/400/425 413/411/436 416/415/31
f 421/416/439 418/417/440 420/418/441
f 418/417/440 421/416/439 422/419/442
f 423/420/443 426/421/444 424/422/445
f 426/421/444 425/423/446 424/422/445
f 413/411/447 427/424/448 425/423/446
f 425/423/446 426/421/444 428/425/449
f 426/421/444 423/420/443 419/426/450
f 427/424/448 413/411/447 429/427/451
f 427/424/452 431/428/453 432/429/454
f 433/430/455 431/428/456 430/431/457
f 431/428/456 433/430/455 434/432/458
f 431/428/459 435/433/460 407/406/461
f 429/427/462 407/406/461 435/433/460
f 436/434/463 437/435/464 438/436/465
f 439/437/466 438/436/467 432/429/468
f 381/379/399 439/437/466 407/406/431
f 440/438/469 432/429/468 438/436/467
f 439/437/466 381/379/399 441/439/470
f 381/379/399 440/438/471 441/439/470
f 443/440/472 447/441/473 446/442/40
f 443/440/472 448/443/474 447/441/473
f 451/444/475 449/445/476 450/446/477
f 453/447/478 455/448/479 454/449/480
f 455/448/479 453/447/478 452/450/481
f 461/451/60 459/452/482 460/453/483
f 459/452/482 461/451/60 458/454/484
f 465/455/485 466/456/486 464/457/487
f 466/456/486 465/455/485 467/458/488
f 471/459/489 472/460/490 469/461/491
f 472/460/490 471/459/489 470/462/492
f 474/463/493 473/464/494 468/465/495
f 473/464/494 474/463/493 476/466/496
f 476/466/496 477/467/73 473/464/494
f 478/468/497 473/464/494 477/467/73
f 479/469/498 478/468/499 475/470/500
f 475/470/500 480/471/501 479/469/498
f 479/469/498 480/471/501 481/472/502
f 480/471/501 482/473/503 481/472/502
f 480/471/501 483/474/504 482/473/503
f 478/468/499 479/469/498 484/475/505
f 482/473/503 478/468/499 484/475/505
f 483/474/504 478/468/499 482/473/503
f 487/476/506 478/468/507 485/477/508
f 483/474/504 488/478/509 486/479/510
f 478/468/507 487/476/506 489/480/511
f 488/478/509 483/474/504 490/481/512
f 483/474/504 491/482/513 490/481/512
f 490/481/512 491/482/513 492/483/514
f 491/482/513 493/484/515 492/483/514
f 491/482/513 494/485/516 493/484/515
f 490/481/512 495/486/517 488/478/509
f 493/484/515 488/478/509 495/486/517
f 494/485/516 488/478/509 493/484/515
f 487/476/506 485/477/508 496/487/81
f 487/476/506 496/487/81 497/488/518
f 488/478/509 487/476/506 497/488/518
f 487/476/506 488/478/509 498/489/519
f 498/489/519 488/478/509 499/490/520
f 488/478/509 500/491/521 499/490/520
f 488/478/509 494/485/516 500/491/521
f 501/492/522 500/491/521 502/493/523
f 502/493/523 498/489/519 501/492/522
f 494/485/516 502/493/523 500/491/521
f 502/493/523 487/476/506 498/489/519
f 502/493/523 494/485/516 503/494/99
f 506/495/524 505/496/89 504/497/88
f 505/496/89 506/495/524 507/498/525
f 502/493/526 508/499/527 504/497/88
f 508/499/527 502/493/526 509/500/104
f 509/500/104 502/493/526 510/501/105
f 502/493/526 512/502/97 510/501/105
f 514/503/101 510/501/528 513/504/529
f 516/505/530 517/506/531 442/507/532
f 515/508/106 518/509/533 519/510/534
f 524/511/535 522/512/536 523/513/537
f 522/512/536 524/511/535 525/514/538
f 526/515/539 528/516/540 527/517/541
f 531/518/132 529/519/542 530/520/543
f 529/519/542 531/518/132 532/521/544
f 521/522/545 533/523/546 520/524/547
f 534/525/548 521/522/545 520/524/547
f 536/526/549 535/527/550 538/528/551
f 537/529/552 538/528/551 535/527/550
f 542/530/553 540/531/554 541/532/555
f 540/531/554 542/530/553 539/533/556
f 545/534/557 543/535/558 544/536/559
f 543/535/558 545/534/557 546/537/175
f 473/464/494 478/468/497 547/538/560
f 511/539/561 548/540/562 489/480/563
f 551/541/564 552/542/565 550/543/566
f 555/544/567 554/545/568 553/546/183
f 556/547/196 552/542/569 555/544/570
f 552/542/569 556/547/196 557/548/571
f 557/548/571 556/547/196 560/549/184
f 556/547/196 561/550/572 560/549/184
f 561/550/572 556/547/196 562/551/573
f 559/552/574 562/551/573 558/553/575
f 558/553/575 564/554/576 563/555/577
f 563/555/577 566/556/578 558/553/575
f 483/474/504 566/556/578 565/557/579
f 564/554/576 483/474/504 565/557/579
f 480/471/501 558/553/575 566/556/578
f 483/474/504 480/471/501 566/556/578
f 564/554/576 558/553/575 491/482/513
f 491/482/513 483/474/504 564/554/576
f 491/482/513 558/553/575 567/558/580
f 558/553/575 562/551/573 567/558/580
f 491/482/513 567/558/580 568/559/581
f 569/560/582 567/558/580 562/551/573
f 570/561/188 569/560/582 562/551/573
f 570/561/188 491/482/513 568/559/581
f 494/485/516 491/482/513 570/561/188
f 562/551/573 494/485/516 570/561/188
f 494/485/516 562/551/573 571/562/193
f 562/551/573 572/563/583 571/562/193
f 562/551/573 573/564/584 572/563/583
f 562/551/573 556/547/196 573/564/584
f 571/562/193 574/565/585 575/566/586
f 573/564/584 575/566/586 574/565/585
f 556/547/196 575/566/586 573/564/584
f 575/566/586 494/485/516 571/562/193
f 577/567/587 578/568/588 576/569/589
f 578/568/588 577/567/587 579/570/590
f 576/569/195 580/571/591 575/566/592
f 445/572/39 575/566/592 580/571/591
f 581/573/593 575/566/592 445/572/39
f 575/566/592 581/573/593 582/574/205
f 494/485/516 575/566/586 583/575/594
f 444/576/595 584/577/207 581/573/593
f 587/578/596 585/579/597 586/580/598
f 587/578/599 589/581/600 463/582/601
f 588/583/602 463/582/601 591/584/603
f 588/583/602 591/584/603 592/585/604
f 588/583/605 593/586/606 594/587/607
f 591/584/608 456/588/609 595/589/610
f 596/590/611 590/591/612 595/589/613
f 598/592/614 594/587/615 599/593/616
f 601/594/617 597/595/618 600/596/619
f 597/595/618 601/594/617 602/597/620
f 456/588/621 457/598/622 600/596/623
f 603/599/624 604/600/625 605/601/626
f 607/602/627 606/603/628 605/601/629
f 604/600/630 608/604/631 607/602/632
f 608/604/631 604/600/630 609/605/633
f 608/604/631 611/606/634 610/607/230
f 615/608/635 613/609/636 612/610/637
f 613/609/636 615/608/635 616/611/638
f 613/609/636 617/612/639 614/613/640
f 611/606/641 609/605/642 615/608/643
f 621/614/644 618/615/233 609/605/633
f 618/615/233 621/614/644 620/616/645
f 620/616/645 619/617/646 618/615/233
f 361/360/385 618/615/233 619/617/646
f 624/618/647 361/360/385 369/368/15
f 623/619/648 624/618/649 625/620/650
f 622/621/651 625/620/237 626/622/652
f 627/623/653 625/620/650 624/618/649
f 631/624/654 628/625/655 629/626/656
f 629/626/656 630/627/657 631/624/654
f 633/628/658 632/629/659 634/630/660
f 635/631/661 634/630/660 632/629/659
f 638/632/662 639/633/663 636/634/664
f 639/633/663 638/632/662 640/635/665
f 637/636/666 639/633/663 641/637/667
f 640/635/665 641/637/667 639/633/663
f 389/388/412 641/637/667 387/386/410
f 628/625/655 631/624/654 642/638/668
f 643/639/669 631/624/654 630/627/657
f 645/640/670 646/641/671 644/642/672
f 648/643/673 647/644/674 646/641/671
f 647/644/674 648/643/673 649/645/675
f 650/646/676 373/373/391 649/645/675
f 652/647/677 651/648/678 654/649/679
f 654/649/679 653/650/680 652/647/677
f 655/651/681 654/649/679 651/648/678
f 653/650/680 654/649/679 656/652/682
f 658/653/683 659/654/684 657/655/685
f 659/654/684 658/653/683 660/656/686
f 603/599/687 661/657/688 662/658/689
f 662/658/689 661/657/688 664/659/252
f 666/660/690 667/661/691 665/662/692
f 661/657/688 667/661/250 664/659/252
f 667/661/691 666/660/690 668/663/693
f 667/661/250 661/657/688 669/664/694
f 663/665/695 669/664/694 670/666/696
f 670/666/696 671/667/697 663/665/695
f 671/667/697 670/666/696 672/668/698
f 673/669/699 670/666/696 669/664/694
f 364/364/383 363/363/6 675/670/700
f 675/670/700 363/363/6 676/671/701
f 363/363/6 360/357/376 676/671/701
f 360/357/376 364/364/383 675/670/700
f 676/671/701 360/357/376 677/672/702
f 360/357/376 675/670/700 677/672/702
f 365/365/384 360/357/376 678/673/703
f 360/357/376 679/674/704 678/673/703
f 681/675/705 365/365/384 680/676/257
f 679/674/704 681/675/705 680/676/257
f 365/365/384 681/675/705 364/364/383
f 679/674/704 360/357/376 682/677/706
f 683/678/707 682/677/706 360/357/376
f 360/357/376 362/362/382 683/678/707
f 684/679/259 681/675/708 685/680/262
f 681/675/709 417/681/33 686/682/265
f 417/681/33 681/675/709 688/683/710
f 691/684/711 688/683/712 689/685/713
f 688/683/712 691/684/711 687/686/714
f 692/687/715 691/684/711 690/688/716
f 694/689/717 693/690/718 681/675/709
f 693/690/718 694/689/717 695/691/719
f 696/692/720 693/690/718 695/691/719
f 697/693/721 693/690/718 696/692/720
f 700/694/722 701/695/723 699/696/724
f 698/697/725 701/695/726 702/698/727
f 703/699/728 701/695/723 700/694/722
f 697/693/721 704/700/729 700/694/722
f 708/701/730 705/702/274 706/703/731
f 707/704/732 708/701/730 706/703/731
f 705/702/274 708/701/730 709/705/733
f 708/701/730 707/704/732 710/706/734
f 712/707/735 713/708/736 711/709/737
f 714/710/738 715/711/739 713/708/740
f 715/711/739 714/710/738 716/712/741
f 432/429/468 717/713/742 716/712/743
f 720/714/744 718/715/745 719/716/746
f 721/717/747 720/714/744 719/716/746
f 718/715/745 720/714/744 722/718/748
f 723/719/749 720/714/744 721/717/747
f 724/720/750 728/721/751 726/722/752
f 725/723/753 728/721/751 724/720/750
f 704/700/754 733/724/755 732/725/756
f 730/726/757 734/727/758 731/728/282
f 733/724/755 735/729/759 734/727/760
f 697/693/761 735/729/759 733/724/755
f 731/728/762 735/729/759 727/730/763
f 736/731/764 697/693/761 737/732/765
f 697/693/761 738/733/766 737/732/765
f 735/729/759 697/693/761 736/731/764
f 738/733/767 740/734/768 739/735/769
f 740/734/768 736/731/764 739/735/769
f 682/677/706 740/734/768 738/733/767
f 736/731/764 740/734/768 735/729/759
f 682/677/706 683/678/707 742/736/770
f 741/737/771 682/677/706 742/736/770
f 740/734/768 682/677/706 741/737/771
f 683/678/707 362/362/382 743/738/772
f 362/362/382 741/737/771 743/738/772
f 741/737/771 362/362/382 740/734/768
f 749/739/773 744/740/774 747/741/775
f 744/740/774 749/739/773 746/742/776
f 747/741/775 750/743/777 749/739/773
f 750/743/777 747/741/775 748/744/778
f 372/372/779 650/646/676 750/743/780
f 745/745/781 372/372/390 746/742/289
f 754/746/782 751/747/757 752/748/783
f 752/748/783 753/749/784 754/746/782
f 751/747/757 754/746/782 371/371/785
f 370/370/388 755/750/786 756/751/787
f 371/371/389 370/370/388 756/751/787
f 370/370/388 373/373/391 755/750/786
f 758/752/788 759/753/789 761/754/790
f 761/754/790 759/753/789 762/755/791
f 759/753/789 760/756/792 762/755/791
f 762/755/791 760/756/792 763/757/793
f 764/758/794 760/756/795 717/713/742
f 764/758/796 457/598/797 758/752/798
f 768/759/799 767/760/800 766/761/801
f 765/762/802 768/759/799 766/761/801
f 768/759/799 765/762/802 770/763/803
f 769/764/804 772/765/805 771/766/806
f 772/765/805 770/763/807 771/766/806
f 772/765/805 764/758/794 770/763/807
f 774/767/707 773/768/808 772/765/809
f 773/768/808 775/769/810 764/758/796
f 776/770/811 764/758/796 775/769/810
f 773/768/808 774/767/707 777/771/812
f 774/767/707 776/770/811 777/771/812
f 774/767/707 594/587/607 776/770/811
f 457/598/797 764/758/796 598/592/614
f 782/772/813 780/773/814 779/774/815
f 778/775/816 782/772/813 779/774/815
f 782/772/813 778/775/816 774/767/707
f 594/587/607 774/767/707 778/775/816
f 778/775/816 781/776/817 594/587/607
f 780/773/814 594/587/607 781/776/817
f 782/772/813 588/583/605 780/773/814
f 594/587/607 780/773/814 588/583/605
f 588/583/605 782/772/813 783/777/818
f 786/778/819 588/583/605 785/779/820
f 784/780/821 786/778/819 787/781/822
f 588/583/605 786/778/819 585/579/597
f 787/781/823 788/782/824 789/783/299
f 793/784/825 791/785/826 790/786/827
f 791/785/826 793/784/825 792/787/828
f 794/788/829 796/789/830 795/790/831
f 796/789/830 794/788/829 797/791/310
f 549/792/832 799/793/833 798/794/834
f 800/795/835 799/793/833 549/792/832
f 801/796/836 804/797/837 803/798/838
f 805/799/839 804/797/837 801/796/836
f 807/800/840 806/801/841 757/802/842
f 806/801/841 807/800/840 808/803/843
f 674/804/844 671/667/697 672/668/698
f 669/664/694 674/804/844 673/669/699
f 809/805/845 671/667/697 674/804/844
f 669/664/694 809/805/845 674/804/844
f 671/667/697 809/805/845 810/806/846
f 811/807/847 671/667/697 810/806/846
f 812/808/848 810/806/846 809/805/845
f 811/807/847 810/806/846 813/809/849
f 809/805/845 814/810/850 812/808/848
f 814/810/850 811/807/847 813/809/849
f 815/811/851 811/807/847 814/810/850
f 814/810/850 809/805/845 815/811/851
f 811/807/847 815/811/851 816/812/852
f 817/813/853 815/811/851 809/805/845
f 815/811/851 817/813/853 818/814/854
f 820/815/855 817/813/856 821/816/857
f 821/816/858 809/805/859 822/817/331
f 824/818/860 823/819/861 822/817/862
f 809/805/845 669/664/694 825/820/863
f 825/820/864 827/821/865 826/822/866
f 830/823/867 828/824/868 829/825/869
f 828/824/868 830/823/867 831/826/870
f 833/827/871 832/828/872 834/829/873
f 835/830/874 834/829/873 832/828/872
f 381/379/399 772/765/809 440/438/471
f 772/765/809 381/379/399 836/831/875
f 381/379/399 370/370/401 836/831/875
f 432/429/468 772/765/805 769/764/804
f 836/831/875 370/370/401 837/832/876
f 370/370/401 838/833/877 837/832/876
f 836/831/875 839/834/878 772/765/809
f 838/833/877 772/765/809 839/834/878
f 370/370/401 774/767/707 838/833/877
f 772/765/809 838/833/877 774/767/707
f 375/835/879 372/372/779 840/836/880
f 372/372/779 841/837/881 840/836/880
f 375/835/882 842/838/883 774/767/707
f 841/837/884 774/767/707 842/838/883
f 774/767/707 370/370/401 375/835/882
f 774/767/707 841/837/884 782/772/813
f 745/745/781 843/839/885 372/372/390
f 782/772/886 843/839/885 844/840/887
f 846/841/888 847/842/889 845/843/890
f 745/745/891 784/780/892 845/843/893
f 847/842/889 846/841/888 848/844/894
f 851/845/895 850/846/348 849/847/896
f 850/846/348 851/845/895 852/848/346
f 853/849/897 855/850/898 854/851/899
f 856/852/900 854/851/899 855/850/898
f 857/853/901 858/854/902 859/855/903
f 860/856/354 859/855/903 858/854/902
f 821/816/858 550/543/566 861/857/904
f 862/858/905 815/811/906 819/859/907
f 861/857/904 550/543/566 863/860/908
f 550/543/566 864/861/357 863/860/908
f 864/861/357 550/543/566 552/542/565
f 862/858/905 552/542/909 865/862/910
f 866/863/911 865/862/910 552/542/909
f 867/864/912 866/863/911 552/542/909
f 480/471/501 865/862/910 868/865/913
f 480/471/501 862/858/905 865/862/910
f 867/864/912 480/471/501 868/865/913
f 558/553/575 480/471/501 867/864/912
f 552/542/909 558/553/575 867/864/912
f 869/866/914 862/858/905 480/471/501
f 862/858/905 869/866/914 870/867/915
f 870/867/915 871/868/916 862/858/905
f 815/811/906 862/858/905 871/868/916
f 869/866/914 475/470/500 872/869/917
f 475/470/500 871/868/916 872/869/917
f 871/868/916 475/470/500 815/811/906
f 480/471/501 475/470/500 869/866/914
f 873/870/918 815/811/906 475/470/500
f 816/812/852 815/811/851 874/871/919
f 468/465/920 816/812/921 875/872/922
f 876/873/923 877/874/924 878/875/364
f 878/875/925 811/807/926 468/465/495
f 802/876/927 811/807/847 879/877/928
f 462/878/929 879/877/930 880/879/931
f 881/880/932 740/734/768 362/362/382
f 740/734/768 881/880/932 882/881/933
f 883/882/934 740/734/768 882/881/933
f 884/883/935 881/880/936 609/605/633
f 609/605/633 883/882/934 884/883/935
f 886/884/937 885/885/938 604/600/630
f 604/600/630 888/886/939 886/884/937
f 735/729/759 885/885/938 887/887/940
f 888/886/939 735/729/759 887/887/940
f 885/885/938 735/729/759 740/734/768
f 740/734/768 604/600/630 885/885/938
f 604/600/630 740/734/768 883/882/934
f 889/888/941 735/729/759 888/886/939
f 888/886/939 604/600/630 889/888/941
f 735/729/759 889/888/941 890/889/942
f 883/882/934 609/605/633 604/600/630
f 727/730/763 890/889/943 891/890/944
f 892/891/945 727/730/763 891/890/944
f 889/888/941 893/892/946 890/889/942
f 889/888/941 892/891/945 893/892/946
f 892/891/945 889/888/941 894/893/947
f 895/894/948 729/895/949 727/730/950
f 729/895/949 895/894/948 897/896/951
f 899/897/372 898/898/952 896/899/953
f 899/897/954 729/895/949 897/896/951
f 900/900/955 898/898/952 899/897/372
f 802/876/927 729/895/949 899/897/954
f 802/876/927 894/893/947 901/901/956
f 802/876/927 901/901/956 902/902/957
f 903/903/958 802/876/927 902/902/957
f 811/807/847 802/876/927 903/903/958
f 901/901/956 671/667/697 904/904/959
f 671/667/697 903/903/958 904/904/959
f 903/903/958 671/667/697 811/807/847
f 894/893/947 671/667/697 901/901/956
f 906/905/960 894/893/947 905/906/961
f 671/667/697 894/893/947 906/905/960
f 894/893/947 907/907/962 905/906/961
f 907/907/962 894/893/947 889/888/941
f 907/907/962 663/665/695 908/908/963
f 663/665/695 906/905/960 908/908/963
f 889/888/941 663/665/695 907/907/962
f 906/905/960 663/665/695 671/667/697
f 910/909/964 889/888/941 909/910/965
f 889/888/941 911/911/966 909/910/965
f 663/665/695 889/888/941 910/909/964
f 911/911/966 889/888/941 604/600/630
f 603/599/624 910/909/967 912/912/968
f 912/912/968 911/911/969 603/599/624
f 913/913/970 917/914/971 915/915/380
f 916/916/972 917/914/973 914/917/974
f 915/915/375 918/918/379 919/919/382
f 918/918/385 920/920/975 923/921/7
f 925/922/387 918/918/976 924/923/977
f 923/921/7 926/924/978 925/922/387
f 920/920/975 926/924/978 923/921/7
f 931/925/979 929/926/395 927/927/392
f 932/928/397 933/929/980 929/926/393
f 930/930/981 929/926/393 933/929/980
f 936/931/982 934/932/983 931/925/984
f 937/933/985 935/934/986 934/932/983
f 941/935/987 935/934/986 940/936/988
f 940/936/988 942/937/989 939/938/403
f 943/939/990 942/937/989 940/936/988
f 940/936/988 935/934/986 944/940/991
f 935/934/986 937/933/985 944/940/991
f 949/941/417 946/942/992 947/943/993
f 948/944/994 949/941/417 947/943/993
f 946/942/992 949/941/417 945/945/416
f 950/946/418 949/941/417 948/944/994
f 948/944/995 941/935/996 951/947/997
f 941/935/996 953/948/998 952/949/19
f 951/947/997 941/935/996 954/950/999
f 958/951/427 956/952/1000 957/953/1001
f 956/952/1000 958/951/427 959/954/1002
f 963/955/1003 960/946/1004 961/956/1005
f 962/945/1006 963/955/1003 961/956/1005
f 960/946/1004 963/955/1003 964/944/1007
f 963/955/1003 962/945/1006 965/942/1008
f 970/957/1009 967/958/1010 968/959/1011
f 968/959/1011 969/960/434 970/957/1009
f 967/958/1010 970/957/1009 971/961/1012
f 970/957/1009 969/960/434 972/962/1013
f 973/963/1014 962/945/430 966/964/461
f 975/965/1015 976/966/32 974/967/30
f 955/968/24 974/967/30 976/966/32
f 976/966/32 975/965/1015 973/963/1014
f 979/969/1016 976/966/32 978/970/1017
f 976/966/32 977/971/1018 978/970/1017
f 977/971/1018 980/972/1019 979/969/1016
f 976/966/32 979/969/1016 980/972/1019
f 980/972/1019 977/971/1018 981/973/1020
f 976/966/32 981/973/1020 977/971/1018
f 981/973/1020 976/966/32 982/974/443
f 973/963/1014 982/974/443 976/966/32
f 981/973/1020 982/974/443 983/975/1021
f 984/976/446 981/973/1020 983/975/1021
f 981/973/1020 984/976/446 985/977/1022
f 984/976/446 986/978/1023 973/963/1014
f 982/974/443 973/963/1014 986/978/1023
f 966/964/461 988/939/462 973/963/1014
f 988/939/1024 989/937/1025 985/977/448
f 990/979/453 985/977/448 989/937/1025
f 966/964/461 991/980/468 990/979/459
f 992/933/458 993/940/1026 990/979/459
f 988/939/1027 994/981/1028 987/936/1029
f 991/980/468 966/964/461 997/930/466
f 997/930/1030 999/982/1031 995/929/1032
f 999/982/1031 998/927/471 996/925/1033
f 999/982/1031 997/930/1030 1000/983/1034
f 1000/983/1034 998/927/471 999/982/1031
f 1001/984/1035 1007/985/1036 1006/986/1037
f 1007/985/1036 1001/984/1035 1005/987/1038
f 1008/988/46 1002/989/38 1004/990/1039
f 1005/987/41 1009/991/45 1008/988/1040
f 1010/992/47 1009/991/45 1005/987/41
f 1003/993/39 1012/994/1041 1011/995/1042
f 1011/995/1042 1012/994/1041 1013/996/1043
f 1012/994/1041 1014/997/1044 1013/996/1043
f 1014/997/1044 1012/994/1041 1015/998/1045
f 1010/992/145 1011/995/1042 1016/999/1046
f 1016/999/1046 1014/997/50 1010/992/145
f 1020/1000/1047 1019/1001/1048 1018/1002/480
f 1019/1001/1048 1020/1000/1047 1021/1003/55
f 1023/1004/1049 1021/1003/55 1024/1005/1050
f 1024/1005/1050 1017/1006/53 1023/1004/1049
f 1022/1007/307 1024/1005/1050 1021/1003/55
f 1025/1008/1051 1026/1009/1052 1027/1010/622
f 1028/1011/1053 1027/1010/622 1026/1009/1052
f 1026/1009/1052 1025/1008/1051 1029/1012/59
f 1030/1013/484 1029/1012/59 1025/1008/1051
f 1028/1011/1053 1026/1009/1052 1031/1014/1054
f 1030/1013/484 1028/1011/1053 1031/1014/1054
f 1032/1015/1055 1028/1011/1053 1030/1013/484
f 1025/1008/1051 1032/1015/1055 1030/1013/484
f 1025/1008/609 1034/1016/1056 1033/1017/1057
f 1032/1015/1055 1035/1018/1058 1028/1011/1053
f 1036/1019/1059 1028/1011/1053 1035/1018/1058
f 1035/1018/1058 1032/1015/1055 1037/1020/64
f 1036/1019/1059 1035/1018/1058 1038/1021/1060
f 1039/1022/65 1036/1019/1059 1038/1021/1060
f 1032/1015/1055 1039/1022/65 1037/1020/64
f 1036/1019/1059 1039/1022/65 1040/1023/1061
f 1032/1015/1055 1040/1023/1061 1039/1022/65
f 1040/1023/1061 1041/1024/1062 1036/1019/1059
f 1042/1025/1063 1036/1019/1059 1041/1024/1062
f 1041/1024/1062 1040/1023/1061 1043/1026/1064
f 1042/1025/1063 1041/1024/1062 1044/1027/1065
f 1045/1028/1066 1042/1025/1063 1044/1027/1065
f 1040/1023/1061 1045/1028/1066 1043/1026/1064
f 1046/1029/1067 1042/1025/1063 1045/1028/1066
f 1040/1023/1061 1046/1029/1067 1045/1028/1066
f 1048/1030/1068 1042/1025/1069 1047/1031/1070
f 1049/1032/1071 1051/1033/75 1050/1034/1072
f 1051/1033/75 1049/1032/1071 1052/1035/1073
f 1047/1031/1074 1046/1029/1075 1053/1036/72
f 1048/1030/1076 1051/1033/1077 1055/1037/1078
f 1054/1038/1079 1057/1039/1080 1056/1040/1081
f 1056/1040/1081 1057/1039/1080 1059/1041/1082
f 1057/1039/1080 1058/1042/1083 1059/1041/1082
f 1059/1041/1082 1058/1042/1083 1060/1043/298
f 1066/1044/1084 1063/1045/1085 1064/1046/1086
f 1066/1044/1084 1064/1046/1086 1065/1047/515
f 1065/1047/515 1067/1048/1087 1066/1044/1084
f 1061/1049/1088 1069/1050/1089 1068/1051/1090
f 1061/1049/1088 1055/1037/1078 1071/1052/1091
f 1062/1053/510 1069/1050/1092 1070/1054/1093
f 1069/1050/1092 1062/1053/510 1072/1055/518
f 1076/1056/1094 1074/1057/1095 1075/1058/1096
f 1075/1058/1096 1077/1059/1097 1076/1056/1094
f 1073/1060/1098 1081/1061/90 1078/1062/1099
f 1073/1060/1100 1083/1063/1101 1082/1064/1102
f 1083/1063/1101 1085/1065/1103 1084/1066/1104
f 1085/1065/1105 1078/1062/1099 1081/1061/90
f 1073/1060/1100 1086/1067/1106 1083/1063/1101
f 1086/1067/1106 1085/1065/1103 1083/1063/1101
f 1086/1067/1106 1073/1060/1100 1087/1068/179
f 1079/1069/1107 1088/1070/98 1080/1071/1108
f 1094/1072/1109 1091/1073/1110 1092/1074/1111
f 1093/1075/1112 1094/1072/1109 1092/1074/1111
f 1094/1072/1109 1093/1075/1112 1095/1076/1113
f 1090/1073/1114 1097/1077/1115 1096/1078/1116
f 1097/1077/1115 1090/1073/1114 1098/1079/1117
f 1097/1077/1115 1098/1079/1117 1099/1075/1118
f 1102/1080/1119 1100/1081/1120 1089/1082/1121
f 1105/988/1122 1102/1080/1119 1104/990/1123
f 1102/1080/1119 1105/988/1122 1107/1083/1124
f 1103/985/1125 1107/1083/1124 1106/987/1126
f 1108/1084/1127 1100/1081/1128 1103/985/1129
f 1086/1067/1106 1109/1085/539 1085/1065/1103
f 1111/1086/1130 1109/1085/1131 1110/999/1132
f 1109/1085/1131 1111/1086/1130 1108/1084/1127
f 1109/1085/539 1086/1067/1106 1112/1087/1133
f 1113/1088/1134 1112/1087/1133 1086/1067/1106
f 1086/1067/1106 1114/1089/1135 1113/1088/1134
f 1114/1089/1136 1117/1001/1137 1116/1002/1138
f 1118/1006/1139 1119/1004/1140 1115/1090/1141
f 1117/1001/1142 1119/1004/1143 1120/1003/133
f 1115/1090/1141 1119/1004/1140 1121/1091/1144
f 1122/1092/1145 1108/1084/1127 1115/1090/1146
f 1124/1093/1147 1127/1094/1148 1126/1095/1149
f 1127/1094/1148 1124/1093/1147 1128/1096/1150
f 1128/1096/1150 1125/1097/1151 1127/1094/1148
f 1125/1097/1151 1128/1096/1150 1123/1098/1152
f 1130/1099/1153 1131/1100/143 1129/1101/141
f 1101/1102/545 1131/1100/143 1132/1103/1154
f 1131/1100/143 1130/1099/1153 1132/1103/1154
f 1136/1093/1155 1134/1104/1156 1133/1095/1157
f 1134/1104/1156 1136/1093/1155 1137/1105/1158
f 1137/1105/1158 1138/1098/147 1134/1104/1156
f 1134/1104/1156 1138/1098/147 1135/1097/1159
f 1141/1106/1160 1140/1107/1161 1143/1108/151
f 1143/1108/151 1142/1109/1162 1141/1106/1160
f 1139/1110/150 1143/1108/151 1140/1107/1161
f 1142/1109/1162 1143/1108/151 1144/1111/1163
f 1147/1112/1164 1122/1092/1165 1117/1001/1166
f 1145/1113/1167 1148/1114/1168 1146/1115/1169
f 1150/1116/1170 1149/1117/1171 1148/1114/1168
f 1148/1114/1168 1145/1113/1167 1150/1116/1170
f 1149/1117/1171 1150/1116/1170 1151/1118/157
f 1152/1119/550 1153/1120/1172 1155/1121/1173
f 1033/1017/1057 1034/1016/1056 1154/1122/160
f 1034/1016/1174 1147/1112/1175 1155/1121/161
f 1032/1015/1176 1033/1017/1057 1156/1123/1177
f 1040/1023/1061 1032/1015/1055 1157/1124/1178
f 1157/1124/1179 1147/1112/1180 1158/1125/1181
f 1147/1112/1180 1159/1126/167 1158/1125/1181
f 1040/1023/1061 1157/1124/1178 1160/1127/1182
f 1159/1126/1183 1040/1023/1061 1160/1127/1182
f 1040/1023/1061 1159/1126/1183 1114/1089/1135
f 1114/1089/1135 1161/1128/1184 1040/1023/1061
f 1046/1029/1067 1040/1023/1061 1161/1128/1184
f 1161/1128/1184 1114/1089/1135 1162/1129/1185
f 1114/1089/1135 1163/1130/173 1162/1129/1185
f 1114/1089/1135 1086/1067/1106 1163/1130/173
f 1046/1029/1067 1163/1130/173 1086/1067/1106
f 1046/1029/1067 1161/1128/1184 1164/1131/1186
f 1163/1130/173 1046/1029/1067 1164/1131/1186
f 1086/1067/1106 1087/1068/179 1166/1132/1187
f 1165/1133/1188 1087/1068/1189 1167/1134/1190
f 1087/1068/1189 1055/1037/1078 1167/1134/1190
f 1168/1135/1191 1086/1067/1106 1166/1132/1187
f 1086/1067/1106 1168/1135/1191 1046/1029/1067
f 1169/1136/1192 1012/994/1041 1170/1137/564
f 1171/1138/1193 1170/1137/1194 1172/1133/1195
f 1170/1137/564 1012/994/1041 1173/1139/182
f 1174/1140/1196 1171/1138/1193 1172/1133/1195
f 1012/994/1041 1174/1140/1196 1173/1139/182
f 1012/994/1041 1175/1141/1197 1174/1140/1196
f 1178/1142/575 1171/1138/1198 1177/1143/571
f 1177/1143/571 1179/1053/574 1178/1142/575
f 1177/1143/571 1180/1144/184 1176/1052/1199
f 1181/1145/186 1176/1052/1199 1180/1144/184
f 1183/1146/573 1179/1053/1200 1182/1055/1201
f 1190/1147/577 1187/1148/1202 1188/1149/1203
f 1189/1150/1204 1190/1147/577 1188/1149/1203
f 1187/1148/1202 1190/1147/577 1191/1151/1205
f 1192/1152/578 1190/1147/577 1189/1150/1204
f 1186/1153/1206 1193/1045/580 1194/1154/1207
f 1193/1045/580 1186/1153/1206 1184/1155/1208
f 1186/1153/1206 1194/1154/1207 1195/1047/1209
f 1185/1156/1210 1196/1157/1211 1197/1158/585
f 1197/1158/585 1198/1159/194 1185/1156/1210
f 1199/1160/592 1175/1141/1197 1200/1161/1212
f 1175/1141/1197 1202/1162/201 1201/1163/197
f 1175/1141/1197 1012/994/1041 1202/1162/201
f 1203/1164/591 1202/1162/201 1003/993/39
f 1012/994/1041 1003/993/39 1202/1162/201
f 1206/1165/205 1204/1166/1213 1205/1167/1214
f 1017/1006/53 1024/1005/1050 1010/992/47
f 1211/1168/1215 1207/1113/1216 1208/1169/1217
f 1208/1169/1217 1209/1118/1218 1211/1168/1215
f 1212/1117/1219 1211/1168/1215 1209/1118/1218
f 1207/1113/1216 1211/1168/1215 1213/1115/1220
f 1215/1170/598 1214/1171/1221 1217/1172/214
f 1217/1172/214 1216/1173/596 1215/1170/598
f 1218/1174/1222 1217/1172/214 1214/1171/1221
f 1216/1173/596 1217/1172/214 1219/1175/216
f 1222/1176/604 1221/1177/603 1225/1178/1223
f 1225/1178/1223 1223/1179/1224 1222/1176/604
f 1220/1180/1225 1225/1178/1223 1221/1177/603
f 1223/1179/1224 1225/1178/1223 1226/1181/221
f 1025/1008/1051 1224/1182/615 1223/1179/1226
f 1034/1016/1056 1025/1008/609 1221/1177/608
f 1224/1182/615 1229/1183/226 1228/1184/616
f 1229/1183/226 1224/1182/615 1025/1008/1051
f 1227/1185/614 1230/1186/617 1027/1010/1227
f 1229/1183/226 1027/1010/1227 1230/1186/617
f 1236/1187/1228 1235/1188/630 1239/1189/627
f 1240/1190/1229 1242/1191/1230 1238/1192/1231
f 1241/1193/633 1243/1194/634 1240/1190/631
f 1243/1194/634 1236/1187/1228 1242/1191/1232
f 1237/1195/1233 1244/1196/1234 1236/1187/1228
f 1236/1187/1228 1243/1194/634 1234/1197/624
f 1246/1198/1235 1245/1199/643 1241/1193/1236
f 1241/1193/1236 1247/1200/639 1246/1198/1235
f 1247/1200/639 1241/1193/1236 1248/1201/233
f 1247/1200/639 1250/1202/1237 1249/1203/1238
f 1250/1202/1237 1245/1199/643 1249/1203/1238
f 1248/1201/233 1250/1202/1237 1247/1200/639
f 1245/1199/643 1250/1202/1237 1243/1194/634
f 919/919/382 1251/1204/646 1252/1205/1239
f 1252/1205/1239 1253/1206/236 919/919/382
f 1241/1193/642 919/919/382 1253/1206/236
f 1251/1204/646 919/919/382 918/918/379
f 1248/1201/233 918/918/385 1254/1207/1240
f 1254/1207/1240 918/918/385 1255/1208/1241
f 918/918/385 1256/1209/1242 1255/1208/1241
f 1256/1209/649 1258/1210/1243 1257/1211/1244
f 1258/1210/1243 1254/1207/1240 1257/1211/1244
f 926/924/1245 1258/1210/1243 1256/1209/649
f 1254/1207/1240 1258/1210/1243 1248/1201/233
f 1261/1212/1246 1258/1210/1243 1262/1213/661
f 1258/1210/1243 1260/1214/1247 1262/1213/661
f 1260/1214/1247 1263/1215/1248 1261/1212/1246
f 1263/1215/1248 1258/1210/1243 1261/1212/1246
f 1258/1210/1243 926/924/1245 1260/1214/1247
f 926/924/1245 1263/1215/1248 1260/1214/1247
f 1264/1216/1249 1258/1210/1243 1263/1215/1248
f 1263/1215/1248 941/935/996 1264/1216/1249
f 1264/1216/1249 941/935/996 1265/1217/1250
f 941/935/996 1266/1218/666 1265/1217/1250
f 1258/1210/1243 1264/1216/1249 1267/1219/1251
f 1266/1218/666 1258/1210/1243 1267/1219/1251
f 938/1220/1252 1258/1210/1243 1266/1218/666
f 1258/1210/1243 938/1220/1252 1269/1221/1253
f 1269/1221/1253 1248/1201/233 1258/1210/1243
f 1248/1201/233 1269/1221/1253 1259/1222/654
f 1269/1221/1253 938/1220/1252 1268/1223/1254
f 1259/1222/654 1270/1224/669 1248/1201/233
f 938/1220/1252 1270/1224/669 1268/1223/1254
f 1250/1202/1237 1248/1201/233 1270/1224/669
f 1270/1224/669 938/1220/1252 1250/1202/1237
f 1271/1225/1255 1250/1202/1237 938/1220/1252
f 1250/1202/1237 1271/1225/1255 1272/1226/1256
f 1272/1226/1256 1273/1227/674 1250/1202/1237
f 1271/1225/1255 934/932/983 1274/1228/1257
f 934/932/983 1273/1227/674 1274/1228/1257
f 938/1220/1252 934/932/983 1271/1225/1255
f 1275/1229/1258 1250/1202/1237 1273/1227/674
f 934/932/983 1275/1229/1258 1273/1227/674
f 1250/1202/1237 1275/1229/1258 1276/1230/1259
f 1276/1230/1259 1243/1194/634 1250/1202/1237
f 1276/1230/1259 1275/1229/1258 1277/1231/1260
f 1243/1194/634 1276/1230/1259 1278/1232/1261
f 1278/1232/1261 1279/1233/1262 1243/1194/634
f 1275/1229/1258 1279/1233/1262 1277/1231/1260
f 1280/1234/1263 1243/1194/634 1279/1233/1262
f 1275/1229/1258 1280/1234/1263 1279/1233/1262
f 1243/1194/634 1280/1234/1263 1281/1235/1264
f 1234/1197/624 1243/1194/634 1281/1235/1264
f 1281/1235/1264 1280/1234/1263 1282/1236/246
f 1281/1235/1264 1283/1237/1265 1234/1197/624
f 1283/1237/1265 1284/1238/247 1234/1197/624
f 1280/1234/1263 1284/1238/247 1282/1236/246
f 1285/1239/1266 1234/1197/624 1284/1238/247
f 1280/1234/1263 1285/1239/1266 1284/1238/247
f 1286/1240/689 1287/1241/1267 1234/1197/624
f 1287/1241/1267 1286/1240/689 1288/1242/1268
f 1289/1243/250 1287/1241/1267 1288/1242/1268
f 1290/1244/1269 1287/1241/1267 1289/1243/250
f 1292/1245/1270 1294/1246/1271 1291/1247/1272
f 1294/1246/1271 1292/1245/1270 1295/1248/1273
f 1295/1248/1273 1296/1249/844 1294/1246/1271
f 1294/1246/1271 1296/1249/844 1293/1250/1274
f 1297/1251/1275 1298/1252/1276 921/1253/1277
f 1298/1252/1276 1297/1251/1275 1299/1254/702
f 1301/1255/1278 1300/917/1279 1303/1256/703
f 1303/1256/703 1302/913/1280 1301/1255/1278
f 922/916/1281 1303/1256/703 1300/917/1279
f 1302/913/1280 1303/1256/703 1304/915/1282
f 1307/1257/1283 980/972/1019 1309/1258/1284
f 980/972/1019 1308/1259/1285 1309/1258/1284
f 980/972/1019 1305/1260/1286 1308/1259/1285
f 1305/1260/1286 980/972/1019 1310/1261/1287
f 1305/1260/1286 1310/1261/1287 1311/1262/1288
f 1312/1263/1289 1305/1260/1286 1311/1262/1288
f 1310/1261/1287 981/973/1020 1313/1264/1290
f 1312/1263/1289 1313/1264/1290 981/973/1020
f 981/973/1020 1310/1261/1287 980/972/1019
f 1305/1260/1286 1312/1263/1289 1314/1265/1291
f 981/973/1020 1314/1265/1291 1312/1263/1289
f 1315/1266/1292 1314/1265/1293 1318/1267/1294
f 1319/1205/1295 1320/1268/1296 1317/1269/1297
f 1320/1268/1298 1318/1267/1294 1314/1265/1293
f 1320/1268/1296 1319/1205/1295 1321/1206/720
f 1322/1270/1299 1324/1271/727 1323/1272/726
f 1325/1273/728 1322/1270/1299 1323/1272/726
f 1324/1271/727 1327/1274/1300 1326/1275/1301
f 1325/1273/1302 1326/1275/1301 1327/1274/1300
f 1327/1274/1300 1324/1271/727 1314/1265/1291
f 1327/1274/1300 1328/1276/1303 1325/1273/1302
f 1314/1265/1291 1329/1277/1304 1327/1274/1300
f 1329/1277/1304 1314/1265/1291 1330/1278/1305
f 1314/1265/1291 1331/1279/732 1330/1278/1305
f 1314/1265/1291 981/973/1020 1331/1279/732
f 1331/1279/732 985/977/1022 1332/1280/1306
f 1329/1277/1304 1332/1280/1306 985/977/1022
f 985/977/1022 1331/1279/732 981/973/1020
f 985/977/1022 1327/1274/1300 1329/1277/1304
f 1327/1274/1300 985/977/1022 1333/1281/1307
f 1327/1274/1300 1333/1281/1307 1335/1282/739
f 1336/1283/743 1327/1274/1300 1335/1282/739
f 1327/1274/1300 1336/1283/743 1337/1284/742
f 1333/1281/1307 991/980/468 1338/1285/1308
f 1336/1283/743 1338/1285/1308 991/980/468
f 1338/1285/1309 1334/1227/1310 1339/1228/1311
f 991/980/468 1333/1281/1307 985/977/1022
f 1328/1276/1303 1342/1286/1312 1341/1287/1313
f 1343/1288/1314 1328/1276/1303 1341/1287/1313
f 1342/1286/1312 1337/1284/742 1340/1289/1315
f 1343/1288/1314 1340/1289/1315 1337/1284/742
f 1328/1276/1303 1327/1274/1300 1342/1286/1312
f 1337/1284/742 1342/1286/1312 1327/1274/1300
f 1344/1290/1316 1328/1276/1303 1343/1288/1314
f 1337/1284/742 1344/1290/1316 1343/1288/1314
f 1346/1291/1317 1344/1290/1316 1345/1292/1318
f 1347/1293/1319 1345/1292/1318 1344/1290/1316
f 1344/1290/1316 1346/1291/1317 1328/1276/1303
f 1349/1294/1320 1346/1291/1317 1348/1295/1321
f 1347/1293/1319 1349/1294/1320 1348/1295/1321
f 1344/1290/1316 1350/1296/1322 1347/1293/1319
f 1350/1296/1322 1349/1294/1320 1347/1293/1319
f 1328/1276/1323 1349/1294/1320 1351/1195/757
f 1351/1195/757 1352/1196/281 1328/1276/1323
f 1353/1192/1324 1328/1276/1323 1352/1196/281
f 1328/1276/1323 1353/1192/1324 1322/1270/1299
f 1355/1297/1325 1353/1192/1326 1354/1189/1327
f 1354/1189/1327 1351/1195/1328 1355/1297/1325
f 1322/1270/1329 1356/1298/1330 1357/1299/1331
f 1357/1299/1332 1361/1300/1333 1359/1301/764
f 1360/1302/1334 1361/1300/1333 1358/1303/1335
f 1361/1300/1333 1357/1299/1332 1362/1304/1336
f 1362/1304/1336 1358/1303/1335 1361/1300/1333
f 1306/1305/707 1365/1306/1337 1316/1307/1338
f 1363/1308/1339 1365/1306/1337 1364/1309/771
f 1365/1306/1337 1306/1305/707 1366/1310/1340
f 1366/1310/1340 1364/1309/771 1365/1306/1337
f 1367/1311/1341 1280/1234/1263 1368/1312/1342
f 1369/1313/1343 1368/1312/1342 1280/1234/1263
f 1280/1234/1263 1370/1314/1344 1369/1313/1343
f 1370/1314/1344 1280/1234/1263 1275/1229/1258
f 1372/1315/1345 1368/1312/1342 1371/1316/290
f 1370/1314/1344 1372/1315/1345 1371/1316/290
f 1372/1315/1345 1367/1311/1341 1368/1312/1342
f 1372/1315/1346 1275/1229/1258 1373/1317/1347
f 1375/1318/1348 1374/1319/1349 1275/1229/1258
f 1275/1229/1258 934/932/983 1375/1318/1348
f 1377/1320/1350 1376/1321/1351 1375/1318/1352
f 1375/1318/1352 936/931/1353 1378/1322/1354
f 936/931/1353 1373/1317/1355 1378/1322/1354
f 1027/1010/622 1344/1290/1316 1379/1323/1356
f 1379/1323/1356 1344/1290/1316 1380/1324/1357
f 1344/1290/1316 1381/1325/795 1380/1324/1357
f 1344/1290/1316 1337/1284/742 1381/1325/795
f 1381/1325/795 1382/1326/1358 1383/1327/1359
f 1379/1323/1356 1383/1327/1359 1382/1326/1358
f 1337/1284/742 1386/1320/1360 1385/1321/799
f 1387/1328/807 1337/1284/742 1385/1321/799
f 1382/1326/1358 1337/1284/742 1387/1328/807
f 1387/1328/807 1384/1317/1361 1388/1322/1354
f 1388/1322/1354 1386/1320/1360 1389/1329/1362
f 1389/1329/1362 1387/1328/807 1388/1322/1354
f 1382/1326/794 1390/1330/805 1392/1331/1363
f 1392/1331/808 1394/1332/1364 1391/1333/1365
f 1394/1332/1364 1395/1334/1366 1393/1335/1367
f 1394/1332/1364 1392/1331/808 1396/1336/1368
f 1396/1336/1368 1395/1334/1366 1394/1332/1364
f 1224/1182/615 1382/1326/1369 1395/1334/1370
f 1224/1182/615 1227/1185/1371 1382/1326/1369
f 1400/1337/816 1399/1338/1372 1397/1339/1373
f 1399/1338/1372 1400/1337/816 1402/1340/815
f 1401/1341/1374 1399/1338/1372 1403/1342/814
f 1402/1340/815 1403/1342/814 1399/1338/1372
f 1404/1179/818 1407/1343/822 1406/1181/298
f 1408/1180/1375 1407/1343/1376 1405/1177/819
f 1409/1344/299 1406/1181/298 1407/1343/822
f 1410/1345/1377 1398/1346/1378 1406/1181/1379
f 1210/1347/212 1410/1345/1380 1408/1180/1375
f 1410/1345/1380 1210/1347/212 1411/1348/301
f 1411/1348/301 1210/1347/212 1413/1120/1381
f 1412/1349/300 1411/1348/301 1414/1350/1382
f 1415/1017/1383 1414/1350/1382 1411/1348/301
f 1210/1347/212 1416/1119/302 1413/1120/1381
f 1414/1350/1382 1415/1017/1383 1417/1123/1384
f 1210/1347/212 1022/1007/307 1416/1119/302
f 1418/1351/308 1419/1352/1385 1412/1349/1386
f 1419/1352/1385 1418/1351/308 1420/1353/831
f 1421/1354/1387 1419/1352/1385 1420/1353/831
f 1422/1355/1388 1418/1351/308 1022/1007/307
f 1022/1007/307 1421/1354/312 1422/1355/1388
f 1015/998/1045 1419/1352/1385 1421/1354/1387
f 1419/1352/1385 1015/998/1045 1423/1356/1389
f 1169/1136/1192 1419/1352/1385 1423/1356/1389
f 1169/1136/1192 1423/1356/1389 1424/1357/1390
f 1425/1358/314 1423/1356/1389 1015/998/1045
f 1426/1359/1391 1169/1136/1192 1424/1357/1390
f 1015/998/1045 1426/1359/1391 1425/1358/314
f 1012/994/1041 1169/1136/1192 1426/1359/1391
f 1426/1359/1391 1015/998/1045 1012/994/1041
f 1428/1360/839 1429/1361/1392 1427/1362/1393
f 1429/1361/1392 1430/1363/1394 1427/1362/1393
f 1430/1363/1394 1028/1011/1053 1431/1364/1395
f 1428/1360/1396 1431/1364/1395 1028/1011/1053
f 1028/1011/1053 1430/1363/1394 1350/1296/1322
f 1028/1011/1053 1036/1019/1059 1428/1360/1396
f 1432/1365/1397 1350/1296/1322 1433/1366/1398
f 1350/1296/1322 1434/1367/1399 1433/1366/1398
f 1350/1296/1322 1432/1365/1397 1028/1011/1053
f 1350/1296/1322 1344/1290/1316 1434/1367/1399
f 1027/1010/622 1432/1365/1397 1435/1368/325
f 1434/1367/1399 1027/1010/622 1435/1368/325
f 1432/1365/1397 1027/1010/622 1028/1011/1053
f 1027/1010/622 1434/1367/1399 1344/1290/1316
f 1441/1369/1400 1439/1370/846 1440/1371/1401
f 1439/1370/846 1441/1369/1400 1437/1372/1402
f 1440/1371/1401 1442/1373/1403 1441/1369/1400
f 1441/1369/1400 1442/1373/1403 1443/1374/1404
f 1446/1375/856 1450/1376/327 1447/1377/1405
f 1449/1378/1406 1450/1376/327 1448/1379/1407
f 1450/1376/327 1446/1375/856 1451/1380/1408
f 1436/1381/1409 1452/1382/1410 1446/1375/856
f 1453/1383/1411 1436/1381/1409 1455/1384/1412
f 1436/1381/1409 1456/1385/1413 1455/1384/1412
f 1456/1385/1413 1457/1386/330 1454/1387/1414
f 1459/1388/865 1453/1383/331 1458/1389/1415
f 1290/1244/1416 1459/1388/865 1456/1385/864
f 1453/1383/331 1459/1388/865 1452/1382/1417
f 1459/1388/865 1290/1244/1416 1460/1390/1418
f 1460/1390/1418 1290/1244/1416 1461/1391/869
f 1290/1244/1416 1462/1392/1419 1461/1391/869
f 1462/1392/1419 1290/1244/1416 1285/1239/1266
f 1464/1393/1420 1460/1390/1418 1463/1394/1421
f 1462/1392/1419 1464/1393/1420 1463/1394/1421
f 1464/1393/1420 1459/1388/865 1460/1390/1418
f 1285/1239/1266 1464/1393/1420 1462/1392/1419
f 1466/1395/874 1285/1239/1266 1465/1396/1422
f 1464/1393/1420 1285/1239/1266 1466/1395/874
f 1285/1239/1266 1467/1397/1423 1465/1396/1422
f 1467/1397/1423 1285/1239/1266 1280/1234/1263
f 1467/1397/1423 1367/1311/1341 1468/1398/1424
f 1367/1311/1341 1466/1395/874 1468/1398/1424
f 1280/1234/1263 1367/1311/1341 1467/1397/1423
f 1466/1395/874 1367/1311/1341 1464/1393/1420
f 1390/1330/1425 991/980/468 998/927/471
f 1337/1284/742 991/980/468 1386/1320/1360
f 1470/1399/875 1471/1400/876 1469/1401/1339
f 1469/1401/1339 1471/1400/876 1473/1402/1426
f 1474/1403/1427 1471/1400/876 1472/1404/1428
f 1471/1400/876 1474/1403/1427 1473/1402/1426
f 1478/1405/880 1476/1406/1429 1475/1333/1430
f 1478/1405/880 1477/1335/1431 1476/1406/1429
f 928/1331/879 1478/1405/880 1475/1333/1430
f 1477/1335/1431 1478/1405/880 1479/1334/1432
f 1481/1407/1433 1483/1186/1434 1484/1408/1435
f 1398/1346/1378 1482/1409/888 1480/1410/341
f 1481/1407/1433 1398/1346/1378 1480/1410/341
f 1372/1315/1346 1398/1346/1378 1481/1407/1433
f 1482/1409/888 1398/1346/1378 1410/1345/1377
f 1367/1311/1341 1410/1345/1380 1485/1411/1436
f 1485/1411/1436 1464/1393/1420 1367/1311/1341
f 1464/1393/1420 1485/1411/1436 1486/1412/1437
f 1487/1413/348 1464/1393/1420 1486/1412/1437
f 1485/1411/1436 1410/1345/1380 1488/1414/345
f 1410/1345/1380 1487/1413/348 1488/1414/345
f 1410/1345/1380 1412/1349/1386 1487/1413/348
f 1412/1349/1386 1464/1393/1420 1487/1413/348
f 1464/1393/1420 1412/1349/1386 1489/1415/1438
f 1459/1388/865 1464/1393/1420 1489/1415/1438
f 1489/1415/1438 1412/1349/1386 1490/1416/349
f 1489/1415/1438 1491/1417/1439 1459/1388/865
f 1492/1418/1440 1459/1388/865 1491/1417/1439
f 1412/1349/1386 1492/1418/1440 1490/1416/349
f 1419/1352/1385 1459/1388/865 1492/1418/1440
f 1492/1418/1440 1412/1349/1386 1419/1352/1385
f 1459/1388/865 1419/1352/1385 1493/1419/1441
f 1493/1419/1441 1452/1382/1417 1459/1388/865
f 1493/1419/1441 1419/1352/1385 1494/1420/1442
f 1452/1382/1417 1493/1419/1441 1495/1421/1443
f 1496/1422/354 1452/1382/1417 1495/1421/1443
f 1419/1352/1385 1496/1422/354 1494/1420/1442
f 1169/1136/1192 1452/1382/1417 1496/1422/354
f 1496/1422/354 1419/1352/1385 1169/1136/1192
f 1498/1423/904 1499/1424/1444 1452/1382/1417
f 1448/1379/1445 1452/1382/1417 1499/1424/1444
f 1498/1423/904 1500/1425/359 1497/1031/1446
f 1499/1424/1444 1498/1423/904 1501/1032/1447
f 1497/1031/1446 1500/1425/359 1502/1036/1448
f 1503/1035/357 1499/1424/1444 1501/1032/1447
f 1171/1138/1193 1499/1424/1444 1503/1035/357
f 1506/1426/1449 1504/1038/1450 1505/1427/1451
f 1505/1427/1451 1507/1042/1452 1506/1426/1449
f 1504/1038/1450 1506/1426/1449 1508/1040/1453
f 1506/1426/1449 1507/1042/1452 1509/1043/1454
f 1513/1428/1455 1511/1429/1456 1510/1430/914
f 1511/1429/1456 1513/1428/1455 1514/1431/1457
f 1511/1429/1456 1515/1432/1458 1512/1433/916
f 1515/1432/1458 1511/1429/1456 1514/1431/1457
f 1517/1434/1459 1518/1379/1460 1516/1378/1461
f 1445/1377/1462 1519/1435/919 1517/1434/1459
f 1518/1379/1460 1517/1434/1459 1519/1435/919
f 1444/1375/921 1519/1435/919 1445/1377/1462
f 1042/1025/1069 1048/1030/1068 1516/1378/1463
f 1042/1025/1464 1445/1377/1462 1438/1436/1465
f 1523/1384/1466 1520/1437/1467 1521/1438/1468
f 1522/1387/1469 1523/1384/1466 1521/1438/1468
f 1036/1019/1059 1520/1437/1470 1524/1386/1471
f 1522/1387/1472 1036/1019/1059 1524/1386/1471
f 1520/1437/1470 1036/1019/1059 1042/1025/1063
f 1036/1019/1059 1522/1387/1472 1429/1361/1392
f 1525/1302/932 1529/1439/370 1526/1303/1473
f 1527/1299/1474 1529/1439/1475 1528/1301/1476
f 1529/1439/370 1525/1302/932 1530/1440/1477
f 919/919/382 1241/1193/642 1525/1302/936
f 1533/1441/938 1532/1442/1478 1531/1443/1479
f 1532/1442/1478 1533/1441/938 1534/1444/1480
f 1534/1444/1480 1535/1445/939 1532/1442/1478
f 1532/1442/1478 1535/1445/939 1536/1446/1481
f 1356/1298/1330 1349/1294/1320 1537/1447/1482
f 1538/1448/1483 1540/1449/1484 1537/1447/1482
f 1537/1447/1482 1540/1449/1484 1541/1450/1485
f 1540/1449/1484 1542/1451/1486 1541/1450/1485
f 1542/1451/1486 1540/1449/1484 1539/1452/945
f 1349/1294/1320 1543/1453/1487 1542/1451/1488
f 1543/1453/1487 1349/1294/1320 1544/1454/1489
f 1544/1454/1489 1350/1296/1490 1545/1455/1491
f 1546/1456/374 1545/1455/1491 1350/1296/1490
f 1429/1361/1392 1543/1453/1492 1546/1456/374
f 1550/1250/1493 1551/1457/1494 1548/1249/1495
f 1547/1245/1496 1551/1457/1494 1549/1247/1497
f 1551/1457/1494 1550/1250/1493 1552/1458/1498
f 1552/1458/1498 1549/1247/1497 1551/1457/1494
f 1556/1459/1499 1557/1460/1500 1554/1461/1501
f 1553/1462/1502 1557/1460/1500 1555/1463/960
f 1554/1461/1501 1557/1460/1500 1558/1464/1503
f 1557/1460/1500 1553/1462/1502 1558/1464/1503
f 1232/1465/1504 1559/1452/964 1231/1451/1505
f 1560/1448/969 1232/1465/1504 1233/1447/1506
f 1561/1466/968 1559/1452/964 1232/1465/1504
f 1559/1452/967 1234/1197/624 1287/1241/1267
f 1235/1188/1507 1234/1197/624 1560/1448/969
f 1563/240/1508 1562/1467/972 1564/242/381
f 1569/248/1509 1567/244/1510 1568/249/1511
f 1567/244/1510 1569/248/1509 1570/246/1512
f 1573/27/1513 1572/1468/422 1571/29/423
f 1572/1468/422 1573/27/1513 1574/1469/999
f 1577/1470/1514 1578/1471/1515 1576/1472/424
f 1578/1471/1515 1577/1470/1514 1575/1473/1516
f 1579/1474/1517 1580/21/1518 1581/1475/438
f 1582/19/1519 1581/1475/438 1580/21/1518
f 1583/1476/1520 1586/1477/1521 1585/1478/1522
f 1586/1477/1521 1583/1476/1520 1587/1479/442
f 1584/1480/1523 1588/1481/1524 1589/1482/1525
f 1590/1483/1526 1591/1484/1527 1592/1485/532
f 1594/1486/1528 1590/1483/1529 1593/1487/1530
f 1593/1487/1530 1595/1488/1531 1594/1486/1528
f 1596/1489/1532 1594/1486/1528 1595/1488/1531
f 1593/1487/1533 1597/1490/1534 1598/116/1535
f 1596/1489/1536 1598/116/1535 1597/1490/1534
f 1599/1491/1537 1594/1486/1528 1596/1489/1532
f 1599/1491/1537 1600/120/51 1594/1486/1528
f 1600/120/51 1601/1492/1043 1603/1493/1538
f 1601/1492/1043 1602/122/50 1603/1493/1538
f 1603/1493/1538 1602/122/50 1604/1494/1539
f 1604/1494/1540 1606/1495/1541 1599/1491/1542
f 1599/1491/1542 1605/1496/1543 1604/1494/1540
f 1605/1496/1543 1599/1491/1542 1607/1497/1544
f 1605/1496/1543 1607/1497/1544 1608/1498/1545
f 1610/1499/1546 1605/1496/1543 1609/1500/1547
f 1609/1500/1548 1611/1501/1549 1612/1502/1550
f 1607/1497/478 1612/1502/1550 1611/1501/1549
f 1613/1503/1551 1616/1504/1552 1615/1505/1553
f 1616/1504/1552 1613/1503/1551 1617/1506/1554
f 1618/1507/1176 1614/1508/1555 1620/1509/1057
f 1619/1510/1556 1623/1511/1060 1622/1512/1557
f 1623/1511/1060 1619/1510/1556 1624/1513/1558
f 1625/1514/1559 1628/1515/1065 1627/1516/1062
f 1628/1515/1065 1625/1514/1559 1629/1517/1560
f 1631/1518/1561 1632/1519/1071 1630/1520/1562
f 1630/1520/1562 1632/1519/1071 1633/1521/1563
f 1636/1522/1564 1637/1523/1565 1638/1524/1566
f 1639/1525/1093 1640/1526/1567 1635/1527/1568
f 1634/1528/508 1635/1527/1568 1640/1526/1567
f 1643/1529/1569 1641/1530/1570 1642/1531/1571
f 1641/1530/1570 1643/1529/1569 1644/1532/1572
f 1650/1533/1573 1649/190/1574 1648/186/1575
f 1649/190/1574 1650/1533/1573 1651/191/94
f 1655/1534/1576 1653/197/1577 1654/194/1578
f 1654/194/1578 1647/1535/1579 1656/1536/1580
f 1647/1535/1579 1654/194/1578 1646/192/99
f 1647/1535/1579 1645/1537/1099 1656/1536/1580
f 1658/1538/1581 1647/1535/1582 1657/195/98
f 1658/1538/1121 1655/1534/1583 1652/1539/1105
f 1658/1538/1581 1591/1484/1527 1647/1535/1582
f 1590/1483/1526 1592/1485/532 1659/1540/531
f 1660/1541/1584 1590/1483/1526 1659/1540/531
f 1590/1483/1526 1660/1541/1584 1597/1490/1585
f 1592/1485/532 1662/1542/1586 1661/1543/1587
f 1662/1542/1586 1660/1541/1584 1661/1543/1587
f 1662/1542/1586 1597/1490/1585 1660/1541/1584
f 1662/1542/1586 1592/1485/532 1591/1484/1527
f 1662/1542/1586 1591/1484/1527 1663/1544/533
f 1658/1538/1581 1663/1544/533 1591/1484/1527
f 1662/1542/1586 1663/1544/533 1664/1545/1588
f 1663/1544/533 1658/1538/1581 1665/1546/1589
f 1666/1547/1590 1662/1542/1586 1664/1545/1588
f 1666/1547/1590 1665/1546/1589 1658/1538/1581
f 1662/1542/1586 1666/1547/1590 1667/1548/1128
f 1658/1538/1581 1667/1548/1128 1666/1547/1590
f 1667/1548/1128 1668/1549/1591 1662/1542/1586
f 1597/1490/1585 1662/1542/1586 1668/1549/1591
f 1652/1539/1105 1669/1550/536 1658/1538/1121
f 1668/1549/1591 1667/1548/1128 1670/1551/1592
f 1669/1550/536 1652/1539/1105 1671/1552/537
f 1652/1539/1105 1672/1553/1593 1671/1552/537
f 1667/1548/1594 1669/1550/1595 1673/41/1596
f 1672/1553/1597 1667/1548/1594 1673/41/1596
f 1652/1539/1105 1674/1554/1598 1672/1553/1593
f 1674/1554/1598 1652/1539/1105 1675/48/1599
f 1676/1555/1600 1675/48/1599 1678/1556/1133
f 1678/1556/1133 1679/47/1601 1676/1555/1600
f 1679/47/1601 1678/1556/1133 1680/1557/1602
f 1680/1557/1602 1674/1554/1127 1677/1558/1603
f 1674/1554/1127 1680/1557/1602 1681/1559/1604
f 1681/1559/1604 1682/1560/1605 1674/1554/1127
f 1682/1560/1605 1681/1559/1604 1683/1561/543
f 1686/1562/1606 1682/1560/1141 1685/1563/1144
f 1684/1564/1166 1686/1562/1606 1685/1563/1144
f 1688/1565/1607 1687/1566/1608 1674/1554/1598
f 1689/1567/1149 1674/1554/1598 1687/1566/1608
f 1667/1548/1128 1674/1554/1598 1689/1567/1149
f 1674/1554/1598 1686/1562/1165 1688/1565/1607
f 1690/1568/1609 1667/1548/1128 1689/1567/1149
f 1690/1568/1609 1689/1567/1149 1691/1569/1148
f 1688/1565/1607 1690/1568/1609 1691/1569/1148
f 1690/1568/1609 1688/1565/1607 1686/1562/1165
f 1667/1548/1128 1690/1568/1609 1692/1570/1153
f 1667/1548/1128 1692/1570/1153 1670/1551/1592
f 1597/1490/1585 1668/1549/1591 1693/1571/1154
f 1692/1570/1153 1597/1490/1585 1693/1571/1154
f 1690/1568/1609 1597/1490/1585 1692/1570/1153
f 1690/1568/1609 1694/1572/1157 1597/1490/1585
f 1599/1491/1610 1597/1490/1585 1694/1572/1157
f 1599/1491/1610 1694/1572/1157 1695/1573/1156
f 1696/1574/1611 1599/1491/1610 1695/1573/1156
f 1694/1572/1157 1690/1568/1609 1697/1575/1612
f 1696/1574/1611 1697/1575/1612 1690/1568/1609
f 1690/1568/1609 1612/1502/1613 1696/1574/1611
f 1612/1502/1613 1690/1568/1609 1698/1576/1161
f 1686/1562/1165 1698/1576/1161 1690/1568/1609
f 1612/1502/1613 1698/1576/1161 1699/1577/1614
f 1700/1578/1162 1612/1502/1613 1699/1577/1614
f 1701/1579/1615 1612/1502/1613 1700/1578/1162
f 1698/1576/1161 1686/1562/1165 1702/1580/1616
f 1700/1578/1162 1702/1580/1616 1686/1562/1165
f 1686/1562/1165 1701/1579/1615 1700/1578/1162
f 1701/1579/1615 1686/1562/1165 1703/1581/1169
f 1704/1582/1164 1703/1581/1169 1686/1562/1165
f 1701/1579/1615 1703/1581/1169 1705/1583/1617
f 1706/1584/1618 1701/1579/1615 1705/1583/1617
f 1681/1559/1604 1704/1582/1164 1684/1564/1142
f 1701/1579/1615 1706/1584/1618 1621/1585/1619
f 1704/1582/1164 1621/1585/1619 1706/1584/1618
f 1704/1582/1164 1706/1584/1618 1707/1586/1620
f 1703/1581/1169 1704/1582/1164 1707/1586/1620
f 1621/1585/1056 1709/288/161 1708/289/1621
f 1709/288/161 1618/1507/1622 1710/1587/1623
f 1618/1507/1622 1709/288/161 1704/1582/1164
f 1618/1507/1622 1704/1582/1164 1712/1588/1179
f 1711/290/1624 1714/1589/1625 1712/1588/1178
f 1714/1589/1625 1711/290/1624 1715/1590/1626
f 1704/1582/1164 1681/1559/1604 1713/292/1627
f 1717/1591/1628 1718/1592/559 1716/1593/1629
f 1718/1592/559 1717/1591/1628 1719/1594/557
f 1722/1595/1190 1720/1596/560 1721/1597/1188
f 1720/1596/560 1722/1595/1190 1723/1598/1630
f 1726/1599/1631 1725/1600/1632 1724/1601/1633
f 1725/1600/1632 1726/1599/1631 1727/1602/1195
f 1728/1603/1199 1730/1604/574 1729/1605/571
f 1730/1604/574 1728/1603/1199 1731/1606/1634
f 1735/1607/1635 1734/1608/580 1732/1609/1636
f 1738/1610/1637 1736/1611/1638 1737/1612/1639
f 1736/1611/1638 1738/1610/1637 1733/1613/1640
f 1741/90/1641 1742/1614/1642 1740/86/197
f 1742/1614/1642 1741/90/1641 1743/91/1643
f 1739/1615/1644 1747/1616/1645 1746/1617/1646
f 1747/1616/1645 1748/94/1647 1746/1617/1646
f 1745/1618/1648 1748/94/1649 1744/100/593
f 1748/94/1647 1747/1616/1645 1749/93/203
f 1747/1616/1650 1590/1483/1526 1750/95/1651
f 1590/1483/1526 1747/1616/1650 1591/1484/1527
f 1590/1483/1529 1594/1486/1528 1745/1618/1652
f 1612/1502/1613 1599/1491/1610 1696/1574/1611
f 1752/1619/1219 1610/1499/1546 1751/1620/1215
f 1610/1499/1546 1753/1621/1653 1751/1620/1215
f 1610/1499/1546 1612/1502/1613 1753/1621/1653
f 1755/1622/1654 1610/1499/1546 1752/1619/1219
f 1753/1621/1653 1701/1579/1615 1754/1623/1655
f 1701/1579/1615 1753/1621/1653 1612/1502/1613
f 1752/1619/1219 1754/1623/1655 1701/1579/1615
f 1701/1579/1615 1755/1622/1654 1752/1619/1219
f 1755/1622/1654 1701/1579/1615 1756/1624/1656
f 1755/1622/1654 1756/1624/1656 1757/1625/1657
f 1755/1622/1658 1758/1626/596 1759/1627/605
f 1756/1624/1656 1621/1585/1619 1760/1628/1659
f 1621/1585/1660 1759/1627/605 1758/1626/596
f 1621/1585/1619 1756/1624/1656 1701/1579/1615
f 1762/1629/1224 1759/1627/605 1761/1630/1661
f 1614/1508/609 1762/1629/606 1763/1631/1662
f 1764/1632/1663 1766/1633/617 1765/1634/1371
f 1767/1635/1664 1768/1636/627 1769/1637/1665
f 1772/1638/1666 1773/1639/639 1771/1640/636
f 1774/1641/1667 1776/1642/1668 1775/1643/1669
f 1776/1642/1668 1777/253/1670 1775/1643/1669
f 1776/1642/1668 1774/1641/1667 1778/1644/1239
f 1777/253/1670 1776/1642/1668 1779/255/645
f 1782/1645/1671 1781/1646/1672 1780/1647/1673
f 1781/1646/1672 1782/1645/1671 1783/1648/1674
f 1786/1649/1675 1784/1650/1676 1785/1651/1677
f 1788/1652/1256 1787/1653/1678 1789/1654/1679
f 1770/1655/1680 1791/1656/1265 1790/1657/1681
f 1791/1656/1265 1770/1655/1680 1792/1658/1682
f 1793/1659/1683 1795/1660/692 1794/1661/1684
f 1795/1660/692 1793/1659/1683 1796/1662/1685
f 1565/1663/1686 1797/1664/700 1798/1665/701
f 1797/1664/700 1565/1663/1686 1799/1666/1687
f 1801/1/257 1566/1667/1688 1800/3/1689
f 1803/12/1283 1804/11/1690 1802/7/1691
f 1805/10/1692 1802/7/1691 1804/11/1690
f 1808/1668/1693 1807/1669/1694 1806/1670/1695
f 1809/220/1696 1808/1668/1693 1806/1670/1695
f 1807/1669/1694 1808/1668/1693 1810/1671/1697
f 1811/218/719 1808/1668/1693 1809/220/1696
f 1814/1672/726 1812/1673/1698 1813/1674/1699
f 1815/1675/1700 1816/1676/1701 1817/1677/1702
f 1820/1678/752 1819/1679/1703 1818/1680/1704
f 1819/1679/1703 1820/1678/752 1821/1681/1321
f 1823/1682/1705 1824/1683/1327 1822/1684/1706
f 1825/1685/1707 1827/1686/1708 1759/1627/605
f 1825/1685/818 1826/1687/1709 1828/1688/1376
f 1831/152/828 1755/1622/1654 1830/151/306
f 1833/1689/1710 1831/152/828 1832/1690/1711
f 1826/1687/821 1833/1689/1712 1829/1691/1713
f 1833/1689/1710 1610/1499/1546 1831/152/828
f 1610/1499/1546 1833/1689/1710 1834/1692/1714
f 1834/1692/1715 1836/1693/1716 1835/156/308
f 1837/1694/831 1835/156/308 1836/1693/1716
f 1605/1496/1543 1610/1499/1546 1838/157/1717
f 1839/1695/1718 1841/1696/1719 1840/1697/1720
f 1842/1698/833 1840/1697/1720 1841/1696/1719
f 1845/1699/1721 1844/1700/1722 1843/1701/1723
f 1844/1700/1722 1845/1699/1721 1846/1702/1724
f 1847/1703/841 1850/1704/1399 1848/1705/1725
f 1849/1706/1398 1850/1704/1399 1847/1703/841
f 1853/343/907 1851/1707/851 1852/1708/1726
f 1855/1709/1410 1853/343/1727 1854/344/855
f 1856/1710/1728 1857/1711/1729 1858/1712/864
f 1860/1713/1730 1861/1714/1731 1859/1715/869
f 1861/1714/1731 1860/1713/1730 1862/1716/1732
f 1865/1717/1422 1864/1718/1733 1863/1719/1734
f 1864/1718/1733 1865/1717/1422 1866/1720/1423
f 1867/1721/1735 1869/1722/889 1868/1723/1736
f 1871/1724/896 1870/1725/1436 1872/1726/1737
f 1873/1727/1738 1872/1726/1737 1870/1725/1436
f 1874/1728/1739 1876/1729/1740 1875/1730/1741
f 1877/1731/1439 1875/1730/1741 1876/1729/1740
f 1880/1732/901 1879/1733/1441 1878/1734/1742
f 1879/1733/1441 1880/1732/901 1881/1735/1743
f 1882/1736/1744 1884/1737/1447 1883/1738/1745
f 1884/1737/1447 1882/1736/1744 1885/1739/1746
f 1851/1707/906 1886/307/362 1887/1740/919
f 1886/307/918 1626/1741/495 1888/309/922
f 1891/1742/928 1890/1743/1466 1889/1744/1472
f 1893/1745/948 1894/1746/1747 1892/1747/1748
f 1892/1747/1748 1894/1746/1747 1895/1748/952
f 1896/1749/1749 1897/1750/1750 1898/1751/1751
f 1899/1752/1752 1898/1751/1751 1897/1750/1750
f 1897/1750/1750 1900/1753/1753 1899/1752/1752
f 1901/1754/1754 1899/1752/1752 1900/1753/1753
f 1897/1750/1750 1896/1749/1749 1902/1755/1508
f 1896/1749/1749 1901/1754/1754 1902/1755/1508
f 1896/1749/1749 1903/1756/1755 1901/1754/1754
f 1899/1752/1752 1901/1754/1754 1903/1756/1755
f 1899/1752/1752 1903/1756/1755 1904/1757/1686
f 1906/1758/8 1907/1759/1511 1905/1760/977
f 1903/1756/1755 1906/1758/11 1908/1761/1756
f 1908/1761/1756 1909/1762/14 1903/1756/1755
f 1911/1763/1757 1910/1764/979 1913/1765/1758
f 1913/1765/1758 1912/1766/980 1911/1763/1757
f 1912/1766/980 1915/1767/1759 1914/1768/1760
f 1915/1767/1759 1910/1764/979 1914/1768/1760
f 1912/1766/980 1913/1765/1758 1916/1769/986
f 1916/1769/986 1915/1767/1759 1912/1766/980
f 1910/1764/979 1915/1767/1759 1917/1770/1761
f 1913/1765/983 1919/1771/1762 1918/1772/1763
f 1918/1772/1763 1919/1771/1762 1920/1773/403
f 1919/1771/1762 1921/1774/1764 1920/1773/403
f 1921/1774/1764 1919/1771/1762 1922/1775/987
f 1923/1776/1765 1921/1774/1766 1924/1777/1767
f 1916/1769/986 1922/1775/1768 1925/1778/1769
f 1926/1779/993 1925/1778/1769 1922/1775/1768
f 1922/1775/1768 1927/1780/995 1926/1779/993
f 1929/1781/1770 1925/1778/1769 1928/1782/1771
f 1927/1780/994 1929/1781/1770 1928/1782/1771
f 1925/1778/1769 1929/1781/1770 1916/1769/986
f 1930/1783/1772 1929/1781/1770 1927/1780/994
f 1931/1784/1773 1933/1785/422 1932/1786/1774
f 1935/1787/999 1932/1786/1774 1933/1785/422
f 1935/1787/999 1922/1775/987 1932/1786/1774
f 1934/1788/998 1930/1783/25 1935/1787/1775
f 1930/1783/1772 1936/1789/26 1937/1790/1776
f 1929/1781/1770 1930/1783/1772 1937/1790/1776
f 1937/1790/1776 1936/1789/26 1938/1791/1777
f 1929/1781/1770 1937/1790/1776 1939/1792/1778
f 1938/1791/1777 1929/1781/1770 1939/1792/1778
f 1936/1789/26 1929/1781/1770 1938/1791/1777
f 1929/1781/1770 1941/1793/1779 1940/1794/1003
f 1942/1795/1780 1929/1781/1770 1940/1794/1003
f 1941/1793/1779 1929/1781/1770 1936/1789/26
f 1916/1769/986 1944/1796/1012 1943/1797/1781
f 1946/1798/1782 1916/1769/986 1943/1797/1781
f 1944/1796/1012 1916/1769/986 1929/1781/1770
f 1915/1767/1759 1916/1769/986 1946/1798/1782
f 1944/1796/1012 1947/1799/1783 1945/1800/1784
f 1929/1781/1770 1947/1799/1783 1944/1796/1012
f 1947/1799/1783 1946/1798/1782 1945/1800/1784
f 1946/1798/1782 1947/1799/1783 1915/1767/1759
f 1947/1799/1783 1929/1781/1770 1942/1795/1780
f 1942/1795/1780 1948/1801/1785 1947/1799/1783
f 1948/1801/1785 1942/1795/1780 1949/1802/1786
f 1941/1793/1779 1948/1801/1785 1949/1802/1786
f 1936/1789/1787 1951/1803/1788 1950/1804/1789
f 1951/1803/1788 1936/1789/1787 1952/1805/1790
f 1952/1805/1790 1948/1801/1791 1951/1803/1788
f 1948/1801/1792 1950/1804/1517 1954/1806/29
f 1953/1807/1793 1954/1806/29 1950/1804/1517
f 1954/1806/29 1953/1807/1793 1955/1808/31
f 1957/1809/1794 1959/1810/1795 1958/1811/1796
f 1959/1810/1795 1957/1809/1794 1960/1812/1017
f 1964/1813/1797 1965/1814/1798 1963/1815/1799
f 1962/1816/443 1965/1814/1798 1956/1817/1800
f 1965/1814/1798 1964/1813/1797 1966/1818/1801
f 1967/1819/1802 1948/1801/1803 1964/1813/449
f 1948/1801/1803 1967/1819/1802 1968/1820/1804
f 1968/1820/1804 1967/1819/1802 1969/1821/455
f 1967/1819/1802 1970/1822/1805 1969/1821/455
f 1970/1822/1805 1967/1819/1802 1971/1823/1806
f 1968/1820/1807 1973/1824/1028 1972/1825/1808
f 1947/1799/1783 1971/1823/1806 1974/1826/1809
f 1974/1826/1809 1915/1767/1759 1947/1799/1783
f 1974/1826/1809 1971/1823/1806 1975/1827/463
f 1971/1823/1806 1976/1828/1810 1975/1827/463
f 1915/1767/1759 1974/1826/1809 1977/1829/1811
f 1977/1829/1811 1976/1828/1812 1915/1767/1759
f 1984/1830/1813 1981/1831/1044 1983/1832/1046
f 1981/1831/1044 1984/1830/1813 1982/1833/1539
f 1987/1834/1549 1985/1835/1814 1986/1836/1815
f 1991/1837/1816 1992/1838/1817 1990/1839/1818
f 1992/1838/1817 1993/1840/58 1990/1839/1818
f 2001/1841/1819 1998/1842/1820 2000/1843/1821
f 1998/1842/1820 2001/1841/1819 1996/1844/1822
f 2003/1845/1823 2005/1846/1064 2002/1847/1824
f 2002/1847/1824 2005/1846/1064 2006/1848/1825
f 2004/1849/1826 2007/1850/1067 2008/1851/1074
f 2009/1852/1068 2008/1851/1074 2010/1853/1563
f 2011/1854/1077 2009/1852/1068 2010/1853/1563
f 2007/1850/1827 2011/1854/75 2012/1855/72
f 2011/1854/75 2007/1850/1827 2013/1856/1078
f 2013/1856/1078 2014/1857/1081 2009/1852/1076
f 2015/1858/1828 2009/1852/1076 2014/1857/1081
f 2015/1858/1828 2014/1857/1081 2016/1859/1082
f 2017/1860/1379 2015/1858/1828 2016/1859/1082
f 2015/1858/1828 2017/1860/1379 2018/1861/1088
f 2013/1856/1078 2018/1861/1088 2017/1860/1379
f 2014/1857/1081 2013/1856/1078 2019/1862/1829
f 2017/1860/1379 2019/1862/1829 2013/1856/1078
f 2023/1863/1830 2022/1864/1831 2020/1865/1565
f 2024/1866/1832 2023/1863/1830 2020/1865/1565
f 2023/1863/1830 2018/1861/1088 2022/1864/1831
f 2022/1864/1831 2025/1867/1090 2021/1868/1833
f 2025/1867/1090 2024/1866/1832 2021/1868/1833
f 2025/1867/1090 2022/1864/1831 2018/1861/1088
f 2023/1863/1830 2024/1866/1832 1979/1869/1834
f 2025/1867/1090 1979/1869/1834 2024/1866/1832
f 2026/1870/1089 2018/1861/1835 2027/1871/1836
f 2018/1861/1835 2028/1872/1837 2027/1871/1836
f 2028/1872/1838 2030/1873/1839 2029/1874/1840
f 2030/1873/1839 2026/1870/1841 2029/1874/1840
f 2013/1856/1078 2030/1873/1839 2028/1872/1838
f 2026/1870/1841 2030/1873/1839 2025/1867/1090
f 2031/1875/1094 2025/1867/1090 2032/1876/1572
f 2025/1867/1090 2030/1873/1839 2032/1876/1572
f 2033/1877/1842 2025/1867/1090 2031/1875/1094
f 2025/1867/1090 2033/1877/1842 1979/1869/1834
f 2035/1878/1843 2033/1877/1842 2034/1879/1844
f 2032/1876/1572 2035/1878/1843 2034/1879/1844
f 2035/1878/1843 1979/1869/1834 2033/1877/1842
f 2035/1878/1843 2032/1876/1572 2030/1873/1839
f 2035/1878/1843 2036/1880/1582 1979/1869/1834
f 2037/1881/1845 2030/1873/1846 2038/1882/1847
f 2040/1883/1103 2037/1881/1848 2039/1884/1849
f 2030/1873/1839 2013/1856/1078 2042/1885/179
f 2035/1878/1843 2043/1886/1576 2044/1887/1850
f 2043/1886/1576 2035/1878/1843 2040/1883/1103
f 2043/1886/1576 2045/1888/1851 2041/1889/1852
f 2045/1888/1851 2046/1890/1853 2041/1889/1852
f 2043/1886/1576 2047/1891/1581 2045/1888/1851
f 2048/1892/1112 2050/1893/1854 2049/1894/1113
f 2051/1895/1855 2052/1896/1856 2053/1897/1857
f 2054/1898/1858 2056/1899/1859 2055/1900/1603
f 2057/1901/1602 2055/1900/1603 2056/1899/1859
f 2059/1902/1143 2058/1903/1860 2060/1904/1861
f 1997/1905/1862 2061/1906/1863 1994/1907/1864
f 2061/1906/1863 1997/1905/1862 2062/1908/1621
f 2064/1909/1865 2065/1910/1181 2063/1911/1866
f 2066/1912/168 2063/1911/1866 2065/1910/1181
f 2067/1913/1184 2069/1914/1185 2068/1915/1628
f 2068/1915/1628 2069/1914/1185 2070/1916/1867
f 2071/1917/1868 2073/1918/1869 2072/1919/1870
f 2075/1920/1191 2073/1918/1869 2071/1917/1868
f 2075/1920/1630 2074/1921/1871 2013/1856/1078
f 2013/1856/1078 2007/1850/1827 2075/1920/1630
f 2078/1922/1872 2077/1923/1633 2076/1924/1873
f 2077/1923/1633 2078/1922/1872 2080/1925/1874
f 2079/1926/564 2082/1927/181 2077/1923/1633
f 2082/1927/181 2079/1926/564 2083/1928/182
f 2078/1922/1875 2084/1929/1876 2081/1930/1877
f 2084/1929/1876 2078/1922/1875 2085/1931/1878
f 2085/1931/1878 2087/1932/1879 2084/1929/1876
f 2088/1933/185 2084/1929/1876 2087/1932/1879
f 2085/1931/1880 2086/1934/1881 2089/1935/1882
f 2086/1934/1881 2088/1933/185 2089/1935/1882
f 2084/1929/1876 2088/1933/185 2090/1936/1883
f 2090/1936/1883 2086/1934/1884 2091/1937/1885
f 2090/1936/1883 2092/1938/1210 2084/1929/1876
f 2023/1863/1830 2091/1937/1885 2086/1934/1884
f 2090/1936/1883 2091/1937/1885 2093/1939/1886
f 2086/1934/1884 2094/1940/1887 2023/1863/1830
f 2094/1940/1887 2086/1934/1884 2095/1941/1888
f 2086/1934/1884 2096/1942/1204 2095/1941/1888
f 2086/1934/1884 2015/1858/1828 2096/1942/1204
f 2097/1943/1889 2018/1861/1088 2094/1940/1887
f 2096/1942/1204 2018/1861/1088 2097/1943/1889
f 2018/1861/1088 2023/1863/1830 2094/1940/1887
f 2015/1858/1828 2018/1861/1088 2096/1942/1204
f 2091/1937/1885 2023/1863/1830 2098/1944/1890
f 2023/1863/1830 2099/1945/189 2098/1944/1890
f 2099/1945/189 2090/1936/1883 2093/1939/1886
f 2090/1936/1883 2099/1945/189 1979/1869/1834
f 2023/1863/1830 1979/1869/1834 2099/1945/189
f 2090/1936/1883 1979/1869/1834 2100/1946/1891
f 2090/1936/1883 2100/1946/1891 2101/1947/1892
f 2092/1938/1210 2090/1936/1883 2101/1947/1892
f 2100/1946/1891 2103/1948/1893 2102/1949/194
f 2092/1938/1210 2102/1949/194 2103/1948/1893
f 2103/1948/1893 2100/1946/1891 1979/1869/1834
f 2103/1948/1893 2084/1929/1876 2092/1938/1210
f 2105/1950/590 2084/1929/1894 2104/1951/198
f 2104/1951/198 1980/1952/1895 2106/1953/1896
f 2103/1948/1897 2108/1954/1648 1980/1952/1898
f 2108/1954/1648 2103/1948/1897 2109/1955/1646
f 2103/1948/1893 1979/1869/1834 2110/1956/1899
f 2107/1957/1900 2111/1958/1651 2108/1954/1648
f 2111/1958/1651 2107/1957/1900 2112/1959/207
f 1978/1960/1901 2108/1954/1648 2111/1958/1651
f 2113/1961/212 2115/1962/1902 2114/1963/214
f 2115/1962/1903 1995/1964/158 2117/1965/219
f 1995/1964/158 2116/1966/1904 2118/1967/1225
f 2119/1968/222 2118/1967/1225 2116/1966/1904
f 2120/1969/223 2116/1966/1904 2121/1970/1905
f 1988/1971/61 2118/1967/1225 2122/1972/225
f 2126/1973/614 2124/1974/1906 2125/1975/1907
f 2124/1974/1906 2126/1973/614 2127/1976/616
f 2125/1975/1908 1989/1977/1909 2128/1978/620
f 1989/1977/1909 2123/1979/1910 2128/1978/620
f 2123/1979/1910 1989/1977/1909 1988/1971/224
f 2129/1980/1911 2130/1981/1912 2131/1982/1913
f 2130/1981/1912 2132/1983/1506 2131/1982/1913
f 2134/1984/1914 2130/1981/1912 2135/1985/1915
f 2134/1984/1914 2135/1985/1915 2136/1986/1916
f 2137/1987/1231 2134/1984/1914 2136/1986/1916
f 2134/1984/1914 2137/1987/1231 2138/1988/1917
f 2140/1989/1918 2137/1987/1919 2139/1990/1232
f 2138/1988/1920 2141/1991/1921 2142/1992/1922
f 2141/1991/1923 2130/1981/1912 2143/1993/1924
f 2142/1992/1922 2147/1994/1925 2145/1995/643
f 2146/1996/1926 2147/1994/1925 2144/1997/640
f 2147/1994/1925 2142/1992/1922 2148/1998/1927
f 2148/1998/1927 2144/1997/640 2147/1994/1925
f 2138/1988/1920 2144/1997/1928 2149/1999/1929
f 2149/1999/1929 2150/2000/1930 2138/1988/1920
f 1898/1751/1751 2138/1988/1920 2150/2000/1930
f 2150/2000/1930 2151/2001/1931 1898/1751/1751
f 2152/2002/1932 1898/1751/1751 2151/2001/1931
f 1898/1751/1751 2152/2002/1932 1896/1749/1749
f 2149/1999/1929 1896/1749/1749 2152/2002/1932
f 2155/2003/652 2157/2004/1933 2153/2005/1934
f 2154/2006/649 2157/2004/1933 2156/2007/1935
f 2157/2004/1933 2155/2003/652 2158/2008/1936
f 2158/2008/1936 2156/2007/1935 2157/2004/1933
f 2162/2009/1937 2160/2010/1938 2161/2011/1939
f 2160/2010/1938 2162/2009/1937 2163/2012/661
f 1922/1775/996 2164/2013/241 1934/1788/998
f 2164/2013/241 1930/1783/25 1934/1788/998
f 2166/2014/1940 2168/2015/666 2167/2016/1941
f 2165/2017/1942 2167/2016/1941 2169/2018/1943
f 2170/2019/667 2167/2016/1941 2168/2015/666
f 2168/2015/666 1922/1775/987 1919/1771/1762
f 2171/2020/244 2159/2021/1944 2172/2022/1254
f 2173/2023/1253 2172/2022/1254 2159/2021/1944
f 2174/2024/1255 2178/2025/1945 2175/2026/670
f 2177/2027/1946 2178/2025/1947 2176/2028/674
f 2178/2025/1945 2174/2024/1255 2179/2029/1948
f 2183/2030/1949 2181/2031/1259 2182/2032/1950
f 2182/2032/1950 2184/2033/1262 2183/2030/1949
f 2181/2031/1259 2183/2030/1949 2185/2034/1951
f 2186/2035/1952 2183/2030/1949 2184/2033/1262
f 2189/2036/1953 2187/2037/1954 2188/2038/1955
f 2187/2037/1954 2189/2036/1953 2143/1993/1924
f 2190/2039/1956 2130/1981/1912 2191/2040/1957
f 2192/2041/689 2193/2042/252 2191/2040/1958
f 2191/2040/1958 2193/2042/252 2194/2043/1959
f 2191/2040/1960 2133/2044/1961 2195/2045/690
f 2133/2044/1961 2196/2046/1962 2195/2045/690
f 2190/2039/1963 2196/2046/1962 2197/2047/1964
f 2197/2047/1964 2133/2044/1965 2198/2048/1966
f 2199/2049/1967 2198/2048/1966 2133/2044/1965
f 2198/2048/1966 2199/2049/1967 2200/2050/1968
f 2201/2051/1274 2200/2050/1968 2199/2049/1967
f 2197/2047/1964 2198/2048/1966 2202/2052/1271
f 2201/2051/1274 2197/2047/1964 2202/2052/1271
f 1903/1756/1755 1896/1749/1749 1906/1758/11
f 2203/2053/254 1904/1757/1686 1903/1756/1755
f 1904/1757/1686 2203/2053/254 2205/2054/1969
f 1899/1752/1752 1904/1757/1686 2204/2055/1276
f 2205/2054/1969 1899/1752/1752 2204/2055/1276
f 1899/1752/1752 2205/2054/1969 2203/2053/254
f 1899/1752/1752 2203/2053/254 2206/2056/1279
f 1899/1752/1752 2206/2056/1279 2207/2057/1970
f 2208/2058/1971 1899/1752/1752 2207/2057/1970
f 2206/2056/1279 2210/2059/1972 2209/2060/1973
f 2210/2059/1972 2206/2056/1279 2203/2053/254
f 2208/2058/1971 2209/2060/1973 2210/2059/1972
f 1961/2061/258 2211/2062/1974 2203/2053/254
f 2212/2063/1285 2203/2053/254 2211/2062/1974
f 2203/2053/254 2212/2063/1285 2210/2059/1972
f 2213/2064/262 2214/2065/265 2212/2063/260
f 2215/2066/1975 2219/2067/1976 2216/2068/1977
f 2219/2067/1976 2218/2069/1978 2217/2070/1979
f 2219/2067/1976 2215/2066/1975 2220/2071/1290
f 2218/2069/1978 2219/2067/1976 2220/2071/1290
f 2221/2072/1980 2222/2073/1981 2210/2059/1972
f 2223/2074/1982 2210/2059/1972 2222/2073/1981
f 2210/2059/1972 2223/2074/1982 2208/2058/1971
f 1899/1752/1752 2208/2058/1971 2223/2074/1982
f 2223/2074/1982 2224/2075/1983 1899/1752/1752
f 1898/1751/1751 1899/1752/1752 2224/2075/1983
f 2223/2074/1982 2222/2073/1981 2225/2076/1694
f 2226/2077/270 2223/2074/1982 2225/2076/1694
f 2221/2072/1984 2227/2078/1299 2226/2077/270
f 2223/2074/1982 2226/2077/270 2227/2078/1299
f 2227/2078/1299 2221/2072/1984 2230/2079/727
f 2230/2079/727 2232/2080/1985 2228/2081/1986
f 2232/2080/1985 2231/2082/1987 2229/2083/1988
f 2232/2080/1985 2230/2079/727 2233/2084/1301
f 2233/2084/1301 2231/2082/1987 2232/2080/1985
f 2234/2085/1303 2227/2078/1299 2231/2082/728
f 2235/2086/1989 2237/2087/1990 2236/2088/734
f 2237/2087/1990 2235/2086/1989 2238/2089/1991
f 2239/2090/1307 2243/2091/1309 2240/2092/1992
f 2241/2093/738 2243/2091/1993 2242/2094/1994
f 2244/2095/1995 2240/2092/1992 2243/2091/1309
f 2246/2096/1996 2248/2097/1997 2247/2098/1998
f 2248/2097/1997 2249/2099/1999 2247/2098/1998
f 2250/2100/2000 2248/2097/1997 2246/2096/1996
f 2249/2099/1999 2248/2097/1997 2251/2101/2001
f 2252/2102/2002 2254/2103/1318 2253/2104/2003
f 2254/2103/1318 2252/2102/2002 2255/2105/2004
f 2256/2106/1320 2234/2085/2005 2255/2105/1317
f 2261/2107/2006 2260/2108/2007 2259/2109/281
f 2263/2110/1330 2260/2108/1326 2262/2111/1325
f 2258/2112/2008 2263/2110/1330 2262/2111/1325
f 2263/2110/1330 2227/2078/1329 2260/2108/1326
f 2263/2110/1330 2258/2112/2008 2256/2106/2009
f 2264/2113/1332 2265/2114/370 2227/2078/1299
f 2266/2115/1335 2227/2078/1299 2265/2114/370
f 2227/2078/1299 2266/2115/1335 2223/2074/1982
f 2264/2113/1332 2268/2116/2010 2267/2117/1336
f 2268/2116/2010 2266/2115/1335 2267/2117/1336
f 2268/2116/2010 2223/2074/1982 2266/2115/1335
f 2268/2116/2010 2264/2113/1332 2263/2110/1330
f 2223/2074/1982 2268/2116/2010 2269/2118/2011
f 2269/2118/2011 2270/2119/2012 2223/2074/1982
f 2224/2075/1983 2223/2074/1982 2270/2119/2012
f 2273/2120/2013 2275/2121/287 2274/2122/2014
f 2275/2121/287 2273/2120/2013 2276/2123/2015
f 2180/2124/2016 2277/2125/1345 2273/2120/1344
f 2279/2126/1349 2278/2127/1355 2180/2124/1258
f 2280/2128/1348 2282/2129/1354 2281/2130/2017
f 1913/1765/983 1917/1770/1353 2280/2128/2018
f 2278/2127/757 1917/1770/1761 2277/2125/2019
f 2283/2131/2020 2285/2132/2021 2284/2133/2022
f 2284/2133/2022 2285/2132/2021 2286/2134/2023
f 2287/2135/2024 2245/2136/2025 2284/2133/2022
f 2245/2136/2025 2288/2137/1233 2289/2138/801
f 2291/2139/2026 2292/2140/1354 2290/2141/2027
f 2287/2135/2028 2293/2142/2029 2288/2137/2030
f 2293/2142/2029 2287/2135/2028 2294/2143/1365
f 2294/2143/1365 2287/2135/2028 2295/2144/2031
f 2287/2135/2028 2296/2145/2032 2295/2144/2031
f 2298/2146/2033 2294/2143/1365 2297/2147/2034
f 2297/2147/2034 2296/2145/2032 2298/2146/2033
f 2121/1970/1905 2298/2146/2033 2296/2145/2032
f 2287/2135/2028 2121/1970/1905 2296/2145/2032
f 2287/2135/2028 1989/1977/1909 2125/1975/1908
f 2298/2146/2033 2121/1970/1905 2299/2148/2035
f 2299/2148/2035 2300/2149/2036 2298/2146/2033
f 2299/2148/2035 2121/1970/1905 2301/2150/2037
f 2300/2149/2036 2299/2148/2035 2302/2151/2038
f 2303/2152/2039 2300/2149/2036 2302/2151/2038
f 2121/1970/1905 2303/2152/2039 2301/2150/2037
f 2116/1966/1904 2300/2149/2036 2303/2152/2039
f 2303/2152/2039 2121/1970/1905 2116/1966/1904
f 2116/1966/1904 2306/2153/1375 2304/2154/296
f 2307/2155/299 2306/2153/1375 2308/2156/1377
f 2300/2149/2036 2116/1966/1904 2305/2157/298
f 2306/2153/1375 2116/1966/1904 2113/1961/212
f 2309/2158/2040 2310/2159/304 2311/2160/1383
f 2312/2161/306 2311/2160/1383 2310/2159/304
f 2315/2162/2041 2314/2163/2042 2313/2164/1714
f 2314/2163/2042 2315/2162/2041 2316/2165/309
f 2318/2166/1720 2319/2167/2043 2317/2168/2044
f 2319/2167/2043 2318/2166/1720 2320/2169/2045
f 1999/2170/2046 2323/2171/2047 2322/2172/839
f 2323/2171/2047 2257/2173/2048 2324/2174/1394
f 2324/2174/2049 2325/2175/2050 2321/2176/2051
f 2321/2176/2051 2325/2175/2050 2326/2177/2052
f 2328/2178/2053 2329/2179/2054 2327/2180/2055
f 2329/2179/2054 2328/2178/2053 2330/2181/2056
f 2199/2049/1967 2331/2182/2057 2201/2051/1274
f 2197/2047/1964 2201/2051/1274 2331/2182/2057
f 2331/2182/2057 2199/2049/1967 2332/2183/2058
f 2333/2184/1465 2332/2183/2058 2199/2049/1967
f 2331/2182/2057 2332/2183/2058 2334/2185/1400
f 2332/2183/2058 2333/2184/1465 2335/2186/2059
f 2336/2187/2060 2335/2186/2059 2333/2184/1465
f 2336/2187/2060 2331/2182/2057 2334/2185/1400
f 2333/2184/1465 2337/2188/2061 2336/2187/2060
f 2331/2182/2057 2336/2187/2060 2337/2188/2061
f 2337/2188/2061 2333/2184/1465 2338/2189/2062
f 2337/2188/2061 2339/2190/2063 2331/2182/2057
f 2339/2190/2063 2337/2188/2061 2340/2191/2064
f 2337/2188/2061 2341/2192/2065 2340/2191/2064
f 2343/2193/2066 2339/2190/2067 2342/2194/327
f 2341/2192/2065 2343/2193/2066 2342/2194/327
f 2337/2188/2061 2344/2195/2068 2341/2192/2065
f 2331/2182/2057 2343/2193/2069 2345/2196/329
f 2331/2182/2057 2345/2196/329 2346/2197/2070
f 2347/2198/1728 2331/2182/2057 2346/2197/2070
f 2197/2047/1964 2331/2182/2057 2347/2198/1728
f 2349/2199/2071 2348/2200/2072 2350/2201/2073
f 2197/2047/1964 2351/2202/2074 2353/2203/2075
f 2190/2039/1963 2197/2047/1964 2354/2204/2076
f 2352/2205/2077 2355/2206/334 2354/2204/2078
f 2355/2206/334 2352/2205/2077 2356/2207/2079
f 2358/2208/2080 2359/2209/1424 2357/2210/2081
f 2360/2211/2082 2357/2210/2081 2359/2209/1424
f 2293/2142/2029 1915/1767/1759 1976/1828/1812
f 1915/1767/1759 2293/2142/2029 2361/2212/1339
f 1917/1770/1761 1915/1767/1759 2361/2212/1339
f 2293/2142/2083 1971/1823/1806 2290/2141/2084
f 2361/2212/1339 2293/2142/2029 2363/2213/2085
f 2293/2142/2029 2364/2214/2086 2363/2213/2085
f 1917/1770/1761 2361/2212/1339 2362/2215/1426
f 2362/2215/1426 2364/2214/2086 1917/1770/1761
f 2298/2146/2033 1917/1770/1761 2364/2214/2086
f 2293/2142/2029 2298/2146/2033 2364/2214/2086
f 1917/1770/1761 2298/2146/2033 2365/2216/2087
f 2277/2125/2019 1917/1770/1761 2365/2216/2087
f 2298/2146/2033 2293/2142/2029 2294/2143/1365
f 2277/2125/2019 2365/2216/2087 2366/2217/2088
f 2366/2217/2088 2367/2218/2089 2277/2125/2019
f 2365/2216/2087 2298/2146/2033 2368/2219/2090
f 2298/2146/2033 2367/2218/2089 2368/2219/2090
f 2370/2220/887 2369/2221/885 2371/2222/2091
f 2372/2223/2092 2371/2222/2091 2369/2221/885
f 2373/2224/344 2272/2225/1341 2374/2226/2093
f 2272/2225/1341 2372/2223/2094 2374/2226/2093
f 2372/2223/2094 2272/2225/1341 2277/2125/2019
f 2300/2149/2036 2277/2125/2019 2367/2218/2089
f 2308/2156/1377 2272/2225/1341 2373/2224/344
f 2298/2146/2033 2300/2149/2036 2367/2218/2089
f 2375/2227/2095 2377/2228/2096 2376/2229/2097
f 2377/2228/2096 2375/2227/2095 2378/2230/345
f 2381/2231/351 2379/2232/2098 2382/2233/2099
f 2380/2234/2100 2382/2233/2099 2379/2232/2098
f 2384/2235/2101 2386/2236/2102 2383/2237/2103
f 2386/2236/2102 2384/2235/2101 2385/2238/2104
f 2076/1924/2105 2343/2193/2066 2387/2239/1744
f 2387/2239/2106 2344/2195/2107 2388/2240/2108
f 2344/2195/2107 2389/2241/2109 2388/2240/2108
f 2389/2241/2110 2076/1924/1873 2390/2242/1448
f 2076/1924/1873 2389/2241/2110 2078/1922/1872
f 2078/1922/1872 2392/2243/1453 2391/2244/1449
f 2078/1922/1872 2344/2195/2068 2392/2243/1453
f 2392/2243/1453 2015/1858/1828 2393/2245/2111
f 2015/1858/1828 2392/2243/1453 2344/2195/2068
f 2015/1858/1828 2394/2246/2112 2393/2245/2111
f 2394/2246/2112 2078/1922/1872 2391/2244/1449
f 2078/1922/1872 2394/2246/2112 2086/1934/1884
f 2015/1858/1828 2086/1934/1884 2394/2246/2112
f 2395/2247/1455 2344/2195/2068 2396/2248/2113
f 2344/2195/2068 2397/2249/1354 2396/2248/2113
f 2344/2195/2068 2395/2247/1455 2015/1858/1828
f 2344/2195/2068 2337/2188/2061 2397/2249/1354
f 2395/2247/1455 2398/2250/2114 2009/1852/1076
f 2397/2249/1354 2009/1852/1076 2398/2250/2114
f 2009/1852/1076 2397/2249/1354 2337/2188/2061
f 2009/1852/1076 2015/1858/1828 2395/2247/1455
f 2337/2188/2061 2399/2251/1463 2009/1852/1076
f 2399/2251/1463 2337/2188/2061 2400/2252/1459
f 2337/2188/2061 2338/2189/2062 2400/2252/1459
f 2399/2251/1463 2401/2253/361 2004/1849/1826
f 2338/2189/2115 2004/1849/1826 2401/2253/361
f 2333/2184/1465 2402/2254/1470 2004/1849/2116
f 2402/2254/1470 2333/2184/1465 2403/2255/1468
f 2333/2184/1465 2404/2256/1472 2403/2255/1468
f 2333/2184/1465 2323/2171/2047 2404/2256/1472
f 2405/2257/930 2406/2258/2117 2407/2259/2118
f 1898/1751/1751 2224/2075/1983 2271/2260/2119
f 2269/2118/2011 1898/1751/1751 2271/2260/2119
f 1898/1751/1751 2269/2118/2011 2268/2116/2010
f 2268/2116/2010 2408/2261/2120 1898/1751/1751
f 2408/2261/2120 2268/2116/2010 2409/2262/2121
f 2410/2263/1474 2409/2262/2121 2268/2116/2010
f 2138/1988/1920 2408/2261/2120 2411/2264/370
f 2410/2263/1474 2138/1988/1920 2411/2264/370
f 2138/1988/1920 1898/1751/1751 2408/2261/2120
f 2268/2116/2010 2134/1984/1914 2410/2263/1474
f 2134/1984/1914 2268/2116/2010 2412/2265/1479
f 2263/2110/1330 2412/2265/1479 2268/2116/2010
f 2134/1984/1914 2412/2265/1479 2413/2266/1478
f 2412/2265/1479 2263/2110/1330 2414/2267/2122
f 2415/2268/2123 2414/2267/2122 2263/2110/1330
f 2415/2268/2123 2134/1984/1914 2413/2266/1478
f 2263/2110/1330 2416/2269/2124 2415/2268/2123
f 2134/1984/1914 2415/2268/2123 2416/2269/2124
f 2416/2269/2124 2263/2110/1330 2417/2270/2125
f 2419/2271/944 2418/2272/2126 2420/2273/1913
f 2417/2270/2127 2256/2106/2128 2420/2273/1913
f 2416/2269/2124 2417/2270/2125 2421/2274/2129
f 2422/2275/2130 2420/2273/1913 2256/2106/2128
f 2422/2275/1488 2416/2269/2124 2421/2274/2129
f 2416/2269/2124 2422/2275/1488 2423/2276/1492
f 2257/2173/1322 2424/2277/2131 2256/2106/1320
f 2424/2277/1489 2426/2278/951 2425/2279/948
f 2423/2276/1487 2424/2277/1489 2427/2280/952
f 2426/2278/951 2424/2277/1489 2428/2281/1491
f 2429/2282/374 2423/2276/1487 2427/2280/952
f 2257/2173/2048 2323/2171/2047 2429/2282/2132
f 2431/2283/1497 2323/2171/2047 2430/2284/2133
f 2432/2285/2134 2430/2284/2133 2323/2171/2047
f 2432/2285/2134 2199/2049/1967 2433/2286/2135
f 2199/2049/1967 2431/2283/1497 2433/2286/2135
f 2199/2049/1967 2432/2285/2134 2333/2184/1465
f 2323/2171/2047 2333/2184/1465 2432/2285/2134
f 2199/2049/1967 2423/2276/1492 2431/2283/1497
f 2323/2171/2047 2431/2283/1497 2423/2276/1492
f 2423/2276/1492 2199/2049/1967 2434/2287/1502
f 2434/2287/1502 2435/2288/2136 2423/2276/1492
f 2436/2289/1501 2423/2276/1492 2435/2288/2136
f 2423/2276/1492 2436/2289/1501 2416/2269/2124
f 2133/2044/1965 2436/2289/1501 2437/2290/1503
f 2434/2287/1502 2133/2044/1965 2437/2290/1503
f 2133/2044/1965 2416/2269/2124 2436/2289/1501
f 2133/2044/1965 2434/2287/1502 2199/2049/1967
f 2416/2269/2124 2133/2044/1965 2129/1980/2137
f 2129/1980/2137 2438/2291/2138 2416/2269/2124
f 2132/1983/2139 2416/2269/2124 2438/2291/2138
f 2416/2269/2124 2132/1983/2139 2134/1984/1914
f 2131/1982/1504 2439/2292/2140 2440/2293/2141
f 2443/2294/2142 2442/2295/2143 2444/2296/2144
f 2444/2296/2144 2445/2297/2145 2443/2294/2142
f 2444/2296/2144 2442/2295/2143 2446/2298/2146
f 2445/2297/2145 2444/2296/2144 2447/2299/2147
f 2453/2300/14 2452/2301/1512 2451/2302/12
f 2450/2303/11 2453/2300/14 2451/2302/12
f 2457/2304/391 2454/2305/401 2458/2306/392
f 2454/2305/388 2456/2307/779 2459/2308/882
f 2458/2306/398 2463/2309/2148 2461/2310/984
f 2463/2309/2148 2460/2311/394 2462/2312/2149
f 2463/2309/2148 2458/2306/398 2464/2313/2150
f 2464/2313/2150 2460/2311/394 2463/2309/2148
f 2465/2314/2151 2457/2304/391 2460/2311/394
f 2470/2315/410 2468/2316/409 2469/2317/2152
f 2471/2318/990 2470/2315/410 2469/2317/2152
f 2465/2314/2151 2468/2316/404 2457/2304/391
f 2465/2314/413 2472/2319/2153 2471/2318/414
f 2467/2320/2154 2473/2321/1765 2471/2318/2155
f 2468/2316/17 2474/2322/2156 2466/2323/405
f 2472/2319/2153 2465/2314/413 2475/2324/416
f 2475/2324/416 2479/2325/2157 2476/2326/1769
f 2477/2327/994 2479/2325/2157 2478/2328/418
f 2479/2325/2157 2475/2324/416 2480/2329/2158
f 2480/2329/2158 2478/2328/418 2479/2325/2157
f 2483/2330/2159 2472/2319/2153 2482/2331/21
f 2483/2330/2159 2482/2331/21 2484/2332/423
f 2484/2332/423 2481/2333/23 2483/2330/2159
f 2488/2334/1777 2487/2335/2160 2486/2336/2161
f 2487/2335/2160 2488/2334/1777 2489/2337/2162
f 2497/2338/2163 2494/2339/432 2498/2340/2164
f 2498/2340/2164 2495/2341/2165 2497/2338/2163
f 2496/2342/1012 2498/2340/2164 2494/2339/432
f 2495/2341/2165 2498/2340/2164 2499/2343/1013
f 2502/2344/2166 2493/2326/1780 2503/2345/2167
f 2491/2324/1006 2503/2345/2167 2493/2326/1780
f 2503/2345/2167 2492/2327/2168 2502/2344/2166
f 2492/2327/2168 2503/2345/2167 2490/2328/2169
f 2485/2346/1787 2501/2347/1792 2492/2327/2168
f 2501/2347/1792 2485/2346/1787 2504/2348/1789
f 2505/2349/1788 2501/2347/1791 2507/2350/29
f 2509/2351/2170 2506/2352/2171 2508/2353/33
f 2508/2353/33 2510/2354/2172 2509/2351/2170
f 2506/2352/2171 2510/2354/2172 2511/2355/1800
f 2511/2355/1800 2501/2347/1792 2506/2352/2171
f 2510/2354/2172 2506/2352/2171 2512/2356/2173
f 2506/2352/2171 2509/2351/2170 2512/2356/2173
f 2510/2354/2172 2512/2356/2173 2513/2357/441
f 2509/2351/2170 2510/2354/2172 2513/2357/441
f 2510/2354/2172 2515/2358/449 2514/2359/2174
f 2511/2355/1800 2510/2354/2172 2514/2359/2174
f 2501/2347/1792 2511/2355/1800 2516/2360/1525
f 2516/2360/1525 2515/2358/449 2501/2347/1792
f 2518/2320/1804 2500/2361/1783 2501/2347/1791
f 2518/2320/1804 2520/2317/2175 2519/2318/2176
f 2520/2317/2175 2518/2320/1804 2521/2362/2177
f 2523/2363/1806 2500/2361/1783 2522/2323/458
f 2522/2323/458 2500/2361/1783 2524/2322/1026
f 2500/2361/1783 2518/2320/1804 2524/2322/1026
f 2528/2364/2178 2525/2312/2179 2526/2365/463
f 2525/2312/2179 2528/2364/2178 2529/2311/2180
f 2530/2306/471 2528/2364/2181 2527/2310/2182
f 2535/2366/1530 2538/2367/1040 2533/2368/40
f 2539/2369/1585 2535/2366/2183 2531/2370/1526
f 2538/2367/1040 2535/2366/1530 2540/2371/2184
f 2534/2372/2185 2540/2371/2184 2537/2373/1036
f 2539/2369/1585 2541/2374/1542 2537/2373/2186
f 2543/2375/2187 2536/2376/1895 2542/2377/2188
f 2543/2375/2187 2542/2377/2188 2544/2378/1538
f 2545/2379/2189 2543/2375/2187 2544/2378/1538
f 2543/2375/2187 2545/2379/2189 2546/2380/2190
f 2547/2381/1046 2542/2377/476 2548/2382/2191
f 2542/2377/476 2541/2374/1542 2548/2382/2191
f 2552/2383/1048 2546/2380/2192 2551/2384/1545
f 2555/2385/1049 2552/2383/2193 2554/2386/55
f 2550/2387/1544 2555/2385/1815 2549/2388/2194
f 2555/2385/1815 2550/2387/1544 2556/2389/2195
f 2557/2390/1613 2553/2391/2196 2552/2383/1548
f 2557/2390/1613 2550/2387/478 2541/2374/1542
f 2558/2392/2197 2559/2393/1909 2560/2394/1818
f 2559/2393/1909 2561/2395/2198 2560/2394/1818
f 2560/2394/1818 2561/2395/2198 2562/2396/483
f 2561/2395/2198 2563/2397/60 2562/2396/483
f 2558/2392/2197 2560/2394/1818 2564/2398/2199
f 2563/2397/60 2558/2392/2197 2564/2398/2199
f 2565/2399/62 2558/2392/2197 2563/2397/60
f 2563/2397/60 2561/2395/2198 2565/2399/62
f 2567/2400/220 2558/2392/2197 2566/2401/63
f 2565/2399/62 2561/2395/2198 2568/2402/1822
f 2561/2395/2198 2569/2403/929 2568/2402/1822
f 2565/2399/62 2568/2402/1822 2571/2404/1819
f 2568/2402/1822 2569/2403/929 2572/2405/2200
f 2569/2403/929 2573/2406/2201 2572/2405/2200
f 2573/2406/2201 2565/2399/62 2571/2404/1819
f 2573/2406/2201 2569/2403/929 2574/2407/2202
f 2574/2407/2202 2565/2399/62 2573/2406/2201
f 2574/2407/2202 2569/2403/929 2575/2408/2203
f 2569/2403/929 2576/2409/2204 2575/2408/2203
f 2574/2407/2202 2575/2408/2203 2577/2410/2205
f 2578/2411/492 2574/2407/2202 2577/2410/2205
f 2579/2412/1560 2575/2408/2203 2576/2409/2204
f 2576/2409/2204 2578/2411/492 2579/2412/1560
f 2576/2409/2204 2580/2413/2206 2578/2411/492
f 2580/2413/2206 2574/2407/2202 2578/2411/492
f 2576/2409/2204 2583/2414/2207 2582/2415/2208
f 2581/2416/1074 2584/2417/496 2582/2415/2208
f 2585/2418/1071 2582/2415/2208 2583/2414/2207
f 2583/2414/2207 2586/2419/2209 2585/2418/1071
f 2584/2417/496 2581/2416/1074 2587/2420/2210
f 2586/2419/2209 2583/2414/2207 2588/2421/2211
f 2594/2422/1829 2589/2423/498 2590/2424/1081
f 2591/2425/1083 2594/2422/1829 2593/2426/1379
f 2589/2423/498 2594/2422/1829 2595/2427/2212
f 2594/2422/1829 2591/2425/1083 2595/2427/2212
f 2588/2421/507 2592/2428/504 2596/2429/508
f 2596/2429/508 2592/2428/504 2597/2430/510
f 2601/2431/1564 2604/2432/1833 2603/2433/2213
f 2604/2432/1833 2602/2434/515 2603/2433/2213
f 2601/2431/1564 2605/2435/1566 2604/2432/1833
f 2606/2436/1838 2607/2437/81 2596/2429/508
f 2597/2430/1568 2599/2438/2214 2608/2439/80
f 2607/2437/81 2606/2436/1838 2609/2440/1840
f 2611/2441/2215 2612/2442/2216 2610/2443/2217
f 2612/2442/2216 2611/2441/2215 2613/2444/2218
f 2615/2445/2219 2598/2446/506 2614/2447/526
f 2617/2448/2220 2598/2446/2221 2616/2449/89
f 2619/2450/104 2617/2448/2220 2618/2451/91
f 2620/2452/2222 2598/2446/2221 2617/2448/2220
f 2619/2450/104 2620/2452/2222 2617/2448/2220
f 2598/2446/2221 2620/2452/2222 2600/2453/563
f 2621/2454/97 2623/2455/2223 2622/2456/1576
f 2630/2457/1587 2629/2458/2224 2627/2459/109
f 2630/2457/1587 2628/2460/2225 2629/2458/2224
f 2627/2459/109 2532/2461/532 2630/2457/1587
f 2631/2462/1589 2626/2463/2226 2625/2459/1114
f 2631/2462/1589 2632/2460/2227 2626/2463/2226
f 2632/2460/2227 2631/2462/1589 2633/2464/1590
f 2638/2373/1125 2639/2465/535 2637/2466/2228
f 2624/2467/2229 2641/2367/123 2640/2368/118
f 2642/2372/1126 2639/2465/535 2638/2373/1125
f 2642/2372/1126 2641/2367/123 2634/2468/115
f 2634/2468/115 2643/2469/124 2642/2372/1126
f 2620/2452/2222 2619/2450/104 2644/2470/128
f 2644/2470/541 2643/2469/2230 2645/2381/2231
f 2620/2452/2222 2644/2470/128 2646/2471/1600
f 2647/2472/1859 2620/2452/2222 2646/2471/1600
f 2647/2472/130 2645/2381/2231 2643/2469/2230
f 2648/2473/2232 2620/2452/2222 2647/2472/1859
f 2650/2383/1166 2651/2474/2233 2649/2384/543
f 2651/2474/2233 2650/2383/1166 2654/2386/2234
f 2652/2388/131 2655/2475/2235 2653/2385/2236
f 2655/2475/2235 2654/2386/133 2653/2385/2236
f 2643/2469/2237 2655/2475/2235 2652/2388/131
f 2655/2475/2235 2656/2476/134 2654/2386/133
f 2660/2477/2238 2657/2478/136 2658/2479/2239
f 2658/2479/2239 2659/2480/2240 2660/2477/2238
f 2657/2478/136 2660/2477/2238 2661/2481/2241
f 2660/2477/2238 2659/2480/2240 2662/2482/1149
f 2664/2483/546 2665/2484/2242 2663/2485/2243
f 2665/2484/2242 2664/2483/546 2636/2486/2244
f 2664/2483/546 2635/2487/1591 2636/2486/2244
f 2670/2488/1612 2668/2480/2245 2666/2482/2246
f 2668/2480/2245 2670/2488/1612 2671/2489/149
f 2667/2481/1611 2671/2489/149 2670/2488/1612
f 2669/2478/2247 2671/2489/149 2667/2481/1611
f 2673/2490/1161 2676/2491/2248 2672/2492/2249
f 2676/2491/2248 2674/2493/1162 2675/2494/1163
f 2676/2491/2248 2673/2490/1161 2677/2495/1616
f 2674/2493/1162 2676/2491/2248 2677/2495/1616
f 2681/2496/1225 2682/2497/2250 2680/2498/2251
f 2679/2499/2252 2682/2497/2250 2678/2500/155
f 2678/2500/155 2682/2497/2250 2683/2501/2253
f 2682/2497/2250 2681/2496/1225 2683/2501/2253
f 2656/2476/134 2567/2400/220 2684/2502/164
f 2684/2502/164 2567/2400/220 2685/2503/2254
f 2567/2400/220 2566/2401/63 2685/2503/2254
f 2686/2504/549 2570/2505/1057 2566/2401/1864
f 2566/2401/1864 2565/2399/62 2686/2504/549
f 2687/2506/551 2570/2505/1057 2686/2504/549
f 2565/2399/62 2574/2407/2202 2688/2507/166
f 2689/2508/555 2688/2507/166 2574/2407/2202
f 2574/2407/2202 2690/2509/170 2689/2508/555
f 2656/2476/134 2688/2507/166 2691/2510/2255
f 2690/2509/553 2656/2476/134 2691/2510/2255
f 2574/2407/2202 2648/2473/2232 2690/2509/170
f 2648/2473/2232 2574/2407/2202 2692/2511/2256
f 2574/2407/2202 2580/2413/2206 2692/2511/2256
f 2648/2473/2232 2692/2511/2256 2693/2512/174
f 2694/2513/2257 2692/2511/2256 2580/2413/2206
f 2695/2514/2258 2648/2473/2232 2693/2512/174
f 2580/2413/2206 2695/2514/2258 2694/2513/2257
f 2620/2452/2222 2648/2473/2232 2695/2514/2258
f 2695/2514/2258 2580/2413/2206 2620/2452/2222
f 2620/2452/2222 2580/2413/2206 2696/2515/560
f 2620/2452/2222 2696/2515/560 2697/2516/2259
f 2600/2453/563 2620/2452/2222 2697/2516/2259
f 2588/2421/2260 2600/2453/563 2698/2517/1188
f 2696/2515/560 2588/2421/2260 2698/2517/1188
f 2699/2518/2261 2543/2375/2187 2700/2519/832
f 2546/2380/2190 2700/2519/832 2543/2375/2187
f 2543/2375/2187 2699/2518/2261 2701/2520/2262
f 2702/2521/1872 2704/2522/2263 2703/2523/1874
f 2701/2520/2262 2705/2524/2264 2543/2375/2187
f 2703/2523/1874 2704/2522/2263 2706/2517/1195
f 2704/2522/1877 2543/2375/2187 2705/2524/2264
f 2543/2375/2187 2704/2522/1877 2707/2525/2265
f 2702/2521/2266 2709/2526/2267 2708/2436/1878
f 2711/2527/2268 2710/2430/2269 2712/2528/1882
f 2710/2430/2269 2711/2527/2268 2713/2439/2270
f 2709/2526/2271 2714/2529/2272 2711/2527/2268
f 2718/2530/579 2715/2531/1887 2717/2532/2273
f 2715/2531/1887 2718/2530/579 2719/2533/1889
f 2718/2530/579 2716/2534/1204 2719/2533/1889
f 2716/2534/1204 2718/2530/579 2720/2535/578
f 2721/2431/2274 2723/2536/2275 2722/2537/581
f 2723/2536/2275 2724/2434/188 2722/2537/581
f 2724/2434/188 2723/2536/2275 2725/2538/2276
f 2727/2539/2277 2728/2540/2278 2726/2541/2279
f 2728/2540/2278 2727/2539/2277 2729/2542/2280
f 2707/2525/2281 2730/2543/1644 2731/2544/198
f 2733/2545/202 2707/2525/2265 2732/2546/1642
f 2543/2375/2187 2707/2525/2265 2733/2545/202
f 2733/2545/202 2734/2547/2282 2536/2376/1895
f 2536/2376/1895 2543/2375/2187 2733/2545/202
f 2536/2376/1528 2731/2544/198 2730/2543/1644
f 2736/2548/2283 2735/2549/2284 2737/2550/1651
f 2742/2551/1655 2738/2500/209 2741/2499/2285
f 2740/2498/2286 2744/2552/2287 2742/2551/1655
f 2738/2500/209 2742/2551/1655 2744/2552/2287
f 2744/2552/2287 2740/2498/2286 2739/2496/211
f 2749/2553/219 2746/2554/596 2748/2555/1903
f 2745/2556/2288 2749/2553/219 2747/2557/215
f 2750/2558/1659 2746/2554/596 2749/2553/219
f 2749/2553/219 2745/2556/2288 2750/2558/1659
f 2754/2559/2289 2756/2560/610 2753/2561/606
f 2752/2562/2290 2756/2560/1662 2751/2563/1225
f 2756/2560/610 2754/2559/2289 2757/2564/225
f 2755/2565/2291 2558/2392/2197 2754/2559/221
f 2558/2392/2197 2567/2400/220 2751/2563/1225
f 2558/2392/2197 2755/2565/2291 2758/2566/1910
f 2758/2566/1910 2755/2565/2291 2759/2567/1906
f 2755/2565/2291 2760/2568/1907 2759/2567/1906
f 2761/2569/617 2760/2568/1908 2762/2570/620
f 2764/2571/1912 2763/2572/2137 2766/2573/1961
f 2764/2571/1912 2767/2574/1914 2765/2575/2292
f 2768/2576/2293 2772/2577/627 2769/2578/1916
f 2772/2577/627 2770/2579/2294 2769/2578/1916
f 2774/2580/2295 2770/2579/1664 2773/2581/2296
f 2768/2576/2030 2774/2580/2295 2773/2581/2296
f 2774/2580/2295 2771/2582/1920 2770/2579/1664
f 2774/2580/2295 2768/2576/2030 2764/2571/1912
f 2771/2582/1917 2775/2583/1922 2777/2584/2297
f 2778/2585/640 2771/2582/1917 2777/2584/2297
f 2775/2583/637 2780/2586/2298 2779/2587/1927
f 2780/2586/2298 2778/2585/2299 2779/2587/1927
f 2780/2586/2298 2775/2583/637 2774/2580/1923
f 2780/2586/2298 2781/2588/2300 2778/2585/2299
f 2781/2588/2301 2784/2589/2302 2785/2590/235
f 2782/2591/2303 2781/2588/2301 2785/2590/235
f 2783/2592/2304 2782/2591/2305 2786/2593/2306
f 2786/2593/2306 2782/2591/2305 2787/2594/2307
f 2789/2595/652 2788/2596/650 2441/2597/2308
f 2790/2598/2309 2441/2597/2308 2788/2596/650
f 2441/2597/2308 2781/2588/2300 2789/2595/652
f 2441/2597/2308 2790/2598/2309 2453/2300/14
f 2789/2595/652 2792/2599/2310 2791/2600/1936
f 2792/2599/2310 2790/2598/2309 2791/2600/1936
f 2792/2599/2310 2789/2595/652 2781/2588/2300
f 2792/2599/2310 2453/2300/14 2790/2598/2309
f 2781/2588/2300 2793/2601/655 2792/2599/2310
f 2793/2601/655 2781/2588/2300 2794/2602/2311
f 2795/2603/2312 2794/2602/2311 2781/2588/2300
f 2781/2588/2300 2780/2586/2298 2795/2603/2312
f 2453/2300/14 2792/2599/2310 2796/2604/2313
f 2483/2330/2159 2796/2604/2313 2792/2599/2310
f 2796/2604/2313 2797/2605/2314 2453/2300/14
f 2797/2605/2314 2483/2330/2159 2453/2300/14
f 2483/2330/2159 2797/2605/2314 2798/2606/1672
f 2796/2604/2313 2483/2330/2159 2798/2606/1672
f 2800/2607/1943 2792/2599/2310 2801/2608/665
f 2802/2609/667 2801/2608/665 2792/2599/2310
f 2472/2319/2153 2800/2607/1943 2799/2610/2315
f 2802/2609/667 2472/2319/2153 2799/2610/2315
f 2792/2599/2310 2800/2607/1943 2483/2330/2159
f 2472/2319/2153 2483/2330/2159 2800/2607/1943
f 2792/2599/2310 2470/2315/407 2802/2609/667
f 2470/2315/407 2792/2599/2310 2793/2601/655
f 2470/2315/407 2793/2601/655 2803/2611/244
f 2795/2603/2312 2470/2315/407 2803/2611/244
f 2470/2315/407 2795/2603/2312 2780/2586/2298
f 2780/2586/2298 2804/2612/670 2470/2315/407
f 2804/2612/670 2780/2586/2298 2806/2613/1679
f 2780/2586/2298 2807/2614/675 2806/2613/1679
f 2780/2586/2298 2808/2615/676 2807/2614/675
f 2810/2616/1948 2805/2617/2316 2809/2618/1947
f 2807/2614/2317 2457/2304/2318 2809/2618/1947
f 2457/2304/2318 2804/2612/670 2809/2618/1947
f 2457/2304/2318 2470/2315/407 2804/2612/670
f 2808/2615/676 2813/2619/1951 2811/2620/2319
f 2814/2621/1952 2808/2615/676 2811/2620/2319
f 2813/2619/1951 2774/2580/1923 2812/2622/679
f 2774/2580/1923 2814/2621/1952 2812/2622/679
f 2780/2586/2298 2774/2580/1923 2813/2619/1951
f 2808/2615/676 2780/2586/2298 2813/2619/1951
f 2774/2580/1923 2815/2623/2320 2814/2621/1952
f 2808/2615/676 2814/2621/1952 2815/2623/2320
f 2776/2624/2321 2815/2623/2320 2774/2580/1923
f 2815/2623/2320 2776/2624/2321 2816/2625/2322
f 2776/2624/1680 2764/2571/1912 2817/2626/683
f 2764/2571/1912 2818/2627/2323 2817/2626/683
f 2818/2627/2323 2815/2623/2320 2816/2625/2322
f 2764/2571/1912 2819/2628/1956 2818/2627/2323
f 2815/2623/2320 2818/2627/2323 2819/2628/1956
f 2766/2573/1961 2820/2629/1960 2764/2571/1912
f 2820/2629/1960 2821/2630/2324 2819/2628/1963
f 2822/2631/693 2819/2628/1963 2821/2630/2324
f 2766/2573/1965 2823/2632/2325 2822/2631/693
f 2828/2633/698 2824/2634/2326 2826/2635/2327
f 2827/2636/2328 2828/2633/698 2826/2635/2327
f 2824/2634/2326 2828/2633/698 2825/2637/2329
f 2453/2300/14 2450/2303/11 2441/2597/2308
f 2830/2638/2330 2831/2639/2331 2832/2640/2332
f 2833/2641/2333 2831/2639/2331 2830/2638/2330
f 2834/2297/2334 2837/2642/2335 2449/2299/2336
f 2836/2298/704 2837/2642/1689 2835/2295/1280
f 2839/2643/706 2838/2644/2337 2836/2298/1282
f 2448/2645/4 2838/2644/709 2841/2646/259
f 2841/2646/259 2508/2353/2338 2448/2645/4
f 2838/2644/2337 2843/2647/265 2842/2648/262
f 2508/2353/2338 2841/2646/259 2843/2647/265
f 2844/2649/2339 2838/2644/709 2845/2650/268
f 2838/2644/709 2846/2651/1979 2845/2650/268
f 2846/2651/1979 2838/2644/709 2847/2652/2340
f 2510/2354/2172 2844/2649/710 2848/2653/2341
f 2846/2651/1979 2510/2354/2172 2848/2653/2341
f 2847/2652/2340 2510/2354/2172 2846/2651/1979
f 2844/2649/710 2510/2354/2172 2508/2353/33
f 2850/2654/717 2839/2643/706 2851/2593/1295
f 2839/2643/706 2852/2594/720 2851/2593/1295
f 2838/2644/2337 2839/2643/706 2850/2654/717
f 2852/2594/720 2839/2643/706 2853/2655/2342
f 2847/2652/2340 2853/2655/2343 2854/2656/1986
f 2854/2656/1986 2853/2655/2343 2855/2657/724
f 2853/2655/2343 2856/2658/722 2855/2657/724
f 2859/2659/2344 2854/2656/1986 2858/2660/1985
f 2856/2658/722 2859/2659/2344 2858/2660/1985
f 2854/2656/1986 2859/2659/2344 2847/2652/2340
f 2857/2661/2345 2859/2659/2344 2856/2658/722
f 2847/2652/2340 2861/2662/275 2860/2663/2346
f 2861/2662/275 2847/2652/2340 2859/2659/2344
f 2862/2664/734 2847/2652/2340 2860/2663/2346
f 2510/2354/2172 2847/2652/2340 2862/2664/734
f 2517/2665/2347 2862/2664/734 2863/2666/273
f 2861/2662/275 2517/2665/2347 2863/2666/273
f 2862/2664/734 2517/2665/2347 2510/2354/2172
f 2859/2659/2344 2517/2665/2347 2861/2662/275
f 2517/2665/2347 2859/2659/2344 2864/2667/2348
f 2515/2358/449 2510/2354/2172 2517/2665/2347
f 2864/2667/2348 2859/2659/2344 2865/2668/740
f 2859/2659/2344 2866/2617/738 2865/2668/740
f 2523/2363/1806 2864/2667/2348 2867/2616/2349
f 2866/2617/738 2523/2363/1806 2867/2616/2349
f 2523/2363/1806 2517/2665/2347 2864/2667/2348
f 2868/2669/2350 2523/2363/1806 2866/2617/738
f 2866/2617/738 2859/2659/2344 2868/2669/2350
f 2868/2669/2350 2859/2659/2344 2869/2670/745
f 2859/2659/2344 2857/2661/2345 2869/2670/745
f 2868/2669/2350 2869/2670/745 2870/2671/2351
f 2869/2670/745 2857/2661/2345 2871/2672/2352
f 2872/2673/2353 2868/2669/2350 2870/2671/2351
f 2857/2661/2345 2872/2673/2353 2871/2672/2352
f 2872/2673/2353 2857/2661/2345 2873/2674/2354
f 2873/2674/2354 2868/2669/2350 2872/2673/2353
f 2873/2674/2354 2857/2661/2345 2874/2675/2002
f 2873/2674/2354 2874/2675/2002 2875/2676/2355
f 2876/2677/278 2873/2674/2354 2875/2676/2355
f 2874/2675/2002 2878/2678/2356 2877/2679/752
f 2857/2661/2345 2878/2678/2356 2874/2675/2002
f 2878/2678/2356 2876/2677/278 2877/2679/752
f 2876/2677/278 2878/2678/2356 2879/2680/2357
f 2879/2680/2357 2873/2674/2354 2876/2677/278
f 2883/2681/2358 2881/2581/2359 2880/2576/1347
f 2883/2681/2358 2857/2661/2345 2884/2682/2006
f 2878/2678/2356 2857/2661/2345 2883/2681/2358
f 2882/2579/1326 2884/2682/2360 2885/2683/2361
f 2857/2661/2345 2853/2655/2342 2885/2683/755
f 2887/2684/2362 2883/2681/2358 2886/2577/760
f 2891/2685/285 2889/2686/2363 2888/2687/1332
f 2893/2688/766 2889/2686/2364 2892/2689/2365
f 2890/2690/1335 2889/2686/2364 2893/2688/766
f 2893/2688/1334 2853/2655/2342 2839/2643/706
f 2896/2691/771 2895/2692/2012 2894/2693/2011
f 2849/2694/1338 2895/2692/2012 2840/2695/707
f 2895/2692/2012 2896/2691/771 2897/2696/2366
f 2840/2695/707 2895/2692/2012 2897/2696/2366
f 2815/2623/2320 2898/2697/891 2899/2698/2367
f 2815/2623/2320 2899/2698/2367 2900/2699/773
f 2901/2700/2014 2815/2623/2320 2900/2699/773
f 2808/2615/676 2815/2623/2320 2901/2700/2014
f 2899/2698/289 2456/2307/2368 2902/2701/287
f 2456/2307/2368 2901/2700/780 2902/2701/287
f 2808/2615/2369 2456/2307/2368 2455/2702/389
f 2808/2615/2369 2455/2702/389 2904/2703/2370
f 2905/2704/2371 2808/2615/2369 2904/2703/2370
f 2457/2304/391 2808/2615/2369 2905/2704/2371
f 2455/2702/2372 2906/2705/2373 2903/2706/1355
f 2907/2707/787 2905/2704/2371 2906/2705/2373
f 2906/2705/2373 2455/2702/2372 2907/2707/787
f 2561/2395/2198 2559/2393/1909 2908/2708/842
f 2909/2709/2374 2873/2674/2354 2559/2393/1909
f 2873/2674/2354 2909/2709/2374 2910/2710/2375
f 2911/2711/2376 2873/2674/2354 2910/2710/2375
f 2868/2669/2350 2873/2674/2354 2911/2711/2376
f 2913/2712/2377 2911/2711/2022 2912/2713/294
f 2909/2709/2374 2913/2712/2377 2912/2713/294
f 2559/2393/1909 2913/2712/2377 2909/2709/2374
f 2914/2706/1233 2868/2669/2350 2913/2712/2377
f 2916/2714/2027 2868/2669/2350 2915/2715/801
f 2916/2714/2378 2917/2703/2379 2918/2704/2380
f 2920/2716/2381 2916/2714/2378 2919/2705/2382
f 2919/2705/2382 2914/2706/1233 2920/2716/2381
f 2925/2717/2383 2921/2718/2384 2923/2719/2385
f 2923/2719/2385 2924/2720/2386 2925/2717/2383
f 2921/2718/2384 2925/2717/2383 2922/2308/808
f 2926/2721/1370 2925/2717/2383 2924/2720/2386
f 2760/2568/1907 2755/2565/2291 2913/2712/2377
f 2927/2722/2035 2928/2723/2037 2929/2724/2387
f 2931/2725/2388 2928/2723/2037 2930/2726/2389
f 2928/2723/2037 2931/2725/2388 2932/2727/817
f 2932/2727/817 2929/2724/2387 2928/2723/2037
f 2933/2728/2390 2935/2729/1709 2934/2561/1707
f 2936/2730/2391 2934/2561/2392 2937/2731/296
f 2937/2731/296 2938/2562/2393 2936/2730/2391
f 2937/2731/296 2934/2561/2392 2939/2559/1379
f 2938/2562/2393 2937/2731/296 2940/2563/1375
f 2935/2729/1709 2743/2732/597 2938/2562/819
f 2945/2733/828 2941/2503/304 2943/2502/302
f 2942/2505/1383 2944/2734/306 2743/2732/597
f 2942/2505/1383 2947/2735/1710 2946/2506/2394
f 2743/2732/597 2935/2729/1709 2942/2505/1383
f 2743/2732/1654 2945/2733/828 2553/2391/2395
f 2947/2735/2396 2949/2736/2397 2948/2737/1714
f 2948/2737/2398 2950/2738/2042 2553/2391/2196
f 2948/2737/1714 2949/2736/2397 2951/2739/2399
f 2949/2736/2397 2952/2740/2400 2951/2739/2399
f 2952/2740/1717 2553/2391/2196 2950/2738/2042
f 2949/2736/2397 2546/2380/2190 2952/2740/2400
f 2546/2380/2190 2949/2736/2397 2953/2741/2401
f 2949/2736/2397 2699/2518/2261 2953/2741/2401
f 2953/2741/2401 2954/2742/2402 2546/2380/2190
f 2953/2741/2401 2699/2518/2261 2955/2743/834
f 2699/2518/2261 2700/2519/832 2955/2743/834
f 2700/2519/832 2546/2380/2190 2954/2742/2402
f 2956/2744/2403 2957/2745/2404 2569/2403/929
f 2957/2745/2404 2956/2744/2403 2958/2746/2405
f 2959/2747/2051 2957/2745/2404 2958/2746/2405
f 2879/2680/2357 2957/2745/2404 2959/2747/2051
f 2561/2395/2198 2959/2747/2051 2960/2748/2406
f 2956/2744/2403 2561/2395/2198 2960/2748/2406
f 2561/2395/2198 2879/2680/2357 2959/2747/2051
f 2569/2403/929 2561/2395/2198 2956/2744/2403
f 2908/2708/842 2879/2680/2357 2561/2395/2198
f 2879/2680/2357 2908/2708/842 2961/2749/841
f 2962/2750/2055 2879/2680/2357 2961/2749/841
f 2873/2674/2354 2879/2680/2357 2962/2750/2055
f 2908/2708/842 2559/2393/1909 2963/2751/2407
f 2559/2393/1909 2962/2750/2055 2963/2751/2407
f 2962/2750/2055 2559/2393/1909 2873/2674/2354
f 2828/2633/698 2827/2636/2328 2829/2752/844
f 2969/2753/2059 2966/2754/846 2965/2755/2058
f 2966/2754/846 2969/2753/2059 2968/2756/849
f 2969/2753/2059 2970/2757/2408 2968/2756/849
f 2970/2757/2408 2969/2753/2059 2971/2758/2060
f 2975/2759/2067 2976/2760/1726 2974/2761/2409
f 2976/2760/1726 2975/2759/2067 2978/2762/2410
f 2978/2762/2410 2977/2763/1445 2976/2760/1726
f 2977/2763/1445 2978/2762/2410 2979/2764/2065
f 2980/2765/2411 2964/2766/2057 2975/2759/2412
f 2980/2765/2413 2979/2764/2414 2981/2767/2107
f 2982/2768/329 2985/2769/1729 2983/2770/2415
f 2985/2769/1729 2984/2771/2416 2983/2770/2415
f 2982/2768/329 2987/2772/2417 2986/2773/330
f 2984/2771/2418 2986/2773/330 2987/2772/2417
f 2987/2772/2417 2982/2768/329 2980/2765/2413
f 2987/2772/2417 2823/2632/2419 2984/2771/2418
f 2823/2632/2419 2989/2774/2075 2988/2775/867
f 2990/2776/2078 2823/2632/2419 2988/2775/867
f 2989/2774/870 2992/2777/2420 2991/2778/334
f 2992/2777/2420 2990/2776/2076 2991/2778/334
f 2992/2777/2420 2989/2774/870 2987/2772/2417
f 2990/2776/2076 2992/2777/2420 2819/2628/1956
f 2819/2628/1956 2992/2777/2420 2993/2779/337
f 2819/2628/1956 2993/2779/337 2994/2780/2421
f 2995/2781/2081 2819/2628/1956 2994/2780/2421
f 2819/2628/1956 2995/2781/2081 2815/2623/2320
f 2898/2697/891 2995/2781/2081 2996/2782/2422
f 2993/2779/337 2898/2697/891 2996/2782/2422
f 2995/2781/2081 2898/2697/891 2815/2623/2320
f 2898/2697/891 2993/2779/337 2992/2777/2420
f 2523/2363/1806 2920/2716/2381 2527/2310/1033
f 2523/2363/1806 2868/2669/2350 2916/2714/2027
f 2997/2783/2423 3000/2784/878 2998/2785/2424
f 3000/2784/878 2997/2783/2423 3001/2786/2425
f 2999/2787/1428 3000/2784/878 3002/2788/2426
f 3001/2786/2425 3002/2788/2426 3000/2784/878
f 3003/2718/2427 3006/2789/2428 2459/2308/2429
f 3005/2721/884 3006/2789/2428 3004/2720/2430
f 3007/2790/2431 2459/2308/2429 3006/2789/2428
f 3006/2789/2428 3005/2721/884 3007/2790/2431
f 2456/2307/2432 2933/2728/886 3005/2721/884
f 3008/2791/885 2933/2728/886 2456/2307/2432
f 3010/2792/890 2933/2728/2390 3009/2793/2433
f 3008/2791/885 2898/2697/2434 3011/2569/889
f 2898/2697/2434 3010/2792/893 3011/2569/889
f 2933/2728/2390 3010/2792/890 2935/2729/1709
f 3013/2794/2097 2992/2777/2420 3012/2795/1737
f 2992/2777/2420 3014/2796/2435 3012/2795/1737
f 2992/2777/2420 3013/2794/2097 2898/2697/891
f 2935/2729/1709 2898/2697/891 3013/2794/2097
f 3013/2794/2097 3015/2797/2096 2935/2729/1709
f 3014/2796/2435 2935/2729/1709 3015/2797/2096
f 2992/2777/2420 2947/2735/2396 3014/2796/2435
f 2935/2729/1709 3014/2796/2435 2947/2735/2396
f 2947/2735/2396 2992/2777/2420 3016/2798/1739
f 2992/2777/2420 2987/2772/2417 3016/2798/1739
f 3016/2798/1739 3017/2799/2436 2947/2735/2396
f 3016/2798/1739 2987/2772/2417 3018/2800/1740
f 2987/2772/2417 3019/2801/898 3018/2800/1740
f 3019/2801/898 2947/2735/2396 3017/2799/2436
f 2987/2772/2417 2949/2736/2397 3019/2801/898
f 2947/2735/2396 3019/2801/898 2949/2736/2397
f 2949/2736/2397 2987/2772/2417 3020/2802/2437
f 2987/2772/2417 2980/2765/2413 3020/2802/2437
f 3020/2802/2437 2980/2765/2413 3021/2803/901
f 2980/2765/2413 3022/2804/2438 3021/2803/901
f 3020/2802/2437 3023/2805/355 2949/2736/2397
f 3022/2804/2438 2949/2736/2397 3023/2805/355
f 2980/2765/2413 2699/2518/2261 3022/2804/2438
f 2949/2736/2397 3022/2804/2438 2699/2518/2261
f 2980/2765/2413 2981/2767/2107 3024/2416/2106
f 3027/2806/2110 3025/2418/2439 3026/2807/2108
f 3024/2416/2106 3028/2420/358 2699/2518/1873
f 3025/2418/2439 3027/2806/2110 3029/2419/2440
f 2981/2767/2107 2702/2521/1872 3027/2806/2110
f 3032/2424/2441 3033/2808/2442 3030/2423/2443
f 3033/2808/2442 3032/2424/2441 3034/2809/2111
f 3034/2809/2111 3031/2425/2444 3033/2808/2442
f 3031/2425/2444 3034/2809/2111 3035/2426/2112
f 3040/2810/2445 3038/2811/2446 3036/2812/2447
f 3039/2813/2382 3040/2810/2445 3037/2814/916
f 3038/2811/2446 3040/2810/2445 3041/2815/2448
f 3040/2810/2445 3039/2813/2382 3041/2815/2448
f 3043/2763/918 3044/2816/2449 3042/2764/1463
f 3044/2816/361 2972/2761/852 2973/2759/2450
f 3045/2817/2451 2972/2761/852 3044/2816/361
f 2583/2414/2207 2576/2409/2204 3043/2763/2452
f 2576/2409/920 2967/2818/926 2972/2761/921
f 2967/2818/926 3048/2819/925 3047/2769/2453
f 3049/2820/928 2967/2818/926 3047/2769/2453
f 3050/2773/365 3049/2820/928 3046/2771/2454
f 3048/2819/925 2569/2403/929 3051/2821/2455
f 2576/2409/2204 2569/2403/929 3048/2819/925
f 2569/2403/929 2957/2745/2404 3049/2820/928
f 3056/2822/2456 3053/2690/2457 3054/2823/2121
f 3055/2687/2458 3056/2822/2456 3054/2823/2121
f 3053/2690/2457 3056/2822/2456 3052/2688/2459
f 3056/2822/2456 3055/2687/2458 3057/2685/2460
f 2767/2574/1914 2771/2582/1917 3055/2687/2461
f 3059/2824/2462 3060/2825/2463 3058/2826/2464
f 3060/2825/2463 3059/2824/2462 3061/2827/940
f 3059/2824/2462 3062/2828/2465 3061/2827/940
f 3062/2828/2465 3059/2824/2462 3063/2829/1481
f 2878/2678/763 2887/2684/2362 3065/2830/2126
f 3068/2831/1913 3067/2832/2466 3066/2833/2467
f 3068/2831/2468 3065/2830/942 3064/2575/2127
f 3067/2832/2466 3068/2831/1913 3069/2572/2130
f 3070/2834/2469 2878/2678/763 3067/2832/2470
f 2878/2678/763 3070/2834/2469 3071/2835/948
f 3071/2835/948 3070/2834/2469 3072/2836/953
f 3070/2834/2469 3073/2837/954 3072/2836/953
f 3073/2837/954 3070/2834/2469 2957/2745/2471
f 3074/2637/956 3077/2838/2133 3075/2839/2472
f 3077/2838/2133 3076/2752/2473 3075/2839/2472
f 3078/2634/2474 3077/2838/2133 3074/2637/956
f 3076/2752/2473 3077/2838/2133 3079/2636/2134
f 3080/2840/1502 3083/2841/961 3081/2842/2136
f 3083/2841/961 3082/2843/2475 3081/2842/2136
f 3083/2841/961 3080/2840/1502 3084/2844/960
f 3082/2843/2475 3083/2841/961 3085/2845/962
f 2763/2572/2137 3087/2846/2476 3086/2847/2477
f 3087/2846/2476 2765/2575/2292 3086/2847/2477
f 3088/2832/2478 3087/2846/2476 2763/2572/2137
f 2765/2575/2292 3087/2846/2476 3089/2830/969
